{"type":"FeatureCollection","_doc":"DERIVED, not authored. Line geometry resampled by tools/smooth-lines.mjs; regenerate rather than hand-edit. Every vertex of the source survives at its own coordinate: the smoother interpolates, so no surveyed point is moved. Turns at or above the corner threshold are preserved exactly, because a right angle in a road or a cusp in a canyon is a fact and not a sampling artefact. MIXED COORDINATE PRECISION IS EXPECTED AND IS NOT A BUG: a feature this tool declined to touch, because its class is skipped or it has fewer than three points, is copied through verbatim and keeps the source precision, while a smoothed feature is written at method.coordinate_decimals. In atlas-routes that is 139 of 580 features.","source":"apps/misfits-react/web/public/data/atlas-geo-registry.geojson","generated_by":"tools/smooth-lines.mjs","method":{"algorithm":"centripetal catmull-rom","corner_degrees":60,"degrees_per_inserted_point":12,"max_inserted_per_segment":8,"drift_budget_metres":180,"skipped_classes":["subsurface","bridge"],"coordinate_decimals":4,"max_metres_from_source_line":186.8,"max_metres_source_vertex_moved":7},"count":580,"features":[{"type":"Feature","id":"routes-and-regions-cave-of-the-abbadon","geometry":{"type":"LineString","coordinates":[[-116.6992,36.692],[-116.7629,36.6738],[-116.8123,36.7173],[-116.8702,36.7044],[-116.9208,36.6958],[-116.9393,36.6968],[-116.9558,36.6985],[-116.9967,36.696]]},"properties":{"id":"routes-and-regions-cave-of-the-abbadon","layer":"routes-and-regions","name":"Cave of the Abbadon","sourceFolder":"Regions, travel routes, and significant pre-war roads"}},{"type":"Feature","id":"routes-and-regions-pine-crest-cavern","geometry":{"type":"LineString","coordinates":[[-68.2693,44.3247],[-68.2692,44.3272],[-68.2722,44.3318],[-68.2727,44.3356],[-68.2725,44.3443],[-68.2718,44.3525],[-68.2703,44.3528],[-68.2688,44.3534],[-68.2686,44.3543],[-68.2696,44.3547],[-68.2699,44.3551],[-68.2694,44.3555],[-68.2687,44.3558]]},"properties":{"id":"routes-and-regions-pine-crest-cavern","layer":"routes-and-regions","name":"Pine Crest Cavern","sourceFolder":"Regions, travel routes, and significant pre-war roads"}},{"type":"Feature","id":"routes-and-regions-murder-pass","geometry":{"type":"LineString","coordinates":[[-78.4849,38.6648],[-78.4885,38.6695],[-78.4909,38.6715],[-78.4948,38.6732],[-78.4995,38.6744],[-78.5035,38.676],[-78.5057,38.6781],[-78.5075,38.6804],[-78.5098,38.6825],[-78.5152,38.6843],[-78.5267,38.687],[-78.5304,38.6892],[-78.5325,38.6896],[-78.5372,38.6898]]},"properties":{"id":"routes-and-regions-murder-pass","layer":"routes-and-regions","name":"Murder Pass","sourceFolder":"Regions, travel routes, and significant pre-war roads"}},{"type":"Feature","id":"routes-and-regions-comstock-lode-tunnel","geometry":{"type":"LineString","coordinates":[[-119.650835,39.307749],[-119.650864,39.30763],[-119.651825,39.305284],[-119.653202,39.304309],[-119.653535,39.303637]]},"properties":{"id":"routes-and-regions-comstock-lode-tunnel","layer":"routes-and-regions","name":"Comstock lode tunnel","sourceFolder":"Regions, travel routes, and significant pre-war roads"}},{"type":"Feature","id":"routes-and-regions-unnamed-95","geometry":{"type":"LineString","coordinates":[[-115.114716,36.348174],[-113.061658,37.144391]]},"properties":{"id":"routes-and-regions-unnamed-95","layer":"routes-and-regions","name":null,"sourceFolder":"Regions, travel routes, and significant pre-war roads"}},{"type":"Feature","id":"routes-and-regions-raider-tunnel","geometry":{"type":"LineString","coordinates":[[-77.154837,38.936501],[-77.156907,38.935806],[-77.158473,38.934888]]},"properties":{"id":"routes-and-regions-raider-tunnel","layer":"routes-and-regions","name":"Raider tunnel","sourceFolder":"Regions, travel routes, and significant pre-war roads"}},{"type":"Feature","id":"routes-and-regions-old-smuggling-tunnels","geometry":{"type":"LineString","coordinates":[[-71.058,42.3662],[-71.0578,42.3659],[-71.0575,42.366],[-71.0573,42.3662],[-71.0571,42.3663],[-71.057,42.3666],[-71.0565,42.3664],[-71.0567,42.3662],[-71.0567,42.366],[-71.0566,42.3656],[-71.0571,42.3658],[-71.0574,42.3659],[-71.0577,42.3659],[-71.0579,42.3657],[-71.0579,42.3654]]},"properties":{"id":"routes-and-regions-old-smuggling-tunnels","layer":"routes-and-regions","name":"Old smuggling tunnels","sourceFolder":"Regions, travel routes, and significant pre-war roads"}},{"type":"Feature","id":"routes-and-regions-herzog-mine","geometry":{"type":"LineString","coordinates":[[-76.3312,38.0707],[-76.3314,38.0714],[-76.3322,38.0722],[-76.3338,38.073],[-76.3365,38.0736],[-76.3378,38.0738]]},"properties":{"id":"routes-and-regions-herzog-mine","layer":"routes-and-regions","name":"Herzog Mine","sourceFolder":"Regions, travel routes, and significant pre-war roads"}},{"type":"Feature","id":"routes-and-regions-blackdamp-shaft","geometry":{"type":"LineString","coordinates":[[-76.3378,38.0738],[-76.3378,38.074],[-76.3378,38.0743],[-76.3378,38.0746],[-76.3377,38.0749],[-76.3375,38.075]]},"properties":{"id":"routes-and-regions-blackdamp-shaft","layer":"routes-and-regions","name":"Blackdamp Shaft","sourceFolder":"Regions, travel routes, and significant pre-war roads"}},{"type":"Feature","id":"routes-and-regions-unnamed-100","geometry":{"type":"LineString","coordinates":[[-71.3962,42.3816],[-71.3965,42.3815],[-71.3967,42.3814],[-71.3969,42.3813]]},"properties":{"id":"routes-and-regions-unnamed-100","layer":"routes-and-regions","name":null,"sourceFolder":"Regions, travel routes, and significant pre-war roads"}},{"type":"Feature","id":"routes-and-regions-unnamed-101","geometry":{"type":"LineString","coordinates":[[-71.396,42.3802],[-71.3966,42.3809],[-71.3969,42.3813],[-71.3973,42.3817],[-71.398,42.3825],[-71.3982,42.3827]]},"properties":{"id":"routes-and-regions-unnamed-101","layer":"routes-and-regions","name":null,"sourceFolder":"Regions, travel routes, and significant pre-war roads"}},{"type":"Feature","id":"routes-and-regions-unnamed-102","geometry":{"type":"LineString","coordinates":[[-71.3966,42.3809],[-71.3964,42.381],[-71.3964,42.3813],[-71.3965,42.3815],[-71.3966,42.3817],[-71.3967,42.3818],[-71.3968,42.3818],[-71.3971,42.3821],[-71.3973,42.3823],[-71.3974,42.3824],[-71.3977,42.3825],[-71.398,42.3825]]},"properties":{"id":"routes-and-regions-unnamed-102","layer":"routes-and-regions","name":null,"sourceFolder":"Regions, travel routes, and significant pre-war roads"}},{"type":"Feature","id":"routes-and-regions-unnamed-103","geometry":{"type":"LineString","coordinates":[[-71.3971,42.3821],[-71.397,42.3822],[-71.3969,42.3823],[-71.3968,42.3827],[-71.3968,42.3834],[-71.3972,42.3842],[-71.3983,42.3853],[-71.4019,42.3884],[-71.4057,42.3911]]},"properties":{"id":"routes-and-regions-unnamed-103","layer":"routes-and-regions","name":null,"sourceFolder":"Regions, travel routes, and significant pre-war roads"}},{"type":"Feature","id":"routes-and-regions-unnamed-104","geometry":{"type":"LineString","coordinates":[[-71.3969,42.3819],[-71.3972,42.3818],[-71.3973,42.3817]]},"properties":{"id":"routes-and-regions-unnamed-104","layer":"routes-and-regions","name":null,"sourceFolder":"Regions, travel routes, and significant pre-war roads"}},{"type":"Feature","id":"routes-and-regions-escape-passage","geometry":{"type":"LineString","coordinates":[[-115.162639,36.138464],[-115.167506,36.131823],[-115.167505,36.130145]]},"properties":{"id":"routes-and-regions-escape-passage","layer":"routes-and-regions","name":"Escape passage","sourceFolder":"Regions, travel routes, and significant pre-war roads"}},{"type":"Feature","id":"routes-and-regions-railroad-escape-tunnel","geometry":{"type":"LineString","coordinates":[[-71.054408,42.366324],[-71.054077,42.366136],[-71.05349,42.366683],[-71.052948,42.367397],[-71.053731,42.36771],[-71.053793,42.367789],[-71.053731,42.367898],[-71.05364,42.367862]]},"properties":{"id":"routes-and-regions-railroad-escape-tunnel","layer":"routes-and-regions","name":"Railroad escape tunnel","sourceFolder":"Regions, travel routes, and significant pre-war roads"}},{"type":"Feature","id":"routes-and-regions-sewer-tunnels","geometry":{"type":"LineString","coordinates":[[-71.154844,42.427064],[-71.153377,42.427447]]},"properties":{"id":"routes-and-regions-sewer-tunnels","layer":"routes-and-regions","name":"Sewer tunnels","sourceFolder":"Regions, travel routes, and significant pre-war roads"}},{"type":"Feature","id":"routes-and-regions-sewer-tunnels-2","geometry":{"type":"LineString","coordinates":[[-71.151473,42.428747],[-71.152611,42.428744],[-71.152777,42.42872],[-71.152866,42.428682],[-71.152901,42.428587],[-71.152794,42.42831],[-71.153699,42.42809],[-71.153599,42.427891],[-71.153377,42.427447],[-71.153294,42.427287],[-71.152983,42.426792]]},"properties":{"id":"routes-and-regions-sewer-tunnels-2","layer":"routes-and-regions","name":"Sewer tunnels","sourceFolder":"Regions, travel routes, and significant pre-war roads"}},{"type":"Feature","id":"routes-and-regions-sewer-tunnels-3","geometry":{"type":"LineString","coordinates":[[-71.153599,42.427891],[-71.155103,42.42748],[-71.15581,42.427306]]},"properties":{"id":"routes-and-regions-sewer-tunnels-3","layer":"routes-and-regions","name":"Sewer tunnels","sourceFolder":"Regions, travel routes, and significant pre-war roads"}},{"type":"Feature","id":"routes-and-regions-sewer-tunnels-4","geometry":{"type":"LineString","coordinates":[[-71.155103,42.42748],[-71.154844,42.427064],[-71.15479,42.426862]]},"properties":{"id":"routes-and-regions-sewer-tunnels-4","layer":"routes-and-regions","name":"Sewer tunnels","sourceFolder":"Regions, travel routes, and significant pre-war roads"}},{"type":"Feature","id":"routes-and-regions-sewer-tunnel","geometry":{"type":"LineString","coordinates":[[-71.26696,42.436594],[-71.26721,42.436643],[-71.267392,42.436794],[-71.267462,42.43717],[-71.267333,42.437439],[-71.266947,42.437558],[-71.266282,42.437613],[-71.26007,42.437518],[-71.254276,42.436616],[-71.247839,42.435729],[-71.242346,42.434446],[-71.240887,42.434367],[-71.237711,42.435365],[-71.235659,42.435843],[-71.235107,42.436141]]},"properties":{"id":"routes-and-regions-sewer-tunnel","layer":"routes-and-regions","name":"Sewer tunnel","sourceFolder":"Regions, travel routes, and significant pre-war roads"}},{"type":"Feature","id":"routes-and-regions-tunnels","geometry":{"type":"LineString","coordinates":[[-122.3906,40.5813],[-122.3905,40.5814],[-122.3904,40.5813],[-122.3903,40.5813],[-122.3902,40.5813],[-122.3902,40.5814],[-122.39,40.5814],[-122.3901,40.5815],[-122.39,40.5815],[-122.39,40.5816]]},"properties":{"id":"routes-and-regions-tunnels","layer":"routes-and-regions","name":"Tunnels","sourceFolder":"Regions, travel routes, and significant pre-war roads"}},{"type":"Feature","id":"routes-and-regions-tunnels-2","geometry":{"type":"LineString","coordinates":[[-122.3902,40.5813],[-122.3902,40.5813],[-122.3902,40.5814],[-122.3903,40.5817],[-122.3905,40.5817],[-122.3907,40.5824],[-122.3914,40.5854],[-122.3924,40.5877]]},"properties":{"id":"routes-and-regions-tunnels-2","layer":"routes-and-regions","name":"Tunnels","sourceFolder":"Regions, travel routes, and significant pre-war roads"}},{"type":"Feature","id":"routes-and-regions-tunnels-3","geometry":{"type":"LineString","coordinates":[[-122.3902,40.5813],[-122.3902,40.5813],[-122.3902,40.5812],[-122.3902,40.5812],[-122.3905,40.5811],[-122.3908,40.5811],[-122.3911,40.581]]},"properties":{"id":"routes-and-regions-tunnels-3","layer":"routes-and-regions","name":"Tunnels","sourceFolder":"Regions, travel routes, and significant pre-war roads"}},{"type":"Feature","id":"routes-and-regions-tunnels-4","geometry":{"type":"LineString","coordinates":[[-122.3902,40.5812],[-122.3901,40.5812],[-122.3898,40.5805]]},"properties":{"id":"routes-and-regions-tunnels-4","layer":"routes-and-regions","name":"Tunnels","sourceFolder":"Regions, travel routes, and significant pre-war roads"}},{"type":"Feature","id":"routes-and-regions-fens-street-sewer","geometry":{"type":"LineString","coordinates":[[-71.101212,42.346963],[-71.101566,42.346723],[-71.101902,42.347028],[-71.102232,42.347325],[-71.101727,42.347587],[-71.101985,42.347881],[-71.105164,42.347133],[-71.105321,42.347023],[-71.105439,42.346902],[-71.105598,42.346582],[-71.10391,42.347058],[-71.103047,42.346705],[-71.101902,42.347028]]},"properties":{"id":"routes-and-regions-fens-street-sewer","layer":"routes-and-regions","name":"Fens Street sewer","sourceFolder":"Regions, travel routes, and significant pre-war roads"}},{"type":"Feature","id":"routes-and-regions-drainage-pipe","geometry":{"type":"LineString","coordinates":[[-71.034065,42.337968],[-71.034537,42.338166],[-71.03473,42.338538],[-71.034837,42.339078],[-71.034887,42.340132]]},"properties":{"id":"routes-and-regions-drainage-pipe","layer":"routes-and-regions","name":"Drainage pipe","sourceFolder":"Regions, travel routes, and significant pre-war roads"}},{"type":"Feature","id":"routes-and-regions-malden-sewer","geometry":{"type":"LineString","coordinates":[[-71.073116,42.422226],[-71.072559,42.423024],[-71.072677,42.423588]]},"properties":{"id":"routes-and-regions-malden-sewer","layer":"routes-and-regions","name":"Malden sewer","sourceFolder":"Regions, travel routes, and significant pre-war roads"}},{"type":"Feature","id":"routes-and-regions-taft-tunnel","geometry":{"type":"LineString","coordinates":[[-77.036498,38.881437],[-77.054752,38.874136]]},"properties":{"id":"routes-and-regions-taft-tunnel","layer":"routes-and-regions","name":"Taft Tunnel","sourceFolder":"Regions, travel routes, and significant pre-war roads"}},{"type":"Feature","id":"routes-and-regions-utility-tunnels","geometry":{"type":"LineString","coordinates":[[-71.0852,42.339],[-71.0832,42.3406],[-71.0824,42.3401],[-71.0765,42.3449],[-71.0736,42.3429]]},"properties":{"id":"routes-and-regions-utility-tunnels","layer":"routes-and-regions","name":"Utility tunnels","sourceFolder":"Regions, travel routes, and significant pre-war roads"}},{"type":"Feature","id":"routes-and-regions-utility-tunnels-2","geometry":{"type":"LineString","coordinates":[[-79.993,40.441],[-79.9913,40.4416],[-79.9922,40.4431],[-79.9888,40.4443],[-79.9882,40.4435],[-79.988,40.4436]]},"properties":{"id":"routes-and-regions-utility-tunnels-2","layer":"routes-and-regions","name":"Utility tunnels","sourceFolder":"Regions, travel routes, and significant pre-war roads"}},{"type":"Feature","id":"routes-and-regions-utility-tunnel","geometry":{"type":"LineString","coordinates":[[-71.09374,42.333153],[-71.093515,42.333476],[-71.078194,42.345875],[-71.078258,42.34778]]},"properties":{"id":"routes-and-regions-utility-tunnel","layer":"routes-and-regions","name":"Utility tunnel","sourceFolder":"Regions, travel routes, and significant pre-war roads"}},{"type":"Feature","id":"routes-and-regions-big-bend-tunnel","geometry":{"type":"LineString","coordinates":[[-80.787275,37.644225],[-80.767185,37.649336]]},"properties":{"id":"routes-and-regions-big-bend-tunnel","layer":"routes-and-regions","name":"Big Bend Tunnel","sourceFolder":"Regions, travel routes, and significant pre-war roads"}},{"type":"Feature","id":"routes-and-regions-train-tunnels","geometry":{"type":"LineString","coordinates":[[-77.2337,39.7294],[-78.6834,40.1864],[-79.0611,40.2481],[-79.4639,40.3105],[-79.8028,40.3624],[-79.9883,40.3935],[-79.9975,40.4002],[-80.0037,40.4067],[-80.0076,40.412],[-80.0097,40.4157],[-80.0106,40.4172],[-80.011,40.4179]]},"properties":{"id":"routes-and-regions-train-tunnels","layer":"routes-and-regions","name":"Train tunnels","sourceFolder":"Regions, travel routes, and significant pre-war roads"}},{"type":"Feature","id":"routes-and-regions-train-tunnel","geometry":{"type":"LineString","coordinates":[[-114.925347,36.215642],[-114.931956,36.217027],[-114.947792,36.217303],[-114.960876,36.21672],[-114.969796,36.215304],[-114.976821,36.212403],[-114.988812,36.210547],[-115.006879,36.210392]]},"properties":{"id":"routes-and-regions-train-tunnel","layer":"routes-and-regions","name":"Train tunnel","sourceFolder":"Regions, travel routes, and significant pre-war roads"}},{"type":"Feature","id":"routes-and-regions-train-tunnel-2","geometry":{"type":"LineString","coordinates":[[-115.892607,35.72808],[-115.834426,35.728638]]},"properties":{"id":"routes-and-regions-train-tunnel-2","layer":"routes-and-regions","name":"Train tunnel","sourceFolder":"Regions, travel routes, and significant pre-war roads"}},{"type":"Feature","id":"routes-and-regions-train-tunnel-3","geometry":{"type":"LineString","coordinates":[[-79.989916,40.456508],[-79.989061,40.456881],[-79.987388,40.457653]]},"properties":{"id":"routes-and-regions-train-tunnel-3","layer":"routes-and-regions","name":"Train tunnel","sourceFolder":"Regions, travel routes, and significant pre-war roads"}},{"type":"Feature","id":"routes-and-regions-train-tunnel-4","geometry":{"type":"LineString","coordinates":[[-79.992802,40.441129],[-79.99229,40.442014],[-79.992789,40.443383],[-79.994549,40.445832],[-79.995256,40.446858]]},"properties":{"id":"routes-and-regions-train-tunnel-4","layer":"routes-and-regions","name":"Train tunnel","sourceFolder":"Regions, travel routes, and significant pre-war roads"}},{"type":"Feature","id":"routes-and-regions-train-tunnel-5","geometry":{"type":"LineString","coordinates":[[-115.905442,35.74224],[-115.905613,35.780329]]},"properties":{"id":"routes-and-regions-train-tunnel-5","layer":"routes-and-regions","name":"Train tunnel","sourceFolder":"Regions, travel routes, and significant pre-war roads"}},{"type":"Feature","id":"routes-and-regions-train-tunnel-6","geometry":{"type":"LineString","coordinates":[[-115.933689,35.73178],[-115.96323,35.742779]]},"properties":{"id":"routes-and-regions-train-tunnel-6","layer":"routes-and-regions","name":"Train tunnel","sourceFolder":"Regions, travel routes, and significant pre-war roads"}},{"type":"Feature","id":"routes-and-regions-train-tunnel-7","geometry":{"type":"LineString","coordinates":[[-115.270304,35.356014],[-115.262579,35.350624]]},"properties":{"id":"routes-and-regions-train-tunnel-7","layer":"routes-and-regions","name":"Train tunnel","sourceFolder":"Regions, travel routes, and significant pre-war roads"}},{"type":"Feature","id":"routes-and-regions-train-tunnel-8","geometry":{"type":"LineString","coordinates":[[-115.141698,35.572607],[-115.169936,35.567092]]},"properties":{"id":"routes-and-regions-train-tunnel-8","layer":"routes-and-regions","name":"Train tunnel","sourceFolder":"Regions, travel routes, and significant pre-war roads"}},{"type":"Feature","id":"routes-and-regions-train-tunnel-9","geometry":{"type":"LineString","coordinates":[[-77.725606,39.32431],[-77.722612,39.324166]]},"properties":{"id":"routes-and-regions-train-tunnel-9","layer":"routes-and-regions","name":"Train tunnel","sourceFolder":"Regions, travel routes, and significant pre-war roads"}},{"type":"Feature","id":"routes-and-regions-presidential-metro","geometry":{"type":"LineString","coordinates":[[-77.0365,38.8978],[-77.0364,38.8976],[-77.0357,38.8974],[-77.0351,38.8974],[-77.0095,38.8974],[-77.0091,38.8973],[-77.0088,38.8972],[-77.0086,38.8969],[-77.0086,38.8901],[-77.0085,38.8898],[-77.0083,38.8896],[-77.0035,38.8876],[-76.9816,38.8787],[-76.9704,38.8734],[-76.9585,38.8691],[-76.9438,38.8627],[-76.9076,38.8374],[-76.867,38.8061]]},"properties":{"id":"routes-and-regions-presidential-metro","layer":"routes-and-regions","name":"Presidential Metro","sourceFolder":"Regions, travel routes, and significant pre-war roads"}},{"type":"Feature","id":"routes-and-regions-nuka-world-monorail-tunnel","geometry":{"type":"LineString","coordinates":[[-71.514877,42.381172],[-71.512662,42.376211],[-71.51237,42.374079],[-71.513275,42.371206],[-71.515811,42.369316],[-71.522398,42.36682],[-71.551295,42.358899],[-71.693183,42.346032],[-71.838824,42.311844],[-72.080605,42.234821],[-72.585022,42.037367]]},"properties":{"id":"routes-and-regions-nuka-world-monorail-tunnel","layer":"routes-and-regions","name":"Nuka-World monorail tunnel","sourceFolder":"Regions, travel routes, and significant pre-war roads"}},{"type":"Feature","id":"routes-and-regions-metro-tunnel","geometry":{"type":"LineString","coordinates":[[-71.168366,42.266241],[-71.170695,42.267931],[-71.171758,42.268749],[-71.172212,42.26986],[-71.172483,42.271408],[-71.172369,42.27651],[-71.170638,42.278698],[-71.157147,42.282981],[-71.150565,42.286152],[-71.131781,42.287039],[-71.127845,42.288686],[-71.121376,42.295043],[-71.115249,42.299114],[-71.083928,42.333784],[-71.079157,42.339952],[-71.073626,42.342903],[-71.070071,42.344915],[-71.066713,42.345105],[-71.064728,42.346564],[-71.063715,42.349609],[-71.062889,42.351275],[-71.062343,42.353486],[-71.060655,42.355607],[-71.06034,42.358032],[-71.060426,42.360005],[-71.061434,42.36318],[-71.067415,42.366514],[-71.074856,42.370324],[-71.076563,42.371554],[-71.077815,42.373084],[-71.078183,42.375974],[-71.077093,42.380259],[-71.077193,42.393528],[-71.077057,42.404263],[-71.076828,42.413108],[-71.076535,42.421398],[-71.074274,42.426755],[-71.072031,42.432094]]},"properties":{"id":"routes-and-regions-metro-tunnel","layer":"routes-and-regions","name":"Metro tunnel","sourceFolder":"Regions, travel routes, and significant pre-war roads"}},{"type":"Feature","id":"routes-and-regions-metro-tunnel-2","geometry":{"type":"LineString","coordinates":[[-70.992715,42.408902],[-70.992555,42.407861],[-70.992179,42.405566],[-70.991439,42.400719],[-70.99146,42.399261],[-70.99264,42.397082],[-70.996444,42.391377],[-70.997324,42.390355],[-70.999491,42.388833],[-71.009829,42.38522],[-71.011337,42.384483],[-71.015768,42.381123],[-71.017066,42.380457],[-71.018557,42.380212],[-71.020843,42.380227],[-71.022098,42.379986],[-71.024549,42.379063],[-71.025333,42.378547],[-71.027468,42.376794],[-71.029764,42.374839],[-71.030334,42.374297],[-71.031684,42.373097],[-71.032231,42.372677],[-71.032735,42.372471],[-71.036849,42.370353],[-71.039547,42.367267],[-71.040762,42.366178],[-71.05099,42.361537],[-71.053591,42.360833],[-71.05609,42.360582],[-71.056736,42.360377],[-71.057136,42.360108],[-71.05727,42.359844],[-71.057309,42.358766],[-71.057299,42.357518],[-71.057031,42.35684],[-71.055357,42.355969]]},"properties":{"id":"routes-and-regions-metro-tunnel-2","layer":"routes-and-regions","name":"Metro tunnel","sourceFolder":"Regions, travel routes, and significant pre-war roads"}},{"type":"Feature","id":"routes-and-regions-metro-tunnel-3","geometry":{"type":"LineString","coordinates":[[-71.056942,42.329001],[-71.056975,42.330081],[-71.057242,42.34849],[-71.055781,42.351839],[-71.055693,42.352344],[-71.055982,42.352822],[-71.057881,42.353507],[-71.060403,42.355421],[-71.062366,42.356346],[-71.063276,42.356816],[-71.064263,42.357371],[-71.065737,42.358276],[-71.068003,42.359741],[-71.068998,42.360491],[-71.069529,42.360827],[-71.070605,42.361168],[-71.082663,42.36212],[-71.088474,42.362671],[-71.097454,42.366832],[-71.105325,42.369587],[-71.118975,42.373579],[-71.12196,42.374563]]},"properties":{"id":"routes-and-regions-metro-tunnel-3","layer":"routes-and-regions","name":"Metro tunnel","sourceFolder":"Regions, travel routes, and significant pre-war roads"}},{"type":"Feature","id":"routes-and-regions-metro-tunnel-4","geometry":{"type":"LineString","coordinates":[[-71.046871,42.270048],[-71.047997,42.27168],[-71.048689,42.272621],[-71.053457,42.277739],[-71.060199,42.279987],[-71.065676,42.280029],[-71.073493,42.27807],[-71.079631,42.278688],[-71.085942,42.281337],[-71.094056,42.286527],[-71.102686,42.299336],[-71.11859,42.30593],[-71.123799,42.313164],[-71.124687,42.32097],[-71.125473,42.32957],[-71.122947,42.335329],[-71.116105,42.343475],[-71.110832,42.347811],[-71.107659,42.349058],[-71.104271,42.349561],[-71.097694,42.348954],[-71.095155,42.348793],[-71.093579,42.348817],[-71.092652,42.34873],[-71.091693,42.348136],[-71.090385,42.347958],[-71.086411,42.347745],[-71.080531,42.348707],[-71.076982,42.349677],[-71.070407,42.351455],[-71.067462,42.35267],[-71.062366,42.356346],[-71.060521,42.358],[-71.059896,42.359202],[-71.059068,42.360492],[-71.057641,42.361546],[-71.055657,42.362641],[-71.054544,42.363721]]},"properties":{"id":"routes-and-regions-metro-tunnel-4","layer":"routes-and-regions","name":"Metro tunnel","sourceFolder":"Regions, travel routes, and significant pre-war roads"}},{"type":"Feature","id":"routes-and-regions-metro-station","geometry":{"type":"LineString","coordinates":[[-71.073451,42.342767],[-71.073613,42.34291]]},"properties":{"id":"routes-and-regions-metro-station","layer":"routes-and-regions","name":"Metro station","sourceFolder":"Regions, travel routes, and significant pre-war roads"}},{"type":"Feature","id":"routes-and-regions-andrew-station","geometry":{"type":"LineString","coordinates":[[-71.057652,42.330075],[-71.056975,42.330081]]},"properties":{"id":"routes-and-regions-andrew-station","layer":"routes-and-regions","name":"Andrew Station","sourceFolder":"Regions, travel routes, and significant pre-war roads"}},{"type":"Feature","id":"routes-and-regions-copley-station","geometry":{"type":"LineString","coordinates":[[-71.0761,42.3497],[-71.0769,42.3495],[-71.077,42.3497]]},"properties":{"id":"routes-and-regions-copley-station","layer":"routes-and-regions","name":"Copley station","sourceFolder":"Regions, travel routes, and significant pre-war roads"}},{"type":"Feature","id":"routes-and-regions-copley-station-2","geometry":{"type":"LineString","coordinates":[[-71.078,42.3498],[-71.0779,42.3496],[-71.077,42.3498],[-71.077,42.3497]]},"properties":{"id":"routes-and-regions-copley-station-2","layer":"routes-and-regions","name":"Copley station","sourceFolder":"Regions, travel routes, and significant pre-war roads"}},{"type":"Feature","id":"routes-and-regions-fens-way-station","geometry":{"type":"LineString","coordinates":[[-71.095157,42.348906],[-71.095155,42.348793]]},"properties":{"id":"routes-and-regions-fens-way-station","layer":"routes-and-regions","name":"Fens Way station","sourceFolder":"Regions, travel routes, and significant pre-war roads"}},{"type":"Feature","id":"routes-and-regions-medical-center-south-station","geometry":{"type":"LineString","coordinates":[[-71.064137,42.349651],[-71.063715,42.349609]]},"properties":{"id":"routes-and-regions-medical-center-south-station","layer":"routes-and-regions","name":"Medical Center South station","sourceFolder":"Regions, travel routes, and significant pre-war roads"}},{"type":"Feature","id":"routes-and-regions-valenti-station","geometry":{"type":"LineString","coordinates":[[-71.055848,42.362765],[-71.055657,42.362641]]},"properties":{"id":"routes-and-regions-valenti-station","layer":"routes-and-regions","name":"Valenti station","sourceFolder":"Regions, travel routes, and significant pre-war roads"}},{"type":"Feature","id":"routes-and-regions-west-roxbury-station","geometry":{"type":"LineString","coordinates":[[-71.170239,42.268248],[-71.170695,42.267931]]},"properties":{"id":"routes-and-regions-west-roxbury-station","layer":"routes-and-regions","name":"West Roxbury station","sourceFolder":"Regions, travel routes, and significant pre-war roads"}},{"type":"Feature","id":"routes-and-regions-car-tunnel","geometry":{"type":"LineString","coordinates":[[-78.618269,38.661261],[-78.618926,38.672017]]},"properties":{"id":"routes-and-regions-car-tunnel","layer":"routes-and-regions","name":"Car tunnel","sourceFolder":"Regions, travel routes, and significant pre-war roads"}},{"type":"Feature","id":"routes-and-regions-car-tunnel-2","geometry":{"type":"LineString","coordinates":[[-77.024005,38.883471],[-77.024028,38.88733]]},"properties":{"id":"routes-and-regions-car-tunnel-2","layer":"routes-and-regions","name":"Car tunnel","sourceFolder":"Regions, travel routes, and significant pre-war roads"}},{"type":"Feature","id":"routes-and-regions-collapsed-overpass-tunnel","geometry":{"type":"LineString","coordinates":[[-116.999439,36.597222],[-117.001837,36.597903]]},"properties":{"id":"routes-and-regions-collapsed-overpass-tunnel","layer":"routes-and-regions","name":"Collapsed overpass tunnel","sourceFolder":"Regions, travel routes, and significant pre-war roads"}},{"type":"Feature","id":"routes-and-regions-flagon-tunnel","geometry":{"type":"LineString","coordinates":[[-71.103503,42.34976],[-71.100681,42.34942]]},"properties":{"id":"routes-and-regions-flagon-tunnel","layer":"routes-and-regions","name":"Flagon Tunnel","sourceFolder":"Regions, travel routes, and significant pre-war roads"}},{"type":"Feature","id":"routes-and-regions-highway-tunnel","geometry":{"type":"LineString","coordinates":[[-116.869018,36.534591],[-116.817623,36.493566],[-116.74822,36.442105]]},"properties":{"id":"routes-and-regions-highway-tunnel","layer":"routes-and-regions","name":"Highway tunnel","sourceFolder":"Regions, travel routes, and significant pre-war roads"}},{"type":"Feature","id":"routes-and-regions-marys-rock-tunnel","geometry":{"type":"LineString","coordinates":[[-78.312098,38.654564],[-78.31176,38.652675]]},"properties":{"id":"routes-and-regions-marys-rock-tunnel","layer":"routes-and-regions","name":"Marys Rock Tunnel","sourceFolder":"Regions, travel routes, and significant pre-war roads"}},{"type":"Feature","id":"routes-and-regions-mass-pike-tunnel","geometry":{"type":"LineString","coordinates":[[-71.073689,42.347867],[-71.078258,42.34778],[-71.085632,42.347641]]},"properties":{"id":"routes-and-regions-mass-pike-tunnel","layer":"routes-and-regions","name":"Mass Pike Tunnel","sourceFolder":"Regions, travel routes, and significant pre-war roads"}},{"type":"Feature","id":"routes-and-regions-pine-creek-tunnel","geometry":{"type":"LineString","coordinates":[[-112.958269,37.211356],[-112.957939,37.211042],[-112.957585,37.210389],[-112.957038,37.209923],[-112.956319,37.209825],[-112.954989,37.210158],[-112.951813,37.210991],[-112.950574,37.211149],[-112.948852,37.211153],[-112.946357,37.21097],[-112.945333,37.211102],[-112.943326,37.211485],[-112.942258,37.211916],[-112.941733,37.212429],[-112.941123,37.212888]]},"properties":{"id":"routes-and-regions-pine-creek-tunnel","layer":"routes-and-regions","name":"Pine Creek Tunnel","sourceFolder":"Regions, travel routes, and significant pre-war roads"}},{"type":"Feature","id":"routes-and-regions-rockland-car-tunnel","geometry":{"type":"LineString","coordinates":[[-78.582733,38.6344],[-78.61113,38.642784]]},"properties":{"id":"routes-and-regions-rockland-car-tunnel","layer":"routes-and-regions","name":"Rockland car tunnel","sourceFolder":"Regions, travel routes, and significant pre-war roads"}},{"type":"Feature","id":"routes-and-regions-moonvale-tunnel","geometry":{"type":"LineString","coordinates":[[-82.322306,39.307292],[-82.319648,39.306498]]},"properties":{"id":"routes-and-regions-moonvale-tunnel","layer":"routes-and-regions","name":"Moonvale Tunnel","sourceFolder":"Regions, travel routes, and significant pre-war roads"}},{"type":"Feature","id":"routes-and-regions-the-dig","geometry":{"type":"LineString","coordinates":[[-71.0568,42.3582],[-71.0571,42.3579],[-71.0569,42.3576],[-71.0576,42.3569],[-71.0583,42.357],[-71.0592,42.356],[-71.0601,42.3538],[-71.061,42.3528],[-71.0626,42.3526]]},"properties":{"id":"routes-and-regions-the-dig","layer":"routes-and-regions","name":"The Dig","sourceFolder":"Regions, travel routes, and significant pre-war roads"}},{"type":"Feature","id":"routes-and-regions-orange-line","geometry":{"type":"LineString","coordinates":[[-71.1684,42.2662],[-71.1707,42.2679],[-71.1718,42.2687],[-71.1722,42.2699],[-71.1725,42.2714],[-71.1724,42.2765],[-71.1718,42.2777],[-71.1706,42.2787],[-71.1681,42.2798],[-71.1571,42.283],[-71.153,42.2852],[-71.1506,42.2862],[-71.1445,42.2867],[-71.1374,42.2867],[-71.1318,42.287],[-71.1302,42.2875],[-71.1278,42.2887],[-71.1214,42.295],[-71.1152,42.2991],[-71.0992,42.316],[-71.0839,42.3338],[-71.0792,42.34],[-71.0736,42.3429],[-71.0701,42.3449],[-71.0667,42.3451],[-71.0647,42.3466],[-71.0637,42.3496],[-71.0629,42.3513],[-71.0623,42.3535],[-71.0607,42.3556],[-71.0603,42.358],[-71.0604,42.36],[-71.0607,42.3616],[-71.0614,42.3632],[-71.0625,42.3641],[-71.0674,42.3665],[-71.0749,42.3703],[-71.0766,42.3716],[-71.0778,42.3731],[-71.0782,42.376],[-71.0771,42.3803],[-71.0772,42.3935],[-71.0771,42.4043],[-71.0768,42.4131],[-71.0765,42.4214],[-71.0743,42.4268],[-71.072,42.4321]]},"properties":{"id":"routes-and-regions-orange-line","layer":"routes-and-regions","name":"Orange Line","sourceFolder":"Regions, travel routes, and significant pre-war roads"}},{"type":"Feature","id":"routes-and-regions-red-line","geometry":{"type":"LineString","coordinates":[[-71.0569,42.329],[-71.057,42.3301],[-71.0574,42.3388],[-71.0572,42.3485],[-71.0558,42.3518],[-71.0557,42.3523],[-71.056,42.3528],[-71.0579,42.3535],[-71.0604,42.3554],[-71.0624,42.3563],[-71.0633,42.3568],[-71.0643,42.3574],[-71.0657,42.3583],[-71.068,42.3597],[-71.069,42.3605],[-71.0695,42.3608],[-71.0706,42.3612],[-71.0827,42.3621],[-71.0885,42.3627],[-71.0975,42.3668],[-71.1053,42.3696],[-71.119,42.3736],[-71.122,42.3746]]},"properties":{"id":"routes-and-regions-red-line","layer":"routes-and-regions","name":"Red Line","sourceFolder":"Regions, travel routes, and significant pre-war roads"}},{"type":"Feature","id":"routes-and-regions-blue-line","geometry":{"type":"LineString","coordinates":[[-71.0554,42.356],[-71.057,42.3568],[-71.0573,42.3575],[-71.0573,42.3588],[-71.0573,42.3598],[-71.0571,42.3601],[-71.0567,42.3604],[-71.0561,42.3606],[-71.0536,42.3608],[-71.051,42.3615],[-71.0408,42.3662],[-71.0396,42.3672],[-71.0368,42.3704],[-71.0326,42.3725],[-71.0322,42.3727],[-71.0317,42.3731],[-71.0303,42.3743],[-71.0298,42.3748],[-71.0275,42.3768],[-71.0253,42.3785],[-71.0245,42.3791],[-71.0221,42.38],[-71.0208,42.3802],[-71.0186,42.3802],[-71.0171,42.3805],[-71.0158,42.3811],[-71.0113,42.3845],[-71.0098,42.3852],[-70.9995,42.3888],[-70.9973,42.3904],[-70.9964,42.3914],[-70.9926,42.3971],[-70.9915,42.3993],[-70.9914,42.4007],[-70.9926,42.4079],[-70.9927,42.4089]]},"properties":{"id":"routes-and-regions-blue-line","layer":"routes-and-regions","name":"Blue Line","sourceFolder":"Regions, travel routes, and significant pre-war roads"}},{"type":"Feature","id":"routes-and-regions-green-line","geometry":{"type":"LineString","coordinates":[[-71.0469,42.27],[-71.048,42.2717],[-71.0487,42.2726],[-71.0515,42.2761],[-71.0535,42.2777],[-71.0556,42.2788],[-71.0602,42.28],[-71.0629,42.2802],[-71.0657,42.28],[-71.0735,42.2781],[-71.0756,42.2781],[-71.0796,42.2787],[-71.0828,42.2798],[-71.0859,42.2813],[-71.0901,42.2836],[-71.0941,42.2865],[-71.0968,42.2905],[-71.0993,42.2953],[-71.1027,42.2993],[-71.1078,42.3018],[-71.1138,42.3037],[-71.1186,42.3059],[-71.1209,42.3081],[-71.1225,42.3104],[-71.1238,42.3132],[-71.1255,42.3215],[-71.1255,42.3296],[-71.1245,42.3326],[-71.1229,42.3353],[-71.1198,42.3395],[-71.1161,42.3435],[-71.1108,42.3478],[-71.1077,42.3491],[-71.1043,42.3496],[-71.0977,42.349],[-71.0952,42.3488],[-71.0936,42.3488],[-71.0927,42.3487],[-71.0917,42.3481],[-71.0904,42.348],[-71.0864,42.3477],[-71.0805,42.3487],[-71.077,42.3497],[-71.0704,42.3515],[-71.0675,42.3527],[-71.0624,42.3563],[-71.0605,42.358],[-71.0599,42.3592],[-71.0591,42.3605],[-71.0576,42.3615],[-71.0557,42.3626],[-71.0545,42.3637]]},"properties":{"id":"routes-and-regions-green-line","layer":"routes-and-regions","name":"Green Line","sourceFolder":"Regions, travel routes, and significant pre-war roads"}},{"type":"Feature","id":"routes-and-regions-nuka-world-monorail","geometry":{"type":"LineString","coordinates":[[-71.5149,42.3812],[-71.5127,42.3762],[-71.5124,42.3741],[-71.5133,42.3712],[-71.5158,42.3693],[-71.5224,42.3668],[-71.5341,42.363],[-71.5513,42.3589],[-71.6155,42.3533],[-71.6932,42.346],[-71.8388,42.3118],[-72.0806,42.2348],[-72.585,42.0374],[-72.593,42.0348],[-72.5988,42.0338],[-72.6058,42.0336],[-72.6128,42.0338]]},"properties":{"id":"routes-and-regions-nuka-world-monorail","layer":"routes-and-regions","name":"Nuka-World monorail","sourceFolder":"Regions, travel routes, and significant pre-war roads"}},{"type":"Feature","id":"routes-and-regions-presidential-metro-2","geometry":{"type":"LineString","coordinates":[[-77.0365,38.8978],[-77.0364,38.8976],[-77.0357,38.8974],[-77.0351,38.8974],[-77.0095,38.8974],[-77.0091,38.8973],[-77.0088,38.8972],[-77.0086,38.8969],[-77.0086,38.8901],[-77.0085,38.8898],[-77.0083,38.8896],[-77.0035,38.8876],[-76.9816,38.8787],[-76.9704,38.8734],[-76.9585,38.8691],[-76.9438,38.8627],[-76.9076,38.8374],[-76.867,38.8061]]},"properties":{"id":"routes-and-regions-presidential-metro-2","layer":"routes-and-regions","name":"Presidential Metro","sourceFolder":"Regions, travel routes, and significant pre-war roads"}},{"type":"Feature","id":"routes-and-regions-elevated-freeway","geometry":{"type":"LineString","coordinates":[[-78.3093,39.0103],[-78.2718,39.0008],[-78.2337,38.989],[-78.1989,38.973],[-78.1628,38.9544],[-78.1362,38.9388],[-78.1326,38.9348],[-78.1291,38.9272],[-78.1268,38.9237],[-78.1225,38.9206],[-78.1006,38.9172],[-78.0302,38.9117],[-77.9937,38.9104],[-77.9646,38.9078],[-77.9509,38.9057],[-77.9383,38.9032],[-77.9172,38.8981],[-77.9095,38.8945],[-77.9061,38.891],[-77.9042,38.887],[-77.9013,38.8785],[-77.8985,38.8748],[-77.8889,38.868],[-77.877,38.862],[-77.8655,38.8582],[-77.8583,38.8574],[-77.8438,38.8582],[-77.8254,38.8581],[-77.8072,38.8565],[-77.7849,38.8477],[-77.7777,38.847],[-77.7624,38.8469],[-77.7553,38.8456],[-77.7495,38.8421],[-77.7393,38.8322],[-77.7322,38.8282],[-77.714,38.825],[-77.6663,38.8235],[-77.646,38.8207],[-77.6314,38.8147],[-77.619,38.8075],[-77.607,38.8019],[-77.5936,38.7987],[-77.5788,38.7975],[-77.5419,38.7992],[-77.5049,38.8041],[-77.4885,38.8098],[-77.4745,38.817],[-77.4647,38.8237],[-77.4553,38.831],[-77.4463,38.8363],[-77.4407,38.8378],[-77.4292,38.8387],[-77.3983,38.8406],[-77.3859,38.8434],[-77.381,38.8441],[-77.3789,38.8442],[-77.3766,38.8439],[-77.3752,38.8432],[-77.3743,38.8419],[-77.3725,38.836],[-77.3716,38.8344],[-77.3695,38.8322],[-77.3668,38.8306],[-77.3623,38.8297],[-77.3572,38.8298],[-77.3539,38.8306],[-77.3472,38.8333],[-77.3439,38.8339],[-77.3414,38.8338],[-77.3338,38.8319],[-77.3197,38.8281],[-77.3177,38.8279],[-77.3166,38.8282],[-77.3146,38.8303],[-77.3124,38.8343],[-77.3119,38.8363],[-77.3121,38.838],[-77.311,38.8399],[-77.3075,38.8447]]},"properties":{"id":"routes-and-regions-elevated-freeway","layer":"routes-and-regions","name":"Elevated freeway","sourceFolder":"Regions, travel routes, and significant pre-war roads"}},{"type":"Feature","id":"routes-and-regions-elevated-freeway-2","geometry":{"type":"LineString","coordinates":[[-77.3079,38.851],[-77.3083,38.8635],[-77.3076,38.8665],[-77.3061,38.8685],[-77.3036,38.87],[-77.2955,38.8728],[-77.2842,38.8754],[-77.2735,38.8775],[-77.2537,38.8794],[-77.2463,38.8796],[-77.2391,38.8802],[-77.2309,38.8823],[-77.2221,38.8856],[-77.2059,38.8931],[-77.1922,38.9007],[-77.1894,38.9028],[-77.1878,38.9049],[-77.1867,38.9085],[-77.1873,38.9126],[-77.1892,38.916],[-77.1923,38.9198],[-77.1991,38.9262],[-77.2067,38.9303],[-77.2085,38.9326],[-77.2091,38.9353],[-77.2083,38.9373],[-77.2037,38.9433],[-77.201,38.9482],[-77.198,38.9505],[-77.195,38.9532],[-77.193,38.9572],[-77.1915,38.9592],[-77.1886,38.9611],[-77.1807,38.9647],[-77.152,38.9769],[-77.1312,38.9861],[-77.1233,38.9885],[-77.1197,38.9891],[-77.1168,38.989],[-77.1115,38.988],[-77.1056,38.9869],[-77.0982,38.9871]]},"properties":{"id":"routes-and-regions-elevated-freeway-2","layer":"routes-and-regions","name":"Elevated freeway","sourceFolder":"Regions, travel routes, and significant pre-war roads"}},{"type":"Feature","id":"routes-and-regions-pennsylvania-avenue","geometry":{"type":"LineString","coordinates":[[-77.058139,38.905259],[-77.050753,38.902787]]},"properties":{"id":"routes-and-regions-pennsylvania-avenue","layer":"routes-and-regions","name":"Pennsylvania Avenue","sourceFolder":"Regions, travel routes, and significant pre-war roads"}},{"type":"Feature","id":"routes-and-regions-pennsylvania-avenue-2","geometry":{"type":"LineString","coordinates":[[-77.0495,38.9023],[-77.0435,38.9002],[-77.0396,38.8989],[-77.0393,38.8988],[-77.0336,38.8988]]},"properties":{"id":"routes-and-regions-pennsylvania-avenue-2","layer":"routes-and-regions","name":"Pennsylvania Avenue","sourceFolder":"Regions, travel routes, and significant pre-war roads"}},{"type":"Feature","id":"routes-and-regions-pennsylvania-avenue-3","geometry":{"type":"LineString","coordinates":[[-77.0336,38.8955],[-77.0298,38.8955],[-77.0185,38.8923],[-77.0166,38.8918],[-77.0124,38.8907]]},"properties":{"id":"routes-and-regions-pennsylvania-avenue-3","layer":"routes-and-regions","name":"Pennsylvania Avenue","sourceFolder":"Regions, travel routes, and significant pre-war roads"}},{"type":"Feature","id":"routes-and-regions-pennsylvania-avenue-4","geometry":{"type":"LineString","coordinates":[[-77.0034,38.8876],[-76.9816,38.8788],[-76.9793,38.8776],[-76.9763,38.8761],[-76.9737,38.8749],[-76.9705,38.8734],[-76.9604,38.8693],[-76.9466,38.8637],[-76.9442,38.8629],[-76.941,38.863],[-76.9365,38.864],[-76.9319,38.8655],[-76.9296,38.866],[-76.9271,38.8657],[-76.9244,38.8646],[-76.9187,38.8603],[-76.9102,38.8532],[-76.9063,38.8506],[-76.8994,38.848],[-76.8909,38.8453],[-76.872,38.8405],[-76.8669,38.8399],[-76.8628,38.8384],[-76.8593,38.8363],[-76.8587,38.8352],[-76.858,38.8318],[-76.8563,38.8292],[-76.8517,38.8236],[-76.8491,38.8212],[-76.8475,38.8202],[-76.8439,38.8189],[-76.8318,38.8161],[-76.82,38.8122],[-76.8154,38.811],[-76.8122,38.8114],[-76.8067,38.8127],[-76.8016,38.8132],[-76.7961,38.8133],[-76.7867,38.8111],[-76.7823,38.8115],[-76.7776,38.8124],[-76.7731,38.8127],[-76.7689,38.8118],[-76.7648,38.8103],[-76.7611,38.8095],[-76.7588,38.8095],[-76.7547,38.8103],[-76.7475,38.8135],[-76.7444,38.8139],[-76.738,38.8141],[-76.7313,38.8139],[-76.7145,38.8113],[-76.7122,38.8111]]},"properties":{"id":"routes-and-regions-pennsylvania-avenue-4","layer":"routes-and-regions","name":"Pennsylvania Avenue","sourceFolder":"Regions, travel routes, and significant pre-war roads"}},{"type":"Feature","id":"routes-and-regions-constitution-avenue","geometry":{"type":"LineString","coordinates":[[-77.0502,38.8921],[-77.0336,38.8921],[-77.0281,38.8921],[-77.0199,38.8921],[-77.0197,38.8921],[-77.019,38.8921],[-77.0185,38.8923]]},"properties":{"id":"routes-and-regions-constitution-avenue","layer":"routes-and-regions","name":"Constitution Avenue","sourceFolder":"Regions, travel routes, and significant pre-war roads"}},{"type":"Feature","id":"routes-and-regions-constitution-avenue-2","geometry":{"type":"LineString","coordinates":[[-77.0166,38.8918],[-77.0156,38.8921],[-77.0147,38.8921],[-77.0047,38.892],[-76.9999,38.892],[-76.9767,38.892],[-76.9751,38.892]]},"properties":{"id":"routes-and-regions-constitution-avenue-2","layer":"routes-and-regions","name":"Constitution Avenue","sourceFolder":"Regions, travel routes, and significant pre-war roads"}},{"type":"Feature","id":"routes-and-regions-connecticut-avenue","geometry":{"type":"LineString","coordinates":[[-77.0772,38.968],[-77.0772,38.9969],[-77.0769,38.9999],[-77.0776,39.0041],[-77.0783,39.0055],[-77.0801,39.0078],[-77.081,39.0098],[-77.0807,39.0119],[-77.0788,39.0155],[-77.0765,39.0215],[-77.076,39.024],[-77.0765,39.0256],[-77.0767,39.027],[-77.0756,39.0308],[-77.0749,39.0317],[-77.0751,39.0363],[-77.0761,39.0403],[-77.0763,39.0451],[-77.0734,39.0582],[-77.0732,39.0607],[-77.0735,39.0634],[-77.0746,39.067],[-77.0763,39.0708],[-77.0801,39.0755],[-77.0809,39.0775],[-77.0807,39.0801],[-77.0794,39.0828],[-77.0786,39.0834],[-77.0778,39.0838],[-77.076,39.0844],[-77.0749,39.0853],[-77.0738,39.0869],[-77.0719,39.0894],[-77.0704,39.092],[-77.0689,39.0935],[-77.0688,39.0939],[-77.0691,39.0946],[-77.069,39.0954]]},"properties":{"id":"routes-and-regions-connecticut-avenue","layer":"routes-and-regions","name":"Connecticut Avenue","sourceFolder":"Regions, travel routes, and significant pre-war roads"}},{"type":"Feature","id":"routes-and-regions-connecticut-avenue-2","geometry":{"type":"LineString","coordinates":[[-77.0393,38.9025],[-77.0461,38.9143],[-77.0463,38.915],[-77.0464,38.916],[-77.0468,38.9168],[-77.0476,38.9185],[-77.048,38.9186],[-77.0488,38.9189],[-77.049,38.9192],[-77.0547,38.929],[-77.0615,38.9407],[-77.0621,38.9417],[-77.0671,38.9503],[-77.0731,38.9607],[-77.0758,38.9653],[-77.0769,38.9672]]},"properties":{"id":"routes-and-regions-connecticut-avenue-2","layer":"routes-and-regions","name":"Connecticut Avenue","sourceFolder":"Regions, travel routes, and significant pre-war roads"}},{"type":"Feature","id":"routes-and-regions-connecticut-avenue-3","geometry":{"type":"LineString","coordinates":[[-77.037999,38.900243],[-77.038686,38.901416]]},"properties":{"id":"routes-and-regions-connecticut-avenue-3","layer":"routes-and-regions","name":"Connecticut Avenue","sourceFolder":"Regions, travel routes, and significant pre-war roads"}},{"type":"Feature","id":"routes-and-regions-consumption-boulevard","geometry":{"type":"LineString","coordinates":[[-76.9915,38.8893],[-77.0018,38.8851],[-77.002,38.8851]]},"properties":{"id":"routes-and-regions-consumption-boulevard","layer":"routes-and-regions","name":"Consumption Boulevard","sourceFolder":"Regions, travel routes, and significant pre-war roads"}},{"type":"Feature","id":"routes-and-regions-independence-avenue","geometry":{"type":"LineString","coordinates":[[-77.0502,38.8871],[-77.0436,38.8869],[-77.0421,38.8872],[-77.0407,38.8878],[-77.0395,38.888],[-77.0381,38.8878],[-77.0374,38.8877],[-77.0367,38.8877],[-77.0359,38.8875],[-77.0346,38.8876],[-77.0335,38.8878],[-77.0328,38.8878],[-77.0319,38.8876],[-77.026,38.8876],[-77.024,38.8876],[-77.0219,38.8876],[-77.0082,38.8876],[-77.0034,38.8876],[-77.002,38.8876],[-77.0006,38.8876],[-76.9847,38.8876],[-76.9773,38.8876],[-76.9735,38.8876],[-76.9723,38.8877],[-76.9715,38.888],[-76.9706,38.8887],[-76.9697,38.8894],[-76.9683,38.8897],[-76.9678,38.8898]]},"properties":{"id":"routes-and-regions-independence-avenue","layer":"routes-and-regions","name":"Independence Avenue","sourceFolder":"Regions, travel routes, and significant pre-war roads"}},{"type":"Feature","id":"routes-and-regions-jefferson-drive","geometry":{"type":"LineString","coordinates":[[-77.033,38.8888],[-77.032,38.8886],[-77.0281,38.8887],[-77.0275,38.8887],[-77.0268,38.8889],[-77.026,38.8891],[-77.0252,38.889],[-77.0241,38.8887],[-77.0235,38.8887],[-77.0152,38.8888]]},"properties":{"id":"routes-and-regions-jefferson-drive","layer":"routes-and-regions","name":"Jefferson Drive","sourceFolder":"Regions, travel routes, and significant pre-war roads"}},{"type":"Feature","id":"routes-and-regions-madison-drive","geometry":{"type":"LineString","coordinates":[[-77.033,38.8901],[-77.032,38.8904],[-77.0219,38.8905],[-77.0152,38.8906]]},"properties":{"id":"routes-and-regions-madison-drive","layer":"routes-and-regions","name":"Madison Drive","sourceFolder":"Regions, travel routes, and significant pre-war roads"}},{"type":"Feature","id":"routes-and-regions-massachusetts-avenue","geometry":{"type":"LineString","coordinates":[[-77.1012,38.9493],[-77.1028,38.9529],[-77.1045,38.9547],[-77.1081,38.9576],[-77.1154,38.9608],[-77.119,38.962],[-77.1267,38.9675],[-77.1309,38.9695],[-77.1312,38.9699]]},"properties":{"id":"routes-and-regions-massachusetts-avenue","layer":"routes-and-regions","name":"Massachusetts Avenue","sourceFolder":"Regions, travel routes, and significant pre-war roads"}},{"type":"Feature","id":"routes-and-regions-massachusetts-avenue-2","geometry":{"type":"LineString","coordinates":[[-77.1006,38.9487],[-77.0864,38.9383],[-77.0731,38.9286],[-77.0685,38.9252],[-77.0673,38.9245],[-77.0661,38.9243],[-77.0646,38.9237],[-77.0637,38.9228],[-77.0633,38.9217],[-77.0628,38.921],[-77.0535,38.9142],[-77.051,38.9124]]},"properties":{"id":"routes-and-regions-massachusetts-avenue-2","layer":"routes-and-regions","name":"Massachusetts Avenue","sourceFolder":"Regions, travel routes, and significant pre-war roads"}},{"type":"Feature","id":"routes-and-regions-massachusetts-avenue-3","geometry":{"type":"LineString","coordinates":[[-77.0504,38.9121],[-77.0494,38.9117],[-77.0449,38.9101],[-77.0442,38.9099]]},"properties":{"id":"routes-and-regions-massachusetts-avenue-3","layer":"routes-and-regions","name":"Massachusetts Avenue","sourceFolder":"Regions, travel routes, and significant pre-war roads"}},{"type":"Feature","id":"routes-and-regions-massachusetts-avenue-4","geometry":{"type":"LineString","coordinates":[[-77.0428,38.9094],[-77.0385,38.908],[-77.0345,38.9065],[-77.0241,38.9029]]},"properties":{"id":"routes-and-regions-massachusetts-avenue-4","layer":"routes-and-regions","name":"Massachusetts Avenue","sourceFolder":"Regions, travel routes, and significant pre-war roads"}},{"type":"Feature","id":"routes-and-regions-massachusetts-avenue-5","geometry":{"type":"LineString","coordinates":[[-77.0219,38.9022],[-77.0119,38.8986],[-77.0079,38.897],[-77.0075,38.8964],[-77.0068,38.896],[-77.006,38.8959],[-77.0055,38.896],[-77.0006,38.894]]},"properties":{"id":"routes-and-regions-massachusetts-avenue-5","layer":"routes-and-regions","name":"Massachusetts Avenue","sourceFolder":"Regions, travel routes, and significant pre-war roads"}},{"type":"Feature","id":"routes-and-regions-massachusetts-avenue-6","geometry":{"type":"LineString","coordinates":[[-76.99848,38.893147],[-76.991577,38.890324]]},"properties":{"id":"routes-and-regions-massachusetts-avenue-6","layer":"routes-and-regions","name":"Massachusetts Avenue","sourceFolder":"Regions, travel routes, and significant pre-war roads"}},{"type":"Feature","id":"routes-and-regions-massachusetts-avenue-7","geometry":{"type":"LineString","coordinates":[[-76.989,38.8892],[-76.9884,38.889],[-76.9882,38.8889],[-76.9759,38.884],[-76.9755,38.8838]]},"properties":{"id":"routes-and-regions-massachusetts-avenue-7","layer":"routes-and-regions","name":"Massachusetts Avenue","sourceFolder":"Regions, travel routes, and significant pre-war roads"}},{"type":"Feature","id":"routes-and-regions-salem-street","geometry":{"type":"LineString","coordinates":[[-77.021919,38.905654],[-77.013963,38.905652]]},"properties":{"id":"routes-and-regions-salem-street","layer":"routes-and-regions","name":"Salem Street","sourceFolder":"Regions, travel routes, and significant pre-war roads"}},{"type":"Feature","id":"routes-and-regions-l-enfant-promenade","geometry":{"type":"LineString","coordinates":[[-77.026,38.8876],[-77.026,38.8848],[-77.026,38.882]]},"properties":{"id":"routes-and-regions-l-enfant-promenade","layer":"routes-and-regions","name":"L'Enfant Promenade","sourceFolder":"Regions, travel routes, and significant pre-war roads"}},{"type":"Feature","id":"routes-and-regions-l-enfant-plaza","geometry":{"type":"LineString","coordinates":[[-77.025989,38.884824],[-77.019908,38.88484]]},"properties":{"id":"routes-and-regions-l-enfant-plaza","layer":"routes-and-regions","name":"L'Enfant Plaza","sourceFolder":"Regions, travel routes, and significant pre-war roads"}},{"type":"Feature","id":"routes-and-regions-lincoln-memorial-circle","geometry":{"type":"LineString","coordinates":[[-77.0502,38.8921],[-77.0502,38.8902],[-77.0497,38.8902],[-77.0491,38.8898],[-77.0489,38.8893],[-77.0491,38.8888],[-77.0495,38.8885],[-77.0499,38.8883],[-77.0502,38.8883],[-77.0502,38.8871]]},"properties":{"id":"routes-and-regions-lincoln-memorial-circle","layer":"routes-and-regions","name":"Lincoln Memorial Circle","sourceFolder":"Regions, travel routes, and significant pre-war roads"}},{"type":"Feature","id":"routes-and-regions-lincoln-memorial-circle-2","geometry":{"type":"LineString","coordinates":[[-77.0502,38.8883],[-77.0506,38.8884],[-77.051,38.8886],[-77.0513,38.889],[-77.0514,38.8893],[-77.0513,38.8896],[-77.0511,38.8899],[-77.0509,38.8901],[-77.0505,38.8902],[-77.0502,38.8902]]},"properties":{"id":"routes-and-regions-lincoln-memorial-circle-2","layer":"routes-and-regions","name":"Lincoln Memorial Circle","sourceFolder":"Regions, travel routes, and significant pre-war roads"}},{"type":"Feature","id":"routes-and-regions-st-mary-s-branch","geometry":{"type":"LineString","coordinates":[[-76.3237,38.0501],[-76.3245,38.0519],[-76.3249,38.0528],[-76.325,38.0534],[-76.325,38.0541],[-76.3249,38.0546],[-76.325,38.055],[-76.3254,38.0553],[-76.326,38.0555],[-76.3275,38.0556],[-76.3324,38.0555],[-76.3331,38.0555],[-76.3341,38.0555],[-76.3381,38.0555],[-76.3431,38.0555]]},"properties":{"id":"routes-and-regions-st-mary-s-branch","layer":"routes-and-regions","name":"St. Mary's Branch","sourceFolder":"Regions, travel routes, and significant pre-war roads"}},{"type":"Feature","id":"routes-and-regions-ivy-league-bridge","geometry":{"type":"LineString","coordinates":[[-71.087115,42.359175],[-71.083802,42.352979]]},"properties":{"id":"routes-and-regions-ivy-league-bridge","layer":"routes-and-regions","name":"Ivy League Bridge","sourceFolder":"Regions, travel routes, and significant pre-war roads"}},{"type":"Feature","id":"routes-and-regions-unnamed-194","geometry":{"type":"LineString","coordinates":[[-76.3381,38.0555],[-76.3381,38.0564],[-76.3381,38.0568],[-76.3381,38.0574],[-76.3377,38.0617],[-76.3373,38.0634],[-76.3369,38.065],[-76.337,38.0669],[-76.3374,38.0676],[-76.3385,38.0696],[-76.3399,38.074],[-76.3399,38.0741],[-76.3396,38.0741],[-76.3383,38.0742],[-76.3381,38.0743],[-76.3379,38.0747],[-76.3375,38.0756],[-76.3368,38.0762],[-76.3362,38.0762],[-76.3357,38.0761],[-76.3356,38.0758],[-76.3358,38.0754],[-76.3358,38.0751],[-76.3358,38.075],[-76.3356,38.0748],[-76.3352,38.0748],[-76.3348,38.0747]]},"properties":{"id":"routes-and-regions-unnamed-194","layer":"routes-and-regions","name":null,"sourceFolder":"Regions, travel routes, and significant pre-war roads"}},{"type":"Feature","id":"routes-and-regions-suffragette-way","geometry":{"type":"LineString","coordinates":[[-77.024,38.8876],[-77.024,38.8873],[-77.024,38.8835],[-77.024,38.882],[-77.024,38.8813],[-77.024,38.8796]]},"properties":{"id":"routes-and-regions-suffragette-way","layer":"routes-and-regions","name":"Suffragette Way","sourceFolder":"Regions, travel routes, and significant pre-war roads"}},{"type":"Feature","id":"routes-and-regions-g-street","geometry":{"type":"LineString","coordinates":[[-77.0336,38.8983],[-77.0241,38.8984],[-77.0238,38.8985],[-77.0219,38.8985]]},"properties":{"id":"routes-and-regions-g-street","layer":"routes-and-regions","name":"G Street","sourceFolder":"Regions, travel routes, and significant pre-war roads"}},{"type":"Feature","id":"routes-and-regions-g-street-2","geometry":{"type":"LineString","coordinates":[[-77.0199,38.8984],[-77.0191,38.8984],[-77.0187,38.8984],[-77.0112,38.8983]]},"properties":{"id":"routes-and-regions-g-street-2","layer":"routes-and-regions","name":"G Street","sourceFolder":"Regions, travel routes, and significant pre-war roads"}},{"type":"Feature","id":"routes-and-regions-g-street-3","geometry":{"type":"LineString","coordinates":[[-77.012789,38.898952],[-77.007192,38.898949]]},"properties":{"id":"routes-and-regions-g-street-3","layer":"routes-and-regions","name":"G Street","sourceFolder":"Regions, travel routes, and significant pre-war roads"}},{"type":"Feature","id":"routes-and-regions-g-street-4","geometry":{"type":"LineString","coordinates":[[-77.003537,38.898941],[-76.983683,38.898918]]},"properties":{"id":"routes-and-regions-g-street-4","layer":"routes-and-regions","name":"G Street","sourceFolder":"Regions, travel routes, and significant pre-war roads"}},{"type":"Feature","id":"routes-and-regions-g-street-5","geometry":{"type":"LineString","coordinates":[[-76.974177,38.898944],[-76.972449,38.898935]]},"properties":{"id":"routes-and-regions-g-street-5","layer":"routes-and-regions","name":"G Street","sourceFolder":"Regions, travel routes, and significant pre-war roads"}},{"type":"Feature","id":"routes-and-regions-executive-avenue","geometry":{"type":"LineString","coordinates":[[-77.029638,38.902542],[-77.029605,38.892081]]},"properties":{"id":"routes-and-regions-executive-avenue","layer":"routes-and-regions","name":"Executive Avenue","sourceFolder":"Regions, travel routes, and significant pre-war roads"}},{"type":"Feature","id":"routes-and-regions-congress-street","geometry":{"type":"LineString","coordinates":[[-71.0585,42.3624],[-71.0583,42.3622],[-71.0576,42.3614],[-71.0572,42.3602],[-71.0569,42.3589],[-71.0566,42.3581],[-71.0564,42.3575],[-71.0563,42.3568],[-71.0561,42.3562],[-71.0559,42.3559],[-71.0545,42.3546],[-71.0523,42.3524]]},"properties":{"id":"routes-and-regions-congress-street","layer":"routes-and-regions","name":"Congress Street","sourceFolder":"Regions, travel routes, and significant pre-war roads"}},{"type":"Feature","id":"routes-and-regions-state-street","geometry":{"type":"LineString","coordinates":[[-71.0511,42.3597],[-71.0559,42.359],[-71.0569,42.3589],[-71.0578,42.3588],[-71.0586,42.359],[-71.0595,42.3593],[-71.0598,42.3594]]},"properties":{"id":"routes-and-regions-state-street","layer":"routes-and-regions","name":"State Street","sourceFolder":"Regions, travel routes, and significant pre-war roads"}},{"type":"Feature","id":"routes-and-regions-court-street","geometry":{"type":"LineString","coordinates":[[-71.0559,42.359],[-71.0554,42.3578],[-71.0551,42.3572]]},"properties":{"id":"routes-and-regions-court-street","layer":"routes-and-regions","name":"Court Street","sourceFolder":"Regions, travel routes, and significant pre-war roads"}},{"type":"Feature","id":"routes-and-regions-water-street","geometry":{"type":"LineString","coordinates":[[-71.0581,42.3577],[-71.0573,42.3576],[-71.0564,42.3576],[-71.0554,42.3578],[-71.055,42.358],[-71.0544,42.3583],[-71.0542,42.3584]]},"properties":{"id":"routes-and-regions-water-street","layer":"routes-and-regions","name":"Water Street","sourceFolder":"Regions, travel routes, and significant pre-war roads"}},{"type":"Feature","id":"routes-and-regions-tremont-street","geometry":{"type":"LineString","coordinates":[[-71.0671,42.3443],[-71.0659,42.3468],[-71.0655,42.3486],[-71.0653,42.35],[-71.0648,42.3518],[-71.0646,42.3524],[-71.0643,42.3534],[-71.0633,42.3552],[-71.062,42.3565],[-71.0604,42.358],[-71.0599,42.3587],[-71.0598,42.3592],[-71.0598,42.3594]]},"properties":{"id":"routes-and-regions-tremont-street","layer":"routes-and-regions","name":"Tremont Street","sourceFolder":"Regions, travel routes, and significant pre-war roads"}},{"type":"Feature","id":"routes-and-regions-commonwealth-avenue","geometry":{"type":"LineString","coordinates":[[-71.1243,42.3522],[-71.1065,42.3501],[-71.1035,42.3498],[-71.1007,42.3494],[-71.0968,42.3489],[-71.094,42.349],[-71.0886,42.3491],[-71.0804,42.3513],[-71.0716,42.3537],[-71.0683,42.3546],[-71.0675,42.3548],[-71.0667,42.3555],[-71.0662,42.3563],[-71.0658,42.3568],[-71.0651,42.3572]]},"properties":{"id":"routes-and-regions-commonwealth-avenue","layer":"routes-and-regions","name":"Commonwealth Avenue","sourceFolder":"Regions, travel routes, and significant pre-war roads"}},{"type":"Feature","id":"routes-and-regions-boylston-street","geometry":{"type":"LineString","coordinates":[[-71.1026,42.3433],[-71.0945,42.3455],[-71.0931,42.3466],[-71.0928,42.3468],[-71.0923,42.3468],[-71.0921,42.3468],[-71.0915,42.3466],[-71.0909,42.3465],[-71.0903,42.3466],[-71.0818,42.3489],[-71.0795,42.3495],[-71.0707,42.3519],[-71.0676,42.3526],[-71.0675,42.3526],[-71.0668,42.3525],[-71.0646,42.3524]]},"properties":{"id":"routes-and-regions-boylston-street","layer":"routes-and-regions","name":"Boylston Street","sourceFolder":"Regions, travel routes, and significant pre-war roads"}},{"type":"Feature","id":"routes-and-regions-dartmouth-street","geometry":{"type":"LineString","coordinates":[[-71.0794,42.3543],[-71.0791,42.3538],[-71.0791,42.3535],[-71.0774,42.3502],[-71.0752,42.3458],[-71.0738,42.343],[-71.0738,42.3428]]},"properties":{"id":"routes-and-regions-dartmouth-street","layer":"routes-and-regions","name":"Dartmouth Street","sourceFolder":"Regions, travel routes, and significant pre-war roads"}},{"type":"Feature","id":"routes-and-regions-back-street","geometry":{"type":"LineString","coordinates":[[-71.0916,42.3509],[-71.0898,42.3514],[-71.0838,42.353],[-71.0793,42.3542],[-71.0751,42.3553],[-71.0733,42.3558]]},"properties":{"id":"routes-and-regions-back-street","layer":"routes-and-regions","name":"Back Street","sourceFolder":"Regions, travel routes, and significant pre-war roads"}},{"type":"Feature","id":"routes-and-regions-atlantic-avenue-north","geometry":{"type":"LineString","coordinates":[[-71.0511,42.3637],[-71.051,42.3624],[-71.0511,42.3621],[-71.0519,42.3617],[-71.0524,42.3614],[-71.0528,42.3609],[-71.0522,42.3604],[-71.0518,42.3596],[-71.0513,42.3578],[-71.0509,42.3574],[-71.0508,42.3571],[-71.0508,42.3565],[-71.0509,42.3556],[-71.0512,42.3549],[-71.0515,42.3547],[-71.0546,42.3532],[-71.0554,42.3526],[-71.0555,42.3524],[-71.0571,42.3495]]},"properties":{"id":"routes-and-regions-atlantic-avenue-north","layer":"routes-and-regions","name":"Atlantic Avenue North","sourceFolder":"Regions, travel routes, and significant pre-war roads"}},{"type":"Feature","id":"routes-and-regions-arlington-street","geometry":{"type":"LineString","coordinates":[[-71.0725,42.3555],[-71.0716,42.3537],[-71.0715,42.3535],[-71.0711,42.3527],[-71.0707,42.3519],[-71.0699,42.3501],[-71.0693,42.3482],[-71.0691,42.3479],[-71.0686,42.3475]]},"properties":{"id":"routes-and-regions-arlington-street","layer":"routes-and-regions","name":"Arlington Street","sourceFolder":"Regions, travel routes, and significant pre-war roads"}},{"type":"Feature","id":"routes-and-regions-berkeley-street","geometry":{"type":"LineString","coordinates":[[-71.0751,42.3553],[-71.0739,42.353],[-71.0731,42.3513],[-71.0718,42.3488],[-71.071,42.347],[-71.0703,42.3455],[-71.0701,42.3454],[-71.0671,42.3443],[-71.066,42.3439],[-71.0626,42.343]]},"properties":{"id":"routes-and-regions-berkeley-street","layer":"routes-and-regions","name":"Berkeley Street","sourceFolder":"Regions, travel routes, and significant pre-war roads"}},{"type":"Feature","id":"routes-and-regions-essex-street","geometry":{"type":"LineString","coordinates":[[-71.0646,42.3524],[-71.0634,42.3523],[-71.0626,42.3524],[-71.0608,42.3526],[-71.0601,42.3526],[-71.0594,42.3525],[-71.0584,42.3524],[-71.0571,42.3521],[-71.0558,42.3519]]},"properties":{"id":"routes-and-regions-essex-street","layer":"routes-and-regions","name":"Essex Street","sourceFolder":"Regions, travel routes, and significant pre-war roads"}},{"type":"Feature","id":"routes-and-regions-surface-street","geometry":{"type":"LineString","coordinates":[[-71.0562,42.3529],[-71.0566,42.3528],[-71.0577,42.3525],[-71.0581,42.3523],[-71.0587,42.352],[-71.059,42.3518],[-71.0594,42.3511],[-71.0598,42.3502],[-71.0604,42.3487],[-71.061,42.348],[-71.0614,42.348],[-71.0625,42.3482]]},"properties":{"id":"routes-and-regions-surface-street","layer":"routes-and-regions","name":"Surface Street","sourceFolder":"Regions, travel routes, and significant pre-war roads"}},{"type":"Feature","id":"routes-and-regions-evan-s-way","geometry":{"type":"LineString","coordinates":[[-71.0988,42.3414],[-71.0986,42.3415],[-71.0984,42.3418],[-71.098,42.3421],[-71.0968,42.3424],[-71.0964,42.3425],[-71.0961,42.3426],[-71.096,42.3427]]},"properties":{"id":"routes-and-regions-evan-s-way","layer":"routes-and-regions","name":"Evan's Way","sourceFolder":"Regions, travel routes, and significant pre-war roads"}},{"type":"Feature","id":"routes-and-regions-park-street","geometry":{"type":"LineString","coordinates":[[-71.062017,42.356509],[-71.063239,42.357709]]},"properties":{"id":"routes-and-regions-park-street","layer":"routes-and-regions","name":"Park Street","sourceFolder":"Regions, travel routes, and significant pre-war roads"}},{"type":"Feature","id":"routes-and-regions-oak-street","geometry":{"type":"LineString","coordinates":[[-71.0625,42.3482],[-71.0642,42.3484],[-71.0655,42.3486],[-71.0668,42.3488],[-71.0718,42.3488]]},"properties":{"id":"routes-and-regions-oak-street","layer":"routes-and-regions","name":"Oak Street","sourceFolder":"Regions, travel routes, and significant pre-war roads"}},{"type":"Feature","id":"routes-and-regions-fens-street","geometry":{"type":"LineString","coordinates":[[-71.1019,42.3476],[-71.1017,42.3474],[-71.1015,42.3471],[-71.1008,42.3467],[-71.0997,42.3461]]},"properties":{"id":"routes-and-regions-fens-street","layer":"routes-and-regions","name":"Fens Street","sourceFolder":"Regions, travel routes, and significant pre-war roads"}},{"type":"Feature","id":"routes-and-regions-prince-street","geometry":{"type":"LineString","coordinates":[[-71.0534,42.3641],[-71.0555,42.3652],[-71.0571,42.3662],[-71.0581,42.3673]]},"properties":{"id":"routes-and-regions-prince-street","layer":"routes-and-regions","name":"Prince Street","sourceFolder":"Regions, travel routes, and significant pre-war roads"}},{"type":"Feature","id":"routes-and-regions-charter-street","geometry":{"type":"LineString","coordinates":[[-71.0566,42.3682],[-71.0552,42.3675],[-71.0538,42.3668],[-71.0529,42.3658]]},"properties":{"id":"routes-and-regions-charter-street","layer":"routes-and-regions","name":"Charter Street","sourceFolder":"Regions, travel routes, and significant pre-war roads"}},{"type":"Feature","id":"routes-and-regions-huntington-avenue","geometry":{"type":"LineString","coordinates":[[-71.0769,42.3493],[-71.079,42.3476],[-71.0848,42.3428],[-71.087,42.3411],[-71.1048,42.3342],[-71.1061,42.3335],[-71.1068,42.3333],[-71.1072,42.3333],[-71.1087,42.3333],[-71.1097,42.3332],[-71.1103,42.333],[-71.1108,42.3328],[-71.112,42.3321],[-71.1121,42.332]]},"properties":{"id":"routes-and-regions-huntington-avenue","layer":"routes-and-regions","name":"Huntington Avenue","sourceFolder":"Regions, travel routes, and significant pre-war roads"}},{"type":"Feature","id":"routes-and-regions-kneeland-street","geometry":{"type":"LineString","coordinates":[[-71.0571,42.3495],[-71.0598,42.3502],[-71.0622,42.3509],[-71.0631,42.3509]]},"properties":{"id":"routes-and-regions-kneeland-street","layer":"routes-and-regions","name":"Kneeland Street","sourceFolder":"Regions, travel routes, and significant pre-war roads"}},{"type":"Feature","id":"routes-and-regions-lagrange-street","geometry":{"type":"LineString","coordinates":[[-71.064761,42.351753],[-71.062821,42.351512]]},"properties":{"id":"routes-and-regions-lagrange-street","layer":"routes-and-regions","name":"Lagrange Street","sourceFolder":"Regions, travel routes, and significant pre-war roads"}},{"type":"Feature","id":"routes-and-regions-stuart-street","geometry":{"type":"LineString","coordinates":[[-71.0631,42.3509],[-71.065,42.3511],[-71.0655,42.3511],[-71.066,42.3511],[-71.0678,42.3508],[-71.0705,42.35],[-71.0743,42.349],[-71.0754,42.3486],[-71.078,42.348],[-71.079,42.3476]]},"properties":{"id":"routes-and-regions-stuart-street","layer":"routes-and-regions","name":"Stuart Street","sourceFolder":"Regions, travel routes, and significant pre-war roads"}},{"type":"Feature","id":"routes-and-regions-storrow-drive-east","geometry":{"type":"LineString","coordinates":[[-71.0733,42.3561],[-71.0731,42.3565],[-71.0722,42.3597],[-71.0722,42.3604],[-71.0724,42.361],[-71.0723,42.3617],[-71.0718,42.3622],[-71.0709,42.3626],[-71.0704,42.3635],[-71.07,42.3642],[-71.0695,42.3655],[-71.0683,42.3667]]},"properties":{"id":"routes-and-regions-storrow-drive-east","layer":"routes-and-regions","name":"Storrow Drive East","sourceFolder":"Regions, travel routes, and significant pre-war roads"}},{"type":"Feature","id":"routes-and-regions-storrow-drive-west","geometry":{"type":"LineString","coordinates":[[-71.0733,42.3561],[-71.0776,42.3549],[-71.0794,42.3543],[-71.0857,42.3526],[-71.0889,42.352],[-71.0913,42.3518],[-71.0935,42.3512],[-71.095,42.3507],[-71.096,42.3506],[-71.1045,42.3513],[-71.1106,42.3518]]},"properties":{"id":"routes-and-regions-storrow-drive-west","layer":"routes-and-regions","name":"Storrow Drive West","sourceFolder":"Regions, travel routes, and significant pre-war roads"}},{"type":"Feature","id":"routes-and-regions-back-street-2","geometry":{"type":"LineString","coordinates":[[-71.093,42.3505],[-71.0934,42.3505],[-71.0942,42.3504],[-71.0951,42.3504],[-71.0957,42.3504],[-71.0985,42.3506],[-71.1034,42.351]]},"properties":{"id":"routes-and-regions-back-street-2","layer":"routes-and-regions","name":"Back Street","sourceFolder":"Regions, travel routes, and significant pre-war roads"}},{"type":"Feature","id":"routes-and-regions-memorial-drive","geometry":{"type":"LineString","coordinates":[[-71.1347,42.3734],[-71.1344,42.3733],[-71.1341,42.3732],[-71.1336,42.3733],[-71.133,42.3737],[-71.1321,42.3742],[-71.1308,42.3745],[-71.1296,42.3745],[-71.1284,42.3742],[-71.1267,42.3734],[-71.1257,42.3727],[-71.1248,42.3718],[-71.1237,42.3704],[-71.1228,42.3699],[-71.1218,42.3697],[-71.1194,42.3698],[-71.1179,42.3695],[-71.1169,42.3689],[-71.116,42.3669],[-71.1159,42.3659],[-71.1161,42.3643],[-71.116,42.3615],[-71.1156,42.3587],[-71.1152,42.3574],[-71.1141,42.356],[-71.1101,42.3539],[-71.1078,42.3534],[-71.1043,42.3536],[-71.1004,42.3548],[-71.0871,42.3592],[-71.0817,42.3609],[-71.0797,42.3616],[-71.0788,42.3622],[-71.0786,42.3635]]},"properties":{"id":"routes-and-regions-memorial-drive","layer":"routes-and-regions","name":"Memorial Drive","sourceFolder":"Regions, travel routes, and significant pre-war roads"}},{"type":"Feature","id":"routes-and-regions-massachusetts-avenue-8","geometry":{"type":"LineString","coordinates":[[-71.0616,42.3205],[-71.071,42.3317],[-71.0714,42.3321],[-71.077,42.3365],[-71.0804,42.3392],[-71.0813,42.3403],[-71.0857,42.3433],[-71.086,42.3436],[-71.0897,42.3512],[-71.0926,42.3572],[-71.0934,42.3588],[-71.0941,42.3596],[-71.0948,42.3602],[-71.1001,42.3633],[-71.1028,42.3648],[-71.1075,42.3677],[-71.1089,42.3685],[-71.1129,42.37],[-71.1158,42.3724],[-71.1164,42.3727],[-71.1183,42.3732],[-71.1187,42.3734],[-71.1189,42.3737],[-71.1189,42.3741],[-71.1189,42.3746],[-71.1201,42.3778],[-71.1193,42.3863],[-71.1192,42.3874],[-71.1195,42.3887],[-71.1205,42.3899],[-71.1217,42.3907],[-71.1237,42.3916],[-71.1316,42.3986],[-71.1334,42.3997],[-71.1361,42.401],[-71.1371,42.4016],[-71.1458,42.4085],[-71.1472,42.4096],[-71.1492,42.4128],[-71.1509,42.4144],[-71.153,42.4155],[-71.1556,42.4162],[-71.1632,42.4171],[-71.1666,42.4185],[-71.1728,42.422],[-71.1748,42.4234],[-71.1784,42.4242],[-71.1831,42.4243],[-71.1897,42.4255],[-71.1942,42.4256],[-71.1962,42.4261],[-71.2007,42.4277],[-71.2024,42.4278],[-71.2039,42.4275],[-71.2045,42.4275],[-71.2065,42.4287],[-71.2077,42.4305],[-71.209,42.4337],[-71.2105,42.435],[-71.2122,42.4359],[-71.2131,42.4371],[-71.2141,42.4405],[-71.2166,42.4417],[-71.2204,42.4443],[-71.2221,42.4459],[-71.2232,42.4462],[-71.2265,42.4471],[-71.2298,42.4486],[-71.232,42.4495],[-71.2356,42.4494],[-71.2372,42.4491],[-71.243,42.4478],[-71.2449,42.4478],[-71.247,42.4472],[-71.2514,42.4471],[-71.253,42.447],[-71.2547,42.4472],[-71.2569,42.4469],[-71.2588,42.446],[-71.2618,42.4463],[-71.263,42.4457]]},"properties":{"id":"routes-and-regions-massachusetts-avenue-8","layer":"routes-and-regions","name":"Massachusetts Avenue","sourceFolder":"Regions, travel routes, and significant pre-war roads"}},{"type":"Feature","id":"routes-and-regions-massachusetts-avenue-9","geometry":{"type":"LineString","coordinates":[[-76.964753,38.87943],[-76.962066,38.878331]]},"properties":{"id":"routes-and-regions-massachusetts-avenue-9","layer":"routes-and-regions","name":"Massachusetts Avenue","sourceFolder":"Regions, travel routes, and significant pre-war roads"}},{"type":"Feature","id":"routes-and-regions-massachusetts-avenue-10","geometry":{"type":"LineString","coordinates":[[-76.960875,38.877865],[-76.939723,38.869225]]},"properties":{"id":"routes-and-regions-massachusetts-avenue-10","layer":"routes-and-regions","name":"Massachusetts Avenue","sourceFolder":"Regions, travel routes, and significant pre-war roads"}},{"type":"Feature","id":"routes-and-regions-route-102","geometry":{"type":"LineString","coordinates":[[-68.3641,44.4221],[-68.363,44.4207],[-68.3561,44.4128],[-68.3553,44.4113],[-68.3359,44.3997],[-68.3343,44.3978],[-68.3326,44.393],[-68.3315,44.3878],[-68.3319,44.3836],[-68.3303,44.3807],[-68.3325,44.3737],[-68.3305,44.369],[-68.3309,44.3671],[-68.3331,44.3634],[-68.3374,44.3584],[-68.3375,44.3575]]},"properties":{"id":"routes-and-regions-route-102","layer":"routes-and-regions","name":"Route 102","sourceFolder":"Regions, travel routes, and significant pre-war roads"}},{"type":"Feature","id":"routes-and-regions-route-102-east","geometry":{"type":"LineString","coordinates":[[-68.3375,44.3575],[-68.335,44.3418],[-68.3359,44.338],[-68.3344,44.3319],[-68.3323,44.3272],[-68.3318,44.3249],[-68.3332,44.3203],[-68.3337,44.3173],[-68.3337,44.3141],[-68.3299,44.3052],[-68.3288,44.2996],[-68.3284,44.2944],[-68.3293,44.2895],[-68.3259,44.2797],[-68.325,44.2759],[-68.3258,44.273],[-68.3261,44.2717],[-68.3256,44.2701],[-68.326,44.2689],[-68.3349,44.2637],[-68.3366,44.2604],[-68.3377,44.2562],[-68.3389,44.254],[-68.3418,44.253],[-68.3432,44.2516],[-68.3438,44.2515],[-68.3471,44.2514],[-68.3482,44.2525],[-68.3513,44.2539],[-68.352,44.254],[-68.3528,44.2537],[-68.3532,44.2534],[-68.3537,44.2527],[-68.3543,44.2525],[-68.3554,44.2523],[-68.3562,44.2521],[-68.3569,44.2514],[-68.3576,44.2496],[-68.3578,44.2484],[-68.358,44.248],[-68.3585,44.2476],[-68.359,44.2474]]},"properties":{"id":"routes-and-regions-route-102-east","layer":"routes-and-regions","name":"Route 102 East","sourceFolder":"Regions, travel routes, and significant pre-war roads"}},{"type":"Feature","id":"routes-and-regions-route-102-west","geometry":{"type":"LineString","coordinates":[[-68.3375,44.3575],[-68.3398,44.3561],[-68.3416,44.3558],[-68.3466,44.357],[-68.3484,44.3569],[-68.3507,44.3553],[-68.3536,44.355],[-68.3555,44.3538],[-68.3585,44.3536],[-68.3614,44.3539],[-68.3636,44.3552],[-68.3653,44.3551],[-68.3688,44.3524],[-68.375,44.3487],[-68.3979,44.3366],[-68.4019,44.3341],[-68.4034,44.3329],[-68.4046,44.3315],[-68.4052,44.3293],[-68.4047,44.3219],[-68.4053,44.3154],[-68.4049,44.3143],[-68.4039,44.3129],[-68.4029,44.31],[-68.4028,44.3086],[-68.4023,44.3073],[-68.4028,44.2963],[-68.4017,44.2946],[-68.4025,44.2928],[-68.402,44.2895],[-68.4013,44.2878],[-68.3982,44.2846],[-68.3978,44.2838],[-68.3981,44.2823],[-68.3995,44.2801],[-68.4019,44.2773],[-68.4023,44.2762],[-68.4018,44.2742],[-68.3979,44.2674],[-68.3967,44.264],[-68.3961,44.2635],[-68.3949,44.2633],[-68.3938,44.2632],[-68.3925,44.2632],[-68.39,44.2618],[-68.3883,44.2613],[-68.3795,44.2574],[-68.3766,44.2563],[-68.3745,44.253],[-68.3684,44.2513],[-68.3666,44.25],[-68.3634,44.2467],[-68.359,44.2474]]},"properties":{"id":"routes-and-regions-route-102-west","layer":"routes-and-regions","name":"Route 102 West","sourceFolder":"Regions, travel routes, and significant pre-war roads"}},{"type":"Feature","id":"routes-and-regions-skyline-drive","geometry":{"type":"LineString","coordinates":[[-78.2005,38.9069],[-78.1992,38.9057],[-78.1952,38.9064],[-78.1932,38.9058],[-78.1927,38.9038],[-78.192,38.9008],[-78.1897,38.8976],[-78.1901,38.8954],[-78.191,38.8933],[-78.1925,38.8906],[-78.197,38.8885],[-78.1958,38.8932],[-78.1991,38.895],[-78.2018,38.8934],[-78.2007,38.8908],[-78.2057,38.8889],[-78.2071,38.888],[-78.208,38.8864],[-78.209,38.8823],[-78.2097,38.8809],[-78.2127,38.8796],[-78.2063,38.875],[-78.2046,38.8733],[-78.2035,38.8714],[-78.2037,38.8687],[-78.2083,38.8594],[-78.209,38.8561],[-78.2079,38.85],[-78.2029,38.8374],[-78.1963,38.8363],[-78.1943,38.8361],[-78.1926,38.8363],[-78.1915,38.8369],[-78.1883,38.8402],[-78.184,38.8414],[-78.1847,38.8378],[-78.1862,38.8346],[-78.1857,38.8331],[-78.1835,38.8306],[-78.1781,38.8272],[-78.1629,38.8195],[-78.1804,38.8053],[-78.1735,38.8],[-78.2253,38.7641],[-78.2314,38.7665],[-78.2335,38.767],[-78.2356,38.767],[-78.2388,38.7657],[-78.2489,38.7575],[-78.2528,38.7561],[-78.2576,38.7561],[-78.2627,38.7573],[-78.2789,38.7628],[-78.2919,38.7499],[-78.3019,38.7553],[-78.3043,38.7447],[-78.306,38.7419],[-78.3086,38.7402],[-78.3153,38.7381],[-78.3184,38.7363],[-78.3223,38.731],[-78.3255,38.7241],[-78.3316,38.7091],[-78.3177,38.7044],[-78.3295,38.6867],[-78.3324,38.681],[-78.3335,38.676],[-78.3328,38.6726],[-78.3312,38.6693],[-78.3291,38.6662],[-78.3242,38.6613],[-78.3209,38.6592],[-78.3147,38.6566],[-78.3126,38.6557],[-78.3121,38.6546],[-78.3118,38.6527],[-78.3112,38.6499],[-78.3074,38.6464],[-78.3121,38.639],[-78.3136,38.637],[-78.3152,38.6358],[-78.316,38.6356],[-78.319,38.6357],[-78.3212,38.6345],[-78.3229,38.6327],[-78.3234,38.6311],[-78.3231,38.6253],[-78.3209,38.6245],[-78.3223,38.6223],[-78.3234,38.6229],[-78.3229,38.6245],[-78.327,38.6256],[-78.3281,38.6231],[-78.3381,38.6273],[-78.3438,38.621],[-78.342,38.6187],[-78.3431,38.616],[-78.3458,38.6166],[-78.3482,38.6161],[-78.3566,38.6131],[-78.3583,38.6134],[-78.3592,38.6134],[-78.362,38.6126],[-78.3642,38.6098],[-78.366,38.6086],[-78.3665,38.6074],[-78.3665,38.606],[-78.3639,38.6008],[-78.3624,38.5961],[-78.3606,38.5963],[-78.3597,38.5957],[-78.3602,38.5946],[-78.3602,38.5875],[-78.3681,38.5855],[-78.3719,38.5914],[-78.3736,38.5925],[-78.375,38.5924],[-78.376,38.5912],[-78.3752,38.589],[-78.3761,38.5879],[-78.3803,38.5879],[-78.3818,38.5872],[-78.383,38.5862],[-78.3839,38.5847],[-78.3843,38.583],[-78.3824,38.5797],[-78.3839,38.5746],[-78.3837,38.5732],[-78.383,38.5721],[-78.3807,38.571],[-78.3783,38.5701],[-78.3779,38.5693],[-78.3795,38.566],[-78.3842,38.559],[-78.3828,38.5579],[-78.3801,38.5565],[-78.3784,38.5568],[-78.3781,38.5562],[-78.3796,38.5557],[-78.3848,38.557],[-78.3868,38.5563],[-78.3857,38.5531],[-78.3855,38.5516],[-78.3858,38.5503],[-78.3875,38.5478],[-78.3911,38.5447],[-78.3942,38.5433],[-78.3975,38.5435],[-78.4029,38.5448],[-78.4028,38.5469],[-78.4044,38.5486],[-78.4061,38.5493],[-78.4093,38.549],[-78.415,38.5474],[-78.4141,38.5402],[-78.4188,38.5381],[-78.4188,38.5338],[-78.421,38.5337],[-78.4225,38.5332],[-78.4252,38.5303],[-78.4275,38.5261],[-78.4281,38.5245],[-78.4275,38.5213],[-78.4312,38.5198],[-78.4338,38.5183],[-78.4361,38.5175],[-78.4371,38.5171],[-78.4392,38.517],[-78.4426,38.5169],[-78.4445,38.5155],[-78.4453,38.5126],[-78.4445,38.5108],[-78.4416,38.5089],[-78.441,38.5078],[-78.4411,38.5063],[-78.4426,38.5038],[-78.4484,38.4972],[-78.4508,38.4938],[-78.4548,38.4805],[-78.4564,38.4784],[-78.4576,38.4742],[-78.4581,38.4695],[-78.4568,38.4649],[-78.4579,38.4636],[-78.4607,38.4633],[-78.4629,38.4581],[-78.4669,38.4526],[-78.4684,38.4483],[-78.4712,38.4455],[-78.4782,38.4402],[-78.4801,38.4388],[-78.4794,38.4359],[-78.4834,38.4297],[-78.4834,38.4265],[-78.4846,38.4242],[-78.4854,38.4233],[-78.4883,38.4219],[-78.4875,38.4173],[-78.4877,38.4158],[-78.4888,38.4142],[-78.4921,38.4111],[-78.4931,38.4097],[-78.4931,38.4088],[-78.4922,38.4061],[-78.4969,38.4051],[-78.4992,38.4042],[-78.5044,38.4009],[-78.5068,38.3987],[-78.5083,38.3965],[-78.5088,38.3943],[-78.5077,38.387],[-78.5133,38.389],[-78.5174,38.3839],[-78.5195,38.3819],[-78.5241,38.3798],[-78.5268,38.3767],[-78.5319,38.368],[-78.5387,38.3682],[-78.5408,38.368],[-78.5427,38.3676],[-78.5455,38.3659],[-78.5466,38.3648],[-78.548,38.3623],[-78.5479,38.3606],[-78.5472,38.3586],[-78.5439,38.3524],[-78.5497,38.3493],[-78.5558,38.3438],[-78.5636,38.3357],[-78.5722,38.3277],[-78.5806,38.3225],[-78.5865,38.3212],[-78.5925,38.3212],[-78.6046,38.3218],[-78.6016,38.3193],[-78.607,38.3151],[-78.6091,38.3141],[-78.6117,38.3138],[-78.6206,38.3144],[-78.6175,38.3115],[-78.6167,38.3104],[-78.6163,38.309],[-78.6171,38.3056],[-78.6194,38.3012],[-78.6292,38.2868],[-78.6484,38.2946],[-78.6474,38.2986],[-78.6666,38.2776],[-78.6594,38.2674],[-78.6714,38.2539],[-78.679,38.255],[-78.6821,38.2547],[-78.6911,38.2519],[-78.7023,38.2466],[-78.7138,38.2407],[-78.7229,38.2345],[-78.7292,38.2279],[-78.7384,38.2137],[-78.7325,38.2099],[-78.7463,38.2048],[-78.7487,38.211],[-78.7549,38.1975],[-78.76,38.1778],[-78.77,38.1781],[-78.7677,38.173],[-78.7672,38.1697],[-78.7719,38.1568],[-78.7805,38.1398],[-78.7861,38.1236],[-78.7858,38.1122],[-78.781,38.0906],[-78.8029,38.0795],[-78.7899,38.0695],[-78.8008,38.0613],[-78.8045,38.0591],[-78.8081,38.0579],[-78.8109,38.058],[-78.8193,38.061],[-78.8222,38.0611],[-78.8262,38.06],[-78.8304,38.0579],[-78.8347,38.0551],[-78.8427,38.0491],[-78.8514,38.0411],[-78.8596,38.0324]]},"properties":{"id":"routes-and-regions-skyline-drive","layer":"routes-and-regions","name":"Skyline Drive","sourceFolder":"Regions, travel routes, and significant pre-war roads"}},{"type":"Feature","id":"routes-and-regions-fens-way","geometry":{"type":"LineString","coordinates":[[-71.094948,42.348067],[-71.095005,42.349359]]},"properties":{"id":"routes-and-regions-fens-way","layer":"routes-and-regions","name":"Fens Way","sourceFolder":"Regions, travel routes, and significant pre-war roads"}},{"type":"Feature","id":"routes-and-regions-route-233","geometry":{"type":"LineString","coordinates":[[-68.3074,44.3635],[-68.302,44.366],[-68.2997,44.3676],[-68.2985,44.3692],[-68.297,44.3729],[-68.2958,44.3743],[-68.2945,44.3749],[-68.2897,44.3757],[-68.2886,44.3762],[-68.287,44.3798],[-68.285,44.3808],[-68.2828,44.3813],[-68.2808,44.3811],[-68.2789,44.3804],[-68.2744,44.3778],[-68.2677,44.376],[-68.2639,44.3754],[-68.2608,44.3754],[-68.2593,44.3758],[-68.2556,44.3776],[-68.2522,44.3778],[-68.245,44.3773],[-68.239,44.3763],[-68.2362,44.3777],[-68.2332,44.3805],[-68.2308,44.3811],[-68.2281,44.3812],[-68.2233,44.3805],[-68.2219,44.3813],[-68.2187,44.3859],[-68.2178,44.3867],[-68.2166,44.3869],[-68.2148,44.3868],[-68.2134,44.3862]]},"properties":{"id":"routes-and-regions-route-233","layer":"routes-and-regions","name":"Route 233","sourceFolder":"Regions, travel routes, and significant pre-war roads"}},{"type":"Feature","id":"routes-and-regions-kenneth-s-ridge-road","geometry":{"type":"LineString","coordinates":[[-68.3665,44.2569],[-68.3617,44.2552],[-68.3575,44.2543],[-68.3567,44.2539],[-68.3565,44.2531],[-68.3565,44.2523],[-68.3562,44.2521]]},"properties":{"id":"routes-and-regions-kenneth-s-ridge-road","layer":"routes-and-regions","name":"Kenneth's Ridge Road","sourceFolder":"Regions, travel routes, and significant pre-war roads"}},{"type":"Feature","id":"routes-and-regions-newbury-street","geometry":{"type":"LineString","coordinates":[[-71.0974,42.3483],[-71.0969,42.3481],[-71.0949,42.3481],[-71.0929,42.3481]]},"properties":{"id":"routes-and-regions-newbury-street","layer":"routes-and-regions","name":"Newbury Street","sourceFolder":"Regions, travel routes, and significant pre-war roads"}},{"type":"Feature","id":"routes-and-regions-summer-street","geometry":{"type":"LineString","coordinates":[[-71.0605,42.3555],[-71.0604,42.3554],[-71.0578,42.3535],[-71.0574,42.3534],[-71.0569,42.3532],[-71.0562,42.3529],[-71.0556,42.3527],[-71.0554,42.3526]]},"properties":{"id":"routes-and-regions-summer-street","layer":"routes-and-regions","name":"Summer Street","sourceFolder":"Regions, travel routes, and significant pre-war roads"}},{"type":"Feature","id":"routes-and-regions-trinity-place","geometry":{"type":"LineString","coordinates":[[-71.0754,42.348598],[-71.075847,42.349583]]},"properties":{"id":"routes-and-regions-trinity-place","layer":"routes-and-regions","name":"Trinity Place","sourceFolder":"Regions, travel routes, and significant pre-war roads"}},{"type":"Feature","id":"routes-and-regions-1st-street","geometry":{"type":"LineString","coordinates":[[-77.005916,38.871967],[-77.005876,38.879309]]},"properties":{"id":"routes-and-regions-1st-street","layer":"routes-and-regions","name":"1st Street","sourceFolder":"Regions, travel routes, and significant pre-war roads"}},{"type":"Feature","id":"routes-and-regions-newbury-street-2","geometry":{"type":"LineString","coordinates":[[-71.0916,42.3481],[-71.0881,42.3481],[-71.0879,42.3482],[-71.0711,42.3527],[-71.068,42.3535],[-71.0668,42.3536],[-71.0662,42.3537],[-71.0651,42.3536]]},"properties":{"id":"routes-and-regions-newbury-street-2","layer":"routes-and-regions","name":"Newbury Street","sourceFolder":"Regions, travel routes, and significant pre-war roads"}},{"type":"Feature","id":"routes-and-regions-unnamed-245","geometry":{"type":"LineString","coordinates":[[-71.083802,42.352979],[-71.081805,42.348905]]},"properties":{"id":"routes-and-regions-unnamed-245","layer":"routes-and-regions","name":null,"sourceFolder":"Regions, travel routes, and significant pre-war roads"}},{"type":"Feature","id":"routes-and-regions-unnamed-246","geometry":{"type":"LineString","coordinates":[[-71.079519,42.349526],[-71.080389,42.351334]]},"properties":{"id":"routes-and-regions-unnamed-246","layer":"routes-and-regions","name":null,"sourceFolder":"Regions, travel routes, and significant pre-war roads"}},{"type":"Feature","id":"routes-and-regions-unnamed-247","geometry":{"type":"LineString","coordinates":[[-71.0694,42.3562],[-71.0685,42.3545],[-71.068,42.3535],[-71.0676,42.3528],[-71.0675,42.3526]]},"properties":{"id":"routes-and-regions-unnamed-247","layer":"routes-and-regions","name":null,"sourceFolder":"Regions, travel routes, and significant pre-war roads"}},{"type":"Feature","id":"routes-and-regions-jury-street","geometry":{"type":"LineString","coordinates":[[-77.4075,39.0334],[-77.4062,39.0348],[-77.4045,39.0359],[-77.4019,39.0365],[-77.4001,39.0365],[-77.3945,39.0353],[-77.393,39.0352],[-77.3905,39.0356],[-77.3888,39.0359],[-77.3876,39.0358],[-77.3866,39.0356]]},"properties":{"id":"routes-and-regions-jury-street","layer":"routes-and-regions","name":"Jury Street","sourceFolder":"Regions, travel routes, and significant pre-war roads"}},{"type":"Feature","id":"routes-and-regions-1st-street-2","geometry":{"type":"LineString","coordinates":[[-77.0059,38.882],[-77.006,38.8897],[-77.0059,38.8959]]},"properties":{"id":"routes-and-regions-1st-street-2","layer":"routes-and-regions","name":"1st Street","sourceFolder":"Regions, travel routes, and significant pre-war roads"}},{"type":"Feature","id":"routes-and-regions-1st-street-3","geometry":{"type":"LineString","coordinates":[[-77.0079,38.897],[-77.0072,38.8989],[-77.0065,38.9009],[-77.0061,38.9016],[-77.0059,38.902],[-77.0059,38.9087],[-77.0058,38.9089],[-77.0055,38.9092]]},"properties":{"id":"routes-and-regions-1st-street-3","layer":"routes-and-regions","name":"1st Street","sourceFolder":"Regions, travel routes, and significant pre-war roads"}},{"type":"Feature","id":"routes-and-regions-1st-street-4","geometry":{"type":"LineString","coordinates":[[-77.006553,38.910884],[-77.006552,38.913137]]},"properties":{"id":"routes-and-regions-1st-street-4","layer":"routes-and-regions","name":"1st Street","sourceFolder":"Regions, travel routes, and significant pre-war roads"}},{"type":"Feature","id":"routes-and-regions-1st-street-5","geometry":{"type":"LineString","coordinates":[[-77.00655,38.916295],[-77.006558,38.917001]]},"properties":{"id":"routes-and-regions-1st-street-5","layer":"routes-and-regions","name":"1st Street","sourceFolder":"Regions, travel routes, and significant pre-war roads"}},{"type":"Feature","id":"routes-and-regions-1st-street-6","geometry":{"type":"LineString","coordinates":[[-77.0059,38.9413],[-77.0059,38.9436],[-77.0058,38.9439],[-77.0053,38.945]]},"properties":{"id":"routes-and-regions-1st-street-6","layer":"routes-and-regions","name":"1st Street","sourceFolder":"Regions, travel routes, and significant pre-war roads"}},{"type":"Feature","id":"routes-and-regions-1st-street-7","geometry":{"type":"LineString","coordinates":[[-77.006271,38.955415],[-77.006276,38.95874]]},"properties":{"id":"routes-and-regions-1st-street-7","layer":"routes-and-regions","name":"1st Street","sourceFolder":"Regions, travel routes, and significant pre-war roads"}},{"type":"Feature","id":"routes-and-regions-3rd-street","geometry":{"type":"LineString","coordinates":[[-77.002,38.8738],[-77.002,38.8851],[-77.002,38.9078]]},"properties":{"id":"routes-and-regions-3rd-street","layer":"routes-and-regions","name":"3rd Street","sourceFolder":"Regions, travel routes, and significant pre-war roads"}},{"type":"Feature","id":"routes-and-regions-3rd-street-2","geometry":{"type":"LineString","coordinates":[[-77.002034,38.912583],[-77.002043,38.92451]]},"properties":{"id":"routes-and-regions-3rd-street-2","layer":"routes-and-regions","name":"3rd Street","sourceFolder":"Regions, travel routes, and significant pre-war roads"}},{"type":"Feature","id":"routes-and-regions-3rd-street-3","geometry":{"type":"LineString","coordinates":[[-77.0012,38.9527],[-77.0012,38.953],[-77.0023,38.9547],[-77.0023,38.9548],[-77.0022,38.9549]]},"properties":{"id":"routes-and-regions-3rd-street-3","layer":"routes-and-regions","name":"3rd Street","sourceFolder":"Regions, travel routes, and significant pre-war roads"}},{"type":"Feature","id":"routes-and-regions-3rd-street-4","geometry":{"type":"LineString","coordinates":[[-77.0023,38.9569],[-77.0029,38.9573],[-77.0031,38.9576],[-77.0032,38.9578],[-77.0031,38.9581],[-77.0028,38.9596],[-77.0028,38.9649],[-77.0028,38.965]]},"properties":{"id":"routes-and-regions-3rd-street-4","layer":"routes-and-regions","name":"3rd Street","sourceFolder":"Regions, travel routes, and significant pre-war roads"}},{"type":"Feature","id":"routes-and-regions-4th-street","geometry":{"type":"LineString","coordinates":[[-77.0006,38.8738],[-77.0014,38.8985],[-77.0006,38.9071],[-76.9981,38.9106],[-76.9983,38.9111]]},"properties":{"id":"routes-and-regions-4th-street","layer":"routes-and-regions","name":"4th Street","sourceFolder":"Regions, travel routes, and significant pre-war roads"}},{"type":"Feature","id":"routes-and-regions-4th-street-2","geometry":{"type":"LineString","coordinates":[[-77.000586,38.914092],[-77.000564,38.931389]]},"properties":{"id":"routes-and-regions-4th-street-2","layer":"routes-and-regions","name":"4th Street","sourceFolder":"Regions, travel routes, and significant pre-war roads"}},{"type":"Feature","id":"routes-and-regions-4th-street-3","geometry":{"type":"LineString","coordinates":[[-76.9989,38.9526],[-76.9989,38.9529],[-76.999,38.953],[-76.9991,38.9532],[-76.9994,38.9534],[-76.9996,38.9536]]},"properties":{"id":"routes-and-regions-4th-street-3","layer":"routes-and-regions","name":"4th Street","sourceFolder":"Regions, travel routes, and significant pre-war roads"}},{"type":"Feature","id":"routes-and-regions-4th-street-4","geometry":{"type":"LineString","coordinates":[[-76.9995,38.9558],[-77.0003,38.9565],[-77.0002,38.9577],[-76.9999,38.958]]},"properties":{"id":"routes-and-regions-4th-street-4","layer":"routes-and-regions","name":"4th Street","sourceFolder":"Regions, travel routes, and significant pre-war roads"}},{"type":"Feature","id":"routes-and-regions-5th-street","geometry":{"type":"LineString","coordinates":[[-76.999515,38.886544],[-76.999512,38.893099]]},"properties":{"id":"routes-and-regions-5th-street","layer":"routes-and-regions","name":"5th Street","sourceFolder":"Regions, travel routes, and significant pre-war roads"}},{"type":"Feature","id":"routes-and-regions-5th-street-2","geometry":{"type":"LineString","coordinates":[[-76.999523,38.88017],[-76.999517,38.882737]]},"properties":{"id":"routes-and-regions-5th-street-2","layer":"routes-and-regions","name":"5th Street","sourceFolder":"Regions, travel routes, and significant pre-war roads"}},{"type":"Feature","id":"routes-and-regions-5th-street-3","geometry":{"type":"LineString","coordinates":[[-76.999518,38.883225],[-76.999518,38.885549]]},"properties":{"id":"routes-and-regions-5th-street-3","layer":"routes-and-regions","name":"5th Street","sourceFolder":"Regions, travel routes, and significant pre-war roads"}},{"type":"Feature","id":"routes-and-regions-5th-street-4","geometry":{"type":"LineString","coordinates":[[-76.9995,38.8765],[-76.9995,38.879],[-76.9994,38.8792],[-76.9991,38.8794]]},"properties":{"id":"routes-and-regions-5th-street-4","layer":"routes-and-regions","name":"5th Street","sourceFolder":"Regions, travel routes, and significant pre-war roads"}},{"type":"Feature","id":"routes-and-regions-5th-street-5","geometry":{"type":"LineString","coordinates":[[-76.9995,38.8941],[-76.9999,38.903],[-76.9995,38.9066],[-76.9988,38.908],[-76.997,38.9102]]},"properties":{"id":"routes-and-regions-5th-street-5","layer":"routes-and-regions","name":"5th Street","sourceFolder":"Regions, travel routes, and significant pre-war roads"}},{"type":"Feature","id":"routes-and-regions-5th-street-6","geometry":{"type":"LineString","coordinates":[[-76.9996,38.9156],[-76.9995,38.9159],[-76.9995,38.9201]]},"properties":{"id":"routes-and-regions-5th-street-6","layer":"routes-and-regions","name":"5th Street","sourceFolder":"Regions, travel routes, and significant pre-war roads"}},{"type":"Feature","id":"routes-and-regions-5th-street-7","geometry":{"type":"LineString","coordinates":[[-76.999515,38.925571],[-76.999512,38.926322]]},"properties":{"id":"routes-and-regions-5th-street-7","layer":"routes-and-regions","name":"5th Street","sourceFolder":"Regions, travel routes, and significant pre-war roads"}},{"type":"Feature","id":"routes-and-regions-5th-street-8","geometry":{"type":"LineString","coordinates":[[-76.999066,38.956335],[-77.000243,38.957399]]},"properties":{"id":"routes-and-regions-5th-street-8","layer":"routes-and-regions","name":"5th Street","sourceFolder":"Regions, travel routes, and significant pre-war roads"}},{"type":"Feature","id":"routes-and-regions-5th-street-9","geometry":{"type":"LineString","coordinates":[[-77.002,38.9592],[-77.001,38.9605],[-77.001,38.9606],[-77.001,38.9613]]},"properties":{"id":"routes-and-regions-5th-street-9","layer":"routes-and-regions","name":"5th Street","sourceFolder":"Regions, travel routes, and significant pre-war roads"}},{"type":"Feature","id":"routes-and-regions-6th-street","geometry":{"type":"LineString","coordinates":[[-76.9985,38.8799],[-76.9985,38.8876],[-76.9985,38.8931],[-76.9989,38.9022],[-76.9984,38.9061],[-76.9977,38.9075],[-76.9959,38.9097]]},"properties":{"id":"routes-and-regions-6th-street","layer":"routes-and-regions","name":"6th Street","sourceFolder":"Regions, travel routes, and significant pre-war roads"}},{"type":"Feature","id":"routes-and-regions-6th-street-2","geometry":{"type":"LineString","coordinates":[[-76.99845,38.924001],[-76.998443,38.926865]]},"properties":{"id":"routes-and-regions-6th-street-2","layer":"routes-and-regions","name":"6th Street","sourceFolder":"Regions, travel routes, and significant pre-war roads"}},{"type":"Feature","id":"routes-and-regions-6th-street-3","geometry":{"type":"LineString","coordinates":[[-76.9991,38.9463],[-76.9991,38.9485],[-76.9992,38.9487],[-76.9992,38.9489]]},"properties":{"id":"routes-and-regions-6th-street-3","layer":"routes-and-regions","name":"6th Street","sourceFolder":"Regions, travel routes, and significant pre-war roads"}},{"type":"Feature","id":"routes-and-regions-6th-street-4","geometry":{"type":"LineString","coordinates":[[-76.9988,38.9491],[-76.9988,38.9494],[-76.9988,38.9501]]},"properties":{"id":"routes-and-regions-6th-street-4","layer":"routes-and-regions","name":"6th Street","sourceFolder":"Regions, travel routes, and significant pre-war roads"}},{"type":"Feature","id":"routes-and-regions-6th-street-5","geometry":{"type":"LineString","coordinates":[[-76.998709,38.958516],[-76.997756,38.959309]]},"properties":{"id":"routes-and-regions-6th-street-5","layer":"routes-and-regions","name":"6th Street","sourceFolder":"Regions, travel routes, and significant pre-war roads"}},{"type":"Feature","id":"routes-and-regions-6th-street-6","geometry":{"type":"LineString","coordinates":[[-76.9991,38.9609],[-76.9991,38.961],[-76.9991,38.9631],[-76.999,38.9632]]},"properties":{"id":"routes-and-regions-6th-street-6","layer":"routes-and-regions","name":"6th Street","sourceFolder":"Regions, travel routes, and significant pre-war roads"}},{"type":"Feature","id":"routes-and-regions-7th-street","geometry":{"type":"LineString","coordinates":[[-76.996203,38.876484],[-76.996214,38.905318]]},"properties":{"id":"routes-and-regions-7th-street","layer":"routes-and-regions","name":"7th Street","sourceFolder":"Regions, travel routes, and significant pre-war roads"}},{"type":"Feature","id":"routes-and-regions-7th-street-2","geometry":{"type":"LineString","coordinates":[[-76.9962,38.9251],[-76.9962,38.9253],[-76.9962,38.9327],[-76.9964,38.9331]]},"properties":{"id":"routes-and-regions-7th-street-2","layer":"routes-and-regions","name":"7th Street","sourceFolder":"Regions, travel routes, and significant pre-war roads"}},{"type":"Feature","id":"routes-and-regions-7th-street-3","geometry":{"type":"LineString","coordinates":[[-76.9948,38.9382],[-76.9957,38.9404],[-76.9957,38.9407]]},"properties":{"id":"routes-and-regions-7th-street-3","layer":"routes-and-regions","name":"7th Street","sourceFolder":"Regions, travel routes, and significant pre-war roads"}},{"type":"Feature","id":"routes-and-regions-7th-street-4","geometry":{"type":"LineString","coordinates":[[-76.9958,38.9415],[-76.9958,38.9416],[-76.997,38.9445],[-76.9971,38.9449],[-76.997,38.9494],[-76.997,38.9494]]},"properties":{"id":"routes-and-regions-7th-street-4","layer":"routes-and-regions","name":"7th Street","sourceFolder":"Regions, travel routes, and significant pre-war roads"}},{"type":"Feature","id":"routes-and-regions-7th-street-5","geometry":{"type":"LineString","coordinates":[[-76.994458,38.953111],[-76.995993,38.954408]]},"properties":{"id":"routes-and-regions-7th-street-5","layer":"routes-and-regions","name":"7th Street","sourceFolder":"Regions, travel routes, and significant pre-war roads"}},{"type":"Feature","id":"routes-and-regions-8th-street","geometry":{"type":"LineString","coordinates":[[-76.995,38.876492],[-76.995007,38.904795]]},"properties":{"id":"routes-and-regions-8th-street","layer":"routes-and-regions","name":"8th Street","sourceFolder":"Regions, travel routes, and significant pre-war roads"}},{"type":"Feature","id":"routes-and-regions-8th-street-2","geometry":{"type":"LineString","coordinates":[[-76.9962,38.9251],[-76.9955,38.9254],[-76.9951,38.9254],[-76.995,38.9255],[-76.995,38.9324]]},"properties":{"id":"routes-and-regions-8th-street-2","layer":"routes-and-regions","name":"8th Street","sourceFolder":"Regions, travel routes, and significant pre-war roads"}},{"type":"Feature","id":"routes-and-regions-8th-street-3","geometry":{"type":"LineString","coordinates":[[-76.994392,38.939443],[-76.994933,38.940728]]},"properties":{"id":"routes-and-regions-8th-street-3","layer":"routes-and-regions","name":"8th Street","sourceFolder":"Regions, travel routes, and significant pre-war roads"}},{"type":"Feature","id":"routes-and-regions-8th-street-4","geometry":{"type":"LineString","coordinates":[[-76.9946,38.9426],[-76.995,38.9433],[-76.9958,38.9438],[-76.9958,38.9439],[-76.9958,38.944],[-76.9958,38.9441]]},"properties":{"id":"routes-and-regions-8th-street-4","layer":"routes-and-regions","name":"8th Street","sourceFolder":"Regions, travel routes, and significant pre-war roads"}},{"type":"Feature","id":"routes-and-regions-8th-street-5","geometry":{"type":"LineString","coordinates":[[-76.995,38.9463],[-76.995,38.9503],[-76.994,38.9511],[-76.994,38.9512],[-76.994,38.9523]]},"properties":{"id":"routes-and-regions-8th-street-5","layer":"routes-and-regions","name":"8th Street","sourceFolder":"Regions, travel routes, and significant pre-war roads"}},{"type":"Feature","id":"routes-and-regions-8th-street-6","geometry":{"type":"LineString","coordinates":[[-76.99351,38.953388],[-76.994697,38.954521]]},"properties":{"id":"routes-and-regions-8th-street-6","layer":"routes-and-regions","name":"8th Street","sourceFolder":"Regions, travel routes, and significant pre-war roads"}},{"type":"Feature","id":"routes-and-regions-8th-street-7","geometry":{"type":"LineString","coordinates":[[-76.994189,38.956382],[-76.994182,38.957276]]},"properties":{"id":"routes-and-regions-8th-street-7","layer":"routes-and-regions","name":"8th Street","sourceFolder":"Regions, travel routes, and significant pre-war roads"}},{"type":"Feature","id":"routes-and-regions-8th-street-8","geometry":{"type":"LineString","coordinates":[[-76.995129,38.958005],[-76.99439,38.95939]]},"properties":{"id":"routes-and-regions-8th-street-8","layer":"routes-and-regions","name":"8th Street","sourceFolder":"Regions, travel routes, and significant pre-war roads"}},{"type":"Feature","id":"routes-and-regions-17th-street","geometry":{"type":"LineString","coordinates":[[-77.028094,38.902544],[-77.02813,38.892081]]},"properties":{"id":"routes-and-regions-17th-street","layer":"routes-and-regions","name":"17th Street","sourceFolder":"Regions, travel routes, and significant pre-war roads"}},{"type":"Feature","id":"routes-and-regions-appropriations-avenue","geometry":{"type":"LineString","coordinates":[[-77.0125,38.8813],[-77.0219,38.8813],[-77.024,38.8813]]},"properties":{"id":"routes-and-regions-appropriations-avenue","layer":"routes-and-regions","name":"Appropriations Avenue","sourceFolder":"Regions, travel routes, and significant pre-war roads"}},{"type":"Feature","id":"routes-and-regions-new-hampshire-avenue","geometry":{"type":"LineString","coordinates":[[-77.053812,38.898597],[-77.054946,38.897384]]},"properties":{"id":"routes-and-regions-new-hampshire-avenue","layer":"routes-and-regions","name":"New Hampshire Avenue","sourceFolder":"Regions, travel routes, and significant pre-war roads"}},{"type":"Feature","id":"routes-and-regions-new-hampshire-avenue-2","geometry":{"type":"LineString","coordinates":[[-77.053266,38.899175],[-77.043894,38.90917]]},"properties":{"id":"routes-and-regions-new-hampshire-avenue-2","layer":"routes-and-regions","name":"New Hampshire Avenue","sourceFolder":"Regions, travel routes, and significant pre-war roads"}},{"type":"Feature","id":"routes-and-regions-new-hampshire-avenue-3","geometry":{"type":"LineString","coordinates":[[-77.043,38.9101],[-77.0347,38.919],[-77.0345,38.9192]]},"properties":{"id":"routes-and-regions-new-hampshire-avenue-3","layer":"routes-and-regions","name":"New Hampshire Avenue","sourceFolder":"Regions, travel routes, and significant pre-war roads"}},{"type":"Feature","id":"routes-and-regions-new-hampshire-avenue-4","geometry":{"type":"LineString","coordinates":[[-77.0277,38.932],[-77.0274,38.9323],[-77.0267,38.9332],[-77.0197,38.9427]]},"properties":{"id":"routes-and-regions-new-hampshire-avenue-4","layer":"routes-and-regions","name":"New Hampshire Avenue","sourceFolder":"Regions, travel routes, and significant pre-war roads"}},{"type":"Feature","id":"routes-and-regions-new-hampshire-avenue-5","geometry":{"type":"LineString","coordinates":[[-77.0189,38.9436],[-77.0025,38.9657],[-76.9978,38.9721],[-76.9916,38.9778],[-76.9899,38.9799],[-76.9887,38.9822],[-76.9875,38.9908],[-76.9865,38.9932],[-76.9814,39.0031],[-76.9784,39.0119],[-76.9766,39.0192],[-76.9767,39.0206],[-76.9777,39.0227],[-76.9832,39.0289],[-76.9895,39.0369],[-76.9938,39.0527],[-76.9969,39.0581],[-77.0007,39.0636],[-77.003,39.0693],[-77.0024,39.0758],[-77.0004,39.0826],[-76.9994,39.0888],[-77.0006,39.0932],[-77.0039,39.1005],[-77.0042,39.1021],[-77.0039,39.1037],[-77.0013,39.1068],[-76.9922,39.1148],[-76.9893,39.1183],[-76.9886,39.1204],[-76.9889,39.1243],[-76.9917,39.1328],[-76.9941,39.1374],[-76.997,39.1412],[-76.9998,39.1431],[-77.0099,39.1469],[-77.0123,39.1488],[-77.0138,39.1519],[-77.0145,39.1557],[-77.0149,39.1636],[-77.0156,39.1669],[-77.0178,39.1713],[-77.0205,39.1743],[-77.0246,39.1754],[-77.0266,39.1776],[-77.0277,39.1804],[-77.0272,39.1824],[-77.0248,39.1871],[-77.0244,39.1889],[-77.0266,39.1919],[-77.0264,39.1932],[-77.0244,39.1979],[-77.0243,39.1993],[-77.0254,39.201],[-77.028,39.2031],[-77.0343,39.206],[-77.0459,39.2134],[-77.0488,39.2142],[-77.0596,39.2212]]},"properties":{"id":"routes-and-regions-new-hampshire-avenue-5","layer":"routes-and-regions","name":"New Hampshire Avenue","sourceFolder":"Regions, travel routes, and significant pre-war roads"}},{"type":"Feature","id":"routes-and-regions-unnamed-298","geometry":{"type":"LineString","coordinates":[[-76.3381,38.0568],[-76.3397,38.0568],[-76.3403,38.0568]]},"properties":{"id":"routes-and-regions-unnamed-298","layer":"routes-and-regions","name":null,"sourceFolder":"Regions, travel routes, and significant pre-war roads"}},{"type":"Feature","id":"routes-and-regions-unnamed-299","geometry":{"type":"LineString","coordinates":[[-76.339677,38.056784],[-76.339676,38.055539]]},"properties":{"id":"routes-and-regions-unnamed-299","layer":"routes-and-regions","name":null,"sourceFolder":"Regions, travel routes, and significant pre-war roads"}},{"type":"Feature","id":"routes-and-regions-unnamed-300","geometry":{"type":"LineString","coordinates":[[-76.3373,38.0634],[-76.3369,38.0634],[-76.3362,38.0634],[-76.3357,38.0634],[-76.3352,38.0632],[-76.3348,38.063],[-76.3346,38.0628],[-76.3347,38.0619],[-76.3344,38.0611],[-76.3336,38.0601],[-76.3329,38.0587],[-76.3325,38.0577],[-76.3324,38.0555]]},"properties":{"id":"routes-and-regions-unnamed-300","layer":"routes-and-regions","name":null,"sourceFolder":"Regions, travel routes, and significant pre-war roads"}},{"type":"Feature","id":"routes-and-regions-unnamed-301","geometry":{"type":"LineString","coordinates":[[-76.338087,38.05641],[-76.336877,38.056418]]},"properties":{"id":"routes-and-regions-unnamed-301","layer":"routes-and-regions","name":null,"sourceFolder":"Regions, travel routes, and significant pre-war roads"}},{"type":"Feature","id":"routes-and-regions-unnamed-302","geometry":{"type":"LineString","coordinates":[[-76.334834,38.055539],[-76.334834,38.054314]]},"properties":{"id":"routes-and-regions-unnamed-302","layer":"routes-and-regions","name":null,"sourceFolder":"Regions, travel routes, and significant pre-war roads"}},{"type":"Feature","id":"routes-and-regions-l-street","geometry":{"type":"LineString","coordinates":[[-71.0355,42.3382],[-71.0354,42.3348],[-71.0353,42.3343],[-71.0352,42.3294]]},"properties":{"id":"routes-and-regions-l-street","layer":"routes-and-regions","name":"L Street","sourceFolder":"Regions, travel routes, and significant pre-war roads"}},{"type":"Feature","id":"routes-and-regions-unnamed-304","geometry":{"type":"LineString","coordinates":[[-71.0709,42.3612],[-71.0645,42.3612],[-71.0623,42.3612],[-71.0612,42.3609],[-71.0604,42.3605],[-71.0599,42.3598],[-71.0598,42.3594]]},"properties":{"id":"routes-and-regions-unnamed-304","layer":"routes-and-regions","name":null,"sourceFolder":"Regions, travel routes, and significant pre-war roads"}},{"type":"Feature","id":"routes-and-regions-unnamed-305","geometry":{"type":"LineString","coordinates":[[-71.0588,42.3674],[-71.0586,42.3669],[-71.0584,42.3653],[-71.0583,42.3638],[-71.0585,42.3624]]},"properties":{"id":"routes-and-regions-unnamed-305","layer":"routes-and-regions","name":null,"sourceFolder":"Regions, travel routes, and significant pre-war roads"}},{"type":"Feature","id":"routes-and-regions-unnamed-306","geometry":{"type":"LineString","coordinates":[[-78.6189,38.672],[-78.6183,38.6613],[-78.6173,38.6484],[-78.6159,38.645],[-78.6142,38.6438],[-78.6128,38.6432],[-78.6111,38.6428],[-78.5827,38.6344],[-78.5777,38.6334],[-78.5726,38.6331],[-78.5709,38.6335],[-78.5696,38.6342],[-78.5685,38.6362],[-78.5669,38.6385],[-78.563,38.6409],[-78.5605,38.6418],[-78.5528,38.6426],[-78.547,38.6444],[-78.5375,38.6444]]},"properties":{"id":"routes-and-regions-unnamed-306","layer":"routes-and-regions","name":null,"sourceFolder":"Regions, travel routes, and significant pre-war roads"}},{"type":"Feature","id":"routes-and-regions-unnamed-307","geometry":{"type":"LineString","coordinates":[[-71.0651,42.3572],[-71.0632,42.3577],[-71.0615,42.3583]]},"properties":{"id":"routes-and-regions-unnamed-307","layer":"routes-and-regions","name":null,"sourceFolder":"Regions, travel routes, and significant pre-war roads"}},{"type":"Feature","id":"routes-and-regions-skybridge","geometry":{"type":"LineString","coordinates":[[-71.058532,42.351335],[-71.058298,42.351283]]},"properties":{"id":"routes-and-regions-skybridge","layer":"routes-and-regions","name":"Skybridge","sourceFolder":"Regions, travel routes, and significant pre-war roads"}},{"type":"Feature","id":"routes-and-regions-h-patney-drive","geometry":{"type":"LineString","coordinates":[[-77.0203,38.9096],[-77.0195,38.9096],[-77.0194,38.9096],[-77.0194,38.9096],[-77.0194,38.9095],[-77.0194,38.9091]]},"properties":{"id":"routes-and-regions-h-patney-drive","layer":"routes-and-regions","name":"H. Patney Drive","sourceFolder":"Regions, travel routes, and significant pre-war roads"}},{"type":"Feature","id":"routes-and-regions-freedom-street","geometry":{"type":"LineString","coordinates":[[-77.0435,38.9002],[-77.038,38.9002],[-77.0307,38.9002],[-77.0305,38.9001],[-77.0303,38.9],[-77.03,38.8999],[-77.0298,38.8998],[-77.0162,38.8998]]},"properties":{"id":"routes-and-regions-freedom-street","layer":"routes-and-regions","name":"Freedom Street","sourceFolder":"Regions, travel routes, and significant pre-war roads"}},{"type":"Feature","id":"routes-and-regions-g-street-6","geometry":{"type":"LineString","coordinates":[[-77.039458,38.898331],[-77.052278,38.89832]]},"properties":{"id":"routes-and-regions-g-street-6","layer":"routes-and-regions","name":"G Street","sourceFolder":"Regions, travel routes, and significant pre-war roads"}},{"type":"Feature","id":"routes-and-regions-elevated-freeway-3","geometry":{"type":"LineString","coordinates":[[-71.0291,42.3758],[-71.025,42.3797],[-71.0212,42.3836],[-71.0201,42.3851],[-71.0183,42.3874],[-71.0176,42.3877],[-71.0156,42.3886],[-71.0145,42.3899],[-71.0085,42.3967],[-71.0026,42.4045],[-71.0018,42.4068],[-71.0016,42.4086],[-71.0022,42.4107],[-71.0037,42.414],[-71.0037,42.4158],[-71.0022,42.4187],[-71.002,42.4198],[-71.0033,42.4208],[-71.0069,42.4222],[-71.0122,42.4256],[-71.016,42.429],[-71.0179,42.4331],[-71.0202,42.4359],[-71.0247,42.4377],[-71.0274,42.4392],[-71.0284,42.4406],[-71.0279,42.4421],[-71.0263,42.4435],[-71.0254,42.4448],[-71.0241,42.4481],[-71.0235,42.4504],[-71.0237,42.4566],[-71.025,42.4645],[-71.0256,42.4685],[-71.0249,42.4714],[-71.0234,42.4766],[-71.0209,42.4809],[-71.0175,42.4884],[-71.0168,42.4904],[-71.0163,42.4933],[-71.0155,42.4982],[-71.0144,42.5021],[-71.0141,42.5059],[-71.013,42.5074],[-71.0098,42.5102],[-71.003,42.5147],[-70.9993,42.5193],[-70.9954,42.5254],[-70.9888,42.5369],[-70.9831,42.5451],[-70.9763,42.5563],[-70.9719,42.5644],[-70.9704,42.5714],[-70.9694,42.575],[-70.966,42.5801],[-70.9627,42.584],[-70.9614,42.5864],[-70.961,42.5889],[-70.9612,42.5908],[-70.9616,42.5923],[-70.9627,42.5946],[-70.964,42.5966],[-70.969,42.604],[-70.974,42.6115],[-70.9781,42.6185],[-70.979,42.6219],[-70.9783,42.6297],[-70.9767,42.6374],[-70.9762,42.676]]},"properties":{"id":"routes-and-regions-elevated-freeway-3","layer":"routes-and-regions","name":"Elevated freeway","sourceFolder":"Regions, travel routes, and significant pre-war roads"}},{"type":"Feature","id":"routes-and-regions-highway","geometry":{"type":"LineString","coordinates":[[-116.9939,36.6273],[-117.0008,36.6314],[-117.008,36.635],[-117.0158,36.637],[-117.0236,36.6384],[-117.0358,36.6407],[-117.1687,36.6535],[-117.2868,36.6634],[-117.4089,36.6826],[-117.5597,36.7083],[-117.7063,36.7349],[-117.8236,36.8078],[-117.9448,36.8851],[-118.0592,36.9602],[-118.2898,37.1732]]},"properties":{"id":"routes-and-regions-highway","layer":"routes-and-regions","name":"Highway","sourceFolder":"Regions, travel routes, and significant pre-war roads"}},{"type":"Feature","id":"routes-and-regions-highway-2","geometry":{"type":"LineString","coordinates":[[-116.9199,36.5733],[-116.925,36.5771],[-116.9293,36.5807],[-116.9317,36.585],[-116.9332,36.5897],[-116.933,36.592],[-116.9324,36.5942],[-116.9313,36.5963],[-116.9305,36.5972],[-116.9274,36.5988],[-116.9257,36.5993],[-116.9233,36.5995],[-116.9209,36.599],[-116.9187,36.5977],[-116.9169,36.5958],[-116.9161,36.5945],[-116.9152,36.5918],[-116.916,36.5882],[-116.9176,36.5857],[-116.9203,36.5842],[-116.9229,36.5834],[-116.9243,36.5833],[-116.9265,36.5835],[-116.9317,36.585],[-116.9416,36.5893],[-116.9531,36.5955],[-116.9829,36.617],[-116.9892,36.6223],[-116.9939,36.6273],[-116.997,36.632],[-116.999,36.6371],[-116.9997,36.6436],[-116.9997,36.6508],[-116.9998,36.6612],[-116.9986,36.6729],[-116.9917,36.693],[-116.9821,36.7133],[-116.9664,36.7395],[-116.9446,36.7642],[-116.9063,36.8071],[-116.8663,36.8422],[-116.8188,36.8811],[-116.7897,36.9027],[-116.7885,36.9033],[-116.7866,36.9037],[-116.7799,36.9025],[-116.7761,36.9021],[-116.7713,36.9028],[-116.7662,36.904],[-116.7624,36.9055],[-116.7611,36.9064],[-116.7594,36.9084]]},"properties":{"id":"routes-and-regions-highway-2","layer":"routes-and-regions","name":"Highway","sourceFolder":"Regions, travel routes, and significant pre-war roads"}},{"type":"Feature","id":"routes-and-regions-high-road","geometry":{"type":"LineString","coordinates":[[-116.4147,36.305],[-116.4485,36.3045],[-116.4823,36.3048],[-116.5141,36.3071],[-116.5398,36.3156],[-116.5647,36.3257],[-116.5896,36.3375],[-116.6782,36.3901],[-116.7482,36.4421],[-116.8176,36.4936],[-116.869,36.5346],[-116.8952,36.5573],[-116.9041,36.563],[-116.9131,36.5682],[-116.9199,36.5733],[-116.9223,36.5767],[-116.9249,36.5835],[-116.9273,36.5933],[-116.9298,36.5973],[-116.9315,36.599],[-116.9337,36.6006],[-116.9389,36.6031],[-116.9439,36.6047],[-116.949,36.6059],[-116.9536,36.6067],[-116.9583,36.6069],[-116.9641,36.6061],[-116.9699,36.6044],[-116.9733,36.6026],[-116.9765,36.6004],[-116.9802,36.5986],[-116.9861,36.5974],[-116.9927,36.5968],[-116.9974,36.5967],[-116.9994,36.5972],[-117.0018,36.5979],[-117.0021,36.598],[-117.0061,36.6001],[-117.0114,36.6037],[-117.0177,36.6126],[-117.0227,36.6172],[-117.0259,36.619],[-117.0309,36.6207],[-117.0368,36.6218],[-117.0434,36.6225],[-117.0614,36.6225],[-117.0813,36.6212],[-117.119,36.6169],[-117.1331,36.6141],[-117.1451,36.6104],[-117.1518,36.6065],[-117.1583,36.6012],[-117.1795,36.5839],[-117.2013,36.5623],[-117.2146,36.5415],[-117.2246,36.5187],[-117.2301,36.4873],[-117.2372,36.4555],[-117.2565,36.43],[-117.2757,36.4058],[-117.2875,36.3636],[-117.2903,36.359],[-117.2933,36.3549],[-117.2967,36.3515],[-117.3004,36.3489],[-117.3036,36.3475],[-117.3069,36.3468],[-117.316,36.3458],[-117.3787,36.3403],[-117.4564,36.337],[-117.517,36.3446],[-117.5647,36.3535],[-117.5746,36.3568],[-117.5785,36.3586],[-117.5815,36.3604],[-117.5836,36.3623],[-117.5842,36.3634],[-117.5842,36.367],[-117.5846,36.3683],[-117.587,36.3718],[-117.5941,36.3793],[-117.5976,36.3793],[-117.5998,36.3789],[-117.6094,36.3744],[-117.622,36.3666],[-117.6335,36.3581],[-117.6386,36.3526],[-117.6468,36.34],[-117.6515,36.3343],[-117.6576,36.3301],[-117.6667,36.3279],[-117.7009,36.3259],[-117.7125,36.3268],[-117.7311,36.335],[-117.7726,36.358],[-117.7908,36.3699],[-117.804,36.3879],[-117.8144,36.4074],[-117.8265,36.4285],[-117.8652,36.4782],[-117.9078,36.5268],[-117.9372,36.5447],[-117.9667,36.5608],[-117.993,36.5731],[-118.0092,36.5769],[-118.0245,36.5785],[-118.0377,36.5793],[-118.0576,36.5794]]},"properties":{"id":"routes-and-regions-high-road","layer":"routes-and-regions","name":"High Road","sourceFolder":"Regions, travel routes, and significant pre-war roads"}},{"type":"Feature","id":"routes-and-regions-pedestrian-bridge","geometry":{"type":"LineString","coordinates":[[-71.172106,42.273639],[-71.172334,42.273257]]},"properties":{"id":"routes-and-regions-pedestrian-bridge","layer":"routes-and-regions","name":"Pedestrian bridge","sourceFolder":"Regions, travel routes, and significant pre-war roads"}},{"type":"Feature","id":"routes-and-regions-pedestrian-bridge-2","geometry":{"type":"LineString","coordinates":[[-71.079271,42.354255],[-71.078788,42.354392],[-71.07893,42.354687],[-71.079429,42.354557]]},"properties":{"id":"routes-and-regions-pedestrian-bridge-2","layer":"routes-and-regions","name":"Pedestrian bridge","sourceFolder":"Regions, travel routes, and significant pre-war roads"}},{"type":"Feature","id":"routes-and-regions-skybridge-2","geometry":{"type":"LineString","coordinates":[[-71.055248,42.354614],[-71.054867,42.354304]]},"properties":{"id":"routes-and-regions-skybridge-2","layer":"routes-and-regions","name":"Skybridge","sourceFolder":"Regions, travel routes, and significant pre-war roads"}},{"type":"Feature","id":"routes-and-regions-highway-3","geometry":{"type":"LineString","coordinates":[[-117.6699,35.6225],[-117.6214,35.6204],[-117.6,35.6218],[-117.5881,35.626],[-117.5779,35.6316],[-117.565,35.6369],[-117.5095,35.6449],[-117.4497,35.6547],[-117.4142,35.6702],[-117.3817,35.6876],[-117.3936,35.7091],[-117.4034,35.7307],[-117.406,35.7411],[-117.3971,35.754],[-117.3842,35.7685],[-117.3523,35.7991],[-117.3401,35.8157],[-117.3325,35.8526],[-117.3285,35.8932],[-117.3223,35.9337],[-117.2985,35.9898],[-117.266,36.0559],[-117.0249,36.5271],[-117.014,36.5515],[-117.004,36.582],[-117.0026,36.5866],[-116.9963,36.6095],[-116.9878,36.6352],[-116.9772,36.6864],[-116.9628,36.7335],[-116.9446,36.7642]]},"properties":{"id":"routes-and-regions-highway-3","layer":"routes-and-regions","name":"Highway","sourceFolder":"Regions, travel routes, and significant pre-war roads"}},{"type":"Feature","id":"routes-and-regions-highway-4","geometry":{"type":"LineString","coordinates":[[-117.014,36.5515],[-117.0042,36.5858],[-117.0016,36.5946],[-116.9995,36.6023],[-116.9983,36.6095],[-116.9984,36.6126],[-116.999,36.6158],[-117.0004,36.6196],[-117.0024,36.6233],[-117.0049,36.627],[-117.0079,36.6302],[-117.0112,36.6326],[-117.0149,36.6346],[-117.0236,36.6384]]},"properties":{"id":"routes-and-regions-highway-4","layer":"routes-and-regions","name":"Highway","sourceFolder":"Regions, travel routes, and significant pre-war roads"}},{"type":"Feature","id":"routes-and-regions-unnamed-321","geometry":{"type":"LineString","coordinates":[[-119.1327,39.1282],[-119.1327,39.1278],[-119.1327,39.1275],[-119.1327,39.1274],[-119.1329,39.1274],[-119.1337,39.1274],[-119.1341,39.1275],[-119.1351,39.1281],[-119.1374,39.1281],[-119.1579,39.1282],[-119.181,39.1282]]},"properties":{"id":"routes-and-regions-unnamed-321","layer":"routes-and-regions","name":null,"sourceFolder":"Regions, travel routes, and significant pre-war roads"}},{"type":"Feature","id":"routes-and-regions-unnamed-322","geometry":{"type":"LineString","coordinates":[[-114.95193,35.760619],[-114.952155,35.775987]]},"properties":{"id":"routes-and-regions-unnamed-322","layer":"routes-and-regions","name":null,"sourceFolder":"Regions, travel routes, and significant pre-war roads"}},{"type":"Feature","id":"routes-and-regions-highway-5","geometry":{"type":"LineString","coordinates":[[-117.0016,36.5946],[-117.0017,36.5994],[-117.0023,36.6069],[-117.0043,36.6111],[-117.007,36.6151],[-117.0087,36.6165],[-117.0107,36.6176],[-117.0146,36.619],[-117.0192,36.6202],[-117.0305,36.6219],[-117.0434,36.6225]]},"properties":{"id":"routes-and-regions-highway-5","layer":"routes-and-regions","name":"Highway","sourceFolder":"Regions, travel routes, and significant pre-war roads"}},{"type":"Feature","id":"routes-and-regions-unnamed-324","geometry":{"type":"LineString","coordinates":[[-114.943,35.6425],[-114.9499,35.6464],[-114.9564,35.6495],[-114.9587,35.65],[-114.963,35.6503],[-114.965,35.6509],[-114.9676,35.6528],[-114.9701,35.6554],[-114.9742,35.6617],[-114.9772,35.6699],[-114.9791,35.6788],[-114.9814,35.6968],[-114.9807,35.705],[-114.9763,35.7294],[-114.9678,35.7644],[-114.9664,35.771],[-114.9658,35.7767],[-114.9667,35.7845],[-114.9677,35.7876],[-114.969,35.7898],[-114.9709,35.7914],[-114.9738,35.7925],[-114.9775,35.7931],[-114.9849,35.7933],[-114.9932,35.793]]},"properties":{"id":"routes-and-regions-unnamed-324","layer":"routes-and-regions","name":null,"sourceFolder":"Regions, travel routes, and significant pre-war roads"}},{"type":"Feature","id":"routes-and-regions-unnamed-325","geometry":{"type":"LineString","coordinates":[[-117.0019,36.5974],[-117.0034,36.5974],[-117.0039,36.5973],[-117.0042,36.597],[-117.0044,36.5966],[-117.0044,36.5963],[-117.0044,36.5955],[-117.0047,36.5948],[-117.0053,36.5944],[-117.0059,36.5943],[-117.0066,36.5946],[-117.0069,36.5951],[-117.0075,36.5957],[-117.0087,36.5958],[-117.0099,36.5958],[-117.0104,36.5956],[-117.0107,36.5951],[-117.0108,36.5945],[-117.0112,36.5942],[-117.0132,36.5935]]},"properties":{"id":"routes-and-regions-unnamed-325","layer":"routes-and-regions","name":null,"sourceFolder":"Regions, travel routes, and significant pre-war roads"}},{"type":"Feature","id":"routes-and-regions-unnamed-326","geometry":{"type":"LineString","coordinates":[[-117.0044,36.5963],[-117.0031,36.5963],[-117.002,36.5963],[-117.0014,36.5962],[-117.0008,36.5959],[-117,36.595],[-116.9992,36.5925],[-116.9986,36.5898],[-116.9989,36.5867],[-117,36.5845]]},"properties":{"id":"routes-and-regions-unnamed-326","layer":"routes-and-regions","name":null,"sourceFolder":"Regions, travel routes, and significant pre-war roads"}},{"type":"Feature","id":"routes-and-regions-unnamed-327","geometry":{"type":"LineString","coordinates":[[-117.003065,36.59633],[-117.00306,36.594655]]},"properties":{"id":"routes-and-regions-unnamed-327","layer":"routes-and-regions","name":null,"sourceFolder":"Regions, travel routes, and significant pre-war roads"}},{"type":"Feature","id":"routes-and-regions-unnamed-328","geometry":{"type":"LineString","coordinates":[[-117.0069,36.5951],[-117.0064,36.5954],[-117.0063,36.5959],[-117.0063,36.5971]]},"properties":{"id":"routes-and-regions-unnamed-328","layer":"routes-and-regions","name":null,"sourceFolder":"Regions, travel routes, and significant pre-war roads"}},{"type":"Feature","id":"routes-and-regions-unnamed-329","geometry":{"type":"LineString","coordinates":[[-117.0036,36.5947],[-117.0031,36.5947],[-117.0022,36.5947]]},"properties":{"id":"routes-and-regions-unnamed-329","layer":"routes-and-regions","name":null,"sourceFolder":"Regions, travel routes, and significant pre-war roads"}},{"type":"Feature","id":"routes-and-regions-unnamed-330","geometry":{"type":"LineString","coordinates":[[-116.087,35.2543],[-116.0822,35.2565],[-116.0786,35.257],[-116.0752,35.2571],[-116.0722,35.2565],[-116.0684,35.2541]]},"properties":{"id":"routes-and-regions-unnamed-330","layer":"routes-and-regions","name":null,"sourceFolder":"Regions, travel routes, and significant pre-war roads"}},{"type":"Feature","id":"routes-and-regions-unnamed-331","geometry":{"type":"LineString","coordinates":[[-117.0112,36.5942],[-117.011,36.5941],[-117.0107,36.5941],[-117.0104,36.5942],[-117.01,36.5945],[-117.0094,36.5946],[-117.0088,36.5945],[-117.0082,36.5943],[-117.0081,36.5942],[-117.008,36.594],[-117.0081,36.5933]]},"properties":{"id":"routes-and-regions-unnamed-331","layer":"routes-and-regions","name":null,"sourceFolder":"Regions, travel routes, and significant pre-war roads"}},{"type":"Feature","id":"routes-and-regions-unnamed-332","geometry":{"type":"LineString","coordinates":[[-71.0754,42.3486],[-71.0751,42.348],[-71.075,42.3478],[-71.0749,42.3477],[-71.0747,42.3476],[-71.0742,42.3475],[-71.0738,42.3475],[-71.0731,42.3476],[-71.0727,42.3478],[-71.0721,42.3479]]},"properties":{"id":"routes-and-regions-unnamed-332","layer":"routes-and-regions","name":null,"sourceFolder":"Regions, travel routes, and significant pre-war roads"}},{"type":"Feature","id":"routes-and-regions-unnamed-333","geometry":{"type":"LineString","coordinates":[[-115.2817,35.4647],[-115.2776,35.4571],[-115.2757,35.4533],[-115.2742,35.4492],[-115.2735,35.443],[-115.2733,35.4362]]},"properties":{"id":"routes-and-regions-unnamed-333","layer":"routes-and-regions","name":null,"sourceFolder":"Regions, travel routes, and significant pre-war roads"}},{"type":"Feature","id":"routes-and-regions-fairford-street","geometry":{"type":"LineString","coordinates":[[-77.162955,38.886849],[-77.160056,38.884356]]},"properties":{"id":"routes-and-regions-fairford-street","layer":"routes-and-regions","name":"Fairford Street","sourceFolder":"Regions, travel routes, and significant pre-war roads"}},{"type":"Feature","id":"routes-and-regions-north-washington-street","geometry":{"type":"LineString","coordinates":[[-78.2278,39.6269],[-78.226,39.6293],[-78.2235,39.6328]]},"properties":{"id":"routes-and-regions-north-washington-street","layer":"routes-and-regions","name":"North Washington Street","sourceFolder":"Regions, travel routes, and significant pre-war roads"}},{"type":"Feature","id":"routes-and-regions-south-washington-street","geometry":{"type":"LineString","coordinates":[[-78.2278,39.6269],[-78.2289,39.6252],[-78.2297,39.624],[-78.2301,39.6214],[-78.2311,39.617],[-78.2314,39.6164],[-78.233,39.6141]]},"properties":{"id":"routes-and-regions-south-washington-street","layer":"routes-and-regions","name":"South Washington Street","sourceFolder":"Regions, travel routes, and significant pre-war roads"}},{"type":"Feature","id":"routes-and-regions-fairfax-street","geometry":{"type":"LineString","coordinates":[[-78.2289,39.6276],[-78.2287,39.6275],[-78.2285,39.6273],[-78.2278,39.6269],[-78.2262,39.6262],[-78.2259,39.626],[-78.2241,39.6252],[-78.224,39.6251],[-78.224,39.6244],[-78.2239,39.6242],[-78.2237,39.6241],[-78.2228,39.6241],[-78.2216,39.6238],[-78.2204,39.6237],[-78.2199,39.6238],[-78.2182,39.6245],[-78.2171,39.6252],[-78.2166,39.6259],[-78.2156,39.6265],[-78.2152,39.6265],[-78.2125,39.6258],[-78.2099,39.6256],[-78.2085,39.6251],[-78.2071,39.6252],[-78.2063,39.6247],[-78.2061,39.6241]]},"properties":{"id":"routes-and-regions-fairfax-street","layer":"routes-and-regions","name":"Fairfax Street","sourceFolder":"Regions, travel routes, and significant pre-war roads"}},{"type":"Feature","id":"routes-and-regions-market-street","geometry":{"type":"LineString","coordinates":[[-78.2289,39.62523],[-78.225277,39.623637]]},"properties":{"id":"routes-and-regions-market-street","layer":"routes-and-regions","name":"Market Street","sourceFolder":"Regions, travel routes, and significant pre-war roads"}},{"type":"Feature","id":"routes-and-regions-cacapon-road","geometry":{"type":"LineString","coordinates":[[-78.226,39.6293],[-78.227,39.6297],[-78.2272,39.6298],[-78.2274,39.6297],[-78.2277,39.6295],[-78.2283,39.6291],[-78.2291,39.6281],[-78.2306,39.626],[-78.2329,39.6237],[-78.2332,39.6236],[-78.2339,39.6239],[-78.2342,39.6239],[-78.2361,39.6233],[-78.2393,39.6238],[-78.2402,39.6237],[-78.2408,39.6238],[-78.2419,39.6239],[-78.2423,39.6241],[-78.243,39.6252],[-78.2438,39.6258],[-78.2462,39.6254],[-78.2477,39.6242],[-78.2485,39.6238],[-78.249,39.6239],[-78.2495,39.6243],[-78.2503,39.6259],[-78.2495,39.6278],[-78.2487,39.6289],[-78.2478,39.6312],[-78.2479,39.6315],[-78.2491,39.6335],[-78.2499,39.6338],[-78.2504,39.6337],[-78.2508,39.6331],[-78.2516,39.6307],[-78.2521,39.6286],[-78.2537,39.6263],[-78.257,39.6239],[-78.2596,39.6223],[-78.2599,39.6217],[-78.2625,39.6184],[-78.264,39.6176],[-78.2662,39.617],[-78.2691,39.615],[-78.27,39.6146],[-78.2711,39.6147],[-78.273,39.6152],[-78.275,39.6152],[-78.2766,39.6156],[-78.2791,39.6177],[-78.2821,39.6182]]},"properties":{"id":"routes-and-regions-cacapon-road","layer":"routes-and-regions","name":"Cacapon Road","sourceFolder":"Regions, travel routes, and significant pre-war roads"}},{"type":"Feature","id":"routes-and-regions-virginia-street","geometry":{"type":"LineString","coordinates":[[-120.0009,39.6723],[-119.9991,39.6701],[-119.9982,39.6684],[-119.9967,39.6664],[-119.9948,39.6648],[-119.9868,39.6553],[-119.9839,39.6525],[-119.9798,39.6503],[-119.9678,39.6465],[-119.963,39.6446],[-119.9608,39.6426],[-119.9591,39.6417],[-119.9536,39.641],[-119.9517,39.6402],[-119.9331,39.6287],[-119.9263,39.6259],[-119.9244,39.6252],[-119.9217,39.6257],[-119.9135,39.625],[-119.8982,39.622],[-119.8964,39.6216],[-119.8695,39.6113],[-119.8411,39.5989],[-119.8385,39.597],[-119.837,39.5954],[-119.8361,39.5935],[-119.8347,39.5886],[-119.8341,39.5877],[-119.8316,39.5863],[-119.8308,39.5855],[-119.8299,39.5837],[-119.832,39.5816],[-119.8328,39.5799],[-119.8328,39.5784],[-119.8321,39.5768],[-119.8294,39.5737],[-119.8258,39.5707],[-119.8248,39.5695],[-119.8244,39.5681],[-119.8243,39.5666],[-119.825,39.5646],[-119.8262,39.5625],[-119.8264,39.5616],[-119.8266,39.5575],[-119.8267,39.5545],[-119.8254,39.5527],[-119.8231,39.5513],[-119.8217,39.5497],[-119.8204,39.5458],[-119.8199,39.5452],[-119.8171,39.5425],[-119.8172,39.5392],[-119.8157,39.5347],[-119.8137,39.5282],[-119.8133,39.5269],[-119.8128,39.5253],[-119.8123,39.5244],[-119.8114,39.5221],[-119.811,39.5218],[-119.7988,39.4968],[-119.7946,39.4881],[-119.7733,39.4446],[-119.7566,39.4189],[-119.7462,39.4028],[-119.7441,39.3995],[-119.7434,39.3977],[-119.7405,39.3863],[-119.7405,39.3835],[-119.7414,39.3817],[-119.7438,39.3783],[-119.7445,39.3773],[-119.7463,39.3729],[-119.7477,39.3708],[-119.7508,39.3668],[-119.7528,39.365],[-119.755,39.3636],[-119.7597,39.3617],[-119.7641,39.3608],[-119.7655,39.3602],[-119.773,39.3562],[-119.7753,39.3541],[-119.7781,39.35],[-119.7788,39.3478],[-119.7775,39.3428],[-119.7787,39.3387],[-119.7808,39.3355],[-119.7829,39.3343],[-119.7921,39.3317]]},"properties":{"id":"routes-and-regions-virginia-street","layer":"routes-and-regions","name":"Virginia Street","sourceFolder":"Regions, travel routes, and significant pre-war roads"}},{"type":"Feature","id":"routes-and-regions-main-street","geometry":{"type":"LineString","coordinates":[[-80.348,39.2821],[-80.3476,39.282],[-80.3471,39.2818],[-80.3456,39.2809],[-80.3448,39.2806],[-80.339,39.2791],[-80.329,39.2776],[-80.3287,39.2775],[-80.326,39.2753],[-80.3245,39.2741],[-80.3235,39.2734],[-80.3215,39.2718],[-80.3208,39.2711],[-80.3194,39.2683],[-80.3193,39.2682],[-80.3177,39.2676]]},"properties":{"id":"routes-and-regions-main-street","layer":"routes-and-regions","name":"Main Street","sourceFolder":"Regions, travel routes, and significant pre-war roads"}},{"type":"Feature","id":"routes-and-regions-main-street-2","geometry":{"type":"LineString","coordinates":[[-81.6604,38.3667],[-81.6585,38.3658],[-81.6583,38.3655],[-81.6497,38.3614],[-81.6494,38.3611]]},"properties":{"id":"routes-and-regions-main-street-2","layer":"routes-and-regions","name":"Main Street","sourceFolder":"Regions, travel routes, and significant pre-war roads"}},{"type":"Feature","id":"routes-and-regions-oak-street-2","geometry":{"type":"LineString","coordinates":[[-81.6631,38.3751],[-81.6625,38.3749],[-81.6614,38.3742],[-81.6611,38.3743],[-81.6609,38.3741],[-81.6607,38.3742],[-81.6605,38.374],[-81.6602,38.3739],[-81.6598,38.3736],[-81.6592,38.3735],[-81.6566,38.3723],[-81.6564,38.3723],[-81.6549,38.3716]]},"properties":{"id":"routes-and-regions-oak-street-2","layer":"routes-and-regions","name":"Oak Street","sourceFolder":"Regions, travel routes, and significant pre-war roads"}},{"type":"Feature","id":"routes-and-regions-oak-street-3","geometry":{"type":"LineString","coordinates":[[-81.654751,38.371725],[-81.653462,38.371268]]},"properties":{"id":"routes-and-regions-oak-street-3","layer":"routes-and-regions","name":"Oak Street","sourceFolder":"Regions, travel routes, and significant pre-war roads"}},{"type":"Feature","id":"routes-and-regions-oak-street-4","geometry":{"type":"LineString","coordinates":[[-81.653344,38.371445],[-81.651948,38.370697]]},"properties":{"id":"routes-and-regions-oak-street-4","layer":"routes-and-regions","name":"Oak Street","sourceFolder":"Regions, travel routes, and significant pre-war roads"}},{"type":"Feature","id":"routes-and-regions-oak-street-5","geometry":{"type":"LineString","coordinates":[[-81.651908,38.37057],[-81.647697,38.369049]]},"properties":{"id":"routes-and-regions-oak-street-5","layer":"routes-and-regions","name":"Oak Street","sourceFolder":"Regions, travel routes, and significant pre-war roads"}},{"type":"Feature","id":"routes-and-regions-east-street","geometry":{"type":"LineString","coordinates":[[-81.600657,38.335275],[-81.600764,38.334461]]},"properties":{"id":"routes-and-regions-east-street","layer":"routes-and-regions","name":"East Street","sourceFolder":"Regions, travel routes, and significant pre-war roads"}},{"type":"Feature","id":"routes-and-regions-washington-street","geometry":{"type":"LineString","coordinates":[[-81.5998,38.3351],[-81.6007,38.3353],[-81.6039,38.3358],[-81.6082,38.3367],[-81.6101,38.3372]]},"properties":{"id":"routes-and-regions-washington-street","layer":"routes-and-regions","name":"Washington Street","sourceFolder":"Regions, travel routes, and significant pre-war roads"}},{"type":"Feature","id":"routes-and-regions-washington-street-2","geometry":{"type":"LineString","coordinates":[[-81.6137,38.3389],[-81.6165,38.3405],[-81.6219,38.343],[-81.6244,38.3447],[-81.6314,38.3505],[-81.6343,38.3539],[-81.6345,38.3541],[-81.6389,38.3569],[-81.6394,38.3573],[-81.6403,38.359],[-81.6417,38.3625],[-81.6428,38.3639],[-81.6436,38.3643],[-81.6458,38.3652],[-81.648,38.3659],[-81.6506,38.367],[-81.6514,38.3672],[-81.6604,38.3715],[-81.6627,38.3729],[-81.6647,38.374],[-81.6653,38.3748],[-81.6655,38.3754],[-81.6659,38.376],[-81.6675,38.3757],[-81.6685,38.3753],[-81.6692,38.3753],[-81.6695,38.3753],[-81.6706,38.3757],[-81.6721,38.3762],[-81.6762,38.3771],[-81.6804,38.3775],[-81.6849,38.3778],[-81.6864,38.3778],[-81.6882,38.3776],[-81.6894,38.3778],[-81.69,38.3777],[-81.6921,38.3772],[-81.6933,38.377],[-81.6975,38.3759]]},"properties":{"id":"routes-and-regions-washington-street-2","layer":"routes-and-regions","name":"Washington Street","sourceFolder":"Regions, travel routes, and significant pre-war roads"}},{"type":"Feature","id":"routes-and-regions-dickinson-street","geometry":{"type":"LineString","coordinates":[[-81.6382,38.3458],[-81.636,38.3476],[-81.6343,38.3488],[-81.6314,38.3505],[-81.6292,38.3519]]},"properties":{"id":"routes-and-regions-dickinson-street","layer":"routes-and-regions","name":"Dickinson Street","sourceFolder":"Regions, travel routes, and significant pre-war roads"}},{"type":"Feature","id":"routes-and-regions-carpenter-street","geometry":{"type":"LineString","coordinates":[[-82.1042,39.3325],[-82.1032,39.3325],[-82.1023,39.3324],[-82.1009,39.3323],[-82.0995,39.3322],[-82.0981,39.3321]]},"properties":{"id":"routes-and-regions-carpenter-street","layer":"routes-and-regions","name":"Carpenter Street","sourceFolder":"Regions, travel routes, and significant pre-war roads"}},{"type":"Feature","id":"routes-and-regions-court-street-2","geometry":{"type":"LineString","coordinates":[[-82.100912,39.332259],[-82.101531,39.325274]]},"properties":{"id":"routes-and-regions-court-street-2","layer":"routes-and-regions","name":"Court Street","sourceFolder":"Regions, travel routes, and significant pre-war roads"}},{"type":"Feature","id":"routes-and-regions-union-street","geometry":{"type":"LineString","coordinates":[[-82.1276,39.3302],[-82.1262,39.3308],[-82.1251,39.331],[-82.1218,39.3311],[-82.1201,39.3309],[-82.1185,39.3301],[-82.1081,39.3297],[-82.1054,39.3293],[-82.1035,39.3277],[-82.1027,39.3276],[-82.1026,39.3276],[-82.1,39.3275],[-82.0988,39.3274],[-82.0946,39.3273]]},"properties":{"id":"routes-and-regions-union-street","layer":"routes-and-regions","name":"Union Street","sourceFolder":"Regions, travel routes, and significant pre-war roads"}},{"type":"Feature","id":"routes-and-regions-college-street","geometry":{"type":"LineString","coordinates":[[-82.0995,39.3322],[-82.0998,39.3291],[-82.1,39.3275]]},"properties":{"id":"routes-and-regions-college-street","layer":"routes-and-regions","name":"College Street","sourceFolder":"Regions, travel routes, and significant pre-war roads"}},{"type":"Feature","id":"routes-and-regions-congress-street-2","geometry":{"type":"LineString","coordinates":[[-82.102316,39.332355],[-82.102723,39.327633]]},"properties":{"id":"routes-and-regions-congress-street-2","layer":"routes-and-regions","name":"Congress Street","sourceFolder":"Regions, travel routes, and significant pre-war roads"}},{"type":"Feature","id":"routes-and-regions-richland-street","geometry":{"type":"LineString","coordinates":[[-82.1031,39.3041],[-82.1046,39.3088],[-82.1036,39.3116],[-82.104,39.3138],[-82.106,39.3173],[-82.1054,39.321],[-82.104,39.3246],[-82.1029,39.3268],[-82.1026,39.3272],[-82.1026,39.3276]]},"properties":{"id":"routes-and-regions-richland-street","layer":"routes-and-regions","name":"Richland Street","sourceFolder":"Regions, travel routes, and significant pre-war roads"}},{"type":"Feature","id":"routes-and-regions-washington-street-3","geometry":{"type":"LineString","coordinates":[[-82.0998,39.3291],[-82.1037,39.3293],[-82.1046,39.3302],[-82.1082,39.332],[-82.1105,39.3321]]},"properties":{"id":"routes-and-regions-washington-street-3","layer":"routes-and-regions","name":"Washington Street","sourceFolder":"Regions, travel routes, and significant pre-war roads"}},{"type":"Feature","id":"routes-and-regions-blue-ridge-parkway","geometry":{"type":"LineString","coordinates":[[-78.8596,38.0324],[-78.8571,38.0284],[-78.8819,38.0102],[-78.8929,38.0011],[-78.9003,37.9926],[-78.9019,37.9871],[-78.9016,37.9818],[-78.9009,37.9766],[-78.901,37.9714],[-78.9024,37.9627],[-78.9034,37.9584],[-78.9051,37.9543],[-78.9079,37.9509],[-78.9126,37.948],[-78.9186,37.946],[-78.9327,37.9424],[-78.9395,37.9395],[-78.9616,37.9218],[-78.9841,37.9032],[-78.9932,37.8976],[-79.0025,37.8928],[-79.0115,37.8887],[-79.0205,37.8864],[-79.0275,37.8863],[-79.0485,37.8912],[-79.0534,37.894],[-79.0562,37.897],[-79.058,37.9006],[-79.0617,37.9124],[-79.0755,37.9108],[-79.0905,37.9081],[-79.1219,37.8979],[-79.1564,37.8853],[-79.1495,37.8729],[-79.1467,37.8665],[-79.146,37.8596],[-79.1505,37.8488],[-79.1664,37.8237],[-79.1753,37.8133],[-79.1852,37.8056],[-79.2065,37.7933],[-79.2318,37.8142],[-79.2396,37.8097],[-79.2482,37.8037],[-79.2748,37.7756],[-79.3029,37.74],[-79.339,37.674],[-79.3205,37.6646],[-79.3312,37.6423],[-79.3338,37.6354],[-79.3339,37.6294],[-79.332,37.6259],[-79.3213,37.6175],[-79.3194,37.614],[-79.3197,37.6079],[-79.3287,37.5859],[-79.333,37.5805],[-79.3374,37.5774],[-79.3425,37.5753],[-79.3531,37.5718],[-79.3535,37.5569],[-79.3696,37.5548],[-79.3799,37.5523],[-79.3915,37.5513],[-79.3977,37.5513],[-79.4027,37.5523],[-79.4053,37.5537],[-79.4111,37.5596],[-79.4082,37.563],[-79.4118,37.5684],[-79.4126,37.5663],[-79.4116,37.5626],[-79.4319,37.5646],[-79.4284,37.5565],[-79.4569,37.5589],[-79.4521,37.5502],[-79.4632,37.5468],[-79.4662,37.5457],[-79.4683,37.5444],[-79.469,37.5428],[-79.4691,37.5404],[-79.4737,37.5403],[-79.4758,37.5448],[-79.4801,37.5451],[-79.4827,37.5448],[-79.4902,37.5415],[-79.5086,37.5306],[-79.5043,37.5246],[-79.5036,37.5226],[-79.5037,37.5207],[-79.5058,37.5148],[-79.5102,37.5146],[-79.5127,37.5139],[-79.5146,37.5118],[-79.5167,37.5079],[-79.5237,37.5083],[-79.5254,37.5045],[-79.5328,37.5041],[-79.5324,37.5023],[-79.5326,37.5011],[-79.534,37.4994],[-79.5364,37.4976],[-79.5452,37.4915],[-79.5485,37.4927],[-79.5507,37.4929],[-79.5527,37.4921],[-79.5553,37.4899],[-79.5561,37.4883],[-79.557,37.4821],[-79.5629,37.4814],[-79.5659,37.4807],[-79.5708,37.4787],[-79.5758,37.4759],[-79.58,37.4726],[-79.5825,37.4684],[-79.5841,37.4637],[-79.5864,37.4598],[-79.5891,37.4576],[-79.5953,37.4546],[-79.6001,37.4536],[-79.6023,37.4527],[-79.6049,37.4506],[-79.6097,37.4448],[-79.6174,37.4472],[-79.6215,37.4492],[-79.6316,37.4581],[-79.6429,37.47],[-79.6536,37.4789],[-79.6577,37.481],[-79.6617,37.4825],[-79.6656,37.4833],[-79.6698,37.4836],[-79.6753,37.483],[-79.6811,37.4814],[-79.6869,37.4791],[-79.6923,37.4762],[-79.6994,37.4696],[-79.7057,37.4614],[-79.7133,37.4535],[-79.751,37.4308],[-79.7531,37.4284],[-79.7543,37.4263],[-79.7564,37.4242],[-79.7634,37.4204],[-79.7726,37.4167],[-79.7813,37.4138],[-79.7967,37.4107],[-79.8098,37.4056],[-79.8132,37.4078],[-79.8258,37.4033],[-79.8316,37.4008],[-79.836,37.3978],[-79.8383,37.3948],[-79.8397,37.3914],[-79.8408,37.3845],[-79.8401,37.3785],[-79.8388,37.3728],[-79.839,37.364],[-79.8357,37.3564],[-79.8356,37.3546],[-79.8361,37.3531],[-79.8371,37.3518],[-79.8414,37.3475],[-79.8528,37.3352],[-79.857,37.3287],[-79.8577,37.3241],[-79.8572,37.3195],[-79.8579,37.315],[-79.861,37.3107],[-79.8701,37.3021],[-79.8725,37.2989],[-79.8726,37.298],[-79.872,37.2959],[-79.86,37.2941],[-79.8569,37.2931],[-79.8542,37.2913],[-79.8532,37.2903],[-79.852,37.2879],[-79.8519,37.2861],[-79.8525,37.284],[-79.8551,37.2771],[-79.8574,37.2631],[-79.8657,37.2609],[-79.8679,37.2596],[-79.8697,37.2572],[-79.8732,37.2482],[-79.8754,37.2448],[-79.8767,37.2434],[-79.8784,37.2422],[-79.8819,37.241],[-79.891,37.2398],[-79.895,37.2386],[-79.8993,37.2358],[-79.9062,37.2293],[-79.9093,37.2266],[-79.9115,37.2255],[-79.9131,37.2255],[-79.9187,37.2269],[-79.9203,37.2268],[-79.9214,37.2263],[-79.924,37.2234],[-79.925,37.2228],[-79.9273,37.2225],[-79.9297,37.2228],[-79.9319,37.2237],[-79.9363,37.2262],[-79.9404,37.2242],[-79.9434,37.2214],[-79.9455,37.2182],[-79.9456,37.217],[-79.9446,37.2134],[-79.9488,37.2111],[-79.9501,37.2106],[-79.9539,37.2111],[-79.9565,37.21],[-79.9581,37.2084],[-79.9625,37.2082],[-79.964,37.2078],[-79.9655,37.2067],[-79.9684,37.2031],[-79.9702,37.2016],[-79.9745,37.1996],[-79.9844,37.1962],[-79.9927,37.1923],[-79.9961,37.191],[-79.9982,37.1908],[-79.9993,37.191],[-80.0022,37.1949],[-80.0064,37.1963],[-80.0113,37.197],[-80.0154,37.1971],[-80.0193,37.1967],[-80.0267,37.1951],[-80.0307,37.1956],[-80.036,37.1942],[-80.0388,37.1931],[-80.0409,37.1916],[-80.0422,37.1898],[-80.0442,37.1838],[-80.0467,37.1815],[-80.049,37.183],[-80.0518,37.1833],[-80.0539,37.1829],[-80.0554,37.1819],[-80.057,37.1805],[-80.0616,37.1752],[-80.0645,37.1794],[-80.0668,37.1802],[-80.0749,37.1813],[-80.0787,37.1814],[-80.0814,37.1807],[-80.0825,37.1799],[-80.0831,37.1766],[-80.0859,37.1751],[-80.0867,37.1737],[-80.0868,37.1719],[-80.0853,37.1695],[-80.083,37.1673],[-80.0777,37.166],[-80.0765,37.1647],[-80.0763,37.1638],[-80.0771,37.162],[-80.0783,37.161],[-80.0845,37.1605],[-80.0875,37.1583],[-80.0894,37.1557],[-80.0895,37.1535],[-80.0927,37.1506],[-80.097,37.1481],[-80.101,37.1474],[-80.1048,37.1456],[-80.108,37.1432],[-80.1092,37.1386],[-80.114,37.1343],[-80.121,37.1293],[-80.1264,37.1247],[-80.1281,37.1223],[-80.1291,37.12],[-80.1298,37.1174],[-80.1298,37.1128],[-80.1282,37.1025],[-80.1208,37.1018],[-80.1186,37.1013],[-80.1166,37.1004],[-80.1145,37.0984],[-80.1128,37.0957],[-80.1114,37.0926],[-80.1095,37.0862],[-80.1088,37.082],[-80.1086,37.0775],[-80.109,37.0731],[-80.1104,37.0693],[-80.1129,37.0665],[-80.1236,37.0596],[-80.1209,37.0531],[-80.1191,37.0503],[-80.1176,37.049],[-80.114,37.0468],[-80.1126,37.0454],[-80.1118,37.0426],[-80.1113,37.032],[-80.1104,37.0297],[-80.1083,37.0286],[-80.1047,37.0277],[-80.11,37.0256],[-80.1154,37.0229],[-80.121,37.0174],[-80.1267,37.0107],[-80.1312,37.0062],[-80.1342,37.0053],[-80.1348,36.9965],[-80.136,36.9926],[-80.1379,36.9899],[-80.1403,36.9875],[-80.1432,36.9856],[-80.1465,36.9843],[-80.1503,36.9835],[-80.1538,36.9822],[-80.1571,36.9801],[-80.1601,36.9777],[-80.1623,36.9751],[-80.1641,36.9719],[-80.1644,36.9685],[-80.1633,36.9657],[-80.1562,36.9564],[-80.1603,36.9551],[-80.1622,36.9535],[-80.1648,36.9546],[-80.1686,36.9542],[-80.1729,36.9527],[-80.176,36.9503],[-80.1792,36.9469],[-80.1819,36.9433],[-80.1837,36.9403],[-80.1844,36.9353],[-80.1866,36.9315],[-80.19,36.9272],[-80.1938,36.9237],[-80.1969,36.9223],[-80.2038,36.9205],[-80.2063,36.9194],[-80.2071,36.9184],[-80.2086,36.9151],[-80.2122,36.9112],[-80.2152,36.9094],[-80.2271,36.9058],[-80.2603,36.8995],[-80.2617,36.8921],[-80.2629,36.8899],[-80.265,36.8884],[-80.2737,36.8846],[-80.2755,36.8831],[-80.2761,36.8814],[-80.2761,36.8796],[-80.2751,36.8737],[-80.2821,36.8715],[-80.2841,36.8703],[-80.2857,36.8679],[-80.2878,36.8614],[-80.2892,36.8582],[-80.2946,36.8504],[-80.2978,36.8474],[-80.3006,36.8457],[-80.3037,36.8445],[-80.3069,36.8437],[-80.318,36.8435],[-80.3199,36.8428],[-80.3213,36.8418],[-80.3229,36.8377],[-80.3265,36.8363],[-80.3273,36.8353],[-80.3293,36.8314],[-80.34,36.8322],[-80.3428,36.832],[-80.344,36.8315],[-80.3468,36.8294],[-80.3457,36.8256],[-80.3449,36.824],[-80.3422,36.8219],[-80.3435,36.8165],[-80.3447,36.814],[-80.3482,36.8104],[-80.3504,36.8089],[-80.3526,36.8078],[-80.3549,36.8074],[-80.3621,36.8075],[-80.3617,36.8042],[-80.3714,36.8038],[-80.3759,36.803],[-80.3801,36.801],[-80.3873,36.796],[-80.3925,36.7913],[-80.3858,36.7843],[-80.3911,36.7814],[-80.4043,36.7764],[-80.4043,36.7686],[-80.405,36.7663],[-80.4066,36.7644],[-80.4134,36.7597],[-80.4095,36.756],[-80.4056,36.7495],[-80.4036,36.7468],[-80.4004,36.745],[-80.4098,36.7428],[-80.4104,36.7367],[-80.4114,36.7307],[-80.4142,36.7231],[-80.4166,36.7199],[-80.4195,36.7175],[-80.423,36.7156],[-80.4269,36.7141],[-80.4344,36.7125],[-80.4425,36.7114],[-80.4411,36.7062],[-80.441,36.7046],[-80.4413,36.7032],[-80.443,36.7014],[-80.4469,36.6994],[-80.4489,36.6989],[-80.456,36.698],[-80.4579,36.697],[-80.4597,36.6947],[-80.4609,36.6914],[-80.4626,36.6839],[-80.4637,36.6806],[-80.466,36.6747],[-80.4674,36.6721],[-80.4695,36.6699],[-80.4726,36.6684],[-80.485,36.6656],[-80.4877,36.6641],[-80.4889,36.6623],[-80.4894,36.6603],[-80.4899,36.6539],[-80.501,36.6558],[-80.5044,36.6558],[-80.5066,36.6551],[-80.5128,36.6517],[-80.5148,36.6511],[-80.5168,36.6512],[-80.5188,36.6517],[-80.5248,36.6539],[-80.5287,36.6472],[-80.5302,36.6452],[-80.532,36.6437],[-80.534,36.6429],[-80.5361,36.6425],[-80.5432,36.6418],[-80.5493,36.65],[-80.5535,36.6536],[-80.5616,36.6574],[-80.5714,36.6603],[-80.5809,36.6622],[-80.5862,36.6623],[-80.5964,36.6611],[-80.601,36.6616],[-80.6049,36.6637],[-80.6118,36.6699],[-80.6165,36.6722],[-80.6281,36.6734],[-80.643,36.6728],[-80.6585,36.672],[-80.6717,36.67],[-80.6851,36.667],[-80.6911,36.6652],[-80.6961,36.6631],[-80.6997,36.6607],[-80.7009,36.6591],[-80.702,36.6537],[-80.7032,36.6523],[-80.7065,36.6507],[-80.7111,36.6497],[-80.727,36.6476],[-80.7273,36.642],[-80.7281,36.6402],[-80.7309,36.6376],[-80.7434,36.6303],[-80.7486,36.6258],[-80.7506,36.6249],[-80.7531,36.6246],[-80.7586,36.6253],[-80.7612,36.6249],[-80.7639,36.6235],[-80.7712,36.6163],[-80.775,36.6186],[-80.7791,36.6141],[-80.7805,36.6121],[-80.781,36.6085],[-80.7974,36.6063],[-80.8069,36.6054],[-80.8115,36.6053],[-80.8154,36.6058],[-80.8175,36.6065],[-80.8224,36.6098],[-80.8382,36.6015],[-80.8416,36.5989],[-80.8422,36.5978],[-80.8427,36.5945],[-80.8433,36.5936],[-80.845,36.5927],[-80.8525,36.5907],[-80.8544,36.5896],[-80.856,36.5875],[-80.8571,36.5848],[-80.8579,36.5819],[-80.8582,36.577],[-80.8578,36.576],[-80.8558,36.5735],[-80.859,36.5701],[-80.8674,36.5724],[-80.87,36.5729],[-80.8724,36.5728],[-80.8755,36.5715],[-80.8797,36.5686],[-80.8892,36.5732],[-80.8923,36.5743],[-80.8953,36.5748],[-80.8978,36.5745],[-80.9003,36.5737],[-80.9027,36.5726],[-80.9068,36.5699],[-80.9099,36.5669],[-80.9111,36.5652],[-80.9119,36.5635],[-80.9123,36.5619],[-80.9119,36.5606],[-80.9088,36.5568],[-80.9084,36.5557],[-80.9089,36.554],[-80.9109,36.5518],[-80.9132,36.5503],[-80.9191,36.5475],[-80.9172,36.5427],[-80.9218,36.54],[-80.9243,36.5391],[-80.9267,36.5388],[-80.9318,36.5391],[-80.9346,36.5326],[-80.9352,36.5284],[-80.9357,36.5175],[-80.9366,36.5122],[-80.9387,36.508],[-80.9418,36.5057],[-80.946,36.504],[-80.9543,36.5013],[-80.9569,36.4998],[-80.9578,36.4976],[-80.9579,36.4942],[-80.9665,36.496],[-80.9835,36.4741],[-80.989,36.4622],[-81.0079,36.4651],[-81.0353,36.4391],[-81.0451,36.4292],[-81.0619,36.4336],[-81.0709,36.4356],[-81.0721,36.4423],[-81.081,36.4447],[-81.084,36.4452],[-81.0872,36.445],[-81.0927,36.443],[-81.0987,36.4393],[-81.1105,36.4312],[-81.1154,36.4289],[-81.1179,36.4287],[-81.1221,36.4292],[-81.1245,36.4291],[-81.131,36.4266],[-81.1458,36.4186],[-81.165,36.4362],[-81.1839,36.4313],[-81.1858,36.4208],[-81.1928,36.4212],[-81.198,36.3961],[-81.2004,36.3909],[-81.2015,36.3898],[-81.2053,36.3882],[-81.2161,36.4015],[-81.229,36.3944],[-81.235,36.3918],[-81.2391,36.3911],[-81.2469,36.3905],[-81.2565,36.3882],[-81.2592,36.388],[-81.2607,36.3883],[-81.2647,36.3902],[-81.2713,36.3868],[-81.2771,36.3831],[-81.279,36.3809],[-81.282,36.3762],[-81.2837,36.3745],[-81.2854,36.3738],[-81.2911,36.3729],[-81.2968,36.3703],[-81.3001,36.3693],[-81.3057,36.3689],[-81.3186,36.3696],[-81.3207,36.3758],[-81.3332,36.3737],[-81.3455,36.3709],[-81.3571,36.3672],[-81.3627,36.3648],[-81.3678,36.3622],[-81.3715,36.3588],[-81.3738,36.3542],[-81.3749,36.3426],[-81.3739,36.3318],[-81.3715,36.3243],[-81.368,36.318],[-81.3619,36.3113],[-81.3612,36.3093],[-81.3615,36.3049],[-81.3633,36.2996],[-81.3715,36.2822],[-81.4108,36.2942],[-81.4151,36.2827],[-81.4188,36.277],[-81.4307,36.2685],[-81.4461,36.2601],[-81.4573,36.2524],[-81.4597,36.2488],[-81.4623,36.2422],[-81.4834,36.2435],[-81.4863,36.2329],[-81.5032,36.2396],[-81.5048,36.2212],[-81.5196,36.2262],[-81.5342,36.2303],[-81.5433,36.2317],[-81.5524,36.2324],[-81.5606,36.2318],[-81.5654,36.2305],[-81.5699,36.2286],[-81.5737,36.2265],[-81.5764,36.2244],[-81.5773,36.2231],[-81.5781,36.2192],[-81.5975,36.2177],[-81.605,36.2007],[-81.6091,36.1858],[-81.6138,36.1705],[-81.6198,36.1583],[-81.6272,36.1478],[-81.6343,36.1418],[-81.6418,36.1365],[-81.6534,36.1423],[-81.6636,36.1482],[-81.6679,36.1527],[-81.6715,36.1572],[-81.6972,36.1479],[-81.7294,36.1373],[-81.7434,36.1343],[-81.758,36.1317],[-81.7697,36.1284],[-81.7756,36.1256],[-81.778,36.124],[-81.78,36.1222],[-81.7816,36.1201],[-81.7827,36.1166],[-81.7829,36.1124],[-81.7817,36.0987],[-81.7965,36.1003],[-81.8037,36.1007],[-81.8102,36.0998],[-81.8157,36.0974],[-81.8205,36.094],[-81.8296,36.0852],[-81.8414,36.0704],[-81.8526,36.054],[-81.8729,36.0271],[-81.8864,36.0118],[-81.8911,36.0045],[-81.8921,36],[-81.8921,35.9913],[-81.8928,35.9882],[-81.8937,35.9871],[-81.8971,35.9849],[-81.9056,35.9883],[-81.9166,35.9774],[-81.9249,35.9794],[-81.9277,35.9797],[-81.9305,35.9794],[-81.9343,35.9776],[-81.9383,35.9746],[-81.946,35.9676],[-81.9495,35.9649],[-81.9598,35.9599],[-81.9555,35.9427],[-81.9541,35.9343],[-81.955,35.9267],[-81.9591,35.9206],[-81.9722,35.9101],[-81.9775,35.9044],[-81.983,35.8921],[-81.987,35.8794],[-81.9953,35.8775],[-81.998,35.8771],[-82.0005,35.8773],[-82.0027,35.878],[-82.0048,35.8792],[-82.0106,35.8835],[-82.0208,35.8807],[-82.0258,35.8783],[-82.0334,35.8713],[-82.0481,35.8524],[-82.0566,35.8554],[-82.0593,35.856],[-82.0619,35.856],[-82.0641,35.8551],[-82.0701,35.8498],[-82.0726,35.8487],[-82.0771,35.8485],[-82.0823,35.8492],[-82.0993,35.8529],[-82.1006,35.8435],[-82.1021,35.8405],[-82.1056,35.837],[-82.1221,35.8263],[-82.1689,35.7867],[-82.1596,35.7798],[-82.1681,35.7734],[-82.1643,35.7706],[-82.173,35.7629],[-82.181,35.7549],[-82.1846,35.7493],[-82.1877,35.7434],[-82.1919,35.738],[-82.199,35.7329],[-82.2168,35.7235],[-82.2582,35.7009],[-82.2735,35.7078],[-82.3359,35.7479],[-82.387,35.6826],[-82.3946,35.6971],[-82.4119,35.6835],[-82.4207,35.6782],[-82.4251,35.6768],[-82.4344,35.6757],[-82.4387,35.6749],[-82.4423,35.6732],[-82.4453,35.6701],[-82.4474,35.6661],[-82.4526,35.6525],[-82.4735,35.6679],[-82.4808,35.6595],[-82.4887,35.651],[-82.4953,35.6426],[-82.4993,35.6344],[-82.4996,35.6277],[-82.498,35.621],[-82.4957,35.6144],[-82.4928,35.608],[-82.4896,35.6026],[-82.4809,35.5921],[-82.4774,35.5871],[-82.476,35.5822],[-82.4766,35.5781],[-82.4785,35.574],[-82.4809,35.5699],[-82.4838,35.5665],[-82.4864,35.564],[-82.488,35.5631],[-82.493,35.5619],[-82.4944,35.561],[-82.4958,35.558],[-82.4973,35.5443],[-82.4992,35.54],[-82.5046,35.5342],[-82.5121,35.5287],[-82.5202,35.5235],[-82.5282,35.5194],[-82.5421,35.5147],[-82.5562,35.5111],[-82.5578,35.4977],[-82.5923,35.5001],[-82.6017,35.4752],[-82.6124,35.4745],[-82.6177,35.4739],[-82.6228,35.4723],[-82.6278,35.4684],[-82.6367,35.4567],[-82.6417,35.4512],[-82.6479,35.4476],[-82.6576,35.4471],[-82.6694,35.4489],[-82.6818,35.4519],[-82.6936,35.4541],[-82.7036,35.4537],[-82.7104,35.451],[-82.7225,35.4421],[-82.7272,35.4378],[-82.73,35.4344],[-82.7312,35.4304],[-82.7416,35.4176],[-82.7568,35.4018],[-82.769,35.3916],[-82.782,35.3816],[-82.7916,35.3722],[-82.7941,35.3663],[-82.7951,35.3606],[-82.7974,35.3556],[-82.8005,35.353],[-82.8126,35.3466],[-82.8148,35.3445],[-82.815,35.3433],[-82.8137,35.3396],[-82.8137,35.3381],[-82.8162,35.3333],[-82.8311,35.3154],[-82.84,35.3204],[-82.8434,35.3213],[-82.8492,35.3212],[-82.8558,35.32],[-82.8625,35.3181],[-82.8683,35.3159],[-82.8732,35.3128],[-82.8774,35.3092],[-82.8822,35.3063],[-82.8894,35.305],[-82.8975,35.3047],[-82.9042,35.3036],[-82.9062,35.3024],[-82.9108,35.298],[-82.9129,35.2972],[-82.9188,35.297],[-82.9427,35.3032],[-82.9497,35.3067],[-82.9571,35.3157],[-82.9631,35.3275],[-82.9685,35.3401],[-82.9754,35.351],[-82.9918,35.3652],[-83.0098,35.3773],[-83.0169,35.3813],[-83.032,35.3885],[-83.0384,35.3924],[-83.0431,35.397],[-83.0456,35.4022],[-83.0468,35.4145],[-83.0471,35.4202],[-83.0458,35.4247],[-83.0444,35.4269],[-83.0424,35.4287],[-83.0355,35.4332],[-83.0619,35.4322],[-83.07,35.4326],[-83.0769,35.4342],[-83.0814,35.4368],[-83.0852,35.4403],[-83.095,35.4521],[-83.1174,35.4457],[-83.1177,35.4585],[-83.1418,35.4569],[-83.1404,35.48],[-83.1468,35.4812],[-83.1487,35.4818],[-83.1504,35.4828],[-83.152,35.4846],[-83.1531,35.4871],[-83.1555,35.4955],[-83.1597,35.5117],[-83.1758,35.5099],[-83.1832,35.5083],[-83.1855,35.508],[-83.1877,35.5083],[-83.19,35.5094],[-83.1961,35.5158],[-83.1989,35.5177],[-83.2047,35.5204],[-83.212,35.523],[-83.2274,35.5272],[-83.2342,35.5273],[-83.2392,35.5257],[-83.244,35.5227],[-83.2526,35.5164],[-83.2565,35.515],[-83.2591,35.5152],[-83.2615,35.516],[-83.2684,35.5194],[-83.2731,35.51],[-83.2807,35.516],[-83.2858,35.5211],[-83.2973,35.5093],[-83.301,35.5052]]},"properties":{"id":"routes-and-regions-blue-ridge-parkway","layer":"routes-and-regions","name":"Blue Ridge Parkway","sourceFolder":"Regions, travel routes, and significant pre-war roads"}},{"type":"Feature","id":"routes-and-regions-unnamed-359","geometry":{"type":"LineString","coordinates":[[-111.818,39.7084],[-111.8004,39.7115],[-111.7823,39.7142],[-111.747,39.7184],[-111.7306,39.7187],[-111.7122,39.7062],[-111.648,39.6544],[-111.6353,39.6418],[-111.6337,39.6368],[-111.6348,39.6282],[-111.6343,39.6226],[-111.6157,39.5782],[-111.5896,39.5246],[-111.5758,39.5248],[-111.569,39.5103],[-111.5632,39.4939],[-111.5609,39.4585],[-111.5611,39.4188]]},"properties":{"id":"routes-and-regions-unnamed-359","layer":"routes-and-regions","name":null,"sourceFolder":"Regions, travel routes, and significant pre-war roads"}},{"type":"Feature","id":"routes-and-regions-unnamed-360","geometry":{"type":"LineString","coordinates":[[-79.9911,40.4477],[-79.9939,40.4503],[-79.9941,40.4505],[-79.9952,40.4515],[-79.9962,40.4525],[-79.9972,40.4541],[-79.9994,40.4598]]},"properties":{"id":"routes-and-regions-unnamed-360","layer":"routes-and-regions","name":null,"sourceFolder":"Regions, travel routes, and significant pre-war roads"}},{"type":"Feature","id":"routes-and-regions-unnamed-361","geometry":{"type":"LineString","coordinates":[[-79.9941,40.4505],[-79.9947,40.4512],[-79.9948,40.4518],[-79.9946,40.4523],[-79.9939,40.4528],[-79.9936,40.453],[-79.9933,40.4531],[-79.9927,40.4533],[-79.992,40.4534],[-79.9913,40.4536],[-79.9908,40.4538],[-79.9902,40.4541],[-79.9891,40.4549],[-79.9859,40.4574],[-79.9837,40.459]]},"properties":{"id":"routes-and-regions-unnamed-361","layer":"routes-and-regions","name":null,"sourceFolder":"Regions, travel routes, and significant pre-war roads"}},{"type":"Feature","id":"routes-and-regions-unnamed-362","geometry":{"type":"LineString","coordinates":[[-79.9939,40.4528],[-79.9931,40.453],[-79.9927,40.453],[-79.9923,40.4529],[-79.9919,40.4525],[-79.9892,40.4502],[-79.9869,40.4482]]},"properties":{"id":"routes-and-regions-unnamed-362","layer":"routes-and-regions","name":null,"sourceFolder":"Regions, travel routes, and significant pre-war roads"}},{"type":"Feature","id":"routes-and-regions-unnamed-363","geometry":{"type":"LineString","coordinates":[[-79.9939,40.4503],[-79.994,40.4507],[-79.9942,40.4511],[-79.9942,40.4514],[-79.994,40.4517],[-79.9936,40.452],[-79.9931,40.4522],[-79.9927,40.4522],[-79.9922,40.4521],[-79.9892,40.45]]},"properties":{"id":"routes-and-regions-unnamed-363","layer":"routes-and-regions","name":null,"sourceFolder":"Regions, travel routes, and significant pre-war roads"}},{"type":"Feature","id":"routes-and-regions-unnamed-364","geometry":{"type":"LineString","coordinates":[[-80.0091,40.4407],[-80.0091,40.44],[-80.0087,40.4395],[-80.0077,40.4391],[-80.0015,40.4367]]},"properties":{"id":"routes-and-regions-unnamed-364","layer":"routes-and-regions","name":null,"sourceFolder":"Regions, travel routes, and significant pre-war roads"}},{"type":"Feature","id":"routes-and-regions-unnamed-365","geometry":{"type":"LineString","coordinates":[[-115.436,35.8353],[-115.4349,35.8353],[-115.4331,35.8354]]},"properties":{"id":"routes-and-regions-unnamed-365","layer":"routes-and-regions","name":null,"sourceFolder":"Regions, travel routes, and significant pre-war roads"}},{"type":"Feature","id":"routes-and-regions-unnamed-366","geometry":{"type":"LineString","coordinates":[[-80.425257,39.662926],[-80.428276,39.661312]]},"properties":{"id":"routes-and-regions-unnamed-366","layer":"routes-and-regions","name":null,"sourceFolder":"Regions, travel routes, and significant pre-war roads"}},{"type":"Feature","id":"routes-and-regions-parking-lot","geometry":{"type":"LineString","coordinates":[[-114.855519,35.970865],[-114.854481,35.971191]]},"properties":{"id":"routes-and-regions-parking-lot","layer":"routes-and-regions","name":"Parking lot","sourceFolder":"Regions, travel routes, and significant pre-war roads"}},{"type":"Feature","id":"routes-and-regions-pedestrian-bridge-3","geometry":{"type":"LineString","coordinates":[[-77.025614,38.886676],[-77.025614,38.886807],[-77.026336,38.886805],[-77.026336,38.886685]]},"properties":{"id":"routes-and-regions-pedestrian-bridge-3","layer":"routes-and-regions","name":"Pedestrian bridge","sourceFolder":"Regions, travel routes, and significant pre-war roads"}},{"type":"Feature","id":"routes-and-regions-pedestrian-bridge-4","geometry":{"type":"LineString","coordinates":[[-77.000991,38.886379],[-77.000993,38.886927]]},"properties":{"id":"routes-and-regions-pedestrian-bridge-4","layer":"routes-and-regions","name":"Pedestrian bridge","sourceFolder":"Regions, travel routes, and significant pre-war roads"}},{"type":"Feature","id":"routes-and-regions-footbridge","geometry":{"type":"LineString","coordinates":[[-71.363186,42.467717],[-71.363846,42.468065]]},"properties":{"id":"routes-and-regions-footbridge","layer":"routes-and-regions","name":"Footbridge","sourceFolder":"Regions, travel routes, and significant pre-war roads"}},{"type":"Feature","id":"routes-and-regions-abernathy-street","geometry":{"type":"LineString","coordinates":[[-77.0199,38.9154],[-77.0199,38.9132],[-77.0198,38.9129],[-77.0198,38.9125],[-77.0199,38.9122],[-77.0199,38.9057],[-77.0199,38.8984],[-77.0199,38.8921]]},"properties":{"id":"routes-and-regions-abernathy-street","layer":"routes-and-regions","name":"Abernathy Street","sourceFolder":"Regions, travel routes, and significant pre-war roads"}},{"type":"Feature","id":"routes-and-regions-mount-vernon-place","geometry":{"type":"LineString","coordinates":[[-77.0219,38.8813],[-77.0219,38.8985],[-77.0219,38.9022],[-77.0219,38.9041],[-77.0219,38.9042],[-77.0219,38.9054],[-77.0219,38.9057],[-77.0219,38.9163]]},"properties":{"id":"routes-and-regions-mount-vernon-place","layer":"routes-and-regions","name":"Mount Vernon Place","sourceFolder":"Regions, travel routes, and significant pre-war roads","note":"** Note from creator: There are signs for Mount Vernon Place in both L'Enfant Plaza and Vernon Square in game, but they are pointed in different directions. I'm deciding to combine them and make Brasso Boulevard run east-west, rather than north-south. **"}},{"type":"Feature","id":"routes-and-regions-cola-boulevard","geometry":{"type":"LineString","coordinates":[[-71.5169,42.3836],[-71.516,42.3823],[-71.5153,42.3809]]},"properties":{"id":"routes-and-regions-cola-boulevard","layer":"routes-and-regions","name":"Cola Boulevard","sourceFolder":"Regions, travel routes, and significant pre-war roads"}},{"type":"Feature","id":"routes-and-regions-muholland-drive","geometry":{"type":"LineString","coordinates":[[-118.6373,34.1593],[-118.6338,34.1549],[-118.6316,34.1531],[-118.6282,34.1514],[-118.6244,34.1502],[-118.6208,34.1495],[-118.6142,34.1498],[-118.6123,34.1489],[-118.6087,34.1514],[-118.6076,34.1519],[-118.6064,34.1519],[-118.6052,34.1515],[-118.6041,34.1506],[-118.6007,34.1466],[-118.5992,34.1448],[-118.5967,34.1437],[-118.5951,34.1435],[-118.5939,34.144],[-118.5926,34.1452],[-118.5914,34.1439],[-118.59,34.1439],[-118.5888,34.1424],[-118.5874,34.1428],[-118.5865,34.1427],[-118.5856,34.1431],[-118.5827,34.1412],[-118.5809,34.1403],[-118.5784,34.1392],[-118.5769,34.1391],[-118.5769,34.1399],[-118.5762,34.1407],[-118.5755,34.1397],[-118.574,34.1393],[-118.5738,34.1388],[-118.572,34.1391],[-118.5703,34.1397],[-118.5693,34.1386],[-118.5683,34.1384],[-118.5678,34.1377],[-118.5663,34.1378],[-118.566,34.1365],[-118.5655,34.1348],[-118.5653,34.1333],[-118.564,34.1311],[-118.5601,34.13],[-118.5589,34.1282],[-118.558,34.1276],[-118.5577,34.1269],[-118.5566,34.1265],[-118.5558,34.1282],[-118.5545,34.1281],[-118.5538,34.1287],[-118.5536,34.1283],[-118.5548,34.127],[-118.5535,34.126],[-118.5493,34.1265],[-118.5482,34.1257],[-118.5462,34.126],[-118.543,34.1272],[-118.5418,34.1279],[-118.5416,34.1291],[-118.5395,34.1298],[-118.5395,34.1312],[-118.5378,34.1312],[-118.5362,34.1303],[-118.5349,34.1317],[-118.5345,34.1301],[-118.5335,34.1299],[-118.5328,34.131],[-118.5321,34.1298],[-118.528,34.1289],[-118.5239,34.1281],[-118.5219,34.128],[-118.5187,34.1292],[-118.5131,34.129],[-118.5084,34.1311],[-118.5047,34.1278],[-118.5027,34.1282],[-118.503,34.1293],[-118.502,34.1306],[-118.5018,34.1303],[-118.5024,34.1295],[-118.5013,34.1289],[-118.4969,34.1305],[-118.4946,34.1297],[-118.4929,34.1311],[-118.4902,34.1311],[-118.4889,34.1301],[-118.4869,34.1298],[-118.4847,34.1299],[-118.4828,34.1307],[-118.4814,34.1304],[-118.4795,34.1292],[-118.4781,34.1261],[-118.4753,34.1262],[-118.4737,34.1266],[-118.4726,34.1277],[-118.4712,34.1299],[-118.4673,34.1293],[-118.463,34.1311],[-118.4591,34.1306],[-118.455,34.1329],[-118.4537,34.1329],[-118.4494,34.1319],[-118.4449,34.1307],[-118.4428,34.1303],[-118.4377,34.1316],[-118.4352,34.1304],[-118.4327,34.1318],[-118.4314,34.1318],[-118.4268,34.131],[-118.4229,34.1305],[-118.4211,34.1298],[-118.4204,34.1281],[-118.4186,34.1274],[-118.415,34.1264],[-118.4142,34.1287],[-118.4122,34.1296],[-118.4094,34.1298],[-118.4077,34.1295],[-118.4063,34.1276],[-118.4039,34.128],[-118.4031,34.1253],[-118.3985,34.1217],[-118.3967,34.1189],[-118.3893,34.1233],[-118.3875,34.1235],[-118.3864,34.1214],[-118.3826,34.1227],[-118.3816,34.1224],[-118.381,34.1231],[-118.3759,34.122],[-118.3757,34.1234],[-118.3748,34.1238],[-118.3738,34.1268],[-118.3719,34.1264],[-118.3734,34.1309],[-118.3609,34.1281],[-118.3606,34.1262],[-118.358,34.1238],[-118.3594,34.1231],[-118.358,34.122],[-118.3546,34.121],[-118.353,34.1193],[-118.3512,34.1201],[-118.3504,34.12],[-118.3477,34.1203],[-118.347,34.1183],[-118.3431,34.1165],[-118.3426,34.1165],[-118.3423,34.1166],[-118.3423,34.1168],[-118.3423,34.117],[-118.3425,34.1173],[-118.3429,34.1175],[-118.344,34.119],[-118.344,34.1195],[-118.3431,34.1195],[-118.3428,34.1198],[-118.3432,34.1206],[-118.3427,34.1206],[-118.3419,34.1204],[-118.3417,34.1206],[-118.3422,34.1212],[-118.3415,34.1216],[-118.3423,34.123],[-118.3415,34.1236]]},"properties":{"id":"routes-and-regions-muholland-drive","layer":"routes-and-regions","name":"Muholland Drive","sourceFolder":"Regions, travel routes, and significant pre-war roads"}},{"type":"Feature","id":"routes-and-regions-santa-monica-boulevard","geometry":{"type":"LineString","coordinates":[[-118.4981,34.0141],[-118.4914,34.0195],[-118.4803,34.0291],[-118.4677,34.0387],[-118.4601,34.0425],[-118.4525,34.0454],[-118.4439,34.0475],[-118.4345,34.0504],[-118.4101,34.0663],[-118.3913,34.0802],[-118.39,34.0809],[-118.3814,34.0867],[-118.3762,34.0896],[-118.3743,34.0905],[-118.3735,34.0907],[-118.2845,34.0909],[-118.2834,34.0912],[-118.2817,34.0923],[-118.2811,34.0925],[-118.2804,34.0925]]},"properties":{"id":"routes-and-regions-santa-monica-boulevard","layer":"routes-and-regions","name":"Santa Monica Boulevard","sourceFolder":"Regions, travel routes, and significant pre-war roads"}},{"type":"Feature","id":"routes-and-regions-hollywood-boulevard","geometry":{"type":"LineString","coordinates":[[-118.3878,34.2337],[-118.3897,34.2022],[-118.3878,34.1868],[-118.3795,34.1701],[-118.3615,34.1435],[-118.3611,34.1412],[-118.3627,34.1382],[-118.3634,34.1372],[-118.3646,34.1366],[-118.3664,34.1362],[-118.3675,34.1345],[-118.3687,34.1342],[-118.3743,34.1337],[-118.3758,34.1333],[-118.3786,34.1316],[-118.3797,34.1302],[-118.3801,34.1285],[-118.3794,34.1257],[-118.3783,34.1243],[-118.3732,34.1203],[-118.3757,34.1186],[-118.3744,34.1131],[-118.373,34.1103],[-118.3721,34.1097],[-118.369,34.1088],[-118.3682,34.1083],[-118.3672,34.1069],[-118.3655,34.1019],[-118.3649,34.1015],[-118.3643,34.1013],[-118.3616,34.1013],[-118.3594,34.1017],[-118.3455,34.1016],[-118.3441,34.1015],[-118.3386,34.1016],[-118.2971,34.1018],[-118.2931,34.1017],[-118.2925,34.1016],[-118.2918,34.1012],[-118.2875,34.0984]]},"properties":{"id":"routes-and-regions-hollywood-boulevard","layer":"routes-and-regions","name":"Hollywood Boulevard","sourceFolder":"Regions, travel routes, and significant pre-war roads","note":"** A sign for Exit 12A previously said \"Lankershim Boulevard\" in a promotional image, but was for some reason changed to \"Hollywood Boulevard\" in the show. **"}},{"type":"Feature","id":"routes-and-regions-andrew-avenue","geometry":{"type":"LineString","coordinates":[[-77.1846,38.8069],[-77.1863,38.8108],[-77.1864,38.8122],[-77.1868,38.8152],[-77.1871,38.8158],[-77.1887,38.8174],[-77.1902,38.8196],[-77.1901,38.8204],[-77.1901,38.8208],[-77.1895,38.8267],[-77.1894,38.8278],[-77.1892,38.8294]]},"properties":{"id":"routes-and-regions-andrew-avenue","layer":"routes-and-regions","name":"Andrew Avenue","sourceFolder":"Regions, travel routes, and significant pre-war roads"}},{"type":"Feature","id":"routes-and-regions-baxter-avenue","geometry":{"type":"LineString","coordinates":[[-77.1902,38.8196],[-77.1907,38.8204],[-77.1946,38.8276],[-77.1945,38.8287],[-77.1944,38.8301]]},"properties":{"id":"routes-and-regions-baxter-avenue","layer":"routes-and-regions","name":"Baxter Avenue","sourceFolder":"Regions, travel routes, and significant pre-war roads"}},{"type":"Feature","id":"routes-and-regions-unnamed-379","geometry":{"type":"LineString","coordinates":[[-77.190058,38.82078],[-77.188684,38.820675]]},"properties":{"id":"routes-and-regions-unnamed-379","layer":"routes-and-regions","name":null,"sourceFolder":"Regions, travel routes, and significant pre-war roads"}},{"type":"Feature","id":"routes-and-regions-unnamed-380","geometry":{"type":"LineString","coordinates":[[-77.1894,38.8278],[-77.1885,38.8275],[-77.1882,38.8271],[-77.1881,38.8269],[-77.1881,38.8263],[-77.1887,38.8207],[-77.1888,38.8195]]},"properties":{"id":"routes-and-regions-unnamed-380","layer":"routes-and-regions","name":null,"sourceFolder":"Regions, travel routes, and significant pre-war roads"}},{"type":"Feature","id":"routes-and-regions-unnamed-381","geometry":{"type":"LineString","coordinates":[[-114.5138,36.4262],[-114.5136,36.4284],[-114.5183,36.4302],[-114.5181,36.4331],[-114.5148,36.4473],[-114.515,36.4521],[-114.5167,36.4556],[-114.5223,36.4621],[-114.5245,36.4653],[-114.5262,36.4694],[-114.5274,36.4735],[-114.5278,36.477],[-114.526,36.4816],[-114.5276,36.4837],[-114.5265,36.4863],[-114.529,36.4885],[-114.53,36.4915],[-114.5318,36.4928],[-114.5323,36.4929],[-114.5333,36.4921],[-114.5337,36.4906],[-114.5333,36.4891],[-114.5333,36.4879],[-114.5329,36.4873],[-114.5329,36.486]]},"properties":{"id":"routes-and-regions-unnamed-381","layer":"routes-and-regions","name":null,"sourceFolder":"Regions, travel routes, and significant pre-war roads"}},{"type":"Feature","id":"routes-and-regions-unnamed-382","geometry":{"type":"LineString","coordinates":[[-114.7617,36.5022],[-114.7603,36.5006],[-114.7601,36.4991],[-114.7515,36.4906],[-114.7489,36.4855],[-114.7441,36.4721],[-114.7406,36.4654],[-114.7357,36.4599],[-114.7247,36.4559],[-114.7104,36.4529],[-114.6948,36.4499],[-114.6793,36.4479],[-114.666,36.445],[-114.6517,36.4407],[-114.639,36.4361],[-114.6289,36.4307],[-114.625,36.4268],[-114.6195,36.4184],[-114.6165,36.4156],[-114.6141,36.4146],[-114.6116,36.4139],[-114.6091,36.4137],[-114.6067,36.4138],[-114.6047,36.4144],[-114.5992,36.4177],[-114.5856,36.4111],[-114.5872,36.4065],[-114.584,36.4069],[-114.581,36.4083],[-114.579,36.408],[-114.5738,36.4062],[-114.571,36.4057],[-114.5668,36.4057],[-114.5623,36.4062],[-114.5582,36.4072],[-114.5547,36.4085],[-114.5516,36.4103],[-114.5488,36.4125],[-114.5459,36.4165],[-114.5413,36.426],[-114.5289,36.4244],[-114.5238,36.4243],[-114.5181,36.4263],[-114.5138,36.4262]]},"properties":{"id":"routes-and-regions-unnamed-382","layer":"routes-and-regions","name":null,"sourceFolder":"Regions, travel routes, and significant pre-war roads"}},{"type":"Feature","id":"routes-and-regions-unnamed-383","geometry":{"type":"LineString","coordinates":[[-119.4524,38.3484],[-119.4617,38.3512],[-119.4633,38.3522],[-119.4679,38.3562],[-119.4723,38.3607],[-119.4741,38.3638],[-119.4758,38.3651],[-119.477,38.3656],[-119.4794,38.366],[-119.4843,38.3662],[-119.4856,38.3657],[-119.4888,38.3658],[-119.494,38.3647],[-119.4963,38.3638],[-119.4995,38.3608],[-119.5045,38.3589],[-119.5073,38.3575],[-119.5101,38.3577],[-119.5181,38.3553]]},"properties":{"id":"routes-and-regions-unnamed-383","layer":"routes-and-regions","name":null,"sourceFolder":"Regions, travel routes, and significant pre-war roads"}},{"type":"Feature","id":"routes-and-regions-unnamed-384","geometry":{"type":"LineString","coordinates":[[-119.8239,38.7757],[-119.8212,38.777],[-119.821,38.7777],[-119.8215,38.7811],[-119.821,38.7823],[-119.8162,38.7862],[-119.8078,38.791],[-119.7888,38.8009],[-119.7829,38.8048],[-119.7799,38.808],[-119.779,38.8104],[-119.777,38.8456],[-119.7795,38.9616]]},"properties":{"id":"routes-and-regions-unnamed-384","layer":"routes-and-regions","name":null,"sourceFolder":"Regions, travel routes, and significant pre-war roads"}},{"type":"Feature","id":"routes-and-regions-unnamed-385","geometry":{"type":"LineString","coordinates":[[-114.8259,35.7073],[-114.8297,35.7067],[-114.8413,35.7073],[-114.8502,35.7056],[-114.8558,35.7062],[-114.871,35.7048],[-114.8901,35.7038],[-114.9116,35.7074],[-114.9283,35.7114],[-114.9322,35.7122],[-114.9593,35.7229],[-114.9606,35.7234],[-114.9803,35.7311],[-114.9858,35.7333],[-115.0107,35.7429],[-115.0475,35.7563],[-115.0748,35.764],[-115.0793,35.7639],[-115.086,35.7621],[-115.0975,35.7586],[-115.1022,35.758],[-115.1071,35.7582],[-115.114,35.7595],[-115.1206,35.7617],[-115.1249,35.7639],[-115.1284,35.7664],[-115.1305,35.7683],[-115.1322,35.7704],[-115.1343,35.7749]]},"properties":{"id":"routes-and-regions-unnamed-385","layer":"routes-and-regions","name":null,"sourceFolder":"Regions, travel routes, and significant pre-war roads"}},{"type":"Feature","id":"routes-and-regions-unnamed-386","geometry":{"type":"LineString","coordinates":[[-114.9283,35.7114],[-114.9309,35.7051],[-114.9331,35.6923],[-114.9332,35.686],[-114.9336,35.6833],[-114.9344,35.6815],[-114.9366,35.6786],[-114.9391,35.6758],[-114.9394,35.6737],[-114.9393,35.6686]]},"properties":{"id":"routes-and-regions-unnamed-386","layer":"routes-and-regions","name":null,"sourceFolder":"Regions, travel routes, and significant pre-war roads"}},{"type":"Feature","id":"routes-and-regions-unnamed-387","geometry":{"type":"LineString","coordinates":[[-118.3779,34.1543],[-118.3729,34.1486],[-118.3687,34.1457],[-118.366,34.1403],[-118.3633,34.138],[-118.3602,34.1359],[-118.3582,34.1348],[-118.3525,34.1332],[-118.3506,34.1323],[-118.3448,34.1266]]},"properties":{"id":"routes-and-regions-unnamed-387","layer":"routes-and-regions","name":null,"sourceFolder":"Regions, travel routes, and significant pre-war roads"}},{"type":"Feature","id":"routes-and-regions-unnamed-388","geometry":{"type":"LineString","coordinates":[[-71.0651,42.3572],[-71.0651,42.3548],[-71.0651,42.3536],[-71.0652,42.3524],[-71.0652,42.3521],[-71.0653,42.3518],[-71.0654,42.3513],[-71.0655,42.3511]]},"properties":{"id":"routes-and-regions-unnamed-388","layer":"routes-and-regions","name":null,"sourceFolder":"Regions, travel routes, and significant pre-war roads"}},{"type":"Feature","id":"routes-and-regions-unnamed-389","geometry":{"type":"LineString","coordinates":[[-70.956799,42.330734],[-70.955705,42.344859]]},"properties":{"id":"routes-and-regions-unnamed-389","layer":"routes-and-regions","name":null,"sourceFolder":"Regions, travel routes, and significant pre-war roads"}},{"type":"Feature","id":"routes-and-regions-unnamed-390","geometry":{"type":"LineString","coordinates":[[-77.3726,39.0484],[-77.3712,39.0504],[-77.3715,39.0512],[-77.3724,39.0523],[-77.3742,39.0527],[-77.3751,39.0539],[-77.3757,39.0567],[-77.3765,39.0643],[-77.3769,39.0697],[-77.3761,39.0807],[-77.3708,39.1241]]},"properties":{"id":"routes-and-regions-unnamed-390","layer":"routes-and-regions","name":null,"sourceFolder":"Regions, travel routes, and significant pre-war roads"}},{"type":"Feature","id":"routes-and-regions-unnamed-391","geometry":{"type":"LineString","coordinates":[[-77.026474,38.882507],[-77.013422,38.88254]]},"properties":{"id":"routes-and-regions-unnamed-391","layer":"routes-and-regions","name":null,"sourceFolder":"Regions, travel routes, and significant pre-war roads"}},{"type":"Feature","id":"routes-and-regions-unnamed-392","geometry":{"type":"LineString","coordinates":[[-114.6845,35.4765],[-114.6841,35.4755],[-114.6844,35.4748],[-114.6864,35.4741],[-114.6909,35.4734],[-114.6959,35.4729],[-114.7006,35.4729],[-114.705,35.4742],[-114.7133,35.478],[-114.7162,35.4799],[-114.7183,35.4837]]},"properties":{"id":"routes-and-regions-unnamed-392","layer":"routes-and-regions","name":null,"sourceFolder":"Regions, travel routes, and significant pre-war roads"}},{"type":"Feature","id":"routes-and-regions-unnamed-393","geometry":{"type":"LineString","coordinates":[[-114.9807,35.705],[-114.9973,35.7064],[-115.0102,35.7066],[-115.0233,35.7058],[-115.0298,35.7048],[-115.036,35.7035],[-115.0419,35.7011],[-115.05,35.6958],[-115.0578,35.6887],[-115.064,35.6807],[-115.068,35.6701],[-115.0702,35.6584],[-115.0713,35.6493],[-115.0715,35.6428],[-115.0726,35.6376],[-115.0779,35.6136],[-115.0801,35.607],[-115.0817,35.6004],[-115.0809,35.5881],[-115.0793,35.5733],[-115.0796,35.5141]]},"properties":{"id":"routes-and-regions-unnamed-393","layer":"routes-and-regions","name":null,"sourceFolder":"Regions, travel routes, and significant pre-war roads"}},{"type":"Feature","id":"routes-and-regions-unnamed-394","geometry":{"type":"LineString","coordinates":[[-115.1388,36.1958],[-115.1074,36.1959],[-115.0961,36.1958],[-115.0802,36.1956],[-115.0621,36.1962],[-115.0436,36.196],[-115.0252,36.1956],[-115.0227,36.1959],[-115.0172,36.1981],[-115.0148,36.1985],[-115.0013,36.1993],[-114.9967,36.2002],[-114.988,36.2028],[-114.9866,36.2028],[-114.9856,36.2024],[-114.9836,36.2011],[-114.9824,36.2009],[-114.9809,36.201],[-114.9742,36.2024],[-114.9667,36.2054],[-114.963,36.2063],[-114.9591,36.2067],[-114.9523,36.2069],[-114.949,36.2065],[-114.9467,36.2058],[-114.9424,36.2039],[-114.9362,36.201],[-114.9282,36.1969],[-114.924,36.1944],[-114.9208,36.1917],[-114.9192,36.1892],[-114.9168,36.181],[-114.9124,36.1693],[-114.9101,36.165],[-114.9072,36.1626],[-114.8995,36.1564],[-114.8972,36.1556],[-114.892,36.1552],[-114.8909,36.1548],[-114.8891,36.1532],[-114.8869,36.1501],[-114.8898,36.1469],[-114.891,36.1451],[-114.8906,36.1441],[-114.8893,36.1434],[-114.8886,36.1434],[-114.8861,36.1459],[-114.884,36.1463],[-114.8673,36.1445],[-114.8629,36.1443],[-114.8587,36.1446],[-114.8517,36.1468],[-114.8446,36.1495],[-114.8343,36.1529],[-114.8252,36.1555],[-114.8193,36.1562],[-114.8118,36.1579],[-114.806,36.1581],[-114.8001,36.1578],[-114.7931,36.157],[-114.7907,36.1577],[-114.7885,36.1598],[-114.7876,36.1626],[-114.7841,36.1644],[-114.7814,36.1676],[-114.7795,36.1711],[-114.7765,36.1732],[-114.7712,36.176],[-114.7652,36.1785],[-114.7586,36.1799],[-114.7571,36.181],[-114.7544,36.1837],[-114.7529,36.1847],[-114.7514,36.1851],[-114.7466,36.1853],[-114.7426,36.1866],[-114.7411,36.1874],[-114.7396,36.1895],[-114.7353,36.1907],[-114.7337,36.1921],[-114.7285,36.1937],[-114.7258,36.1941],[-114.7217,36.1934],[-114.7019,36.1964],[-114.6957,36.1967],[-114.6905,36.1961],[-114.6853,36.196],[-114.6826,36.1962],[-114.6804,36.1967],[-114.6764,36.2],[-114.6752,36.2002],[-114.6708,36.2003],[-114.6696,36.2007],[-114.6686,36.2016],[-114.6667,36.2057],[-114.6659,36.2066],[-114.6651,36.207],[-114.6614,36.2076],[-114.6577,36.2098],[-114.6545,36.2117],[-114.6434,36.2128],[-114.6398,36.2142],[-114.6367,36.216],[-114.6319,36.2202],[-114.627,36.222],[-114.6252,36.2247],[-114.6225,36.226],[-114.6185,36.2272],[-114.6102,36.229],[-114.601,36.2287],[-114.5932,36.23],[-114.5908,36.23],[-114.5894,36.2295],[-114.5855,36.2273],[-114.584,36.227],[-114.5818,36.2275],[-114.5722,36.2323],[-114.566,36.2331],[-114.5628,36.2353],[-114.5593,36.2383],[-114.5557,36.2409],[-114.5523,36.2422],[-114.5487,36.2431],[-114.5447,36.2436],[-114.5392,36.2433],[-114.5331,36.2423],[-114.5274,36.2417],[-114.5205,36.2421],[-114.5152,36.2432],[-114.5135,36.2447],[-114.5095,36.2448],[-114.5016,36.2441]]},"properties":{"id":"routes-and-regions-unnamed-394","layer":"routes-and-regions","name":null,"sourceFolder":"Regions, travel routes, and significant pre-war roads"}},{"type":"Feature","id":"routes-and-regions-unnamed-395","geometry":{"type":"LineString","coordinates":[[-114.92,35.4652],[-114.917,35.4657],[-114.9119,35.466],[-114.901,35.4688],[-114.8983,35.469],[-114.8929,35.4681],[-114.8893,35.4682],[-114.8838,35.4701],[-114.8799,35.4703],[-114.8765,35.4714],[-114.8728,35.472],[-114.8574,35.4749],[-114.8549,35.4749],[-114.8413,35.4734],[-114.8379,35.4734],[-114.8199,35.4756],[-114.8129,35.4771],[-114.7773,35.4791],[-114.7725,35.4804],[-114.7695,35.4818],[-114.7685,35.4825],[-114.7614,35.4819],[-114.7554,35.4829],[-114.7515,35.4826],[-114.7488,35.4835],[-114.7394,35.4823],[-114.7368,35.4827],[-114.7331,35.4824],[-114.7211,35.4837],[-114.7183,35.4837],[-114.7125,35.4837],[-114.7098,35.4842],[-114.707,35.4858],[-114.7036,35.4856],[-114.6992,35.4871],[-114.6934,35.489],[-114.6877,35.4915],[-114.6861,35.4914]]},"properties":{"id":"routes-and-regions-unnamed-395","layer":"routes-and-regions","name":null,"sourceFolder":"Regions, travel routes, and significant pre-war roads"}},{"type":"Feature","id":"routes-and-regions-unnamed-396","geometry":{"type":"LineString","coordinates":[[-80.0157,40.4366],[-80.0097,40.4397],[-80.0094,40.4401],[-80.0091,40.4407],[-80.009,40.4415],[-80.0088,40.443],[-80.0097,40.4455],[-80.0095,40.4469],[-80.0077,40.4486],[-80.0063,40.4489],[-80,40.4497],[-79.998,40.4503],[-79.9969,40.4513],[-79.9963,40.4516],[-79.9958,40.4517],[-79.9952,40.4515]]},"properties":{"id":"routes-and-regions-unnamed-396","layer":"routes-and-regions","name":null,"sourceFolder":"Regions, travel routes, and significant pre-war roads"}},{"type":"Feature","id":"routes-and-regions-unnamed-397","geometry":{"type":"LineString","coordinates":[[-115.3244,35.7789],[-115.3259,35.7767],[-115.326,35.7766],[-115.3256,35.7765],[-115.3179,35.7765],[-115.3168,35.7762],[-115.3136,35.7763]]},"properties":{"id":"routes-and-regions-unnamed-397","layer":"routes-and-regions","name":null,"sourceFolder":"Regions, travel routes, and significant pre-war roads"}},{"type":"Feature","id":"routes-and-regions-unnamed-398","geometry":{"type":"LineString","coordinates":[[-115.193,35.8282],[-115.1939,35.8278],[-115.1968,35.827],[-115.2004,35.827],[-115.2082,35.8284],[-115.2181,35.829],[-115.2224,35.8296],[-115.2318,35.8288],[-115.2428,35.8274],[-115.2522,35.8258],[-115.2605,35.8248],[-115.2682,35.8257],[-115.2778,35.8253],[-115.2851,35.8245],[-115.2877,35.8238],[-115.2891,35.8229],[-115.2913,35.8224],[-115.2933,35.8211],[-115.3066,35.8037],[-115.3244,35.7789]]},"properties":{"id":"routes-and-regions-unnamed-398","layer":"routes-and-regions","name":null,"sourceFolder":"Regions, travel routes, and significant pre-war roads"}},{"type":"Feature","id":"routes-and-regions-unnamed-399","geometry":{"type":"LineString","coordinates":[[-72.5877,41.9906],[-72.5857,41.9972],[-72.5844,42.0041],[-72.5857,42.0136],[-72.5882,42.0218],[-72.5904,42.0261],[-72.59,42.0301],[-72.589,42.035],[-72.5887,42.0376],[-72.5885,42.0397],[-72.5893,42.0539],[-72.5892,42.0621],[-72.5885,42.069],[-72.5877,42.0715],[-72.5865,42.0733],[-72.5831,42.0751],[-72.5821,42.0755]]},"properties":{"id":"routes-and-regions-unnamed-399","layer":"routes-and-regions","name":null,"sourceFolder":"Regions, travel routes, and significant pre-war roads"}},{"type":"Feature","id":"routes-and-regions-unnamed-400","geometry":{"type":"LineString","coordinates":[[-72.5727,42.0291],[-72.5819,42.0314],[-72.5845,42.0317],[-72.5859,42.0315],[-72.5873,42.0314],[-72.5888,42.032],[-72.5895,42.0328]]},"properties":{"id":"routes-and-regions-unnamed-400","layer":"routes-and-regions","name":null,"sourceFolder":"Regions, travel routes, and significant pre-war roads"}},{"type":"Feature","id":"routes-and-regions-unnamed-401","geometry":{"type":"LineString","coordinates":[[-72.6163,42.0141],[-72.6169,42.0195],[-72.6168,42.0209],[-72.6167,42.0223],[-72.6172,42.0251],[-72.6171,42.0281],[-72.6166,42.0361],[-72.6162,42.0399],[-72.6164,42.0415],[-72.6163,42.0424],[-72.616,42.0434]]},"properties":{"id":"routes-and-regions-unnamed-401","layer":"routes-and-regions","name":null,"sourceFolder":"Regions, travel routes, and significant pre-war roads"}},{"type":"Feature","id":"routes-and-regions-unnamed-402","geometry":{"type":"LineString","coordinates":[[-119.91,39.101],[-119.9193,39.1072],[-119.9233,39.1111],[-119.9271,39.1176],[-119.9298,39.1253],[-119.9312,39.1338],[-119.9282,39.1529],[-119.9238,39.1748],[-119.9279,39.2424],[-119.9413,39.2471],[-119.9554,39.2509],[-119.9745,39.2516],[-119.9946,39.2511],[-120.004,39.2308],[-120.0305,39.2385],[-120.03,39.2435],[-120.0305,39.2453],[-120.0328,39.2485],[-120.0365,39.252],[-120.041,39.2552],[-120.0458,39.2575],[-120.0511,39.2585],[-120.0571,39.2585],[-120.0695,39.258],[-120.073,39.267],[-120.0899,39.2678],[-120.0945,39.2691],[-120.098,39.271],[-120.1011,39.2735],[-120.1035,39.2764],[-120.1052,39.2796],[-120.1058,39.2836],[-120.1033,39.2973],[-120.1322,39.3075],[-120.1448,39.3137],[-120.1537,39.3213],[-120.1682,39.3385]]},"properties":{"id":"routes-and-regions-unnamed-402","layer":"routes-and-regions","name":null,"sourceFolder":"Regions, travel routes, and significant pre-war roads"}},{"type":"Feature","id":"routes-and-regions-unnamed-403","geometry":{"type":"LineString","coordinates":[[-114.9613,35.7152],[-114.959,35.7228],[-114.9585,35.73],[-114.9608,35.7235],[-114.9613,35.7152]]},"properties":{"id":"routes-and-regions-unnamed-403","layer":"routes-and-regions","name":null,"sourceFolder":"Regions, travel routes, and significant pre-war roads"}},{"type":"Feature","id":"routes-and-regions-unnamed-404","geometry":{"type":"LineString","coordinates":[[-115.4511,35.4708],[-115.4481,35.472],[-115.4476,35.4723],[-115.4469,35.4731],[-115.4473,35.4751],[-115.4471,35.4767],[-115.4484,35.4755],[-115.4499,35.4744],[-115.4506,35.4736],[-115.4505,35.4721],[-115.4511,35.4708]]},"properties":{"id":"routes-and-regions-unnamed-404","layer":"routes-and-regions","name":null,"sourceFolder":"Regions, travel routes, and significant pre-war roads"}},{"type":"Feature","id":"routes-and-regions-unnamed-405","geometry":{"type":"LineString","coordinates":[[-115.3905,35.6089],[-115.3894,35.6105],[-115.3884,35.6115],[-115.3881,35.612],[-115.388,35.6124]]},"properties":{"id":"routes-and-regions-unnamed-405","layer":"routes-and-regions","name":null,"sourceFolder":"Regions, travel routes, and significant pre-war roads"}},{"type":"Feature","id":"routes-and-regions-unnamed-406","geometry":{"type":"LineString","coordinates":[[-115.3877,35.6163],[-115.3888,35.6144],[-115.3897,35.6132],[-115.3899,35.6128],[-115.3899,35.6124]]},"properties":{"id":"routes-and-regions-unnamed-406","layer":"routes-and-regions","name":null,"sourceFolder":"Regions, travel routes, and significant pre-war roads"}},{"type":"Feature","id":"routes-and-regions-unnamed-407","geometry":{"type":"LineString","coordinates":[[-115.3943,35.6106],[-115.3945,35.6107],[-115.3968,35.6113],[-115.3981,35.6109],[-115.3997,35.6103],[-115.4002,35.6095],[-115.3999,35.6084],[-115.3983,35.6072],[-115.3958,35.6066],[-115.3931,35.6065],[-115.3919,35.6069],[-115.3911,35.6077]]},"properties":{"id":"routes-and-regions-unnamed-407","layer":"routes-and-regions","name":null,"sourceFolder":"Regions, travel routes, and significant pre-war roads"}},{"type":"Feature","id":"routes-and-regions-unnamed-408","geometry":{"type":"LineString","coordinates":[[-115.394522,35.610683],[-115.394436,35.610902]]},"properties":{"id":"routes-and-regions-unnamed-408","layer":"routes-and-regions","name":null,"sourceFolder":"Regions, travel routes, and significant pre-war roads"}},{"type":"Feature","id":"routes-and-regions-unnamed-409","geometry":{"type":"LineString","coordinates":[[-115.3968,35.6113],[-115.399,35.6121],[-115.4205,35.6248],[-115.4306,35.6298],[-115.4412,35.6383],[-115.47,35.659],[-115.4758,35.6643],[-115.478,35.6667],[-115.4797,35.6678],[-115.4842,35.6697],[-115.491,35.6711],[-115.4929,35.6718],[-115.4939,35.6726],[-115.4967,35.6761],[-115.6214,35.7881]]},"properties":{"id":"routes-and-regions-unnamed-409","layer":"routes-and-regions","name":null,"sourceFolder":"Regions, travel routes, and significant pre-war roads"}},{"type":"Feature","id":"routes-and-regions-unnamed-410","geometry":{"type":"LineString","coordinates":[[-115.3909,35.6102],[-115.3905,35.6114],[-115.3905,35.6116],[-115.3907,35.6119],[-115.3908,35.6121],[-115.3906,35.6123],[-115.3899,35.6124],[-115.388,35.6124],[-115.3863,35.6124],[-115.385,35.6124],[-115.3841,35.6125]]},"properties":{"id":"routes-and-regions-unnamed-410","layer":"routes-and-regions","name":null,"sourceFolder":"Regions, travel routes, and significant pre-war roads"}},{"type":"Feature","id":"routes-and-regions-unnamed-411","geometry":{"type":"LineString","coordinates":[[-115.3841,35.6125],[-115.3841,35.6121],[-115.3843,35.6116],[-115.3843,35.6111],[-115.384,35.6108],[-115.3831,35.6098]]},"properties":{"id":"routes-and-regions-unnamed-411","layer":"routes-and-regions","name":null,"sourceFolder":"Regions, travel routes, and significant pre-war roads"}},{"type":"Feature","id":"routes-and-regions-unnamed-412","geometry":{"type":"LineString","coordinates":[[-115.3863,35.6124],[-115.3863,35.6128],[-115.3873,35.6137],[-115.3873,35.6158]]},"properties":{"id":"routes-and-regions-unnamed-412","layer":"routes-and-regions","name":null,"sourceFolder":"Regions, travel routes, and significant pre-war roads"}},{"type":"Feature","id":"routes-and-regions-unnamed-413","geometry":{"type":"LineString","coordinates":[[-114.9013,35.9679],[-114.8962,35.9681],[-114.8946,35.968],[-114.8931,35.9679],[-114.888,35.9671]]},"properties":{"id":"routes-and-regions-unnamed-413","layer":"routes-and-regions","name":null,"sourceFolder":"Regions, travel routes, and significant pre-war roads"}},{"type":"Feature","id":"routes-and-regions-unnamed-414","geometry":{"type":"LineString","coordinates":[[-114.8946,35.968],[-114.8944,35.9689],[-114.8935,35.9704],[-114.8904,35.9729],[-114.8887,35.9747],[-114.8854,35.9824],[-114.8822,35.9927],[-114.8781,36.0019],[-114.8711,36.0095],[-114.8638,36.0157],[-114.8565,36.0208],[-114.8548,36.0227],[-114.8537,36.0255],[-114.8531,36.0287],[-114.8532,36.0349],[-114.8538,36.0395],[-114.8545,36.0417],[-114.8557,36.0435],[-114.8572,36.0449],[-114.859,36.046],[-114.8633,36.0478],[-114.866,36.0483],[-114.8718,36.0487],[-114.8739,36.0492],[-114.8752,36.0501],[-114.876,36.0513],[-114.8763,36.0552],[-114.8777,36.057],[-114.8799,36.0585],[-114.8835,36.0592],[-114.8874,36.0592],[-114.8894,36.0587],[-114.8933,36.0573]]},"properties":{"id":"routes-and-regions-unnamed-414","layer":"routes-and-regions","name":null,"sourceFolder":"Regions, travel routes, and significant pre-war roads"}},{"type":"Feature","id":"routes-and-regions-unnamed-415","geometry":{"type":"LineString","coordinates":[[-114.9236,36.0842],[-114.9246,36.0861],[-114.9314,36.0886],[-114.933,36.0904],[-114.9338,36.0922],[-114.9338,36.0942],[-114.9324,36.0983],[-114.9328,36.1002],[-114.9346,36.1042],[-114.9385,36.1081],[-114.9392,36.1092],[-114.9383,36.1107],[-114.9347,36.113],[-114.9337,36.1158],[-114.9325,36.1164],[-114.9291,36.1167],[-114.9264,36.1165]]},"properties":{"id":"routes-and-regions-unnamed-415","layer":"routes-and-regions","name":null,"sourceFolder":"Regions, travel routes, and significant pre-war roads"}},{"type":"Feature","id":"routes-and-regions-unnamed-416","geometry":{"type":"LineString","coordinates":[[-114.8946,35.9672],[-114.8948,35.9667],[-114.8951,35.9665],[-114.8955,35.9665],[-114.8957,35.9666],[-114.8958,35.9668],[-114.8958,35.9671],[-114.8956,35.9673],[-114.895,35.9675]]},"properties":{"id":"routes-and-regions-unnamed-416","layer":"routes-and-regions","name":null,"sourceFolder":"Regions, travel routes, and significant pre-war roads"}},{"type":"Feature","id":"routes-and-regions-unnamed-417","geometry":{"type":"LineString","coordinates":[[-114.9016,35.9521],[-114.8971,35.9506],[-114.8914,35.9504],[-114.885,35.9508],[-114.8747,35.952],[-114.8706,35.9532],[-114.8687,35.9549],[-114.868,35.956],[-114.8676,35.9586],[-114.8678,35.9645],[-114.8683,35.9677]]},"properties":{"id":"routes-and-regions-unnamed-417","layer":"routes-and-regions","name":null,"sourceFolder":"Regions, travel routes, and significant pre-war roads"}},{"type":"Feature","id":"routes-and-regions-unnamed-418","geometry":{"type":"LineString","coordinates":[[-114.854945,35.96956],[-114.855519,35.970865]]},"properties":{"id":"routes-and-regions-unnamed-418","layer":"routes-and-regions","name":null,"sourceFolder":"Regions, travel routes, and significant pre-war roads"}},{"type":"Feature","id":"routes-and-regions-unnamed-419","geometry":{"type":"LineString","coordinates":[[-114.8464,35.9741],[-114.8454,35.9745],[-114.8442,35.9745],[-114.8428,35.9739],[-114.8418,35.9739],[-114.8406,35.9744],[-114.8361,35.9795],[-114.8357,35.98],[-114.8358,35.9808],[-114.8359,35.981]]},"properties":{"id":"routes-and-regions-unnamed-419","layer":"routes-and-regions","name":null,"sourceFolder":"Regions, travel routes, and significant pre-war roads"}},{"type":"Feature","id":"routes-and-regions-unnamed-420","geometry":{"type":"LineString","coordinates":[[-114.8994,36.1099],[-114.8975,36.113],[-114.8933,36.116],[-114.8884,36.118],[-114.8805,36.119],[-114.8751,36.119],[-114.8712,36.1177],[-114.8676,36.1155],[-114.8643,36.1145],[-114.8619,36.1124],[-114.8598,36.1112],[-114.8556,36.1102],[-114.8534,36.1084],[-114.8518,36.1079],[-114.8486,36.1078],[-114.8462,36.1069],[-114.8452,36.1055],[-114.8449,36.1041],[-114.8449,36.1],[-114.844,36.0982],[-114.843,36.0976],[-114.8415,36.0972],[-114.8327,36.0981],[-114.8298,36.0973],[-114.8282,36.0962],[-114.8256,36.0933],[-114.8248,36.0908],[-114.8272,36.0852],[-114.8275,36.0837],[-114.8268,36.0822],[-114.8236,36.0792],[-114.8205,36.0747],[-114.8195,36.0725],[-114.82,36.0693],[-114.8195,36.0551],[-114.8191,36.0521],[-114.8182,36.0497],[-114.8172,36.0481],[-114.8157,36.0468],[-114.8115,36.0445],[-114.8092,36.0422],[-114.8019,36.0324],[-114.7971,36.0237],[-114.7938,36.0162],[-114.7935,36.0138],[-114.7941,36.0125],[-114.7951,36.0113],[-114.7972,36.0105],[-114.7993,36.0104],[-114.7998,36.0101],[-114.8,36.0097],[-114.8,36.009]]},"properties":{"id":"routes-and-regions-unnamed-420","layer":"routes-and-regions","name":null,"sourceFolder":"Regions, travel routes, and significant pre-war roads"}},{"type":"Feature","id":"routes-and-regions-unnamed-421","geometry":{"type":"LineString","coordinates":[[-114.7653,36.0098],[-114.7605,36.0056],[-114.7575,36.0035],[-114.7545,36.0021],[-114.7511,36.0026],[-114.7493,36.0028],[-114.7486,36.0019],[-114.745,36.0009],[-114.7444,36.0004],[-114.7443,35.9999]]},"properties":{"id":"routes-and-regions-unnamed-421","layer":"routes-and-regions","name":null,"sourceFolder":"Regions, travel routes, and significant pre-war roads"}},{"type":"Feature","id":"routes-and-regions-unnamed-422","geometry":{"type":"LineString","coordinates":[[-115.1806,36.0982],[-115.1801,36.1004],[-115.1799,36.1007],[-115.1796,36.1008]]},"properties":{"id":"routes-and-regions-unnamed-422","layer":"routes-and-regions","name":null,"sourceFolder":"Regions, travel routes, and significant pre-war roads"}},{"type":"Feature","id":"routes-and-regions-unnamed-423","geometry":{"type":"LineString","coordinates":[[-115.1796,36.1008],[-115.1729,36.1009],[-115.1459,36.101],[-115.128,36.101],[-115.1188,36.0999],[-115.0819,36.1003]]},"properties":{"id":"routes-and-regions-unnamed-423","layer":"routes-and-regions","name":null,"sourceFolder":"Regions, travel routes, and significant pre-war roads"}},{"type":"Feature","id":"routes-and-regions-unnamed-424","geometry":{"type":"LineString","coordinates":[[-115.436,35.8324],[-115.436,35.8353],[-115.44,35.8354],[-115.4403,35.8355]]},"properties":{"id":"routes-and-regions-unnamed-424","layer":"routes-and-regions","name":null,"sourceFolder":"Regions, travel routes, and significant pre-war roads"}},{"type":"Feature","id":"routes-and-regions-unnamed-425","geometry":{"type":"LineString","coordinates":[[-115.436,35.8324],[-115.4364,35.8318],[-115.4366,35.8313],[-115.4366,35.8309]]},"properties":{"id":"routes-and-regions-unnamed-425","layer":"routes-and-regions","name":null,"sourceFolder":"Regions, travel routes, and significant pre-war roads"}},{"type":"Feature","id":"routes-and-regions-unnamed-426","geometry":{"type":"LineString","coordinates":[[-115.4376,35.8318],[-115.4364,35.8318],[-115.4327,35.8317]]},"properties":{"id":"routes-and-regions-unnamed-426","layer":"routes-and-regions","name":null,"sourceFolder":"Regions, travel routes, and significant pre-war roads"}},{"type":"Feature","id":"routes-and-regions-unnamed-427","geometry":{"type":"LineString","coordinates":[[-115.4345,35.8324],[-115.4345,35.8328],[-115.4349,35.8332],[-115.4349,35.8353]]},"properties":{"id":"routes-and-regions-unnamed-427","layer":"routes-and-regions","name":null,"sourceFolder":"Regions, travel routes, and significant pre-war roads"}},{"type":"Feature","id":"routes-and-regions-unnamed-428","geometry":{"type":"LineString","coordinates":[[-115.4548,36.059],[-115.4525,36.0596],[-115.446,36.0606],[-115.4421,36.0612],[-115.4422,36.0639],[-115.4354,36.0659]]},"properties":{"id":"routes-and-regions-unnamed-428","layer":"routes-and-regions","name":null,"sourceFolder":"Regions, travel routes, and significant pre-war roads"}},{"type":"Feature","id":"routes-and-regions-unnamed-429","geometry":{"type":"LineString","coordinates":[[-115.4436,36.0738],[-115.4442,36.0736],[-115.4455,36.0735],[-115.4489,36.0739],[-115.4518,36.0738],[-115.4568,36.0732],[-115.4578,36.0728],[-115.4595,36.0721],[-115.4596,36.0716],[-115.4593,36.0707],[-115.4584,36.0706]]},"properties":{"id":"routes-and-regions-unnamed-429","layer":"routes-and-regions","name":null,"sourceFolder":"Regions, travel routes, and significant pre-war roads"}},{"type":"Feature","id":"routes-and-regions-unnamed-430","geometry":{"type":"LineString","coordinates":[[-115.4214,36.1316],[-115.4216,36.1318],[-115.4281,36.134],[-115.4282,36.1342],[-115.4282,36.1344],[-115.4279,36.1346],[-115.4272,36.135],[-115.4265,36.1355]]},"properties":{"id":"routes-and-regions-unnamed-430","layer":"routes-and-regions","name":null,"sourceFolder":"Regions, travel routes, and significant pre-war roads"}},{"type":"Feature","id":"routes-and-regions-unnamed-431","geometry":{"type":"LineString","coordinates":[[-80.7168,39.6483],[-80.7171,39.6485],[-80.7173,39.6485],[-80.7175,39.6483],[-80.7188,39.6473],[-80.7196,39.6471],[-80.7207,39.6463],[-80.7209,39.6456],[-80.7203,39.6446],[-80.719,39.6432],[-80.7198,39.6413],[-80.7189,39.639],[-80.718,39.6377],[-80.7176,39.6363],[-80.7177,39.635],[-80.7176,39.6337],[-80.7183,39.6304],[-80.7192,39.6297],[-80.7185,39.6279],[-80.7168,39.6271],[-80.7164,39.6271],[-80.7171,39.6245],[-80.7161,39.6236],[-80.7152,39.6237],[-80.7149,39.6234]]},"properties":{"id":"routes-and-regions-unnamed-431","layer":"routes-and-regions","name":null,"sourceFolder":"Regions, travel routes, and significant pre-war roads"}},{"type":"Feature","id":"routes-and-regions-unnamed-432","geometry":{"type":"LineString","coordinates":[[-80.8931,39.5396],[-80.8853,39.5412],[-80.884,39.5422],[-80.8839,39.5436],[-80.8845,39.545],[-80.8828,39.547],[-80.8809,39.5494],[-80.8806,39.5509],[-80.8832,39.5531],[-80.8836,39.5539],[-80.8835,39.555],[-80.8813,39.5591],[-80.881,39.5605],[-80.8812,39.5632],[-80.8831,39.5683],[-80.8851,39.5714],[-80.8865,39.5727],[-80.8885,39.5736],[-80.8935,39.5749],[-80.8953,39.5758],[-80.8976,39.5784],[-80.898,39.5805],[-80.897,39.5829],[-80.8947,39.5859],[-80.8873,39.5935],[-80.8854,39.5947],[-80.8815,39.5957],[-80.8794,39.5968],[-80.8769,39.5996],[-80.8763,39.6013],[-80.8764,39.6039],[-80.8783,39.6099],[-80.8784,39.6119],[-80.877,39.615],[-80.8748,39.6177],[-80.8717,39.6206],[-80.8693,39.6233],[-80.8692,39.6237],[-80.8695,39.624]]},"properties":{"id":"routes-and-regions-unnamed-432","layer":"routes-and-regions","name":null,"sourceFolder":"Regions, travel routes, and significant pre-war roads"}},{"type":"Feature","id":"routes-and-regions-unnamed-433","geometry":{"type":"LineString","coordinates":[[-81.6121,38.342],[-81.6117,38.3424],[-81.6105,38.3429],[-81.6087,38.3434],[-81.6065,38.3451],[-81.6056,38.3462],[-81.6049,38.3493],[-81.6032,38.3507],[-81.5989,38.3517],[-81.598,38.353],[-81.5971,38.3556],[-81.595,38.3581],[-81.5935,38.3601],[-81.5938,38.3621],[-81.5936,38.3639],[-81.5939,38.3656],[-81.5931,38.367],[-81.5931,38.368],[-81.5936,38.3686],[-81.5941,38.3688],[-81.5945,38.3688],[-81.595,38.3686],[-81.5955,38.3682],[-81.596,38.3681],[-81.5968,38.3683],[-81.5972,38.3688],[-81.5971,38.3695],[-81.5966,38.3703],[-81.5964,38.3703],[-81.596,38.3703],[-81.5958,38.3702],[-81.5953,38.3698],[-81.595,38.3694],[-81.5947,38.369],[-81.5945,38.3688]]},"properties":{"id":"routes-and-regions-unnamed-433","layer":"routes-and-regions","name":null,"sourceFolder":"Regions, travel routes, and significant pre-war roads"}},{"type":"Feature","id":"routes-and-regions-unnamed-434","geometry":{"type":"LineString","coordinates":[[-77.1907,38.8204],[-77.1905,38.8204],[-77.1903,38.8204],[-77.1901,38.8204]]},"properties":{"id":"routes-and-regions-unnamed-434","layer":"routes-and-regions","name":null,"sourceFolder":"Regions, travel routes, and significant pre-war roads"}},{"type":"Feature","id":"routes-and-regions-unnamed-435","geometry":{"type":"LineString","coordinates":[[-77.194581,38.827551],[-77.189493,38.826684]]},"properties":{"id":"routes-and-regions-unnamed-435","layer":"routes-and-regions","name":null,"sourceFolder":"Regions, travel routes, and significant pre-war roads"}},{"type":"Feature","id":"routes-and-regions-unnamed-436","geometry":{"type":"LineString","coordinates":[[-77.194499,38.828664],[-77.189381,38.827837]]},"properties":{"id":"routes-and-regions-unnamed-436","layer":"routes-and-regions","name":null,"sourceFolder":"Regions, travel routes, and significant pre-war roads"}},{"type":"Feature","id":"routes-and-regions-elevated-roadway","geometry":{"type":"LineString","coordinates":[[-76.999527,38.884293],[-76.999527,38.888703]]},"properties":{"id":"routes-and-regions-elevated-roadway","layer":"routes-and-regions","name":"Elevated roadway","sourceFolder":"Regions, travel routes, and significant pre-war roads"}},{"type":"Feature","id":"routes-and-regions-elevated-freeway-4","geometry":{"type":"LineString","coordinates":[[-77.176,38.7908],[-77.168,38.7984],[-77.1599,38.8053],[-77.1538,38.809],[-77.1474,38.8122],[-77.13,38.8194],[-77.1184,38.8279],[-77.1085,38.8315],[-77.0985,38.8346],[-77.0917,38.837],[-77.0863,38.8395],[-77.084,38.8412],[-77.082,38.8432],[-77.0752,38.8519],[-77.0696,38.8606],[-77.0687,38.8642],[-77.0682,38.8654],[-77.0652,38.8664],[-77.0634,38.867],[-77.0617,38.8686],[-77.0586,38.873],[-77.058,38.8752],[-77.059,38.8786],[-77.0618,38.8815],[-77.0664,38.8882],[-77.0682,38.8905],[-77.0706,38.8919],[-77.0722,38.892],[-77.0754,38.8912],[-77.077,38.8906],[-77.08,38.8878],[-77.0834,38.8867],[-77.0857,38.8861],[-77.0871,38.886]]},"properties":{"id":"routes-and-regions-elevated-freeway-4","layer":"routes-and-regions","name":"Elevated freeway","sourceFolder":"Regions, travel routes, and significant pre-war roads"}},{"type":"Feature","id":"routes-and-regions-elevated-freeway-5","geometry":{"type":"LineString","coordinates":[[-77.0789,38.781],[-77.0769,38.783],[-77.069,38.7862],[-77.0646,38.7892],[-77.056,38.7929],[-77.0539,38.7942],[-77.0528,38.7958],[-77.0521,38.7977],[-77.0502,38.8052],[-77.0488,38.8133],[-77.0494,38.8199],[-77.0529,38.8441],[-77.0528,38.8495],[-77.0517,38.8605],[-77.0516,38.8633],[-77.0525,38.865],[-77.0551,38.8662],[-77.0611,38.8674],[-77.0634,38.867],[-77.0652,38.8664],[-77.0682,38.8654],[-77.0714,38.8654],[-77.076,38.8674],[-77.0782,38.8688],[-77.0799,38.8705],[-77.0825,38.874],[-77.0837,38.8753],[-77.0905,38.88],[-77.093,38.8844],[-77.0989,38.8901],[-77.0993,38.8913],[-77.0994,38.8935],[-77.0989,38.8955],[-77.0982,38.8965],[-77.0967,38.8972],[-77.0937,38.8977],[-77.0896,38.8982],[-77.0876,38.8981],[-77.0828,38.8966],[-77.0809,38.8969],[-77.0771,38.8984],[-77.0721,38.8985],[-77.0714,38.899],[-77.0709,38.9002]]},"properties":{"id":"routes-and-regions-elevated-freeway-5","layer":"routes-and-regions","name":"Elevated freeway","sourceFolder":"Regions, travel routes, and significant pre-war roads"}},{"type":"Feature","id":"routes-and-regions-elevated-freeway-6","geometry":{"type":"LineString","coordinates":[[-77.082,38.8734],[-77.0833,38.8769],[-77.0847,38.8832],[-77.0855,38.8846],[-77.0871,38.886],[-77.0898,38.8861]]},"properties":{"id":"routes-and-regions-elevated-freeway-6","layer":"routes-and-regions","name":"Elevated freeway","sourceFolder":"Regions, travel routes, and significant pre-war roads"}},{"type":"Feature","id":"routes-and-regions-humboldt-place","geometry":{"type":"LineString","coordinates":[[-71.056974,42.330879],[-71.058273,42.330863]]},"properties":{"id":"routes-and-regions-humboldt-place","layer":"routes-and-regions","name":"Humboldt Place","sourceFolder":"Regions, travel routes, and significant pre-war roads"}},{"type":"Feature","id":"routes-and-regions-bridge-street","geometry":{"type":"LineString","coordinates":[[-80.657199,38.717295],[-80.656611,38.718349],[-80.656002,38.719234],[-80.655358,38.719846],[-80.653963,38.720549],[-80.652472,38.721076],[-80.651689,38.721503],[-80.651142,38.722164],[-80.650818,38.722569],[-80.650502,38.723306],[-80.650355,38.723984],[-80.650393,38.724263],[-80.650579,38.72462],[-80.650913,38.725211],[-80.651699,38.725401],[-80.660326,38.724758]]},"properties":{"id":"routes-and-regions-bridge-street","layer":"routes-and-regions","name":"Bridge Street","sourceFolder":"Regions, travel routes, and significant pre-war roads"}},{"type":"Feature","id":"routes-and-regions-church-road","geometry":{"type":"LineString","coordinates":[[-80.653,38.727],[-80.653,38.7264],[-80.6528,38.7258],[-80.6514,38.7243],[-80.6512,38.7238],[-80.651,38.7231],[-80.6511,38.7229],[-80.6543,38.7211],[-80.6551,38.7206],[-80.6556,38.7202],[-80.6559,38.7197],[-80.6566,38.7183]]},"properties":{"id":"routes-and-regions-church-road","layer":"routes-and-regions","name":"Church Road","sourceFolder":"Regions, travel routes, and significant pre-war roads"}},{"type":"Feature","id":"routes-and-regions-basso-boulevard","geometry":{"type":"LineString","coordinates":[[-77.035399,38.907261],[-77.009359,38.907269]]},"properties":{"id":"routes-and-regions-basso-boulevard","layer":"routes-and-regions","name":"Basso Boulevard","sourceFolder":"Regions, travel routes, and significant pre-war roads","note":"** Note from creator: In game, this road runs north-south, but I've opted to change it as east-west since it connects with Mount Vernon Place in Vernon Square, despite the latter road being shown as north-south as well in L'Enfant Plaza. **"}},{"type":"Feature","id":"routes-and-regions-bus-loop","geometry":{"type":"LineString","coordinates":[[-77.0219,38.9057],[-77.0223,38.9057],[-77.0224,38.9056],[-77.0224,38.9056],[-77.0224,38.9055],[-77.0224,38.9054],[-77.0223,38.9054],[-77.0219,38.9054]]},"properties":{"id":"routes-and-regions-bus-loop","layer":"routes-and-regions","name":"Bus loop","sourceFolder":"Regions, travel routes, and significant pre-war roads"}},{"type":"Feature","id":"routes-and-regions-bus-loop-2","geometry":{"type":"LineString","coordinates":[[-77.0219,38.9042],[-77.0222,38.9043],[-77.0223,38.9042],[-77.0223,38.9042],[-77.0223,38.9041],[-77.0223,38.9041],[-77.0222,38.9041],[-77.0219,38.9041]]},"properties":{"id":"routes-and-regions-bus-loop-2","layer":"routes-and-regions","name":"Bus loop","sourceFolder":"Regions, travel routes, and significant pre-war roads"}},{"type":"Feature","id":"routes-and-regions-bus-loop-3","geometry":{"type":"LineString","coordinates":[[-77.0194,38.9095],[-77.0194,38.9095],[-77.0195,38.9095],[-77.0199,38.9095]]},"properties":{"id":"routes-and-regions-bus-loop-3","layer":"routes-and-regions","name":"Bus loop","sourceFolder":"Regions, travel routes, and significant pre-war roads"}},{"type":"Feature","id":"routes-and-regions-nuka-lane","geometry":{"type":"LineString","coordinates":[[-71.5143,42.3823],[-71.516,42.3823],[-71.5177,42.3823]]},"properties":{"id":"routes-and-regions-nuka-lane","layer":"routes-and-regions","name":"Nuka Lane","sourceFolder":"Regions, travel routes, and significant pre-war roads"}},{"type":"Feature","id":"routes-and-regions-transit-court","geometry":{"type":"LineString","coordinates":[[-71.515256,42.380939],[-71.517285,42.380941]]},"properties":{"id":"routes-and-regions-transit-court","layer":"routes-and-regions","name":"Transit Court","sourceFolder":"Regions, travel routes, and significant pre-war roads"}},{"type":"Feature","id":"routes-and-regions-commercial-row","geometry":{"type":"LineString","coordinates":[[-119.8112,39.5286],[-119.8122,39.5284],[-119.8126,39.5285],[-119.8137,39.5282],[-119.8138,39.5282],[-119.8149,39.528],[-119.8151,39.528],[-119.8162,39.5278],[-119.8164,39.5277],[-119.8177,39.5275]]},"properties":{"id":"routes-and-regions-commercial-row","layer":"routes-and-regions","name":"Commercial Row","sourceFolder":"Regions, travel routes, and significant pre-war roads"}},{"type":"Feature","id":"routes-and-regions-2nd-street","geometry":{"type":"LineString","coordinates":[[-119.778,39.5276],[-119.7808,39.5275],[-119.806,39.5274],[-119.8066,39.5274],[-119.8076,39.5278],[-119.8079,39.5279],[-119.8086,39.5278],[-119.8133,39.5269],[-119.8198,39.5257],[-119.8312,39.5235],[-119.8319,39.5235],[-119.834,39.5237]]},"properties":{"id":"routes-and-regions-2nd-street","layer":"routes-and-regions","name":"2nd Street","sourceFolder":"Regions, travel routes, and significant pre-war roads"}},{"type":"Feature","id":"routes-and-regions-fremont-street","geometry":{"type":"LineString","coordinates":[[-115.1464,36.1717],[-115.1327,36.1658],[-115.1185,36.1597],[-115.1162,36.1586],[-115.1015,36.1457]]},"properties":{"id":"routes-and-regions-fremont-street","layer":"routes-and-regions","name":"Fremont Street","sourceFolder":"Regions, travel routes, and significant pre-war roads"}},{"type":"Feature","id":"routes-and-regions-las-vegas-boulevard","geometry":{"type":"LineString","coordinates":[[-115.1724,36.0569],[-115.1724,36.0711],[-115.1727,36.0745],[-115.1727,36.0862],[-115.1729,36.1009],[-115.1729,36.1011],[-115.173,36.1087],[-115.1729,36.117],[-115.1728,36.1186],[-115.1721,36.1211],[-115.1691,36.1257],[-115.1657,36.1308],[-115.1588,36.1417],[-115.1474,36.159],[-115.1407,36.1692],[-115.1382,36.1733],[-115.1371,36.1749],[-115.1358,36.1769],[-115.135,36.1787],[-115.1343,36.1808],[-115.134,36.1816],[-115.134,36.1837],[-115.1341,36.1884],[-115.134,36.1898],[-115.1336,36.191],[-115.1326,36.1923],[-115.129,36.196],[-115.1264,36.198],[-115.1201,36.2021],[-115.0934,36.2177]]},"properties":{"id":"routes-and-regions-las-vegas-boulevard","layer":"routes-and-regions","name":"Las Vegas Boulevard","sourceFolder":"Regions, travel routes, and significant pre-war roads"}},{"type":"Feature","id":"routes-and-regions-russell-road","geometry":{"type":"LineString","coordinates":[[-115.1462,36.0894],[-115.1432,36.0892],[-115.1405,36.0888],[-115.1326,36.089],[-115.1295,36.0885],[-115.1262,36.0864],[-115.1241,36.0861],[-115.1188,36.0862],[-115.1008,36.0864],[-115.0911,36.0858],[-115.0805,36.0855],[-115.0706,36.0858],[-115.0649,36.0872],[-115.0617,36.0866],[-115.0548,36.0825],[-115.0531,36.0822],[-115.0503,36.083],[-115.0466,36.084],[-115.0368,36.0836],[-115.0341,36.0838],[-115.031,36.0855],[-115.0267,36.0857],[-115.0225,36.0854],[-115.0204,36.0851]]},"properties":{"id":"routes-and-regions-russell-road","layer":"routes-and-regions","name":"Russell Road","sourceFolder":"Regions, travel routes, and significant pre-war roads"}},{"type":"Feature","id":"routes-and-regions-russell-road-2","geometry":{"type":"LineString","coordinates":[[-115.1727,36.0862],[-115.1749,36.0861],[-115.1784,36.086],[-115.1833,36.086],[-115.1869,36.0863],[-115.208,36.0864],[-115.2255,36.0854],[-115.2614,36.0848],[-115.289,36.0851],[-115.2978,36.0851],[-115.3154,36.0851]]},"properties":{"id":"routes-and-regions-russell-road-2","layer":"routes-and-regions","name":"Russell Road","sourceFolder":"Regions, travel routes, and significant pre-war roads"}},{"type":"Feature","id":"routes-and-regions-junction-7","geometry":{"type":"LineString","coordinates":[[-116.8952,36.5573],[-116.8749,36.5468],[-116.853,36.5379],[-116.8216,36.5332],[-116.7888,36.5316],[-116.7593,36.5336],[-116.7339,36.5385],[-116.7275,36.5406],[-116.7219,36.5429],[-116.7171,36.5456],[-116.7133,36.5489],[-116.7105,36.5529],[-116.7087,36.5573],[-116.7076,36.5621],[-116.7071,36.5669],[-116.7076,36.5735],[-116.711,36.5872]]},"properties":{"id":"routes-and-regions-junction-7","layer":"routes-and-regions","name":"Junction 7","sourceFolder":"Regions, travel routes, and significant pre-war roads"}},{"type":"Feature","id":"routes-and-regions-exit-12a","geometry":{"type":"LineString","coordinates":[[-118.3627,34.1382],[-118.3612,34.1369],[-118.3602,34.1359]]},"properties":{"id":"routes-and-regions-exit-12a","layer":"routes-and-regions","name":"Exit 12A","sourceFolder":"Regions, travel routes, and significant pre-war roads"}},{"type":"Feature","id":"routes-and-regions-california-state-route-89","geometry":{"type":"LineString","coordinates":[[-119.5276,38.6426],[-119.5383,38.6418],[-119.548,38.6415],[-119.5534,38.6419],[-119.5575,38.643],[-119.5584,38.6438],[-119.5606,38.6465],[-119.5655,38.6496],[-119.5723,38.6528],[-119.5792,38.6552],[-119.5854,38.6558],[-119.5979,38.6556],[-119.5856,38.6609],[-119.5957,38.6607],[-119.595,38.6631],[-119.594,38.6645],[-119.5926,38.6652],[-119.5867,38.6666],[-119.5854,38.6674],[-119.5845,38.6689],[-119.5846,38.6717],[-119.5859,38.6739],[-119.5935,38.6814],[-119.597,38.6808],[-119.5981,38.6804],[-119.5996,38.6791],[-119.6038,38.6735],[-119.6136,38.6758],[-119.6169,38.6761],[-119.6201,38.6759],[-119.6237,38.6747],[-119.6273,38.6727],[-119.6378,38.6652],[-119.6526,38.672],[-119.657,38.673],[-119.6598,38.6728],[-119.6673,38.6703],[-119.6645,38.6569],[-119.6727,38.6556],[-119.6755,38.6558],[-119.6799,38.6578],[-119.689,38.6644],[-119.6934,38.6666],[-119.6973,38.6673],[-119.7012,38.6673],[-119.7054,38.6668],[-119.7155,38.6644],[-119.7263,38.6612],[-119.7327,38.6732],[-119.7356,38.6762],[-119.7389,38.6777],[-119.7466,38.6792],[-119.7497,38.6805],[-119.7513,38.6821],[-119.7544,38.688],[-119.7559,38.6893],[-119.7577,38.6899],[-119.7598,38.6902],[-119.7665,38.6901],[-119.7701,38.6983],[-119.7709,38.6989],[-119.7719,38.6989],[-119.7726,38.6984],[-119.7729,38.6978],[-119.7732,38.6968],[-119.7731,38.6958],[-119.7734,38.695],[-119.7742,38.6946],[-119.7751,38.6937],[-119.7759,38.6935],[-119.7787,38.6936],[-119.7795,38.6941],[-119.7798,38.6944],[-119.7803,38.6949],[-119.7815,38.6963],[-119.7828,38.6983],[-119.7851,38.7008],[-119.7858,38.7012],[-119.7882,38.7018],[-119.7894,38.7026],[-119.7905,38.7068],[-119.7903,38.7101],[-119.7913,38.7129],[-119.7933,38.7164],[-119.8019,38.7265],[-119.8109,38.7378],[-119.8143,38.7455],[-119.816,38.7529],[-119.816,38.7578],[-119.8154,38.7626],[-119.8155,38.7667],[-119.8163,38.7691],[-119.8175,38.7712],[-119.8189,38.7729],[-119.8204,38.774],[-119.8239,38.7757],[-119.8407,38.7674],[-119.849,38.7647],[-119.8574,38.764],[-119.8615,38.7642],[-119.8653,38.7648],[-119.8686,38.7658],[-119.8709,38.7674],[-119.8757,38.7745],[-119.8778,38.7761],[-119.8803,38.777],[-119.8831,38.7774],[-119.8919,38.7775],[-119.897,38.7765],[-119.9021,38.7751],[-119.907,38.7744],[-119.9112,38.7748],[-119.9194,38.7768],[-119.9202,38.7891],[-119.9211,38.7918],[-119.9224,38.793],[-119.924,38.7936],[-119.9261,38.7939],[-119.9287,38.7935],[-119.9311,38.7925],[-119.937,38.7889],[-119.9402,38.7874],[-119.9436,38.7868],[-119.948,38.7878],[-119.9626,38.7958],[-119.9678,38.7974],[-119.9737,38.7978],[-119.9804,38.7976],[-119.9869,38.7968],[-119.9926,38.7956],[-119.9966,38.794],[-119.998,38.7928],[-119.9998,38.7885],[-120.0008,38.7875],[-120.0031,38.7869],[-120.0071,38.7867],[-120.0108,38.7912],[-120.0114,38.7928],[-120.0111,38.7947],[-120.0092,38.7986],[-120.0087,38.8006],[-120.0089,38.803],[-120.0107,38.808],[-120.0133,38.8112],[-120.0165,38.8145],[-120.0188,38.8184],[-120.019,38.8247],[-120.0178,38.8318],[-120.0172,38.838],[-120.0179,38.8432],[-120.0193,38.8473],[-120.0224,38.851]]},"properties":{"id":"routes-and-regions-california-state-route-89","layer":"routes-and-regions","name":"California State Route 89","sourceFolder":"Regions, travel routes, and significant pre-war roads"}},{"type":"Feature","id":"routes-and-regions-california-state-route-127","geometry":{"type":"LineString","coordinates":[[-115.3674,34.8116],[-115.4852,34.8484],[-115.6081,34.8904],[-115.7871,35.002],[-115.9571,35.1118],[-116.0219,35.1902],[-116.0632,35.2448],[-116.0684,35.2541],[-116.0708,35.2582],[-116.0733,35.2635],[-116.0789,35.2956],[-116.0879,35.3361],[-116.1069,35.3736],[-116.1291,35.4088],[-116.1481,35.4325],[-116.1648,35.457],[-116.1706,35.4838],[-116.1737,35.5137],[-116.1812,35.5419],[-116.2038,35.5667],[-116.2293,35.5918],[-116.2526,35.6123],[-116.2626,35.6169],[-116.2829,35.6221],[-116.2917,35.6254],[-116.2993,35.6302],[-116.303,35.6427],[-116.3076,35.677],[-116.3084,35.6956],[-116.3103,35.7127],[-116.3219,35.7505],[-116.3309,35.784],[-116.3317,35.7956],[-116.331,35.8057],[-116.3282,35.8163],[-116.3199,35.8322],[-116.3087,35.8491],[-116.2968,35.8636],[-116.2885,35.8695],[-116.2709,35.8788],[-116.2649,35.8843],[-116.2623,35.8903],[-116.2616,35.8968],[-116.2622,35.9115],[-116.2679,35.9688],[-116.2712,35.9841],[-116.2764,35.9975],[-116.281,36.0036],[-116.2922,36.015],[-116.2957,36.0208],[-116.2964,36.0262],[-116.2947,36.0373],[-116.2943,36.043],[-116.2968,36.0577],[-116.2984,36.071],[-116.2972,36.0746],[-116.2955,36.0776],[-116.2946,36.0819],[-116.2998,36.1009],[-116.322,36.159],[-116.3334,36.1834],[-116.3499,36.1938],[-116.368,36.2028],[-116.3869,36.2101],[-116.4028,36.2194],[-116.4162,36.234],[-116.4378,36.2659],[-116.4197,36.2897],[-116.4151,36.2965],[-116.4131,36.3013],[-116.4134,36.3029],[-116.4147,36.305],[-116.4189,36.3151],[-116.4232,36.3298],[-116.425,36.3647],[-116.4241,36.4075],[-116.4193,36.5361],[-116.4003,36.6438]]},"properties":{"id":"routes-and-regions-california-state-route-127","layer":"routes-and-regions","name":"California State Route 127","sourceFolder":"Regions, travel routes, and significant pre-war roads"}},{"type":"Feature","id":"routes-and-regions-california-state-route-168","geometry":{"type":"LineString","coordinates":[[-118.2898,37.1732],[-118.2793,37.1729],[-118.2739,37.1736],[-118.266,37.1764],[-118.2578,37.1809],[-118.2509,37.1864],[-118.2465,37.1946],[-118.2437,37.2043],[-118.2389,37.2131],[-118.2282,37.2211],[-118.2149,37.2281],[-118.2041,37.2344],[-118.2003,37.238],[-118.1974,37.2413],[-118.1934,37.2443],[-118.183,37.2476],[-118.1701,37.2502],[-118.1598,37.253],[-118.1546,37.256],[-118.1504,37.2591],[-118.1512,37.2612],[-118.1523,37.2619],[-118.1572,37.2639],[-118.1515,37.274],[-118.1498,37.2797],[-118.151,37.2895],[-118.1543,37.3004],[-118.156,37.3092],[-118.1553,37.3122],[-118.1532,37.3171],[-118.1462,37.3179],[-118.1439,37.3177],[-118.1414,37.3165],[-118.1365,37.3129],[-118.1333,37.3117],[-118.1261,37.3109],[-118.1171,37.3111],[-118.1083,37.3121],[-118.1021,37.3136],[-118.1005,37.3145],[-118.0985,37.317],[-118.0968,37.3181],[-118.0868,37.3202],[-118.0719,37.3216],[-118.0554,37.3242],[-118.0405,37.3287],[-118.0254,37.3419],[-117.9934,37.3756],[-117.9818,37.3905],[-117.974,37.4045],[-117.9684,37.4175],[-117.9608,37.4153],[-117.9519,37.4333],[-117.9399,37.4289],[-117.9368,37.4347],[-117.9457,37.4431],[-117.9266,37.449],[-117.9211,37.4515],[-117.9169,37.4548],[-117.9145,37.4603],[-117.9138,37.4674],[-117.9144,37.481],[-117.9139,37.485],[-117.9121,37.4868]]},"properties":{"id":"routes-and-regions-california-state-route-168","layer":"routes-and-regions","name":"California State Route 168","sourceFolder":"Regions, travel routes, and significant pre-war roads"}},{"type":"Feature","id":"routes-and-regions-nevada-state-route-157","geometry":{"type":"LineString","coordinates":[[-115.312,36.3261],[-115.3127,36.3259],[-115.3163,36.3265],[-115.3272,36.3266],[-115.3423,36.3251],[-115.3739,36.317],[-115.4055,36.3054],[-115.4234,36.2944],[-115.4363,36.285],[-115.4392,36.2832],[-115.4421,36.2819],[-115.4501,36.2801],[-115.4607,36.2789],[-115.5095,36.2771],[-115.5281,36.2732],[-115.5462,36.2699],[-115.557,36.2703],[-115.5793,36.2729],[-115.5879,36.2727],[-115.5915,36.2716],[-115.5946,36.2701],[-115.5994,36.267],[-115.6024,36.2645],[-115.6037,36.2639],[-115.6069,36.2634],[-115.6195,36.2629],[-115.6353,36.2594],[-115.6395,36.259],[-115.6449,36.2597],[-115.6499,36.2608],[-115.6522,36.2619],[-115.6527,36.262],[-115.6531,36.2616],[-115.653,36.2611],[-115.652,36.2604],[-115.6505,36.2593],[-115.6503,36.2581],[-115.6499,36.2578],[-115.6493,36.2577],[-115.6478,36.2571],[-115.646,36.2573],[-115.6434,36.2574],[-115.6431,36.2572],[-115.6432,36.257],[-115.6435,36.2569],[-115.6445,36.2573]]},"properties":{"id":"routes-and-regions-nevada-state-route-157","layer":"routes-and-regions","name":"Nevada State Route 157","sourceFolder":"Regions, travel routes, and significant pre-war roads"}},{"type":"Feature","id":"routes-and-regions-nevada-state-route-159","geometry":{"type":"LineString","coordinates":[[-115.1804,36.0435],[-115.1829,36.0434],[-115.1856,36.0426],[-115.2201,36.0269],[-115.2269,36.0251],[-115.2399,36.0225],[-115.2562,36.0204],[-115.2771,36.0201],[-115.2973,36.021],[-115.3127,36.0226],[-115.3183,36.0239],[-115.3235,36.027],[-115.3313,36.0299],[-115.3415,36.0328],[-115.3517,36.0351],[-115.3589,36.035],[-115.3596,36.036],[-115.3677,36.0386],[-115.3748,36.0418],[-115.3774,36.0436],[-115.3797,36.0475],[-115.3816,36.0485],[-115.3841,36.049],[-115.3895,36.0496],[-115.3947,36.0496],[-115.3973,36.0488],[-115.3994,36.0487],[-115.4065,36.0513],[-115.4107,36.0519],[-115.4146,36.0535],[-115.4235,36.0579],[-115.432,36.0629],[-115.4354,36.0659],[-115.4412,36.0716],[-115.4436,36.0738],[-115.4444,36.0745],[-115.4477,36.0803],[-115.4485,36.0835],[-115.449,36.087],[-115.449,36.0971],[-115.4502,36.1074],[-115.4495,36.1108],[-115.4485,36.1134],[-115.4475,36.1146],[-115.4436,36.1175],[-115.4397,36.1192],[-115.4358,36.1203],[-115.4341,36.1215],[-115.4326,36.1244],[-115.4316,36.1261],[-115.4293,36.1281],[-115.4214,36.1316],[-115.4203,36.1319],[-115.4167,36.1324],[-115.4124,36.1339],[-115.4038,36.1396],[-115.399,36.1418],[-115.3957,36.1431],[-115.392,36.1439],[-115.3822,36.1465],[-115.3717,36.15],[-115.3676,36.1522],[-115.3644,36.1544],[-115.3604,36.1579],[-115.3592,36.1586],[-115.3576,36.1589],[-115.3531,36.159],[-115.3372,36.159]]},"properties":{"id":"routes-and-regions-nevada-state-route-159","layer":"routes-and-regions","name":"Nevada State Route 159","sourceFolder":"Regions, travel routes, and significant pre-war roads"}},{"type":"Feature","id":"routes-and-regions-nevada-state-route-160","geometry":{"type":"LineString","coordinates":[[-116.1233,36.5644],[-116.1252,36.5573],[-116.1262,36.5484],[-116.1253,36.5328],[-116.1123,36.4658],[-116.1073,36.4501],[-116.1009,36.4453],[-116.0931,36.4425],[-116.0849,36.4405],[-116.0774,36.4379],[-116.0716,36.4335],[-116.0684,36.4236],[-116.0668,36.411],[-116.066,36.3971],[-116.0659,36.3833],[-116.064,36.3711],[-116.0589,36.3562],[-116.0523,36.3426],[-116.0448,36.3318],[-116.0383,36.3273],[-116.0312,36.3243],[-116.0242,36.3202],[-116.0171,36.314],[-116.0038,36.2984],[-115.9995,36.2903],[-115.9993,36.2815],[-116.005,36.2628],[-116.0057,36.2532],[-116.0013,36.239],[-115.9945,36.2243],[-115.9855,36.2093],[-115.9609,36.1915],[-115.9303,36.1719],[-115.8938,36.1506],[-115.8372,36.1138],[-115.7011,36.0302],[-115.6559,36.0044],[-115.6448,36.0031],[-115.6355,36.0034],[-115.6187,36.0055],[-115.59,36.0071],[-115.5864,36.0074],[-115.5755,36.0117],[-115.5597,36.0187],[-115.5447,36.0235],[-115.5346,36.0242],[-115.525,36.0237],[-115.5173,36.0226],[-115.5129,36.0215],[-115.5089,36.0198],[-115.4998,36.0153],[-115.4911,36.0097],[-115.4884,36.0068],[-115.4863,36.0037],[-115.4839,36.0013],[-115.481,35.9998],[-115.475,35.998],[-115.4709,35.9971],[-115.4662,35.9945],[-115.4632,35.9938],[-115.4615,35.9937],[-115.4583,35.9943],[-115.4516,35.9967],[-115.4469,35.9992],[-115.4456,36.0001],[-115.4432,36.0022],[-115.4407,36.005],[-115.4388,36.0065],[-115.4365,36.0077],[-115.4283,36.0109],[-115.4243,36.0134],[-115.419,36.0178],[-115.4135,36.0205],[-115.4031,36.0252],[-115.4009,36.0273],[-115.3995,36.0303],[-115.3964,36.0322],[-115.3926,36.0328],[-115.3844,36.0325],[-115.3589,36.035]]},"properties":{"id":"routes-and-regions-nevada-state-route-160","layer":"routes-and-regions","name":"Nevada State Route 160","sourceFolder":"Regions, travel routes, and significant pre-war roads"}},{"type":"Feature","id":"routes-and-regions-nevada-state-route-161","geometry":{"type":"LineString","coordinates":[[-115.4403,35.8355],[-115.4405,35.8376],[-115.4442,35.8622],[-115.4451,35.8822],[-115.445,35.9054],[-115.4425,35.9242],[-115.4391,35.9308],[-115.4349,35.9361],[-115.4321,35.9417],[-115.4314,35.9492],[-115.4322,35.9571],[-115.4341,35.9634],[-115.4362,35.9658],[-115.4387,35.9676],[-115.4408,35.9699],[-115.4428,35.9762],[-115.4448,35.9906],[-115.4469,35.9992]]},"properties":{"id":"routes-and-regions-nevada-state-route-161","layer":"routes-and-regions","name":"Nevada State Route 161","sourceFolder":"Regions, travel routes, and significant pre-war roads"}},{"type":"Feature","id":"routes-and-regions-nevada-state-route-161-2","geometry":{"type":"LineString","coordinates":[[-115.3244,35.7789],[-115.3245,35.7789],[-115.3281,35.7807],[-115.3805,35.8061],[-115.3869,35.8106],[-115.4266,35.8281],[-115.43,35.831],[-115.4311,35.832],[-115.4317,35.8323],[-115.4327,35.8324],[-115.436,35.8324]]},"properties":{"id":"routes-and-regions-nevada-state-route-161-2","layer":"routes-and-regions","name":"Nevada State Route 161","sourceFolder":"Regions, travel routes, and significant pre-war roads"}},{"type":"Feature","id":"routes-and-regions-nevada-state-route-164-nipton-road","geometry":{"type":"LineString","coordinates":[[-115.4499,35.4744],[-115.4488,35.4734],[-115.4466,35.4711],[-115.4446,35.4698],[-115.4309,35.4656],[-115.4098,35.4612],[-115.3878,35.458],[-115.3488,35.456],[-115.3127,35.4573],[-115.2951,35.4609],[-115.2817,35.4647],[-115.2726,35.467],[-115.2705,35.4679],[-115.2617,35.4697],[-115.2526,35.4713],[-115.1903,35.4823],[-115.1755,35.4867],[-115.1629,35.4917],[-115.1516,35.4973],[-115.1426,35.5033],[-115.1407,35.5054],[-115.138,35.5097],[-115.1361,35.5114],[-115.1333,35.5127],[-115.1301,35.5135],[-115.1223,35.5146],[-115.1031,35.5157],[-115.0796,35.5141],[-115.0438,35.5041],[-115.006,35.491],[-114.9367,35.4694],[-114.9236,35.4659],[-114.92,35.4652]]},"properties":{"id":"routes-and-regions-nevada-state-route-164-nipton-road","layer":"routes-and-regions","name":"Nevada State Route 164 / Nipton Road","sourceFolder":"Regions, travel routes, and significant pre-war roads"}},{"type":"Feature","id":"routes-and-regions-nevada-state-route-266","geometry":{"type":"LineString","coordinates":[[-117.1847,37.5023],[-117.211,37.4782],[-117.2373,37.4571],[-117.2519,37.449],[-117.2664,37.4424],[-117.2778,37.4386],[-117.2808,37.438],[-117.2864,37.438],[-117.3004,37.4414],[-117.3193,37.4454],[-117.37,37.446],[-117.4186,37.4438],[-117.4334,37.4417],[-117.4409,37.4416],[-117.4519,37.4446],[-117.4642,37.4498],[-117.4778,37.4544],[-117.492,37.4569],[-117.5137,37.4515],[-117.5389,37.4427],[-117.5643,37.4322],[-117.5885,37.4252],[-117.6082,37.4236],[-117.6465,37.4236],[-117.663,37.4252],[-117.6742,37.4303],[-117.684,37.437],[-117.6932,37.4443],[-117.7028,37.4506],[-117.7163,37.4574],[-117.7301,37.4635],[-117.7416,37.4669],[-117.7462,37.4674],[-117.7501,37.4671],[-117.7543,37.4661],[-117.7615,37.4628],[-117.7759,37.4541],[-117.7817,37.4513],[-117.7839,37.4507],[-117.7866,37.4506],[-117.7996,37.454],[-117.8182,37.462],[-117.8393,37.4718],[-117.8599,37.4808],[-117.8769,37.4863],[-117.8904,37.4876],[-117.9121,37.4868],[-117.9219,37.4872],[-117.9338,37.5099],[-117.9832,37.5744]]},"properties":{"id":"routes-and-regions-nevada-state-route-266","layer":"routes-and-regions","name":"Nevada State Route 266","sourceFolder":"Regions, travel routes, and significant pre-war roads"}},{"type":"Feature","id":"routes-and-regions-nevada-state-route-360","geometry":{"type":"LineString","coordinates":[[-118.0962,38.27],[-118.0995,38.2691],[-118.1013,38.268],[-118.1181,38.2551],[-118.1363,38.2417],[-118.1392,38.2403],[-118.1407,38.2399],[-118.1439,38.24],[-118.1476,38.2406],[-118.1512,38.2405],[-118.154,38.2395],[-118.1595,38.2363],[-118.1621,38.2354],[-118.1639,38.2353],[-118.169,38.2361],[-118.1757,38.2295],[-118.1818,38.2225],[-118.1857,38.2166],[-118.189,38.2103],[-118.1906,38.2039],[-118.189,38.1966],[-118.1857,38.1891],[-118.1837,38.1828],[-118.1838,38.1802],[-118.1843,38.178],[-118.1858,38.1755],[-118.1939,38.1681],[-118.2064,38.1595],[-118.2187,38.1526],[-118.2269,38.1499],[-118.235,38.1481],[-118.2432,38.1444],[-118.2542,38.1336],[-118.2783,38.1032],[-118.2864,38.0899],[-118.2865,38.0813],[-118.2838,38.073],[-118.2806,38.065],[-118.2789,38.0569],[-118.2805,38.0457],[-118.2836,38.0346],[-118.2843,38.025],[-118.2822,38.0197],[-118.2755,38.0107]]},"properties":{"id":"routes-and-regions-nevada-state-route-360","layer":"routes-and-regions","name":"Nevada State Route 360","sourceFolder":"Regions, travel routes, and significant pre-war roads"}},{"type":"Feature","id":"routes-and-regions-nevada-state-route-562-sunset-road","geometry":{"type":"LineString","coordinates":[[-115.316,36.0701],[-115.2604,36.0702],[-115.2077,36.0716],[-115.1898,36.0719],[-115.1807,36.071],[-115.1724,36.0711],[-115.1456,36.0716],[-115.132,36.0717],[-115.1187,36.0716],[-115.1003,36.0716],[-115.0832,36.0707],[-115.0723,36.0709],[-115.0712,36.0713],[-115.0665,36.0664],[-115.0633,36.0644],[-115.0617,36.0638],[-115.0579,36.0638],[-115.0464,36.0637],[-115.0322,36.0637]]},"properties":{"id":"routes-and-regions-nevada-state-route-562-sunset-road","layer":"routes-and-regions","name":"Nevada State Route 562 / Sunset Road","sourceFolder":"Regions, travel routes, and significant pre-war roads"}},{"type":"Feature","id":"routes-and-regions-nevada-state-route-564-lake-mead-parkway","geometry":{"type":"LineString","coordinates":[[-115.0141,36.0336],[-114.9867,36.037],[-114.9848,36.0376],[-114.9779,36.0426],[-114.9746,36.0457],[-114.9577,36.0704],[-114.9553,36.0728],[-114.9514,36.0752],[-114.9453,36.0768],[-114.9398,36.0775],[-114.9292,36.0821],[-114.9236,36.0842],[-114.9157,36.087],[-114.9126,36.088],[-114.9111,36.0888],[-114.9086,36.0914],[-114.9039,36.0985],[-114.8994,36.1099]]},"properties":{"id":"routes-and-regions-nevada-state-route-564-lake-mead-parkway","layer":"routes-and-regions","name":"Nevada State Route 564 / Lake Mead Parkway","sourceFolder":"Regions, travel routes, and significant pre-war roads"}},{"type":"Feature","id":"routes-and-regions-utah-state-route-9","geometry":{"type":"LineString","coordinates":[[-112.5349,37.0494],[-112.7826,37.0723],[-112.815,37.0771],[-112.8423,37.0824],[-112.8617,37.0879],[-112.8662,37.0908],[-112.869,37.0938],[-112.8733,37.0973],[-112.9158,37.1198],[-112.9585,37.1417],[-112.9705,37.1498],[-112.973,37.1514],[-112.9733,37.1521],[-112.9741,37.1527],[-112.975,37.154],[-112.9762,37.1547],[-112.979,37.1554],[-112.9798,37.1558],[-112.9803,37.156],[-112.9809,37.156],[-112.9823,37.1556],[-112.9843,37.1553],[-112.9861,37.1556],[-112.9875,37.1566],[-112.9896,37.1564],[-112.9913,37.157],[-112.9947,37.1591],[-112.9963,37.1592],[-112.9974,37.1592],[-112.9979,37.1594],[-112.9984,37.1606],[-112.9984,37.1611],[-112.9985,37.1615],[-112.999,37.1617],[-113.0005,37.1617],[-113.0047,37.1615],[-113.0069,37.1606],[-113.0108,37.159],[-113.0157,37.1574],[-113.0233,37.1566],[-113.0305,37.1565],[-113.0364,37.1572],[-113.0377,37.1577],[-113.0378,37.1586],[-113.0376,37.1612],[-113.0354,37.1612],[-113.0343,37.161],[-113.0318,37.1609],[-113.0292,37.1604],[-113.0278,37.1614],[-113.0253,37.163],[-113.0234,37.1628],[-113.0215,37.161],[-113.0184,37.1611],[-113.0177,37.1622],[-113.0155,37.1641],[-113.0137,37.1668],[-113.013,37.1683],[-113.0132,37.1726],[-113.0122,37.1737],[-113.0074,37.1791],[-113.0056,37.1817],[-113.0038,37.1829],[-113.0018,37.1866],[-113.0002,37.1886],[-112.9982,37.189],[-112.9959,37.1896],[-112.9938,37.1919],[-112.9929,37.1961],[-112.9896,37.2002],[-112.9872,37.2033],[-112.9844,37.2048],[-112.9823,37.2071],[-112.9796,37.208],[-112.9789,37.2104],[-112.9768,37.2156],[-112.9758,37.2174],[-112.9755,37.2176],[-112.975,37.2176],[-112.9742,37.2175],[-112.9735,37.2174],[-112.9728,37.2175],[-112.9711,37.2178],[-112.9707,37.2178],[-112.97,37.2174],[-112.9671,37.2168],[-112.9664,37.2169],[-112.9659,37.2168],[-112.9656,37.2165],[-112.9656,37.2162],[-112.9656,37.216],[-112.9656,37.2159],[-112.966,37.2158],[-112.9689,37.2159],[-112.9701,37.2159],[-112.9712,37.2166],[-112.9717,37.2165],[-112.9716,37.2161],[-112.9699,37.2154],[-112.9682,37.2156],[-112.9656,37.215],[-112.9651,37.2151],[-112.9645,37.2151],[-112.9638,37.2154],[-112.9621,37.2158],[-112.9606,37.2155],[-112.9596,37.2149],[-112.9586,37.2146],[-112.9578,37.2145],[-112.9577,37.2142],[-112.9582,37.2141],[-112.9615,37.215],[-112.9633,37.2147],[-112.9635,37.2142],[-112.9628,37.2141],[-112.9624,37.2143],[-112.9619,37.2147],[-112.9613,37.2146],[-112.9598,37.2138],[-112.9582,37.2127],[-112.9575,37.2125],[-112.9561,37.2124],[-112.9559,37.2121],[-112.9563,37.2118],[-112.9569,37.2121],[-112.96,37.2124],[-112.9613,37.2128],[-112.9629,37.2127],[-112.964,37.2128],[-112.9639,37.2124],[-112.9614,37.2123],[-112.9583,37.2114],[-112.9579,37.211],[-112.9576,37.2104],[-112.957,37.2099],[-112.9563,37.2098],[-112.9518,37.211],[-112.9506,37.2111],[-112.9489,37.2112],[-112.9464,37.211],[-112.9453,37.2111],[-112.9433,37.2115],[-112.9423,37.2119],[-112.9417,37.2124],[-112.9411,37.2129],[-112.9405,37.2135],[-112.9396,37.2147],[-112.9384,37.2148],[-112.9372,37.2155],[-112.9351,37.2152],[-112.9343,37.2141],[-112.932,37.2135],[-112.9313,37.2141],[-112.9313,37.2156],[-112.9294,37.216],[-112.9282,37.2172],[-112.9259,37.2162],[-112.9218,37.2184],[-112.9193,37.2158],[-112.9176,37.2169],[-112.9187,37.2181],[-112.9172,37.2195],[-112.9171,37.2212],[-112.9164,37.2217],[-112.9146,37.2221],[-112.9141,37.2235],[-112.9117,37.2237],[-112.9099,37.2253],[-112.9069,37.2229],[-112.9059,37.2228],[-112.9044,37.2232],[-112.902,37.2248],[-112.8987,37.2221],[-112.8979,37.2246],[-112.8956,37.2252],[-112.8914,37.2245],[-112.8898,37.2261],[-112.8862,37.2262],[-112.8792,37.2277],[-112.8788,37.2307],[-112.8783,37.2316],[-112.8763,37.2333],[-112.8737,37.2344],[-112.8689,37.2344],[-112.8509,37.2377],[-112.839,37.2383],[-112.8275,37.2399],[-112.8163,37.2414],[-112.8111,37.2427],[-112.8071,37.2447],[-112.8006,37.2495],[-112.7963,37.2534],[-112.7938,37.2537],[-112.7909,37.2615],[-112.7787,37.2619],[-112.7757,37.263],[-112.7749,37.263],[-112.7721,37.2621],[-112.7672,37.2588],[-112.7487,37.2392],[-112.7389,37.2342],[-112.73,37.2303],[-112.7231,37.2254],[-112.7179,37.2229],[-112.7118,37.221],[-112.7016,37.2192],[-112.6983,37.2191],[-112.6956,37.2196],[-112.694,37.2206],[-112.6893,37.2262],[-112.6852,37.2276],[-112.6838,37.2253],[-112.681,37.2234]]},"properties":{"id":"routes-and-regions-utah-state-route-9","layer":"routes-and-regions","name":"Utah State Route 9","sourceFolder":"Regions, travel routes, and significant pre-war roads"}},{"type":"Feature","id":"routes-and-regions-utah-state-route-77","geometry":{"type":"LineString","coordinates":[[-111.5871,40.161],[-111.6491,40.1615],[-111.6579,40.1613],[-111.6593,40.1607],[-111.6614,40.1589],[-111.6641,40.1586],[-111.6746,40.1585],[-111.7104,40.1584],[-111.7117,40.1583],[-111.7134,40.1575],[-111.7169,40.1566],[-111.7187,40.1557],[-111.7202,40.1546],[-111.7206,40.1519],[-111.7207,40.1512],[-111.7231,40.1511],[-111.7261,40.1504],[-111.7293,40.1499],[-111.7302,40.1492],[-111.7305,40.1482],[-111.7305,40.1017],[-111.731,40.098],[-111.7314,40.0764],[-111.732,40.0726],[-111.7322,40.0607],[-111.7324,40.0556],[-111.7324,40.0517]]},"properties":{"id":"routes-and-regions-utah-state-route-77","layer":"routes-and-regions","name":"Utah State Route 77","sourceFolder":"Regions, travel routes, and significant pre-war roads"}},{"type":"Feature","id":"routes-and-regions-west-virginia-state-route-81","geometry":{"type":"LineString","coordinates":[[-80.4242,39.6572],[-80.4255,39.6581],[-80.4283,39.6613],[-80.4284,39.6615],[-80.4289,39.6628],[-80.4306,39.6643],[-80.441,39.6705],[-80.4481,39.6739],[-80.4546,39.6758],[-80.4592,39.6758],[-80.4725,39.6727],[-80.4708,39.663],[-80.4778,39.6602],[-80.4809,39.6594],[-80.4855,39.6597],[-80.4877,39.6535],[-80.4939,39.6527],[-80.4952,39.6551],[-80.4965,39.6564],[-80.5004,39.6575],[-80.5035,39.6575],[-80.5059,39.6568],[-80.5132,39.6532],[-80.5146,39.6558],[-80.5229,39.6517],[-80.5259,39.651],[-80.5298,39.6511],[-80.5424,39.6538],[-80.5426,39.651],[-80.5429,39.6502],[-80.5447,39.6487],[-80.5471,39.6474],[-80.5528,39.6459],[-80.5539,39.6451],[-80.555,39.6435],[-80.5555,39.6412],[-80.5563,39.6337],[-80.5636,39.6323],[-80.5669,39.6321],[-80.569,39.6324],[-80.5728,39.6337],[-80.5769,39.6291],[-80.5784,39.6277],[-80.5803,39.6268],[-80.5834,39.6265],[-80.5949,39.628],[-80.5985,39.628],[-80.6042,39.6265],[-80.6144,39.6221],[-80.6188,39.62],[-80.6208,39.6193],[-80.6254,39.6197],[-80.6275,39.6191],[-80.6313,39.6198],[-80.6381,39.6188],[-80.6434,39.6207],[-80.6459,39.6206],[-80.6484,39.6186],[-80.6498,39.6185],[-80.6508,39.6188],[-80.6541,39.6213],[-80.657,39.6243],[-80.6582,39.6262],[-80.6596,39.6268],[-80.6616,39.6285],[-80.6632,39.6289],[-80.6677,39.6283],[-80.6714,39.6292],[-80.6803,39.6324],[-80.6898,39.6257],[-80.6931,39.6239],[-80.6964,39.6229],[-80.6996,39.6229],[-80.7029,39.6235],[-80.7129,39.6266],[-80.7143,39.6233],[-80.7201,39.6235],[-80.7205,39.6211],[-80.721,39.6202],[-80.7232,39.6185],[-80.734,39.6128],[-80.7389,39.6152],[-80.74,39.6161],[-80.7409,39.6193],[-80.7471,39.6202],[-80.7565,39.6105],[-80.7603,39.6136],[-80.7625,39.6126],[-80.7619,39.6099],[-80.7638,39.6071],[-80.7729,39.6079],[-80.7712,39.6058],[-80.7751,39.6012],[-80.7871,39.6047],[-80.7841,39.6066],[-80.7833,39.6085],[-80.7896,39.6112],[-80.7921,39.6087],[-80.7955,39.6081],[-80.7992,39.6124],[-80.8066,39.6093],[-80.8065,39.6078],[-80.8077,39.6046],[-80.8095,39.6054],[-80.8108,39.612],[-80.8125,39.6142],[-80.8152,39.6159],[-80.8187,39.6166],[-80.8232,39.6168],[-80.832,39.6162],[-80.8402,39.6136],[-80.842,39.6138],[-80.8498,39.6207],[-80.8542,39.6227],[-80.8544,39.6235],[-80.8498,39.629],[-80.8488,39.6308],[-80.8489,39.633],[-80.8498,39.6342],[-80.8526,39.6353],[-80.8582,39.6363],[-80.8658,39.6273],[-80.8695,39.624],[-80.8764,39.6182],[-80.8813,39.6154],[-80.884,39.6144],[-80.8872,39.6138],[-80.8938,39.6135],[-80.9021,39.6143],[-80.904,39.6149],[-80.9072,39.6154],[-80.9109,39.6156],[-80.9149,39.6151],[-80.9163,39.6143],[-80.9224,39.6096],[-80.9454,39.5976],[-80.9675,39.5833],[-80.976,39.5792],[-80.9843,39.5744],[-80.9874,39.572],[-80.99,39.5696],[-80.9919,39.5663],[-80.9949,39.5646],[-80.9944,39.5641],[-80.999,39.5615],[-81.0039,39.5577],[-81.0055,39.5561],[-81.0058,39.555],[-81.0049,39.5537],[-81.0049,39.5533],[-81.0053,39.553],[-81.0069,39.5525],[-81.0076,39.5522],[-81.0134,39.5489],[-81.0223,39.5444],[-81.0302,39.5414],[-81.0319,39.5404],[-81.0334,39.5393],[-81.0361,39.5363],[-81.0424,39.5319],[-81.0459,39.5278],[-81.0554,39.5198],[-81.0579,39.5169],[-81.0677,39.5097],[-81.0776,39.503],[-81.0816,39.4995],[-81.0854,39.4951],[-81.0918,39.4896],[-81.0959,39.4845],[-81.1123,39.4592],[-81.1166,39.4549],[-81.1187,39.4509],[-81.121,39.448],[-81.1238,39.4453],[-81.127,39.4431],[-81.1289,39.4423],[-81.132,39.4416],[-81.139,39.4409],[-81.1466,39.4404],[-81.1515,39.4397],[-81.1563,39.4384],[-81.1647,39.4334],[-81.1717,39.4313],[-81.175,39.4295],[-81.1784,39.427],[-81.1872,39.4177],[-81.1951,39.4081],[-81.1981,39.4035],[-81.1989,39.4],[-81.2047,39.3911],[-81.2074,39.3875],[-81.2098,39.3857],[-81.2112,39.385],[-81.2172,39.3841],[-81.2213,39.3833],[-81.2246,39.3832],[-81.2295,39.3845],[-81.2335,39.3853],[-81.2382,39.3866],[-81.2441,39.3864],[-81.2503,39.3856],[-81.2558,39.384],[-81.2596,39.3814],[-81.2614,39.3807],[-81.276,39.3753],[-81.2862,39.3702],[-81.3033,39.3572],[-81.3116,39.352],[-81.3155,39.3509],[-81.3232,39.3497],[-81.3356,39.3457],[-81.3459,39.3415],[-81.3485,39.3395],[-81.3561,39.3359],[-81.3605,39.3345],[-81.3647,39.3339],[-81.3691,39.3339],[-81.374,39.3342],[-81.4016,39.3401],[-81.4048,39.3401],[-81.4093,39.3392],[-81.415,39.3375],[-81.4368,39.329],[-81.4637,39.316],[-81.4685,39.3143],[-81.4729,39.314],[-81.4788,39.3138],[-81.4848,39.3129],[-81.492,39.3115],[-81.4991,39.3092],[-81.5065,39.3048],[-81.5197,39.295],[-81.5266,39.292],[-81.5326,39.2878],[-81.5376,39.2862],[-81.5426,39.2829],[-81.5469,39.2828],[-81.5479,39.2826],[-81.5492,39.2813],[-81.551,39.2786],[-81.5573,39.2725],[-81.5591,39.2695],[-81.559,39.2694],[-81.5644,39.2665],[-81.5661,39.265],[-81.5691,39.2636],[-81.5722,39.2631],[-81.575,39.2621],[-81.5766,39.2603],[-81.5782,39.259],[-81.5815,39.2571],[-81.5836,39.2564],[-81.5913,39.2555],[-81.5982,39.2534],[-81.602,39.2515],[-81.6048,39.2512],[-81.6085,39.2516],[-81.611,39.2513],[-81.6126,39.2508],[-81.6138,39.2486],[-81.6158,39.2475],[-81.6183,39.2472],[-81.6199,39.2473],[-81.6216,39.2465],[-81.6227,39.245],[-81.6228,39.243],[-81.6237,39.2418],[-81.629,39.2382],[-81.6364,39.2286],[-81.6385,39.2275],[-81.6428,39.2279],[-81.6443,39.2273],[-81.645,39.2266],[-81.6453,39.2256],[-81.645,39.2213],[-81.6452,39.2199],[-81.6501,39.2126],[-81.6512,39.2048],[-81.6525,39.1995],[-81.6543,39.1946],[-81.6563,39.1913],[-81.6576,39.19],[-81.6626,39.1873],[-81.6656,39.1838],[-81.6673,39.1831],[-81.6715,39.1821],[-81.6733,39.1812],[-81.6752,39.1793],[-81.6767,39.1767],[-81.679,39.1713],[-81.6793,39.1647],[-81.68,39.1633],[-81.6821,39.1616],[-81.6851,39.1601],[-81.6885,39.1588],[-81.6943,39.1574],[-81.6981,39.1585],[-81.7002,39.1581],[-81.7023,39.1573],[-81.7081,39.1529],[-81.7101,39.1523],[-81.7147,39.1515],[-81.7167,39.1508],[-81.718,39.1495],[-81.72,39.1463],[-81.7213,39.145],[-81.7231,39.1442],[-81.7274,39.1433],[-81.7291,39.1426],[-81.7306,39.1413],[-81.7315,39.1396],[-81.7315,39.1365],[-81.7309,39.1327],[-81.7306,39.1288],[-81.7322,39.1226],[-81.7346,39.116],[-81.7422,39.0958],[-81.7441,39.0928],[-81.7476,39.0893],[-81.7519,39.0857],[-81.7595,39.0808],[-81.7661,39.0773],[-81.7745,39.0753],[-81.7763,39.0736],[-81.7788,39.0684],[-81.7824,39.0655],[-81.7867,39.063],[-81.7884,39.0616],[-81.7892,39.0603],[-81.7899,39.0574],[-81.7907,39.0531],[-81.7906,39.051],[-81.7901,39.0496],[-81.788,39.0468],[-81.7659,39.0299],[-81.7624,39.0254],[-81.7604,39.0207],[-81.7593,39.0141],[-81.7594,39.0068],[-81.7605,38.9946],[-81.7623,38.9892],[-81.7651,38.9856],[-81.7716,38.9797],[-81.7737,38.9768],[-81.7751,38.9743],[-81.7754,38.9727],[-81.7753,38.9711],[-81.7737,38.9657],[-81.7708,38.9597],[-81.7628,38.9511],[-81.7599,38.9458],[-81.7559,38.9401],[-81.7544,38.9373],[-81.7537,38.9355],[-81.7528,38.9347],[-81.753,38.9324],[-81.7531,38.9304],[-81.7536,38.9286],[-81.757,38.9242],[-81.7624,38.9194],[-81.7659,38.9177],[-81.7708,38.917],[-81.7759,38.9171],[-81.7773,38.9176],[-81.7809,38.9199],[-81.7859,38.9221],[-81.7893,38.9229],[-81.8,38.9232],[-81.8133,38.9223],[-81.8224,38.921],[-81.8236,38.9206],[-81.8251,38.9195],[-81.8269,38.916],[-81.8346,38.896],[-81.8377,38.8909],[-81.8409,38.8879],[-81.8455,38.8847],[-81.8481,38.8835],[-81.8513,38.8831],[-81.8582,38.883],[-81.8656,38.881],[-81.8718,38.8786],[-81.8745,38.8771],[-81.8754,38.876],[-81.8765,38.8733],[-81.876,38.8705],[-81.8767,38.8696],[-81.8784,38.8683],[-81.8819,38.867],[-81.8836,38.8653],[-81.8852,38.8644],[-81.8871,38.8638],[-81.8921,38.8652],[-81.8977,38.865],[-81.9014,38.8659],[-81.9058,38.8643],[-81.9071,38.8645],[-81.9084,38.8652],[-81.9114,38.8674],[-81.9124,38.8687],[-81.9131,38.8708],[-81.9129,38.8721],[-81.911,38.8734],[-81.9111,38.8746],[-81.9122,38.8756],[-81.9151,38.8772],[-81.9259,38.882],[-81.9279,38.8836],[-81.9294,38.8854],[-81.9321,38.8895],[-81.9335,38.8947],[-81.9336,38.896],[-81.9347,38.897],[-81.9371,38.8985],[-81.9381,38.899],[-81.9383,38.8994],[-81.9381,38.9021],[-81.9377,38.9036],[-81.9346,38.9067],[-81.9335,38.9083],[-81.9315,38.909],[-81.9295,38.9108],[-81.9276,38.9109],[-81.9248,38.9105],[-81.9236,38.9095],[-81.9225,38.9097],[-81.9204,38.9116],[-81.9182,38.9144],[-81.9139,38.9213],[-81.9127,38.9242],[-81.913,38.9262],[-81.9156,38.9325],[-81.9171,38.9352],[-81.9191,38.9367],[-81.9188,38.9409],[-81.9202,38.9481],[-81.9229,38.9562],[-81.9259,38.9626],[-81.93,38.9685],[-81.9371,38.9749],[-81.9454,38.9803],[-81.9528,38.9834],[-81.9597,38.9851],[-81.9656,38.9853],[-81.9702,38.9859],[-81.9748,38.987],[-81.9781,38.9885],[-81.9809,38.9904],[-81.9826,38.9919],[-81.984,38.9937],[-81.9861,39.0005],[-81.9898,39.0054],[-81.9939,39.0098],[-81.998,39.0133],[-82.0015,39.019],[-82.0032,39.0205],[-82.0054,39.0218],[-82.0131,39.0252],[-82.017,39.0261],[-82.0192,39.0262],[-82.0232,39.0252],[-82.0271,39.0235],[-82.0312,39.021],[-82.0346,39.0182],[-82.0367,39.0153],[-82.0394,39.0088],[-82.0416,39.001],[-82.0434,38.9974],[-82.0466,38.9942],[-82.0545,38.9888],[-82.0598,38.9852],[-82.0649,38.9823],[-82.0731,38.98],[-82.0775,38.9774],[-82.0794,38.9755],[-82.0811,38.9723],[-82.0836,38.9648],[-82.0873,38.9583],[-82.0874,38.955],[-82.0859,38.9519],[-82.0857,38.9507],[-82.0871,38.9469],[-82.0896,38.9432],[-82.0935,38.9401],[-82.0961,38.9368],[-82.0963,38.933],[-82.0979,38.9297],[-82.1,38.9265],[-82.1016,38.9244],[-82.1034,38.9229],[-82.1069,38.9223],[-82.1083,38.9215],[-82.1111,38.919],[-82.1155,38.9138],[-82.1204,38.9067],[-82.1235,38.9001],[-82.1234,38.896],[-82.1224,38.8922],[-82.1219,38.8886],[-82.1247,38.8813],[-82.1247,38.8742],[-82.1253,38.8686],[-82.1267,38.8629],[-82.1298,38.8571],[-82.1316,38.8546],[-82.1333,38.8529],[-82.1357,38.8523],[-82.1368,38.8456]]},"properties":{"id":"routes-and-regions-west-virginia-state-route-81","layer":"routes-and-regions","name":"West Virginia State Route 81","sourceFolder":"Regions, travel routes, and significant pre-war roads"}},{"type":"Feature","id":"routes-and-regions-west-virginia-state-route-83","geometry":{"type":"LineString","coordinates":[[-80.9295,38.0514],[-80.9376,38.0456],[-80.9464,38.0401],[-80.9587,38.0341],[-80.9733,38.0293],[-80.9986,38.0263],[-81.0264,38.026],[-81.0804,38.0316],[-81.1523,38.0296],[-81.204,38.0341],[-81.255,38.0417],[-81.29,38.057],[-81.3243,38.0747],[-81.3762,38.0933],[-81.4253,38.112],[-81.4713,38.1406],[-81.5173,38.1573],[-81.5564,38.181],[-81.5923,38.1946],[-81.6271,38.2089],[-81.6387,38.2177],[-81.6481,38.227],[-81.6601,38.2356],[-81.6855,38.2452],[-81.7151,38.2544],[-81.7425,38.2612],[-81.7698,38.2639],[-81.7916,38.2652],[-81.8005,38.2675],[-81.8043,38.2679],[-81.8066,38.2676],[-81.813,38.2652],[-81.815,38.265],[-81.8167,38.2654],[-81.8184,38.2662],[-81.8232,38.2693],[-81.8295,38.2667],[-81.8321,38.265],[-81.8343,38.2624],[-81.8359,38.2592],[-81.8369,38.2561],[-81.8373,38.2472],[-81.8396,38.2383],[-81.84,38.2337],[-81.8389,38.2285],[-81.8345,38.2187],[-81.8307,38.2135],[-81.8301,38.2117],[-81.8301,38.2084],[-81.8305,38.2067],[-81.8323,38.2036],[-81.8341,38.2024],[-81.8417,38.1999],[-81.8436,38.1988],[-81.8449,38.1971],[-81.8469,38.1915],[-81.8506,38.1869],[-81.851,38.1858],[-81.8509,38.185],[-81.849,38.1816],[-81.8504,38.1758],[-81.8496,38.1645],[-81.8505,38.1628],[-81.8529,38.1611],[-81.8541,38.16],[-81.8546,38.1589],[-81.8545,38.1576],[-81.8532,38.1561],[-81.8517,38.1555],[-81.8465,38.1537],[-81.8449,38.1526],[-81.8441,38.151],[-81.8458,38.143],[-81.8454,38.1416],[-81.8446,38.1406],[-81.8417,38.1395],[-81.8377,38.1387],[-81.8358,38.1372],[-81.8355,38.1362],[-81.8356,38.1351],[-81.8371,38.1334],[-81.8421,38.1291],[-81.8435,38.1273],[-81.8438,38.1257],[-81.8433,38.1243],[-81.8404,38.1216]]},"properties":{"id":"routes-and-regions-west-virginia-state-route-83","layer":"routes-and-regions","name":"West Virginia State Route 83","sourceFolder":"Regions, travel routes, and significant pre-war roads"}},{"type":"Feature","id":"routes-and-regions-west-virginia-state-route-85","geometry":{"type":"LineString","coordinates":[[-81.7916,38.2652],[-81.7845,38.2731],[-81.7804,38.2762],[-81.7779,38.2772],[-81.7695,38.2787],[-81.7672,38.2797],[-81.7656,38.2816],[-81.7628,38.2891],[-81.761,38.2913],[-81.7569,38.2939],[-81.7459,38.2982],[-81.7404,38.301],[-81.7274,38.3108],[-81.7168,38.3217],[-81.7141,38.3268],[-81.7126,38.3319],[-81.7106,38.336],[-81.7074,38.3392],[-81.7041,38.3412],[-81.7024,38.3414],[-81.7006,38.3412],[-81.6957,38.3386],[-81.6944,38.3382],[-81.6919,38.3386],[-81.688,38.3398],[-81.68,38.3408],[-81.6751,38.3433],[-81.6729,38.3434],[-81.6707,38.3431],[-81.6667,38.3411],[-81.6656,38.3409],[-81.6627,38.3415],[-81.6586,38.3433],[-81.6561,38.3452],[-81.652,38.347],[-81.6503,38.3489],[-81.6473,38.3528]]},"properties":{"id":"routes-and-regions-west-virginia-state-route-85","layer":"routes-and-regions","name":"West Virginia State Route 85","sourceFolder":"Regions, travel routes, and significant pre-war roads"}},{"type":"Feature","id":"routes-and-regions-west-virginia-state-route-86","geometry":{"type":"LineString","coordinates":[[-80.4476,38.8347],[-80.45,38.8338],[-80.4514,38.833],[-80.452,38.8318],[-80.4525,38.827],[-80.4533,38.8251],[-80.4613,38.8167],[-80.4858,38.7966],[-80.4916,38.7995],[-80.4937,38.8002],[-80.4959,38.8005],[-80.4999,38.7998],[-80.5044,38.7981],[-80.5188,38.7914],[-80.5174,38.7879],[-80.5172,38.7856],[-80.518,38.7844],[-80.5194,38.7832],[-80.5243,38.7796],[-80.526,38.7811],[-80.5274,38.7818],[-80.5294,38.7817],[-80.5329,38.7811],[-80.5346,38.7729],[-80.536,38.7745],[-80.5375,38.7753],[-80.5402,38.7755],[-80.5523,38.7739],[-80.5557,38.7741],[-80.5584,38.7749],[-80.5608,38.7761],[-80.5629,38.7775],[-80.5644,38.7791],[-80.5651,38.7806],[-80.5653,38.7859],[-80.5658,38.7871],[-80.5671,38.788],[-80.5698,38.7886],[-80.5721,38.7883],[-80.5811,38.786],[-80.5836,38.7859],[-80.5852,38.7865],[-80.5866,38.7874],[-80.5903,38.7908],[-80.5961,38.788],[-80.5981,38.7875],[-80.5996,38.7876],[-80.6041,38.7888],[-80.6055,38.7888],[-80.6072,38.7881],[-80.6088,38.7869],[-80.613,38.7823],[-80.6145,38.7792],[-80.616,38.7725],[-80.616,38.7692],[-80.6166,38.7671],[-80.6185,38.7654],[-80.6245,38.7618],[-80.6277,38.7605],[-80.6304,38.7599],[-80.6321,38.76],[-80.6377,38.7622],[-80.6394,38.7622],[-80.6411,38.762],[-80.6423,38.7617],[-80.6433,38.7612],[-80.6478,38.7583],[-80.6498,38.7572],[-80.6528,38.7559],[-80.6541,38.7545],[-80.655,38.7518],[-80.6579,38.7484],[-80.6589,38.7453],[-80.6585,38.742],[-80.6565,38.7396],[-80.6559,38.7375],[-80.6554,38.7365],[-80.6531,38.7338],[-80.653,38.7317],[-80.6519,38.7294],[-80.653,38.727],[-80.653,38.7264],[-80.6528,38.7258],[-80.6514,38.7243],[-80.6512,38.7238],[-80.651,38.7231],[-80.6511,38.7229],[-80.6543,38.7211],[-80.6551,38.7206],[-80.6556,38.7202],[-80.6559,38.7197],[-80.6566,38.7183]]},"properties":{"id":"routes-and-regions-west-virginia-state-route-86","layer":"routes-and-regions","name":"West Virginia State Route 86","sourceFolder":"Regions, travel routes, and significant pre-war roads"}},{"type":"Feature","id":"routes-and-regions-west-virginia-state-route-86-2","geometry":{"type":"LineString","coordinates":[[-80.6566,38.7183],[-80.6572,38.7173],[-80.6579,38.7175],[-80.6577,38.7179],[-80.6577,38.7181],[-80.6599,38.7184]]},"properties":{"id":"routes-and-regions-west-virginia-state-route-86-2","layer":"routes-and-regions","name":"West Virginia State Route 86","sourceFolder":"Regions, travel routes, and significant pre-war roads"}},{"type":"Feature","id":"routes-and-regions-west-virginia-state-route-86b","geometry":{"type":"LineString","coordinates":[[-80.657199,38.717295],[-80.658007,38.716054]]},"properties":{"id":"routes-and-regions-west-virginia-state-route-86b","layer":"routes-and-regions","name":"West Virginia State Route 86B","sourceFolder":"Regions, travel routes, and significant pre-war roads"}},{"type":"Feature","id":"routes-and-regions-west-virginia-state-route-87","geometry":{"type":"LineString","coordinates":[[-81.5629,38.3179],[-81.5611,38.3162],[-81.5597,38.3143],[-81.5587,38.3122],[-81.5562,38.3087],[-81.5557,38.3064],[-81.5558,38.3016],[-81.5562,38.2994],[-81.5595,38.2917],[-81.5633,38.2814],[-81.565,38.2734],[-81.566,38.265],[-81.5656,38.2578],[-81.5644,38.2544],[-81.5627,38.2514],[-81.5603,38.2487],[-81.556,38.2455],[-81.5448,38.2389],[-81.5151,38.2136],[-81.5062,38.2079],[-81.5015,38.2028],[-81.4992,38.2008],[-81.4976,38.2001],[-81.4943,38.1995],[-81.4923,38.1996],[-81.4877,38.2005],[-81.4811,38.2026],[-81.4742,38.2054],[-81.464,38.2118],[-81.4561,38.2164],[-81.4485,38.2204],[-81.4435,38.2221],[-81.4409,38.2225],[-81.4358,38.2225],[-81.4331,38.2223],[-81.4304,38.2217],[-81.4282,38.2207],[-81.4261,38.2187],[-81.4217,38.2097],[-81.4198,38.2076],[-81.4178,38.2066],[-81.4157,38.2059],[-81.4107,38.2056],[-81.4047,38.207],[-81.3905,38.2127],[-81.3848,38.2141],[-81.3806,38.2137],[-81.3772,38.2124],[-81.3739,38.2104],[-81.3714,38.2076],[-81.3708,38.2057],[-81.3707,38.199],[-81.3697,38.1962],[-81.3688,38.1949],[-81.3674,38.1936],[-81.3614,38.1905],[-81.3524,38.1873],[-81.3428,38.1846],[-81.335,38.1834],[-81.3307,38.1838],[-81.3271,38.1849],[-81.3233,38.1855],[-81.3166,38.1848],[-81.313,38.184],[-81.3099,38.183],[-81.3075,38.1817],[-81.3054,38.1795],[-81.3037,38.1753],[-81.3034,38.1728],[-81.3037,38.1675],[-81.3029,38.1647],[-81.2998,38.161],[-81.2903,38.1535],[-81.2866,38.1501],[-81.284,38.1456],[-81.2823,38.1434],[-81.2772,38.1394],[-81.2703,38.1353],[-81.2631,38.1318],[-81.2513,38.1275],[-81.2399,38.1247],[-81.2305,38.1235],[-81.2267,38.1237],[-81.2233,38.1246],[-81.2217,38.1258],[-81.2211,38.1271],[-81.221,38.1324],[-81.2205,38.134],[-81.2182,38.1369],[-81.2117,38.1424],[-81.2145,38.1472],[-81.2153,38.1497],[-81.2152,38.154],[-81.2146,38.1561],[-81.2136,38.1579],[-81.2108,38.1604],[-81.2071,38.1621],[-81.1975,38.1639],[-81.1937,38.1659],[-81.1922,38.1675],[-81.192,38.1692],[-81.193,38.172],[-81.1975,38.177],[-81.1985,38.1787],[-81.1987,38.1816],[-81.1975,38.1848],[-81.192,38.1905],[-81.1841,38.1972],[-81.1784,38.2029],[-81.1775,38.205],[-81.1768,38.2087],[-81.1887,38.2162],[-81.1915,38.219],[-81.1928,38.2217],[-81.1939,38.2303],[-81.1833,38.2339],[-81.1798,38.2347],[-81.1764,38.2349],[-81.1729,38.234],[-81.1627,38.2282],[-81.1596,38.2274],[-81.1552,38.2279],[-81.1532,38.2285],[-81.15,38.2303],[-81.1489,38.2315],[-81.1472,38.2357],[-81.136,38.235],[-81.1325,38.2352],[-81.1294,38.236],[-81.1269,38.2379],[-81.1215,38.2464],[-81.1191,38.2484],[-81.1153,38.2496],[-81.1019,38.2506],[-81.1027,38.2574],[-81.1026,38.2596],[-81.1019,38.2616],[-81.1,38.2638],[-81.0973,38.2657],[-81.0875,38.2713],[-81.0649,38.2618],[-81.054,38.2577],[-81.0442,38.2557],[-81.0386,38.2559],[-81.0335,38.2571],[-81.0236,38.2601],[-81.0229,38.2654],[-81.0085,38.2654],[-81.0048,38.2661],[-81.0029,38.267],[-80.9986,38.2704],[-80.9953,38.272],[-80.9919,38.2731],[-80.9856,38.2731],[-80.9843,38.2735],[-80.9823,38.2754],[-80.9802,38.2794],[-80.9778,38.2791],[-80.9762,38.2793],[-80.9752,38.2801],[-80.9726,38.2838],[-80.9717,38.2846],[-80.9685,38.285],[-80.9652,38.2802],[-80.9612,38.2814],[-80.9579,38.2855],[-80.957,38.2861],[-80.9555,38.2862],[-80.9533,38.2859],[-80.9533,38.284],[-80.9513,38.2839],[-80.95,38.2843],[-80.9483,38.2859],[-80.9465,38.2886],[-80.9447,38.2919],[-80.9426,38.2973],[-80.9431,38.3004],[-80.9382,38.3018],[-80.9365,38.3035],[-80.9264,38.302],[-80.9212,38.302],[-80.9146,38.3042],[-80.908,38.3074],[-80.9016,38.3097],[-80.8969,38.3102],[-80.8924,38.3102],[-80.8883,38.3096],[-80.8851,38.3087],[-80.8822,38.3074],[-80.8796,38.3057],[-80.8773,38.3028],[-80.8755,38.2993],[-80.8732,38.2961],[-80.8674,38.292],[-80.8619,38.2885],[-80.8582,38.2854],[-80.856,38.2814],[-80.8525,38.2812],[-80.8526,38.2802],[-80.8522,38.2788],[-80.8511,38.2761],[-80.85,38.2751],[-80.8467,38.2742],[-80.8457,38.2734],[-80.8428,38.2697],[-80.8426,38.2689],[-80.8436,38.2679],[-80.8447,38.2676],[-80.8474,38.268],[-80.8489,38.2676],[-80.8513,38.2661],[-80.8551,38.2612],[-80.8564,38.2587],[-80.8578,38.2517],[-80.8578,38.2478],[-80.8568,38.2443],[-80.8534,38.2382],[-80.8507,38.2355],[-80.8469,38.2337],[-80.8446,38.2326],[-80.8426,38.2306],[-80.843,38.2283],[-80.8467,38.2233],[-80.8486,38.2186],[-80.8483,38.2153],[-80.8501,38.2115],[-80.8509,38.21],[-80.8524,38.2057],[-80.8512,38.203],[-80.8512,38.2001],[-80.8495,38.1966],[-80.8553,38.1909],[-80.8581,38.1888],[-80.8629,38.1873],[-80.8648,38.1855],[-80.866,38.1832],[-80.8653,38.1796],[-80.8675,38.1766],[-80.8707,38.1743],[-80.8718,38.174],[-80.8753,38.1739],[-80.8739,38.1583],[-80.8703,38.1573],[-80.8755,38.1533],[-80.8767,38.1518],[-80.877,38.1503],[-80.8764,38.1455],[-80.8769,38.1441],[-80.878,38.1429],[-80.8796,38.1419],[-80.8853,38.1391],[-80.8821,38.1337],[-80.8817,38.1318],[-80.8825,38.1292],[-80.886,38.1237],[-80.8868,38.1213],[-80.8862,38.1187],[-80.8856,38.1176],[-80.8839,38.1157],[-80.8827,38.1152],[-80.8784,38.1145],[-80.8774,38.114],[-80.876,38.1114],[-80.876,38.1095],[-80.8768,38.1083],[-80.8815,38.1048],[-80.8827,38.1034],[-80.8851,38.0976],[-80.8856,38.0946],[-80.8856,38.0921],[-80.8852,38.0911],[-80.8831,38.0887],[-80.8829,38.0879],[-80.8837,38.0858],[-80.8861,38.0826],[-80.8935,38.0826],[-80.8942,38.079],[-80.8936,38.0776],[-80.8916,38.0748],[-80.894,38.0736],[-80.9012,38.0729],[-80.9048,38.0716],[-80.9087,38.0697],[-80.9122,38.0675],[-80.9163,38.0635],[-80.92,38.0593],[-80.9251,38.0543],[-80.9273,38.0526],[-80.9291,38.052],[-80.9295,38.0514]]},"properties":{"id":"routes-and-regions-west-virginia-state-route-87","layer":"routes-and-regions","name":"West Virginia State Route 87","sourceFolder":"Regions, travel routes, and significant pre-war roads"}},{"type":"Feature","id":"routes-and-regions-west-virginia-state-route-87a","geometry":{"type":"LineString","coordinates":[[-80.8525,38.2812],[-80.8509,38.2811],[-80.8495,38.2812],[-80.8493,38.2814],[-80.8491,38.282],[-80.848,38.2832],[-80.8475,38.2834],[-80.8465,38.2833],[-80.8431,38.284],[-80.8404,38.2865],[-80.8382,38.2899],[-80.8372,38.2928],[-80.8379,38.2945],[-80.839,38.2962],[-80.8422,38.2994],[-80.8427,38.3003],[-80.8427,38.3041],[-80.8422,38.3065],[-80.841,38.3087],[-80.8373,38.3108]]},"properties":{"id":"routes-and-regions-west-virginia-state-route-87a","layer":"routes-and-regions","name":"West Virginia State Route 87A","sourceFolder":"Regions, travel routes, and significant pre-war roads"}},{"type":"Feature","id":"routes-and-regions-west-virginia-state-route-88","geometry":{"type":"LineString","coordinates":[[-80.6394,38.7622],[-80.6397,38.7633],[-80.6394,38.7637],[-80.6377,38.7654],[-80.6376,38.7665],[-80.6401,38.7674],[-80.6405,38.7686],[-80.6391,38.7716],[-80.6397,38.7732],[-80.6389,38.7744],[-80.6394,38.7789],[-80.6403,38.7816],[-80.6413,38.7837],[-80.6422,38.7845],[-80.6454,38.7862],[-80.6446,38.7886],[-80.6411,38.7892],[-80.6445,38.7911],[-80.6432,38.7927],[-80.6435,38.7947],[-80.6443,38.7959],[-80.6477,38.7967],[-80.6475,38.7984],[-80.6434,38.801],[-80.6512,38.8052],[-80.6569,38.8101],[-80.6588,38.8116],[-80.6608,38.8126],[-80.6644,38.8128],[-80.6699,38.8119],[-80.6699,38.8159],[-80.6711,38.8192],[-80.6684,38.822],[-80.6676,38.8253],[-80.6678,38.8287],[-80.6688,38.8304],[-80.6699,38.8312],[-80.6719,38.8315],[-80.6754,38.8311],[-80.6807,38.8291],[-80.6794,38.8232],[-80.6795,38.8215],[-80.6799,38.8205],[-80.6821,38.818],[-80.6898,38.8194],[-80.6933,38.8206],[-80.6952,38.8221],[-80.6999,38.8277],[-80.7018,38.8288],[-80.7036,38.8291],[-80.7095,38.8286],[-80.7115,38.8287],[-80.7154,38.8299],[-80.7229,38.8335],[-80.7293,38.838],[-80.7326,38.8321],[-80.7338,38.8305],[-80.7353,38.8293],[-80.7385,38.8283],[-80.7443,38.8285],[-80.7493,38.8298],[-80.7549,38.832],[-80.7603,38.8333],[-80.7649,38.833],[-80.7693,38.8321],[-80.7739,38.8319],[-80.7772,38.8328],[-80.7873,38.8375],[-80.7902,38.8381],[-80.7933,38.8375],[-80.7975,38.8357],[-80.7953,38.839],[-80.7999,38.8427],[-80.8013,38.8405],[-80.82,38.8422],[-80.8211,38.8449],[-80.8252,38.8447],[-80.8238,38.8485],[-80.8288,38.8501],[-80.8336,38.8459],[-80.841,38.8508],[-80.8376,38.8528],[-80.8377,38.8548],[-80.8386,38.8563],[-80.8404,38.8581],[-80.8408,38.8592],[-80.8395,38.8611],[-80.8397,38.865],[-80.8388,38.866],[-80.8368,38.8673],[-80.8383,38.8697],[-80.8387,38.871],[-80.8374,38.8725],[-80.8372,38.8736],[-80.8373,38.8742],[-80.8377,38.8749],[-80.8389,38.8756],[-80.8406,38.8756],[-80.841,38.8759],[-80.8395,38.8782],[-80.839,38.8795],[-80.8401,38.8813],[-80.8427,38.8811],[-80.845,38.8788],[-80.8545,38.8823],[-80.8486,38.8875],[-80.8556,38.8912],[-80.8487,38.8968],[-80.8524,38.9014],[-80.8507,38.9033],[-80.8464,38.9055],[-80.8457,38.9061],[-80.8458,38.9085],[-80.8474,38.9086],[-80.8501,38.9069],[-80.8521,38.9067],[-80.8599,38.9072],[-80.8596,38.91],[-80.86,38.9116],[-80.8614,38.9128],[-80.8644,38.9142],[-80.8661,38.9134],[-80.8677,38.9122],[-80.8708,38.9021],[-80.8733,38.8984],[-80.881,38.8937],[-80.9032,38.8853],[-80.9117,38.8808],[-80.9161,38.8764],[-80.9224,38.8674],[-80.9378,38.8514],[-80.9533,38.8544],[-80.9618,38.8548],[-80.9769,38.8528],[-80.9937,38.8486],[-81.0092,38.8431],[-81.0187,38.8351],[-81.0345,38.8146],[-81.0442,38.8072],[-81.0568,38.8042],[-81.0713,38.8034],[-81.0852,38.8032],[-81.096,38.8014],[-81.1014,38.7982],[-81.1054,38.7945],[-81.1096,38.7917],[-81.1137,38.7905],[-81.1221,38.7898],[-81.1283,38.7893],[-81.1313,38.7893],[-81.1338,38.7898],[-81.1355,38.7906],[-81.1395,38.7945],[-81.1495,38.7896],[-81.1534,38.7887],[-81.1591,38.7889],[-81.1721,38.7913],[-81.1781,38.7917],[-81.1825,38.7906],[-81.1907,38.7872],[-81.1949,38.7866],[-81.2006,38.7874],[-81.2069,38.7894],[-81.2125,38.792],[-81.2165,38.7946],[-81.2179,38.7963],[-81.2196,38.8018],[-81.231,38.8027],[-81.2345,38.8027],[-81.2375,38.8021],[-81.2394,38.801],[-81.2436,38.7961],[-81.2454,38.7949],[-81.2489,38.794],[-81.257,38.7933],[-81.2601,38.7925],[-81.2617,38.7913],[-81.2646,38.7868],[-81.3131,38.7891],[-81.3329,38.7919],[-81.3395,38.7946],[-81.3498,38.801],[-81.3552,38.8029],[-81.3614,38.8035],[-81.3679,38.8032],[-81.3742,38.8023],[-81.3796,38.8007],[-81.3832,38.7988],[-81.392,38.7911],[-81.4116,38.7942],[-81.4175,38.7957],[-81.4222,38.7981],[-81.4248,38.8014],[-81.426,38.8057],[-81.4268,38.8104],[-81.4282,38.8148],[-81.4311,38.8184],[-81.4384,38.8219],[-81.4693,38.8293],[-81.4778,38.8296],[-81.4825,38.8288],[-81.4904,38.8252],[-81.4957,38.8238],[-81.5334,38.8231],[-81.5822,38.8243],[-81.6581,38.8206],[-81.7271,38.82],[-81.7498,38.8242],[-81.7665,38.8299],[-81.7719,38.8329],[-81.7761,38.836],[-81.7806,38.8385],[-81.7834,38.8392],[-81.7922,38.8401],[-81.7947,38.8411],[-81.7974,38.8437],[-81.7995,38.8471],[-81.805,38.8591],[-81.8201,38.8591],[-81.8181,38.8642],[-81.8177,38.8659],[-81.818,38.8676],[-81.8202,38.8703],[-81.8239,38.8731],[-81.8322,38.8785],[-81.8349,38.8807],[-81.8368,38.8848],[-81.8409,38.8879]]},"properties":{"id":"routes-and-regions-west-virginia-state-route-88","layer":"routes-and-regions","name":"West Virginia State Route 88","sourceFolder":"Regions, travel routes, and significant pre-war roads"}},{"type":"Feature","id":"routes-and-regions-west-virginia-state-route-88b","geometry":{"type":"LineString","coordinates":[[-80.6566,38.7183],[-80.656,38.7192],[-80.6554,38.7198],[-80.654,38.7205],[-80.6525,38.7211],[-80.6517,38.7215],[-80.6508,38.7226],[-80.6505,38.7233],[-80.6504,38.724],[-80.6504,38.7243],[-80.6509,38.7252],[-80.6517,38.7254],[-80.6603,38.7248],[-80.6609,38.7249],[-80.6611,38.7254],[-80.6608,38.727],[-80.6612,38.7281],[-80.6616,38.7283],[-80.6623,38.7283],[-80.6628,38.7287],[-80.663,38.7286]]},"properties":{"id":"routes-and-regions-west-virginia-state-route-88b","layer":"routes-and-regions","name":"West Virginia State Route 88B","sourceFolder":"Regions, travel routes, and significant pre-war roads"}},{"type":"Feature","id":"routes-and-regions-west-virginia-state-route-90","geometry":{"type":"LineString","coordinates":[[-80.6993,38.8442],[-80.6986,38.8448],[-80.6951,38.8473],[-80.6918,38.8488],[-80.6904,38.8521],[-80.6896,38.853],[-80.6893,38.8546],[-80.6896,38.8557],[-80.6918,38.8569],[-80.6926,38.8577],[-80.6941,38.8599],[-80.6966,38.861],[-80.6983,38.8615],[-80.6998,38.8629],[-80.7014,38.8631],[-80.702,38.8636],[-80.7014,38.8662],[-80.6984,38.8719],[-80.6986,38.8739],[-80.6992,38.8749],[-80.7004,38.8757],[-80.702,38.8763],[-80.7086,38.8776],[-80.7137,38.8796],[-80.721,38.8808],[-80.7223,38.8816],[-80.7227,38.8823],[-80.7221,38.8841],[-80.7192,38.8866],[-80.7198,38.8886],[-80.7241,38.8897],[-80.7256,38.8898],[-80.7272,38.8895],[-80.7318,38.8878],[-80.7327,38.8879],[-80.7342,38.8904],[-80.734,38.8911],[-80.7297,38.896],[-80.7302,38.8972],[-80.7317,38.8981],[-80.737,38.8958],[-80.7384,38.8958],[-80.7396,38.8976],[-80.7375,38.9013],[-80.7373,38.9035],[-80.735,38.9084],[-80.7352,38.9092],[-80.7359,38.9101],[-80.7375,38.9104],[-80.7422,38.9098],[-80.7438,38.9099],[-80.7469,38.9115],[-80.7493,38.9135],[-80.7505,38.9151],[-80.7527,38.9163],[-80.7543,38.9168],[-80.7587,38.9153],[-80.7619,38.9153],[-80.7694,38.9159],[-80.7664,38.9213],[-80.7657,38.923],[-80.7656,38.9244],[-80.7665,38.9262],[-80.7691,38.9282],[-80.7701,38.9284],[-80.7747,38.9286],[-80.7779,38.9302],[-80.7816,38.9306],[-80.7857,38.9293],[-80.7907,38.9296],[-80.7921,38.9326],[-80.7941,38.934],[-80.7973,38.9341],[-80.805,38.9317],[-80.8093,38.9317],[-80.8119,38.9324],[-80.8136,38.9341],[-80.8155,38.937],[-80.8174,38.9387],[-80.8199,38.9416],[-80.8147,38.9444],[-80.8103,38.9485],[-80.8085,38.9514],[-80.8088,38.9536],[-80.8102,38.9568],[-80.8036,38.9611],[-80.8057,38.9673],[-80.8079,38.9726],[-80.8115,38.9762],[-80.8004,38.9888],[-80.804,38.9938],[-80.8144,38.9899],[-80.8149,38.9907],[-80.8117,38.9929],[-80.8114,38.994],[-80.8118,38.9948],[-80.8135,38.9963],[-80.8165,38.998],[-80.8276,39.0035],[-80.8234,39.0077],[-80.8223,39.0091],[-80.8218,39.0106],[-80.8221,39.012],[-80.8256,39.0165],[-80.8259,39.018],[-80.8248,39.0202],[-80.8176,39.0271],[-80.8161,39.0294],[-80.8157,39.0318],[-80.8166,39.0391],[-80.82,39.0376],[-80.8254,39.0417],[-80.8305,39.0463],[-80.8363,39.0546],[-80.8419,39.0638],[-80.8366,39.0691],[-80.8355,39.0712],[-80.8349,39.0748],[-80.835,39.079],[-80.8356,39.0831],[-80.8366,39.0864],[-80.838,39.0885],[-80.8411,39.0915],[-80.843,39.0927],[-80.8478,39.0924],[-80.8505,39.0931],[-80.8541,39.0953],[-80.8562,39.0958],[-80.8609,39.0962],[-80.8653,39.0957],[-80.8701,39.0966],[-80.876,39.0985],[-80.8818,39.1011],[-80.8882,39.1055],[-80.9005,39.1165],[-80.9218,39.1114],[-80.922,39.1205],[-80.9232,39.1248],[-80.9265,39.1289],[-80.9355,39.1365],[-80.9424,39.1335],[-80.9431,39.1506],[-80.9496,39.1517],[-80.9455,39.1553],[-80.9444,39.1566],[-80.9438,39.1583],[-80.9441,39.1625],[-80.9459,39.1678],[-80.9541,39.1855],[-80.9469,39.191],[-80.9521,39.2],[-80.9534,39.2028],[-80.9537,39.2051],[-80.9527,39.2074],[-80.9499,39.2102],[-80.974,39.2294],[-80.9784,39.2344],[-80.9791,39.2361],[-80.9791,39.2403],[-80.9733,39.2387],[-80.9741,39.2439],[-80.9736,39.2458],[-80.97,39.2501],[-80.9581,39.2601],[-80.9544,39.265],[-80.9537,39.2679],[-80.9536,39.2708],[-80.9541,39.2737],[-80.9551,39.2764],[-80.9565,39.2785],[-80.9582,39.28],[-80.9605,39.281],[-80.9681,39.2837],[-80.9642,39.287],[-80.9632,39.2882],[-80.9626,39.2896],[-80.963,39.2925],[-80.9689,39.3032],[-80.9695,39.3059],[-80.9687,39.3078],[-80.9663,39.31],[-80.9565,39.3153],[-80.955,39.3169],[-80.9516,39.3222],[-80.9499,39.3234],[-80.9478,39.3242],[-80.9454,39.3245],[-80.9374,39.3249],[-80.9362,39.3285],[-80.9347,39.3305],[-80.9329,39.3311],[-80.9254,39.3319],[-80.9232,39.3329],[-80.92,39.337],[-80.9175,39.3434],[-80.913,39.3569],[-80.9102,39.3612],[-80.9073,39.3633],[-80.9057,39.3639],[-80.9023,39.3644],[-80.8996,39.3638],[-80.8902,39.3588],[-80.8869,39.358],[-80.8823,39.3585],[-80.8677,39.3634],[-80.871,39.3764],[-80.8715,39.3803],[-80.8708,39.3835],[-80.8692,39.3852],[-80.8617,39.3884],[-80.8598,39.3899],[-80.8581,39.3932],[-80.8566,39.4013],[-80.8546,39.4047],[-80.8507,39.4076],[-80.835,39.4143],[-80.8392,39.4297],[-80.8323,39.4295],[-80.8302,39.4297],[-80.8282,39.4302],[-80.826,39.4314],[-80.8238,39.4331],[-80.8218,39.4351],[-80.8203,39.4372],[-80.8196,39.4392],[-80.8197,39.4414],[-80.8207,39.4438],[-80.8221,39.4462],[-80.8258,39.4504],[-80.8294,39.4526],[-80.8335,39.4543],[-80.8368,39.4562],[-80.8381,39.4577],[-80.8397,39.461],[-80.8405,39.4666],[-80.8445,39.4753],[-80.8445,39.4775],[-80.8456,39.4786],[-80.8481,39.4797],[-80.8494,39.4798],[-80.8507,39.4795],[-80.8544,39.4764],[-80.856,39.4753],[-80.8576,39.4738],[-80.8593,39.4731],[-80.8605,39.4732],[-80.8618,39.4738],[-80.8622,39.4745],[-80.8632,39.4807],[-80.8644,39.4822],[-80.8657,39.4826],[-80.8681,39.4828],[-80.8714,39.4814],[-80.8772,39.4824],[-80.879,39.482],[-80.8803,39.4805],[-80.8801,39.4795],[-80.8806,39.479],[-80.8837,39.4779],[-80.8874,39.4779],[-80.8894,39.4784],[-80.8924,39.48],[-80.8986,39.4845],[-80.9023,39.4875],[-80.9047,39.4899],[-80.9047,39.4907],[-80.9018,39.4949],[-80.9012,39.4962],[-80.9021,39.4982],[-80.9035,39.4999],[-80.9035,39.5014],[-80.903,39.5028],[-80.9013,39.504],[-80.8989,39.5044],[-80.8982,39.5052],[-80.8979,39.5075],[-80.8998,39.5123],[-80.8987,39.5133],[-80.8955,39.5146],[-80.8945,39.5156],[-80.8919,39.5201],[-80.8958,39.5236],[-80.8982,39.5276],[-80.8987,39.53],[-80.8969,39.5318],[-80.8939,39.53],[-80.8908,39.5336],[-80.8931,39.5363],[-80.8931,39.5396],[-80.8945,39.5408],[-80.8992,39.5414],[-80.9024,39.5414],[-80.9056,39.5408],[-80.9073,39.5397],[-80.912,39.535],[-80.9151,39.5357],[-80.9171,39.5357],[-80.9184,39.5351],[-80.9219,39.5316],[-80.9229,39.531],[-80.9239,39.5309],[-80.9253,39.5312],[-80.9272,39.5332],[-80.9328,39.534],[-80.9369,39.5356],[-80.9393,39.5362],[-80.9428,39.536],[-80.9502,39.535],[-80.9552,39.5354],[-80.9561,39.5375],[-80.9586,39.5387],[-80.9637,39.5398],[-80.9693,39.5392],[-80.9708,39.5397],[-80.975,39.542],[-80.9808,39.5437],[-80.9862,39.5463],[-80.9896,39.5491],[-80.9924,39.5502],[-81.0011,39.5514],[-81.0036,39.5526],[-81.0043,39.5532],[-81.0049,39.5533]]},"properties":{"id":"routes-and-regions-west-virginia-state-route-90","layer":"routes-and-regions","name":"West Virginia State Route 90","sourceFolder":"Regions, travel routes, and significant pre-war roads"}},{"type":"Feature","id":"routes-and-regions-west-virginia-state-route-96","geometry":{"type":"LineString","coordinates":[[-80.4242,39.6572],[-80.4197,39.6513],[-80.4184,39.6478],[-80.4187,39.6444],[-80.4222,39.6367],[-80.4234,39.6324],[-80.4228,39.628],[-80.4153,39.6193],[-80.4027,39.6087],[-80.3748,39.5883],[-80.3667,39.5808],[-80.3655,39.5785],[-80.3645,39.573],[-80.3636,39.5718],[-80.3623,39.5712],[-80.3573,39.5705],[-80.3557,39.5697],[-80.3528,39.5641],[-80.349,39.5444],[-80.3459,39.5341],[-80.3409,39.526],[-80.33,39.5197],[-80.3033,39.5089],[-80.2912,39.5058],[-80.2826,39.5061],[-80.2744,39.5078],[-80.2582,39.5122],[-80.2527,39.456],[-80.2687,39.4501],[-80.2735,39.4477],[-80.2774,39.4444],[-80.2804,39.4376],[-80.2812,39.4288],[-80.2814,39.4193],[-80.2821,39.4106],[-80.285,39.404],[-80.2884,39.4011],[-80.2927,39.399],[-80.3066,39.394],[-80.3051,39.3873],[-80.3052,39.3852],[-80.3063,39.3832],[-80.3098,39.3794],[-80.3114,39.377],[-80.3133,39.3713],[-80.3164,39.3572],[-80.319,39.352],[-80.321,39.3502],[-80.3282,39.3467],[-80.3263,39.343],[-80.3262,39.3417],[-80.3275,39.3375],[-80.3289,39.3354],[-80.3306,39.3337],[-80.3333,39.3326],[-80.3401,39.3312],[-80.343,39.33],[-80.3453,39.3279],[-80.3472,39.3254],[-80.3502,39.3196],[-80.3533,39.304],[-80.3563,39.2984],[-80.3598,39.2931]]},"properties":{"id":"routes-and-regions-west-virginia-state-route-96","layer":"routes-and-regions","name":"West Virginia State Route 96","sourceFolder":"Regions, travel routes, and significant pre-war roads"}},{"type":"Feature","id":"routes-and-regions-us-route-6","geometry":{"type":"LineString","coordinates":[[-118.3954,37.3732],[-118.3959,37.3875],[-118.3954,37.3927],[-118.3948,37.394],[-118.3932,37.3958],[-118.3906,37.3972],[-118.3886,37.3977],[-118.3803,37.398],[-118.3693,37.3976],[-118.3601,37.3977],[-118.354,37.3989],[-118.3514,37.4002],[-118.3505,37.4013],[-118.3501,37.4038],[-118.3482,37.4282],[-118.3502,37.4655],[-118.3749,37.5487],[-118.3991,37.6278],[-118.3992,37.6426],[-118.3976,37.6545],[-118.3991,37.668],[-118.4157,37.6975],[-118.4397,37.7312],[-118.4595,37.7625],[-118.4709,37.7929],[-118.4772,37.8186],[-118.4793,37.8297],[-118.4795,37.8401],[-118.4786,37.851],[-118.4754,37.8626],[-118.4698,37.8754],[-118.4389,37.9029],[-118.3988,37.9356],[-118.3682,37.9582],[-118.3603,37.9605],[-118.3536,37.961],[-118.3469,37.9626],[-118.3384,37.968],[-118.33,37.9751],[-118.3208,37.9821],[-118.3001,37.9928],[-118.2824,38.0026],[-118.2783,38.0069],[-118.2755,38.0107],[-118.2719,38.0156],[-118.2704,38.0167],[-118.2669,38.0177],[-118.2623,38.0178],[-118.2482,38.0164],[-118.2306,38.0134],[-118.2147,38.0092],[-118.1977,38.0042],[-118.1804,38.0015],[-118.1666,38.0027],[-118.1387,38.0092],[-118.1283,38.0101],[-118.1252,38.0094],[-118.1182,38.0057],[-118.1159,38.0052],[-118.1135,38.0057],[-118.1063,38.0095],[-118.1025,38.0107],[-118.0209,38.0157],[-117.9294,38.0205],[-117.8871,38.0299]]},"properties":{"id":"routes-and-regions-us-route-6","layer":"routes-and-regions","name":"US Route 6","sourceFolder":"Regions, travel routes, and significant pre-war roads"}},{"type":"Feature","id":"routes-and-regions-us-route-6-2","geometry":{"type":"LineString","coordinates":[[-117.2235,38.0633],[-117.2136,38.068],[-117.2076,38.0698],[-117.1959,38.0702],[-117.1815,38.069],[-117.1633,38.0684],[-117.1155,38.0699],[-116.9882,38.0784],[-116.9418,38.0831],[-116.9316,38.0902],[-116.924,38.0982],[-116.9184,38.107],[-116.9113,38.1146],[-116.902,38.1209],[-116.8813,38.1225],[-116.8277,38.1223],[-116.7965,38.1203],[-116.7633,38.1209],[-116.411,38.1743],[-116.4021,38.1737],[-116.3899,38.1711],[-116.3849,38.1711],[-116.3812,38.1722],[-116.378,38.1738],[-116.3751,38.1759],[-116.3729,38.1783],[-116.3717,38.181],[-116.3713,38.1879],[-116.3696,38.1928],[-116.3152,38.2643],[-116.2282,38.3735],[-116.1581,38.4584],[-116.1385,38.4672],[-116.0869,38.4858],[-116.0716,38.4895],[-116.0564,38.4856],[-116.0241,38.4734],[-115.9919,38.4594],[-115.9506,38.4835],[-115.9095,38.5035],[-115.8772,38.5089],[-115.8408,38.5153],[-115.7369,38.5661],[-115.612,38.6314],[-115.5572,38.6699],[-115.4987,38.7155],[-115.3878,38.7956],[-115.351,38.82],[-115.3375,38.8201],[-115.3136,38.8176],[-115.2906,38.8135],[-115.1231,38.9995],[-115.076,39.0743],[-115.0307,39.15],[-114.9949,39.2032],[-114.9795,39.2124],[-114.9659,39.2189],[-114.9537,39.2229],[-114.9476,39.2232],[-114.9363,39.2217],[-114.9314,39.2218],[-114.9279,39.2232],[-114.922,39.2272],[-114.9187,39.2285],[-114.9143,39.2285],[-114.9001,39.2258],[-114.8948,39.235],[-114.8922,39.2382],[-114.8909,39.239],[-114.8882,39.2398],[-114.8786,39.24],[-114.8688,39.2431]]},"properties":{"id":"routes-and-regions-us-route-6-2","layer":"routes-and-regions","name":"US Route 6","sourceFolder":"Regions, travel routes, and significant pre-war roads"}},{"type":"Feature","id":"routes-and-regions-us-route-6-3","geometry":{"type":"LineString","coordinates":[[-112.5638,39.3524],[-112.5636,39.3538],[-112.563,39.3544],[-112.5394,39.3706],[-112.5014,39.3982],[-112.3847,39.5072],[-112.3813,39.5095],[-112.3735,39.5138],[-112.372,39.5155],[-112.3714,39.5175],[-112.3725,39.5241],[-112.3721,39.5272],[-112.3558,39.5583],[-112.3288,39.6034],[-112.3014,39.6453],[-112.268,39.6708],[-112.2313,39.6929],[-112.2032,39.714],[-112.1937,39.7289],[-112.1882,39.7434],[-112.1812,39.7557],[-112.1726,39.7625],[-112.1632,39.7679],[-112.1551,39.7753],[-112.1481,39.7925],[-112.1421,39.8135],[-112.1382,39.8351],[-112.135,39.8707],[-112.1361,39.9015],[-112.1402,39.9114],[-112.1447,39.9199],[-112.1495,39.9399],[-112.1363,39.9476],[-112.1234,39.9539],[-112.1173,39.955],[-112.1115,39.9554],[-112.1055,39.9568],[-112.0969,39.962],[-112.0795,39.9768],[-112.0583,39.9693],[-112.041,39.962],[-112.0377,39.9593],[-112.0355,39.9567],[-112.0328,39.9544],[-112.0292,39.9525],[-112.0251,39.9511],[-112.0194,39.9499],[-111.9823,39.9494],[-111.9302,39.951],[-111.8892,39.9539],[-111.8738,39.9583],[-111.8624,39.9639],[-111.8459,39.976],[-111.839,39.979],[-111.8312,39.9818],[-111.8232,39.9838],[-111.8157,39.9844],[-111.8097,39.983],[-111.7983,39.9773],[-111.7927,39.9753],[-111.7859,39.9749],[-111.7724,39.9756]]},"properties":{"id":"routes-and-regions-us-route-6-3","layer":"routes-and-regions","name":"US Route 6","sourceFolder":"Regions, travel routes, and significant pre-war roads"}},{"type":"Feature","id":"routes-and-regions-us-route-6-4","geometry":{"type":"LineString","coordinates":[[-111.6494,40.1279],[-111.6432,40.1233],[-111.6376,40.1186],[-111.6344,40.1129],[-111.632,40.1098],[-111.624,40.1049],[-111.6015,40.0941],[-111.5946,40.0896],[-111.5937,40.0882],[-111.5926,40.0846],[-111.5902,40.0827],[-111.5875,40.0821]]},"properties":{"id":"routes-and-regions-us-route-6-4","layer":"routes-and-regions","name":"US Route 6","sourceFolder":"Regions, travel routes, and significant pre-war roads"}},{"type":"Feature","id":"routes-and-regions-us-route-6-5","geometry":{"type":"LineString","coordinates":[[-111.4686,39.9952],[-111.4222,39.9976],[-111.405,39.9967],[-111.4007,39.9951],[-111.3976,39.993],[-111.394,39.9913],[-111.3872,39.9906],[-111.3792,39.9905],[-111.3699,39.9892],[-111.3512,39.9815],[-111.328,39.9692],[-111.3035,39.958],[-111.2829,39.9508],[-111.2712,39.9512],[-111.2499,39.9568],[-111.2397,39.9576],[-111.231,39.9561],[-111.2061,39.9465],[-111.2012,39.9429],[-111.1998,39.9404],[-111.1994,39.9378],[-111.1998,39.9297],[-111.1295,39.9347],[-111.1003,39.9344],[-111.0901,39.9331],[-111.0738,39.928],[-111.0659,39.9239],[-111.0557,39.9111],[-111.0472,39.8933],[-111.0377,39.8746],[-111.0254,39.8586],[-110.9987,39.8444],[-110.969,39.8308],[-110.9382,39.8185],[-110.9425,39.8112],[-110.9434,39.8085],[-110.9432,39.8053],[-110.9344,39.7935],[-110.9176,39.7771],[-110.8969,39.7593],[-110.8787,39.7416],[-110.8672,39.727],[-110.8651,39.7184],[-110.8655,39.7104],[-110.8667,39.7028],[-110.8669,39.6957],[-110.8619,39.675],[-110.8617,39.6632],[-110.8621,39.6502],[-110.8598,39.6382],[-110.8532,39.6284],[-110.8365,39.6118],[-110.8273,39.6009],[-110.8219,39.5938],[-110.8187,39.5908],[-110.8153,39.5887],[-110.8115,39.5868],[-110.8076,39.5854],[-110.8042,39.5846],[-110.8008,39.5849],[-110.7978,39.5857],[-110.7926,39.5875],[-110.7897,39.5873],[-110.7887,39.5866],[-110.7879,39.5857],[-110.7876,39.5821],[-110.7849,39.5754],[-110.782,39.5715],[-110.7752,39.5646],[-110.765,39.5573],[-110.754,39.5495],[-110.7426,39.5437],[-110.7282,39.5416],[-110.696,39.5404],[-110.6828,39.5416],[-110.6763,39.5438],[-110.6658,39.5501],[-110.6598,39.5519],[-110.651,39.552],[-110.6413,39.5505],[-110.6311,39.5483],[-110.621,39.5455],[-110.5979,39.5371],[-110.575,39.5267],[-110.5525,39.5169],[-110.5325,39.5055],[-110.5201,39.4918],[-110.5077,39.4764],[-110.448,39.4287],[-110.4104,39.3863],[-110.3751,39.3407],[-110.3553,39.2993],[-110.339,39.256],[-110.337,39.1943],[-110.3363,39.131],[-110.3302,39.1038],[-110.3143,39.0515],[-110.3054,39.0292],[-110.289,39.0163],[-110.2712,39.0046],[-110.2528,38.9932],[-110.234,38.9822]]},"properties":{"id":"routes-and-regions-us-route-6-5","layer":"routes-and-regions","name":"US Route 6","sourceFolder":"Regions, travel routes, and significant pre-war roads"}},{"type":"Feature","id":"routes-and-regions-us-route-6-6","geometry":{"type":"LineString","coordinates":[[-110.8273,39.6009],[-110.8054,39.601],[-110.8054,39.5996],[-110.799,39.5997],[-110.7963,39.5995],[-110.7948,39.599],[-110.7925,39.5978],[-110.7909,39.5959],[-110.789,39.5882],[-110.7879,39.5857]]},"properties":{"id":"routes-and-regions-us-route-6-6","layer":"routes-and-regions","name":"US Route 6","sourceFolder":"Regions, travel routes, and significant pre-war roads"}},{"type":"Feature","id":"routes-and-regions-us-route-50","geometry":{"type":"LineString","coordinates":[[-119.7406,39.1747],[-119.7382,39.1697],[-119.7381,39.1674],[-119.7466,39.1467],[-119.747,39.1397],[-119.7466,39.1326],[-119.7469,39.1273],[-119.7479,39.125],[-119.7494,39.1234],[-119.7517,39.1223],[-119.7545,39.1216],[-119.7653,39.1215],[-119.7719,39.1208],[-119.7734,39.1205],[-119.7813,39.1155],[-119.7858,39.1133],[-119.7886,39.1128],[-119.7945,39.1131],[-119.8047,39.1158],[-119.8171,39.1201],[-119.8276,39.1227],[-119.8334,39.1228],[-119.8379,39.1219],[-119.8393,39.1211],[-119.8413,39.119],[-119.8429,39.1182],[-119.8498,39.1177],[-119.8695,39.1192],[-119.8773,39.119],[-119.881,39.1179],[-119.8869,39.115],[-119.8793,39.1083],[-119.91,39.101],[-119.9107,39.0922],[-119.9116,39.0897],[-119.9142,39.087],[-119.9181,39.0849],[-119.9248,39.0836],[-119.9417,39.0823],[-119.9425,39.0559],[-119.9439,39.0503],[-119.9449,39.0492],[-119.9472,39.0479],[-119.9482,39.0468],[-119.9494,39.0394],[-119.9489,39.0282],[-119.947,39.0033],[-119.9559,39.0025],[-119.9549,38.9985],[-119.9379,38.9792],[-119.9357,38.9741],[-119.9353,38.9716],[-119.9355,38.969],[-119.9369,38.9652],[-119.9395,38.961],[-119.943,38.957],[-119.9472,38.9536],[-119.9536,38.9504],[-119.9615,38.9479],[-119.9781,38.9434],[-119.9771,38.9364],[-119.9772,38.934],[-119.9781,38.9317],[-119.9813,38.928],[-119.9864,38.9244],[-120.0046,38.9135],[-119.999,38.9051],[-119.9981,38.9025],[-119.9982,38.9009],[-120.0002,38.8959],[-120.004,38.8772],[-120.0066,38.8691],[-120.0081,38.8673],[-120.0111,38.8647],[-120.0121,38.8634],[-120.0123,38.8621],[-120.0116,38.8583],[-120.012,38.8571],[-120.0132,38.8557],[-120.0151,38.8545],[-120.0224,38.851],[-120.0422,38.842],[-120.0321,38.8291],[-120.029,38.8232],[-120.0287,38.8196],[-120.03,38.8129],[-120.0328,38.8135],[-120.0338,38.814],[-120.035,38.8155],[-120.0383,38.8224],[-120.04,38.824],[-120.0422,38.8249],[-120.0448,38.8255],[-120.0476,38.8258],[-120.054,38.8254],[-120.064,38.8218],[-120.0886,38.8089],[-120.0997,38.8051],[-120.1078,38.8047],[-120.1229,38.8065],[-120.1203,38.812],[-120.1315,38.8099],[-120.1369,38.8079],[-120.1415,38.8037],[-120.1453,38.7979],[-120.1502,38.7919],[-120.158,38.7867],[-120.1998,38.7814],[-120.3273,38.7702],[-120.3804,38.7671],[-120.4192,38.7703],[-120.4601,38.773],[-120.5659,38.7613],[-120.7005,38.7442],[-120.8151,38.728],[-120.8605,38.7056],[-120.898,38.6815],[-120.9407,38.6605],[-121.0216,38.6531],[-121.1137,38.6498],[-121.1969,38.6423],[-121.2507,38.6151],[-121.3011,38.5848],[-121.3465,38.5613],[-121.3787,38.5556],[-121.4089,38.5519],[-121.4331,38.5505],[-121.4437,38.5535],[-121.4524,38.5578],[-121.4602,38.5605],[-121.4647,38.5601],[-121.4688,38.559],[-121.4736,38.5586],[-121.4862,38.5604],[-121.5012,38.5642],[-121.5134,38.5685],[-121.5183,38.5714],[-121.5258,38.5776],[-121.5355,38.5751],[-121.5456,38.5747],[-121.5555,38.575],[-121.5638,38.5755]]},"properties":{"id":"routes-and-regions-us-route-50","layer":"routes-and-regions","name":"US Route 50","sourceFolder":"Regions, travel routes, and significant pre-war roads"}},{"type":"Feature","id":"routes-and-regions-us-route-50-2","geometry":{"type":"LineString","coordinates":[[-112.1144,39.253],[-112.1038,39.2513],[-112.0401,39.1002],[-112.0363,39.078],[-112.0348,39.056],[-112.0281,39.0161],[-112.0232,38.9993],[-112.0046,38.9896],[-111.9359,38.9606],[-111.9165,38.9542],[-111.897,38.9542],[-111.8788,38.9562],[-111.8607,38.9588],[-111.8565,38.9336],[-111.8259,38.9342],[-111.7906,38.9325],[-111.7405,38.9221],[-111.6127,38.8915],[-111.5576,38.8766],[-111.5324,38.8497],[-111.484,38.7926],[-111.4615,38.7631],[-110.6891,38.8731],[-110.5238,38.9144],[-110.3701,38.9513],[-110.234,38.9822],[-110.1369,38.9632],[-110.0427,38.9406],[-109.9398,38.9196],[-109.8113,38.9223],[-109.521,38.932],[-109.3959,38.9378],[-109.3218,38.9982],[-109.2426,39.0652],[-109.1692,39.132],[-109.1034,39.1852],[-109.0588,39.1952],[-108.9314,39.2191],[-108.8987,39.2235],[-108.8808,39.2159],[-108.8468,39.1978],[-108.83,39.1883],[-108.8138,39.1783],[-108.8131,39.1964],[-108.7469,39.1649],[-108.6167,39.0991],[-108.5762,39.0767],[-108.5714,39.0689],[-108.5696,39.0549],[-108.5655,39.0484],[-108.549,39.0403],[-108.5259,39.0334],[-108.4992,39.025],[-108.4718,39.0127],[-108.4178,38.9616],[-108.3529,38.8916],[-108.2845,38.8234],[-108.2301,38.7717],[-108.19,38.7669],[-108.1116,38.7608],[-108.0721,38.7593],[-108.0723,38.7418],[-108.0694,38.732],[-108.0491,38.7102],[-108.0181,38.6848],[-107.9904,38.6565],[-107.9625,38.5964],[-107.9369,38.5389],[-107.9275,38.5269],[-107.8977,38.4972],[-107.8866,38.4888],[-107.8615,38.487],[-107.8305,38.4868],[-107.7966,38.4884],[-107.763,38.4895],[-107.7331,38.4877],[-107.6956,38.4725],[-107.6605,38.4534],[-107.6267,38.4393],[-107.6057,38.4374],[-107.5847,38.4387],[-107.5645,38.4393],[-107.5457,38.4372],[-107.5292,38.4279],[-107.5136,38.4157],[-107.4985,38.4027],[-107.4818,38.3931],[-107.4567,38.388],[-107.4302,38.3847],[-107.4035,38.3823],[-107.4008,38.4372],[-107.3457,38.4511],[-107.2872,38.4643],[-107.2346,38.4761],[-107.1968,38.4829],[-107.1866,38.4806],[-107.172,38.4726],[-107.1625,38.4702],[-107.1376,38.4729],[-107.072,38.4843],[-107.0403,38.4915],[-107.0192,38.5017],[-106.9996,38.5142],[-106.9564,38.5363],[-106.9332,38.5463],[-106.8675,38.527],[-106.5666,38.4306],[-106.467,38.3969],[-106.294,38.556],[-106.1468,38.5067],[-105.8507,38.4108],[-105.7227,38.3711],[-105.6202,38.3995],[-105.5169,38.4333],[-105.4056,38.466],[-105.2833,38.5002],[-104.9349,38.3984],[-104.4651,38.2586],[-103.9719,38.1081],[-103.5488,37.9835],[-103.1417,38.0242],[-102.7503,38.0648],[-102.4697,38.0956],[-102.3837,38.0795],[-102.3104,38.0626],[-102.2016,38.0596],[-102.0554,38.0547],[-100.0656,37.7548],[-100.0611,37.761],[-100.0572,37.7674],[-100.047,37.7791],[-100.0402,37.7841],[-100.0191,37.7857],[-99.9914,37.7857],[-99.9582,37.7839],[-99.9205,37.7825],[-99.8795,37.7841],[-99.5925,37.8576],[-99.2203,37.9489],[-98.5512,37.9822],[-97.8937,38.0117],[-97.3281,38.0273],[-97.3282,38.0461],[-97.3272,38.0557],[-97.324,38.0663],[-97.2979,38.0892],[-97.2224,38.1489],[-97.1894,38.1727],[-97.1624,38.1745],[-97.1356,38.1737],[-97.1066,38.1718],[-97.0727,38.1738],[-96.9402,38.2355],[-96.7678,38.322],[-96.603,38.399],[-96.4554,38.4044],[-96.3049,38.4066],[-96.1375,38.4109],[-95.8428,38.4685],[-95.5099,38.5355],[-95.21,38.5975],[-95.0848,38.6878],[-94.9623,38.7827],[-94.8458,38.8686],[-94.7476,38.9387],[-94.674,38.9391],[-94.4515,38.9354],[-94.4073,38.933],[-94.3992,38.9276],[-94.394,38.9218],[-94.3907,38.9153],[-94.3857,38.9089],[-94.3771,38.903],[-94.3012,38.8915],[-94.0621,38.8639],[-93.965,38.8497],[-93.9227,38.8276],[-93.889,38.8044],[-93.8393,38.778],[-93.3828,38.7209],[-92.7268,38.6445],[-92.2283,38.5821],[-92.1352,38.5484],[-92.0657,38.5182],[-91.9887,38.4906],[-91.8993,38.4871],[-91.7944,38.4869],[-91.687,38.486],[-91.59,38.484],[-91.5163,38.4809],[-91.4934,38.4621],[-91.4726,38.4428],[-91.4553,38.4217],[-91.4351,38.4029],[-91.4133,38.3852],[-91.3338,38.3917],[-90.9891,38.4274],[-90.9135,38.4368],[-90.8938,38.4443],[-90.8654,38.458],[-90.856,38.4644],[-90.8528,38.4687],[-90.8512,38.473],[-90.8488,38.4816],[-90.6976,38.4934],[-90.5584,38.5075],[-90.5246,38.5173],[-90.4936,38.5296],[-90.4343,38.5483],[-90.4069,38.5552],[-90.3725,38.541],[-90.2878,38.5013],[-90.2543,38.4822],[-90.2333,38.4739],[-90.2307,38.474],[-90.2287,38.4744],[-90.2272,38.4752],[-90.2239,38.4778],[-90.2182,38.4868],[-90.2128,38.5007],[-90.2057,38.5163],[-90.1958,38.5306],[-90.1619,38.5526],[-90.1206,38.5745],[-90.0918,38.5921],[-90.0877,38.5976],[-90.0856,38.6025],[-90.083,38.607],[-90.0761,38.6132],[-90.0685,38.6189],[-90.0137,38.6007],[-89.8757,38.5732],[-89.8719,38.585],[-89.3746,38.6252],[-89.3732,38.6102],[-88.6879,38.6306],[-87.6813,38.7314],[-87.4388,38.718],[-87.1907,38.6997],[-86.9596,38.6855],[-86.7692,38.6754],[-86.6832,38.7243],[-86.6024,38.7723],[-86.521,38.8246],[-86.4259,38.8788],[-86.0838,38.9443],[-85.6787,39.0198],[-85.3547,39.0785],[-85.2814,39.0633],[-85.214,39.0478],[-85.153,39.0304],[-85.0958,39.0173],[-85.0428,39.0068],[-84.9948,39.0335],[-84.8264,39.1345],[-84.7715,39.1693],[-84.6157,39.0751],[-84.5722,39.0953],[-84.5527,39.1017],[-84.5422,39.1026],[-84.523,39.1012],[-84.5219,39.0971],[-84.5101,39.0984],[-84.5048,39.0997],[-84.5011,39.1015],[-84.4944,39.1065],[-84.4797,39.12],[-84.4741,39.1231],[-84.4688,39.1243],[-84.4632,39.1247],[-84.4575,39.1243],[-84.4521,39.1232],[-84.4464,39.1206],[-84.4409,39.1168],[-84.4301,39.1083],[-84.424,39.1155],[-84.4182,39.1232],[-84.405,39.1366],[-84.3979,39.1411],[-84.3888,39.142],[-84.3785,39.1405],[-84.3676,39.1381],[-84.3568,39.1364],[-84.3468,39.1371],[-84.3366,39.1422],[-84.3269,39.1502],[-84.3176,39.1593],[-84.308,39.1669],[-84.2985,39.1715],[-84.2906,39.1716],[-84.2825,39.17],[-84.2742,39.1683],[-84.266,39.1657],[-84.2578,39.1636],[-84.2569,39.1524],[-84.2558,39.1488],[-84.2533,39.1452],[-84.2434,39.1395],[-84.1943,39.1203],[-84.1764,39.1151],[-84.1384,39.1196],[-84.0468,39.1343],[-84.0079,39.1423],[-83.9846,39.1559],[-83.9651,39.1707],[-83.9371,39.1859],[-83.7619,39.1984],[-83.509,39.214],[-83.256,39.228]]},"properties":{"id":"routes-and-regions-us-route-50-2","layer":"routes-and-regions","name":"US Route 50","sourceFolder":"Regions, travel routes, and significant pre-war roads"}},{"type":"Feature","id":"routes-and-regions-us-route-50-3","geometry":{"type":"LineString","coordinates":[[-112.2367,39.1444],[-112.2436,39.1374],[-112.2503,39.1299],[-112.265,39.1169],[-112.2729,39.1123],[-112.2852,39.1121],[-112.3306,39.1175],[-112.3443,39.1208],[-112.362,39.1308],[-112.3789,39.1425],[-112.3938,39.1549],[-112.4011,39.1711],[-112.4051,39.1893],[-112.4116,39.2102],[-112.4968,39.3533],[-112.5638,39.3524],[-112.5706,39.3527],[-112.5829,39.3538],[-112.5883,39.3536],[-112.5933,39.3524],[-112.5975,39.3493],[-112.6005,39.3447],[-112.6034,39.3395],[-112.6071,39.3347],[-112.6126,39.331],[-112.628,39.3292],[-112.6488,39.329],[-112.6962,39.331],[-112.7178,39.3298],[-112.7578,39.3195],[-112.8043,39.3038],[-113.1988,39.0733],[-113.2375,39.0577],[-113.338,39.0219],[-113.3663,39.0136],[-113.3948,39.0251],[-113.4268,39.0402],[-113.4596,39.0574],[-113.4908,39.0742],[-113.5201,39.0861],[-113.5519,39.0855],[-113.5844,39.0833],[-113.6156,39.0805],[-113.6437,39.0776],[-113.6768,39.0787],[-113.7096,39.0776],[-113.7472,39.0659],[-113.7901,39.0506],[-113.8387,39.0371],[-113.9431,39.0452],[-114.0676,39.0569],[-114.1793,39.0691],[-114.2467,39.1041],[-114.3099,39.1406],[-114.3578,39.1671],[-114.3737,39.1709],[-114.4004,39.1735],[-114.4084,39.1514],[-114.4179,39.129],[-114.4369,39.0862],[-114.4471,39.068],[-114.4713,39.0585],[-114.5564,39.0315],[-114.5751,39.0273],[-114.5844,39.0251],[-114.5869,39.025],[-114.5897,39.0254],[-114.5946,39.0276],[-114.5998,39.0313],[-114.6156,39.0449],[-114.6905,39.0193],[-114.718,39.0471],[-114.8141,39.1654],[-114.8546,39.2166],[-114.8688,39.2431],[-114.8739,39.2534],[-114.879,39.2512],[-114.8845,39.2492],[-114.8972,39.2463],[-114.9013,39.2459],[-114.9046,39.2461],[-114.9059,39.2466],[-114.9102,39.2505],[-114.9348,39.2624],[-114.9679,39.2813],[-115.0222,39.335],[-115.0735,39.3908],[-115.1065,39.4375],[-115.136,39.4361],[-115.1653,39.4336],[-115.1971,39.429],[-115.2498,39.4051],[-115.3105,39.3753],[-115.3701,39.3441],[-115.391,39.3599],[-115.4132,39.3752],[-115.4347,39.3897],[-115.4553,39.4014],[-115.4766,39.403],[-115.4987,39.403],[-115.5218,39.4015],[-115.5459,39.4014],[-115.588,39.4091],[-115.6336,39.4169],[-115.6805,39.4226],[-115.7434,39.4053],[-115.814,39.384],[-115.8838,39.3611],[-115.9015,39.3771],[-115.9195,39.3972],[-115.9324,39.4243],[-115.9468,39.4599],[-115.9812,39.533],[-115.9964,39.5604],[-116.0213,39.5663],[-116.1086,39.5811],[-116.1442,39.5855],[-116.3289,39.5466],[-116.562,39.4953],[-116.7319,39.4562],[-116.7584,39.4364],[-116.7764,39.4177],[-116.7951,39.4032],[-116.8164,39.3981],[-116.8384,39.3946],[-116.861,39.3926],[-116.8794,39.392],[-116.9175,39.3941],[-116.9379,39.3968],[-116.964,39.4127],[-116.9928,39.4354],[-117.0254,39.4592],[-117.0583,39.4819],[-117.089,39.5008],[-117.1317,39.4987],[-117.1801,39.4944],[-117.231,39.487],[-117.2823,39.4822],[-117.3307,39.4796],[-117.3787,39.4969],[-117.4813,39.5414],[-117.5311,39.5613],[-117.5751,39.577],[-117.6186,39.5611],[-117.7714,39.4989],[-117.8196,39.4775],[-117.8535,39.4428],[-117.8841,39.4034],[-117.9183,39.3653],[-117.9517,39.3283],[-117.9844,39.2949],[-118.0529,39.2883],[-118.3053,39.27],[-118.3799,39.2662],[-118.4501,39.298],[-118.5934,39.3668],[-118.6471,39.3945],[-118.6593,39.4152],[-118.6688,39.4348],[-118.6779,39.4539],[-118.6854,39.4737],[-118.7347,39.472],[-118.7863,39.4734],[-118.8605,39.4908],[-118.9408,39.5133],[-119.0341,39.5524],[-119.1232,39.5879],[-119.1824,39.5982],[-119.2274,39.6036],[-119.2437,39.6078],[-119.2511,39.6077]]},"properties":{"id":"routes-and-regions-us-route-50-3","layer":"routes-and-regions","name":"US Route 50","sourceFolder":"Regions, travel routes, and significant pre-war roads"}},{"type":"Feature","id":"routes-and-regions-us-route-50-4","geometry":{"type":"LineString","coordinates":[[-118.9408,39.5133],[-118.9684,39.5075],[-118.9969,39.5],[-119.0249,39.4893],[-119.0542,39.4763],[-119.0776,39.4639],[-119.0839,39.4576],[-119.0921,39.4447],[-119.0983,39.4399],[-119.1108,39.4368],[-119.1264,39.4353],[-119.1416,39.4347],[-119.1529,39.4335],[-119.1627,39.4301],[-119.1813,39.4271],[-119.1989,39.4248],[-119.2047,39.4237],[-119.2234,39.4169],[-119.2249,39.4162],[-119.4809,39.3229],[-119.5108,39.3078],[-119.5611,39.2791],[-119.5788,39.2669],[-119.5838,39.2584],[-119.5858,39.2496],[-119.5871,39.2414],[-119.5902,39.2346],[-119.5941,39.2306],[-119.5987,39.2271],[-119.6035,39.2244],[-119.6079,39.2226],[-119.6107,39.2221],[-119.6133,39.2219],[-119.6187,39.2222],[-119.6322,39.2236],[-119.639,39.2225],[-119.6466,39.2205],[-119.6652,39.2162],[-119.675,39.2133],[-119.6825,39.2095],[-119.6858,39.2054],[-119.6893,39.1957],[-119.6928,39.1914],[-119.702,39.1865],[-119.7143,39.1824],[-119.7406,39.1747]]},"properties":{"id":"routes-and-regions-us-route-50-4","layer":"routes-and-regions","name":"US Route 50","sourceFolder":"Regions, travel routes, and significant pre-war roads"}},{"type":"Feature","id":"routes-and-regions-us-route-62","geometry":{"type":"LineString","coordinates":[[-80.9946,38.1093],[-80.9895,38.094],[-80.9828,38.0791],[-80.977,38.0709],[-80.9698,38.0625],[-80.9627,38.0551],[-80.956,38.0505],[-80.9528,38.0495],[-80.944,38.0491],[-80.9403,38.0481],[-80.939,38.048],[-80.9368,38.0485],[-80.9295,38.0514],[-80.9234,38.0418],[-80.9221,38.0384],[-80.9199,38.0303],[-80.9182,38.0264],[-80.9155,38.0232],[-80.9106,38.0204],[-80.9044,38.0185],[-80.8902,38.015],[-80.8836,38.0123],[-80.8472,37.9853],[-80.8306,37.9783],[-80.8126,37.9726],[-80.7958,37.9689],[-80.7881,37.9683],[-80.7805,37.9686],[-80.7731,37.9691],[-80.7665,37.9698],[-80.761,37.9718],[-80.7573,37.9742],[-80.7543,37.9775],[-80.7517,37.9811],[-80.7498,37.9848],[-80.7486,37.9883],[-80.7483,37.9916],[-80.7503,38.0015],[-80.738,38.0045],[-80.736,37.997],[-80.7346,37.9932],[-80.7318,37.9893],[-80.7191,37.9814],[-80.6796,37.9644],[-80.6635,37.9542],[-80.6537,37.9418],[-80.6459,37.9273],[-80.6398,37.9143],[-80.6347,37.9066],[-80.6325,37.9052],[-80.6301,37.9048],[-80.6266,37.9052],[-80.6175,37.9073],[-80.6126,37.9074],[-80.605,37.9056],[-80.5966,37.9022],[-80.5882,37.898],[-80.5806,37.8933],[-80.5725,37.8854],[-80.5652,37.8762],[-80.5552,37.8678],[-80.5294,37.8585],[-80.4972,37.8508],[-80.4704,37.8423],[-80.4543,37.832],[-80.4405,37.822],[-80.4259,37.8143],[-80.4117,37.8088],[-80.4077,37.8082],[-80.3963,37.8079],[-80.3932,37.807],[-80.3906,37.8052],[-80.3883,37.8029],[-80.3865,37.8003],[-80.3836,37.7945],[-80.3821,37.7883],[-80.3815,37.7747],[-80.3493,37.7707],[-80.3341,37.7696],[-80.3218,37.7703],[-80.3159,37.7727],[-80.3112,37.776],[-80.3028,37.7834],[-80.2859,37.798]]},"properties":{"id":"routes-and-regions-us-route-62","layer":"routes-and-regions","name":"US Route 62","sourceFolder":"Regions, travel routes, and significant pre-war roads"}},{"type":"Feature","id":"routes-and-regions-us-route-66","geometry":{"type":"LineString","coordinates":[[-118.4864,34.0153],[-118.4914,34.0195],[-118.4794,34.0298],[-118.4677,34.0387],[-118.4597,34.0426],[-118.4525,34.0454],[-118.4442,34.0477],[-118.4379,34.0495],[-118.4345,34.0504],[-118.4121,34.0654],[-118.3913,34.0802],[-118.39,34.0809],[-118.3814,34.0867],[-118.3761,34.0896],[-118.3743,34.0905],[-118.3735,34.0907],[-118.3289,34.0908],[-118.3026,34.0906],[-118.2845,34.0909],[-118.2834,34.0912],[-118.2817,34.0923],[-118.2811,34.0925],[-118.2804,34.0925],[-118.2791,34.0911],[-118.277,34.09],[-118.2733,34.0835],[-118.271,34.0804],[-118.268,34.0785],[-118.2649,34.0775],[-118.2608,34.0782],[-118.257,34.0772],[-118.2549,34.0763],[-118.2516,34.074],[-118.2508,34.0726],[-118.2503,34.0675],[-118.2498,34.0661],[-118.2488,34.0648],[-118.2463,34.0626],[-118.245,34.0646],[-118.2305,34.0767],[-118.2101,34.0951],[-118.201,34.1015],[-118.1978,34.1024],[-118.195,34.1026],[-118.1923,34.1032],[-118.1896,34.1054],[-118.1872,34.1082],[-118.1841,34.1109],[-118.1745,34.1155],[-118.1637,34.1189],[-118.155,34.1198],[-118.1465,34.12],[-118.1476,34.1459],[-118.0889,34.1452],[-118.0706,34.1462],[-118.0669,34.1481],[-118.0608,34.1486],[-118.0443,34.1484],[-118.0413,34.1428],[-118.0401,34.1412],[-118.0384,34.14],[-118.0353,34.1391],[-118.0315,34.139],[-118.017,34.1398],[-117.9684,34.1411],[-117.9487,34.1396],[-117.9446,34.1378],[-117.9418,34.1356],[-117.938,34.1339],[-117.9261,34.1331],[-117.9113,34.1337],[-117.8989,34.1333],[-117.8859,34.1285],[-117.8253,34.1278],[-117.8064,34.1242],[-117.7887,34.1194],[-117.7719,34.1134],[-117.7493,34.1077],[-117.6173,34.1057],[-117.436,34.1051],[-117.332,34.1063],[-117.3286,34.1082],[-117.325,34.1086],[-117.3159,34.1088],[-117.3149,34.133],[-117.3171,34.1448],[-117.3244,34.1567],[-117.3341,34.1686],[-117.3459,34.1803],[-117.378,34.2031],[-117.4095,34.2227],[-117.4206,34.2297],[-117.4299,34.2367],[-117.4377,34.2444],[-117.4451,34.2531],[-117.4507,34.2624],[-117.4526,34.2706],[-117.4532,34.2882],[-117.4555,34.2953],[-117.4596,34.2993],[-117.4702,34.3052],[-117.4746,34.3087],[-117.4786,34.3144],[-117.4816,34.3207],[-117.4829,34.3268],[-117.4824,34.3315],[-117.4792,34.3404],[-117.4672,34.3403],[-117.4614,34.3406],[-117.456,34.3417],[-117.4512,34.3439],[-117.4472,34.3468],[-117.4374,34.3559],[-117.4145,34.3805],[-117.3125,34.5023],[-117.289,34.5333],[-117.2975,34.5525],[-117.3199,34.5932],[-117.3343,34.612],[-117.3429,34.6311],[-117.3428,34.6526],[-117.3387,34.6957],[-117.3347,34.7162],[-117.3089,34.7362],[-117.2433,34.7815],[-117.2101,34.8022],[-117.1838,34.8233],[-117.1569,34.8437],[-117.1311,34.8628],[-117.1066,34.8787],[-117.0814,34.8824],[-117.0298,34.8866],[-117.0082,34.8868],[-116.9869,34.8847],[-116.9681,34.8807],[-116.952,34.875],[-116.9303,34.8677],[-116.6719,34.8257],[-116.3802,34.7748],[-116.3281,34.7552],[-116.2868,34.736],[-116.2463,34.7217],[-116.2165,34.7209],[-116.1871,34.7249],[-116.1568,34.7257],[-116.1248,34.7249],[-116.074,34.6957],[-116.0149,34.6556],[-115.9497,34.6151],[-115.8864,34.5781],[-115.7997,34.5712],[-115.6075,34.5595],[-115.5129,34.5554],[-115.4051,34.6172],[-115.2804,34.6909],[-115.1576,34.7674],[-115.0488,34.8296],[-114.939,34.8494],[-114.8358,34.8665],[-114.7554,34.8782],[-114.739,34.8818],[-114.7251,34.8854],[-114.7009,34.8899],[-114.6888,34.8904],[-114.6742,34.8837],[-114.6254,34.8546],[-114.6137,34.8456],[-114.6034,34.8352],[-114.5961,34.8234],[-114.5905,34.8034],[-114.5857,34.7795],[-114.5775,34.758],[-114.5659,34.7475],[-114.5388,34.7279],[-114.5226,34.7185],[-114.4696,34.7192],[-114.3243,34.7255],[-114.2631,34.7298],[-114.2384,34.7449],[-114.1695,34.7931],[-114.1518,34.8076],[-114.1503,34.8249],[-114.1514,34.8625],[-114.154,34.8832],[-114.1546,34.9056],[-114.1428,34.9776],[-114.1272,35.059],[-114.1134,35.1205],[-114.1025,35.1356],[-114.0922,35.1473],[-114.0818,35.1564],[-114.0711,35.1629],[-114.0604,35.1682],[-114.0624,35.1893],[-114.0495,35.1862],[-114.0448,35.1856],[-114.0393,35.1866],[-114.0117,35.2115],[-113.8557,35.3665],[-113.8052,35.4192],[-113.695,35.3607],[-113.3224,35.5538],[-112.9849,35.3794],[-112.9276,35.3508],[-112.8686,35.3252],[-112.6852,35.2757],[-112.485,35.2252],[-112.3351,35.2355],[-112.1915,35.2485],[-112.068,35.2556],[-111.9464,35.2594],[-111.8087,35.2264],[-111.667,35.1889],[-111.664,35.1914],[-111.6625,35.1924],[-111.6586,35.1929],[-111.6574,35.1936],[-111.6551,35.1955],[-111.6529,35.1987],[-111.6396,35.1944],[-111.6353,35.1939],[-111.6313,35.1943],[-111.6273,35.1952],[-111.6235,35.1966],[-111.6203,35.1982],[-111.6178,35.2006],[-111.6159,35.2034],[-111.6133,35.2062],[-111.6031,35.2126],[-111.5916,35.2181],[-111.5868,35.22],[-111.5821,35.2214],[-111.5766,35.2223],[-111.5658,35.2224],[-111.5528,35.2211],[-111.5367,35.219],[-111.4517,35.2056],[-111.3574,35.1873],[-111.309,35.1671],[-111.2585,35.1469],[-111.144,35.1289],[-111.0168,35.1109],[-110.7897,35.0468],[-110.6566,35.0129],[-110.3344,34.9348],[-110.1779,34.8985],[-109.9795,34.9719],[-109.5208,35.1453],[-109.3456,35.2133],[-109.2382,35.2502],[-109.1437,35.286],[-109.0484,35.3578],[-108.9438,35.44],[-108.8485,35.51],[-108.762,35.5204],[-108.6751,35.5291],[-108.5834,35.5367],[-108.4378,35.4853],[-108.2697,35.4239],[-108.1124,35.3646],[-107.9613,35.2576],[-107.8268,35.1583],[-107.7309,35.1109],[-107.6373,35.0684],[-107.4866,35.0522],[-107.3352,35.0392],[-107.2868,35.0248],[-107.2425,35.0096],[-107.1972,34.996],[-107.1473,34.9828],[-107.0423,35.0061],[-106.9138,35.0388],[-106.7759,35.0728],[-106.6435,35.1026],[-106.4614,35.076],[-106.268,35.0459],[-106.0502,35.0104],[-105.4171,34.9765],[-104.7291,34.9429],[-104.2764,35.0207],[-103.8233,35.1035],[-103.4986,35.1588],[-103.4442,35.1448],[-103.4017,35.1305],[-103.3608,35.1173],[-103.3118,35.1049],[-103.1824,35.1361],[-103.0169,35.1805],[-102.836,35.2276],[-102.6614,35.2702],[-102.4007,35.2449],[-102.1234,35.2162],[-101.8388,35.1851],[-101.4731,35.1785],[-101.0968,35.1734],[-100.8459,35.1716],[-100.8139,35.1835],[-100.7915,35.1947],[-100.7676,35.2053],[-100.7093,35.2154],[-100.6522,35.2221],[-100.5891,35.2232],[-99.9917,35.2199],[-99.8925,35.2158],[-99.809,35.2154],[-99.7531,35.229],[-99.6976,35.2443],[-99.6538,35.258],[-99.6397,35.2689],[-99.6284,35.2796],[-99.6188,35.2911],[-99.6126,35.304],[-99.608,35.3178],[-99.5989,35.332],[-99.5705,35.3508],[-99.4946,35.3957],[-99.4636,35.412],[-99.4467,35.413],[-99.4308,35.4124],[-99.3998,35.4095],[-99.396,35.4193],[-99.3354,35.4191],[-99.2749,35.4206],[-99.2204,35.4235],[-99.1836,35.4413],[-99.1502,35.4632],[-99.1151,35.4801],[-99.0727,35.4816],[-99.0276,35.4815],[-98.9824,35.4798],[-98.9791,35.4898],[-98.9765,35.5],[-98.976,35.5115],[-98.9762,35.5232],[-98.7158,35.5222],[-98.7158,35.526],[-98.6941,35.5259],[-98.6941,35.5369],[-98.6559,35.5369],[-98.5021,35.5366],[-98.4561,35.5352],[-98.4068,35.5345],[-98.3623,35.5343],[-98.3305,35.5357],[-98.3225,35.5393],[-98.312,35.5483],[-98.3061,35.5514],[-98.2985,35.553],[-98.2903,35.5533],[-98.2819,35.5532],[-98.2736,35.5521],[-98.2634,35.5478],[-98.2533,35.5416],[-98.239,35.5364],[-98.1834,35.5351],[-98.1033,35.5363],[-98.0267,35.5392],[-97.9816,35.5378],[-97.9783,35.5364],[-97.9748,35.5333],[-97.9726,35.5323],[-97.9687,35.5317],[-97.9549,35.5323],[-97.9549,35.5314],[-97.9526,35.5314],[-97.9529,35.5254],[-97.9524,35.5222],[-97.95,35.5165],[-97.9483,35.5136],[-97.9463,35.511],[-97.9442,35.5092],[-97.9412,35.5081],[-97.9346,35.5078],[-97.8354,35.5059],[-97.7267,35.5072],[-97.6978,35.5152],[-97.672,35.5164],[-97.6474,35.5152],[-97.6281,35.5113],[-97.5992,35.5108],[-97.5657,35.5114],[-97.5658,35.4933],[-97.5258,35.4921],[-97.5146,35.4923],[-97.5074,35.4935],[-97.5052,35.4947],[-97.5035,35.4974],[-97.5025,35.5032],[-97.5035,35.5293],[-97.4951,35.5305],[-97.4864,35.5311],[-97.4699,35.5343],[-97.4625,35.5375],[-97.4551,35.5471],[-97.4328,35.5882],[-97.4278,35.6016],[-97.4233,35.6271],[-97.4215,35.6522],[-97.3735,35.6511],[-97.3523,35.6528],[-97.3388,35.6573],[-97.327,35.6631],[-97.3164,35.6668],[-97.3116,35.6674],[-97.307,35.6675],[-97.3028,35.6671],[-97.2991,35.6662],[-97.297,35.6649],[-97.2919,35.6598],[-97.2894,35.6586],[-97.2826,35.6579],[-97.2638,35.6594],[-97.2551,35.6607],[-97.2493,35.6624],[-97.2481,35.6631],[-97.2463,35.6658],[-97.245,35.6666],[-97.2296,35.668],[-97.203,35.6676],[-97.1725,35.6665],[-97.1457,35.6661],[-97.13,35.6678],[-97.1284,35.6688],[-97.1261,35.6722],[-97.125,35.673],[-97.1231,35.6734],[-97.1158,35.6733],[-97.113,35.6735],[-97.1004,35.6771],[-97.0845,35.6811],[-97.0653,35.6817],[-97.0189,35.6802],[-97.0036,35.6819],[-97.0008,35.6836],[-96.9976,35.6879],[-96.995,35.6897],[-96.9872,35.6919],[-96.9769,35.6933],[-96.953,35.6949],[-96.8812,35.696],[-96.8815,35.7034],[-96.8809,35.7055],[-96.8791,35.7079],[-96.8777,35.7088],[-96.8756,35.7097],[-96.8581,35.7113],[-96.8295,35.7113],[-96.7656,35.7098],[-96.7658,35.7145],[-96.6441,35.7628],[-96.5318,35.8039],[-96.4944,35.8107],[-96.457,35.8146],[-96.4256,35.8175],[-96.4064,35.8211],[-96.4041,35.8224],[-96.4025,35.8236],[-96.4005,35.8261],[-96.3999,35.8276],[-96.3994,35.8307],[-96.3918,35.8307],[-96.3917,35.8355],[-96.3912,35.8401],[-96.3883,35.8447],[-96.387,35.8476],[-96.3873,35.854],[-96.389,35.8622],[-96.3903,35.8709],[-96.3894,35.8785],[-96.3865,35.8838],[-96.3722,35.898],[-96.3665,35.9009],[-96.3602,35.9022],[-96.3528,35.9023],[-96.3384,35.9011],[-96.3329,35.901],[-96.3285,35.9016],[-96.3242,35.9027],[-96.2957,35.9138],[-96.2779,35.9221],[-96.2688,35.925],[-96.2618,35.9254],[-96.2475,35.9243],[-96.2403,35.9256],[-96.2295,35.9333],[-96.2054,35.9558],[-96.1972,35.9659],[-96.1942,35.9729],[-96.1929,35.9794],[-96.1912,35.9845],[-96.1889,35.9875],[-96.1876,35.9886],[-96.1858,35.9895],[-96.1821,35.9903],[-96.1668,35.9904],[-96.1434,35.9915],[-96.1334,35.993],[-96.1294,35.9947],[-96.1263,35.9967],[-96.1226,35.9983],[-96.1154,35.9991],[-96.0988,35.9991],[-96.0986,36.0098],[-96.1013,36.0205],[-96.1018,36.026],[-96.1019,36.032],[-96.1008,36.0378],[-96.0974,36.0434],[-96.0928,36.0489],[-96.0893,36.0545],[-96.0877,36.0635],[-96.0872,36.0727],[-96.0782,36.0757],[-96.0695,36.078],[-96.0572,36.0785],[-96.0543,36.0792],[-96.0526,36.08],[-96.0464,36.0848],[-96.0297,36.1],[-96.0238,36.1043],[-96.0202,36.1047],[-96.0172,36.1064],[-96.011,36.1117],[-96.008,36.1154],[-96.007,36.1177],[-96.0065,36.1228],[-96.0074,36.1357],[-96.0068,36.1405],[-96.0045,36.1438],[-96.0025,36.145],[-96.0014,36.1453],[-95.996,36.1449],[-95.9833,36.1481],[-95.8896,36.1493],[-95.7619,36.1477],[-95.7626,36.1603],[-95.7618,36.1658],[-95.7602,36.1688],[-95.7543,36.1749],[-95.6222,36.3],[-95.5635,36.3767],[-95.4978,36.4595],[-95.4368,36.5332],[-95.3736,36.5664],[-95.3117,36.5971],[-95.25,36.6258],[-95.1653,36.6273],[-95.0734,36.6271],[-94.9815,36.6253],[-94.9832,36.6493],[-94.983,36.6726],[-94.9808,36.6825],[-94.9724,36.6897],[-94.9607,36.6957],[-94.9475,36.7009],[-94.9361,36.7078],[-94.9266,36.7156],[-94.9247,36.733],[-94.9248,36.755],[-94.9276,36.7789],[-94.9292,36.8019],[-94.9273,36.8212],[-94.9187,36.8333],[-94.8886,36.8664],[-94.882,36.8709],[-94.88,36.8713],[-94.8775,36.8709],[-94.8795,36.9024],[-94.8781,36.9166],[-94.8742,36.9261],[-94.8633,36.9433],[-94.7938,36.9435],[-94.7908,36.9539],[-94.7876,36.9594],[-94.7781,36.9667],[-94.7642,36.9742],[-94.7508,36.9826],[-94.7411,36.9915],[-94.7388,37.0011],[-94.7385,37.0116],[-94.7399,37.0329],[-94.742,37.0647],[-94.7412,37.0714],[-94.74,37.074],[-94.7378,37.0753],[-94.7121,37.0778],[-94.6014,37.0815],[-94.4775,37.0841],[-94.4752,37.1464],[-94.4379,37.1489],[-94.4372,37.1664],[-94.3641,37.1826],[-94.274,37.1987],[-93.8047,37.1974],[-93.3145,37.1993],[-93.2193,37.2212],[-93.1404,37.2407],[-93.0673,37.2605],[-93.0165,37.3007],[-92.966,37.343],[-92.9108,37.3915],[-92.825,37.4864],[-92.7262,37.5924],[-92.6306,37.6921],[-92.4864,37.7341],[-92.3319,37.7772],[-92.172,37.8202],[-91.6268,37.9979],[-91.4601,38.0731],[-91.2967,38.1486],[-91.1708,38.2086],[-91.1425,38.2403],[-91.1225,38.2688],[-91.096,38.3003],[-91.0297,38.346],[-90.8665,38.4533],[-90.81,38.4884],[-90.79,38.488],[-90.7717,38.4862],[-90.7403,38.4814],[-90.7072,38.4822],[-90.7047,38.4868],[-90.7029,38.4914],[-90.7003,38.4959],[-90.6973,38.5005],[-90.692,38.5048],[-90.6638,38.5112],[-90.5715,38.5269],[-90.5193,38.5346],[-90.4713,38.5422],[-90.3558,38.5658],[-90.2567,38.5892],[-90.237,38.5972],[-90.2058,38.6132],[-90.1929,38.6169],[-90.1877,38.6165],[-90.1833,38.615],[-90.1791,38.6132],[-90.1746,38.6118],[-90.1694,38.6118],[-90.1567,38.6174],[-90.1413,38.6275],[-90.1248,38.64],[-90.1074,38.6513],[-90.0909,38.6593],[-90.0669,38.6617],[-90.0424,38.6623],[-90.0178,38.6618],[-90.0144,38.6758],[-90.0124,38.6823],[-90.0095,38.687],[-90.0073,38.6887],[-90.0049,38.6899],[-89.999,38.6913],[-89.9945,38.6915],[-89.9833,38.6904],[-89.9778,38.6902],[-89.9729,38.6911],[-89.969,38.6936],[-89.9595,38.7052],[-89.9552,38.7085],[-89.9431,38.7129],[-89.914,38.7192],[-89.9037,38.7693],[-89.8897,38.8171],[-89.8649,38.8548],[-89.8379,38.8888],[-89.7969,38.9357],[-89.7595,38.9636],[-89.7535,38.9698],[-89.7518,38.9701],[-89.7507,39.0322],[-89.7526,39.0624],[-89.7515,39.0732],[-89.7492,39.0777],[-89.7476,39.0794],[-89.7453,39.081],[-89.7391,39.0834],[-89.722,39.087],[-89.7153,39.089],[-89.7108,39.0911],[-89.7069,39.094],[-89.6931,39.11],[-89.6796,39.1287],[-89.6712,39.1403],[-89.6684,39.1466],[-89.6677,39.1569],[-89.6687,39.1686],[-89.6678,39.1809],[-89.6554,39.204],[-89.6412,39.2355],[-89.6427,39.4612],[-89.6482,39.6734],[-89.6433,39.7005],[-89.6444,39.748],[-89.6485,39.7656],[-89.6477,39.8097],[-89.6434,39.8096],[-89.6438,39.8161],[-89.6433,39.823],[-89.6412,39.8304],[-89.6377,39.8384],[-89.6331,39.8457],[-89.6284,39.8498],[-89.6172,39.8571],[-89.6136,39.861],[-89.613,39.8645],[-89.615,39.872],[-89.6141,39.8772],[-89.5497,39.9527],[-89.4497,40.064],[-89.3886,40.1309],[-89.3873,40.1333],[-89.3869,40.1355],[-89.3869,40.1602],[-89.3862,40.1647],[-89.3828,40.1651],[-89.378,40.1647],[-89.3711,40.1636],[-89.3629,40.1628],[-89.3543,40.1625],[-89.3459,40.1638],[-89.3309,40.1741],[-89.2922,40.2069],[-89.2743,40.2232],[-89.2614,40.2355],[-89.2531,40.2431],[-89.2458,40.2489],[-89.2394,40.2522],[-89.2324,40.255],[-89.2267,40.2585],[-89.2238,40.2624],[-89.222,40.2668],[-89.2183,40.2725],[-89.1584,40.3257],[-89.0852,40.3867],[-89.0404,40.4243],[-89.0273,40.4382],[-89.0253,40.4424],[-89.0241,40.4495],[-89.0183,40.4495],[-89.0147,40.4501],[-89.0132,40.4512],[-89.0095,40.4561],[-89.0074,40.4574],[-88.999,40.4586],[-88.9754,40.4585],[-88.9661,40.4601],[-88.9615,40.4624],[-88.958,40.4654],[-88.955,40.4689],[-88.9526,40.4733],[-88.9518,40.4844],[-88.9543,40.4986],[-88.9541,40.5143],[-88.9517,40.5298],[-88.9175,40.555],[-88.8696,40.5875],[-88.8231,40.6171],[-88.795,40.6357],[-88.7928,40.6387],[-88.7919,40.6411],[-88.7905,40.6434],[-88.7789,40.6518],[-88.7535,40.6889],[-88.7311,40.7289],[-88.7293,40.7353],[-88.7287,40.7406],[-88.727,40.7451],[-88.724,40.7481],[-88.7202,40.7505],[-88.7158,40.7544],[-88.679,40.8095],[-88.6451,40.8675],[-88.6441,40.8729],[-88.6446,40.8812],[-88.6434,40.885],[-88.6399,40.8885],[-88.6293,40.8947],[-88.623,40.8992],[-88.5755,40.947],[-88.5336,40.9944],[-88.5314,40.9996],[-88.5306,41.0037],[-88.5287,41.0074],[-88.5246,41.0106],[-88.5193,41.0133],[-88.513,41.0171],[-88.4909,41.0348],[-88.4643,41.0591],[-88.4448,41.0795],[-88.4427,41.0843],[-88.442,41.0931],[-88.4413,41.097],[-88.4389,41.1006],[-88.4333,41.1042],[-88.4257,41.1068],[-88.4077,41.1119],[-88.3986,41.116],[-88.3569,41.1471],[-88.3214,41.178],[-88.3183,41.1824],[-88.3148,41.1897],[-88.3122,41.1927],[-88.3083,41.1947],[-88.299,41.1975],[-88.2948,41.1992],[-88.29,41.2024],[-88.2845,41.207],[-88.2355,41.2443],[-88.1914,41.2804],[-88.1892,41.2833],[-88.1886,41.2855],[-88.1922,41.3215],[-88.202,41.5524],[-88.2024,41.6123],[-88.1633,41.6351],[-88.0301,41.706],[-87.9918,41.7244],[-87.899,41.7644],[-87.8582,41.7832],[-87.8362,41.795],[-87.8208,41.8043],[-87.8193,41.8061],[-87.8193,41.8077],[-87.8193,41.8116],[-87.819,41.8127],[-87.8176,41.8133],[-87.8139,41.8134],[-87.8116,41.8136],[-87.8089,41.8145],[-87.8033,41.8171],[-87.8024,41.818],[-87.8027,41.8237],[-87.7455,41.8438],[-87.7133,41.8541],[-87.6862,41.8646],[-87.6816,41.8681],[-87.6753,41.8751],[-87.6707,41.8776],[-87.6599,41.8794],[-87.6463,41.8794],[-87.6174,41.8784]]},"properties":{"id":"routes-and-regions-us-route-66","layer":"routes-and-regions","name":"US Route 66","sourceFolder":"Regions, travel routes, and significant pre-war roads"}},{"type":"Feature","id":"routes-and-regions-us-route-89","geometry":{"type":"LineString","coordinates":[[-111.3447,47.4854],[-111.345,47.5103],[-111.3916,47.5288],[-111.4389,47.5452],[-111.4717,47.5527],[-111.5051,47.5587],[-111.5357,47.5625],[-111.5592,47.5586],[-111.5814,47.5518],[-111.6049,47.5461],[-111.6342,47.5428],[-111.6653,47.541],[-111.6987,47.5408],[-111.7543,47.5568],[-111.8162,47.5799],[-111.873,47.5967],[-111.9245,47.5993],[-111.9732,47.5985],[-111.9837,47.612],[-111.9871,47.6195],[-111.9868,47.6308],[-111.9801,47.6559],[-112.0009,47.661],[-112.0131,47.6661],[-112.0647,47.7066],[-112.1341,47.7645],[-112.1902,47.8139],[-112.2059,47.8281],[-112.2194,47.8411],[-112.2314,47.8517],[-112.2426,47.8588],[-112.2479,47.8606],[-112.2625,47.8625],[-112.2627,47.8834],[-112.2667,47.9067],[-112.3079,47.9723],[-112.3469,48.0297],[-112.349,48.0349],[-112.3497,48.0386],[-112.3493,48.043],[-112.3449,48.0538],[-112.3291,48.0791],[-112.3474,48.0892],[-112.3514,48.0928],[-112.3526,48.0959],[-112.3525,48.1023],[-112.3535,48.1057],[-112.3586,48.1126],[-112.3662,48.1199],[-112.3754,48.1272],[-112.3994,48.1422],[-112.4263,48.1552],[-112.4394,48.1589],[-112.4523,48.1615],[-112.4647,48.1657],[-112.4803,48.1756],[-112.4955,48.1876],[-112.5057,48.1982],[-112.5072,48.2027],[-112.5072,48.2068],[-112.5084,48.2112],[-112.5153,48.2181],[-112.5248,48.2256],[-112.5331,48.2353],[-112.5391,48.26],[-112.5412,48.291],[-112.5484,48.3207],[-112.5653,48.3445],[-112.5847,48.3679],[-112.6089,48.3937],[-112.7216,48.4391],[-112.8624,48.4933],[-112.9645,48.5308],[-112.9788,48.5347],[-113.0002,48.5395],[-113.0064,48.5417],[-113.0087,48.5433],[-113.0097,48.5453],[-113.0103,48.5484],[-113.0101,48.556],[-113.0693,48.5581],[-113.0942,48.5567],[-113.1053,48.5533],[-113.1144,48.5489],[-113.1264,48.5451],[-113.1644,48.542],[-113.2617,48.5399],[-113.2728,48.5573],[-113.2775,48.5657],[-113.2792,48.5733],[-113.2778,48.5771],[-113.2715,48.5835],[-113.2689,48.5869],[-113.2682,48.591],[-113.277,48.6023],[-113.2926,48.6173],[-113.3109,48.634],[-113.3295,48.6494],[-113.3424,48.6623],[-113.3459,48.6682],[-113.3494,48.6789],[-113.3518,48.6836],[-113.3561,48.6877],[-113.3656,48.6912],[-113.3784,48.6932],[-113.3924,48.6948],[-113.4053,48.6973],[-113.4152,48.7013],[-113.4204,48.7084],[-113.4307,48.7358],[-113.4313,48.7439],[-113.4282,48.751],[-113.4167,48.7638],[-113.4124,48.7704],[-113.4095,48.78],[-113.4082,48.7898],[-113.4089,48.7989],[-113.4119,48.8052],[-113.4162,48.811],[-113.4192,48.8172],[-113.4192,48.8237],[-113.4163,48.8376],[-113.4174,48.8435],[-113.4211,48.8473],[-113.4322,48.8535],[-113.4364,48.8575],[-113.4392,48.8656],[-113.4399,48.8754],[-113.4386,48.8949],[-113.438,48.9036],[-113.4365,48.9116],[-113.4328,48.92],[-113.4213,48.9319],[-113.4057,48.9444],[-113.393,48.9574],[-113.3845,48.9775],[-113.3789,48.9981]]},"properties":{"id":"routes-and-regions-us-route-89","layer":"routes-and-regions","name":"US Route 89","sourceFolder":"Regions, travel routes, and significant pre-war roads"}},{"type":"Feature","id":"routes-and-regions-us-route-89-2","geometry":{"type":"LineString","coordinates":[[-110.8585,44.6455],[-110.8614,44.6299],[-110.8615,44.625],[-110.86,44.6206],[-110.8562,44.617],[-110.8505,44.6141],[-110.8382,44.6085],[-110.8339,44.605],[-110.8317,44.5997],[-110.8314,44.5876],[-110.8298,44.5815],[-110.8185,44.5664],[-110.8044,44.5511],[-110.8128,44.5396],[-110.8178,44.535],[-110.8234,44.5325],[-110.8357,44.5291],[-110.8249,44.5192],[-110.8578,44.4707],[-110.8148,44.4522],[-110.7726,44.4358],[-110.7546,44.4306],[-110.7409,44.4332],[-110.7132,44.4419],[-110.6859,44.4522],[-110.6809,44.4408],[-110.6784,44.4372],[-110.6742,44.4338],[-110.6597,44.4291],[-110.6159,44.4201],[-110.5684,44.4121],[-110.5821,44.3584],[-110.5986,44.3109],[-110.6356,44.2716],[-110.6541,44.2171],[-110.6707,44.153],[-110.6774,44.1236],[-110.6915,44.0317],[-110.6926,44.0095],[-110.6836,44.0003],[-110.6728,43.9921],[-110.649,43.9783],[-110.6405,43.9699],[-110.6363,43.9565],[-110.6366,43.9417],[-110.635,43.9266],[-110.6302,43.9121],[-110.6062,43.8963],[-110.5428,43.86],[-110.5099,43.8431],[-110.5154,43.8266],[-110.5219,43.8101],[-110.5288,43.7943],[-110.5373,43.7802],[-110.5568,43.7715],[-110.5811,43.7656],[-110.606,43.7577],[-110.63,43.7474],[-110.6538,43.7056],[-110.711,43.5937],[-110.7324,43.5472],[-110.7407,43.5265],[-110.7476,43.5078],[-110.7546,43.4919],[-110.7624,43.4796],[-110.7699,43.4748],[-110.7781,43.4718],[-110.7868,43.4695],[-110.7952,43.4668],[-110.7743,43.4383],[-110.7535,43.4082],[-110.7349,43.3804],[-110.7224,43.358],[-110.7229,43.348],[-110.7275,43.3306],[-110.732,43.3225],[-110.742,43.3155],[-110.7715,43.3036],[-110.7849,43.2965],[-110.7952,43.289],[-110.7961,43.2766],[-110.7928,43.2458],[-110.7872,43.2137],[-111.0234,43.1796],[-111.0214,43.0656],[-111.0152,42.9569],[-110.9808,42.8771],[-110.9451,42.8009],[-110.9318,42.7236],[-110.923,42.6463],[-110.9194,42.6083],[-110.9166,42.5327],[-110.9175,42.4966],[-110.9638,42.4597],[-111.0792,42.3734],[-111.1345,42.3344],[-111.219,42.3155],[-111.3062,42.2978],[-111.394,42.2816],[-111.4061,42.0293],[-111.3991,41.944],[-111.4554,41.9225],[-111.5186,41.9613],[-111.5268,41.9573],[-111.5352,41.9536],[-111.5431,41.9491],[-111.5501,41.9429],[-111.5569,41.9256],[-111.5592,41.9026],[-111.565,41.8778],[-111.5735,41.854],[-111.6082,41.828],[-111.6935,41.7694],[-111.73,41.7465],[-111.757,41.7431],[-111.8094,41.7398],[-111.8358,41.7393],[-111.836,41.7253],[-111.8385,41.7168],[-111.8644,41.6849],[-111.903,41.642],[-111.9429,41.5998],[-111.9827,41.6029],[-111.9561,41.5573],[-111.9446,41.5358],[-111.9381,41.5192],[-111.9389,41.5131],[-111.9413,41.508],[-111.947,41.4986],[-111.9712,41.5002],[-111.9829,41.5006],[-111.993,41.4996],[-111.9994,41.4978],[-112.005,41.4953],[-112.01,41.4922],[-112.015,41.4883],[-112.0239,41.4792],[-112.032,41.4677],[-112.039,41.4543],[-112.0397,41.4242],[-112.038,41.3874],[-112.0341,41.3517],[-112.0139,41.3186],[-111.9879,41.2864],[-111.9702,41.2583],[-111.9681,41.2442],[-111.9702,41.2187],[-111.9712,41.2097],[-111.9729,41.2002],[-111.9735,41.182],[-111.9716,41.1742],[-111.9638,41.1678],[-111.9529,41.1618],[-111.9291,41.1513],[-111.9205,41.146],[-111.9147,41.1405],[-111.9108,41.1351],[-111.9078,41.1277],[-111.9059,41.095],[-111.9064,41.0523],[-111.9088,41.0215],[-111.9103,41.017],[-111.912,41.0138],[-111.9126,41.0101],[-111.9099,41.0027],[-111.9001,40.9861],[-111.8951,40.976],[-111.8913,40.9644],[-111.8904,40.9345],[-111.8919,40.9027],[-111.8906,40.8781],[-111.8923,40.8666],[-111.8991,40.8542],[-111.9085,40.8421],[-111.915,40.8318],[-111.9163,40.8197],[-111.9191,40.8151],[-111.9193,40.8105],[-111.9188,40.8079],[-111.9178,40.8055],[-111.915,40.8027],[-111.9069,40.7972],[-111.9037,40.7946],[-111.9,40.7897],[-111.8988,40.7868],[-111.8982,40.7792],[-111.8996,40.7607],[-111.8883,40.7606],[-111.8877,40.6321],[-111.8912,40.6043],[-111.8915,40.5325],[-111.8894,40.5051],[-111.8909,40.4933],[-111.8964,40.4841],[-111.9038,40.4758],[-111.9093,40.4678],[-111.9124,40.4606],[-111.913,40.4571],[-111.9133,40.4534],[-111.9119,40.4493],[-111.8974,40.4372],[-111.8228,40.3858],[-111.8065,40.3768],[-111.8026,40.3762],[-111.7964,40.3768],[-111.794,40.3767],[-111.7901,40.375],[-111.7628,40.3689],[-111.7512,40.3653],[-111.7491,40.3637],[-111.7464,40.3606],[-111.7439,40.3598],[-111.7411,40.3593],[-111.7381,40.3583],[-111.7316,40.3535],[-111.7243,40.3467],[-111.7175,40.3392],[-111.7078,40.325],[-111.699,40.3091],[-111.6895,40.2861],[-111.6801,40.2651],[-111.6755,40.2596],[-111.6708,40.2552],[-111.6674,40.2504],[-111.6664,40.2439],[-111.6677,40.2298],[-111.6469,40.2298],[-111.6386,40.2174],[-111.6299,40.2067],[-111.6253,40.2036],[-111.6205,40.2012],[-111.6165,40.1986],[-111.6143,40.1959],[-111.6126,40.193],[-111.6114,40.1899],[-111.6103,40.1844],[-111.61,40.1781],[-111.6112,40.1623],[-111.6105,40.1557],[-111.609,40.1533],[-111.6049,40.1494],[-111.5995,40.1422],[-111.5975,40.1376],[-111.597,40.1276],[-111.5983,40.1156],[-111.598,40.1045],[-111.5958,40.0966],[-111.5926,40.0893],[-111.5875,40.0821],[-111.5769,40.073],[-111.5631,40.0641],[-111.5486,40.054],[-111.5188,40.0266],[-111.4904,40.003],[-111.4792,39.9983],[-111.4686,39.9952],[-111.4886,39.9933],[-111.4951,39.9921],[-111.5014,39.9894],[-111.5103,39.9799],[-111.5399,39.9369],[-111.5467,39.9236],[-111.5476,39.9073],[-111.5465,39.8914],[-111.5432,39.8746],[-111.5254,39.8406],[-111.502,39.8008],[-111.4781,39.7447],[-111.453,39.6798],[-111.4334,39.6233],[-111.4398,39.592],[-111.4478,39.5631],[-111.4581,39.5333],[-111.5066,39.4783],[-111.5611,39.4188],[-111.6017,39.3347],[-111.6386,39.2529],[-111.6516,39.2329],[-111.6918,39.1807],[-111.7047,39.1671],[-111.7242,39.1632],[-111.7687,39.158],[-111.7919,39.1558],[-111.8146,39.1543],[-111.8427,39.0477],[-111.8613,38.9624],[-111.8606,38.9549],[-111.8564,38.9436],[-111.8553,38.9387],[-111.8565,38.9336],[-111.8624,38.9276],[-111.8807,38.9155],[-111.9039,38.9023],[-111.9595,38.8749],[-112.0254,38.8382],[-112.1012,38.7619],[-112.1884,38.6709],[-112.2555,38.5982],[-112.2632,38.5691],[-112.268,38.544],[-112.2706,38.5198],[-112.2591,38.4959],[-112.2412,38.4725],[-112.2266,38.4434],[-112.2243,38.3999],[-112.2234,38.2326],[-112.2252,38.1913],[-112.2437,38.177],[-112.263,38.1643],[-112.2844,38.1531],[-112.3058,38.1403],[-112.3269,38.1244],[-112.3532,38.0597],[-112.4152,37.8934],[-112.4367,37.8299],[-112.4265,37.8099],[-112.4152,37.7919],[-112.4006,37.7758],[-112.3894,37.758],[-112.3794,37.7384],[-112.402,37.6905],[-112.5075,37.4865],[-112.5419,37.4242],[-112.6234,37.3072],[-112.681,37.2234],[-112.6839,37.2134],[-112.6848,37.2056],[-112.6763,37.2044],[-112.6736,37.2034],[-112.6704,37.2009],[-112.6644,37.1938],[-112.6597,37.19],[-112.6421,37.183],[-112.6181,37.175],[-112.5934,37.165],[-112.572,37.1546],[-112.5634,37.1362],[-112.5558,37.1137],[-112.5511,37.0894],[-112.5433,37.0672],[-112.5349,37.0494],[-112.5188,37.0428],[-112.4619,37.0257],[-112.4402,37.0209],[-112.3715,37.0258],[-112.2906,37.0334],[-112.2118,37.0425],[-112.1426,37.0864],[-112.0687,37.1356],[-111.9961,37.186],[-111.9783,37.128],[-111.8942,37.1175],[-111.7267,37.0935],[-111.6583,37.082],[-111.6272,37.0574],[-111.598,37.0321],[-111.5704,37.0076],[-111.5457,36.9844],[-111.4702,36.9328],[-111.4964,36.8579],[-111.5269,36.7831],[-111.552,36.7525],[-111.581,36.7215],[-111.6347,36.6577],[-111.6573,36.6278],[-111.6268,36.5733],[-111.4939,36.3523],[-111.4582,36.2965],[-111.4107,36.2442],[-111.3895,36.2167],[-111.3832,36.1437],[-111.3779,36.0527],[-111.3739,35.9513],[-111.4225,35.8071],[-111.4878,35.6326],[-111.5443,35.4709],[-111.578,35.3684],[-111.5696,35.3538],[-111.5611,35.342],[-111.5512,35.3323],[-111.5437,35.3214],[-111.5407,35.3079],[-111.5385,35.2796],[-111.5396,35.2676],[-111.5459,35.2595],[-111.5544,35.2521],[-111.5637,35.2455],[-111.5712,35.2387],[-111.5786,35.2275],[-111.5847,35.2165]]},"properties":{"id":"routes-and-regions-us-route-89-2","layer":"routes-and-regions","name":"US Route 89","sourceFolder":"Regions, travel routes, and significant pre-war roads"}},{"type":"Feature","id":"routes-and-regions-us-route-89-3","geometry":{"type":"LineString","coordinates":[[-110.8585,44.6455],[-110.8519,44.6469],[-110.8469,44.6495],[-110.8458,44.6497],[-110.8418,44.6486],[-110.837,44.6493],[-110.8236,44.6527],[-110.817,44.6535],[-110.8097,44.6526],[-110.8025,44.6507],[-110.7951,44.6492],[-110.7831,44.6488],[-110.771,44.6489],[-110.7695,44.6586],[-110.7458,44.6568],[-110.7461,44.6677],[-110.7471,44.6794],[-110.7468,44.6907],[-110.7465,44.7007],[-110.7439,44.7083],[-110.7406,44.7116],[-110.7361,44.7141],[-110.7316,44.7163],[-110.7269,44.7179],[-110.7226,44.7188],[-110.7199,44.7188],[-110.7121,44.717],[-110.7096,44.717],[-110.7065,44.718],[-110.7033,44.7194],[-110.7003,44.7213],[-110.6979,44.7234],[-110.6962,44.7256],[-110.6954,44.728],[-110.6953,44.7307],[-110.6958,44.7336],[-110.6968,44.7362],[-110.6983,44.7383],[-110.6999,44.7395],[-110.7071,44.7417],[-110.7096,44.7429],[-110.7212,44.7512],[-110.7318,44.7619],[-110.7379,44.7739],[-110.7414,44.7858],[-110.7437,44.7939],[-110.7442,44.7977],[-110.7435,44.8014],[-110.7404,44.8054],[-110.7303,44.8132],[-110.727,44.8182],[-110.7274,44.83],[-110.7371,44.8595],[-110.7389,44.8714],[-110.7368,44.8773],[-110.7336,44.8822],[-110.7311,44.8879],[-110.7314,44.9009],[-110.7336,44.9163],[-110.7324,44.9307],[-110.7259,44.9421],[-110.707,44.9633],[-110.7025,44.96],[-110.7028,44.9723],[-110.702,44.9753],[-110.7013,44.9762],[-110.6984,44.9779],[-110.6979,44.9787],[-110.6981,44.982],[-110.7045,44.9965],[-110.7052,45.001],[-110.7039,45.005],[-110.6988,45.0124],[-110.6977,45.0163],[-110.6981,45.0205],[-110.6995,45.0249],[-110.7021,45.0293],[-110.7059,45.0335],[-110.7164,45.0391],[-110.7466,45.0496],[-110.7589,45.0567],[-110.7666,45.0671],[-110.7723,45.0791],[-110.7769,45.092],[-110.783,45.1047],[-110.7917,45.1195],[-110.8028,45.1345],[-110.8136,45.1489],[-110.8249,45.1604],[-110.8376,45.1654],[-110.8662,45.1701],[-110.8777,45.174],[-110.8839,45.1778],[-110.897,45.192],[-110.899,45.1972],[-110.8961,45.2054],[-110.8898,45.2149],[-110.882,45.2252],[-110.8738,45.2349],[-110.8681,45.2437],[-110.8659,45.2524],[-110.8652,45.2605],[-110.8613,45.2693],[-110.8392,45.2879],[-110.8076,45.3092],[-110.7768,45.3316],[-110.7504,45.3591],[-110.7243,45.3876],[-110.6992,45.4102],[-110.6874,45.4152],[-110.6748,45.4182],[-110.6624,45.4204],[-110.6513,45.424],[-110.6415,45.429],[-110.6352,45.4411],[-110.6247,45.4727],[-110.6207,45.4899],[-110.6161,45.5061],[-110.5852,45.5782],[-110.5814,45.5832],[-110.5741,45.5908],[-110.5722,45.595],[-110.5726,45.6003],[-110.5776,45.6118],[-110.579,45.6181],[-110.5768,45.6369],[-110.5719,45.6529],[-110.5696,45.6568],[-110.5677,45.6586],[-110.5614,45.6628],[-110.5525,45.6676],[-110.5417,45.6729],[-110.4552,45.7068]]},"properties":{"id":"routes-and-regions-us-route-89-3","layer":"routes-and-regions","name":"US Route 89","sourceFolder":"Regions, travel routes, and significant pre-war roads"}},{"type":"Feature","id":"routes-and-regions-us-route-89-4","geometry":{"type":"LineString","coordinates":[[-110.4552,45.7068],[-110.4605,45.7107],[-110.4659,45.7153],[-110.4758,45.7285],[-110.4851,45.7417],[-110.4928,45.75],[-110.4978,45.7633],[-110.5031,45.781],[-110.5119,45.7965],[-110.5252,45.8059],[-110.5414,45.8136],[-110.5568,45.8229],[-110.5794,45.8454],[-110.6032,45.8755],[-110.6671,45.9864],[-110.7317,46.1074],[-110.736,46.1441],[-110.7332,46.1796],[-110.7349,46.2114],[-110.7386,46.2377],[-110.7513,46.2478],[-110.7661,46.2569],[-110.7832,46.2641],[-110.7976,46.2723],[-110.8086,46.2814],[-110.8102,46.2944],[-110.8086,46.3093],[-110.8038,46.3249],[-110.8029,46.3404],[-110.8045,46.3544],[-110.8204,46.367],[-110.841,46.38],[-110.8655,46.392],[-110.8869,46.4059],[-110.9047,46.4198],[-110.9069,46.4474],[-110.9066,46.5129],[-110.9041,46.5455],[-110.8941,46.5475],[-110.8837,46.5491],[-110.8645,46.5537],[-110.8567,46.5573],[-110.8513,46.5648],[-110.8393,46.5946],[-110.8381,46.6036],[-110.8396,46.6135],[-110.8434,46.6226],[-110.8484,46.6324],[-110.858,46.6458],[-110.8692,46.6603],[-110.8773,46.6767],[-110.8747,46.7054],[-110.8687,46.7388],[-110.8607,46.772],[-110.7104,46.7636],[-110.7029,46.7948],[-110.6948,46.8259],[-110.6856,46.8496],[-110.6792,46.8567],[-110.665,46.8669],[-110.6771,46.8889],[-110.6925,46.9101],[-110.7069,46.9203],[-110.7246,46.9295],[-110.7415,46.9396],[-110.7557,46.9509],[-110.7625,46.9682],[-110.7669,46.9878],[-110.7695,47.0083],[-110.7756,47.0277],[-110.7943,47.0522],[-110.8166,47.0761],[-110.8319,47.0988],[-110.8326,47.1098],[-110.8297,47.1209],[-110.826,47.1316],[-110.8249,47.1416],[-110.8264,47.1502],[-110.8352,47.1563],[-110.8597,47.1677],[-110.8733,47.1727],[-110.8854,47.1778],[-110.9057,47.1866],[-110.9232,47.1961],[-110.9294,47.2016],[-110.931,47.2093],[-110.9277,47.2375],[-110.9246,47.2468],[-110.9162,47.2618],[-110.9053,47.2766],[-110.8978,47.292],[-110.8973,47.3058],[-110.9024,47.3343],[-110.9022,47.3436],[-110.9011,47.3454],[-110.8967,47.3491],[-110.9071,47.3632],[-110.9141,47.3694],[-110.9226,47.3731],[-110.9431,47.3788],[-110.9512,47.3833],[-110.9561,47.3918],[-110.9595,47.4136],[-110.9651,47.423],[-110.9773,47.4296],[-111.009,47.4418],[-111.0281,47.4476],[-111.1792,47.4861],[-111.2011,47.4915],[-111.2217,47.4949],[-111.2628,47.4963],[-111.3038,47.4944],[-111.3252,47.4904],[-111.3447,47.4854]]},"properties":{"id":"routes-and-regions-us-route-89-4","layer":"routes-and-regions","name":"US Route 89","sourceFolder":"Regions, travel routes, and significant pre-war roads"}},{"type":"Feature","id":"routes-and-regions-us-route-93","geometry":{"type":"LineString","coordinates":[[-114.913,35.969],[-114.9011,35.9678],[-114.8946,35.9675],[-114.888,35.9671],[-114.8809,35.9668]]},"properties":{"id":"routes-and-regions-us-route-93","layer":"routes-and-regions","name":"US Route 93","sourceFolder":"Regions, travel routes, and significant pre-war roads"}},{"type":"Feature","id":"routes-and-regions-us-route-93-2","geometry":{"type":"LineString","coordinates":[[-113.6967,35.1592],[-113.6935,35.1541],[-113.6901,35.1495],[-113.687,35.1471],[-113.6836,35.145],[-113.6763,35.1411],[-113.6733,35.1389],[-113.6706,35.1363],[-113.6684,35.1328],[-113.6669,35.1293],[-113.6664,35.1245],[-113.6635,34.9981],[-113.6661,34.9846],[-113.6694,34.9736],[-113.6707,34.9629],[-113.668,34.9521],[-113.6633,34.9415],[-113.6597,34.9311],[-113.6573,34.9032],[-113.6407,34.8614],[-113.625,34.8193],[-113.6251,34.8036],[-113.6257,34.7894],[-113.6147,34.7522],[-113.6149,34.7205],[-113.612,34.7025],[-113.5867,34.6728],[-113.5172,34.5982],[-113.4918,34.5737],[-113.4829,34.5709],[-113.4668,34.5705],[-113.4588,34.568],[-113.4467,34.5561],[-113.4351,34.5387],[-113.4217,34.5197],[-113.4053,34.5024],[-113.3607,34.4821],[-113.3068,34.4633],[-113.2528,34.439],[-113.1914,34.3773],[-113.1248,34.3075],[-113.0743,34.2519],[-113.069,34.2359],[-113.0688,34.222],[-113.0662,34.2085],[-113.0606,34.1929],[-112.9957,34.1493],[-112.9006,34.0883],[-112.746,33.9911],[-112.735,33.9801],[-112.7276,33.9711]]},"properties":{"id":"routes-and-regions-us-route-93-2","layer":"routes-and-regions","name":"US Route 93","sourceFolder":"Regions, travel routes, and significant pre-war roads"}},{"type":"Feature","id":"routes-and-regions-us-route-93-3","geometry":{"type":"LineString","coordinates":[[-114.8739,39.2534],[-114.8662,39.2553],[-114.8622,39.2566],[-114.858,39.2593],[-114.8425,39.2831],[-114.7951,39.369],[-114.7698,39.4188],[-114.7502,39.6514],[-114.7314,39.8851],[-114.6981,39.9532],[-114.6668,40.0131],[-114.6435,40.0535],[-114.6339,40.0601],[-114.6154,40.0673],[-114.6567,40.1628],[-114.849,40.4393],[-114.9071,40.492],[-114.9588,40.5437],[-114.9804,40.5936],[-115.0243,40.7069],[-115.0412,40.7563],[-115.0246,40.7916],[-115.0058,40.8269],[-114.9828,40.8612],[-114.9655,40.8977],[-114.9625,41.0058],[-114.9639,41.0891],[-114.9616,41.0954],[-114.9575,41.1008],[-114.9198,41.1374],[-114.8753,41.1786],[-114.8578,41.1953],[-114.8437,41.2137],[-114.8295,41.2706],[-114.8128,41.3329],[-114.7969,41.3529],[-114.7784,41.3708],[-114.7621,41.3901],[-114.7469,41.4112],[-114.7615,41.4666],[-114.8099,41.6111],[-114.8253,41.6688],[-114.8093,41.6938],[-114.7924,41.7167],[-114.7732,41.7393],[-114.7539,41.7652],[-114.711,41.8692],[-114.6715,41.9759],[-114.6737,42.0128],[-114.6823,42.048],[-114.6863,42.082],[-114.688,42.1146],[-114.6648,42.1439],[-114.6358,42.1732],[-114.6062,42.2048],[-114.5781,42.2397],[-114.575,42.3432],[-114.5739,42.4682],[-114.575,42.5928],[-114.5495,42.5924],[-114.5217,42.5914],[-114.495,42.5912],[-114.4731,42.5912],[-114.4596,42.5928],[-114.4565,42.5944],[-114.4541,42.5982],[-114.4494,42.6139],[-114.4457,42.6375],[-114.4431,42.6611],[-114.4431,42.6935],[-114.4425,42.7231],[-114.4328,42.7539],[-114.4345,42.8145],[-114.4335,42.8793],[-114.4215,42.9092],[-114.4066,42.9361],[-114.3753,42.9355],[-114.359,42.936],[-114.3403,42.9382],[-114.2899,42.9672],[-114.1487,43.0542],[-114.0835,43.0965],[-114.0309,43.1558],[-113.9812,43.2148],[-113.9445,43.2612],[-113.9428,43.2809],[-113.9435,43.2981],[-113.9459,43.3152],[-113.8405,43.3441],[-113.7359,43.3744],[-113.6396,43.4041],[-113.5803,43.4575],[-113.5251,43.5149],[-113.4707,43.5635],[-113.4349,43.5767],[-113.3961,43.5892],[-113.3576,43.5986],[-113.3262,43.608],[-113.3059,43.6162],[-113.3026,43.6203],[-113.3013,43.6244],[-113.3001,43.6366]]},"properties":{"id":"routes-and-regions-us-route-93-3","layer":"routes-and-regions","name":"US Route 93","sourceFolder":"Regions, travel routes, and significant pre-war roads"}},{"type":"Feature","id":"routes-and-regions-us-route-93-4","geometry":{"type":"LineString","coordinates":[[-114.6154,40.0673],[-114.5302,40.1169],[-114.4601,40.1614],[-114.4474,40.1753],[-114.438,40.1879],[-114.4313,40.2002],[-114.4307,40.2069],[-114.4342,40.2203],[-114.4345,40.2273],[-114.4327,40.2348],[-114.4136,40.2508],[-114.3224,40.3165],[-114.296,40.3333],[-114.2801,40.3385],[-114.2493,40.3434],[-114.2353,40.347],[-114.2219,40.3521],[-114.211,40.3686],[-114.1756,40.4368],[-114.1642,40.463],[-114.1431,40.5416],[-114.1211,40.6297],[-114.1007,40.6968],[-114.0851,40.7136],[-114.0704,40.7266],[-114.0547,40.739]]},"properties":{"id":"routes-and-regions-us-route-93-4","layer":"routes-and-regions","name":"US Route 93","sourceFolder":"Regions, travel routes, and significant pre-war roads"}},{"type":"Feature","id":"routes-and-regions-us-route-93-5","geometry":{"type":"LineString","coordinates":[[-113.3001,43.6366],[-113.3376,43.6966],[-113.4166,43.815],[-113.4485,43.859],[-113.4777,43.8686],[-113.5055,43.8761],[-113.5361,43.881],[-113.5694,43.8917],[-113.7171,43.9935],[-113.8908,44.118],[-113.9653,44.2097],[-114.0426,44.3135],[-114.1137,44.405],[-114.162,44.463],[-114.1764,44.4684],[-114.1896,44.4708],[-114.2015,44.4721],[-114.2115,44.4758],[-114.2181,44.483],[-114.2286,44.5009],[-114.2321,44.511],[-114.2273,44.529],[-114.2095,44.5736],[-114.1977,44.5971],[-114.1643,44.622],[-114.0743,44.6785],[-114.0334,44.7062],[-114.0031,44.7289],[-114.0019,44.7463],[-114.0029,44.7646],[-114.0056,44.7823],[-114.0094,44.7981],[-114.0079,44.8108],[-114.0024,44.8171],[-113.9869,44.8258],[-113.9791,44.8332],[-113.9541,44.9015],[-113.921,45.001],[-113.8919,45.0956],[-113.8903,45.2071],[-113.8931,45.2949],[-113.8991,45.3138],[-113.9089,45.3302],[-113.9281,45.3478],[-113.9544,45.3675],[-113.9789,45.389],[-113.9981,45.4083],[-113.999,45.427],[-113.9961,45.4656],[-113.9926,45.4816],[-113.9806,45.4907],[-113.9651,45.4983],[-113.9492,45.5051],[-113.9377,45.5133],[-113.9335,45.5206],[-113.9276,45.5445],[-113.9281,45.5518],[-113.9332,45.5589],[-113.9417,45.5652],[-113.9516,45.5715],[-113.961,45.5784],[-113.9679,45.5864],[-113.9721,45.6029],[-113.9763,45.6411],[-113.9758,45.6572],[-113.9684,45.6667],[-113.9583,45.675],[-113.9474,45.6827],[-113.9388,45.6913],[-113.9327,45.7011],[-113.9248,45.7222],[-113.9236,45.7315],[-113.9278,45.7388],[-113.943,45.7519],[-113.9491,45.7598],[-113.9515,45.7731],[-113.9506,45.7883],[-113.9528,45.8044],[-113.9573,45.8206],[-113.9904,45.8445],[-114.0345,45.8732],[-114.0827,45.9007],[-114.12,45.9268],[-114.1397,45.9505],[-114.1558,45.9729],[-114.1695,45.9955],[-114.17,46.0235],[-114.164,46.0832],[-114.1763,46.1793],[-114.1759,46.1895],[-114.1749,46.1935],[-114.1729,46.1971],[-114.1702,46.1994],[-114.1627,46.2026],[-114.1591,46.2047],[-114.1564,46.2076],[-114.155,46.2174],[-114.1562,46.2308],[-114.162,46.2635],[-114.1632,46.2806],[-114.144,46.4162],[-114.1014,46.5514],[-114.084,46.5989],[-114.0719,46.6453],[-114.0771,46.7067],[-114.0828,46.7555],[-114.0818,46.7587],[-114.0773,46.7653],[-114.0774,46.7677],[-114.0807,46.7719],[-114.0871,46.7764],[-114.0946,46.781],[-114.1012,46.7858],[-114.1048,46.7907],[-114.1054,46.7954],[-114.0994,46.8103],[-114.0952,46.8147],[-114.0838,46.8208],[-114.0686,46.8264],[-114.0355,46.8368],[-114.0344,46.8529],[-114.034,46.8697],[-114.0348,46.9013],[-114.0375,46.9142],[-114.0523,46.9219],[-114.0907,46.9368],[-114.1114,46.9442],[-114.1316,46.9509]]},"properties":{"id":"routes-and-regions-us-route-93-5","layer":"routes-and-regions","name":"US Route 93","sourceFolder":"Regions, travel routes, and significant pre-war roads"}},{"type":"Feature","id":"routes-and-regions-us-route-93-6","geometry":{"type":"LineString","coordinates":[[-114.1316,46.9509],[-114.1329,46.9636],[-114.1321,46.9694],[-114.1303,46.9722],[-114.1249,46.9772],[-114.1232,46.9801],[-114.1235,46.9849],[-114.1275,46.9961],[-114.1277,47.0017],[-114.1235,47.0107],[-114.1164,47.0198],[-114.1081,47.0272],[-114.1025,47.0299],[-114.0902,47.0336],[-114.0851,47.0366],[-114.0811,47.0429],[-114.0769,47.0593],[-114.0727,47.066],[-114.0662,47.07],[-114.0499,47.0757],[-114.0443,47.0791],[-114.0419,47.0824],[-114.0408,47.0859],[-114.0401,47.0943],[-114.0387,47.1075],[-114.0399,47.1237],[-114.0436,47.142],[-114.0809,47.182],[-114.1313,47.2322],[-114.1836,47.2814],[-114.1652,47.2892],[-114.1474,47.2976],[-114.1125,47.3151],[-114.0964,47.3252],[-114.0935,47.3598],[-114.0911,47.5032],[-114.093,47.5315],[-114.0977,47.5363],[-114.1091,47.5414],[-114.1136,47.5459],[-114.1164,47.5687],[-114.1177,47.6352],[-114.1157,47.6593],[-114.1106,47.6696],[-114.1047,47.6778],[-114.122,47.6893],[-114.1281,47.6918],[-114.1337,47.6927],[-114.1499,47.6928],[-114.1562,47.6942],[-114.1647,47.6943],[-114.1712,47.6954],[-114.1751,47.6969],[-114.1917,47.7077],[-114.2128,47.7245],[-114.2311,47.7416],[-114.2359,47.764],[-114.2379,47.8043],[-114.2393,47.8071],[-114.2414,47.8089],[-114.2444,47.81],[-114.2482,47.811],[-114.2563,47.8118],[-114.2607,47.8116],[-114.265,47.8109],[-114.2689,47.8096],[-114.2722,47.8075],[-114.2751,47.8048],[-114.2783,47.8025],[-114.2826,47.8006],[-114.2874,47.799],[-114.2925,47.798],[-114.3006,47.7973],[-114.3048,47.7973],[-114.3089,47.7978],[-114.3123,47.7988],[-114.3153,47.8011],[-114.3213,47.8117],[-114.3244,47.8145],[-114.3305,47.8167],[-114.3378,47.818],[-114.3533,47.82],[-114.3509,47.832],[-114.3289,47.8372],[-114.3085,47.841],[-114.2968,47.841],[-114.286,47.8403],[-114.2853,47.8684],[-114.2521,47.8722],[-114.2368,47.8743],[-114.2256,47.8771],[-114.2198,47.88],[-114.2178,47.8816],[-114.2162,47.8834],[-114.2153,47.8853],[-114.2153,47.8884],[-114.2166,47.8919],[-114.2228,47.9033],[-114.1741,47.9198],[-114.2037,47.9716],[-114.2256,48.0166],[-114.2268,48.0283],[-114.226,48.0383],[-114.2276,48.0468],[-114.2325,48.0521],[-114.2389,48.0565],[-114.2438,48.0612],[-114.2459,48.0663],[-114.2476,48.077],[-114.2273,48.0807],[-114.2883,48.1492],[-114.3109,48.1867],[-114.3308,48.2288],[-114.3347,48.3146],[-114.334,48.4098],[-114.4431,48.398],[-114.5063,48.4749],[-114.5393,48.517],[-114.5775,48.5618],[-114.6148,48.6022],[-114.658,48.6226],[-114.7041,48.6396],[-114.7549,48.6621],[-114.8273,48.7139],[-114.999,48.8422],[-115.0625,48.892],[-115.0633,48.9205],[-115.0601,48.974],[-115.056,49.0007]]},"properties":{"id":"routes-and-regions-us-route-93-6","layer":"routes-and-regions","name":"US Route 93","sourceFolder":"Regions, travel routes, and significant pre-war roads"}},{"type":"Feature","id":"routes-and-regions-us-route-93-7","geometry":{"type":"LineString","coordinates":[[-114.066,35.1908],[-114.0893,35.2002],[-114.112,35.2116],[-114.1337,35.2291],[-114.1588,35.2545],[-114.4143,35.6115],[-114.542,35.808],[-114.5538,35.8235],[-114.5638,35.8354],[-114.5734,35.8438],[-114.5789,35.8462],[-114.5844,35.8473],[-114.5899,35.8498],[-114.6011,35.8606],[-114.6132,35.8754],[-114.6223,35.8896],[-114.6266,35.9026],[-114.6299,35.9156],[-114.6379,35.9335],[-114.6461,35.9482],[-114.6486,35.9511],[-114.6515,35.9534],[-114.6614,35.9598],[-114.6735,35.9667],[-114.6978,35.9791],[-114.711,35.9849],[-114.7139,35.9865],[-114.7167,35.9908],[-114.7224,36.002],[-114.7253,36.0059],[-114.7277,36.0081],[-114.7355,36.0135],[-114.7369,36.0146],[-114.7369,36.0149],[-114.7368,36.0151],[-114.7368,36.0155],[-114.7369,36.0158],[-114.737,36.016],[-114.7371,36.0162],[-114.7374,36.0164],[-114.7377,36.0166],[-114.7381,36.0167],[-114.7384,36.0168],[-114.7387,36.0167],[-114.739,36.0166],[-114.7393,36.0165],[-114.7396,36.0163],[-114.741,36.0152],[-114.7419,36.0145],[-114.7429,36.0142],[-114.7444,36.0141],[-114.7464,36.0147],[-114.7484,36.0152],[-114.7514,36.0154],[-114.7538,36.0152],[-114.758,36.0138],[-114.7612,36.0114],[-114.7632,36.0104],[-114.7653,36.0098],[-114.7703,36.011],[-114.776,36.011],[-114.7904,36.0082],[-114.7976,36.0092],[-114.8,36.009],[-114.8046,36.0081],[-114.8144,36.0063],[-114.816,36.0056],[-114.8175,36.0044],[-114.8286,35.9908],[-114.8324,35.9884],[-114.8408,35.9844],[-114.8435,35.9825],[-114.8442,35.9813],[-114.8449,35.978],[-114.8466,35.9752],[-114.8464,35.9741],[-114.8481,35.9727],[-114.8519,35.9706],[-114.8549,35.9696],[-114.859,35.9687],[-114.8683,35.9677],[-114.8809,35.9668],[-114.888,35.9671],[-114.8946,35.9674],[-114.9013,35.9679],[-114.913,35.969]]},"properties":{"id":"routes-and-regions-us-route-93-7","layer":"routes-and-regions","name":"US Route 93","sourceFolder":"Regions, travel routes, and significant pre-war roads"}},{"type":"Feature","id":"routes-and-regions-us-route-93-8","geometry":{"type":"LineString","coordinates":[[-114.8922,36.3803],[-114.9426,36.4206],[-114.9582,36.4353],[-114.96,36.4377],[-114.9608,36.4397],[-114.9611,36.4424],[-114.959,36.4599],[-114.9529,36.4851],[-114.9457,36.5108],[-114.9307,36.5499],[-114.9182,36.5883],[-114.9168,36.6146],[-114.9196,36.6461],[-114.9836,37.0123],[-114.9863,37.06],[-114.9918,37.0953],[-115.0005,37.1353],[-115.0097,37.1684],[-115.0222,37.1813],[-115.0355,37.1922],[-115.0502,37.2023],[-115.0831,37.2235],[-115.0996,37.2373],[-115.1209,37.2742],[-115.1443,37.3192],[-115.1648,37.363],[-115.1964,37.4666],[-115.204,37.4836],[-115.2124,37.5001],[-115.2192,37.5143],[-115.2215,37.5245],[-115.221,37.5269],[-115.2199,37.5287],[-115.2164,37.5321],[-115.2109,37.5369],[-115.2034,37.5424],[-115.1953,37.5476],[-115.1872,37.5506],[-115.181,37.5506],[-115.1682,37.5473],[-115.1601,37.5474],[-115.1295,37.5602],[-115.0888,37.5836],[-115.0434,37.6054],[-115.0052,37.6218],[-114.9804,37.6207],[-114.9564,37.6181],[-114.9322,37.6139],[-114.9064,37.611],[-114.8571,37.6135],[-114.8044,37.6178],[-114.758,37.6186],[-114.7315,37.6115],[-114.7082,37.6017],[-114.6853,37.5957],[-114.6685,37.5964],[-114.6351,37.601],[-114.6221,37.6044],[-114.6157,37.6092],[-114.611,37.615],[-114.6029,37.6273],[-114.5679,37.6255],[-114.5516,37.6241],[-114.539,37.6213],[-114.5341,37.6186],[-114.5304,37.6153],[-114.5239,37.6085],[-114.5163,37.6122],[-114.5119,37.6156],[-114.4819,37.6609],[-114.4387,37.7314],[-114.4043,37.7912],[-114.4086,37.8208],[-114.4162,37.8481],[-114.4215,37.8712],[-114.42,37.8786],[-114.4135,37.8913],[-114.4117,37.8974],[-114.4119,37.9037],[-114.4193,37.9118],[-114.4302,37.9204],[-114.4433,37.9299],[-114.4583,37.9397],[-114.4723,37.9514],[-114.5084,37.9925],[-114.5486,38.0417],[-114.5863,38.0909],[-114.5884,38.1574],[-114.5861,38.2299],[-114.5863,38.2992],[-114.6162,38.3845],[-114.6468,38.4628],[-114.6544,38.5173],[-114.6577,38.5703],[-114.6444,38.6385],[-114.6275,38.7033],[-114.5989,38.7379],[-114.5681,38.7729],[-114.5522,38.8089],[-114.5203,38.8922],[-114.5087,38.928],[-114.517,38.9486],[-114.5474,39.0083],[-114.5554,39.0196],[-114.559,39.0215],[-114.5628,39.0224],[-114.5697,39.0233],[-114.5721,39.0241],[-114.5734,39.0251],[-114.5751,39.0273]]},"properties":{"id":"routes-and-regions-us-route-93-8","layer":"routes-and-regions","name":"US Route 93","sourceFolder":"Regions, travel routes, and significant pre-war roads"}},{"type":"Feature","id":"routes-and-regions-us-route-95","geometry":{"type":"LineString","coordinates":[[-115.9968,36.5984],[-115.9843,36.6005],[-115.969,36.6012],[-115.8974,36.5834],[-115.8128,36.5648],[-115.7532,36.5703],[-115.6984,36.577],[-115.6723,36.5744],[-115.6476,36.5704],[-115.6201,36.5643],[-115.564,36.534],[-115.4985,36.4962],[-115.4471,36.4645],[-115.4353,36.4489],[-115.4288,36.434],[-115.419,36.4184],[-115.3697,36.3755],[-115.3239,36.3391],[-115.312,36.3261],[-115.1738,36.1752],[-115.1666,36.176],[-115.1553,36.1744],[-115.1451,36.1754],[-115.1434,36.1751],[-115.1403,36.1741],[-115.1313,36.1704],[-115.1277,36.169],[-115.1237,36.168],[-115.1051,36.1679],[-115.0998,36.1672],[-115.0975,36.1666],[-115.0955,36.1657],[-115.0931,36.1633],[-115.0915,36.1598],[-115.0911,36.1519],[-115.0918,36.1419],[-115.0911,36.1331],[-115.0886,36.1287],[-115.0854,36.125],[-115.0829,36.1208],[-115.082,36.1142],[-115.0821,36.1069],[-115.0816,36.1009],[-115.0798,36.0965],[-115.0782,36.0946],[-115.0748,36.0922],[-115.0703,36.0901],[-115.0658,36.0884],[-115.0577,36.0871],[-115.0535,36.0859],[-115.0473,36.0818],[-115.0409,36.0762],[-115.0353,36.0699],[-115.0283,36.0572],[-115.0225,36.0448],[-115.0141,36.0336],[-114.9887,36.0105],[-114.9842,36.0043],[-114.9822,36.0028],[-114.9784,36.0013],[-114.9736,36.0003],[-114.9635,35.9991],[-114.9572,35.9992],[-114.9508,35.9997],[-114.9446,35.9994],[-114.9391,35.9979],[-114.9338,35.9957],[-114.9289,35.9928],[-114.9239,35.9887],[-114.9194,35.9839],[-114.916,35.9792],[-114.9146,35.9758],[-114.913,35.969]]},"properties":{"id":"routes-and-regions-us-route-95","layer":"routes-and-regions","name":"US Route 95","sourceFolder":"Regions, travel routes, and significant pre-war roads"}},{"type":"Feature","id":"routes-and-regions-us-route-95-2","geometry":{"type":"LineString","coordinates":[[-114.8946,35.968],[-114.8946,35.9675],[-114.8946,35.9672],[-114.8948,35.9656],[-114.8953,35.9642],[-114.9016,35.9521],[-114.9092,35.9388],[-114.9173,35.9214],[-114.9279,35.8772],[-114.9371,35.8284],[-114.9519,35.7606],[-114.9578,35.7335],[-114.9608,35.7193],[-114.9613,35.7152],[-114.9596,35.6711],[-114.9588,35.667],[-114.9571,35.663],[-114.9293,35.6252],[-114.9163,35.6025],[-114.9131,35.5842],[-114.9122,35.566],[-114.9128,35.5478],[-114.9142,35.5191],[-114.9176,35.4954],[-114.9227,35.4838],[-114.924,35.4783],[-114.9244,35.4735],[-114.9241,35.4714],[-114.9234,35.4697],[-114.92,35.4652],[-114.9185,35.4594],[-114.915,35.4519],[-114.8538,35.1922]]},"properties":{"id":"routes-and-regions-us-route-95-2","layer":"routes-and-regions","name":"US Route 95","sourceFolder":"Regions, travel routes, and significant pre-war roads"}},{"type":"Feature","id":"routes-and-regions-us-route-95-3","geometry":{"type":"LineString","coordinates":[[-118.8105,38.9402],[-118.8462,38.9643],[-118.8601,38.9763],[-118.8658,38.9851],[-118.8694,38.9939],[-118.8738,39.0019],[-118.8815,39.0104],[-118.8917,39.0182],[-118.9166,39.0309],[-118.9438,39.0411],[-118.9567,39.0449],[-118.9627,39.0461],[-118.9685,39.0468],[-118.9741,39.0465],[-118.9789,39.0447],[-118.9833,39.0417],[-118.9922,39.035],[-118.9974,39.0326],[-119.01,39.0313],[-119.0242,39.0317],[-119.0389,39.0301],[-119.0594,39.0204],[-119.0808,39.0069],[-119.1025,38.9974],[-119.1179,38.9959],[-119.1345,38.9966],[-119.1492,38.9977],[-119.1589,38.9972],[-119.1604,38.9964],[-119.1622,38.9945],[-119.1635,38.9938],[-119.1672,38.9933],[-119.182,38.9939],[-119.1817,38.9982],[-119.183,39.0105],[-119.1813,39.0269],[-119.181,39.1282],[-119.1811,39.1392],[-119.1823,39.1468],[-119.1841,39.1509],[-119.1897,39.1573],[-119.1975,39.1643],[-119.2042,39.1722],[-119.2101,39.1893],[-119.2156,39.2079],[-119.2237,39.221],[-119.2331,39.2342],[-119.2393,39.2461],[-119.2404,39.2519],[-119.2405,39.2574],[-119.24,39.2623],[-119.2387,39.2661],[-119.2377,39.2674],[-119.2351,39.2692],[-119.2341,39.2703],[-119.2331,39.273],[-119.233,39.2758],[-119.2339,39.2777],[-119.2357,39.2796],[-119.2441,39.2851],[-119.2481,39.2883],[-119.2507,39.292],[-119.2526,39.2961],[-119.2539,39.3001],[-119.2551,39.3059],[-119.2548,39.3091],[-119.2518,39.3153],[-119.2468,39.3224],[-119.242,39.3314],[-119.2314,39.3768],[-119.2244,39.4199],[-119.2231,39.4276],[-119.2228,39.4333],[-119.2252,39.4397],[-119.2248,39.4505],[-119.223,39.4604],[-119.2224,39.4617],[-119.221,39.4634],[-119.2182,39.4646],[-119.2098,39.4677],[-119.2068,39.4699],[-119.2057,39.4729],[-119.2064,39.4759],[-119.2185,39.4933],[-119.2244,39.5078],[-119.2277,39.5161],[-119.229,39.5302],[-119.233,39.5441],[-119.2427,39.5695],[-119.2511,39.5947],[-119.2514,39.6017],[-119.2511,39.6077],[-119.2437,39.6078],[-119.2359,39.606],[-119.2274,39.6036],[-119.2266,39.6047],[-119.2198,39.6096],[-119.2188,39.6116],[-119.2168,39.6133]]},"properties":{"id":"routes-and-regions-us-route-95-3","layer":"routes-and-regions","name":"US Route 95","sourceFolder":"Regions, travel routes, and significant pre-war roads"}},{"type":"Feature","id":"routes-and-regions-us-route-95-4","geometry":{"type":"LineString","coordinates":[[-114.5961,34.8234],[-114.6009,34.817],[-114.6017,34.8152],[-114.6009,34.812],[-114.6022,34.8085],[-114.6072,34.7986],[-114.6082,34.7935],[-114.6064,34.788],[-114.5982,34.7764],[-114.5957,34.7683],[-114.6055,34.7197],[-114.6257,34.6504],[-114.6424,34.5754],[-114.6434,34.4619],[-114.6424,34.3383],[-114.6397,34.2468],[-114.6283,34.2272],[-114.6178,34.2119],[-114.604,34.1952],[-114.5822,34.1767],[-114.5545,34.1561],[-114.5012,34.1115],[-114.481,34.0923],[-114.4814,34.0729],[-114.4887,34.0099],[-114.4929,33.9916],[-114.5029,33.977],[-114.5162,33.9649],[-114.5277,33.9515],[-114.5382,33.9357],[-114.5364,33.9011],[-114.5305,33.8556],[-114.5223,33.8071],[-114.5176,33.7635],[-114.5162,33.7327],[-114.5267,33.7245],[-114.5387,33.7173],[-114.5524,33.7121],[-114.5645,33.706],[-114.5739,33.6984],[-114.5753,33.6837],[-114.5739,33.6464],[-114.5725,33.6264],[-114.5705,33.6073]]},"properties":{"id":"routes-and-regions-us-route-95-4","layer":"routes-and-regions","name":"US Route 95","sourceFolder":"Regions, travel routes, and significant pre-war roads"}},{"type":"Feature","id":"routes-and-regions-us-route-95-5","geometry":{"type":"LineString","coordinates":[[-114.5705,33.6073],[-114.558,33.6077],[-114.5452,33.6075],[-114.5356,33.6055],[-114.5257,33.6028],[-114.5136,33.6018],[-114.476,33.6106],[-114.4291,33.6238],[-114.3934,33.6355],[-114.3872,33.6389],[-114.3784,33.6454],[-114.3732,33.6475],[-114.3648,33.6482],[-114.345,33.6461],[-114.3337,33.6458],[-114.2898,33.6515],[-114.241,33.6597],[-114.2412,33.6617],[-114.2171,33.6667],[-114.2148,33.5344],[-114.2144,33.4019],[-114.2161,33.3064],[-114.2266,33.2852],[-114.2381,33.2694],[-114.2463,33.2559],[-114.2475,33.2456],[-114.2484,33.2341],[-114.2742,33.171],[-114.3006,33.0955],[-114.2942,33.0398],[-114.2868,32.9908],[-114.293,32.9673],[-114.3033,32.9435],[-114.328,32.9036],[-114.3589,32.857],[-114.3802,32.819],[-114.382,32.805],[-114.381,32.7931],[-114.3816,32.7832],[-114.3844,32.7767],[-114.3862,32.7739],[-114.3882,32.7716],[-114.3905,32.7699],[-114.3928,32.7693],[-114.4009,32.7695],[-114.4036,32.7688],[-114.4088,32.7653],[-114.4242,32.7467],[-114.4266,32.7411],[-114.4262,32.7374],[-114.4201,32.7272],[-114.4197,32.7237],[-114.4217,32.7191],[-114.4357,32.7045],[-114.4424,32.7],[-114.4702,32.6982],[-114.5569,32.6975],[-114.6055,32.6975],[-114.6506,32.6984],[-114.6482,32.6604],[-114.6478,32.6247],[-114.6495,32.6122],[-114.6527,32.6078],[-114.6653,32.5987],[-114.6712,32.5966],[-114.6871,32.595],[-114.7088,32.5955],[-114.7318,32.597],[-114.7517,32.5979],[-114.7641,32.5965],[-114.7661,32.5955],[-114.7675,32.5943],[-114.7685,32.593],[-114.77,32.5899],[-114.7705,32.5855],[-114.7697,32.5748],[-114.7701,32.5709],[-114.7716,32.5688],[-114.7737,32.5675],[-114.7755,32.5672],[-114.7796,32.5675],[-114.7813,32.5672],[-114.7836,32.5657],[-114.7851,32.5634],[-114.7854,32.5609],[-114.7846,32.5545],[-114.7846,32.5517],[-114.7871,32.5453],[-114.7883,32.5229],[-114.7866,32.4997],[-114.7823,32.4911],[-114.7823,32.487]]},"properties":{"id":"routes-and-regions-us-route-95-5","layer":"routes-and-regions","name":"US Route 95","sourceFolder":"Regions, travel routes, and significant pre-war roads"}},{"type":"Feature","id":"routes-and-regions-us-route-95-6","geometry":{"type":"LineString","coordinates":[[-114.913,35.969],[-114.9146,35.9758],[-114.916,35.9792],[-114.9194,35.9839],[-114.9239,35.9887],[-114.9289,35.9928],[-114.9338,35.9957],[-114.9391,35.9979],[-114.9446,35.9994],[-114.9508,35.9997],[-114.9572,35.9992],[-114.9635,35.9991],[-114.9735,36.0002],[-114.9783,36.0012],[-114.9822,36.0028],[-114.9846,36.0047],[-114.9902,36.0123],[-115.0141,36.0336],[-115.0225,36.0448],[-115.0284,36.0564],[-115.0315,36.0632],[-115.0353,36.0699],[-115.043,36.0772],[-115.0503,36.083],[-115.0523,36.0851],[-115.0535,36.0859],[-115.057,36.0868],[-115.0658,36.0884],[-115.0703,36.0901],[-115.0748,36.0922],[-115.0782,36.0946],[-115.0798,36.0965],[-115.0816,36.1009],[-115.0821,36.1069],[-115.082,36.1142],[-115.0829,36.1208],[-115.0854,36.125],[-115.0886,36.1287],[-115.0911,36.1331],[-115.0918,36.1419],[-115.0911,36.1519],[-115.0915,36.1598],[-115.0931,36.1633],[-115.0955,36.1657],[-115.0975,36.1666],[-115.0998,36.1672],[-115.1051,36.1679],[-115.1237,36.168],[-115.1272,36.169],[-115.1304,36.1702],[-115.1403,36.1741],[-115.1451,36.1754],[-115.1553,36.1744],[-115.1666,36.176],[-115.1738,36.1752],[-115.312,36.3261],[-115.3239,36.3391],[-115.3697,36.3755],[-115.419,36.4184],[-115.4288,36.434],[-115.4353,36.4489],[-115.4471,36.4645],[-115.4985,36.4962],[-115.564,36.534],[-115.6201,36.5643],[-115.6476,36.5704],[-115.6723,36.5744],[-115.6984,36.577],[-115.7532,36.5703],[-115.8128,36.5648],[-115.8974,36.5834],[-115.969,36.6012],[-115.9836,36.6007],[-115.9968,36.5984],[-116.016,36.5958],[-116.0377,36.592],[-116.0573,36.5865],[-116.0679,36.5804],[-116.0864,36.5655],[-116.0955,36.5613],[-116.1023,36.5606],[-116.1088,36.5615],[-116.1233,36.5644],[-116.1513,36.5677],[-116.1849,36.5742],[-116.2575,36.6041],[-116.3244,36.631],[-116.3407,36.6322],[-116.3553,36.6324],[-116.3758,36.6371],[-116.4003,36.6438],[-116.4668,36.6589],[-116.5325,36.6762],[-116.5553,36.6859],[-116.5752,36.6966],[-116.6291,36.7283],[-116.6891,36.778],[-116.7428,36.8268],[-116.7507,36.8386],[-116.7558,36.8488],[-116.7586,36.8588],[-116.7572,36.8692],[-116.7511,36.887],[-116.751,36.8896],[-116.7514,36.8921],[-116.7535,36.8995],[-116.7559,36.9057],[-116.7565,36.9065],[-116.7594,36.9084],[-116.7576,36.91],[-116.7557,36.9115],[-116.7537,36.9131],[-116.7505,36.9176],[-116.7482,36.9197],[-116.7391,36.9247],[-116.7292,36.9312],[-116.7192,36.9404],[-116.716,36.9458],[-116.7168,36.9563],[-116.7289,36.9999],[-116.7352,37.0149],[-116.768,37.0608],[-116.8066,37.108],[-116.8674,37.143],[-116.9371,37.1825],[-117.0125,37.2571],[-117.0975,37.3441],[-117.1643,37.415],[-117.1734,37.4453],[-117.1796,37.4715],[-117.1847,37.5023],[-117.2136,37.6015],[-117.2412,37.7111],[-117.2413,37.7833],[-117.2372,37.8553],[-117.2385,37.9107],[-117.2487,37.9284],[-117.2609,37.9421],[-117.2703,37.9555],[-117.2735,37.9649],[-117.276,37.9833],[-117.2751,37.9923],[-117.2657,38.0036],[-117.2523,38.0161],[-117.2379,38.0275],[-117.227,38.0372],[-117.2183,38.0472],[-117.2166,38.0501],[-117.216,38.0529],[-117.2166,38.0552],[-117.2179,38.0574],[-117.2235,38.0633],[-117.227,38.0672],[-117.2298,38.0691],[-117.2428,38.0741],[-117.2806,38.0848],[-117.3382,38.1032],[-117.378,38.1176],[-117.4241,38.1323],[-117.4673,38.1442],[-117.4953,38.1413],[-117.552,38.1319],[-117.5786,38.1259],[-117.6009,38.1086],[-117.6231,38.0878],[-117.6437,38.0658],[-117.6665,38.0481],[-117.6996,38.0363],[-117.7336,38.0261],[-117.7667,38.0178],[-117.7995,38.0161],[-117.8322,38.0161],[-117.8587,38.0178],[-117.8675,38.0199],[-117.8747,38.0228],[-117.8814,38.0257],[-117.8871,38.0299],[-117.8922,38.0353],[-117.8958,38.0417],[-117.9036,38.058],[-117.9299,38.1154],[-117.9625,38.1769],[-117.9816,38.1976],[-118.0007,38.2159],[-118.0202,38.2319],[-118.0373,38.2394],[-118.0742,38.2499],[-118.0867,38.2556],[-118.0904,38.2591],[-118.0928,38.2627],[-118.0962,38.27],[-118.0998,38.2764],[-118.1027,38.2846],[-118.1041,38.353],[-118.1081,38.3925],[-118.1329,38.4332],[-118.1612,38.4755],[-118.185,38.5076],[-118.1957,38.5154],[-118.2057,38.5209],[-118.219,38.5261],[-118.2717,38.5327],[-118.3398,38.5385],[-118.3944,38.5427],[-118.4349,38.5496],[-118.4595,38.5514],[-118.4854,38.5503],[-118.519,38.5405],[-118.5502,38.5298],[-118.5645,38.5265],[-118.5779,38.5246],[-118.5962,38.5238],[-118.6045,38.5239],[-118.6096,38.5245],[-118.6105,38.5249],[-118.611,38.5255],[-118.611,38.5304],[-118.6119,38.5325],[-118.6143,38.5335],[-118.6216,38.5333],[-118.6256,38.5336],[-118.6287,38.5347],[-118.6356,38.5386],[-118.6876,38.5677],[-118.7009,38.5766],[-118.7062,38.581],[-118.7097,38.5856],[-118.7104,38.5888],[-118.7087,38.5987],[-118.7097,38.602],[-118.7147,38.6063],[-118.7224,38.6101],[-118.7315,38.614],[-118.7405,38.6186],[-118.7479,38.6242],[-118.758,38.641],[-118.7673,38.6607],[-118.7746,38.6811],[-118.7732,38.7071],[-118.7695,38.7348],[-118.7643,38.7571],[-118.7606,38.7632],[-118.7561,38.7677],[-118.752,38.7723],[-118.7499,38.7786],[-118.7572,38.799],[-118.7702,38.8271],[-118.786,38.8565],[-118.798,38.8823],[-118.8105,38.9402],[-118.8095,38.9666],[-118.7962,39.0339],[-118.7774,39.1065],[-118.7675,39.1211],[-118.7556,39.1329],[-118.7465,39.1453],[-118.7389,39.1589],[-118.7459,39.185],[-118.7568,39.2164],[-118.772,39.2501],[-118.7829,39.285],[-118.7843,39.3792],[-118.7815,39.4749],[-118.7846,39.6151],[-118.7681,39.7136],[-118.7712,39.7602],[-118.7765,39.8093],[-118.777,39.8495],[-118.7699,39.8655],[-118.7604,39.8786],[-118.7531,39.8922],[-118.7493,39.9217],[-118.7487,39.9425],[-118.7484,39.9435],[-118.7476,39.9439],[-118.7467,39.944],[-118.7444,39.9442]]},"properties":{"id":"routes-and-regions-us-route-95-6","layer":"routes-and-regions","name":"US Route 95","sourceFolder":"Regions, travel routes, and significant pre-war roads"}},{"type":"Feature","id":"routes-and-regions-us-route-95-7","geometry":{"type":"LineString","coordinates":[[-114.8946,35.968],[-114.8946,35.9675],[-114.8946,35.9672],[-114.8948,35.9656],[-114.8953,35.9642],[-114.9016,35.9521],[-114.9092,35.9388],[-114.9173,35.9214],[-114.9279,35.8772],[-114.9371,35.8284],[-114.9519,35.7606],[-114.9578,35.7335],[-114.9608,35.7193],[-114.9613,35.7152],[-114.9596,35.6711],[-114.959,35.6675],[-114.9571,35.663],[-114.943,35.6425],[-114.9412,35.6399],[-114.9241,35.6173],[-114.9163,35.6025],[-114.9132,35.5852],[-114.9124,35.5664],[-114.9128,35.5478],[-114.9142,35.5191],[-114.9176,35.4954],[-114.9227,35.4838],[-114.924,35.4783],[-114.9244,35.4735],[-114.9241,35.4714],[-114.9234,35.4697],[-114.92,35.4652],[-114.9185,35.4594],[-114.915,35.4519],[-114.8538,35.1922],[-114.8503,35.1773],[-114.8465,35.1661],[-114.8417,35.1588],[-114.8361,35.1517],[-114.8314,35.1425],[-114.8284,35.1111],[-114.829,35.072],[-114.8278,35.0453],[-114.8269,35.0432],[-114.8239,35.0394],[-114.8236,35.038],[-114.8243,35.036],[-114.8298,35.0293],[-114.8313,35.0261],[-114.8336,35.0063],[-114.8341,34.9803],[-114.8325,34.9587],[-114.8302,34.9523],[-114.8269,34.9471],[-114.8235,34.9422],[-114.8185,34.9379],[-114.8088,34.9336],[-114.7837,34.9272],[-114.7739,34.9221],[-114.7682,34.9142],[-114.7639,34.9046],[-114.7583,34.8876],[-114.7554,34.8782]]},"properties":{"id":"routes-and-regions-us-route-95-7","layer":"routes-and-regions","name":"US Route 95","sourceFolder":"Regions, travel routes, and significant pre-war roads"}},{"type":"Feature","id":"routes-and-regions-us-route-95-8","geometry":{"type":"LineString","coordinates":[[-117.742,40.9756],[-117.7057,41.0762],[-117.6753,41.1722],[-117.6814,41.2249],[-117.6894,41.276],[-117.6986,41.3209],[-117.7263,41.3482],[-117.7582,41.3725],[-117.7826,41.396],[-117.7883,41.4142],[-117.7918,41.4321],[-117.7941,41.4546],[-117.787,41.5754],[-117.7746,41.7097],[-117.7517,41.7591],[-117.7278,41.8045],[-117.7053,41.8571],[-117.7315,41.9943],[-117.766,42.1612],[-117.798,42.3043],[-117.8286,42.3651],[-117.8576,42.4172],[-117.8838,42.4735],[-117.8765,42.5676],[-117.8659,42.6731],[-117.853,42.7782],[-117.6414,42.8247],[-117.4305,42.8727],[-117.2671,42.9115],[-117.2376,42.9297],[-117.2126,42.9481],[-117.1914,42.9659],[-117.1708,42.9801],[-117.1518,42.9909],[-117.1333,42.9895],[-117.0934,42.9827],[-117.0729,42.9786],[-117.0531,42.9741],[-117.0636,43.0123],[-117.0699,43.0519],[-117.0362,43.1597],[-117.0385,43.1749],[-117.0496,43.2037],[-117.0531,43.2174],[-117.0541,43.2303],[-117.0428,43.2429],[-117.0274,43.2566],[-117.0105,43.2702],[-116.9942,43.2821],[-116.984,43.2928],[-116.9822,43.2989],[-116.9829,43.3098],[-116.9806,43.3162],[-116.963,43.3327],[-116.9335,43.3533],[-116.9017,43.3768],[-116.8732,43.3995],[-116.8536,43.4176],[-116.8531,43.4281],[-116.8569,43.4482],[-116.8606,43.4584],[-116.8625,43.4692],[-116.8585,43.5066],[-116.8515,43.5458],[-116.8705,43.5447],[-116.8799,43.5447],[-116.8891,43.5461],[-116.8981,43.5497],[-116.9249,43.5667],[-116.931,43.5728],[-116.9332,43.5794],[-116.9332,43.5946],[-116.9332,43.6019],[-116.931,43.6083],[-116.9272,43.6132],[-116.9162,43.6213],[-116.9118,43.6275],[-116.9096,43.6584],[-116.9097,43.7449],[-116.9118,43.7669],[-116.9124,43.7684],[-116.9171,43.7696],[-116.924,43.7726],[-116.9336,43.7773],[-116.9432,43.783],[-116.95,43.7889],[-116.9527,43.7944],[-116.9535,43.8001],[-116.9537,43.814],[-116.9561,43.8387],[-116.9569,43.8681],[-116.9551,43.8907],[-116.9515,43.8964],[-116.9468,43.9004],[-116.9421,43.9058],[-116.9264,43.9342],[-116.9141,43.9656],[-116.9126,43.9731],[-116.9117,43.9805],[-116.9116,43.9875],[-116.912,43.9935],[-116.9138,43.9981],[-116.9155,43.9999],[-116.9222,44.0035],[-116.9235,44.0044],[-116.924,44.0064],[-116.9233,44.0181],[-116.9235,44.0312],[-116.9271,44.0374],[-116.9275,44.0431],[-116.9268,44.0499],[-116.9256,44.0552],[-116.9234,44.0591],[-116.9241,44.0756],[-116.9233,44.0978],[-116.9137,44.1173],[-116.9001,44.1379],[-116.8915,44.1551],[-116.8901,44.1617],[-116.8903,44.1673],[-116.8928,44.1737],[-116.9052,44.1869],[-116.9255,44.2026],[-116.9456,44.2189],[-116.9587,44.2333],[-116.9612,44.2409],[-116.9615,44.2549],[-116.9594,44.2633],[-116.935,44.2961],[-116.8977,44.3356],[-116.8722,44.3689],[-116.8706,44.3781],[-116.8719,44.3859],[-116.8725,44.3936],[-116.8695,44.4023],[-116.8433,44.421],[-116.8027,44.4458],[-116.7561,44.4716],[-116.7164,44.4966],[-116.6907,44.5149],[-116.6899,44.5233],[-116.6913,44.5315],[-116.6973,44.5464],[-116.6972,44.5529],[-116.6931,44.5589],[-116.6868,44.5644],[-116.6767,44.5718],[-116.6755,44.5728],[-116.6709,44.5697],[-116.6665,44.5641],[-116.6302,44.5642],[-116.5912,44.5665],[-116.5627,44.5715],[-116.4661,44.5943],[-116.4456,44.6008],[-116.4411,44.606],[-116.4344,44.6226],[-116.4347,44.6277],[-116.4378,44.6322],[-116.4434,44.6361],[-116.4499,44.6401],[-116.4558,44.6446],[-116.4594,44.6501],[-116.4578,44.6623],[-116.447,44.6948],[-116.4396,44.7119],[-116.4347,44.7277],[-116.4335,44.7497],[-116.4338,44.771],[-116.4301,44.7915],[-116.414,44.8124],[-116.3925,44.8324],[-116.3786,44.8499],[-116.3769,44.8584],[-116.3779,44.8661],[-116.38,44.8738],[-116.3832,44.8806],[-116.392,44.8943],[-116.3937,44.901],[-116.3918,44.9071],[-116.3833,44.9189],[-116.3807,44.9253],[-116.3813,44.9338],[-116.3869,44.9522],[-116.3868,44.9608],[-116.3829,44.9689],[-116.3703,44.9844],[-116.3635,44.9895],[-116.3596,44.9913],[-116.3556,44.9925],[-116.3513,44.993],[-116.3463,44.9929],[-116.3332,44.9893],[-116.301,44.9751],[-116.2896,44.971],[-116.2855,44.9707],[-116.2817,44.9711],[-116.2813,44.9715],[-116.2801,44.9818],[-116.2798,45.0031],[-116.2803,45.028],[-116.2831,45.0491],[-116.2896,45.0619],[-116.2988,45.0737],[-116.3066,45.085],[-116.3106,45.0962],[-116.3068,45.1064],[-116.2983,45.116],[-116.2902,45.1266],[-116.2852,45.1393],[-116.2973,45.172],[-116.3202,45.2136],[-116.3417,45.2609],[-116.3605,45.3083],[-116.3343,45.4058],[-116.2976,45.5148],[-116.2726,45.6079],[-116.2852,45.6529],[-116.303,45.6924],[-116.3138,45.7317],[-116.2906,45.7791],[-116.2631,45.8297],[-116.2369,45.8734],[-116.2024,45.8923],[-116.1674,45.9095],[-116.131,45.9254],[-116.1316,45.9315],[-116.1324,45.9336],[-116.1344,45.9357],[-116.1554,45.9429],[-116.1924,45.9502],[-116.2788,45.9742],[-116.3155,45.9862],[-116.3322,46.0207],[-116.3501,46.0637],[-116.3687,46.1094],[-116.3825,46.153],[-116.3991,46.187],[-116.4162,46.2007],[-116.466,46.234],[-116.4815,46.2421],[-116.4995,46.2426],[-116.5389,46.2399],[-116.579,46.2355],[-116.586,46.2426],[-116.5935,46.2495],[-116.5996,46.2568],[-116.6037,46.2649],[-116.6024,46.2753],[-116.5899,46.2994],[-116.5858,46.3117],[-116.5845,46.3228],[-116.5964,46.3335],[-116.6478,46.3696],[-116.6642,46.3787],[-116.6869,46.377],[-116.7419,46.3689],[-116.771,46.3642],[-116.7987,46.3588],[-116.8094,46.4443],[-116.9952,46.4301],[-116.9579,46.458],[-116.9705,46.4608],[-116.9835,46.463],[-116.9913,46.4628],[-117.0075,46.4613],[-117.0151,46.462],[-117.0222,46.4648],[-117.0287,46.469],[-117.0415,46.4782],[-117.0144,46.4943],[-116.988,46.5075],[-116.9693,46.5119],[-116.9509,46.5146],[-116.9482,46.5377],[-116.9461,46.5838],[-116.9478,46.6033],[-116.9578,46.6134],[-116.9711,46.6227],[-116.9859,46.6309],[-116.9979,46.6394],[-117.0055,46.6476],[-117.0049,46.655],[-117.0017,46.6629],[-116.9919,46.6781],[-116.9902,46.6853],[-116.9938,46.6944],[-117.0004,46.703],[-117.0053,46.7133],[-117.0041,46.7317],[-116.9984,46.7543],[-116.9951,46.7769],[-116.9952,46.7954],[-117.0025,46.8045],[-117.0117,46.8126],[-117.0317,46.8276],[-116.9951,46.8622],[-116.9606,46.8978],[-116.9326,46.9294],[-116.9272,46.9505],[-116.9275,46.9706],[-116.9223,46.9917],[-116.8946,47.0235],[-116.8603,47.0592],[-116.8241,47.0939],[-116.8511,47.1113],[-116.9271,47.1667],[-116.9484,47.1846],[-116.9395,47.2178],[-116.8947,47.3485],[-116.8775,47.3917],[-116.9196,47.399],[-116.9596,47.4076],[-116.9758,47.4127],[-116.9833,47.4239],[-116.9956,47.4515],[-117.0061,47.4805],[-116.9791,47.4957],[-116.9532,47.5115],[-116.9278,47.5297],[-116.903,47.5671],[-116.8818,47.6109],[-116.8578,47.6473],[-116.8415,47.6591],[-116.8235,47.6677],[-116.8078,47.6775],[-116.7936,47.6889],[-116.7901,47.7168],[-116.7901,47.7517],[-116.7919,47.7882],[-116.7881,47.8214],[-116.7586,47.8565],[-116.722,47.8899],[-116.6961,47.9209],[-116.6944,47.938],[-116.6979,47.9548],[-116.7007,47.9708],[-116.6989,47.9853],[-116.6889,47.9948],[-116.6754,48.004],[-116.6599,48.0123],[-116.6465,48.0203],[-116.6384,48.0285],[-116.6372,48.0339],[-116.6386,48.0389],[-116.6409,48.044],[-116.6427,48.0498],[-116.6426,48.0569],[-116.6142,48.1093],[-116.5687,48.1782],[-116.5388,48.2322],[-116.5363,48.2517],[-116.5388,48.2669],[-116.5501,48.2885],[-116.5508,48.328],[-116.546,48.3825],[-116.4183,48.5655],[-116.2978,48.7302],[-116.2909,48.7422],[-116.2876,48.7508],[-116.2861,48.7615],[-116.3038,48.8016],[-116.3326,48.852],[-116.352,48.8917],[-116.3525,48.9067],[-116.3506,48.9194],[-116.2092,48.9649],[-116.1865,48.9478],[-116.1686,48.9582],[-116.1824,49.001]]},"properties":{"id":"routes-and-regions-us-route-95-8","layer":"routes-and-regions","name":"US Route 95","sourceFolder":"Regions, travel routes, and significant pre-war roads"}},{"type":"Feature","id":"routes-and-regions-us-route-95-9","geometry":{"type":"LineString","coordinates":[[-116.9138,43.9981],[-116.9134,44.0049],[-116.9138,44.008],[-116.9151,44.0089],[-116.923,44.0089],[-116.9239,44.0094]]},"properties":{"id":"routes-and-regions-us-route-95-9","layer":"routes-and-regions","name":"US Route 95","sourceFolder":"Regions, travel routes, and significant pre-war roads"}},{"type":"Feature","id":"routes-and-regions-us-route-95-10","geometry":{"type":"LineString","coordinates":[[-116.9256,44.0552],[-116.9256,44.0585],[-116.9263,44.0607],[-116.9276,44.0631],[-116.9347,44.0695],[-116.9351,44.0708],[-116.9351,44.0781],[-116.9232,44.0782]]},"properties":{"id":"routes-and-regions-us-route-95-10","layer":"routes-and-regions","name":"US Route 95","sourceFolder":"Regions, travel routes, and significant pre-war roads"}},{"type":"Feature","id":"routes-and-regions-us-route-395","geometry":{"type":"LineString","coordinates":[[-117.4016,34.4006],[-117.3996,34.4081],[-117.399,34.4143],[-117.3991,34.4199],[-117.4004,34.4236],[-117.3982,34.468],[-117.3997,34.5462],[-117.6181,35.2577],[-117.619,35.2925],[-117.6149,35.3207],[-117.6139,35.3449],[-117.6153,35.3675],[-117.6282,35.3841],[-117.643,35.4001],[-117.6583,35.416],[-117.6744,35.4313],[-117.6621,35.444],[-117.6516,35.4575],[-117.6483,35.4649],[-117.6529,35.4783],[-117.6705,35.5128],[-117.6908,35.5487],[-117.7039,35.5484],[-117.7085,35.5489],[-117.7134,35.5507],[-117.7275,35.5643],[-117.7678,35.6111],[-117.8002,35.6515],[-117.8077,35.6609],[-117.8155,35.6684],[-117.8243,35.6729],[-117.8356,35.6767],[-117.8583,35.6878],[-117.8683,35.6947],[-117.8718,35.7188],[-117.8739,35.7515],[-117.876,35.7894],[-117.875,35.8295],[-117.8792,35.8684],[-117.9269,35.9922],[-117.973,36.11],[-117.9761,36.1433],[-117.9744,36.1746],[-117.9759,36.2027],[-117.9791,36.2269],[-117.99,36.2397],[-118.0038,36.2496],[-118.0173,36.2606],[-118.03,36.2751],[-118.0361,36.3377],[-118.0419,36.4248],[-118.0453,36.5086],[-118.049,36.5608],[-118.0522,36.5682],[-118.0577,36.5767],[-118.0576,36.5794],[-118.057,36.5857],[-118.0572,36.5933],[-118.0608,36.6011],[-118.0649,36.6085],[-118.0672,36.6179],[-118.079,36.6407],[-118.0959,36.6673],[-118.1305,36.7078],[-118.2064,36.8136],[-118.2141,36.8211],[-118.2208,36.8267],[-118.2266,36.8338],[-118.2333,36.8508],[-118.2388,36.8714],[-118.2426,36.8927],[-118.2434,36.9292],[-118.2405,36.9657],[-118.2352,36.9969],[-118.2315,37.025],[-118.2333,37.0415],[-118.2373,37.0578],[-118.2439,37.0849],[-118.2544,37.1126],[-118.2666,37.1284],[-118.2808,37.1433],[-118.29,37.1562],[-118.2905,37.1607],[-118.2889,37.1686],[-118.2898,37.1732],[-118.2991,37.1848],[-118.3324,37.2137],[-118.3475,37.2305],[-118.3745,37.2842],[-118.395,37.3333],[-118.3961,37.3491],[-118.3952,37.3614],[-118.3954,37.3732],[-118.3957,37.3743],[-118.3965,37.3752],[-118.3974,37.3756],[-118.3984,37.3758],[-118.4276,37.3756],[-118.4611,37.3758],[-118.4647,37.3763],[-118.4682,37.3773],[-118.4831,37.3813],[-118.528,37.3981],[-118.5476,37.4073],[-118.5576,37.4216],[-118.5753,37.454],[-118.5816,37.4695],[-118.5828,37.4789],[-118.582,37.4881],[-118.582,37.4971],[-118.5828,37.506],[-118.5857,37.5147],[-118.6048,37.526],[-118.6902,37.5679],[-118.7155,37.5784],[-118.736,37.582],[-118.7562,37.5829],[-118.7744,37.5845],[-118.7896,37.5882],[-118.7978,37.5953],[-118.8084,37.614],[-118.8171,37.6219],[-118.8339,37.6271],[-118.8556,37.6298],[-118.8789,37.6331],[-118.9016,37.6378],[-118.9214,37.6437],[-118.9343,37.6625],[-118.9475,37.686],[-118.9615,37.7111],[-118.9724,37.7366],[-118.9857,37.7578],[-119.0235,37.7907],[-119.0537,37.8128],[-119.057,37.8152],[-119.0598,37.8177],[-119.0739,37.8379],[-119.0883,37.8662],[-119.093,37.8912],[-119.0954,37.9182],[-119.1016,37.941],[-119.1094,37.9505],[-119.1194,37.9587],[-119.1286,37.9656],[-119.1338,37.9708],[-119.1342,37.9721],[-119.1342,37.9752],[-119.1392,37.9827],[-119.1395,37.9863],[-119.1421,37.9906],[-119.1448,37.9935],[-119.1455,37.9973],[-119.1479,37.9996],[-119.1515,38.0022],[-119.1548,38.006],[-119.1597,38.019],[-119.1679,38.0564],[-119.1688,38.0701],[-119.167,38.074],[-119.1644,38.077],[-119.1586,38.0825],[-119.1644,38.0852],[-119.1781,38.0752],[-119.1816,38.1107],[-119.1871,38.146],[-119.1937,38.175],[-119.2001,38.1829],[-119.2083,38.1892],[-119.2168,38.1947],[-119.224,38.2005],[-119.2286,38.2072],[-119.2291,38.2155],[-119.2254,38.2341],[-119.2222,38.2437],[-119.2197,38.2531],[-119.2402,38.2532],[-119.2603,38.255],[-119.2698,38.2574],[-119.2805,38.27],[-119.2917,38.288],[-119.3016,38.3087],[-119.314,38.3274],[-119.3261,38.342],[-119.345,38.3463],[-119.4094,38.3554],[-119.4205,38.3553],[-119.4223,38.3551],[-119.4236,38.3545],[-119.4268,38.3509],[-119.4335,38.3456],[-119.4373,38.3436],[-119.4406,38.3428],[-119.4467,38.3425],[-119.4498,38.3428],[-119.4524,38.3448],[-119.4532,38.346],[-119.4524,38.3484],[-119.4453,38.3569],[-119.4438,38.3606],[-119.4453,38.3672],[-119.4542,38.3833],[-119.4565,38.3912],[-119.4544,38.4004],[-119.4501,38.4094],[-119.4478,38.4193],[-119.4521,38.435],[-119.4598,38.4523],[-119.4639,38.4693],[-119.4608,38.485],[-119.4481,38.5161],[-119.4852,38.5188],[-119.5276,38.6426],[-119.5296,38.6474],[-119.5377,38.6556],[-119.5457,38.6653],[-119.5491,38.6718],[-119.5509,38.6875],[-119.5506,38.707],[-119.5547,38.7284],[-119.5784,38.7643],[-119.6088,38.8061],[-119.6414,38.8475],[-119.6761,38.8766],[-119.7148,38.9058],[-119.7503,38.9351],[-119.7795,38.9616],[-119.7815,38.9905],[-119.7815,39.0507],[-119.7794,39.0724],[-119.7754,39.0919],[-119.7742,39.1061],[-119.7719,39.1208],[-119.767,39.1498],[-119.7669,39.1705],[-119.7667,39.1758],[-119.7673,39.181],[-119.7706,39.1885],[-119.7755,39.1969],[-119.7803,39.2027],[-119.7819,39.2039],[-119.7854,39.205],[-119.7943,39.2057],[-119.801,39.2069],[-119.8046,39.2083],[-119.8059,39.21],[-119.8068,39.2133],[-119.8092,39.2243],[-119.8187,39.2668],[-119.8261,39.3066],[-119.826,39.3095],[-119.8252,39.312],[-119.8214,39.3198],[-119.8153,39.3296],[-119.8084,39.3376],[-119.8029,39.3409],[-119.797,39.3432],[-119.7923,39.346],[-119.7902,39.3494],[-119.789,39.3531],[-119.7868,39.3566],[-119.7807,39.3606],[-119.766,39.3671],[-119.7592,39.3692],[-119.7573,39.37],[-119.7557,39.3711],[-119.7544,39.3727],[-119.7535,39.3748],[-119.7529,39.377],[-119.7527,39.3815],[-119.7543,39.3851],[-119.7568,39.3887],[-119.7584,39.3925],[-119.7583,39.397],[-119.757,39.4016],[-119.7551,39.4054],[-119.7532,39.4072],[-119.7492,39.41],[-119.7478,39.4121],[-119.7471,39.4142],[-119.7468,39.4169],[-119.7471,39.4182],[-119.7477,39.4196],[-119.7498,39.4223],[-119.7556,39.4259],[-119.7608,39.4322],[-119.7651,39.439],[-119.7678,39.4442],[-119.772,39.4477],[-119.7797,39.4521],[-119.782,39.4554],[-119.787,39.4645],[-119.791,39.4736],[-119.7909,39.4769],[-119.7894,39.4793],[-119.7866,39.4828],[-119.7855,39.4867],[-119.7837,39.4992],[-119.7821,39.5026],[-119.7804,39.5057],[-119.78,39.5088],[-119.7834,39.52],[-119.7836,39.5259],[-119.784,39.5285],[-119.7879,39.5341],[-119.7884,39.5408],[-119.7878,39.5548],[-119.7888,39.557],[-119.7916,39.5591],[-119.7991,39.5629],[-119.8031,39.5658],[-119.8089,39.5746],[-119.8178,39.5805],[-119.8269,39.5905],[-119.8365,39.6],[-119.8472,39.6087],[-119.8543,39.6125],[-119.8627,39.6155],[-119.8895,39.6219],[-119.9154,39.6265],[-119.9221,39.6264],[-119.9254,39.6268],[-119.9324,39.6299],[-119.9464,39.6384],[-119.9528,39.6419],[-119.9783,39.6505],[-119.9826,39.6529],[-119.9865,39.6561],[-120.0134,39.6886],[-120.0189,39.6924],[-120.0247,39.6952],[-120.03,39.6983],[-120.0344,39.703],[-120.0373,39.7167],[-120.0384,39.735],[-120.0387,39.7751],[-120.0418,39.8039],[-120.0435,39.8336],[-120.0426,39.8602],[-120.0363,39.8736],[-120.0185,39.8971],[-120.0138,39.9084],[-120.0142,39.9179],[-120.0195,39.9366],[-120.0244,39.9466],[-120.0487,39.9705],[-120.0814,39.9959],[-120.1038,40.0166],[-120.1063,40.0228],[-120.1068,40.028],[-120.1089,40.034],[-120.1282,40.0565],[-120.1566,40.0831],[-120.2319,40.1209],[-120.3091,40.1559],[-120.3329,40.1621],[-120.3541,40.1664],[-120.3764,40.1742],[-120.4145,40.2075],[-120.4594,40.2497],[-120.5006,40.2911],[-120.5913,40.3812],[-120.5875,40.3836],[-120.5856,40.3841],[-120.5747,40.3834],[-120.5412,40.3772],[-120.5271,40.3756],[-120.5193,40.3764],[-120.5127,40.3779],[-120.5049,40.3785],[-120.4865,40.3755],[-120.4647,40.3701],[-120.4442,40.3662],[-120.4264,40.3643],[-120.4103,40.3641],[-120.4037,40.3655],[-120.3993,40.3678],[-120.3958,40.3709],[-120.3865,40.3817],[-120.3652,40.3783],[-120.311,40.3783],[-120.3109,40.3863],[-120.3105,40.3888],[-120.3093,40.3912],[-120.3065,40.3932],[-120.2982,40.396],[-120.2937,40.3981],[-120.2897,40.4016],[-120.2798,40.4401],[-120.2543,40.567],[-120.2468,40.6151],[-120.254,40.6292],[-120.2619,40.6407],[-120.2811,40.6652],[-120.3168,40.728],[-120.3594,40.7942],[-120.4174,40.8379],[-120.4722,40.8768],[-120.4852,40.8915],[-120.5054,40.9198],[-120.5141,40.9354],[-120.5078,40.962],[-120.4971,40.9952],[-120.4817,41.0299],[-120.4712,41.0625],[-120.4654,41.0877],[-120.4731,41.0984],[-120.4822,41.1079],[-120.4938,41.1161],[-120.5046,41.1255],[-120.5134,41.1374],[-120.5153,41.1814],[-120.5135,41.2392],[-120.5102,41.2962],[-120.5121,41.3377],[-120.5198,41.3486],[-120.5392,41.3637],[-120.5464,41.3738],[-120.548,41.3991],[-120.5461,41.4646],[-120.5437,41.4974],[-120.5134,41.5065],[-120.4982,41.512],[-120.4823,41.5195],[-120.458,41.5536],[-120.3974,41.648],[-120.3731,41.6895],[-120.3714,41.723],[-120.3748,41.7543],[-120.3745,41.7899],[-120.3481,41.8599],[-120.3169,41.9413],[-120.2907,42.0188],[-120.3147,42.0913],[-120.3457,42.1647],[-120.3663,42.2276],[-120.3593,42.2501],[-120.334,42.3115],[-120.3264,42.3242],[-120.3213,42.3275],[-120.3158,42.3295],[-120.299,42.3333],[-120.2964,42.385],[-120.2917,42.4365],[-120.2852,42.4834],[-120.2606,42.509],[-120.2317,42.5342],[-120.203,42.5576],[-120.1822,42.5795],[-120.1801,42.5964],[-120.1814,42.613],[-120.1844,42.6295],[-120.1822,42.6462],[-120.1621,42.6736],[-120.135,42.702],[-120.1136,42.729],[-120.1084,42.7488],[-120.1067,42.7679],[-120.0999,42.7875],[-120.0812,42.8045],[-120.0547,42.8226],[-120.0276,42.842],[-120.004,42.8606],[-119.9872,42.8761],[-119.9895,42.8879],[-119.994,42.8998],[-120.0005,42.912],[-120.0081,42.9251],[-120.012,42.9405],[-119.9967,43.0053],[-119.9751,43.0853],[-119.9539,43.1552],[-119.9313,43.1879],[-119.9092,43.2167],[-119.8839,43.2463],[-119.822,43.2795],[-119.7481,43.3127],[-119.6793,43.3493],[-119.599,43.4252],[-119.5327,43.4927],[-119.5173,43.5186],[-119.5066,43.542],[-119.3993,43.5319],[-119.184,43.5147],[-119.1171,43.511],[-119.1051,43.5154],[-119.0961,43.5202],[-119.0806,43.5307],[-119.0844,43.5437],[-119.0858,43.5503],[-119.0854,43.5568],[-119.0816,43.5643],[-119.0755,43.5717],[-119.0617,43.5866],[-119.0543,43.5863],[-119.055,43.5915],[-119.0548,43.5933],[-119.054,43.5951],[-119.05,43.5988],[-119.0436,43.6026],[-119.0202,43.6143]]},"properties":{"id":"routes-and-regions-us-route-395","layer":"routes-and-regions","name":"US Route 395","sourceFolder":"Regions, travel routes, and significant pre-war roads"}},{"type":"Feature","id":"routes-and-regions-us-route-395-2","geometry":{"type":"LineString","coordinates":[[-120.0387,39.7751],[-120.0384,39.7354],[-120.0373,39.7169],[-120.0344,39.703],[-120.03,39.6983],[-120.0247,39.6952],[-120.0189,39.6924],[-120.0134,39.6886],[-119.9865,39.6561],[-119.9826,39.6529],[-119.9783,39.6505],[-119.9528,39.6419],[-119.9432,39.6366],[-119.9336,39.6307],[-119.9254,39.6268],[-119.9221,39.6264],[-119.9154,39.6265],[-119.8895,39.6219],[-119.8627,39.6155],[-119.8543,39.6125],[-119.8472,39.6087],[-119.8365,39.6],[-119.8269,39.5905],[-119.8178,39.5805],[-119.8089,39.5746],[-119.8031,39.5658],[-119.7991,39.5629],[-119.7916,39.5591],[-119.7888,39.557],[-119.7878,39.5548],[-119.7884,39.5408],[-119.7879,39.5341],[-119.784,39.5285],[-119.7836,39.5259],[-119.7834,39.52],[-119.78,39.5088],[-119.7804,39.5057],[-119.7837,39.4992],[-119.7866,39.4828],[-119.7909,39.4769],[-119.7912,39.4759],[-119.791,39.4736],[-119.787,39.4645],[-119.782,39.4554],[-119.7797,39.4521],[-119.772,39.4477],[-119.7678,39.4442],[-119.7651,39.439],[-119.7608,39.4322],[-119.7556,39.4259],[-119.7498,39.4223],[-119.7477,39.4196],[-119.7471,39.4182],[-119.7468,39.4169],[-119.7471,39.4142],[-119.7478,39.4121],[-119.7492,39.41],[-119.7532,39.4072],[-119.7551,39.4054],[-119.757,39.4016],[-119.7583,39.397],[-119.7584,39.3925],[-119.7568,39.3887],[-119.7543,39.3851],[-119.7527,39.3815],[-119.7529,39.377],[-119.7535,39.3748],[-119.7544,39.3727],[-119.7557,39.3711],[-119.7573,39.37],[-119.7592,39.3692],[-119.766,39.3671],[-119.7807,39.3606],[-119.7868,39.3566],[-119.789,39.3531],[-119.7902,39.3494],[-119.7923,39.346],[-119.797,39.3432],[-119.8029,39.3409],[-119.8084,39.3376],[-119.8153,39.3296],[-119.8214,39.3198],[-119.8252,39.312],[-119.826,39.3095],[-119.8261,39.3066],[-119.8187,39.2668],[-119.8092,39.2243],[-119.8068,39.2133],[-119.8059,39.21],[-119.8046,39.2083],[-119.801,39.2069],[-119.7943,39.2057],[-119.7854,39.205],[-119.7828,39.2041],[-119.7803,39.2027],[-119.7728,39.196],[-119.77,39.1942],[-119.7674,39.1937],[-119.762,39.1935],[-119.7593,39.1929],[-119.7543,39.1905],[-119.7493,39.187],[-119.7452,39.1835],[-119.7432,39.1806],[-119.7406,39.1747],[-119.7383,39.1702],[-119.7379,39.1675],[-119.7399,39.1614],[-119.7437,39.154],[-119.7466,39.1467],[-119.747,39.1397],[-119.7466,39.1326],[-119.7469,39.1273],[-119.7479,39.125],[-119.7494,39.1234],[-119.7517,39.1223],[-119.7545,39.1216],[-119.7653,39.1215],[-119.7719,39.1208]]},"properties":{"id":"routes-and-regions-us-route-395-2","layer":"routes-and-regions","name":"US Route 395","sourceFolder":"Regions, travel routes, and significant pre-war roads"}},{"type":"Feature","id":"routes-and-regions-us-route-395-3","geometry":{"type":"LineString","coordinates":[[-119.809,39.224],[-119.8107,39.2273],[-119.8241,39.2444],[-119.8382,39.2635],[-119.8404,39.2686],[-119.8413,39.273],[-119.8414,39.2808],[-119.8406,39.284],[-119.8399,39.2854],[-119.8377,39.2875],[-119.8305,39.2914],[-119.8292,39.2936],[-119.8293,39.3009],[-119.8288,39.3032],[-119.8277,39.3045],[-119.8247,39.3067],[-119.8238,39.3078],[-119.8235,39.3112],[-119.8219,39.3147],[-119.8192,39.3189],[-119.8159,39.3226],[-119.8119,39.3253],[-119.8073,39.3276],[-119.803,39.3293],[-119.7958,39.3306],[-119.7921,39.3317]]},"properties":{"id":"routes-and-regions-us-route-395-3","layer":"routes-and-regions","name":"US Route 395","sourceFolder":"Regions, travel routes, and significant pre-war roads"}},{"type":"Feature","id":"routes-and-regions-us-route-395-4","geometry":{"type":"LineString","coordinates":[[-119.8269,39.5905],[-119.8268,39.5889],[-119.8274,39.5869],[-119.8281,39.5856],[-119.8299,39.5837]]},"properties":{"id":"routes-and-regions-us-route-395-4","layer":"routes-and-regions","name":"US Route 395","sourceFolder":"Regions, travel routes, and significant pre-war roads"}},{"type":"Feature","id":"routes-and-regions-us-route-395-5","geometry":{"type":"LineString","coordinates":[[-117.7134,35.5507],[-117.7143,35.5613],[-117.7144,35.571],[-117.7138,35.5762],[-117.713,35.5786],[-117.7113,35.5812],[-117.7052,35.586],[-117.685,35.5966],[-117.6757,35.602],[-117.67,35.6073],[-117.6688,35.6103],[-117.6686,35.6132],[-117.6699,35.6225],[-117.6693,35.6528],[-117.7981,35.6519],[-117.8002,35.6515]]},"properties":{"id":"routes-and-regions-us-route-395-5","layer":"routes-and-regions","name":"US Route 395","sourceFolder":"Regions, travel routes, and significant pre-war roads"}},{"type":"Feature","id":"routes-and-regions-us-route-395-6","geometry":{"type":"LineString","coordinates":[[-119.0202,43.6143],[-119.0198,43.6163],[-119.0172,43.6182],[-119.0081,43.6235],[-119.0044,43.627],[-119.0015,43.6337],[-118.9999,43.642],[-118.9989,43.6588],[-119.001,43.6831],[-119.0122,43.6853],[-119.0156,43.6862],[-119.0182,43.6876],[-119.02,43.6896],[-119.0215,43.692],[-119.0224,43.6946],[-119.0227,43.6972],[-119.0223,43.6995],[-119.0208,43.7014],[-119.0123,43.7064],[-119.0099,43.7085],[-119.007,43.7125],[-119.0045,43.7173],[-119.0027,43.722],[-119.0024,43.7258],[-119.003,43.7273],[-119.0067,43.7308],[-119.0072,43.732],[-119.0065,43.7336],[-119.0014,43.7385],[-119.0003,43.7405],[-119.0006,43.7451],[-119.0046,43.7563],[-119.0055,43.7623],[-119.0015,43.7787],[-118.9938,43.7955],[-118.986,43.8063],[-118.977,43.8167],[-118.9713,43.8259],[-118.9708,43.8306],[-118.9723,43.8392],[-118.9589,43.8436],[-118.9552,43.8451],[-118.9526,43.8469],[-118.9519,43.8482],[-118.9521,43.8525],[-118.9515,43.8541],[-118.9469,43.8588],[-118.9233,43.8754],[-118.9325,43.8893],[-118.9365,43.896],[-118.9384,43.9021],[-118.9378,43.9057],[-118.9342,43.912],[-118.9327,43.9162],[-118.9324,43.9473],[-118.9315,43.9787],[-118.9286,43.9846],[-118.9252,43.9892],[-118.9233,43.9946],[-118.9257,44.0059],[-118.9317,44.0191],[-118.937,44.0321],[-118.9444,44.0662],[-118.9746,44.0718],[-118.961,44.0919],[-118.9567,44.1012],[-118.9558,44.1093],[-118.9561,44.1131],[-118.9571,44.1166],[-118.9588,44.1195],[-118.9613,44.1212],[-118.9715,44.1246],[-118.9739,44.1264],[-118.9752,44.1299],[-118.975,44.1343],[-118.9736,44.1438],[-118.9739,44.1481],[-118.9769,44.1551],[-118.9822,44.1628],[-119.0088,44.1929],[-119.023,44.2106],[-119.0323,44.2254],[-119.0311,44.2341],[-119.0245,44.2505],[-119.0192,44.2578],[-119.0085,44.2644],[-118.9949,44.2702],[-118.9657,44.2809],[-118.979,44.2872],[-118.9615,44.2847],[-118.9547,44.2947],[-118.949,44.3056],[-118.9457,44.3192],[-118.9445,44.3344],[-118.9457,44.3469],[-118.9482,44.3507],[-118.9552,44.3567],[-118.9574,44.3604],[-118.9573,44.3687],[-118.9547,44.3788],[-118.9487,44.3964],[-118.9465,44.4021],[-118.9462,44.4036],[-118.9464,44.4051],[-118.9473,44.4064],[-118.9522,44.4099],[-118.9531,44.4111],[-118.9534,44.4124],[-118.9527,44.4161]]},"properties":{"id":"routes-and-regions-us-route-395-6","layer":"routes-and-regions","name":"US Route 395","sourceFolder":"Regions, travel routes, and significant pre-war roads"}},{"type":"Feature","id":"routes-and-regions-us-route-395-7","geometry":{"type":"LineString","coordinates":[[-118.9527,44.4161],[-118.9572,44.4171],[-118.9585,44.4194],[-118.9651,44.4192],[-118.9752,44.4199],[-118.9884,44.4202],[-119.0169,44.4157],[-119.0492,44.4114],[-119.0812,44.4136],[-119.1134,44.4178],[-119.1127,44.4222],[-119.1119,44.4243],[-119.1102,44.4269],[-119.1079,44.4294],[-119.105,44.4316],[-119.1014,44.4334],[-119.0972,44.4349],[-119.0923,44.4361],[-119.08,44.4371],[-119.0664,44.4387],[-119.0532,44.4429],[-119.0467,44.4456],[-119.0413,44.4485],[-119.0377,44.4513],[-119.0368,44.4529],[-119.0364,44.4546],[-119.0369,44.4593],[-119.0388,44.4626],[-119.0391,44.4639],[-119.0375,44.4676],[-119.0305,44.4772],[-119.0285,44.4823],[-119.0287,44.4889],[-119.0304,44.4964],[-119.0331,44.5031],[-119.0359,44.5077],[-119.0373,44.5086],[-119.0403,44.5095],[-119.0414,44.5103],[-119.043,44.5134],[-119.043,44.5167],[-119.0421,44.518],[-119.0391,44.5201],[-119.0382,44.5215],[-119.0377,44.5241],[-119.038,44.5271],[-119.0391,44.5304],[-119.0414,44.5339],[-119.0538,44.5426],[-119.0926,44.5639],[-119.1089,44.5707],[-119.1151,44.5721],[-119.1259,44.5729],[-119.1302,44.5742],[-119.1333,44.5762],[-119.1357,44.5787],[-119.1398,44.5852],[-119.145,44.596],[-119.1493,44.6096],[-119.1511,44.6238],[-119.1497,44.6345],[-119.1377,44.6686],[-119.1326,44.6765],[-119.1264,44.6796],[-119.1113,44.6827],[-119.1032,44.6836],[-119.0955,44.6848],[-119.112,44.7],[-119.1059,44.709],[-119.1037,44.7141],[-119.1038,44.7216],[-119.1055,44.73],[-119.1058,44.7395],[-119.0987,44.7671],[-119.0866,44.7956],[-119.0812,44.8036],[-119.0678,44.8186],[-119.0628,44.8254],[-119.0608,44.8316],[-119.0618,44.8354],[-119.0641,44.8388],[-119.0735,44.8484],[-119.0316,44.8362],[-119.0192,44.8639],[-119.0093,44.8912],[-119.0087,44.9033],[-119.0101,44.9151],[-119.0101,44.9268],[-119.0073,44.9384],[-118.994,44.9516],[-118.9768,44.9655],[-118.9393,44.9933],[-118.9511,45.0008],[-118.9558,45.0025],[-118.9613,45.003],[-118.9803,45.0017],[-118.9853,45.0025],[-118.9882,45.0041],[-118.9905,45.0063],[-118.9963,45.0137],[-118.99,45.0217],[-118.9827,45.0298],[-118.9715,45.0458],[-118.9692,45.0528],[-118.9713,45.0582],[-118.976,45.0635],[-118.9862,45.0731],[-118.9881,45.0773],[-118.9871,45.0799],[-118.9797,45.0867],[-118.9785,45.0892],[-118.9788,45.0923],[-118.9803,45.0957],[-118.9867,45.1061],[-118.975,45.1127],[-118.9774,45.1198],[-118.9771,45.1224],[-118.9737,45.1266],[-118.9614,45.1361],[-118.9565,45.1417],[-118.9523,45.1509],[-118.9479,45.1725],[-118.9482,45.1819],[-118.9519,45.1881],[-118.9638,45.1986],[-118.9682,45.2047],[-118.9699,45.2164],[-118.969,45.2292],[-118.9695,45.2409],[-118.9719,45.2467],[-118.9781,45.2569],[-118.9793,45.262],[-118.9784,45.2677],[-118.976,45.2737],[-118.9729,45.2791],[-118.9698,45.2826],[-118.9684,45.2834],[-118.9639,45.2846],[-118.9651,45.2885],[-118.9662,45.2899],[-118.97,45.2927],[-118.9756,45.2957],[-118.9818,45.2984],[-118.9876,45.3],[-118.9921,45.3001],[-119.0008,45.2988],[-119.0039,45.2988],[-119.005,45.2992],[-119.0072,45.3007],[-119.0032,45.3036],[-119.0022,45.3051],[-119.0024,45.312],[-119.0077,45.332],[-119.0077,45.3396],[-119.0061,45.3418],[-119.0016,45.3449],[-118.9995,45.3473],[-118.9949,45.3611],[-118.9884,45.4016],[-118.9885,45.4153],[-118.9902,45.4178],[-118.9948,45.4209],[-118.9966,45.423],[-118.9983,45.4277],[-118.9992,45.4337],[-118.9994,45.4402],[-118.9994,45.4462],[-118.9974,45.451],[-118.9948,45.4538],[-118.9912,45.4561],[-118.9872,45.4581],[-118.9828,45.4596],[-118.9784,45.4605],[-118.9737,45.4604],[-118.9581,45.4567],[-118.9526,45.4564],[-118.9432,45.4584],[-118.923,45.4656],[-118.914,45.4674],[-118.9087,45.4668],[-118.8992,45.4637],[-118.8937,45.4628],[-118.885,45.4627],[-118.8651,45.4652],[-118.8549,45.4683],[-118.8388,45.4812],[-118.8014,45.5174],[-118.7882,45.5329],[-118.7857,45.5437],[-118.7855,45.5537],[-118.7875,45.5651],[-118.8037,45.6056],[-118.8184,45.6395],[-118.8187,45.6429],[-118.818,45.6458],[-118.813,45.654],[-118.8064,45.6631],[-118.8404,45.6756],[-118.856,45.6792],[-118.8645,45.6785],[-118.8723,45.6766],[-118.8826,45.6762],[-118.9396,45.693],[-119.0192,45.7211],[-119.0918,45.7443],[-119.1494,45.7546],[-119.2032,45.7618]]},"properties":{"id":"routes-and-regions-us-route-395-7","layer":"routes-and-regions","name":"US Route 395","sourceFolder":"Regions, travel routes, and significant pre-war roads"}},{"type":"Feature","id":"routes-and-regions-us-route-395-8","geometry":{"type":"LineString","coordinates":[[-119.2032,45.7618],[-119.2046,45.764],[-119.2048,45.77],[-119.2069,45.7719],[-119.216,45.776],[-119.2176,45.7773],[-119.2181,45.7786],[-119.2175,45.7833],[-119.2178,45.785],[-119.2205,45.7891],[-119.2247,45.7935],[-119.2304,45.7984],[-119.2867,45.8351],[-119.2896,45.838],[-119.2903,45.8397],[-119.2908,45.8458],[-119.29,45.8539],[-119.2902,45.8631],[-119.2929,45.8771],[-119.2972,45.8942],[-119.3018,45.9092],[-119.3055,45.9173],[-119.3072,45.918],[-119.3108,45.9183],[-119.3213,45.9182],[-119.3222,45.9208],[-119.3262,45.9267],[-119.3364,45.9434],[-119.3413,45.9535],[-119.3433,45.9619],[-119.3429,45.9661],[-119.3414,45.9698],[-119.3391,45.9733],[-119.3351,45.9767],[-119.3197,45.9831],[-119.2726,45.9949],[-119.2534,46.0013],[-119.2442,46.0056],[-119.2301,46.0149],[-119.2245,46.021],[-119.222,46.0366],[-119.223,46.0568],[-119.2251,46.0771],[-119.2233,46.0934],[-119.2169,46.1019],[-119.2089,46.1087],[-119.2027,46.1167],[-119.2014,46.1279],[-119.2033,46.1409],[-119.2045,46.1541],[-119.2019,46.1658],[-119.1928,46.1751],[-119.1669,46.1911],[-119.159,46.1983],[-119.1577,46.2023],[-119.1578,46.2061],[-119.159,46.2136],[-119.1552,46.2149],[-119.1479,46.2154],[-119.1391,46.2156],[-119.138,46.2172],[-119.1382,46.2193],[-119.1337,46.2324],[-119.1267,46.2499],[-119.1139,46.2489],[-119.1019,46.2485],[-119.0938,46.2498],[-119.0872,46.2513],[-119.0828,46.2519],[-119.0895,46.2701],[-119.0945,46.2894],[-119.0953,46.308],[-119.0937,46.3281],[-119.0897,46.3487],[-119.0711,46.3742],[-119.0455,46.4002],[-119.0258,46.4259],[-119.017,46.4583],[-119.0131,46.4898],[-119.0136,46.5041],[-119.0158,46.5184],[-119.016,46.5322],[-119.0138,46.545],[-119.0035,46.556],[-118.9769,46.5779],[-118.9609,46.5885],[-118.9279,46.6051],[-118.8918,46.6224],[-118.862,46.6399],[-118.8509,46.6587],[-118.8421,46.6781],[-118.8366,46.6955],[-118.8357,46.7046],[-118.836,46.7127],[-118.8333,46.7216],[-118.8161,46.7393],[-118.7925,46.7601],[-118.7681,46.779],[-118.735,46.8004],[-118.7035,46.8166],[-118.6862,46.821],[-118.6706,46.8246],[-118.6614,46.8281],[-118.653,46.8323],[-118.6452,46.8382],[-118.6338,46.8533],[-118.6232,46.8721],[-118.6156,46.8889],[-118.6094,46.9109],[-118.5957,46.9354],[-118.5754,46.9657],[-118.5537,46.9943],[-118.5126,47.0151],[-118.4315,47.0504],[-118.4223,47.0561],[-118.4157,47.0611],[-118.4109,47.0673],[-118.4089,47.074],[-118.4089,47.0821],[-118.4095,47.0905],[-118.4092,47.0981],[-118.4067,47.1037],[-118.4041,47.1058],[-118.4011,47.1069],[-118.3929,47.109],[-118.3871,47.1113],[-118.1293,47.2614],[-117.7102,47.501],[-117.4446,47.6502],[-117.4309,47.6528],[-117.4112,47.6526]]},"properties":{"id":"routes-and-regions-us-route-395-8","layer":"routes-and-regions","name":"US Route 395","sourceFolder":"Regions, travel routes, and significant pre-war roads"}},{"type":"Feature","id":"routes-and-regions-us-route-395-9","geometry":{"type":"LineString","coordinates":[[-117.3633,47.672],[-117.3635,47.7046],[-117.3617,47.7171],[-117.36,47.72],[-117.3558,47.7244],[-117.3548,47.7266],[-117.3555,47.7293],[-117.3593,47.7349],[-117.3607,47.7379],[-117.3607,47.743],[-117.36,47.7485],[-117.3603,47.7534],[-117.3624,47.7568],[-117.3652,47.76],[-117.3672,47.763],[-117.3674,47.7648],[-117.3671,47.7685],[-117.3675,47.7702],[-117.371,47.7743],[-117.3736,47.7762],[-117.3766,47.7776],[-117.3819,47.7785],[-117.3948,47.7785],[-117.3993,47.779],[-117.4013,47.78],[-117.4029,47.7813],[-117.4069,47.7852],[-117.4087,47.7876],[-117.4097,47.7899],[-117.4093,47.7921],[-117.4066,47.7965],[-117.4057,47.7988],[-117.4053,47.8037],[-117.4064,47.8093],[-117.4141,47.8218],[-117.4224,47.8369],[-117.4227,47.8475],[-117.4205,47.859],[-117.4201,47.8714],[-117.4225,47.8846],[-117.4425,47.9052],[-117.5282,47.9823],[-117.5468,47.9963],[-117.5523,47.9975],[-117.5572,47.9976],[-117.5713,47.9959],[-117.6267,48.0667],[-117.6344,48.0829],[-117.6405,48.1009],[-117.647,48.1181],[-117.6535,48.1326],[-117.6604,48.1424],[-117.6649,48.1444],[-117.6699,48.1452],[-117.6798,48.1459],[-117.6842,48.1474],[-117.6909,48.1523],[-117.6965,48.159],[-117.702,48.1658],[-117.7048,48.1724],[-117.7044,48.1772],[-117.7,48.1865],[-117.6997,48.1909],[-117.7024,48.195],[-117.7118,48.2026],[-117.7155,48.2079],[-117.718,48.2294],[-117.7172,48.2575],[-117.7158,48.2856],[-117.7391,48.2925],[-117.7624,48.3001],[-117.8069,48.3156],[-117.8257,48.324],[-117.8331,48.341],[-117.8452,48.3828],[-117.8482,48.4043],[-117.8545,48.4234],[-117.8708,48.4451],[-117.8897,48.4647],[-117.9033,48.4849],[-117.9066,48.5058],[-117.9066,48.5271],[-117.9059,48.5485],[-117.9102,48.5487],[-117.9135,48.5503],[-117.924,48.557],[-117.9343,48.5644],[-117.9378,48.5682],[-117.9435,48.5727],[-117.9515,48.578],[-117.9603,48.5825],[-117.9708,48.5854],[-117.9823,48.5875],[-117.9917,48.5898],[-118.0029,48.5958],[-118.0261,48.6073],[-118.0384,48.6114],[-118.0469,48.6123],[-118.055,48.6121],[-118.0623,48.6112],[-118.0662,48.61],[-118.0731,48.607],[-118.0759,48.6062],[-118.078,48.6061],[-118.0803,48.6066],[-118.0876,48.6088],[-118.0969,48.6124],[-118.1046,48.6161],[-118.1077,48.619],[-118.11,48.622],[-118.1127,48.6243],[-118.1152,48.6253],[-118.1207,48.6264],[-118.1224,48.627],[-118.1231,48.6284],[-118.1223,48.6307],[-118.1181,48.638],[-118.1163,48.6419],[-118.1138,48.6524],[-118.1136,48.6635],[-118.1246,48.6855],[-118.1288,48.7128],[-118.1334,48.7475],[-118.1417,48.7797],[-118.1611,48.8029],[-118.1852,48.824],[-118.2042,48.8449],[-118.2103,48.8561],[-118.2208,48.8895],[-118.2207,48.8972],[-118.2186,48.9004],[-118.2155,48.9028],[-118.2046,48.909],[-118.2157,48.9239],[-118.2205,48.9313],[-118.2228,48.9383],[-118.2218,48.9431],[-118.2133,48.9567],[-118.2128,48.9604],[-118.2142,48.9627],[-118.2222,48.9682],[-118.2241,48.9706],[-118.226,48.9784],[-118.226,48.9876],[-118.2254,48.9948],[-118.2239,49.0001]]},"properties":{"id":"routes-and-regions-us-route-395-9","layer":"routes-and-regions","name":"US Route 395","sourceFolder":"Regions, travel routes, and significant pre-war roads"}},{"type":"Feature","id":"routes-and-regions-us-route-395-10","geometry":{"type":"LineString","coordinates":[[-117.4029,47.7813],[-117.402,47.7794],[-117.403,47.7734],[-117.4109,47.7511],[-117.4113,47.7489],[-117.4114,47.7376],[-117.4112,47.6526]]},"properties":{"id":"routes-and-regions-us-route-395-10","layer":"routes-and-regions","name":"US Route 395","sourceFolder":"Regions, travel routes, and significant pre-war roads"}},{"type":"Feature","id":"routes-and-regions-interstate-15","geometry":{"type":"LineString","coordinates":[[-117.113,32.7786],[-117.1185,32.8102],[-117.1207,32.8395],[-117.1092,32.8729],[-117.1106,32.8844],[-117.114,32.896],[-117.1147,32.9086],[-117.1073,32.9271],[-117.095,32.9472],[-117.0845,32.9697],[-117.0794,32.9909],[-117.0686,33.0629],[-117.068,33.0802],[-117.0733,33.0872],[-117.0802,33.093],[-117.0882,33.0977],[-117.0956,33.1027],[-117.101,33.109],[-117.1038,33.1202],[-117.1037,33.1326],[-117.1032,33.1462],[-117.1051,33.1607],[-117.13,33.2109],[-117.1559,33.2653],[-117.1605,33.317],[-117.1628,33.3628],[-117.166,33.3717],[-117.1743,33.3867],[-117.1771,33.3937],[-117.1779,33.4007],[-117.173,33.4086],[-117.1652,33.417],[-117.1467,33.433],[-117.1408,33.4408],[-117.138,33.4497],[-117.1371,33.4584],[-117.138,33.4683],[-117.1488,33.4919],[-117.1642,33.5201],[-117.1792,33.5439],[-117.1899,33.5531],[-117.2011,33.56],[-117.2136,33.5691],[-117.2973,33.6571],[-117.321,33.6815],[-117.3453,33.704],[-117.3688,33.7234],[-117.3882,33.7295],[-117.4092,33.7323],[-117.4297,33.7357],[-117.4484,33.7417],[-117.4634,33.7563],[-117.4936,33.7913],[-117.5075,33.8102],[-117.5221,33.8314],[-117.5485,33.8765],[-117.5583,33.8968],[-117.5568,33.9128],[-117.5534,33.9285],[-117.5479,33.9442],[-117.5445,33.9606],[-117.546,33.9908],[-117.55,34.0224],[-117.5506,34.0459],[-117.5485,34.0516],[-117.5458,34.0557],[-117.5438,34.0605],[-117.5438,34.0694],[-117.5452,34.0793],[-117.5448,34.0883],[-117.5426,34.0939],[-117.5392,34.0987],[-117.5342,34.1044],[-117.5027,34.1326],[-117.4649,34.1624],[-117.4481,34.1737],[-117.4322,34.1838],[-117.4202,34.1944],[-117.415,34.2036],[-117.4095,34.2227],[-117.4192,34.2294],[-117.4287,34.2369],[-117.4368,34.2445],[-117.4447,34.2531],[-117.4507,34.2624],[-117.4527,34.2705],[-117.4533,34.288],[-117.4555,34.2953],[-117.4596,34.3],[-117.4706,34.3076],[-117.4751,34.3115],[-117.4787,34.3165],[-117.4815,34.3217],[-117.4829,34.3268],[-117.4825,34.3314],[-117.4792,34.3404],[-117.4672,34.3403],[-117.4614,34.3406],[-117.456,34.3417],[-117.4511,34.344],[-117.4469,34.347],[-117.4374,34.3559],[-117.3998,34.4004],[-117.3601,34.452],[-117.3398,34.478],[-117.3241,34.5015],[-117.3202,34.5118],[-117.315,34.5319],[-117.3108,34.5396],[-117.3065,34.5432],[-117.2962,34.548],[-117.2904,34.552],[-117.2526,34.5975],[-117.2174,34.6454],[-117.2118,34.6578],[-117.2097,34.6684],[-117.2106,34.6748],[-117.2126,34.681],[-117.213,34.6879],[-117.209,34.6999],[-117.202,34.7132],[-117.1935,34.7258],[-117.1785,34.742],[-117.1602,34.758],[-117.1178,34.79],[-117.0994,34.8071],[-117.0917,34.826],[-117.0877,34.846],[-117.0826,34.8626],[-117.0789,34.8685],[-117.0748,34.8738],[-117.0705,34.8781],[-117.0658,34.8814],[-117.0619,34.8832],[-117.058,34.8843],[-117.0488,34.8857],[-117.0363,34.8858],[-117.0219,34.8852],[-117.0082,34.8868],[-116.9993,34.8913],[-116.9829,34.9043],[-116.9734,34.9084],[-116.9604,34.9085],[-116.9463,34.9058],[-116.9305,34.9024],[-116.9123,34.9009],[-116.8243,34.9126],[-116.7174,34.9304],[-116.5651,34.9934],[-116.4304,35.0525],[-116.4138,35.0646],[-116.4022,35.0762],[-116.3901,35.086],[-116.3754,35.0952],[-116.3417,35.0997],[-116.3004,35.1],[-116.2578,35.1037],[-116.2189,35.1087],[-116.1852,35.1432],[-116.1459,35.1866],[-116.1095,35.227],[-116.087,35.2543],[-116.0797,35.2597],[-116.0733,35.2635],[-116.0611,35.2708],[-116.0508,35.2776],[-116.0474,35.2818],[-116.0441,35.2851],[-115.9883,35.3221],[-115.9121,35.3676],[-115.865,35.3844],[-115.8249,35.3955],[-115.7943,35.4016],[-115.6748,35.4439],[-115.6285,35.4611],[-115.5914,35.4734],[-115.584,35.4749],[-115.5779,35.4756],[-115.5725,35.4755],[-115.5688,35.4748],[-115.5617,35.4725],[-115.5453,35.47],[-115.5368,35.4687],[-115.5279,35.468],[-115.5202,35.469],[-115.5121,35.4707],[-115.5044,35.4715],[-115.498,35.4706],[-115.486,35.467],[-115.4827,35.4657],[-115.4763,35.4625],[-115.4733,35.4613],[-115.4703,35.4609],[-115.4679,35.4612],[-115.4656,35.4621],[-115.4591,35.4657],[-115.4511,35.4708],[-115.4501,35.4717],[-115.4488,35.4734],[-115.4471,35.4767],[-115.3905,35.6089],[-115.389,35.6123],[-115.3877,35.6164],[-115.3764,35.6829],[-115.3678,35.7131],[-115.3551,35.7434],[-115.3282,35.7837],[-115.297,35.8236],[-115.2287,35.8826],[-115.2117,35.9029],[-115.1965,35.9237],[-115.1838,35.9444],[-115.1804,35.9683],[-115.1793,35.9931],[-115.18,36.0131],[-115.1803,36.032],[-115.1806,36.0571],[-115.1807,36.0624],[-115.1806,36.098],[-115.1811,36.1172],[-115.1806,36.132],[-115.1799,36.134],[-115.1786,36.1359],[-115.1622,36.1544],[-115.1608,36.1576],[-115.1609,36.1637],[-115.1596,36.1676],[-115.1576,36.1713],[-115.1553,36.1744],[-115.1449,36.1812],[-115.1436,36.1834],[-115.1433,36.1889],[-115.1404,36.1926],[-115.1388,36.1958],[-115.1379,36.1977],[-115.1369,36.1998],[-115.129,36.2121],[-115.1158,36.2284],[-115.0924,36.2493],[-115.0694,36.2659],[-115.0634,36.2688],[-115.0564,36.2713],[-115.0027,36.2903],[-114.9462,36.3128],[-114.933,36.3206],[-114.9228,36.3297],[-114.9074,36.3528],[-114.8922,36.3803],[-114.8735,36.4136],[-114.8538,36.4437],[-114.8407,36.4572],[-114.8253,36.4688],[-114.7916,36.4875],[-114.7617,36.5022],[-114.7536,36.5063],[-114.7297,36.5255],[-114.7005,36.5496],[-114.6752,36.5669],[-114.6539,36.5826],[-114.6403,36.601],[-114.6192,36.6214],[-114.591,36.6456],[-114.5661,36.6646],[-114.5516,36.6681],[-114.5373,36.6687],[-114.5219,36.6721],[-114.4918,36.6922],[-114.4575,36.7202],[-114.4199,36.7449],[-114.367,36.758],[-114.3101,36.7702],[-114.2599,36.7792],[-114.2407,36.7774],[-114.2228,36.7726],[-114.2056,36.7676],[-114.1891,36.7646],[-114.1734,36.7634],[-114.159,36.7696],[-114.1444,36.778],[-114.1294,36.7872],[-114.115,36.7974],[-114.0996,36.8056],[-114.0556,36.8172],[-114.0113,36.8302],[-113.9788,36.8519],[-113.9475,36.8774],[-113.9262,36.8928],[-113.9234,36.8935],[-113.9212,36.8935],[-113.9184,36.894],[-113.9093,36.898],[-113.882,36.9123],[-113.8684,36.9185],[-113.858,36.9214],[-113.8539,36.9209],[-113.8503,36.9194],[-113.8442,36.916],[-113.8415,36.9151],[-113.8396,36.9151],[-113.8346,36.9163],[-113.8323,36.9263],[-113.8317,36.9276],[-113.8304,36.9287],[-113.8047,36.943],[-113.7687,36.9601],[-113.7497,36.9661],[-113.7292,36.9707],[-113.692,36.9751],[-113.6503,36.9819],[-113.6316,36.9866],[-113.6175,37.0066],[-113.6024,37.0322],[-113.5887,37.061],[-113.5731,37.0891],[-113.5564,37.1135],[-113.5113,37.1374],[-113.4615,37.1594],[-113.4139,37.183],[-113.3591,37.2319],[-113.3027,37.2872],[-113.2661,37.3731],[-113.2302,37.473],[-113.1949,37.5555],[-113.1594,37.5859],[-113.123,37.6102],[-113.0933,37.636],[-113.0846,37.6598],[-113.0818,37.6853],[-113.0748,37.7107],[-113.0658,37.736],[-113.0154,37.7633],[-112.9503,37.7948],[-112.8799,37.8277],[-112.8159,37.8618],[-112.7591,37.9456],[-112.7029,38.0368],[-112.6566,38.1065],[-112.6331,38.1231],[-112.6123,38.1358],[-112.5906,38.1475],[-112.6053,38.1567],[-112.6325,38.1766],[-112.6456,38.1885],[-112.6482,38.2284],[-112.6497,38.3373],[-112.6483,38.3847],[-112.6296,38.4325],[-112.6099,38.4794],[-112.603,38.5624],[-112.5989,38.6469],[-112.5925,38.6836],[-112.5847,38.7175],[-112.5742,38.7541],[-112.5091,38.8127],[-112.4259,38.8798],[-112.3507,38.9471],[-112.2857,39.0557],[-112.2367,39.1444],[-112.2089,39.1769],[-112.1144,39.253],[-112.1064,39.26],[-112.1004,39.2657],[-112.0952,39.2737],[-112.0901,39.3021],[-112.0869,39.3396],[-112.0787,39.3773],[-112.0448,39.4177],[-112.0032,39.4603],[-111.9644,39.504],[-111.938,39.557],[-111.9144,39.6117],[-111.892,39.6533],[-111.8741,39.6647],[-111.8559,39.6725],[-111.8404,39.6807],[-111.8342,39.6858],[-111.8292,39.6915],[-111.8203,39.7025],[-111.818,39.7084],[-111.8189,39.7156],[-111.8225,39.7233],[-111.8323,39.7397],[-111.8355,39.7486],[-111.8367,39.7801],[-111.8343,39.8143],[-111.8336,39.8541],[-111.8299,39.8919],[-111.8217,39.9167],[-111.8115,39.9373],[-111.805,39.9478],[-111.7974,39.9568],[-111.7724,39.9756],[-111.7686,39.9799],[-111.766,39.985],[-111.7649,39.9965],[-111.7649,40.0113],[-111.761,40.0268],[-111.7404,40.0501],[-111.7141,40.0765],[-111.6892,40.0988],[-111.6494,40.1279],[-111.6478,40.13],[-111.6469,40.1324],[-111.6446,40.1468],[-111.6443,40.1687],[-111.6461,40.1914],[-111.6688,40.222],[-111.6996,40.255],[-111.722,40.2837],[-111.7246,40.2943],[-111.7242,40.3131],[-111.7277,40.3225],[-111.7426,40.3349],[-111.7622,40.3484],[-111.7841,40.3627],[-111.8065,40.3768],[-111.8544,40.4076],[-111.8992,40.4384],[-111.9119,40.4493],[-111.9133,40.4534],[-111.913,40.4571],[-111.9124,40.4606],[-111.9093,40.4678],[-111.9038,40.4753],[-111.8964,40.4831],[-111.8909,40.4933],[-111.8929,40.5268],[-111.9057,40.6135],[-111.9046,40.7184],[-111.9037,40.7307],[-111.9042,40.7405],[-111.9088,40.7498],[-111.9133,40.7576],[-111.9141,40.7609],[-111.9139,40.764],[-111.9102,40.7719],[-111.9097,40.777],[-111.9106,40.7828],[-111.9127,40.7879],[-111.9201,40.8002],[-111.9229,40.806],[-111.9238,40.8107],[-111.923,40.8127],[-111.9182,40.8172],[-111.9169,40.8192],[-111.9159,40.8272],[-111.9162,40.837],[-111.9147,40.8464],[-111.9095,40.8543],[-111.9025,40.8618],[-111.8975,40.8694],[-111.8964,40.8772],[-111.897,40.8851],[-111.8968,40.892],[-111.8919,40.9027],[-111.8895,40.9323],[-111.8913,40.9644],[-111.8932,40.9729],[-111.8959,40.9801],[-111.9004,40.9866],[-111.9086,40.9926],[-111.9189,40.9978],[-111.9278,41.0029],[-111.935,41.0088],[-111.9405,41.0151],[-111.9447,41.0228],[-111.9473,41.0303],[-111.9477,41.0353],[-111.9484,41.0378],[-111.952,41.0423],[-111.9569,41.0472],[-111.9604,41.0516],[-111.9608,41.0538],[-111.9605,41.0557],[-111.9611,41.0582],[-111.9782,41.0779],[-112.0058,41.105],[-112.0238,41.1241],[-112.0253,41.1268],[-112.0259,41.1295],[-112.0265,41.1395],[-112.0255,41.1517],[-112.024,41.161],[-112.0215,41.1705],[-112.0173,41.1793],[-112.012,41.185],[-111.9988,41.1953],[-111.9949,41.1997],[-111.9941,41.2018],[-111.9939,41.2038],[-111.995,41.2078],[-111.9977,41.2112],[-112.0068,41.2186],[-112.0105,41.2231],[-112.0137,41.2327],[-112.0154,41.2437],[-112.0177,41.2533],[-112.0205,41.258],[-112.0236,41.2621],[-112.0261,41.2672],[-112.0268,41.2815],[-112.0253,41.2993],[-112.0259,41.3165],[-112.0438,41.3593],[-112.0419,41.3894],[-112.0458,41.3995],[-112.0499,41.4085],[-112.0518,41.421],[-112.0553,41.426],[-112.0568,41.4293],[-112.0567,41.4465],[-112.054,41.4694],[-112.0529,41.4868],[-112.0539,41.4918],[-112.0555,41.4962],[-112.064,41.5208],[-112.0728,41.585],[-112.0767,41.5984],[-112.083,41.6114],[-112.0966,41.6316],[-112.115,41.6546],[-112.1337,41.675],[-112.1458,41.6821],[-112.1598,41.6878],[-112.1737,41.6929],[-112.1852,41.6984],[-112.1931,41.7043],[-112.1952,41.7095],[-112.1949,41.7204],[-112.1924,41.7327],[-112.1819,41.7584],[-112.1708,41.7908],[-112.1739,41.8755],[-112.1818,41.9666],[-112.205,42.0214],[-112.2257,42.0717],[-112.2241,42.1188],[-112.2216,42.1624],[-112.229,42.1815],[-112.2385,42.199],[-112.2436,42.2173],[-112.2342,42.2426],[-112.2178,42.2693],[-112.2079,42.2946],[-112.2117,42.3125],[-112.2202,42.3295],[-112.2244,42.3494],[-112.2085,42.3932],[-112.1833,42.4458],[-112.1639,42.4994],[-112.181,42.5644],[-112.2017,42.6341],[-112.2216,42.6935],[-112.2243,42.7245],[-112.2247,42.7517],[-112.2288,42.7735],[-112.2321,42.7799],[-112.2458,42.7948],[-112.252,42.7986],[-112.2676,42.8],[-112.2883,42.7992],[-112.3111,42.7966],[-112.3334,42.796],[-112.3521,42.7974],[-112.3667,42.8061],[-112.3952,42.8275],[-112.4084,42.8397],[-112.4213,42.8662],[-112.4335,42.8962],[-112.4441,42.9283],[-112.4297,42.9813],[-112.3919,43.094],[-112.3923,43.1448],[-112.3892,43.1721],[-112.321,43.2442],[-112.2312,43.3355],[-112.153,43.412],[-112.129,43.4308],[-112.1047,43.4471],[-112.0668,43.4765],[-112.0543,43.4885],[-112.0534,43.4964],[-112.0559,43.5118],[-112.0579,43.519],[-112.0605,43.5258],[-112.0721,43.5497],[-112.0755,43.5877],[-112.0831,43.6368],[-112.1416,43.7391],[-112.204,43.8501],[-112.2199,43.9328],[-112.2314,44.0162],[-112.2356,44.0925],[-112.2375,44.1726],[-112.2369,44.241],[-112.219,44.2741],[-112.1978,44.3026],[-112.182,44.3334],[-112.1917,44.3714],[-112.2197,44.4599],[-112.2342,44.4982],[-112.2667,44.5176],[-112.3376,44.5555],[-112.377,44.5745],[-112.4593,44.6001],[-112.5487,44.6272],[-112.6297,44.6547],[-112.6736,44.6945],[-112.716,44.7355],[-112.7588,44.7796],[-112.7796,44.8218],[-112.8418,44.9638],[-112.8577,45.0053],[-112.8197,45.0457],[-112.7721,45.0927],[-112.7188,45.1398],[-112.6728,45.1852],[-112.6379,45.2224],[-112.6497,45.2513],[-112.6803,45.3134],[-112.698,45.3438],[-112.7121,45.3731],[-112.7182,45.4161],[-112.7219,45.4581],[-112.7231,45.4983],[-112.7109,45.5256],[-112.692,45.5517],[-112.6775,45.5789],[-112.6654,45.6061],[-112.6782,45.6414],[-112.6967,45.6804],[-112.7169,45.7204],[-112.7313,45.7596],[-112.7131,45.8189],[-112.6914,45.8815],[-112.6709,45.9337],[-112.6588,45.9794],[-112.6517,45.9948],[-112.6468,46.0005],[-112.6441,46.0026],[-112.6408,46.0043],[-112.6366,46.0057],[-112.6244,46.0067],[-112.5707,46.0039],[-112.5535,46.0014],[-112.5166,45.9913],[-112.4807,45.979],[-112.3695,46.1743],[-112.3269,46.2684],[-112.1319,46.238],[-112.0867,46.2984],[-111.9576,46.4815],[-111.9314,46.5222],[-111.9442,46.5387],[-111.9588,46.5542],[-111.9749,46.5694],[-111.9934,46.5847],[-112.0083,46.6034],[-112.0131,46.6596],[-112.0115,46.7297],[-112.0145,46.7992],[-112.0193,46.8538],[-112.047,46.8741],[-112.1043,46.9114],[-112.1346,46.9289],[-111.9074,47.1178],[-111.6784,47.3051],[-111.5139,47.4366],[-111.4555,47.4502],[-111.406,47.4589],[-111.3694,47.4661],[-111.3604,47.4706],[-111.3541,47.4756],[-111.3484,47.4801],[-111.3447,47.4854],[-111.3431,47.4912],[-111.3433,47.4975],[-111.345,47.5103],[-111.3916,47.5288],[-111.4389,47.5452],[-111.4631,47.5492],[-111.4876,47.5522],[-111.5117,47.5565],[-111.5357,47.5625],[-111.5622,47.5934],[-111.6267,47.6775],[-111.654,47.7164],[-111.6613,47.7718],[-111.6704,47.8327],[-111.7951,47.9998],[-111.9231,48.1782],[-111.9342,48.2841],[-111.9396,48.3792],[-111.9027,48.4501],[-111.8627,48.525],[-111.8585,48.6229],[-111.8565,48.734],[-111.8572,48.8333],[-111.8929,48.8913],[-111.9289,48.9457],[-111.9671,48.9993]]},"properties":{"id":"routes-and-regions-interstate-15","layer":"routes-and-regions","name":"Interstate 15","sourceFolder":"Regions, travel routes, and significant pre-war roads"}},{"type":"Feature","id":"routes-and-regions-interstate-215","geometry":{"type":"LineString","coordinates":[[-115.0141,36.0336],[-115.085,36.0245],[-115.0914,36.0236],[-115.1052,36.0232],[-115.1192,36.0235],[-115.124,36.0242],[-115.126,36.025],[-115.1282,36.0264],[-115.1301,36.0282],[-115.1317,36.0304],[-115.1331,36.0343],[-115.1342,36.0425],[-115.1344,36.0458],[-115.1355,36.0496],[-115.1373,36.0536],[-115.1407,36.0583],[-115.1429,36.0602],[-115.145,36.0614],[-115.1498,36.0629],[-115.1538,36.0635],[-115.1585,36.0637],[-115.1788,36.0635],[-115.1857,36.0651],[-115.197,36.0687],[-115.2005,36.0689],[-115.2115,36.0676],[-115.2276,36.0669],[-115.2436,36.0665],[-115.2632,36.066],[-115.2807,36.0663],[-115.284,36.0668],[-115.2863,36.0677],[-115.2878,36.0692],[-115.2887,36.0711],[-115.2891,36.0731],[-115.2891,36.0779],[-115.2888,36.0912],[-115.2896,36.0947],[-115.2948,36.1012],[-115.296,36.1071],[-115.297,36.1095],[-115.2985,36.1118],[-115.301,36.1142],[-115.3041,36.1161],[-115.3079,36.1176],[-115.312,36.1186],[-115.3213,36.1198],[-115.3245,36.1207],[-115.3273,36.122],[-115.3302,36.1241],[-115.3327,36.1264],[-115.3344,36.1286],[-115.3356,36.131],[-115.3365,36.1363],[-115.3368,36.1484],[-115.3372,36.159],[-115.3378,36.1705],[-115.3391,36.1768],[-115.3426,36.1863],[-115.3424,36.1918],[-115.3421,36.1995],[-115.3415,36.2039],[-115.3402,36.2077],[-115.3375,36.2106],[-115.3304,36.2156],[-115.3278,36.2182],[-115.3264,36.221],[-115.3254,36.2268],[-115.3257,36.2343],[-115.3252,36.238],[-115.3231,36.2412],[-115.3202,36.2442],[-115.3182,36.2471],[-115.3174,36.2505],[-115.3177,36.2535],[-115.3188,36.2553],[-115.3204,36.257],[-115.3247,36.2598],[-115.3265,36.2614],[-115.3274,36.263],[-115.3283,36.2665],[-115.3286,36.2731],[-115.328,36.276],[-115.3266,36.2782],[-115.3245,36.2799],[-115.3213,36.281],[-115.3173,36.2815],[-115.3138,36.2813],[-115.3058,36.2801],[-115.2905,36.2804],[-115.2792,36.2779],[-115.2672,36.2777],[-115.2517,36.2756],[-115.2357,36.2746],[-115.2165,36.2741],[-115.2014,36.2755],[-115.1967,36.2772],[-115.1897,36.282],[-115.1805,36.2902],[-115.177,36.2922],[-115.1729,36.2932],[-115.1683,36.2934],[-115.1591,36.2933],[-115.1437,36.2928],[-115.1223,36.2892],[-115.1069,36.2894],[-115.0895,36.2903],[-115.0768,36.2901],[-115.0743,36.2896],[-115.0706,36.2876],[-115.0664,36.2839],[-115.0586,36.2748],[-115.0564,36.2713]]},"properties":{"id":"routes-and-regions-interstate-215","layer":"routes-and-regions","name":"Interstate 215","sourceFolder":"Regions, travel routes, and significant pre-war roads"}},{"type":"Feature","id":"routes-and-regions-interstate-40","geometry":{"type":"LineString","coordinates":[[-117.0082,34.8868],[-116.9831,34.8832],[-116.9722,34.8803],[-116.9663,34.8766],[-116.9615,34.8723],[-116.9534,34.868],[-116.8726,34.8543],[-116.7477,34.8359],[-116.627,34.8194],[-116.4923,34.7974],[-116.3727,34.7748],[-116.3277,34.7562],[-116.2876,34.7372],[-116.2463,34.7217],[-116.1941,34.7222],[-116.138,34.7245],[-116.0802,34.7285],[-115.8747,34.7349],[-115.8061,34.7255],[-115.7382,34.7168],[-115.6763,34.7196],[-115.6104,34.7242],[-115.5459,34.7304],[-115.4878,34.755],[-115.4302,34.7849],[-115.3674,34.8116],[-115.2681,34.8188],[-115.1578,34.8246],[-115.0488,34.8296],[-114.7554,34.8782],[-114.739,34.8818],[-114.7251,34.8854],[-114.7009,34.8899],[-114.6888,34.8904],[-114.6742,34.8837],[-114.6254,34.8546],[-114.6137,34.8456],[-114.6034,34.8352],[-114.5961,34.8234],[-114.5905,34.8034],[-114.5857,34.7795],[-114.5775,34.758],[-114.5656,34.7472],[-114.5376,34.7271],[-114.5226,34.7185],[-114.4956,34.7183],[-114.4637,34.72],[-114.4295,34.7221],[-114.3963,34.7252],[-114.3626,34.7249],[-114.2948,34.7271],[-114.2631,34.7298],[-114.2405,34.7434],[-114.17,34.7927],[-114.1518,34.8076],[-114.1503,34.8249],[-114.1514,34.8625],[-114.154,34.8832],[-114.1546,34.9056],[-114.1428,34.9776],[-114.1272,35.059],[-114.1134,35.1205],[-114.1024,35.1355],[-114.0905,35.1463],[-114.0818,35.1564],[-114.0786,35.1673],[-114.0763,35.1772],[-114.066,35.1908],[-114.0629,35.1992],[-114.0605,35.208],[-114.0367,35.2137],[-114.0131,35.2176],[-113.9914,35.2164],[-113.9692,35.2125],[-113.9405,35.2046],[-113.9094,35.1968],[-113.8823,35.1956],[-113.8536,35.1962],[-113.8277,35.194],[-113.811,35.1878],[-113.796,35.1796],[-113.7793,35.1725],[-113.7411,35.1647],[-113.6967,35.1592],[-113.6224,35.1573],[-113.5435,35.1586],[-113.4709,35.1758],[-113.4034,35.1923],[-113.3737,35.192],[-113.346,35.19],[-113.3155,35.1912],[-113.2546,35.2193],[-113.1843,35.2577],[-113.1219,35.2865],[-113.0876,35.2902],[-113.0562,35.2902],[-113.0257,35.2921],[-112.9969,35.3013],[-112.969,35.3128],[-112.942,35.3202],[-112.9207,35.3197],[-112.8998,35.3176],[-112.8753,35.3135],[-112.7818,35.2813],[-112.6789,35.2451],[-112.5347,35.2193],[-112.348,35.2182],[-112.317,35.2178],[-112.2607,35.2201],[-112.2367,35.2227],[-112.2215,35.232],[-112.2091,35.2443],[-112.1958,35.2559],[-112.1804,35.2653],[-112.1486,35.2657],[-112.0695,35.2627],[-112.0349,35.2597],[-111.9634,35.2474],[-111.9306,35.2476],[-111.8975,35.2485],[-111.8732,35.2479],[-111.8485,35.2457],[-111.8234,35.2418],[-111.7923,35.2266],[-111.7602,35.207],[-111.73,35.1902],[-111.7072,35.1813],[-111.6852,35.1744],[-111.6671,35.1704],[-111.6592,35.1702],[-111.6524,35.1709],[-111.6462,35.1728],[-111.6411,35.1758],[-111.6311,35.1846],[-111.5847,35.2165]]},"properties":{"id":"routes-and-regions-interstate-40","layer":"routes-and-regions","name":"Interstate 40","sourceFolder":"Regions, travel routes, and significant pre-war roads"}},{"type":"Feature","id":"routes-and-regions-interstate-40-2","geometry":{"type":"LineString","coordinates":[[-111.5847,35.2165],[-111.4651,35.2027],[-111.3574,35.1873],[-111.3113,35.1689],[-111.2585,35.1469],[-110.4895,34.9715],[-110.4116,34.966],[-110.3477,34.9634],[-110.2917,34.958],[-110.2554,34.9381],[-110.2208,34.9172],[-110.1874,34.8949],[-110.1566,34.9201],[-110.0925,34.9681],[-110.061,34.9895],[-110.0178,34.9931],[-109.9713,34.9947],[-109.9201,34.9943],[-109.8633,34.9985],[-109.5877,35.1084],[-109.3195,35.2187],[-109.2592,35.268],[-109.2096,35.3129],[-109.1437,35.286],[-109.0712,35.3451],[-108.9235,35.4608],[-108.858,35.5099],[-108.7914,35.518],[-108.6557,35.5313],[-108.5834,35.5367],[-108.4337,35.4858],[-108.2615,35.4253],[-108.1,35.3667],[-107.9401,35.2432],[-107.8033,35.1334],[-107.7379,35.0997],[-107.6692,35.0682],[-107.5175,35.0417],[-107.3287,35.0108],[-107.1473,34.9828],[-106.9817,35.0225],[-106.8115,35.0667],[-106.6541,35.1062],[-106.5352,35.1105],[-106.4227,35.1131],[-106.3166,35.1139],[-106.2339,35.0836],[-106.1525,35.0484],[-106.0502,35.0104],[-105.4476,34.978],[-104.7291,34.9429],[-104.2764,35.0207],[-103.8233,35.1035],[-103.4986,35.1588],[-103.4292,35.1405],[-103.3754,35.1215],[-103.3118,35.1049],[-103.1162,35.1505],[-102.8649,35.2147],[-102.6252,35.271],[-102.4318,35.2468],[-102.2371,35.2207],[-102.0209,35.1902],[-100.8124,35.1767],[-100.2835,35.2117],[-99.7742,35.2485],[-99.3208,35.3865],[-98.8788,35.5173],[-98.5621,35.5255],[-98.2454,35.5321],[-98.0246,35.5351],[-97.9862,35.5226],[-97.9585,35.5097],[-97.9285,35.4994],[-97.8807,35.4981],[-97.8291,35.501],[-97.7843,35.4994],[-97.7613,35.4888],[-97.742,35.475],[-97.717,35.4636],[-97.6454,35.4613],[-97.5552,35.4638],[-97.4671,35.4614],[-97.3609,35.4254],[-97.2376,35.3871],[-96.8273,35.3855],[-96.4274,35.3871],[-96.3397,35.4086],[-96.2489,35.4319],[-95.7175,35.4556],[-95.1173,35.4789],[-94.9198,35.4508],[-94.7428,35.4218],[-94.5735,35.3983],[-94.4101,35.4401],[-94.2433,35.4878],[-94.0741,35.5311],[-93.8967,35.5051],[-93.5092,35.4448],[-93.3847,35.4237],[-93.3685,35.4051],[-93.3575,35.3882],[-93.3472,35.3702],[-93.3297,35.3498],[-93.1738,35.3042],[-92.6684,35.1616],[-92.4151,35.0918],[-92.422,35.0519],[-92.4318,34.9717],[-92.4344,34.9343],[-92.4082,34.9061],[-92.3097,34.8092],[-92.2751,34.7777],[-92.1658,34.7824],[-91.6805,34.8108],[-91.5033,34.8228],[-91.048,34.942],[-90.5495,35.0777],[-90.1951,35.1699],[-90.1271,35.1634],[-90.0748,35.1571],[-90.0227,35.1492],[-90.0157,35.192],[-89.9766,35.1937],[-89.939,35.1937],[-89.9237,35.192],[-89.9147,35.1855],[-89.8987,35.1692],[-89.8838,35.1516],[-89.7143,35.2384],[-89.3775,35.4144],[-89.2748,35.4699],[-89.2684,35.4845],[-89.2657,35.4971],[-89.2652,35.5091],[-89.2617,35.5211],[-89.2556,35.5347],[-89.1476,35.5687],[-88.5412,35.7497],[-88.3547,35.8036],[-88.0204,35.8407],[-87.726,35.8764],[-87.5519,35.9472],[-87.3992,36.0121],[-87.3148,36.0226],[-87.2339,36.0279],[-87.1685,36.0365],[-87.1482,36.0473],[-87.1323,36.0601],[-87.1164,36.0716],[-87.0985,36.0809],[-87.0728,36.0809],[-87.0425,36.0781],[-87.0107,36.0738],[-86.9806,36.072],[-86.9556,36.072],[-86.9408,36.0842],[-86.9257,36.0992],[-86.9111,36.1155],[-86.8984,36.1315],[-86.8842,36.143],[-86.8682,36.1482],[-86.8509,36.151],[-86.8352,36.1529],[-86.8242,36.1562],[-86.8213,36.1588],[-86.8181,36.1646],[-86.8159,36.1668],[-86.8125,36.1683],[-86.8001,36.1709],[-86.7778,36.1477],[-86.7671,36.1529],[-86.76,36.1546],[-86.7396,36.1528],[-86.7121,36.1468],[-86.6828,36.1425],[-86.6584,36.1408],[-86.645,36.1459],[-86.6221,36.1619],[-86.6051,36.1691],[-86.4927,36.1775],[-86.3395,36.1867],[-86.2106,36.1929],[-86.1405,36.1796],[-86.0788,36.1674],[-86.0327,36.1705],[-85.9858,36.1771],[-85.9387,36.1796],[-85.886,36.1666],[-85.831,36.1513],[-85.7835,36.1363],[-85.7607,36.1203],[-85.7409,36.104],[-85.722,36.087],[-85.7014,36.1016],[-85.6797,36.115],[-85.6533,36.1291],[-85.5758,36.1324],[-85.3629,36.1368],[-85.2798,36.1369],[-85.2511,36.1174],[-85.2253,36.0979],[-85.1995,36.0763],[-85.1685,36.0526],[-85.0904,36.013],[-84.8991,35.9208],[-84.8171,35.8831],[-84.7562,35.8873],[-84.6954,35.893],[-84.6368,35.9018],[-84.5809,35.9054],[-84.5205,35.8922],[-84.4624,35.8746],[-84.3997,35.8609],[-84.2939,35.8784],[-84.1737,35.9001],[-84.0673,35.921],[-83.981,35.9483],[-83.9121,35.9732],[-83.8979,35.9825],[-83.887,35.9923],[-83.8752,36.0004],[-83.8613,36.0077],[-83.8262,36.0065],[-83.7344,35.9993],[-83.6924,35.9943],[-83.6399,35.986],[-83.6149,35.9828],[-83.588,35.981],[-83.5452,35.9969],[-83.4422,36.0394],[-83.3917,36.0621],[-83.3387,36.0317],[-83.235,35.9682],[-83.1939,35.941],[-83.1884,35.9167],[-83.1846,35.8908],[-83.1848,35.8644],[-83.1813,35.8396],[-83.1761,35.8175],[-83.1534,35.8031],[-83.1266,35.7884],[-83.0962,35.7756],[-83.0685,35.7604],[-83.0442,35.745],[-83.0328,35.7095],[-83.0226,35.6679],[-83.0152,35.6267],[-83.0044,35.5933],[-82.9852,35.5794],[-82.945,35.5544],[-82.9234,35.5431],[-82.8728,35.5404],[-82.8143,35.5393],[-82.7545,35.5397],[-82.5581,35.557],[-82.5374,35.5569],[-82.5205,35.5562],[-82.5038,35.5581],[-82.4849,35.5667],[-82.4664,35.5788],[-82.4448,35.5894],[-82.3895,35.6005],[-82.3267,35.6095],[-82.1708,35.633],[-82.086,35.6359],[-82.0033,35.6419],[-81.934,35.6637],[-81.8687,35.6876],[-81.8156,35.7024],[-81.7602,35.7144],[-81.6726,35.7219],[-81.5775,35.7267],[-81.3647,35.7066],[-81.2975,35.7044],[-81.226,35.7055],[-81.0457,35.7536],[-80.8387,35.8125],[-80.6415,35.9073],[-80.4665,35.9949],[-80.3968,36.0312],[-80.3292,36.0626],[-80.2299,36.0747],[-80.1159,36.0867],[-80.012,36.0959],[-79.9418,36.077],[-79.8753,36.0539],[-79.8087,36.036],[-79.7345,36.0449],[-79.5739,36.0693],[-79.4032,36.0721],[-79.2471,36.0715],[-79.2139,36.0676],[-79.1586,36.0583],[-79.1345,36.0526],[-79.1177,36.0353],[-79.1015,36.0146],[-79.0876,35.9929],[-79.0713,35.976],[-79.0532,35.9685],[-79.0141,35.9594],[-78.9985,35.9526],[-78.9916,35.9448],[-78.9874,35.9353],[-78.9839,35.9253],[-78.9783,35.9163],[-78.971,35.9082],[-78.951,35.9031],[-78.9254,35.8987],[-78.8965,35.8959],[-78.8677,35.892],[-78.8419,35.8859],[-78.8201,35.8724],[-78.7554,35.8256],[-78.7417,35.8136],[-78.7408,35.8055],[-78.7421,35.7972],[-78.7452,35.7892],[-78.7476,35.7818],[-78.7472,35.7751],[-78.7445,35.7703],[-78.7309,35.7579],[-78.7245,35.7545],[-78.701,35.7524],[-78.6693,35.7517],[-78.6343,35.7513],[-78.6009,35.7517],[-78.5816,35.6898],[-78.5673,35.6313],[-78.5714,35.6055],[-78.5781,35.5813],[-78.581,35.5531],[-78.5442,35.4812],[-78.495,35.3904],[-78.4459,35.3035],[-78.3343,35.2149],[-78.2261,35.133],[-78.1916,35.0817],[-78.1637,35.0303],[-78.1328,34.9846],[-78.1029,34.9634],[-78.0702,34.9465],[-78.0389,34.9265],[-78.0064,34.9036],[-77.9801,34.8285],[-77.917,34.6335],[-77.8911,34.5469],[-77.8911,34.3498],[-77.8837,34.3323],[-77.865,34.3046],[-77.8612,34.294],[-77.8623,34.2894],[-77.8648,34.2854],[-77.8675,34.2819],[-77.8691,34.2788],[-77.8692,34.2768],[-77.8685,34.2732]]},"properties":{"id":"routes-and-regions-interstate-40-2","layer":"routes-and-regions","name":"Interstate 40","sourceFolder":"Regions, travel routes, and significant pre-war roads"}},{"type":"Feature","id":"routes-and-regions-interstate-515","geometry":{"type":"LineString","coordinates":[[-115.1553,36.1744],[-115.1482,36.1753],[-115.1451,36.1754],[-115.1403,36.1741],[-115.1304,36.1702],[-115.1272,36.169],[-115.1237,36.168],[-115.1051,36.1679],[-115.0998,36.1672],[-115.0975,36.1666],[-115.0955,36.1657],[-115.0931,36.1633],[-115.0915,36.1598],[-115.0911,36.1519],[-115.0918,36.1419],[-115.0911,36.1331],[-115.0886,36.1287],[-115.0854,36.125],[-115.0829,36.1208],[-115.082,36.1142],[-115.0821,36.1069],[-115.0816,36.1009],[-115.0798,36.0965],[-115.0782,36.0946],[-115.0748,36.0922],[-115.0703,36.0901],[-115.0658,36.0884],[-115.0577,36.0871],[-115.0535,36.0859],[-115.0473,36.0818],[-115.0409,36.0762],[-115.0353,36.0699],[-115.0283,36.0572],[-115.0225,36.0448],[-115.0141,36.0336],[-114.9902,36.0123],[-114.9846,36.0047],[-114.9822,36.0028],[-114.9783,36.0012],[-114.9735,36.0002],[-114.9635,35.9991],[-114.9572,35.9992],[-114.9508,35.9997],[-114.9446,35.9994],[-114.9392,35.9977],[-114.9289,35.9928]]},"properties":{"id":"routes-and-regions-interstate-515","layer":"routes-and-regions","name":"Interstate 515","sourceFolder":"Regions, travel routes, and significant pre-war roads"}},{"type":"Feature","id":"routes-and-regions-interstate-59","geometry":{"type":"LineString","coordinates":[[-80.2839,39.2787],[-80.288,39.2682],[-80.2888,39.2631],[-80.2882,39.2603],[-80.2838,39.2521],[-80.2837,39.2495],[-80.2853,39.2468],[-80.2949,39.2391],[-80.2971,39.2365],[-80.2979,39.233],[-80.2978,39.2295],[-80.2985,39.2256],[-80.303,39.2161],[-80.3099,39.2053],[-80.3177,39.1966],[-80.3235,39.1933],[-80.3298,39.1911],[-80.3366,39.1875],[-80.3522,39.1722],[-80.37,39.1514],[-80.3853,39.1305],[-80.3976,39.1011],[-80.4046,39.0746],[-80.4037,39.068],[-80.3995,39.0567],[-80.3997,39.0511],[-80.4042,39.0439],[-80.4192,39.0291],[-80.4272,39.0234],[-80.4349,39.0189],[-80.4429,39.0156],[-80.4519,39.0132],[-80.4653,39.0121],[-80.4952,39.0127],[-80.5049,38.9844],[-80.5103,38.9714],[-80.5165,38.962],[-80.5212,38.9593],[-80.5317,38.9569],[-80.5364,38.9545],[-80.5412,38.9476],[-80.5483,38.9284],[-80.5549,38.9203],[-80.5662,38.9152],[-80.581,38.9113],[-80.597,38.9082],[-80.6114,38.9047],[-80.6215,38.9],[-80.625,38.8961],[-80.6268,38.8918],[-80.6293,38.8828],[-80.6318,38.8787],[-80.6371,38.8744],[-80.6512,38.8671],[-80.6578,38.8628],[-80.6627,38.8573],[-80.6648,38.8459],[-80.6648,38.8316],[-80.6627,38.8161],[-80.6613,38.8016],[-80.6627,38.7899],[-80.6669,38.7834],[-80.6779,38.7733],[-80.6813,38.7674],[-80.6817,38.7593],[-80.6757,38.7314],[-80.6723,38.7256],[-80.6706,38.7242],[-80.6645,38.7222],[-80.6629,38.7212],[-80.661,38.719],[-80.6596,38.7163],[-80.6586,38.7135],[-80.6583,38.711],[-80.6588,38.709],[-80.6598,38.7071],[-80.6629,38.7033],[-80.6694,38.6968],[-80.6792,38.6897],[-80.7089,38.6754],[-80.7444,38.6602],[-80.7321,38.6248],[-80.755,38.6185],[-80.778,38.6126],[-80.8021,38.6087],[-80.833,38.6112],[-80.8659,38.6169],[-80.8996,38.6216],[-80.9287,38.6235],[-80.9885,38.6241],[-81.0122,38.6227],[-81.0238,38.6165],[-81.0328,38.6084],[-81.0413,38.6],[-81.0521,38.5937],[-81.0683,38.5907],[-81.0867,38.589],[-81.1248,38.5873],[-81.131,38.569],[-81.144,38.5657],[-81.1484,38.5651],[-81.153,38.5653],[-81.1594,38.5678],[-81.1725,38.5778],[-81.1799,38.5826],[-81.1884,38.5854],[-81.2023,38.5844],[-81.2544,38.5745],[-81.269,38.5701],[-81.2782,38.5649],[-81.2862,38.5583],[-81.2934,38.5516],[-81.3002,38.546],[-81.3068,38.5427],[-81.3107,38.5424],[-81.3218,38.5447],[-81.3254,38.5444],[-81.3307,38.5412],[-81.3464,38.5243],[-81.3522,38.5207],[-81.3573,38.5198],[-81.3626,38.5199],[-81.3735,38.5211],[-81.379,38.5207],[-81.3896,38.5181],[-81.4004,38.5141],[-81.4099,38.5089],[-81.4146,38.5044],[-81.422,38.4932],[-81.4259,38.4882],[-81.4306,38.4847],[-81.4355,38.4836],[-81.4525,38.4848],[-81.4587,38.4839],[-81.4736,38.4767],[-81.5082,38.4555],[-81.5189,38.4468],[-81.5203,38.4437],[-81.5204,38.438],[-81.5216,38.4355],[-81.5259,38.4326],[-81.5382,38.4278],[-81.5428,38.425],[-81.5442,38.4231],[-81.5462,38.417],[-81.5477,38.4155],[-81.5513,38.4142],[-81.5667,38.4132],[-81.5716,38.4121],[-81.5795,38.4081],[-81.5946,38.3976],[-81.5856,38.3898],[-81.5868,38.387],[-81.5876,38.3862],[-81.59,38.3852],[-81.5966,38.3837],[-81.5995,38.3825],[-81.6016,38.3806],[-81.6066,38.3735],[-81.6114,38.3668],[-81.6136,38.365],[-81.6176,38.3635],[-81.6303,38.3607],[-81.6322,38.3594],[-81.631,38.354],[-81.6231,38.352],[-81.6198,38.3503],[-81.6169,38.3481],[-81.6121,38.342],[-81.6101,38.3395],[-81.6088,38.3384],[-81.6069,38.3375],[-81.6019,38.3361],[-81.5863,38.333],[-81.5826,38.3313],[-81.5791,38.3291],[-81.5682,38.321],[-81.5629,38.3179],[-81.5602,38.3175],[-81.5557,38.3172],[-81.5541,38.3165],[-81.5531,38.3155],[-81.5527,38.3139],[-81.5529,38.3128],[-81.5536,38.3121],[-81.5553,38.3113],[-81.5628,38.3095],[-81.5648,38.3088],[-81.5661,38.3076],[-81.5668,38.3061],[-81.5666,38.302],[-81.5656,38.2979],[-81.5647,38.2952],[-81.5654,38.2937],[-81.5695,38.2883],[-81.5712,38.2841],[-81.5724,38.279],[-81.5739,38.2665],[-81.5738,38.2541],[-81.5726,38.2496],[-81.5705,38.2459],[-81.5679,38.2425],[-81.5644,38.2394],[-81.5515,38.233],[-81.5429,38.2269],[-81.513,38.2013],[-81.505,38.1949],[-81.5023,38.1935],[-81.4993,38.1925],[-81.4952,38.1924],[-81.4905,38.1932],[-81.4816,38.1954],[-81.4788,38.1956],[-81.477,38.195],[-81.4763,38.1943],[-81.4759,38.1917],[-81.4762,38.1868],[-81.4705,38.186],[-81.4671,38.1849],[-81.4658,38.1834],[-81.4634,38.1774],[-81.4619,38.1759],[-81.4593,38.175],[-81.4492,38.1743],[-81.4468,38.1737],[-81.4457,38.1731],[-81.4435,38.171],[-81.448,38.1664],[-81.4497,38.1635],[-81.4509,38.1586],[-81.4515,38.1526],[-81.4511,38.1466],[-81.4497,38.1415],[-81.4466,38.1367],[-81.4444,38.1347],[-81.4418,38.1331],[-81.4388,38.1318],[-81.4327,38.1311],[-81.4253,38.1315],[-81.4003,38.135],[-81.3864,38.1059],[-81.3802,38.0846],[-81.3717,38.0587],[-81.3622,38.0321],[-81.3518,38.0088],[-81.3308,37.9953],[-81.2831,37.9694],[-81.2584,37.9574],[-81.2652,37.9337],[-81.2694,37.9103],[-81.2663,37.8885],[-81.2598,37.8686],[-81.2559,37.8579],[-81.2533,37.8531],[-81.2507,37.8487],[-81.2467,37.8453],[-81.2408,37.8427],[-81.2336,37.8413],[-81.2096,37.8388],[-81.1946,37.8539],[-81.189,37.8621],[-81.1874,37.871],[-81.1878,37.8804],[-81.1863,37.8903],[-81.1774,37.9046],[-81.1651,37.9198],[-81.1554,37.9347],[-81.1525,37.9445],[-81.15,37.9638],[-81.1477,37.9703],[-81.146,37.972],[-81.1405,37.9752],[-81.1422,37.9795],[-81.1435,37.9842],[-81.1439,37.9901],[-81.1436,37.9966],[-81.1427,38.0014],[-81.1416,38.0034],[-81.1406,38.0042],[-81.1382,38.0054],[-81.1318,38.0075],[-81.1266,38.0101],[-81.125,38.0113],[-81.1237,38.0128],[-81.1224,38.0178],[-81.1223,38.0247],[-81.123,38.0393],[-81.1223,38.0445],[-81.1212,38.0469],[-81.1198,38.0487],[-81.1176,38.0507],[-81.1076,38.057],[-81.0829,38.0694],[-81.0762,38.0722],[-81.0406,38.0975],[-81.0268,38.1058],[-81.0198,38.1096],[-81.0133,38.1124],[-81.0076,38.1137],[-81.0047,38.1135],[-81.002,38.1127],[-80.9946,38.1093]]},"properties":{"id":"routes-and-regions-interstate-59","layer":"routes-and-regions","name":"Interstate 59","sourceFolder":"Regions, travel routes, and significant pre-war roads"}},{"type":"Feature","id":"routes-and-regions-interstate-71","geometry":{"type":"LineString","coordinates":[[-81.6935,41.4742],[-81.6979,41.4578],[-81.8107,41.4377],[-81.8162,41.3295],[-81.8083,41.289],[-81.7989,41.2445],[-81.791,41.2001],[-81.786,41.1598],[-81.8064,41.1298],[-81.8532,41.0683],[-81.8822,41.0335],[-82.0375,40.959],[-82.234,40.8708],[-82.4054,40.7886],[-82.5053,40.6817],[-82.5949,40.5803],[-82.6562,40.5382],[-82.7247,40.4979],[-82.7839,40.4593],[-82.8256,40.4299],[-82.8284,40.415],[-82.8278,40.401],[-82.8254,40.3875],[-82.8282,40.3741],[-82.8472,40.358],[-82.8739,40.3416],[-82.9003,40.3238],[-82.9216,40.306],[-82.925,40.282],[-82.9264,40.255],[-82.9238,40.2283],[-82.9271,40.2054],[-82.939,40.189],[-82.9545,40.1752],[-82.9683,40.1587],[-82.9864,40.1059],[-82.9999,40.0542],[-82.9993,40.0381],[-82.9969,40.0239],[-82.993,40.0135],[-82.9908,40.0112],[-82.9857,40.0082],[-82.9837,40.0059],[-82.9814,39.9979],[-82.9806,39.974],[-82.9805,39.9633],[-82.9822,39.9568],[-82.9836,39.9554],[-82.9865,39.9544],[-82.9915,39.9538],[-83.0051,39.9534],[-83.0102,39.9525],[-83.012,39.9516],[-83.0155,39.9479],[-83.011,39.9415],[-83.0095,39.9378],[-83.0091,39.9319],[-83.0103,39.9252],[-83.0136,39.9174],[-83.0285,39.8997],[-83.0742,39.8533],[-83.0947,39.8352],[-83.1095,39.8309],[-83.1237,39.829],[-83.14,39.8279],[-83.1606,39.8233],[-83.4162,39.7054],[-83.7391,39.5529],[-83.9213,39.4907],[-84.0975,39.4289],[-84.2404,39.3769],[-84.288,39.3325],[-84.3291,39.2919],[-84.364,39.2547],[-84.3749,39.2324],[-84.3811,39.2098],[-84.3898,39.1896],[-84.3997,39.1718],[-84.4168,39.1636],[-84.4372,39.156],[-84.4593,39.1504],[-84.4786,39.1441],[-84.4928,39.137],[-84.4972,39.1301],[-84.502,39.1151],[-84.5031,39.1073],[-84.5048,39.0997],[-84.5219,39.0971],[-84.5199,39.0651],[-84.649,39.0027],[-84.6409,38.9873],[-84.6338,38.9696],[-84.6284,38.9252],[-84.6256,38.8745],[-84.8858,38.7573],[-85.1241,38.6461],[-85.1984,38.5694],[-85.2642,38.4935],[-85.3329,38.4226],[-85.3992,38.3922],[-85.6085,38.3018],[-85.646,38.2875],[-85.6518,38.2877],[-85.6564,38.2889],[-85.6637,38.2924],[-85.6677,38.2939],[-85.6994,38.2717],[-85.7139,38.264],[-85.7214,38.2621],[-85.7355,38.2607]]},"properties":{"id":"routes-and-regions-interstate-71","layer":"routes-and-regions","name":"Interstate 71","sourceFolder":"Regions, travel routes, and significant pre-war roads"}},{"type":"Feature","id":"routes-and-regions-interstate-80","geometry":{"type":"LineString","coordinates":[[-122.4054,37.768],[-122.4066,37.7724],[-122.4064,37.7749],[-122.4057,37.7759],[-122.4,37.7791],[-122.3814,37.796],[-122.3617,37.8133],[-122.3553,37.8175],[-122.3512,37.819],[-122.3352,37.8217],[-122.3146,37.8238],[-122.2999,37.8262],[-122.2975,37.8272],[-122.2943,37.8294],[-122.3065,37.8728],[-122.309,37.8876],[-122.3086,37.8893],[-122.3073,37.8916],[-122.3071,37.8929],[-122.3079,37.8951],[-122.3135,37.903],[-122.3204,37.916],[-122.3264,37.9307],[-122.3293,37.9432],[-122.3294,37.9558],[-122.3276,37.9652],[-122.3237,37.9747],[-122.3176,37.9839],[-122.3015,37.9954],[-122.2803,38.0063],[-122.2613,38.0186],[-122.2505,38.0295],[-122.2321,38.0535],[-122.2256,38.0651],[-122.226,38.0768],[-122.2348,38.1012],[-122.2352,38.1137],[-122.2269,38.1283],[-122.2031,38.1609],[-122.1871,38.1796],[-122.0945,38.2587],[-121.9839,38.3478],[-121.8664,38.4457],[-121.7696,38.5221],[-121.7502,38.5329],[-121.7298,38.5403],[-121.6174,38.5625],[-121.5638,38.5755],[-121.5451,38.5899],[-121.5294,38.6061],[-121.515,38.6219],[-121.4991,38.6337],[-121.4821,38.6377],[-121.4642,38.6402],[-121.4463,38.6421],[-121.4291,38.6434],[-121.4028,38.6441],[-121.3896,38.6453],[-121.3744,38.6484],[-121.3246,38.6924],[-121.2529,38.7594],[-121.1832,38.8295],[-121.13,38.8767],[-121.1138,38.8843],[-121.0861,38.8919],[-121.0745,38.8981],[-121.0647,38.9098],[-121.0561,38.9235],[-121.0486,38.9387],[-121.0394,38.9536],[-121.0062,38.9898],[-120.9776,39.0241],[-120.9728,39.0409],[-120.9694,39.0582],[-120.9596,39.0826],[-120.946,39.1101],[-120.9314,39.1349],[-120.9075,39.15],[-120.8815,39.1642],[-120.8573,39.1754],[-120.8188,39.1914],[-120.7893,39.208],[-120.7598,39.2286],[-120.7425,39.2466],[-120.7261,39.2661],[-120.7062,39.2839],[-120.6698,39.2996],[-120.6293,39.3149],[-120.597,39.3254],[-120.5892,39.3269],[-120.5826,39.3278],[-120.5763,39.3278],[-120.5696,39.327],[-120.56,39.3231],[-120.5503,39.3167],[-120.5393,39.3106],[-120.5263,39.3062],[-120.4942,39.3092],[-120.4108,39.3211],[-120.378,39.3275],[-120.3682,39.3312],[-120.3529,39.3398],[-120.3458,39.3431],[-120.3382,39.3445],[-120.3297,39.3431],[-120.321,39.3396],[-120.3035,39.331],[-120.2949,39.3287],[-120.2819,39.3289],[-120.2691,39.3309],[-120.258,39.332],[-120.2521,39.3316],[-120.2469,39.3309],[-120.2426,39.3298],[-120.2365,39.3259],[-120.2309,39.3247],[-120.2179,39.3234],[-120.2129,39.323],[-120.2079,39.323],[-120.2007,39.3238],[-120.1929,39.3257],[-120.1814,39.3311],[-120.1682,39.3385],[-120.1164,39.3674],[-120.1018,39.3755],[-120.0945,39.3787],[-120.0878,39.3816],[-120.0807,39.3828],[-120.0734,39.3816],[-120.066,39.3783],[-120.0586,39.3744],[-120.0515,39.3712],[-120.045,39.3701],[-120.0402,39.3711],[-120.0357,39.3731],[-120.023,39.3812],[-120.0257,39.3909],[-120.0292,39.4012],[-120.0333,39.4202],[-120.0326,39.4274],[-120.0298,39.4308],[-120.0255,39.4331],[-120.0206,39.4351],[-120.0159,39.4376],[-120.012,39.4412],[-120.0074,39.4541],[-120.004,39.471],[-119.999,39.5074],[-119.9638,39.5102],[-119.9524,39.5121],[-119.9475,39.5124],[-119.9446,39.5119],[-119.9395,39.5102],[-119.9368,39.5099],[-119.9331,39.5109],[-119.9255,39.5148],[-119.9215,39.5159],[-119.9175,39.5158],[-119.9094,39.5141],[-119.9048,39.5137],[-119.8886,39.5154],[-119.8725,39.519],[-119.8668,39.5214],[-119.8618,39.5242],[-119.8564,39.5264],[-119.8483,39.5273],[-119.8396,39.5274],[-119.8328,39.5281],[-119.8308,39.529],[-119.8276,39.531],[-119.8187,39.5339],[-119.813,39.5355],[-119.8075,39.5367],[-119.8001,39.5365],[-119.7894,39.5375],[-119.7842,39.5374],[-119.7756,39.5344],[-119.7649,39.5341],[-119.7514,39.5346],[-119.7404,39.5341],[-119.7368,39.5328],[-119.7339,39.5312],[-119.7303,39.5298],[-119.7,39.5259],[-119.6912,39.5217],[-119.6829,39.5172],[-119.6761,39.5144],[-119.669,39.5118],[-119.6616,39.5104],[-119.654,39.5106],[-119.6462,39.5119],[-119.6381,39.5143],[-119.6268,39.5201],[-119.6039,39.5349],[-119.5793,39.5487],[-119.5647,39.5558],[-119.5481,39.5631],[-119.5308,39.5682],[-119.5196,39.5689],[-119.5074,39.5681],[-119.4953,39.5669],[-119.4842,39.5666],[-119.4753,39.5682],[-119.4705,39.5717],[-119.4675,39.5765],[-119.4648,39.5817],[-119.4616,39.5866],[-119.4564,39.5902],[-119.4437,39.5918],[-119.4272,39.5918],[-119.4087,39.59],[-119.3901,39.5889],[-119.3733,39.59],[-119.3502,39.5981],[-119.3285,39.609],[-119.3074,39.6165],[-119.2902,39.6177],[-119.2573,39.6153],[-119.2471,39.6142],[-119.2374,39.6127],[-119.2275,39.6122],[-119.2168,39.6133],[-119.1958,39.6259],[-119.141,39.6645],[-119.1131,39.6863],[-119.0541,39.7522],[-118.9867,39.8214],[-118.8583,39.8885],[-118.7444,39.9442],[-118.7293,39.9507],[-118.7171,39.9555],[-118.7064,39.9607],[-118.6956,39.9679],[-118.6835,39.9882],[-118.674,40.0147],[-118.6623,40.0416],[-118.6489,40.0646],[-118.6261,40.0774],[-118.6007,40.0894],[-118.5748,40.1003],[-118.5515,40.1109],[-118.5217,40.1289],[-118.4966,40.1477],[-118.4838,40.1621],[-118.4726,40.1772],[-118.4609,40.1886],[-118.4518,40.1921],[-118.4424,40.1938],[-118.4327,40.1975],[-118.4149,40.2135],[-118.3944,40.2351],[-118.3747,40.2585],[-118.3432,40.3008],[-118.3136,40.347],[-118.2958,40.4084],[-118.282,40.4704],[-118.2785,40.5351],[-118.2738,40.5643],[-118.2564,40.5871],[-118.2368,40.6094],[-118.2161,40.63],[-118.1833,40.6445],[-118.1476,40.6582],[-118.1159,40.6686],[-118.1056,40.6706],[-118.0963,40.6712],[-118.0877,40.6726],[-118.0788,40.6743],[-118.0692,40.6779],[-118.0481,40.7059],[-118.0204,40.748],[-117.9915,40.7977],[-117.9598,40.8451],[-117.9315,40.8838],[-117.8688,40.91],[-117.8043,40.9331],[-117.7585,40.9512],[-117.7527,40.9575],[-117.7477,40.9696],[-117.742,40.9756],[-117.7099,40.9879],[-117.6195,41.0177],[-117.5909,41.0253],[-117.5868,41.0251],[-117.584,41.0244],[-117.5779,41.0212],[-117.5555,41.002],[-117.5245,40.9733],[-117.4927,40.9486],[-117.4611,40.9386],[-117.4286,40.9301],[-117.3968,40.9235],[-117.3593,40.9168],[-117.3212,40.9079],[-117.2648,40.883],[-117.199,40.8498],[-117.0663,40.7473],[-116.9463,40.65],[-116.9313,40.6384],[-116.9187,40.6296],[-116.9071,40.6219],[-116.8935,40.6151],[-116.8707,40.6122],[-116.8448,40.6107],[-116.8176,40.6098],[-116.791,40.6092],[-116.7778,40.6304],[-116.7628,40.6506],[-116.754,40.6593],[-116.7336,40.6634],[-116.6811,40.6699],[-116.6533,40.6719],[-116.6276,40.6749],[-116.6011,40.6819],[-116.5749,40.6896],[-116.5495,40.6958],[-116.526,40.6999],[-116.5042,40.6927],[-116.4814,40.6833],[-116.4586,40.6722],[-116.4353,40.6624],[-116.4094,40.6549],[-116.3551,40.6428],[-116.3282,40.6384],[-116.2961,40.6473],[-116.2609,40.659],[-116.2246,40.6732],[-116.1868,40.6853],[-116.0587,40.7012],[-115.9901,40.7123],[-115.8965,40.7681],[-115.7913,40.8332],[-115.7045,40.889],[-115.6709,40.9128],[-115.6415,40.9317],[-115.6111,40.9492],[-115.573,40.9536],[-115.53,40.954],[-115.4859,40.9569],[-115.4435,40.9616],[-115.4022,40.9891],[-115.3597,41.024],[-115.3131,41.0577],[-115.2678,41.088],[-115.1965,41.0926],[-115.0334,41.0993],[-114.9575,41.1008],[-114.8504,41.1065],[-114.7486,41.1087],[-114.6398,41.0811],[-114.5262,41.0487],[-114.4025,40.9741],[-114.279,40.8952],[-114.2315,40.8547],[-114.1859,40.8113],[-114.1431,40.7737],[-114.1098,40.7471],[-114.0949,40.7433],[-114.0688,40.7395],[-114.0547,40.739],[-114.0212,40.7401],[-113.9753,40.7424],[-113.7247,40.7342],[-113.3698,40.7249],[-113.1018,40.7195],[-113.0478,40.7422],[-113.0036,40.7623],[-112.9645,40.7819],[-112.8876,40.8235],[-112.8416,40.7969],[-112.7943,40.7717],[-112.7475,40.7486],[-112.6935,40.7411],[-112.6367,40.7368],[-112.5772,40.7299],[-112.5177,40.7122],[-112.4526,40.6901],[-112.3906,40.6712],[-112.3429,40.6584],[-112.3219,40.6643],[-112.2836,40.6783],[-112.2688,40.6855],[-112.2608,40.6935],[-112.2555,40.7022],[-112.2482,40.7105],[-112.2315,40.7197],[-112.2112,40.7283],[-112.1923,40.7377],[-112.1821,40.7459],[-112.1732,40.7548],[-112.1629,40.7629],[-112.1508,40.7699],[-112.1184,40.7717],[-112.0355,40.7722],[-112.0069,40.7707],[-111.9997,40.7686],[-111.9947,40.7661],[-111.9885,40.7643],[-111.973,40.764],[-111.9546,40.7654],[-111.9382,40.7662],[-111.9139,40.764]]},"properties":{"id":"routes-and-regions-interstate-80","layer":"routes-and-regions","name":"Interstate 80","sourceFolder":"Regions, travel routes, and significant pre-war roads"}},{"type":"Feature","id":"routes-and-regions-interstate-80-2","geometry":{"type":"LineString","coordinates":[[-111.9046,40.7185],[-111.8739,40.7182],[-111.8597,40.7193],[-111.8459,40.7195],[-111.8192,40.7125],[-111.8101,40.7113],[-111.8008,40.7109],[-111.7905,40.7122],[-111.7773,40.718],[-111.7459,40.7381],[-111.7297,40.7467],[-111.716,40.752],[-111.7066,40.7511],[-111.6974,40.7482],[-111.6886,40.7442],[-111.6798,40.7408],[-111.6707,40.7393],[-111.6575,40.7415],[-111.6305,40.7514],[-111.6198,40.7536],[-111.6155,40.7529],[-111.6085,40.75],[-111.6047,40.7494],[-111.599,40.7507],[-111.5866,40.756],[-111.5814,40.7572],[-111.5768,40.7568],[-111.5725,40.7549],[-111.5651,40.7476],[-111.5569,40.737],[-111.5477,40.7286],[-111.543,40.7261],[-111.538,40.7243],[-111.5277,40.7216],[-111.522,40.7216],[-111.5128,40.7239],[-111.4805,40.7386],[-111.4729,40.744],[-111.4704,40.75],[-111.4706,40.7568],[-111.4717,40.7639],[-111.4718,40.771],[-111.4691,40.7775],[-111.4586,40.7849],[-111.4436,40.7923],[-111.4264,40.7989],[-111.4104,40.8058],[-111.3991,40.8132],[-111.3938,40.8202],[-111.3877,40.8345],[-111.386,40.8434],[-111.3981,40.8785],[-111.4168,40.9245],[-111.4375,40.97],[-111.2881,41.0542],[-111.1553,41.1326],[-111.1339,41.1577],[-111.1185,41.1838],[-111.084,41.23],[-111.0661,41.2504],[-111.0199,41.2564],[-110.9012,41.2674],[-110.8445,41.2695],[-110.8014,41.2751],[-110.7834,41.2835],[-110.7705,41.2936],[-110.7573,41.3024],[-110.741,41.3097],[-110.7052,41.309],[-110.6621,41.3031],[-110.6123,41.2998],[-110.5576,41.2978],[-110.3703,41.3677],[-110.1311,41.4627],[-109.9107,41.545],[-109.7403,41.5397],[-109.5721,41.5296],[-109.4053,41.5244],[-109.2433,41.573],[-109.0738,41.6291],[-108.867,41.6914],[-108.1693,41.7013],[-107.2796,41.7117],[-106.4793,41.7195],[-106.1069,41.5532],[-105.7218,41.3787],[-105.375,41.2175],[-105.1115,41.0995],[-104.9991,41.1053],[-104.8052,41.1183],[-104.7333,41.1247],[-104.7033,41.1359],[-104.6808,41.1483],[-104.6461,41.1609],[-104.3057,41.179],[-103.8014,41.2033],[-103.3823,41.2219],[-103.2389,41.1834],[-103.1164,41.1456],[-102.9937,41.1128],[-102.7797,41.1118],[-102.5638,41.1139],[-102.4333,41.0867],[-102.3024,41.0565],[-102.1564,41.027],[-101.857,41.0593],[-101.5075,41.102],[-101.1966,41.1356],[-100.9585,41.1217],[-100.7187,41.1045],[-100.2071,40.9102],[-99.6742,40.7109],[-99.3312,40.6899],[-99.0123,40.6735],[-98.415,40.8162],[-98.1035,40.8178],[-97.3065,40.8145],[-96.9649,40.8145],[-96.7571,40.8161],[-96.7363,40.8336],[-96.719,40.8502],[-96.7047,40.8661],[-96.6924,40.8811],[-96.6774,40.893],[-96.656,40.8949],[-96.6327,40.8953],[-96.6076,40.8936],[-96.5813,40.893],[-96.5538,40.895],[-96.5077,40.9142],[-96.3411,40.9903],[-96.3039,41.0091],[-96.2992,41.0215],[-96.2968,41.0333],[-96.2977,41.0454],[-96.2963,41.0575],[-96.2915,41.0702],[-96.2484,41.0988],[-96.1885,41.1349],[-96.1287,41.1681],[-96.091,41.1933],[-96.0877,41.2016],[-96.0867,41.209],[-96.0869,41.2233],[-96.0331,41.2236],[-95.8719,41.2294],[-95.8298,41.2325],[-95.8085,41.2533],[-95.7638,41.303],[-95.7473,41.3263],[-95.7321,41.3411],[-95.7247,41.3438],[-95.7113,41.345],[-95.7039,41.3478],[-95.6878,41.3669],[-95.6676,41.3961],[-95.6122,41.4649],[-95.5831,41.4979],[-95.3777,41.4986],[-94.7035,41.4957],[-94.3997,41.4911],[-94.228,41.492],[-94.2141,41.4992],[-94.2052,41.5062],[-94.1984,41.5134],[-94.1882,41.5188],[-94.167,41.5203],[-94.1421,41.5192],[-94.1137,41.5171],[-94.0824,41.5182],[-93.9401,41.5532],[-93.7769,41.597],[-93.7791,41.6281],[-93.779,41.6372],[-93.777,41.6438],[-93.774,41.6476],[-93.7721,41.6489],[-93.7653,41.6514],[-93.6432,41.6589],[-93.1272,41.6836],[-92.852,41.6951],[-91.4792,41.6874],[-90.5598,41.5905],[-90.5114,41.5909],[-90.4684,41.5941],[-90.3997,41.5955],[-90.3754,41.5944],[-90.367,41.5876],[-90.3467,41.5634],[-90.341,41.5536],[-90.3371,41.5331],[-90.3356,41.507],[-90.336,41.4802],[-90.3349,41.4577],[-90.3315,41.4442],[-90.3298,41.4425],[-90.3282,41.4415],[-90.3263,41.4409],[-90.3209,41.4399],[-90.2853,41.4397],[-90.2308,41.4423],[-90.1744,41.4412],[-90.0911,41.4219],[-89.9807,41.399],[-89.4903,41.3903],[-88.8374,41.3809],[-88.4476,41.3769],[-88.436,41.3803],[-88.4217,41.3887],[-88.3472,41.4313],[-88.3289,41.4451],[-88.3078,41.4584],[-88.2278,41.4842],[-88.1368,41.5099],[-88.0887,41.5117],[-88.0416,41.5097],[-87.9988,41.5119],[-87.9686,41.5238],[-87.9416,41.5394],[-87.9116,41.551],[-87.8674,41.5524],[-87.819,41.5489],[-87.7763,41.5502],[-87.7494,41.5606],[-87.7255,41.5738],[-87.7055,41.5825],[-87.6985,41.5836],[-87.692,41.5838],[-87.6863,41.5834],[-87.6815,41.5825],[-87.6794,41.5817],[-87.6763,41.5793],[-87.6739,41.5784],[-87.6655,41.5777],[-87.6405,41.5791],[-87.6251,41.5795],[-87.4457,41.574],[-87.375,41.5689],[-87.3122,41.5675],[-87.2747,41.5742],[-87.2403,41.5831]]},"properties":{"id":"routes-and-regions-interstate-80-2","layer":"routes-and-regions","name":"Interstate 80","sourceFolder":"Regions, travel routes, and significant pre-war roads"}},{"type":"Feature","id":"routes-and-regions-interstate-80-3","geometry":{"type":"LineString","coordinates":[[-82.1735,41.3876],[-82.139,41.3916],[-82.1237,41.3917],[-82.1155,41.3899],[-82.1084,41.387],[-82.0982,41.3839],[-81.9809,41.3673],[-81.8306,41.3424],[-81.7466,41.3122],[-81.6632,41.2794],[-81.5833,41.252],[-81.5064,41.2517],[-81.429,41.2533],[-81.3581,41.2559],[-81.2214,41.2425],[-81.1296,41.2435],[-81.0324,41.2429],[-80.9903,41.2411],[-80.9591,41.2169],[-80.8885,41.1569],[-80.8602,41.1305],[-80.8416,41.1145],[-80.8351,41.1113],[-80.8323,41.1107],[-80.8284,41.1104],[-80.813,41.1118],[-80.7696,41.1205],[-80.7504,41.126],[-80.7346,41.1338],[-80.7207,41.1425],[-80.7072,41.1483],[-80.699,41.149],[-80.6831,41.1474],[-80.6759,41.1478],[-80.6705,41.1501],[-80.6608,41.1567],[-80.6553,41.1589],[-80.648,41.1596],[-80.6316,41.1583],[-80.6227,41.1587],[-80.5679,41.1765],[-80.5339,41.1778],[-80.5277,41.18],[-80.5222,41.1828],[-80.5133,41.1854],[-80.3625,41.1911],[-80.12,41.1977],[-79.9138,41.2016],[-79.8068,41.1847],[-79.7126,41.1712],[-79.6117,41.1838],[-79.4942,41.1991],[-79.1785,41.1795],[-78.8137,41.1535],[-78.6297,41.1054],[-78.4356,41.0494],[-78.2551,41.0005],[-78.1161,40.9645],[-78.0692,40.9768],[-78.0249,40.99],[-77.9845,41.0055],[-77.9455,41.0171],[-77.9094,41.0262],[-77.8747,41.0129],[-77.8365,40.9963],[-77.7986,40.9761],[-77.7595,40.9591],[-77.7231,40.9451],[-77.6694,40.9637],[-77.6034,40.9887],[-77.5326,41.0181],[-77.4622,41.046],[-77.3983,41.0684],[-77.2997,41.0619],[-77.1997,41.052],[-77.1085,41.0446],[-77.0441,41.0546],[-76.9842,41.0679],[-76.93,41.0756],[-76.8905,41.0661],[-76.852,41.0552],[-76.8153,41.043],[-76.7974,41.0327],[-76.7816,41.0205],[-76.746,40.9988],[-76.7259,40.9886],[-76.6652,40.9951],[-76.5824,41.006],[-76.4927,41.0202],[-76.41,41.0322],[-76.3488,41.0386],[-76.3252,41.0319],[-76.3066,41.0235],[-76.2886,41.0149],[-76.2664,41.0086],[-76.2165,41.014],[-76.1557,41.0226],[-76.0865,41.0344],[-76.0103,41.0449],[-75.6918,41.0578],[-75.3385,41.0688],[-75.0006,40.9773],[-74.6849,40.8884],[-74.4936,40.871],[-74.3257,40.8588],[-74.2032,40.8788],[-74.0854,40.9014],[-74.0794,40.8939],[-74.0737,40.8859],[-74.0672,40.8785],[-74.0611,40.8717],[-74.0541,40.8668],[-74.0466,40.8648],[-74.0299,40.8643],[-74.0212,40.8647],[-74.0127,40.8647]]},"properties":{"id":"routes-and-regions-interstate-80-3","layer":"routes-and-regions","name":"Interstate 80","sourceFolder":"Regions, travel routes, and significant pre-war roads"}},{"type":"Feature","id":"routes-and-regions-interstate-84","geometry":{"type":"LineString","coordinates":[[-72.0638,42.1288],[-72.0725,42.1211],[-72.0817,42.1115],[-72.1037,42.0755],[-72.1277,42.0381],[-72.1572,42.0137],[-72.1712,41.9927],[-72.1861,41.9681],[-72.2025,41.9478],[-72.2209,41.939],[-72.2411,41.9331],[-72.2575,41.9264],[-72.2646,41.9194],[-72.2695,41.912],[-72.2753,41.9054],[-72.2854,41.899],[-72.298,41.8926],[-72.336,41.8731],[-72.3749,41.8563],[-72.3877,41.8539],[-72.3996,41.8533],[-72.4071,41.8535],[-72.4149,41.8543],[-72.4228,41.8547],[-72.4305,41.8538],[-72.4398,41.8497],[-72.458,41.8367],[-72.4676,41.8313],[-72.4814,41.8271],[-72.4956,41.8241],[-72.5067,41.8205],[-72.5103,41.8177],[-72.5127,41.8147],[-72.5163,41.8118],[-72.5249,41.8087],[-72.5476,41.8031],[-72.5568,41.799],[-72.5623,41.7937],[-72.57,41.7813],[-72.5736,41.777],[-72.5759,41.7754],[-72.5808,41.7736],[-72.5901,41.7719],[-72.6014,41.7703],[-72.6245,41.7649],[-72.6361,41.7637],[-72.6455,41.7651],[-72.6546,41.7679],[-72.663,41.77],[-72.674,41.7716],[-72.6775,41.7716],[-72.6811,41.7709],[-72.6861,41.768],[-72.7011,41.7531],[-72.7066,41.7499],[-72.713,41.7487],[-72.7197,41.7488],[-72.7334,41.7496],[-72.7382,41.7405],[-72.7417,41.7363],[-72.7479,41.7319],[-72.7555,41.7279],[-72.7636,41.725],[-72.7699,41.7242],[-72.7831,41.7242],[-72.7887,41.7233],[-72.7925,41.7216],[-72.7957,41.7195],[-72.8017,41.7135],[-72.8138,41.6933],[-72.8258,41.6686],[-72.845,41.6694],[-72.8591,41.6488],[-72.8738,41.6309],[-72.8826,41.6255],[-72.8916,41.6213],[-72.8986,41.6166],[-72.9015,41.6119],[-72.9047,41.6012],[-72.9063,41.5941],[-72.9072,41.5856],[-72.9098,41.5768],[-72.9124,41.5684],[-72.9167,41.5613],[-72.9278,41.5564],[-72.9732,41.5436],[-72.9878,41.5412],[-73.0004,41.5421],[-73.0128,41.5452],[-73.0252,41.5487],[-73.0378,41.5507],[-73.0503,41.551],[-73.0654,41.5442],[-73.0997,41.524],[-73.1184,41.5123],[-73.1372,41.4999],[-73.1639,41.4812],[-73.1948,41.4612],[-73.2564,41.4219],[-73.2828,41.4073],[-73.3071,41.4087],[-73.3323,41.4119],[-73.3582,41.4164],[-73.3845,41.4219],[-73.4119,41.4237],[-73.4722,41.4118],[-73.5385,41.3969],[-73.6041,41.3805],[-73.7332,41.5451],[-73.902,41.5353],[-74.0706,41.5238],[-74.2166,41.5122],[-74.2908,41.4778],[-74.3572,41.4414],[-74.4309,41.4073],[-74.6227,41.3724],[-74.8236,41.3392],[-75.0035,41.3493],[-75.1724,41.3619],[-75.235,41.3579],[-75.2956,41.3525],[-75.3516,41.349],[-75.4004,41.3475],[-75.4296,41.3613],[-75.4859,41.3917],[-75.5128,41.4083],[-75.5721,41.3724],[-75.6057,41.4206]]},"properties":{"id":"routes-and-regions-interstate-84","layer":"routes-and-regions","name":"Interstate 84","sourceFolder":"Regions, travel routes, and significant pre-war roads"}},{"type":"Feature","id":"routes-and-regions-interstate-90","geometry":{"type":"LineString","coordinates":[[-72.0638,42.1288],[-72.0814,42.1346],[-72.0906,42.1365],[-72.0984,42.1364],[-72.1065,42.1351],[-72.115,42.1342],[-72.1242,42.135],[-72.1438,42.1438],[-72.1664,42.1586],[-72.1895,42.1729],[-72.2094,42.1818],[-72.2197,42.1825],[-72.2294,42.1816],[-72.2388,42.1804],[-72.2478,42.1783],[-72.2549,42.1757],[-72.2683,42.1685],[-72.2749,42.1657],[-72.2815,42.1645],[-72.2878,42.1659],[-72.2938,42.1691],[-72.2999,42.173],[-72.3065,42.1763],[-72.3137,42.1777],[-72.3258,42.1753],[-72.3397,42.1694],[-72.3543,42.1622],[-72.3692,42.1564],[-72.3831,42.1533],[-72.3954,42.1555],[-72.4077,42.1598],[-72.4198,42.1655],[-72.4325,42.1707],[-72.4463,42.1737],[-72.4804,42.1709],[-72.5178,42.164],[-72.5493,42.1604],[-72.558,42.1617],[-72.5657,42.164],[-72.5728,42.1665],[-72.5795,42.1683],[-72.5863,42.1686],[-72.5931,42.1665],[-72.5994,42.1626],[-72.6057,42.1581],[-72.6122,42.154],[-72.6193,42.1513],[-72.6302,42.1508],[-72.6542,42.1538],[-72.6646,42.1533],[-72.6704,42.1509],[-72.6753,42.1472],[-72.6799,42.1431],[-72.6849,42.1396],[-72.6909,42.1376],[-72.6998,42.1376],[-72.7095,42.1395],[-72.7205,42.1421],[-72.7325,42.1453],[-72.7458,42.1483],[-72.7977,42.1549],[-72.8593,42.1648],[-72.914,42.1752],[-72.9364,42.1899],[-72.9747,42.2237],[-72.995,42.2368],[-73.0215,42.2403],[-73.0795,42.2411],[-73.1042,42.2444],[-73.1196,42.2545],[-73.133,42.2672],[-73.1454,42.2802],[-73.1598,42.2896],[-73.1756,42.293],[-73.1921,42.2949],[-73.2285,42.2973],[-73.2894,42.3002],[-73.3196,42.3025],[-73.3425,42.3059],[-73.3504,42.3108],[-73.3557,42.3168],[-73.3603,42.3229],[-73.3659,42.3282],[-73.3794,42.3351],[-73.3939,42.3414],[-73.4128,42.3506],[-73.4288,42.3593],[-73.431,42.3611],[-73.4341,42.3646],[-73.4363,42.3659],[-73.4396,42.3665],[-73.4521,42.3668],[-73.4559,42.3679],[-73.4596,42.3708],[-73.4687,42.3842],[-73.4727,42.3874],[-73.4784,42.389],[-73.4917,42.3896],[-73.4988,42.391],[-73.5111,42.3959],[-73.5377,42.4108],[-73.5476,42.4183],[-73.5507,42.4247],[-73.5524,42.4381],[-73.5558,42.4442],[-73.5666,42.4508],[-73.5818,42.4567],[-73.5972,42.462],[-73.6087,42.4675],[-73.6118,42.4703],[-73.6156,42.4761],[-73.6178,42.4786],[-73.621,42.4807],[-73.6287,42.4822],[-73.6388,42.4825],[-73.6601,42.4822],[-73.6681,42.4834],[-73.6726,42.4852],[-73.6763,42.4874],[-73.6793,42.49],[-73.6821,42.493],[-73.6858,42.499],[-73.6885,42.5061],[-73.6899,42.514],[-73.6898,42.528],[-73.6874,42.5436],[-73.6841,42.5551],[-73.679,42.5614],[-73.6777,42.5675],[-73.6776,42.5821],[-73.6776,42.5897],[-73.679,42.5973],[-73.6858,42.6103],[-73.6951,42.6241],[-73.7047,42.6387],[-73.715,42.6521],[-73.7243,42.6609],[-73.7325,42.6673],[-73.7356,42.6693],[-73.7375,42.6699],[-73.7408,42.6701],[-73.749,42.6696],[-73.7531,42.6701],[-73.7577,42.6722],[-73.7667,42.6788],[-73.7717,42.6815],[-73.783,42.6849],[-73.7943,42.687],[-73.8091,42.6882],[-73.8228,42.6909],[-73.8376,42.6955],[-73.8547,42.705],[-73.8731,42.717],[-73.9377,42.7563],[-73.9795,42.773],[-74.0038,42.7798],[-74.0098,42.783],[-74.0134,42.787],[-74.016,42.7917],[-74.019,42.8012],[-74.0202,42.8055],[-74.0208,42.8096],[-74.0204,42.814],[-74.0187,42.818],[-74.01,42.8307],[-74.0091,42.8342],[-74.0094,42.8359],[-74.0101,42.8373],[-74.0142,42.8417],[-74.0284,42.8559],[-74.0479,42.8717],[-74.0714,42.8853],[-74.0971,42.8969],[-74.1211,42.905],[-74.1479,42.912],[-74.1984,42.9242],[-74.2495,42.9331],[-74.2691,42.9323],[-74.2869,42.9296],[-74.3052,42.9291],[-74.3291,42.9348],[-74.3537,42.9434],[-74.3738,42.9482],[-74.3811,42.9481],[-74.387,42.9469],[-74.3939,42.9446],[-74.4149,42.9345],[-74.4397,42.9203],[-74.4581,42.9076],[-74.4609,42.9047],[-74.4641,42.8993],[-74.466,42.8969],[-74.4691,42.8951],[-74.4789,42.8934],[-74.5222,42.8932],[-74.534,42.8948],[-74.5436,42.8986],[-74.5515,42.9037],[-74.5601,42.9076],[-74.5685,42.9087],[-74.5868,42.9088],[-74.5951,42.9106],[-74.6032,42.9155],[-74.6104,42.9221],[-74.6246,42.9378],[-74.6325,42.9475],[-74.6403,42.9589],[-74.6585,42.9799],[-74.6674,42.9871],[-74.6767,42.9888],[-74.6868,42.9889],[-74.7084,42.9869],[-74.7196,42.9876],[-74.7454,42.996],[-74.7727,43.0078],[-74.7993,43.0158],[-74.8213,43.0161],[-74.8429,43.0149],[-74.8611,43.0122],[-74.8693,43.0096],[-74.8761,43.0066],[-74.8844,43.0047],[-74.9037,43.0061],[-74.9268,43.0106],[-74.9503,43.0148],[-74.9747,43.016],[-74.9995,43.0178],[-75.0245,43.0218],[-75.0562,43.0405],[-75.0894,43.0647],[-75.122,43.086],[-75.1634,43.1016],[-75.2044,43.1141],[-75.241,43.1282],[-75.2592,43.1343],[-75.2772,43.1386],[-75.2957,43.1374],[-75.3146,43.134],[-75.3342,43.1294],[-75.3555,43.1266],[-75.4206,43.1297],[-75.49,43.1336],[-75.6205,43.1226],[-75.6924,43.1051],[-75.7757,43.0885],[-75.9152,43.0902],[-76.0781,43.0942],[-76.1932,43.0985],[-76.2114,43.1057],[-76.2245,43.1129],[-76.2371,43.1206],[-76.276,43.1013],[-76.3222,43.0825],[-76.4689,43.0649],[-76.6326,43.0447],[-76.7456,43.0017],[-76.851,42.9623],[-76.9414,42.9552],[-77.0323,42.9513],[-77.1386,42.9653],[-77.2575,42.9844],[-77.4623,43.0153],[-77.6887,43.046],[-77.9559,43.0336],[-78.2243,43.0179],[-78.6528,42.9697],[-78.764,42.9416],[-78.7788,42.8675],[-78.7956,42.8027],[-78.8034,42.7848],[-78.8118,42.77],[-78.8231,42.7543],[-78.8622,42.7292],[-78.9124,42.7018],[-78.9604,42.6736],[-79.0068,42.6312],[-79.0675,42.5806],[-79.4948,42.358],[-80.0625,42.0655],[-80.4972,41.9163],[-80.9974,41.7497],[-81.4318,41.6017],[-81.6743,41.5171],[-81.6823,41.5043],[-81.687,41.4939],[-81.6908,41.4845],[-81.6935,41.4742],[-81.7697,41.4737],[-81.9978,41.4674],[-82.0485,41.4644],[-82.0628,41.4524],[-82.0756,41.4393],[-82.0866,41.426],[-82.0953,41.4136],[-82.1059,41.4054],[-82.1145,41.4032],[-82.1235,41.4029],[-82.1411,41.4037],[-82.1488,41.4026],[-82.1571,41.3982],[-82.1641,41.3926],[-82.1735,41.3876],[-82.2013,41.3833],[-82.2362,41.381],[-82.2662,41.3758],[-82.2811,41.3677],[-82.2932,41.3579],[-82.3074,41.3495],[-82.3289,41.3432],[-82.3533,41.338],[-82.3823,41.3335],[-82.4857,41.3269],[-82.6075,41.3227],[-82.7509,41.3379],[-82.8972,41.3567],[-83.1527,41.4124],[-83.2845,41.4515],[-83.3935,41.4961],[-83.5227,41.5468],[-83.6306,41.5872],[-83.6828,41.5908],[-83.7672,41.5923],[-83.789,41.5976],[-83.8119,41.6026],[-83.8995,41.6033],[-84.0124,41.6006],[-84.3612,41.5934],[-84.5185,41.6071],[-84.6835,41.6233],[-84.8226,41.6385],[-84.8685,41.6635],[-84.9084,41.6897],[-84.948,41.7143],[-84.9901,41.737],[-85.0601,41.7395],[-85.2231,41.7416],[-85.3087,41.7411],[-85.729,41.7431],[-86.1437,41.7329],[-86.1876,41.7245],[-86.2288,41.7186],[-86.282,41.7245],[-86.3462,41.7358],[-86.4139,41.7447],[-86.476,41.7513],[-86.5314,41.7315],[-86.6498,41.6852],[-86.7067,41.6611],[-86.7766,41.6339],[-86.8462,41.6086],[-86.9155,41.5852],[-87.0003,41.5849],[-87.0901,41.5863],[-87.1792,41.5893],[-87.3149,41.5976],[-87.4318,41.6078],[-87.474,41.6185],[-87.5101,41.6303],[-87.5123,41.6493],[-87.5156,41.6683],[-87.5194,41.687],[-87.5252,41.7052],[-87.5484,41.7238],[-87.5787,41.7424],[-87.6078,41.7614],[-87.6296,41.779],[-87.6321,41.7951],[-87.6324,41.8118],[-87.6323,41.8287],[-87.631,41.8455],[-87.6437,41.8494],[-87.644,41.8756],[-87.6464,41.8864],[-87.6504,41.8914],[-87.6554,41.8954],[-87.6598,41.8997],[-87.6621,41.9051],[-87.6638,41.9108],[-87.6681,41.9171],[-87.7,41.9371],[-87.7455,41.9626],[-87.7855,41.983],[-87.8045,41.9849],[-87.8234,41.9841],[-87.8408,41.9827],[-87.8552,41.984],[-87.8623,41.9873],[-87.8729,41.9963],[-87.8799,42.0006],[-87.9534,42.0215],[-87.9768,42.0337],[-87.9996,42.0477],[-88.0237,42.0585],[-88.0485,42.0629],[-88.0743,42.0659],[-88.1041,42.0677],[-88.1631,42.066],[-88.2312,42.065],[-88.295,42.0661],[-88.3405,42.0833],[-88.4364,42.1252],[-88.6075,42.1793],[-88.7825,42.2311],[-88.8766,42.2453],[-88.9641,42.2554],[-88.9915,42.4837],[-88.9863,42.5311],[-88.9833,42.5799],[-89.0047,42.6694],[-89.0334,42.7775],[-89.0616,42.8754],[-89.1266,42.9293],[-89.1966,42.98],[-89.2648,43.0362],[-89.3533,43.1903],[-89.4351,43.3406],[-89.4582,43.4057],[-89.4803,43.4623],[-89.4928,43.4883],[-89.5433,43.5044],[-89.6068,43.5225],[-89.6756,43.5388],[-89.7382,43.5564],[-89.7867,43.5719],[-89.802,43.5934],[-89.8146,43.6144],[-89.8241,43.6379],[-89.8416,43.6634],[-89.9425,43.7375],[-90.0704,43.8283],[-90.1877,43.9092],[-90.284,43.9368],[-90.3766,43.9616],[-90.4678,43.9844],[-90.5756,43.9713],[-90.6914,43.9554],[-90.8139,43.9369],[-90.9769,43.91],[-91.1506,43.883],[-91.311,43.8598],[-91.435,43.8865],[-91.5578,43.9177],[-91.6901,43.9468],[-91.843,43.9504],[-92.1805,43.9546],[-92.3218,43.9547],[-92.3971,43.9118],[-92.5458,43.8228],[-92.6129,43.7805],[-92.6618,43.7502],[-92.7546,43.6965],[-92.8052,43.6693],[-92.9247,43.6701],[-93.2346,43.6762],[-93.4094,43.6813],[-94.6454,43.6693],[-95.0134,43.6415],[-95.674,43.6431],[-96.2714,43.6415],[-96.3456,43.6231],[-96.4142,43.6057],[-96.5978,43.6066],[-96.8275,43.6097],[-97.0074,43.6137],[-97.0527,43.6289],[-97.0872,43.6456],[-97.1338,43.6614],[-97.3234,43.6682],[-97.5807,43.6752],[-97.8644,43.6813],[-98.5727,43.7178],[-99.2651,43.7567],[-99.5712,43.8287],[-99.8714,43.8959],[-100.2825,43.8987],[-100.7413,43.9],[-101.0779,43.8993],[-101.1435,43.8783],[-101.1925,43.8577],[-101.2532,43.8384],[-101.439,43.8368],[-101.6719,43.8368],[-101.9014,43.8384],[-102.119,43.9208],[-102.3475,44.0129],[-102.566,44.0954],[-102.7046,44.0954],[-102.8526,44.0912],[-102.999,44.0887],[-103.1324,44.0872],[-103.2417,44.0875],[-103.2894,44.1403],[-103.3961,44.265],[-103.4452,44.3284],[-103.4944,44.3827],[-103.6052,44.4208],[-103.7187,44.458],[-103.8295,44.4925],[-103.8928,44.5057],[-104.0795,44.5395],[-104.1316,44.5473],[-104.1695,44.5294],[-104.2494,44.4875],[-104.291,44.4616],[-104.3403,44.4376],[-104.6314,44.3654],[-104.9556,44.2884],[-105.1732,44.2908],[-105.394,44.2982],[-105.5873,44.3002],[-105.6973,44.2619],[-105.7989,44.2213],[-105.9004,44.1861],[-106.0271,44.192],[-106.1627,44.2001],[-106.2959,44.2097],[-106.3873,44.242],[-106.5754,44.3124],[-106.6694,44.3493],[-106.7372,44.4664],[-106.8162,44.6089],[-106.8923,44.7523],[-106.9606,44.8694],[-107.0333,44.9014],[-107.1064,44.9317],[-107.1807,44.9587],[-107.2509,44.9877],[-107.3176,45.0172],[-107.3384,45.1051],[-107.3863,45.333],[-107.4055,45.4459],[-107.4275,45.539],[-107.4548,45.5849],[-107.5311,45.702],[-107.5538,45.7329],[-107.6042,45.7387],[-107.7922,45.7539],[-107.8615,45.7579],[-108.0389,45.7823],[-108.2318,45.807],[-108.3764,45.8239],[-108.4073,45.8166],[-108.4573,45.8018],[-108.4767,45.7943],[-108.484,45.7869],[-108.4882,45.7783],[-108.4915,45.7695],[-108.4961,45.7617],[-108.5028,45.7555],[-108.5146,45.7527],[-108.5285,45.7513],[-108.5618,45.7504],[-108.5804,45.7478],[-108.6843,45.7112],[-108.809,45.6679],[-108.9118,45.65],[-109.0209,45.6326],[-109.1359,45.6161],[-109.3242,45.6552],[-109.5388,45.7016],[-109.7209,45.7427],[-109.8275,45.7917],[-109.9214,45.8385],[-110.1246,45.7676],[-110.2569,45.7317],[-110.407,45.6929],[-110.5559,45.6561],[-110.7243,45.6669],[-110.9021,45.68],[-111.0777,45.6945],[-111.2075,45.7514],[-111.345,45.8175],[-111.4799,45.8784],[-111.5941,45.9281],[-111.6874,45.913],[-111.7846,45.8956],[-111.8818,45.8749],[-111.9786,45.8592],[-112.0943,45.8755],[-112.3391,45.9133],[-112.4236,45.9281],[-112.4417,45.9416],[-112.4562,45.9546],[-112.4669,45.9679],[-112.4807,45.979],[-112.5039,45.9879],[-112.5283,45.9955],[-112.5535,46.0014],[-112.5945,46.0046],[-112.6366,46.0057],[-112.6707,46.0066],[-112.7042,46.009],[-112.7195,46.0118],[-112.7334,46.0225],[-112.7773,46.0652],[-112.7888,46.0792],[-112.7957,46.1005],[-112.8003,46.122],[-112.8026,46.1444],[-112.7884,46.1863],[-112.7683,46.236],[-112.7312,46.4944],[-112.8979,46.5737],[-113.0659,46.6515],[-113.2201,46.7209],[-113.3664,46.7288],[-113.513,46.732],[-113.654,46.7397],[-113.7885,46.799],[-113.9285,46.8627],[-114.0375,46.9142],[-114.0879,46.933],[-114.1316,46.9509],[-114.1935,46.9932],[-114.228,47.0154],[-114.2638,47.0363],[-114.3334,47.0342],[-114.4215,47.0284],[-114.5176,47.0213],[-114.6115,47.0164],[-114.6922,47.0138],[-114.7468,47.056],[-114.8064,47.1048],[-114.8683,47.1606],[-114.9392,47.2186],[-115.0163,47.2791],[-115.5309,47.3934],[-116.1705,47.5329],[-116.6256,47.6304],[-116.7776,47.6906],[-116.8225,47.6984],[-116.9162,47.7112],[-116.96,47.7155],[-117,47.7048],[-117.041,47.6917],[-117.0819,47.6756],[-117.1271,47.6632],[-117.2814,47.6558],[-117.4112,47.6526],[-117.433,47.6525],[-117.4446,47.6502],[-117.5106,47.6149],[-117.6103,47.5583],[-117.7217,47.4929],[-117.8664,47.4081],[-118.2127,47.2095],[-118.3871,47.1113],[-118.7358,47.106],[-119.158,47.1015],[-119.5539,47.1005],[-119.8238,47.0959],[-119.8638,47.0761],[-119.9567,47.0252],[-119.9776,47.0117],[-119.977,46.9975],[-119.9703,46.9665],[-119.9663,46.9504],[-119.9611,46.9349],[-120.3216,46.9672],[-120.3734,46.9676],[-120.4248,46.9673],[-120.5166,46.9688],[-120.5523,46.971],[-120.5676,46.9823],[-120.5951,47.0076],[-120.6075,47.0223],[-120.6237,47.0365],[-120.7178,47.0895],[-120.8105,47.1375],[-120.8322,47.1496],[-120.8507,47.1592],[-120.8728,47.168],[-120.919,47.1751],[-120.9743,47.179],[-121.0321,47.1876],[-121.1095,47.2148],[-121.194,47.2464],[-121.2738,47.2781],[-121.3239,47.325],[-121.3733,47.3742],[-121.4207,47.4242],[-121.4376,47.4109],[-121.4469,47.4049],[-121.4578,47.4],[-121.4793,47.398],[-121.5321,47.397],[-121.5553,47.3981],[-121.5702,47.4047],[-121.5834,47.4129],[-121.5967,47.4228],[-121.6144,47.4325],[-121.7278,47.4705],[-121.8533,47.5087],[-121.9336,47.5204],[-122.0066,47.5316],[-122.0461,47.546],[-122.0829,47.5628],[-122.1192,47.5751],[-122.1521,47.5784],[-122.1848,47.5784],[-122.2119,47.5802],[-122.2217,47.5831],[-122.2375,47.5899],[-122.2442,47.5916],[-122.2477,47.5913],[-122.254,47.5895],[-122.2579,47.5888],[-122.2688,47.5881],[-122.2826,47.5878],[-122.296,47.5882],[-122.3056,47.5895],[-122.3083,47.5907],[-122.3135,47.5946],[-122.316,47.5949],[-122.3179,47.5945],[-122.3204,47.5939],[-122.3263,47.5924]]},"properties":{"id":"routes-and-regions-interstate-90","layer":"routes-and-regions","name":"Interstate 90","sourceFolder":"Regions, travel routes, and significant pre-war roads"}},{"type":"Feature","id":"routes-and-regions-massachusetts-turnpike-interstate-90","geometry":{"type":"LineString","coordinates":[[-71.0606,42.3463],[-71.0621,42.3466],[-71.0662,42.3475],[-71.0678,42.3478],[-71.0695,42.3479],[-71.0721,42.3479],[-71.0737,42.3479],[-71.0783,42.3478],[-71.0856,42.3476],[-71.0876,42.3476],[-71.0902,42.3479],[-71.0987,42.3478],[-71.1001,42.3478],[-71.1012,42.3479],[-71.1058,42.3488],[-71.1077,42.3492],[-71.1086,42.3495],[-71.1093,42.3498],[-71.112,42.3512],[-71.1136,42.3519],[-71.117,42.3536],[-71.1178,42.3543],[-71.1184,42.355],[-71.1189,42.3559],[-71.1194,42.3565],[-71.1207,42.3572],[-71.1225,42.3575],[-71.1244,42.3575],[-71.1266,42.3571],[-71.1294,42.3564],[-71.131,42.3565],[-71.1399,42.3576],[-71.1464,42.3584],[-71.1512,42.358],[-71.1675,42.3576],[-71.1776,42.3579],[-71.1909,42.3552],[-71.2052,42.3516],[-71.2249,42.348],[-71.244,42.3467],[-71.251,42.3458],[-71.2547,42.3436],[-71.2599,42.3415],[-71.2625,42.341],[-71.2758,42.339],[-71.2884,42.3376],[-71.3019,42.3352],[-71.3093,42.3352],[-71.3133,42.3348],[-71.3214,42.3319],[-71.3305,42.3276],[-71.3378,42.3236],[-71.343,42.3199],[-71.3456,42.3184],[-71.3493,42.3174],[-71.3574,42.3159],[-71.3641,42.3127],[-71.3674,42.3114],[-71.3698,42.311],[-71.3753,42.3112],[-71.4044,42.3161],[-71.409,42.3159],[-71.4134,42.3151],[-71.435,42.3095],[-71.4467,42.3045],[-71.451,42.3028],[-71.4556,42.3014],[-71.4659,42.3008],[-71.4714,42.2999],[-71.4786,42.2962],[-71.486,42.2911],[-71.4951,42.2862],[-71.5155,42.2803],[-71.5398,42.2749],[-71.56,42.2686],[-71.5687,42.2636],[-71.5826,42.2524],[-71.6019,42.2366],[-71.6122,42.2305],[-71.6211,42.228],[-71.6304,42.2269],[-71.6396,42.2265],[-71.665,42.2285],[-71.6838,42.2284],[-71.7007,42.227],[-71.7049,42.2257],[-71.7083,42.2241],[-71.7124,42.2229],[-71.7224,42.2223],[-71.7442,42.2225],[-71.7498,42.2222],[-71.7548,42.2214],[-71.7624,42.2191],[-71.7704,42.216],[-71.7819,42.2099],[-71.7878,42.2075],[-71.7933,42.2065],[-71.8053,42.2057],[-71.8214,42.2033],[-71.8373,42.1998],[-71.8536,42.192],[-71.8879,42.1833],[-71.9258,42.1731],[-71.9407,42.166],[-71.9538,42.1584],[-71.9656,42.1533],[-71.9723,42.1523],[-71.9849,42.1522],[-71.9973,42.1505],[-72.0096,42.1478],[-72.0309,42.1385],[-72.0638,42.1288]]},"properties":{"id":"routes-and-regions-massachusetts-turnpike-interstate-90","layer":"routes-and-regions","name":"Massachusetts Turnpike / Interstate 90","sourceFolder":"Regions, travel routes, and significant pre-war roads"}},{"type":"Feature","id":"routes-and-regions-middlesex-expressway","geometry":{"type":"LineString","coordinates":[[-71.2646,42.7855],[-71.2546,42.7836],[-71.2495,42.7816],[-71.2411,42.7746],[-71.2245,42.7562],[-71.2144,42.7476],[-71.2068,42.7403],[-71.205,42.7373],[-71.2042,42.734],[-71.2069,42.72],[-71.2094,42.7027],[-71.2035,42.6832],[-71.1951,42.6646],[-71.1844,42.6426],[-71.1804,42.633],[-71.1764,42.6171],[-71.1707,42.5997],[-71.1622,42.5885],[-71.1529,42.5777],[-71.1434,42.5642],[-71.1364,42.5511],[-71.1349,42.5434],[-71.135,42.5365],[-71.1364,42.5264],[-71.1386,42.5187],[-71.1405,42.5151],[-71.1432,42.5121],[-71.1498,42.507],[-71.1538,42.5041],[-71.158,42.5016],[-71.1626,42.4995],[-71.1677,42.4979],[-71.1803,42.4955],[-71.1852,42.4935],[-71.1997,42.4831],[-71.2035,42.4814],[-71.2075,42.4801],[-71.2228,42.4755],[-71.2342,42.474],[-71.2398,42.4727],[-71.2462,42.4698],[-71.2524,42.466],[-71.2567,42.4628],[-71.2578,42.4617],[-71.2587,42.4597],[-71.2588,42.4584],[-71.2582,42.4555],[-71.2559,42.4512],[-71.2552,42.4488],[-71.2564,42.4444],[-71.2587,42.4394],[-71.2601,42.4343],[-71.2565,42.4189],[-71.259,42.406],[-71.2623,42.3939],[-71.2627,42.384],[-71.2695,42.3697],[-71.2705,42.3653],[-71.2707,42.3618],[-71.2705,42.36],[-71.2689,42.3566],[-71.2632,42.3501],[-71.2624,42.3468],[-71.263,42.344],[-71.2631,42.3425],[-71.2625,42.341],[-71.2571,42.3348],[-71.2502,42.3262],[-71.2486,42.3217],[-71.248,42.3209],[-71.2465,42.3202],[-71.2438,42.3196],[-71.2383,42.3196],[-71.2358,42.3185],[-71.2335,42.3166],[-71.2288,42.3103],[-71.225,42.3037],[-71.2237,42.3001],[-71.218,42.2951],[-71.2122,42.2895],[-71.2076,42.2861],[-71.2035,42.2832],[-71.2008,42.2803],[-71.1997,42.2776],[-71.199,42.2749],[-71.1987,42.2733],[-71.199,42.2715],[-71.2005,42.2697],[-71.2055,42.2658],[-71.2075,42.2636],[-71.2102,42.2574],[-71.2108,42.2542],[-71.2106,42.2514],[-71.2097,42.2496],[-71.2051,42.2448],[-71.2024,42.2388],[-71.2003,42.2318],[-71.1981,42.2105],[-71.1977,42.2045],[-71.1981,42.1985],[-71.2016,42.1882],[-71.2063,42.1768],[-71.2156,42.1477],[-71.231,42.1191],[-71.2316,42.1158],[-71.2315,42.1131],[-71.2307,42.1072],[-71.2219,42.0861],[-71.2217,42.0834],[-71.2222,42.0808],[-71.2237,42.0764],[-71.2263,42.0709],[-71.2489,42.0339],[-71.2523,42.0305],[-71.257,42.0268],[-71.2831,42.008],[-71.2864,42.0051],[-71.2888,42.002],[-71.2915,41.9945],[-71.2939,41.9854],[-71.2969,41.9724],[-71.3021,41.9576],[-71.3104,41.9443],[-71.3341,41.9152],[-71.3454,41.9045],[-71.3532,41.9007],[-71.3613,41.8985],[-71.3775,41.8949],[-71.3762,41.8852],[-71.3765,41.8809],[-71.3781,41.8773],[-71.3792,41.8757],[-71.3823,41.8732],[-71.3849,41.8725],[-71.3946,41.8723],[-71.3975,41.8714],[-71.4012,41.8681],[-71.4046,41.8634],[-71.4076,41.8578],[-71.4115,41.8479],[-71.4119,41.8455],[-71.4113,41.8392],[-71.4119,41.8376],[-71.4139,41.8361],[-71.4177,41.8346]]},"properties":{"id":"routes-and-regions-middlesex-expressway","layer":"routes-and-regions","name":"Middlesex Expressway","sourceFolder":"Regions, travel routes, and significant pre-war roads"}},{"type":"Feature","id":"routes-and-regions-boston-expressway","geometry":{"type":"LineString","coordinates":[[-71.7966,42.2892],[-71.7894,42.2901],[-71.7657,42.2921],[-71.7561,42.2931],[-71.7516,42.294],[-71.7475,42.2954],[-71.7436,42.298],[-71.7337,42.3083],[-71.7256,42.3167],[-71.7204,42.3205],[-71.71,42.3253],[-71.6975,42.3295],[-71.686,42.3322],[-71.6794,42.3326],[-71.6732,42.3322],[-71.6675,42.3327],[-71.6625,42.3348],[-71.6579,42.3377],[-71.6527,42.3403],[-71.6266,42.3459],[-71.6084,42.3539],[-71.5909,42.3624],[-71.5707,42.3708],[-71.5464,42.3779],[-71.5169,42.3836],[-71.4693,42.3848],[-71.4276,42.384],[-71.411,42.3844],[-71.4036,42.3848],[-71.3964,42.3859],[-71.3878,42.3885],[-71.3799,42.392],[-71.3743,42.3952],[-71.3696,42.3992],[-71.3619,42.4123],[-71.3569,42.417],[-71.3518,42.4211],[-71.3472,42.4248],[-71.3449,42.4261],[-71.3432,42.4267],[-71.3391,42.4272],[-71.3073,42.428],[-71.2848,42.429],[-71.2658,42.4294],[-71.2617,42.4289],[-71.2585,42.428],[-71.251,42.424],[-71.2486,42.423],[-71.2458,42.4223],[-71.2237,42.4213],[-71.2143,42.418],[-71.2096,42.4175],[-71.2038,42.4173],[-71.1528,42.4155],[-71.1348,42.4172],[-71.1249,42.4192],[-71.1183,42.4191],[-71.1145,42.4189],[-71.1117,42.4175],[-71.1071,42.4151],[-71.1045,42.4123],[-71.1024,42.4092],[-71.0952,42.4013],[-71.086,42.3938],[-71.0837,42.3913],[-71.0773,42.3859],[-71.0766,42.384],[-71.0768,42.3803],[-71.0762,42.3788],[-71.0739,42.3759],[-71.0669,42.3717],[-71.0647,42.3701],[-71.0605,42.3663],[-71.0585,42.3642],[-71.0575,42.3632],[-71.0564,42.3625],[-71.0555,42.362],[-71.0537,42.3611],[-71.0529,42.3607],[-71.0525,42.3603],[-71.0521,42.3597],[-71.0518,42.3586],[-71.0512,42.3571],[-71.0512,42.3562],[-71.0514,42.3556],[-71.0521,42.3549],[-71.0542,42.3538],[-71.0557,42.3531],[-71.0578,42.3525],[-71.0589,42.3518],[-71.0597,42.3503],[-71.0599,42.3497],[-71.0606,42.3463],[-71.0618,42.3435],[-71.0642,42.3388],[-71.0653,42.337],[-71.0652,42.3355],[-71.0636,42.333],[-71.0603,42.3294],[-71.0551,42.3237],[-71.0526,42.3197],[-71.0515,42.317],[-71.0515,42.3147],[-71.0536,42.3098],[-71.054,42.3072],[-71.0527,42.3043],[-71.0487,42.3005],[-71.0463,42.2966],[-71.0443,42.2925],[-71.0428,42.2871],[-71.0422,42.286],[-71.0398,42.2845],[-71.034,42.2804],[-71.0247,42.273],[-71.0143,42.2665],[-71.0072,42.2631],[-71.0039,42.2609],[-71.0026,42.2591],[-71.0007,42.2573],[-70.9963,42.255],[-70.9936,42.2533],[-70.988,42.2523],[-70.9846,42.2518],[-70.9786,42.2486],[-70.9716,42.2454],[-70.9649,42.2441],[-70.9608,42.2426],[-70.9543,42.2401],[-70.9511,42.2386],[-70.9496,42.2376],[-70.9478,42.2357],[-70.9446,42.2307],[-70.941,42.2243],[-70.9395,42.2208],[-70.9389,42.2175],[-70.9397,42.2148],[-70.9429,42.2096],[-70.9441,42.2072],[-70.9451,42.2031],[-70.9451,42.2011],[-70.9446,42.199],[-70.9427,42.1959],[-70.9397,42.1926],[-70.9322,42.1867],[-70.9164,42.1798],[-70.9067,42.1727],[-70.8953,42.1653],[-70.8534,42.1531],[-70.8352,42.1436],[-70.817,42.1332],[-70.7929,42.123],[-70.771,42.1129],[-70.7614,42.106],[-70.7539,42.0991],[-70.7429,42.0874],[-70.7353,42.0757],[-70.7303,42.0665],[-70.7261,42.0568],[-70.7243,42.0488],[-70.7237,42.0403],[-70.726,42.0251],[-70.7273,42.0097],[-70.7241,41.9997],[-70.7192,41.9903],[-70.7136,41.9805],[-70.7065,41.9714],[-70.6961,41.9641],[-70.6859,41.9577],[-70.6769,41.9487],[-70.6736,41.9431],[-70.6721,41.9416],[-70.6701,41.9405],[-70.6625,41.9383]]},"properties":{"id":"routes-and-regions-boston-expressway","layer":"routes-and-regions","name":"Boston Expressway","sourceFolder":"Regions, travel routes, and significant pre-war roads"}},{"type":"Feature","id":"routes-and-regions-caravan-trade-route","geometry":{"type":"LineString","coordinates":[[-76.825,39.1358],[-76.8251,39.1339],[-76.8322,39.1271],[-76.846,39.1162],[-76.8761,39.0942],[-76.9061,39.0743],[-76.9353,39.0601],[-76.9678,39.0483],[-76.9989,39.0447],[-77.0265,39.0421],[-77.033,39.0399],[-77.0436,39.0346],[-77.0488,39.0333],[-77.054,39.0337],[-77.0593,39.035],[-77.0684,39.0381],[-77.0756,39.0411],[-77.0814,39.0385],[-77.0832,39.0374],[-77.0845,39.036],[-77.0856,39.0331],[-77.0858,39.0295],[-77.085,39.0173],[-77.0863,39.0039],[-77.0855,38.998],[-77.0833,38.9944],[-77.0802,38.9913],[-77.0774,38.9875],[-77.0734,38.9734],[-77.0699,38.9557],[-77.0527,38.8924],[-77.0559,38.893],[-77.0638,38.8917],[-77.0676,38.8966],[-77.0691,38.8978],[-77.0728,38.8989],[-77.0768,38.8991],[-77.0849,38.8981],[-77.0949,38.8981],[-77.0995,38.8989],[-77.1025,38.9002],[-77.1077,38.9042],[-77.1223,38.9174],[-77.1258,38.9199],[-77.1281,38.9208],[-77.1296,38.9208],[-77.1346,38.9193],[-77.1366,38.9191],[-77.142,38.9194],[-77.154,38.9213],[-77.1638,38.924],[-77.1667,38.9246],[-77.169,38.9247],[-77.171,38.924],[-77.1731,38.9219],[-77.174,38.9192],[-77.1742,38.9081],[-77.1812,38.9053],[-77.1893,38.9028],[-77.2128,38.8998],[-77.2388,38.898],[-77.2717,38.8967],[-77.2839,38.8954],[-77.2896,38.8951],[-77.2951,38.8958],[-77.3011,38.8981],[-77.307,38.9017],[-77.3125,38.9058],[-77.3169,38.9105],[-77.3196,38.9169],[-77.3219,38.9319],[-77.3251,38.9383],[-77.3312,38.9434],[-77.3477,38.9516],[-77.3578,38.9552],[-77.3972,38.9631],[-77.4395,38.9723],[-77.4569,38.9798],[-77.4894,38.9975],[-77.5013,39.0059],[-77.5051,39.0123],[-77.5079,39.0256],[-77.5116,39.032],[-77.527,39.0431],[-77.5679,39.065],[-77.547,39.1625],[-77.546,39.1921],[-77.5479,39.2519],[-77.5467,39.2665],[-77.5462,39.2671],[-77.5447,39.268],[-77.5416,39.2672],[-77.5385,39.264],[-77.5331,39.261],[-77.498,39.246],[-77.4822,39.237],[-77.4736,39.2338],[-77.4615,39.233],[-77.4479,39.234],[-77.4333,39.2345],[-77.4112,39.2342],[-77.3873,39.2329],[-77.3672,39.2299],[-77.3565,39.2253],[-77.3477,39.2194],[-77.3404,39.2131],[-77.3273,39.1953],[-77.3191,39.1902],[-77.3097,39.1855],[-77.3023,39.1807],[-77.3001,39.1776],[-77.2976,39.1712],[-77.2954,39.1684],[-77.2915,39.1658],[-77.2867,39.1636],[-77.2755,39.1594],[-77.2587,39.1544],[-77.2408,39.1479],[-77.2196,39.1348],[-77.2,39.1184],[-77.1834,39.0982],[-77.1691,39.0763],[-77.1639,39.0669],[-77.1593,39.0566],[-77.154,39.0469],[-77.1489,39.0383],[-77.143,39.032],[-77.1371,39.0298],[-77.1302,39.029],[-77.1168,39.0285],[-77.1117,39.0272],[-77.1093,39.0255],[-77.1046,39.0191],[-77.1025,39.0176],[-77.0995,39.0169],[-77.096,39.0168],[-77.085,39.0173]]},"properties":{"id":"routes-and-regions-caravan-trade-route","layer":"routes-and-regions","name":"Caravan trade route","sourceFolder":"Regions, travel routes, and significant pre-war roads"}},{"type":"Feature","id":"routes-and-regions-caravan-trade-route-2","geometry":{"type":"LineString","coordinates":[[-77.13656,38.919075],[-77.140331,38.911873]]},"properties":{"id":"routes-and-regions-caravan-trade-route-2","layer":"routes-and-regions","name":"Caravan trade route","sourceFolder":"Regions, travel routes, and significant pre-war roads"}},{"type":"Feature","id":"routes-and-regions-caravan-trade-route-3","geometry":{"type":"LineString","coordinates":[[-77.0398,38.88],[-77.0392,38.8789],[-77.0374,38.8779],[-77.0364,38.8771],[-77.0361,38.8771],[-77.0348,38.8777],[-77.0339,38.8782],[-77.0324,38.8795]]},"properties":{"id":"routes-and-regions-caravan-trade-route-3","layer":"routes-and-regions","name":"Caravan trade route","sourceFolder":"Regions, travel routes, and significant pre-war roads"}},{"type":"Feature","id":"routes-and-regions-caravan-trade-route-4","geometry":{"type":"LineString","coordinates":[[-77.3706,38.9579],[-77.3647,38.9679],[-77.3622,38.9709],[-77.3587,38.9732],[-77.3516,38.975],[-77.3426,38.9754],[-77.322,38.9751],[-77.3121,38.9761],[-77.2866,38.9838],[-77.2611,38.9934],[-77.2618,39.0106],[-77.2607,39.0146],[-77.2594,39.0159],[-77.2561,39.0176],[-77.2549,39.0186],[-77.2544,39.0201],[-77.2543,39.025],[-77.2618,39.0226],[-77.269,39.0213],[-77.2748,39.0207],[-77.2819,39.0205],[-77.2894,39.0211],[-77.3012,39.0245],[-77.3268,39.035]]},"properties":{"id":"routes-and-regions-caravan-trade-route-4","layer":"routes-and-regions","name":"Caravan trade route","sourceFolder":"Regions, travel routes, and significant pre-war roads"}},{"type":"Feature","id":"routes-and-regions-caravan-trade-route-5","geometry":{"type":"LineString","coordinates":[[-77.2717,38.8967],[-77.2791,38.8907],[-77.2868,38.8854],[-77.2914,38.8836],[-77.3012,38.8811],[-77.305,38.8792],[-77.3073,38.8771],[-77.3092,38.8746],[-77.3104,38.8721],[-77.3109,38.8696],[-77.3102,38.8675],[-77.3072,38.8632],[-77.3064,38.8611],[-77.3068,38.8579],[-77.3093,38.8516],[-77.3065,38.8499],[-77.3059,38.8487],[-77.2993,38.8475],[-77.2975,38.8453],[-77.2963,38.8445],[-77.2835,38.8417],[-77.22,38.8346],[-77.2045,38.8333],[-77.2003,38.8324],[-77.1966,38.8307],[-77.1932,38.8273],[-77.1906,38.8227],[-77.1846,38.8069],[-77.1784,38.8072],[-77.1752,38.8069],[-77.1717,38.8056],[-77.1681,38.8037],[-77.1633,38.8022],[-77.1457,38.8017],[-77.1226,38.8028],[-77.1023,38.8032],[-77.0747,38.7999],[-77.0698,38.7989],[-77.0608,38.7956],[-77.0579,38.7955],[-77.0567,38.796],[-77.0561,38.7967],[-77.0558,38.7982],[-77.0563,38.8072],[-77.0553,38.811],[-77.0545,38.812],[-77.0532,38.8126],[-77.0483,38.8126],[-77.0473,38.8128],[-77.0458,38.8138],[-77.0444,38.8158],[-77.0441,38.8169],[-77.0441,38.8189],[-77.0458,38.8218],[-77.0461,38.8255],[-77.0457,38.8343],[-77.0461,38.8384],[-77.0487,38.8423],[-77.049,38.844],[-77.0488,38.8477],[-77.047,38.8545],[-77.0467,38.8587],[-77.0455,38.8611],[-77.0408,38.8659],[-77.04,38.8677],[-77.0409,38.8701],[-77.0429,38.8718],[-77.0494,38.8777],[-77.0529,38.8808],[-77.0581,38.8832],[-77.0585,38.8843],[-77.0593,38.8854],[-77.0589,38.8861],[-77.0557,38.8875],[-77.0523,38.8886],[-77.0514,38.8886],[-77.0502,38.8881],[-77.0501,38.8866],[-77.0479,38.8851],[-77.0416,38.881],[-77.0398,38.88],[-77.0383,38.8803],[-77.0376,38.8811],[-77.0375,38.8816],[-77.0372,38.8819],[-77.0367,38.8821],[-77.0362,38.8821],[-77.0359,38.8819],[-77.0332,38.8799],[-77.0324,38.8795],[-77.0317,38.8799],[-77.0291,38.882],[-77.0279,38.8825],[-77.0265,38.8826],[-77.0177,38.8829],[-77.0147,38.8824],[-77.0122,38.8808],[-77.0077,38.8763],[-77.0055,38.8748],[-77.0036,38.8745],[-76.9999,38.8747],[-76.9984,38.8746],[-76.9974,38.8741],[-76.9952,38.8722],[-76.9969,38.8716]]},"properties":{"id":"routes-and-regions-caravan-trade-route-5","layer":"routes-and-regions","name":"Caravan trade route","sourceFolder":"Regions, travel routes, and significant pre-war roads"}},{"type":"Feature","id":"routes-and-regions-caravan-trade-route-6","geometry":{"type":"LineString","coordinates":[[-77.3404,39.2131],[-77.3294,39.2183],[-77.3236,39.22],[-77.3166,39.2201],[-77.3092,39.2192],[-77.303,39.2192],[-77.2999,39.2201],[-77.2951,39.2227],[-77.2919,39.2246],[-77.2885,39.2264],[-77.2857,39.2276]]},"properties":{"id":"routes-and-regions-caravan-trade-route-6","layer":"routes-and-regions","name":"Caravan trade route","sourceFolder":"Regions, travel routes, and significant pre-war roads"}},{"type":"Feature","id":"routes-and-regions-caravan-trade-route-7","geometry":{"type":"LineString","coordinates":[[-77.4294,38.9701],[-77.4274,38.964],[-77.4271,38.961],[-77.4298,38.9535],[-77.43,38.948],[-77.4289,38.9327],[-77.429,38.9258],[-77.4304,38.9211],[-77.4316,38.9198],[-77.433,38.9189],[-77.4381,38.9175],[-77.4419,38.9171],[-77.4503,38.9174]]},"properties":{"id":"routes-and-regions-caravan-trade-route-7","layer":"routes-and-regions","name":"Caravan trade route","sourceFolder":"Regions, travel routes, and significant pre-war roads"}},{"type":"Feature","id":"routes-and-regions-caravan-trade-route-8","geometry":{"type":"LineString","coordinates":[[-77.269,39.0213],[-77.2644,39.0183],[-77.2607,39.0146]]},"properties":{"id":"routes-and-regions-caravan-trade-route-8","layer":"routes-and-regions","name":"Caravan trade route","sourceFolder":"Regions, travel routes, and significant pre-war roads"}},{"type":"Feature","id":"routes-and-regions-caravan-trade-route-9","geometry":{"type":"LineString","coordinates":[[-76.876056,39.094172],[-76.876475,39.171425]]},"properties":{"id":"routes-and-regions-caravan-trade-route-9","layer":"routes-and-regions","name":"Caravan trade route","sourceFolder":"Regions, travel routes, and significant pre-war roads"}},{"type":"Feature","id":"routes-and-regions-caravan-trade-route-10","geometry":{"type":"LineString","coordinates":[[-77.1774,39.1088],[-77.1773,39.1076],[-77.1779,39.107],[-77.1797,39.1067],[-77.1808,39.1064],[-77.1839,39.1052],[-77.1886,39.1029]]},"properties":{"id":"routes-and-regions-caravan-trade-route-10","layer":"routes-and-regions","name":"Caravan trade route","sourceFolder":"Regions, travel routes, and significant pre-war roads"}},{"type":"Feature","id":"routes-and-regions-caravan-trade-route-11","geometry":{"type":"LineString","coordinates":[[-119.0874,36.7918],[-119.7482,36.9588],[-120.4823,37.2882]]},"properties":{"id":"routes-and-regions-caravan-trade-route-11","layer":"routes-and-regions","name":"Caravan trade route","sourceFolder":"Regions, travel routes, and significant pre-war roads"}},{"type":"Feature","id":"routes-and-regions-caravan-trade-route-12","geometry":{"type":"LineString","coordinates":[[-121.4982,38.5735],[-121.5346,39.1375],[-121.5982,39.4254],[-121.6677,39.5901]]},"properties":{"id":"routes-and-regions-caravan-trade-route-12","layer":"routes-and-regions","name":"Caravan trade route","sourceFolder":"Regions, travel routes, and significant pre-war roads"}},{"type":"Feature","id":"routes-and-regions-caravan-trade-route-13","geometry":{"type":"LineString","coordinates":[[-115.1724,36.0711],[-115.1456,36.0716],[-115.132,36.0717],[-115.1187,36.0716],[-115.1003,36.0716],[-115.0837,36.0708],[-115.0723,36.0709],[-115.0712,36.0713],[-115.0665,36.0664],[-115.0635,36.0645],[-115.0617,36.0638],[-115.0571,36.0634],[-115.046,36.0637],[-115.0322,36.0637]]},"properties":{"id":"routes-and-regions-caravan-trade-route-13","layer":"routes-and-regions","name":"Caravan trade route","sourceFolder":"Regions, travel routes, and significant pre-war roads"}},{"type":"Feature","id":"routes-and-regions-caravan-trade-route-14","geometry":{"type":"LineString","coordinates":[[-70.9934,42.4742],[-71.0025,42.4773],[-71.0076,42.481],[-71.0092,42.4829],[-71.0113,42.4838],[-71.0139,42.486],[-71.0146,42.4875],[-71.018,42.4894],[-71.0197,42.4918],[-71.0217,42.4945],[-71.0261,42.496],[-71.0275,42.4974]]},"properties":{"id":"routes-and-regions-caravan-trade-route-14","layer":"routes-and-regions","name":"Caravan trade route","sourceFolder":"Regions, travel routes, and significant pre-war roads"}},{"type":"Feature","id":"routes-and-regions-the-long-15","geometry":{"type":"LineString","coordinates":[[-117.5342,34.1044],[-117.4649,34.1624],[-117.4405,34.1787],[-117.4291,34.1869],[-117.4202,34.1944],[-117.418,34.1978],[-117.4166,34.2009],[-117.4135,34.2072],[-117.4095,34.2227],[-117.4192,34.2294],[-117.4287,34.2369],[-117.4368,34.2445],[-117.4447,34.2531],[-117.4507,34.2624],[-117.4527,34.2705],[-117.4533,34.288],[-117.4555,34.2953],[-117.4596,34.3],[-117.4706,34.3076],[-117.4751,34.3115],[-117.4787,34.3165],[-117.4815,34.3217],[-117.4829,34.3268],[-117.4825,34.3314],[-117.4792,34.3404],[-117.4672,34.3403],[-117.4614,34.3406],[-117.456,34.3417],[-117.4511,34.344],[-117.4469,34.347],[-117.4374,34.3559],[-117.3998,34.4004],[-117.3601,34.452],[-117.3398,34.478],[-117.3241,34.5015],[-117.3202,34.5118],[-117.315,34.5319],[-117.3108,34.5396],[-117.3065,34.5432],[-117.2962,34.548],[-117.2904,34.552],[-117.2526,34.5975],[-117.2174,34.6454],[-117.2118,34.6578],[-117.2097,34.6684],[-117.2106,34.6748],[-117.2126,34.681],[-117.213,34.6879],[-117.209,34.6999],[-117.202,34.7132],[-117.1935,34.7258],[-117.1785,34.742],[-117.1602,34.758],[-117.1178,34.79],[-117.0994,34.8071],[-117.0917,34.826],[-117.0877,34.846],[-117.0826,34.8626],[-117.0789,34.8685],[-117.0748,34.8738],[-117.0705,34.8781],[-117.0658,34.8814],[-117.0619,34.8832],[-117.058,34.8843],[-117.0488,34.8857],[-117.0363,34.8858],[-117.0219,34.8852],[-117.0082,34.8868],[-116.9993,34.8913],[-116.9829,34.9043],[-116.9734,34.9084],[-116.9604,34.9085],[-116.9463,34.9058],[-116.9305,34.9024],[-116.9123,34.9009],[-116.8243,34.9126],[-116.7174,34.9304],[-116.5651,34.9934],[-116.4304,35.0525],[-116.4138,35.0646],[-116.4022,35.0762],[-116.3901,35.086],[-116.3754,35.0952],[-116.3417,35.0997],[-116.3004,35.1],[-116.2578,35.1037],[-116.2189,35.1087],[-116.1852,35.1432],[-116.1459,35.1866],[-116.1095,35.227],[-116.087,35.2543],[-116.0797,35.2597],[-116.0733,35.2635],[-116.0611,35.2708],[-116.0508,35.2776],[-116.0474,35.2818],[-116.0441,35.2851],[-115.9883,35.3221],[-115.9121,35.3676],[-115.865,35.3844],[-115.8249,35.3955],[-115.7943,35.4016],[-115.6905,35.4387],[-115.5914,35.4734],[-115.5835,35.475],[-115.5777,35.4756],[-115.5725,35.4755],[-115.5688,35.4748],[-115.5617,35.4725],[-115.5453,35.47],[-115.5368,35.4687],[-115.5279,35.468],[-115.5202,35.469],[-115.5121,35.4707],[-115.5044,35.4715],[-115.498,35.4706],[-115.486,35.467],[-115.4827,35.4657],[-115.4763,35.4625],[-115.4733,35.4613],[-115.4703,35.4609],[-115.4679,35.4612],[-115.4656,35.4621],[-115.4591,35.4657],[-115.4511,35.4708],[-115.4501,35.4717],[-115.4488,35.4734],[-115.4471,35.4767],[-115.3905,35.6089],[-115.389,35.6123],[-115.3877,35.6164],[-115.3764,35.6829],[-115.3678,35.7131],[-115.3551,35.7434],[-115.3282,35.7837],[-115.297,35.8236],[-115.2287,35.8826],[-115.2117,35.9029],[-115.1965,35.9237],[-115.1838,35.9444],[-115.1805,35.9671],[-115.1794,35.9905],[-115.18,36.0128],[-115.1807,36.0624],[-115.1815,36.1019],[-115.1806,36.132],[-115.1798,36.1341],[-115.1786,36.1359],[-115.1622,36.1544],[-115.1608,36.1576],[-115.1609,36.1637],[-115.1596,36.1676],[-115.1576,36.1713],[-115.1553,36.1744],[-115.1449,36.1812],[-115.1436,36.1834],[-115.1433,36.1889],[-115.1405,36.1923],[-115.1388,36.1958],[-115.1379,36.1977],[-115.1369,36.1998],[-115.1244,36.2171],[-115.1184,36.2253],[-115.1158,36.2284],[-115.1009,36.2407],[-115.0852,36.254],[-115.0694,36.2659],[-115.0635,36.2687],[-115.0564,36.2713],[-115.0027,36.2903],[-114.9462,36.3128],[-114.9334,36.3201],[-114.9228,36.3297],[-114.8886,36.3855],[-114.8538,36.4437],[-114.8403,36.4577],[-114.8253,36.4688],[-114.7916,36.4875],[-114.7617,36.5022],[-114.7536,36.5063],[-114.7297,36.5255],[-114.7005,36.5496],[-114.6752,36.5669],[-114.6539,36.5826],[-114.6403,36.601],[-114.6192,36.6214],[-114.591,36.6456],[-114.5661,36.6646],[-114.5516,36.6681],[-114.5373,36.6687],[-114.5219,36.6721],[-114.4918,36.6922],[-114.4575,36.7202],[-114.4199,36.7449],[-114.367,36.758],[-114.3101,36.7702],[-114.2599,36.7792],[-114.2407,36.7774],[-114.2228,36.7726],[-114.2056,36.7676],[-114.1891,36.7646],[-114.1734,36.7634],[-114.159,36.7696],[-114.1444,36.778],[-114.1294,36.7872],[-114.115,36.7974],[-114.0996,36.8056],[-114.0556,36.8172],[-114.0113,36.8302],[-113.9788,36.8519],[-113.9475,36.8774],[-113.9262,36.8928],[-113.9234,36.8935],[-113.9212,36.8935],[-113.9184,36.894],[-113.9093,36.898],[-113.882,36.9123],[-113.8684,36.9185],[-113.858,36.9214],[-113.8539,36.9209],[-113.8503,36.9194],[-113.8442,36.916],[-113.8415,36.9151],[-113.8396,36.9151],[-113.8346,36.9163],[-113.8323,36.9263],[-113.8317,36.9276],[-113.8304,36.9287],[-113.8047,36.943],[-113.7687,36.9601],[-113.7497,36.9661],[-113.7292,36.9707],[-113.692,36.9751],[-113.6503,36.9819],[-113.6316,36.9866],[-113.6175,37.0066],[-113.6024,37.0322],[-113.5887,37.061],[-113.5731,37.0891],[-113.5564,37.1135],[-113.5113,37.1374],[-113.4615,37.1594],[-113.4139,37.183],[-113.3591,37.2319],[-113.3027,37.2872],[-113.2661,37.3731],[-113.2302,37.473],[-113.1949,37.5555],[-113.1594,37.5859],[-113.123,37.6102],[-113.0933,37.636],[-113.0846,37.6598],[-113.0818,37.6853],[-113.0748,37.7107],[-113.0658,37.736],[-113.0154,37.7633],[-112.9503,37.7948],[-112.8799,37.8277],[-112.8159,37.8618],[-112.7591,37.9456],[-112.7029,38.0368],[-112.6566,38.1065],[-112.6331,38.1231],[-112.6123,38.1358],[-112.5906,38.1475],[-112.6053,38.1567],[-112.6325,38.1766],[-112.6456,38.1885],[-112.6482,38.2284],[-112.6497,38.3373],[-112.6483,38.3847],[-112.6296,38.4325],[-112.6099,38.4794],[-112.603,38.5624],[-112.5989,38.6469],[-112.5925,38.6836],[-112.5847,38.7175],[-112.5742,38.7541],[-112.5091,38.8127],[-112.4259,38.8798],[-112.3507,38.9471],[-112.2857,39.0557],[-112.2367,39.1444],[-112.2089,39.1769],[-112.1144,39.253],[-112.1064,39.26],[-112.1004,39.2657],[-112.0952,39.2737],[-112.0901,39.3021],[-112.0869,39.3396],[-112.0787,39.3773],[-112.0448,39.4177],[-112.0032,39.4603],[-111.9644,39.504],[-111.938,39.557],[-111.9144,39.6117],[-111.892,39.6533],[-111.8741,39.6647],[-111.8559,39.6725],[-111.8404,39.6807],[-111.8342,39.6858],[-111.8292,39.6915],[-111.8203,39.7025],[-111.818,39.7084],[-111.8189,39.7156],[-111.8225,39.7233],[-111.8323,39.7397],[-111.8355,39.7486],[-111.8367,39.7801],[-111.8343,39.8143],[-111.8336,39.8541],[-111.8299,39.8919],[-111.8217,39.9167],[-111.8115,39.9373],[-111.805,39.9478],[-111.7974,39.9568],[-111.7724,39.9756],[-111.7686,39.9799],[-111.766,39.985],[-111.7649,39.9965],[-111.7649,40.0113],[-111.761,40.0268],[-111.7404,40.0501],[-111.7141,40.0765],[-111.6892,40.0988],[-111.6494,40.1279],[-111.6478,40.13],[-111.6469,40.1324],[-111.6446,40.1468],[-111.6443,40.1687],[-111.6461,40.1914],[-111.6688,40.222],[-111.6996,40.255],[-111.722,40.2837],[-111.7244,40.294],[-111.7237,40.3031],[-111.7241,40.3122],[-111.7277,40.3225],[-111.7561,40.3442],[-111.7989,40.3737],[-111.848,40.4033],[-111.8884,40.431],[-111.9119,40.4493],[-111.9134,40.4536],[-111.9129,40.4573],[-111.9124,40.4608],[-111.9093,40.4678],[-111.9038,40.4753],[-111.8964,40.4831],[-111.8909,40.4933],[-111.8929,40.5268],[-111.9057,40.6135],[-111.9046,40.7184],[-111.9037,40.7307],[-111.9042,40.7405],[-111.9088,40.7498],[-111.9133,40.7576],[-111.9141,40.7609],[-111.9139,40.764],[-111.9102,40.7719],[-111.9097,40.777],[-111.9106,40.7828],[-111.9127,40.7879],[-111.9201,40.8002],[-111.9229,40.806],[-111.9238,40.8107],[-111.923,40.8127],[-111.9182,40.8172],[-111.9169,40.8192],[-111.9159,40.8272],[-111.9162,40.837],[-111.9147,40.8464],[-111.9095,40.8543],[-111.9025,40.8618],[-111.8975,40.8694],[-111.8964,40.8772],[-111.897,40.8851],[-111.8968,40.892],[-111.8919,40.9027],[-111.8895,40.9323],[-111.8913,40.9644],[-111.8932,40.9729],[-111.8959,40.9801],[-111.9004,40.9866],[-111.9086,40.9926],[-111.9189,40.9978],[-111.9278,41.0029],[-111.935,41.0088],[-111.9405,41.0151],[-111.9447,41.0228],[-111.9473,41.0303],[-111.9477,41.0353],[-111.9484,41.0378],[-111.952,41.0423],[-111.9569,41.0472],[-111.9604,41.0516],[-111.9608,41.0538],[-111.9605,41.0557],[-111.9611,41.0582],[-111.9782,41.0779],[-112.0058,41.105],[-112.0238,41.1241],[-112.0253,41.1268],[-112.0259,41.1295],[-112.0265,41.1395],[-112.0255,41.1517],[-112.024,41.161],[-112.0215,41.1705],[-112.0173,41.1793],[-112.011,41.1866],[-111.9949,41.1997],[-111.9702,41.2187]]},"properties":{"id":"routes-and-regions-the-long-15","layer":"routes-and-regions","name":"The Long 15","sourceFolder":"Regions, travel routes, and significant pre-war roads"}},{"type":"Feature","id":"routes-and-regions-highway-95","geometry":{"type":"LineString","coordinates":[[-117.2769,37.9887],[-117.2566,37.952],[-117.2385,37.9107],[-117.2386,37.8171],[-117.2412,37.7111],[-117.2136,37.6015],[-117.1847,37.5023],[-117.1796,37.4715],[-117.1734,37.4453],[-117.1643,37.415],[-117.0975,37.3441],[-117.0125,37.2571],[-116.9371,37.1825],[-116.8674,37.143],[-116.8066,37.108],[-116.768,37.0608],[-116.7352,37.0149],[-116.7289,36.9999],[-116.7168,36.9563],[-116.716,36.9458],[-116.7192,36.9404],[-116.7292,36.9312],[-116.7391,36.9247],[-116.7482,36.9197],[-116.7505,36.9176],[-116.7537,36.9131],[-116.7557,36.9115],[-116.7576,36.91],[-116.7594,36.9084],[-116.7565,36.9065],[-116.7559,36.9057],[-116.7535,36.8995],[-116.7514,36.8921],[-116.751,36.8896],[-116.7511,36.887],[-116.7572,36.8692],[-116.7586,36.8588],[-116.7558,36.8488],[-116.7507,36.8386],[-116.7428,36.8268],[-116.6891,36.778],[-116.6291,36.7283],[-116.5752,36.6966],[-116.5553,36.6859],[-116.5325,36.6762],[-116.4668,36.6589],[-116.4003,36.6438],[-116.3758,36.6371],[-116.3553,36.6324],[-116.3407,36.6322],[-116.3244,36.631],[-116.2575,36.6041],[-116.1849,36.5742],[-116.1513,36.5677],[-116.1233,36.5644],[-116.1088,36.5615],[-116.1023,36.5606],[-116.0955,36.5613],[-116.0864,36.5655],[-116.0679,36.5804],[-116.0573,36.5865],[-116.0377,36.592],[-116.016,36.5958],[-115.9968,36.5984],[-115.9836,36.6007],[-115.969,36.6012],[-115.8974,36.5834],[-115.8128,36.5648],[-115.7532,36.5703],[-115.6984,36.577],[-115.6723,36.5744],[-115.6476,36.5704],[-115.6201,36.5643],[-115.564,36.534],[-115.4985,36.4962],[-115.4471,36.4645],[-115.4353,36.4489],[-115.4288,36.434],[-115.419,36.4184],[-115.3697,36.3755],[-115.3239,36.3391],[-115.312,36.3261],[-115.1738,36.1752],[-115.1666,36.176],[-115.1553,36.1744],[-115.1451,36.1754],[-115.1403,36.1741],[-115.1304,36.1702],[-115.1272,36.169],[-115.1237,36.168],[-115.1051,36.1679],[-115.0998,36.1672],[-115.0975,36.1666],[-115.0955,36.1657],[-115.0931,36.1633],[-115.0915,36.1598],[-115.0911,36.1519],[-115.0918,36.1419],[-115.0911,36.1331],[-115.0886,36.1287],[-115.0854,36.125],[-115.0829,36.1208],[-115.082,36.1142],[-115.0821,36.1069],[-115.0816,36.1009],[-115.0798,36.0965],[-115.0782,36.0946],[-115.0748,36.0922],[-115.0703,36.0901],[-115.0658,36.0884],[-115.0577,36.0871],[-115.0535,36.0859],[-115.0473,36.0818],[-115.0409,36.0762],[-115.0353,36.0699],[-115.0284,36.0572],[-115.0225,36.0448],[-115.0132,36.0323],[-114.9902,36.0123],[-114.9846,36.0047],[-114.9822,36.0028],[-114.9783,36.0012],[-114.9735,36.0002],[-114.9635,35.9991],[-114.9572,35.9992],[-114.9508,35.9997],[-114.9446,35.9994],[-114.9391,35.9979],[-114.9338,35.9957],[-114.9289,35.9928],[-114.9239,35.9887],[-114.9194,35.9839],[-114.916,35.9792],[-114.9146,35.9758],[-114.913,35.969]]},"properties":{"id":"routes-and-regions-highway-95","layer":"routes-and-regions","name":"Highway 95","sourceFolder":"Regions, travel routes, and significant pre-war roads"}},{"type":"Feature","id":"routes-and-regions-highway-89","geometry":{"type":"LineString","coordinates":[[-119.8239,38.7757],[-119.8204,38.774],[-119.8189,38.7729],[-119.8175,38.7712],[-119.8163,38.7691],[-119.8155,38.7667],[-119.8154,38.7626],[-119.816,38.7578],[-119.816,38.7529],[-119.8143,38.7455],[-119.8109,38.7378],[-119.8019,38.7265],[-119.7933,38.7164],[-119.7913,38.7129],[-119.7903,38.7101],[-119.7905,38.7068],[-119.7896,38.7031],[-119.7882,38.7018],[-119.7858,38.7012],[-119.7851,38.7008],[-119.7828,38.6983],[-119.7815,38.6963],[-119.7803,38.6949],[-119.7798,38.6944],[-119.7795,38.6941],[-119.7787,38.6936],[-119.7759,38.6935],[-119.7751,38.6937],[-119.7742,38.6946],[-119.7734,38.695],[-119.7731,38.6958],[-119.7732,38.6968],[-119.7726,38.6984],[-119.7719,38.6989],[-119.7709,38.6989],[-119.7701,38.6983],[-119.7665,38.6901],[-119.7598,38.6902],[-119.7577,38.6899],[-119.7559,38.6893],[-119.7544,38.688],[-119.7513,38.6821],[-119.7497,38.6805],[-119.7466,38.6792],[-119.7389,38.6777],[-119.7356,38.6762],[-119.7327,38.6732],[-119.7263,38.6612],[-119.7155,38.6644],[-119.7054,38.6668],[-119.7012,38.6673],[-119.6973,38.6673],[-119.6934,38.6666],[-119.689,38.6644],[-119.6799,38.6578],[-119.6755,38.6558],[-119.6727,38.6556],[-119.6645,38.6569],[-119.6673,38.6703],[-119.6598,38.6728],[-119.657,38.673],[-119.6526,38.672],[-119.6378,38.6652],[-119.6273,38.6727],[-119.6237,38.6747],[-119.6201,38.6759],[-119.6169,38.6761],[-119.6136,38.6758],[-119.6038,38.6735],[-119.5996,38.6791],[-119.5981,38.6804],[-119.597,38.6808],[-119.5935,38.6814],[-119.5859,38.6739],[-119.5846,38.6717],[-119.5845,38.6689],[-119.5854,38.6674],[-119.5867,38.6666],[-119.5926,38.6652],[-119.594,38.6645],[-119.595,38.6631],[-119.5957,38.6607],[-119.5861,38.6608],[-119.5979,38.6556],[-119.5854,38.6558],[-119.5792,38.6552],[-119.5723,38.6528],[-119.5655,38.6496],[-119.5606,38.6465],[-119.5584,38.6438],[-119.5575,38.643],[-119.5534,38.6419],[-119.548,38.6415],[-119.5383,38.6418],[-119.5276,38.6426]]},"properties":{"id":"routes-and-regions-highway-89","layer":"routes-and-regions","name":"Highway 89","sourceFolder":"Regions, travel routes, and significant pre-war roads"}},{"type":"Feature","id":"routes-and-regions-unnamed-561","geometry":{"type":"LineString","coordinates":[[-114.7653,36.0098],[-114.7605,36.0056],[-114.7575,36.0035],[-114.7545,36.0021],[-114.7511,36.0026],[-114.7493,36.0028],[-114.7486,36.0019],[-114.745,36.0009],[-114.7444,36.0004],[-114.7443,35.9999],[-114.7439,35.9998],[-114.7427,36]]},"properties":{"id":"routes-and-regions-unnamed-561","layer":"routes-and-regions","name":null,"sourceFolder":"Regions, travel routes, and significant pre-war roads"}},{"type":"Feature","id":"routes-and-regions-unnamed-562","geometry":{"type":"LineString","coordinates":[[-119.8239,38.7757],[-119.8212,38.777],[-119.821,38.7777],[-119.8215,38.7811],[-119.821,38.7823],[-119.8162,38.7862],[-119.8078,38.791],[-119.7888,38.8009],[-119.7829,38.8048],[-119.7799,38.808],[-119.779,38.8104],[-119.777,38.8456],[-119.7795,38.9616]]},"properties":{"id":"routes-and-regions-unnamed-562","layer":"routes-and-regions","name":null,"sourceFolder":"Regions, travel routes, and significant pre-war roads"}},{"type":"Feature","id":"routes-and-regions-unnamed-563","geometry":{"type":"LineString","coordinates":[[-116.2679,35.9688],[-116.258,35.9703],[-116.2549,35.9711],[-116.2524,35.9724],[-116.2506,35.9743],[-116.2473,35.9822],[-116.2456,35.9847],[-116.24,35.9897],[-116.2332,35.9944],[-116.2273,35.9975],[-116.2237,35.9983],[-116.2213,35.998],[-116.2195,35.9972],[-116.2176,35.9958],[-116.2117,35.9908],[-116.2069,35.9922],[-116.2047,35.9933],[-116.2023,35.9951],[-116.2001,35.9976],[-116.198,36.0013],[-116.193,36.0336],[-116.1892,36.0815],[-116.1819,36.1207],[-116.1745,36.1337],[-116.1666,36.1443],[-116.1579,36.1528],[-116.1496,36.1578],[-116.1405,36.1614],[-116.1304,36.1645],[-116.1149,36.1672],[-116.0976,36.1692],[-116.081,36.1733],[-116.0649,36.1834],[-116.0496,36.1961],[-116.0336,36.2055],[-116.0221,36.208],[-115.9981,36.21],[-115.9855,36.2093],[-115.9666,36.1993],[-115.9448,36.1853],[-115.9203,36.1689],[-115.8938,36.1506],[-115.8372,36.1138],[-115.7011,36.0302],[-115.6559,36.0044],[-115.6448,36.0031],[-115.6356,36.0034],[-115.6187,36.0055],[-115.6025,36.0057],[-115.5864,36.0074],[-115.5725,36.0123],[-115.5582,36.019],[-115.5447,36.0235],[-115.5346,36.0242],[-115.525,36.0237],[-115.5173,36.0226],[-115.5129,36.0215],[-115.5089,36.0198],[-115.4998,36.0153],[-115.4911,36.0097],[-115.4884,36.0068],[-115.4863,36.0037],[-115.4839,36.0013],[-115.481,35.9998],[-115.475,35.998],[-115.4709,35.9971],[-115.4662,35.9945],[-115.4632,35.9938],[-115.4615,35.9937],[-115.4583,35.9943],[-115.4516,35.9967],[-115.4469,35.9992]]},"properties":{"id":"routes-and-regions-unnamed-563","layer":"routes-and-regions","name":null,"sourceFolder":"Regions, travel routes, and significant pre-war roads"}},{"type":"Feature","id":"routes-and-regions-unnamed-564","geometry":{"type":"LineString","coordinates":[[-115.3281,35.7807],[-115.3737,35.8028],[-115.3805,35.8061],[-115.3869,35.8106],[-115.4266,35.8281],[-115.43,35.831],[-115.4311,35.832],[-115.4317,35.8323],[-115.4327,35.8324],[-115.436,35.8324],[-115.436,35.8353],[-115.44,35.8354],[-115.4403,35.8355],[-115.4405,35.8376],[-115.4442,35.8622],[-115.4451,35.8822],[-115.445,35.9054],[-115.4425,35.9242],[-115.4391,35.9308],[-115.4349,35.9361],[-115.4321,35.9417],[-115.4314,35.9492],[-115.4322,35.9571],[-115.4341,35.9634],[-115.4362,35.9658],[-115.4387,35.9676],[-115.4408,35.9699],[-115.4428,35.9762],[-115.4448,35.9906],[-115.4469,35.9992]]},"properties":{"id":"routes-and-regions-unnamed-564","layer":"routes-and-regions","name":null,"sourceFolder":"Regions, travel routes, and significant pre-war roads"}},{"type":"Feature","id":"routes-and-regions-unnamed-565","geometry":{"type":"LineString","coordinates":[[-115.4469,35.9992],[-115.4456,36.0001],[-115.4432,36.0022],[-115.4407,36.005],[-115.4388,36.0065],[-115.4365,36.0077],[-115.4283,36.0109],[-115.4243,36.0134],[-115.419,36.0178],[-115.4135,36.0205],[-115.4031,36.0252],[-115.4009,36.0273],[-115.4006,36.0279],[-115.3995,36.0303],[-115.3964,36.0322],[-115.3926,36.0328],[-115.3844,36.0325],[-115.3589,36.035]]},"properties":{"id":"routes-and-regions-unnamed-565","layer":"routes-and-regions","name":null,"sourceFolder":"Regions, travel routes, and significant pre-war roads"}},{"type":"Feature","id":"routes-and-regions-unnamed-566","geometry":{"type":"LineString","coordinates":[[-80.0067,40.4211],[-80.0064,40.4212],[-80.006,40.4213],[-80.0055,40.4213],[-80.0019,40.4217],[-79.9971,40.4218],[-79.9933,40.422],[-79.9911,40.4228],[-79.9898,40.4234],[-79.9884,40.4241],[-79.9884,40.4254],[-79.9885,40.4267],[-79.9887,40.4308],[-79.9892,40.4325],[-79.9898,40.4345],[-79.9896,40.438]]},"properties":{"id":"routes-and-regions-unnamed-566","layer":"routes-and-regions","name":null,"sourceFolder":"Regions, travel routes, and significant pre-war roads"}},{"type":"Feature","id":"routes-and-regions-unnamed-567","geometry":{"type":"LineString","coordinates":[[-70.9976,42.5078],[-70.9986,42.4964],[-71.0001,42.4915],[-71.0025,42.4888],[-71.0056,42.4866],[-71.008,42.4842],[-71.009,42.4814],[-71.0093,42.4756],[-71.0082,42.4707],[-71.0081,42.4681]]},"properties":{"id":"routes-and-regions-unnamed-567","layer":"routes-and-regions","name":null,"sourceFolder":"Regions, travel routes, and significant pre-war roads"}},{"type":"Feature","id":"routes-and-regions-highway-95-2","geometry":{"type":"LineString","coordinates":[[-114.8946,35.9675],[-114.8946,35.9672],[-114.8948,35.9656],[-114.8953,35.9642],[-114.9016,35.9521],[-114.9092,35.9388],[-114.9173,35.9214],[-114.9279,35.8772],[-114.9371,35.8284],[-114.9519,35.7606],[-114.9578,35.7335],[-114.9608,35.7193],[-114.9613,35.7152],[-114.9596,35.6711],[-114.959,35.6675],[-114.9571,35.663],[-114.943,35.6425],[-114.9396,35.6378],[-114.9234,35.6163],[-114.9163,35.6025],[-114.9132,35.5853],[-114.9124,35.5665],[-114.9128,35.5478],[-114.9142,35.5191],[-114.9176,35.4954],[-114.9227,35.4838],[-114.924,35.4783],[-114.9244,35.4735],[-114.9241,35.4714],[-114.9234,35.4697],[-114.92,35.4652],[-114.9185,35.4594],[-114.915,35.4519],[-114.8538,35.1922],[-114.8503,35.1773],[-114.8465,35.1661],[-114.8417,35.1588],[-114.8361,35.1517],[-114.8314,35.1425],[-114.8284,35.1111],[-114.829,35.072],[-114.8278,35.0453],[-114.8269,35.0432],[-114.8239,35.0394],[-114.8236,35.038],[-114.8243,35.036],[-114.8298,35.0293],[-114.8313,35.0261],[-114.8336,35.0063],[-114.8341,34.9803],[-114.8325,34.9587],[-114.8302,34.9523],[-114.8269,34.9471],[-114.8235,34.9422],[-114.8185,34.9379],[-114.8086,34.9334],[-114.7832,34.9269],[-114.7739,34.9221],[-114.7699,34.9168],[-114.7676,34.9107],[-114.766,34.9045],[-114.7643,34.8991],[-114.7583,34.8876],[-114.7554,34.8782]]},"properties":{"id":"routes-and-regions-highway-95-2","layer":"routes-and-regions","name":"Highway 95","sourceFolder":"Regions, travel routes, and significant pre-war roads"}},{"type":"Feature","id":"routes-and-regions-highway-93","geometry":{"type":"LineString","coordinates":[[-114.913,35.969],[-114.9011,35.9678],[-114.8946,35.9675],[-114.888,35.9671],[-114.8809,35.9668],[-114.8683,35.9677],[-114.859,35.9687],[-114.8549,35.9696],[-114.8519,35.9706],[-114.8481,35.9727],[-114.8464,35.9741],[-114.8466,35.9752],[-114.8449,35.978],[-114.8442,35.9813],[-114.8435,35.9825],[-114.8408,35.9844],[-114.8324,35.9884],[-114.8286,35.9908],[-114.8175,36.0044],[-114.8161,36.0055],[-114.8144,36.0063],[-114.8071,36.0079],[-114.8,36.009],[-114.7976,36.0092],[-114.7904,36.0082],[-114.776,36.011],[-114.7703,36.011],[-114.7653,36.0098],[-114.7632,36.0104],[-114.7612,36.0114],[-114.758,36.0138],[-114.7538,36.0152],[-114.7514,36.0154],[-114.7484,36.0152],[-114.7464,36.0147],[-114.7444,36.0141],[-114.7429,36.0142],[-114.7419,36.0145],[-114.7396,36.0163],[-114.7393,36.0165],[-114.739,36.0166],[-114.7387,36.0167],[-114.7384,36.0168],[-114.7381,36.0167],[-114.7377,36.0166],[-114.7374,36.0164],[-114.7371,36.0162],[-114.737,36.016],[-114.7369,36.0158],[-114.7368,36.0155],[-114.7368,36.0151],[-114.7369,36.0149],[-114.7369,36.0146],[-114.7355,36.0135],[-114.7277,36.0081],[-114.7253,36.0059],[-114.7224,36.002],[-114.7166,35.9907],[-114.7139,35.9865],[-114.7121,35.9855],[-114.6978,35.9791],[-114.6735,35.9667],[-114.6614,35.9598],[-114.6515,35.9534],[-114.6484,35.9507],[-114.6461,35.9482],[-114.6434,35.9436],[-114.6299,35.9156],[-114.6267,35.9028],[-114.6223,35.8896],[-114.6132,35.8754],[-114.6011,35.8606],[-114.5899,35.8498],[-114.5844,35.8473],[-114.5789,35.8462],[-114.5734,35.8438],[-114.5638,35.8354],[-114.5538,35.8235],[-114.542,35.808],[-114.4143,35.6115],[-114.1588,35.2545],[-114.1337,35.2291],[-114.112,35.2116],[-114.0893,35.2002],[-114.066,35.1908]]},"properties":{"id":"routes-and-regions-highway-93","layer":"routes-and-regions","name":"Highway 93","sourceFolder":"Regions, travel routes, and significant pre-war roads"}},{"type":"Feature","id":"routes-and-regions-highway-93-2","geometry":{"type":"LineString","coordinates":[[-114.8739,39.2534],[-114.8662,39.2553],[-114.8622,39.2566],[-114.858,39.2593],[-114.8425,39.2831],[-114.7951,39.369],[-114.7698,39.4188],[-114.7502,39.6514],[-114.7314,39.8851],[-114.6981,39.9532],[-114.6668,40.0131],[-114.6435,40.0535],[-114.6339,40.0601],[-114.6154,40.0673],[-114.6567,40.1628],[-114.849,40.4393],[-114.9071,40.492],[-114.9588,40.5437],[-114.9804,40.5936],[-115.0243,40.7069],[-115.0412,40.7563],[-115.0246,40.7916],[-115.0058,40.8269],[-114.9828,40.8612],[-114.9655,40.8977],[-114.9625,41.0058],[-114.9639,41.0891],[-114.9609,41.0959],[-114.9575,41.1008]]},"properties":{"id":"routes-and-regions-highway-93-2","layer":"routes-and-regions","name":"Highway 93","sourceFolder":"Regions, travel routes, and significant pre-war roads"}},{"type":"Feature","id":"routes-and-regions-highway-93-3","geometry":{"type":"LineString","coordinates":[[-114.6154,40.0673],[-114.5302,40.1169],[-114.4601,40.1614],[-114.4474,40.1753],[-114.438,40.1879],[-114.4313,40.2002],[-114.4307,40.2069],[-114.4342,40.2203],[-114.4345,40.2273],[-114.4327,40.2348],[-114.4136,40.2508],[-114.3224,40.3165],[-114.296,40.3333],[-114.2801,40.3385],[-114.2493,40.3434],[-114.2353,40.347],[-114.2219,40.3521],[-114.211,40.3686],[-114.1756,40.4368],[-114.1642,40.463],[-114.1431,40.5416],[-114.1211,40.6297],[-114.1007,40.6968],[-114.0851,40.7136],[-114.0704,40.7266],[-114.0547,40.739]]},"properties":{"id":"routes-and-regions-highway-93-3","layer":"routes-and-regions","name":"Highway 93","sourceFolder":"Regions, travel routes, and significant pre-war roads"}},{"type":"Feature","id":"routes-and-regions-highway-93-4","geometry":{"type":"LineString","coordinates":[[-114.8922,36.3803],[-114.9426,36.4206],[-114.9582,36.4353],[-114.96,36.4377],[-114.9608,36.4397],[-114.9611,36.4424],[-114.959,36.4599],[-114.9529,36.4851],[-114.9457,36.5108],[-114.9307,36.5499],[-114.9182,36.5883],[-114.9168,36.6146],[-114.9196,36.6461],[-114.9836,37.0123],[-114.9863,37.06],[-114.9918,37.0953],[-115.0005,37.1353],[-115.0097,37.1684],[-115.0222,37.1813],[-115.0355,37.1922],[-115.0502,37.2023],[-115.0831,37.2235],[-115.0996,37.2373],[-115.1209,37.2742],[-115.1443,37.3192],[-115.1648,37.363],[-115.1964,37.4666],[-115.204,37.4836],[-115.2124,37.5001],[-115.2192,37.5143],[-115.2215,37.5245],[-115.221,37.5269],[-115.2199,37.5287],[-115.2164,37.5321],[-115.2109,37.5369],[-115.2034,37.5424],[-115.1953,37.5476],[-115.1872,37.5506],[-115.181,37.5506],[-115.1682,37.5473],[-115.1601,37.5474],[-115.1295,37.5602],[-115.0888,37.5836],[-115.0434,37.6054],[-115.0052,37.6218],[-114.9804,37.6207],[-114.9564,37.6181],[-114.9322,37.6139],[-114.9064,37.611],[-114.8571,37.6135],[-114.8044,37.6178],[-114.758,37.6186],[-114.7315,37.6115],[-114.7082,37.6017],[-114.6853,37.5957],[-114.6685,37.5964],[-114.6351,37.601],[-114.6221,37.6044],[-114.6157,37.6092],[-114.611,37.615],[-114.6029,37.6273],[-114.5679,37.6255],[-114.5516,37.6241],[-114.539,37.6213],[-114.5341,37.6186],[-114.5304,37.6153],[-114.5239,37.6085],[-114.5163,37.6122],[-114.5119,37.6156],[-114.4819,37.6609],[-114.4387,37.7314],[-114.4043,37.7912],[-114.4086,37.8208],[-114.4162,37.8481],[-114.4215,37.8712],[-114.42,37.8786],[-114.4135,37.8913],[-114.4117,37.8974],[-114.4119,37.9037],[-114.4193,37.9118],[-114.4302,37.9204],[-114.4433,37.9299],[-114.4583,37.9397],[-114.4723,37.9514],[-114.5084,37.9925],[-114.5486,38.0417],[-114.5863,38.0909],[-114.5884,38.1574],[-114.5861,38.2299],[-114.5863,38.2992],[-114.6162,38.3845],[-114.6468,38.4628],[-114.6544,38.5173],[-114.6577,38.5703],[-114.6444,38.6385],[-114.6275,38.7033],[-114.5989,38.7379],[-114.5681,38.7729],[-114.5522,38.8089],[-114.5203,38.8922],[-114.5087,38.928],[-114.5168,38.9483],[-114.5469,39.0073],[-114.5554,39.0196],[-114.5619,39.0223],[-114.5756,39.0245],[-114.5827,39.0247],[-114.5897,39.0254]]},"properties":{"id":"routes-and-regions-highway-93-4","layer":"routes-and-regions","name":"Highway 93","sourceFolder":"Regions, travel routes, and significant pre-war roads"}},{"type":"Feature","id":"routes-and-regions-nevada-state-route-159-2","geometry":{"type":"LineString","coordinates":[[-115.1804,36.0435],[-115.1829,36.0434],[-115.1856,36.0426],[-115.2201,36.0269],[-115.2269,36.0251],[-115.2399,36.0225],[-115.2562,36.0204],[-115.2771,36.0201],[-115.2973,36.021],[-115.3127,36.0226],[-115.3183,36.0239],[-115.3235,36.027],[-115.3313,36.0299],[-115.3415,36.0328],[-115.3517,36.0351],[-115.3589,36.035],[-115.3596,36.036],[-115.3677,36.0386],[-115.3748,36.0418],[-115.3774,36.0436],[-115.3797,36.0475],[-115.3816,36.0485],[-115.3841,36.049],[-115.3895,36.0496],[-115.3947,36.0496],[-115.3973,36.0488],[-115.3994,36.0487],[-115.4065,36.0513],[-115.4107,36.0519],[-115.4146,36.0535],[-115.4235,36.0579],[-115.432,36.0629],[-115.4354,36.0659],[-115.4412,36.0716],[-115.4436,36.0738],[-115.4444,36.0745],[-115.4477,36.0803],[-115.4485,36.0835],[-115.449,36.087],[-115.449,36.0971],[-115.4502,36.1074],[-115.4495,36.1108],[-115.4485,36.1134],[-115.4475,36.1146],[-115.4436,36.1175],[-115.4397,36.1192],[-115.4358,36.1203],[-115.4341,36.1215],[-115.4316,36.1261],[-115.4293,36.1281],[-115.4214,36.1316],[-115.4203,36.1319],[-115.4167,36.1324],[-115.4124,36.1339],[-115.4038,36.1396],[-115.3996,36.1417],[-115.3957,36.1431],[-115.392,36.1439],[-115.3822,36.1465],[-115.3717,36.15],[-115.3676,36.1522],[-115.3644,36.1544],[-115.3604,36.1579],[-115.3592,36.1586],[-115.3576,36.1589],[-115.3372,36.159]]},"properties":{"id":"routes-and-regions-nevada-state-route-159-2","layer":"routes-and-regions","name":"Nevada State Route 159","sourceFolder":"Regions, travel routes, and significant pre-war roads"}},{"type":"Feature","id":"routes-and-regions-127","geometry":{"type":"LineString","coordinates":[[-116.0733,35.2635],[-116.079,35.2999],[-116.0879,35.3361],[-116.1069,35.3736],[-116.1291,35.4088],[-116.1481,35.4325],[-116.1648,35.457],[-116.1706,35.4838],[-116.1737,35.5137],[-116.1812,35.5419],[-116.2038,35.5667],[-116.2293,35.5918],[-116.2526,35.6123],[-116.2626,35.6169],[-116.2829,35.6221],[-116.2917,35.6254],[-116.2993,35.6302],[-116.303,35.6427],[-116.3076,35.677],[-116.3084,35.6956],[-116.3103,35.7127],[-116.3219,35.7505],[-116.3309,35.784],[-116.3317,35.7956],[-116.3309,35.8058],[-116.3282,35.8163],[-116.3207,35.831],[-116.3106,35.8462],[-116.2993,35.8598],[-116.2906,35.8666],[-116.2714,35.8779],[-116.2649,35.8843],[-116.2623,35.8905],[-116.2616,35.8969],[-116.2622,35.9115],[-116.2679,35.9688],[-116.2524,35.9724]]},"properties":{"id":"routes-and-regions-127","layer":"routes-and-regions","name":"127","sourceFolder":"Regions, travel routes, and significant pre-war roads"}},{"type":"Feature","id":"routes-and-regions-big-circle","geometry":{"type":"LineString","coordinates":[[-119.8158,39.5347],[-119.8187,39.5339],[-119.8276,39.531],[-119.8308,39.529],[-119.8328,39.5281],[-119.8396,39.5274],[-119.8483,39.5273],[-119.8564,39.5264],[-119.8618,39.5242],[-119.8668,39.5214],[-119.8725,39.519],[-119.8886,39.5154],[-119.9048,39.5137],[-119.9094,39.5141],[-119.9175,39.5158],[-119.9215,39.5159],[-119.9255,39.5148],[-119.9331,39.5109],[-119.9368,39.5099],[-119.9393,39.5102],[-119.9442,39.5118],[-119.9475,39.5124],[-119.9601,39.511],[-119.977,39.5081],[-119.999,39.5074],[-120.0984,39.5291],[-120.2371,39.5616],[-120.3672,39.5938],[-120.608,39.6837],[-121.2643,39.9569],[-121.5681,40.0586],[-121.8576,40.1587],[-122.0197,40.2497],[-122.1779,40.3404],[-122.301,40.4129],[-122.3265,40.4568],[-122.3472,40.4961],[-122.3628,40.5299],[-122.3846,40.5758],[-122.4108,40.6112],[-122.4431,40.6567],[-122.4757,40.7037],[-122.5013,40.744],[-122.4975,40.7725],[-122.4859,40.8283],[-122.478,40.8563],[-122.4217,40.9735],[-122.3585,41.0958],[-122.3344,41.1323],[-122.3145,41.1697],[-122.3107,41.2378],[-122.311,41.3122],[-122.306,41.3123],[-122.2846,41.3121],[-121.5592,41.3932],[-121.215,41.4608],[-120.8654,41.526],[-120.4159,41.4889],[-119.9514,41.4473],[-119.1329,41.3112],[-118.6091,41.2311],[-119.1301,40.3432],[-119.2317,40.1527],[-119.3266,39.9781],[-119.4158,39.8179],[-119.5494,39.7212],[-119.6819,39.6274],[-119.8158,39.5347]]},"properties":{"id":"routes-and-regions-big-circle","layer":"routes-and-regions","name":"Big Circle","sourceFolder":"Regions, travel routes, and significant pre-war roads"}},{"type":"Feature","id":"routes-and-regions-short-loop-little-loop","geometry":{"type":"LineString","coordinates":[[-117.4673,38.1442],[-117.4958,38.1409],[-117.5522,38.1319],[-117.5786,38.1259],[-117.6009,38.1086],[-117.6231,38.0878],[-117.6437,38.0658],[-117.6665,38.0481],[-117.6996,38.0363],[-117.7336,38.0261],[-117.7667,38.0178],[-117.7995,38.0161],[-117.8322,38.0161],[-117.8587,38.0178],[-117.8672,38.0195],[-117.8802,38.0251],[-117.8871,38.0299],[-117.9034,38.0573],[-117.9236,38.0978],[-117.9426,38.1417],[-117.9625,38.1769],[-117.982,38.1981],[-118.001,38.2161],[-118.0202,38.2319],[-118.0373,38.2394],[-118.0742,38.2499],[-118.0867,38.2556],[-118.0904,38.2591],[-118.0928,38.2627],[-118.0962,38.27],[-118.0998,38.2764],[-118.1027,38.2846],[-118.1041,38.353],[-118.1081,38.3925],[-118.1329,38.4332],[-118.1612,38.4755],[-118.185,38.5076],[-118.1957,38.5154],[-118.2057,38.5209],[-118.219,38.5261],[-118.2717,38.5327],[-118.3398,38.5385],[-118.3944,38.5427],[-118.4349,38.5496],[-118.4595,38.5514],[-118.4854,38.5503],[-118.519,38.5405],[-118.5502,38.5298],[-118.5645,38.5265],[-118.5779,38.5246],[-118.5962,38.5238],[-118.6045,38.5239],[-118.6096,38.5245],[-118.6105,38.5249],[-118.611,38.5255],[-118.611,38.5304],[-118.6119,38.5325],[-118.6143,38.5335],[-118.6216,38.5333],[-118.6256,38.5336],[-118.6287,38.5347],[-118.6356,38.5386],[-118.6876,38.5677],[-118.7009,38.5766],[-118.7062,38.581],[-118.7097,38.5856],[-118.7104,38.5888],[-118.7087,38.5987],[-118.7097,38.602],[-118.7147,38.6063],[-118.7224,38.6101],[-118.7315,38.614],[-118.7405,38.6186],[-118.7479,38.6242],[-118.758,38.641],[-118.7673,38.6607],[-118.7746,38.6811],[-118.7732,38.7071],[-118.7695,38.7348],[-118.7643,38.7571],[-118.7606,38.7632],[-118.7561,38.7677],[-118.752,38.7723],[-118.7499,38.7786],[-118.7572,38.799],[-118.7702,38.8271],[-118.786,38.8565],[-118.798,38.8823],[-118.8015,38.8983],[-118.8029,38.9134],[-118.8056,38.9274],[-118.8105,38.9402],[-118.8214,38.9503],[-118.8352,38.9594],[-118.8493,38.9678],[-118.8601,38.9763],[-118.8658,38.9851],[-118.8694,38.9939],[-118.8738,39.0019],[-118.8815,39.0104],[-118.8917,39.0182],[-118.9166,39.0309],[-118.9438,39.0411],[-118.9567,39.0449],[-118.9627,39.0461],[-118.9685,39.0468],[-118.9741,39.0465],[-118.9789,39.0447],[-118.9833,39.0417],[-118.9922,39.035],[-118.9974,39.0326],[-119.01,39.0313],[-119.0242,39.0317],[-119.0389,39.0301],[-119.0594,39.0204],[-119.0808,39.0069],[-119.1025,38.9974],[-119.1179,38.9959],[-119.1345,38.9966],[-119.1492,38.9977],[-119.1589,38.9972],[-119.1604,38.9964],[-119.1622,38.9945],[-119.1635,38.9938],[-119.1672,38.9933],[-119.182,38.9939],[-119.1817,38.9982],[-119.183,39.0105],[-119.1813,39.0269],[-119.181,39.1282],[-119.1811,39.1392],[-119.1823,39.1468],[-119.1841,39.1509],[-119.1897,39.1573],[-119.1975,39.1643],[-119.2042,39.1722],[-119.2101,39.1893],[-119.2156,39.2079],[-119.2237,39.221],[-119.2331,39.2342],[-119.2393,39.2461],[-119.2404,39.2519],[-119.2405,39.2574],[-119.24,39.2623],[-119.2387,39.2661],[-119.2377,39.2674],[-119.2351,39.2692],[-119.2341,39.2703],[-119.2331,39.273],[-119.233,39.2758],[-119.2339,39.2777],[-119.2357,39.2796],[-119.2441,39.2851],[-119.2481,39.2883],[-119.2507,39.292],[-119.2526,39.2961],[-119.2539,39.3001],[-119.2551,39.3059],[-119.2548,39.3091],[-119.2518,39.3153],[-119.2468,39.3224],[-119.242,39.3314],[-119.2314,39.3768],[-119.2244,39.4199],[-119.2231,39.4276],[-119.2228,39.4333],[-119.2252,39.4397],[-119.2248,39.4505],[-119.223,39.4604],[-119.2223,39.4621],[-119.221,39.4634],[-119.2187,39.4646],[-119.2098,39.4677],[-119.2068,39.4699],[-119.2057,39.4729],[-119.2064,39.4759],[-119.2185,39.4933],[-119.2244,39.5078],[-119.2277,39.5161],[-119.229,39.5302],[-119.233,39.5441],[-119.2427,39.5695],[-119.2511,39.5947],[-119.2512,39.5998],[-119.2507,39.604],[-119.2511,39.6077],[-119.2526,39.6112],[-119.2537,39.6127],[-119.2552,39.6141],[-119.2573,39.6153],[-119.264,39.6171],[-119.2963,39.6178],[-119.3074,39.6165],[-119.3285,39.609],[-119.3502,39.5981],[-119.3733,39.59],[-119.3901,39.5889],[-119.4087,39.59],[-119.4272,39.5918],[-119.4437,39.5918],[-119.4564,39.5902],[-119.4616,39.5866],[-119.4648,39.5817],[-119.4675,39.5765],[-119.4705,39.5717],[-119.4753,39.5682],[-119.4842,39.5666],[-119.4953,39.5669],[-119.5074,39.5681],[-119.5196,39.5689],[-119.5308,39.5682],[-119.5481,39.5631],[-119.5647,39.5558],[-119.5793,39.5487],[-119.6039,39.5349],[-119.6268,39.5201],[-119.6381,39.5143],[-119.6462,39.5119],[-119.654,39.5106],[-119.6616,39.5104],[-119.669,39.5118],[-119.6761,39.5144],[-119.6829,39.5172],[-119.6912,39.5217],[-119.7,39.5259],[-119.7303,39.5298],[-119.7339,39.5312],[-119.7368,39.5328],[-119.7404,39.5341],[-119.7514,39.5346],[-119.7649,39.5341],[-119.7756,39.5344],[-119.7842,39.5374],[-119.7894,39.5375],[-119.8001,39.5365],[-119.8075,39.5367],[-119.813,39.5355],[-119.8187,39.5339],[-119.8276,39.531],[-119.8308,39.529],[-119.8328,39.5281],[-119.8396,39.5274],[-119.8483,39.5273],[-119.8564,39.5264],[-119.8618,39.5242],[-119.8668,39.5214],[-119.8725,39.519],[-119.8886,39.5154],[-119.9048,39.5137],[-119.9094,39.5141],[-119.9175,39.5158],[-119.9215,39.5159],[-119.9255,39.5148],[-119.9331,39.5109],[-119.9368,39.5099],[-119.9395,39.5102],[-119.9446,39.5119],[-119.9475,39.5124],[-119.9524,39.5121],[-119.9638,39.5102],[-119.999,39.5074],[-120.004,39.471],[-120.0074,39.4541],[-120.012,39.4412],[-120.0159,39.4376],[-120.0206,39.4351],[-120.0255,39.4331],[-120.0298,39.4308],[-120.0326,39.4274],[-120.0333,39.4202],[-120.0292,39.4012],[-120.0257,39.3909],[-120.023,39.3812],[-120.0357,39.3731],[-120.0402,39.3711],[-120.045,39.3701],[-120.0515,39.3712],[-120.0586,39.3744],[-120.066,39.3783],[-120.0734,39.3816],[-120.0807,39.3828],[-120.0878,39.3816],[-120.0945,39.3787],[-120.1018,39.3755],[-120.1164,39.3674],[-120.1682,39.3385],[-120.1537,39.3213],[-120.1448,39.3137],[-120.1322,39.3075],[-120.1033,39.2973],[-120.1058,39.2836],[-120.1052,39.2796],[-120.1035,39.2764],[-120.1011,39.2735],[-120.098,39.271],[-120.0945,39.2691],[-120.0899,39.2678],[-120.073,39.267],[-120.0695,39.258],[-120.0571,39.2585],[-120.0511,39.2585],[-120.0458,39.2575],[-120.041,39.2552],[-120.0365,39.252],[-120.0328,39.2485],[-120.0305,39.2453],[-120.03,39.2435],[-120.0305,39.2385],[-120.004,39.2308],[-119.9946,39.2511],[-119.9745,39.2516],[-119.9554,39.2509],[-119.9413,39.2471],[-119.9279,39.2424],[-119.9238,39.1748],[-119.9282,39.1529],[-119.9312,39.1338],[-119.9298,39.1253],[-119.9271,39.1176],[-119.9233,39.1111],[-119.9208,39.1087],[-119.9118,39.1031],[-119.91,39.101],[-119.9094,39.0988],[-119.9094,39.0964],[-119.9098,39.0939],[-119.9116,39.0897],[-119.9142,39.087],[-119.9181,39.0849],[-119.9248,39.0836],[-119.9417,39.0823],[-119.9425,39.0559],[-119.9439,39.0503],[-119.9449,39.0492],[-119.9472,39.0479],[-119.9482,39.0468],[-119.9494,39.0394],[-119.9489,39.0282],[-119.947,39.0033],[-119.9559,39.0025],[-119.9549,38.9985],[-119.9379,38.9792],[-119.9357,38.9741],[-119.9353,38.9716],[-119.9355,38.969],[-119.9369,38.9652],[-119.9395,38.961],[-119.943,38.957],[-119.9472,38.9536],[-119.9536,38.9504],[-119.9615,38.9479],[-119.9781,38.9434],[-119.9771,38.9364],[-119.9772,38.934],[-119.9781,38.9317],[-119.9813,38.928],[-119.9864,38.9244],[-120.0046,38.9135],[-119.9996,38.9067],[-119.9981,38.9025],[-119.999,38.8917],[-120.0026,38.8788],[-120.0066,38.8691],[-120.0081,38.8673],[-120.0112,38.8647],[-120.0121,38.8634],[-120.0123,38.8621],[-120.0116,38.8583],[-120.012,38.8571],[-120.0132,38.8557],[-120.0151,38.8545],[-120.0224,38.851],[-120.0422,38.842],[-120.0321,38.8291],[-120.029,38.8232],[-120.0287,38.8196],[-120.03,38.8129],[-120.0328,38.8135],[-120.0338,38.814],[-120.035,38.8155],[-120.0383,38.8224],[-120.04,38.824],[-120.0422,38.8249],[-120.0448,38.8255],[-120.0476,38.8258],[-120.054,38.8254],[-120.064,38.8218],[-120.0886,38.8089],[-120.0997,38.8051],[-120.1078,38.8047],[-120.1229,38.8065],[-120.1203,38.812],[-120.1315,38.8099],[-120.1369,38.8079],[-120.1415,38.8037],[-120.1453,38.7979],[-120.1502,38.7919],[-120.158,38.7867],[-120.1998,38.7814],[-120.3273,38.7702],[-120.3804,38.7671],[-120.4192,38.7703],[-120.4601,38.773],[-120.5659,38.7613],[-120.7005,38.7442],[-120.8151,38.728],[-120.8605,38.7056],[-120.898,38.6815],[-120.9407,38.6605],[-121.0216,38.6531],[-121.1137,38.6498],[-121.1969,38.6423],[-121.2507,38.6151],[-121.3011,38.5848],[-121.3465,38.5613],[-121.3787,38.5556],[-121.4089,38.5519],[-121.4331,38.5505],[-121.4432,38.5529],[-121.4602,38.5605],[-121.4982,38.5735],[-121.4491,38.2565],[-121.4126,38.1436],[-121.3299,37.9018],[-121.2953,37.8065],[-121.2372,37.7768],[-121.1794,37.7492],[-121.1188,37.724],[-121.0591,37.6936],[-120.9787,37.61],[-120.8957,37.5154],[-120.8119,37.4279],[-120.7112,37.3834],[-120.6059,37.3425],[-120.4823,37.2882],[-120.1934,37.0539],[-119.8325,36.7572],[-119.499,36.4798],[-119.4242,36.2522],[-119.2773,35.7901],[-119.2195,35.6014],[-119.2829,35.4845],[-119.4095,35.2581],[-119.4514,35.187],[-119.4558,35.1694],[-119.4575,35.1563],[-119.4574,35.1424],[-119.4448,35.1204],[-119.4273,35.0943],[-119.4011,35.0587],[-119.245,34.9196],[-118.4611,34.2292],[-118.2898,34.08],[-118.2224,34.0837],[-118.0388,34.0982],[-117.9875,34.1039],[-117.9485,34.1301],[-117.8736,34.1843],[-117.8447,34.2073],[-117.8412,34.2295],[-117.8381,34.2751],[-117.8386,34.2957],[-117.8362,34.3476],[-117.7723,34.3605],[-117.7069,34.3704],[-117.6216,34.3565],[-117.5387,34.342],[-117.5113,34.3441],[-117.4607,34.351],[-117.4374,34.3559],[-117.4183,34.3768],[-117.3767,34.4284],[-117.3601,34.452],[-117.3398,34.478],[-117.3241,34.5015],[-117.3202,34.5118],[-117.315,34.5319],[-117.3108,34.5396],[-117.3065,34.5432],[-117.2962,34.548],[-117.2904,34.552],[-117.2526,34.5975],[-117.2174,34.6454],[-117.2118,34.6578],[-117.2097,34.6684],[-117.2106,34.6748],[-117.2126,34.681],[-117.213,34.6879],[-117.209,34.6999],[-117.202,34.7132],[-117.1935,34.7258],[-117.1785,34.742],[-117.1602,34.758],[-117.1178,34.79],[-117.0994,34.8071],[-117.0917,34.826],[-117.0877,34.846],[-117.0826,34.8626],[-117.0789,34.8685],[-117.0748,34.8738],[-117.0705,34.8781],[-117.0658,34.8814],[-117.0619,34.8831],[-117.0488,34.8857],[-117.0186,34.8952],[-116.9894,34.9053],[-116.9734,34.9084],[-116.955,34.907],[-116.9356,34.903],[-116.9123,34.9009],[-116.8243,34.9126],[-116.7174,34.9304],[-116.5651,34.9934],[-116.4304,35.0525],[-116.4138,35.0646],[-116.4022,35.0762],[-116.3901,35.086],[-116.3754,35.0952],[-116.3417,35.0997],[-116.3004,35.1],[-116.2578,35.1037],[-116.2189,35.1087],[-116.1852,35.1432],[-116.1459,35.1866],[-116.1095,35.227],[-116.087,35.2543],[-116.0797,35.2597],[-116.0733,35.2635],[-116.0611,35.2708],[-116.0508,35.2776],[-116.0474,35.2818],[-116.0441,35.2851],[-115.9883,35.3221],[-115.9121,35.3676],[-115.865,35.3844],[-115.8249,35.3955],[-115.7943,35.4016],[-115.6905,35.4387],[-115.5914,35.4734],[-115.5835,35.475],[-115.5777,35.4756],[-115.5725,35.4755],[-115.5688,35.4748],[-115.5617,35.4725],[-115.5453,35.47],[-115.5368,35.4687],[-115.5279,35.468],[-115.5202,35.469],[-115.5121,35.4707],[-115.5044,35.4715],[-115.498,35.4706],[-115.486,35.467],[-115.4827,35.4657],[-115.4763,35.4625],[-115.4733,35.4613],[-115.4703,35.4609],[-115.4679,35.4612],[-115.4656,35.4621],[-115.4591,35.4657],[-115.4511,35.4708],[-115.4501,35.4717],[-115.4488,35.4734],[-115.4471,35.4767],[-115.3905,35.6089],[-115.389,35.6123],[-115.3877,35.6164],[-115.3764,35.6829],[-115.3678,35.7131],[-115.3551,35.7434],[-115.3282,35.7837],[-115.297,35.8236],[-115.2287,35.8826],[-115.2117,35.9029],[-115.1965,35.9237],[-115.1838,35.9444],[-115.1805,35.9671],[-115.1794,35.9905],[-115.18,36.0128],[-115.1807,36.0624],[-115.1806,36.098],[-115.1811,36.1172],[-115.1806,36.132],[-115.1799,36.134],[-115.1786,36.1359],[-115.1622,36.1544],[-115.1608,36.1576],[-115.1609,36.1637],[-115.1596,36.1676],[-115.1576,36.1713],[-115.1553,36.1744],[-115.1666,36.176],[-115.1738,36.1752],[-115.3239,36.3391],[-115.3763,36.3818],[-115.419,36.4184],[-115.4288,36.434],[-115.4353,36.4489],[-115.4471,36.4645],[-115.4985,36.4962],[-115.564,36.534],[-115.6201,36.5643],[-115.6476,36.5704],[-115.6723,36.5744],[-115.6984,36.577],[-115.7532,36.5703],[-115.8128,36.5648],[-115.8974,36.5834],[-115.969,36.6012],[-115.9836,36.6007],[-115.9968,36.5984],[-116.016,36.5958],[-116.0377,36.592],[-116.0573,36.5865],[-116.0679,36.5804],[-116.0864,36.5655],[-116.0955,36.5613],[-116.1023,36.5606],[-116.1088,36.5615],[-116.1233,36.5644],[-116.1513,36.5677],[-116.1849,36.5742],[-116.2575,36.6041],[-116.3244,36.631],[-116.3407,36.6322],[-116.3553,36.6324],[-116.3758,36.6371],[-116.4003,36.6438],[-116.4668,36.6589],[-116.5325,36.6762],[-116.5553,36.6859],[-116.5752,36.6966],[-116.6291,36.7283],[-116.6891,36.778],[-116.7428,36.8268],[-116.7507,36.8386],[-116.7558,36.8488],[-116.7586,36.8588],[-116.7572,36.8692],[-116.7511,36.887],[-116.751,36.8896],[-116.7514,36.8921],[-116.7535,36.8995],[-116.7559,36.9057],[-116.7565,36.9065],[-116.7594,36.9084],[-116.7576,36.91],[-116.7557,36.9115],[-116.7537,36.9131],[-116.7505,36.9176],[-116.7482,36.9197],[-116.7391,36.9247],[-116.7292,36.9312],[-116.7192,36.9404],[-116.716,36.9458],[-116.7168,36.9563],[-116.7289,36.9999],[-116.7352,37.0149],[-116.768,37.0608],[-116.8066,37.108],[-116.8674,37.143],[-116.9371,37.1825],[-117.0125,37.2571],[-117.0975,37.3441],[-117.1643,37.415],[-117.1734,37.4453],[-117.1796,37.4715],[-117.1847,37.5023],[-117.2136,37.6015],[-117.2412,37.7111],[-117.2386,37.8171],[-117.2385,37.9107],[-117.2575,37.9523],[-117.2769,37.9887],[-117.2791,38.0031],[-117.279,38.0176],[-117.283,38.0457],[-117.287,38.0593],[-117.3136,38.0737],[-117.4281,38.1277],[-117.4673,38.1442]]},"properties":{"id":"routes-and-regions-short-loop-little-loop","layer":"routes-and-regions","name":"Short Loop / Little Loop","sourceFolder":"Regions, travel routes, and significant pre-war roads"}},{"type":"Feature","id":"routes-and-regions-unnamed-577","geometry":{"type":"LineString","coordinates":[[-115.4541,36.25],[-115.4426,36.2563],[-115.4381,36.2598],[-115.4359,36.263],[-115.433,36.2698],[-115.4275,36.2792],[-115.4266,36.281],[-115.4274,36.2817],[-115.4318,36.2824],[-115.4354,36.2839],[-115.4363,36.285]]},"properties":{"id":"routes-and-regions-unnamed-577","layer":"routes-and-regions","name":null,"sourceFolder":"Regions, travel routes, and significant pre-war roads"}},{"type":"Feature","id":"routes-and-regions-unnamed-578","geometry":{"type":"LineString","coordinates":[[-119.0537,37.8128],[-119.0572,37.8062],[-119.0605,37.8009],[-119.0636,37.7984],[-119.0641,37.7969],[-119.0646,37.7917],[-119.0655,37.7899],[-119.0668,37.7881],[-119.0729,37.7833],[-119.075,37.7804],[-119.0754,37.7799],[-119.0759,37.7798]]},"properties":{"id":"routes-and-regions-unnamed-578","layer":"routes-and-regions","name":null,"sourceFolder":"Regions, travel routes, and significant pre-war roads"}},{"type":"Feature","id":"routes-and-regions-unnamed-579","geometry":{"type":"LineString","coordinates":[[-119.1937,38.175],[-119.1786,38.1751],[-119.1741,38.1748],[-119.1704,38.1738],[-119.1686,38.1726],[-119.1652,38.1672],[-119.1634,38.1657],[-119.1582,38.1638],[-119.1376,38.1601],[-119.1268,38.1684],[-119.1173,38.1629],[-119.1137,38.1615],[-119.1095,38.161],[-119.0972,38.1649],[-119.062,38.1813],[-119.0447,38.19],[-119.032,38.1972],[-119.0192,38.2046],[-119.0163,38.2067],[-119.0147,38.2087],[-119.0144,38.2106],[-119.0151,38.2132]]},"properties":{"id":"routes-and-regions-unnamed-579","layer":"routes-and-regions","name":null,"sourceFolder":"Regions, travel routes, and significant pre-war roads"}},{"type":"Feature","id":"routes-and-regions-unnamed-580","geometry":{"type":"LineString","coordinates":[[-118.2898,37.1732],[-118.2793,37.1729],[-118.2739,37.1736],[-118.266,37.1764],[-118.2578,37.1809],[-118.2509,37.1864],[-118.2465,37.1946],[-118.2437,37.2043],[-118.2389,37.2131],[-118.2282,37.2211],[-118.2149,37.2281],[-118.2041,37.2344],[-118.2003,37.238],[-118.1974,37.2413],[-118.1934,37.2443],[-118.183,37.2476],[-118.1701,37.2502],[-118.1598,37.253],[-118.1546,37.256],[-118.1504,37.2591],[-118.1512,37.2612],[-118.1523,37.2619],[-118.1572,37.2639],[-118.1515,37.274],[-118.1498,37.2797],[-118.151,37.2895],[-118.1543,37.3004],[-118.156,37.3092],[-118.1553,37.3122],[-118.1532,37.3171],[-118.1462,37.3179],[-118.1439,37.3177],[-118.1414,37.3165],[-118.1365,37.3129],[-118.1333,37.3117],[-118.1261,37.3109],[-118.1171,37.3111],[-118.1083,37.3121],[-118.1021,37.3136],[-118.1005,37.3145],[-118.0985,37.317],[-118.0968,37.3181],[-118.0868,37.3202],[-118.0719,37.3216],[-118.0554,37.3242],[-118.0405,37.3287],[-118.0254,37.3419],[-117.9934,37.3756],[-117.9818,37.3905],[-117.974,37.4045],[-117.9684,37.4175],[-117.9608,37.4153],[-117.9519,37.4333],[-117.9399,37.4289],[-117.9368,37.4347],[-117.9457,37.4431],[-117.9266,37.449],[-117.9211,37.4515],[-117.9169,37.4548],[-117.9145,37.4603],[-117.9138,37.4674],[-117.9144,37.481],[-117.9139,37.485],[-117.9131,37.4863],[-117.9121,37.4868],[-117.9082,37.4876],[-117.9019,37.4881],[-117.8941,37.4881],[-117.8855,37.4875],[-117.8769,37.4863],[-117.86,37.4808],[-117.8397,37.4718],[-117.8188,37.462],[-117.8001,37.4541],[-117.7866,37.4506],[-117.7832,37.4508],[-117.7805,37.4515],[-117.7732,37.4552],[-117.767,37.4589],[-117.7606,37.4631],[-117.7543,37.4661],[-117.7502,37.4671],[-117.7462,37.4674],[-117.7416,37.4669],[-117.7301,37.4635],[-117.7163,37.4574],[-117.7028,37.4506],[-117.6932,37.4443],[-117.684,37.437],[-117.6742,37.4303],[-117.663,37.4252],[-117.6465,37.4236],[-117.6082,37.4236],[-117.5885,37.4252],[-117.5643,37.4322],[-117.5389,37.4427],[-117.5137,37.4515],[-117.492,37.4569],[-117.4778,37.4544],[-117.4642,37.4498],[-117.4519,37.4446],[-117.4409,37.4416],[-117.4334,37.4417],[-117.4186,37.4438],[-117.37,37.446],[-117.3193,37.4454],[-117.3004,37.4414],[-117.2864,37.438],[-117.2808,37.438],[-117.2778,37.4386],[-117.2664,37.4424],[-117.2519,37.449],[-117.2373,37.4571],[-117.211,37.4782],[-117.1847,37.5023]]},"properties":{"id":"routes-and-regions-unnamed-580","layer":"routes-and-regions","name":null,"sourceFolder":"Regions, travel routes, and significant pre-war roads"}},{"type":"Feature","id":"routes-and-regions-route-6","geometry":{"type":"LineString","coordinates":[[-118.2755,38.0107],[-118.2784,38.0068],[-118.2824,38.0026],[-118.3001,37.9928],[-118.3208,37.9821],[-118.33,37.9751],[-118.3384,37.968],[-118.3469,37.9626],[-118.3536,37.961],[-118.3603,37.9605],[-118.3682,37.9582],[-118.3988,37.9356],[-118.4389,37.9029],[-118.4698,37.8754],[-118.4754,37.8626],[-118.4786,37.851],[-118.4795,37.8401],[-118.4793,37.8297],[-118.4772,37.8186],[-118.4709,37.7929],[-118.4595,37.7625],[-118.4397,37.7312],[-118.4157,37.6975],[-118.3991,37.668],[-118.3976,37.6545],[-118.3992,37.6426],[-118.3991,37.6278],[-118.3749,37.5487],[-118.3502,37.4655],[-118.3482,37.4282],[-118.3501,37.4038],[-118.3505,37.4013],[-118.3514,37.4002],[-118.354,37.3989],[-118.3601,37.3977],[-118.3693,37.3976],[-118.3803,37.398],[-118.3886,37.3977],[-118.3906,37.3972],[-118.3932,37.3958],[-118.3948,37.394],[-118.3954,37.3927],[-118.3959,37.3875],[-118.3954,37.3732]]},"properties":{"id":"routes-and-regions-route-6","layer":"routes-and-regions","name":"Route 6","sourceFolder":"Regions, travel routes, and significant pre-war roads"}},{"type":"Feature","id":"routes-and-regions-highway-360","geometry":{"type":"LineString","coordinates":[[-118.2755,38.0107],[-118.2822,38.0197],[-118.2843,38.025],[-118.2836,38.0346],[-118.2805,38.0457],[-118.2789,38.0569],[-118.2806,38.065],[-118.2838,38.073],[-118.2865,38.0813],[-118.2864,38.0899],[-118.2783,38.1032],[-118.2542,38.1336],[-118.2432,38.1444],[-118.235,38.1481],[-118.2269,38.1499],[-118.2187,38.1526],[-118.2064,38.1595],[-118.1939,38.1681],[-118.1858,38.1755],[-118.1843,38.178],[-118.1838,38.1802],[-118.1837,38.1828],[-118.1857,38.1891],[-118.189,38.1966],[-118.1906,38.2039],[-118.189,38.2103],[-118.1857,38.2166],[-118.1818,38.2225],[-118.1757,38.2295],[-118.169,38.2361],[-118.1639,38.2353],[-118.1621,38.2354],[-118.1595,38.2363],[-118.154,38.2395],[-118.1512,38.2405],[-118.1476,38.2406],[-118.1439,38.24],[-118.1407,38.2399],[-118.1392,38.2403],[-118.1363,38.2417],[-118.1181,38.2551],[-118.1013,38.268],[-118.0995,38.2691],[-118.0962,38.27]]},"properties":{"id":"routes-and-regions-highway-360","layer":"routes-and-regions","name":"Highway 360","sourceFolder":"Regions, travel routes, and significant pre-war roads"}},{"type":"Feature","id":"routes-and-regions-unnamed-583","geometry":{"type":"LineString","coordinates":[[-119.4524,38.3484],[-119.4617,38.3512],[-119.4633,38.3522],[-119.4679,38.3562],[-119.4723,38.3607],[-119.4741,38.3638],[-119.4758,38.3651],[-119.477,38.3656],[-119.4794,38.366],[-119.4843,38.3662],[-119.4856,38.3657],[-119.4888,38.3658],[-119.494,38.3647],[-119.4963,38.3638],[-119.4995,38.3608],[-119.5045,38.3589],[-119.5073,38.3575],[-119.5101,38.3577],[-119.5181,38.3553],[-119.5189,38.3568]]},"properties":{"id":"routes-and-regions-unnamed-583","layer":"routes-and-regions","name":null,"sourceFolder":"Regions, travel routes, and significant pre-war roads"}},{"type":"Feature","id":"routes-and-regions-unnamed-584","geometry":{"type":"LineString","coordinates":[[-114.8259,35.7073],[-114.8297,35.7067],[-114.8413,35.7073],[-114.8502,35.7056],[-114.8558,35.7062],[-114.871,35.7048],[-114.8901,35.7038],[-114.9116,35.7074],[-114.9283,35.7114],[-114.9322,35.7122],[-114.9593,35.7229],[-114.9606,35.7234],[-114.9692,35.7267],[-114.9763,35.7294]]},"properties":{"id":"routes-and-regions-unnamed-584","layer":"routes-and-regions","name":null,"sourceFolder":"Regions, travel routes, and significant pre-war roads"}},{"type":"Feature","id":"routes-and-regions-unnamed-585","geometry":{"type":"LineString","coordinates":[[-115.0796,35.5141],[-115.0793,35.5733],[-115.0809,35.5881],[-115.0817,35.6004],[-115.0801,35.607],[-115.0779,35.6136],[-115.0726,35.6376],[-115.0715,35.6428],[-115.0713,35.6493],[-115.0702,35.6584],[-115.068,35.6701],[-115.064,35.6807],[-115.0578,35.6887],[-115.05,35.6958],[-115.0419,35.7011],[-115.036,35.7035],[-115.0298,35.7048],[-115.0233,35.7058],[-115.0102,35.7066],[-114.9973,35.7064],[-114.9807,35.705],[-114.9763,35.7294]]},"properties":{"id":"routes-and-regions-unnamed-585","layer":"routes-and-regions","name":null,"sourceFolder":"Regions, travel routes, and significant pre-war roads"}},{"type":"Feature","id":"routes-and-regions-unnamed-586","geometry":{"type":"LineString","coordinates":[[-77.2894,39.0211],[-77.2936,39.0178],[-77.2956,39.017],[-77.3012,39.016],[-77.3085,39.0157],[-77.316,39.0161],[-77.3222,39.0172],[-77.3253,39.0188],[-77.3301,39.0233],[-77.3332,39.025],[-77.3383,39.0259],[-77.3565,39.0258],[-77.3574,39.042],[-77.3687,39.0454],[-77.3719,39.0469],[-77.3744,39.0487],[-77.3758,39.0513],[-77.3764,39.0543],[-77.3765,39.0643],[-77.3758,39.0624],[-77.3749,39.0614],[-77.3701,39.0604],[-77.3511,39.0498],[-77.3268,39.035]]},"properties":{"id":"routes-and-regions-unnamed-586","layer":"routes-and-regions","name":null,"sourceFolder":"Regions, travel routes, and significant pre-war roads"}},{"type":"Feature","id":"routes-and-regions-unnamed-587","geometry":{"type":"LineString","coordinates":[[-114.6621,35.8687],[-114.6427,35.8738],[-114.6345,35.8772],[-114.6298,35.881],[-114.6223,35.8896]]},"properties":{"id":"routes-and-regions-unnamed-587","layer":"routes-and-regions","name":null,"sourceFolder":"Regions, travel routes, and significant pre-war roads"}},{"type":"Feature","id":"routes-and-regions-unnamed-588","geometry":{"type":"LineString","coordinates":[[-114.6913,36.0545],[-114.6858,36.0482],[-114.681,36.0417],[-114.678,36.0355],[-114.6762,36.0294],[-114.6759,36.0211],[-114.6747,36.0182],[-114.6725,36.0158],[-114.6702,36.0149],[-114.6642,36.0136],[-114.6621,36.0128],[-114.6613,36.0121],[-114.66,36.0097],[-114.6644,36.0048],[-114.6682,36.0013],[-114.6695,35.9975],[-114.6707,35.9957],[-114.6725,35.9939],[-114.6778,35.99],[-114.6842,35.9861],[-114.6978,35.9791]]},"properties":{"id":"routes-and-regions-unnamed-588","layer":"routes-and-regions","name":null,"sourceFolder":"Regions, travel routes, and significant pre-war roads"}},{"type":"Feature","id":"routes-and-regions-freedom-trail","geometry":{"type":"LineString","coordinates":[[-71.0638,42.3554],[-71.0637,42.3554],[-71.0636,42.3554],[-71.0636,42.3554],[-71.0635,42.3554],[-71.0634,42.3554],[-71.0634,42.3554],[-71.0633,42.3554],[-71.0631,42.3556],[-71.0637,42.3573],[-71.0637,42.3574],[-71.0637,42.3575],[-71.0633,42.3576],[-71.0633,42.3575],[-71.0625,42.3568],[-71.0623,42.3566],[-71.0622,42.3566],[-71.062,42.3567],[-71.0619,42.3567],[-71.0619,42.3567],[-71.0613,42.3572],[-71.061,42.3575],[-71.0606,42.358],[-71.0605,42.3581],[-71.0603,42.358],[-71.0603,42.358],[-71.0603,42.358],[-71.0593,42.3577],[-71.0584,42.3575],[-71.0585,42.3574],[-71.0587,42.3571],[-71.0586,42.3571],[-71.0583,42.3574],[-71.0581,42.3576],[-71.058,42.3577],[-71.0579,42.358],[-71.0578,42.3581],[-71.0578,42.3586],[-71.0578,42.3586],[-71.0578,42.3587],[-71.0577,42.3587],[-71.0577,42.3588],[-71.0578,42.3591],[-71.0578,42.3598],[-71.0578,42.3599],[-71.057,42.36],[-71.0569,42.3598],[-71.056,42.3599],[-71.056,42.3602],[-71.0565,42.3602],[-71.0565,42.3602],[-71.0566,42.3603],[-71.0567,42.3605],[-71.0567,42.3605],[-71.0568,42.3608],[-71.0569,42.361],[-71.0569,42.3612],[-71.057,42.3613],[-71.057,42.3613],[-71.0569,42.3615],[-71.0569,42.3616],[-71.0569,42.3617],[-71.0569,42.3619],[-71.0565,42.3621],[-71.0567,42.3622],[-71.0567,42.3622],[-71.0566,42.3622],[-71.056,42.3626],[-71.0557,42.3627],[-71.0556,42.3628],[-71.0554,42.363],[-71.0552,42.3632],[-71.0548,42.3636],[-71.0547,42.3638],[-71.0546,42.3636],[-71.0541,42.3632],[-71.0541,42.3632],[-71.0541,42.3632],[-71.054,42.3633],[-71.0539,42.3634],[-71.0538,42.3635],[-71.0537,42.3636],[-71.0536,42.3637],[-71.0536,42.3639],[-71.0535,42.364],[-71.0535,42.3641],[-71.0535,42.3641],[-71.0535,42.3641],[-71.0538,42.3643],[-71.0538,42.3643],[-71.0538,42.3643],[-71.0534,42.3647],[-71.0533,42.3648],[-71.0531,42.365],[-71.053,42.3652],[-71.053,42.3652],[-71.0529,42.3654],[-71.0531,42.3654],[-71.0531,42.3654],[-71.0531,42.3655],[-71.0532,42.3655],[-71.0537,42.3659],[-71.0538,42.3658],[-71.0538,42.3658],[-71.0539,42.3659],[-71.0539,42.3659],[-71.0539,42.366],[-71.0543,42.3662],[-71.0543,42.3662]]},"properties":{"id":"routes-and-regions-freedom-trail","layer":"routes-and-regions","name":"Freedom Trail","sourceFolder":"Regions, travel routes, and significant pre-war roads"}},{"type":"Feature","id":"routes-and-regions-unnamed-590","geometry":{"type":"LineString","coordinates":[[-114.6553,36.2358],[-114.6552,36.2245],[-114.6571,36.2198],[-114.6559,36.2147],[-114.6568,36.2113],[-114.6577,36.2098],[-114.6588,36.2089],[-114.6614,36.2076],[-114.6651,36.207],[-114.6659,36.2066],[-114.6667,36.2057],[-114.6686,36.2016],[-114.6696,36.2007],[-114.6708,36.2003],[-114.6752,36.2002],[-114.6764,36.2],[-114.6804,36.1967],[-114.6826,36.1962],[-114.6853,36.196],[-114.6905,36.1961],[-114.6957,36.1967],[-114.7019,36.1964],[-114.7217,36.1934],[-114.7258,36.1941],[-114.7285,36.1937],[-114.7337,36.1921],[-114.7353,36.1907],[-114.7396,36.1895],[-114.7411,36.1874],[-114.7426,36.1866],[-114.7466,36.1853],[-114.7514,36.1851],[-114.7529,36.1847],[-114.7544,36.1837],[-114.7571,36.181],[-114.7586,36.1799],[-114.7652,36.1785],[-114.7712,36.176],[-114.7765,36.1732],[-114.7795,36.1711],[-114.7814,36.1676],[-114.7841,36.1644],[-114.7876,36.1626],[-114.7885,36.1598],[-114.7907,36.1577],[-114.7931,36.157],[-114.8001,36.1578],[-114.806,36.1581],[-114.8118,36.1579],[-114.8193,36.1562],[-114.8252,36.1555],[-114.8587,36.1446],[-114.8631,36.1443],[-114.8673,36.1445],[-114.884,36.1463],[-114.8861,36.1459],[-114.8886,36.1434],[-114.8893,36.1434],[-114.8906,36.1441],[-114.891,36.1451],[-114.8898,36.1469],[-114.8869,36.1501],[-114.8896,36.1539],[-114.8909,36.1548],[-114.8926,36.1553],[-114.8967,36.1555],[-114.8988,36.156],[-114.9026,36.158],[-114.9066,36.1611],[-114.9101,36.165],[-114.9138,36.1733],[-114.9167,36.1834],[-114.9208,36.1917],[-114.9257,36.1957],[-114.9362,36.201],[-114.9424,36.2039],[-114.9467,36.2058],[-114.949,36.2065],[-114.9523,36.2069],[-114.9591,36.2067],[-114.963,36.2063],[-114.9667,36.2054],[-114.9742,36.2024],[-114.9809,36.201],[-114.9824,36.2009],[-114.9836,36.2011],[-114.9856,36.2024],[-114.9866,36.2028],[-114.988,36.2028],[-114.9967,36.2002],[-115.0013,36.1993],[-115.0148,36.1985],[-115.0172,36.1981],[-115.0227,36.1959],[-115.0252,36.1956],[-115.0436,36.196]]},"properties":{"id":"routes-and-regions-unnamed-590","layer":"routes-and-regions","name":null,"sourceFolder":"Regions, travel routes, and significant pre-war roads"}},{"type":"Feature","id":"routes-and-regions-unnamed-591","geometry":{"type":"LineString","coordinates":[[-114.9763,35.7294],[-114.9678,35.7644],[-114.9635,35.7767],[-114.9617,35.7812],[-114.9593,35.7859],[-114.9515,35.7953],[-114.9421,35.8056]]},"properties":{"id":"routes-and-regions-unnamed-591","layer":"routes-and-regions","name":null,"sourceFolder":"Regions, travel routes, and significant pre-war roads"}},{"type":"Feature","id":"routes-and-regions-las-vegas-boulevard-2","geometry":{"type":"LineString","coordinates":[[-115.1341,36.1884],[-115.134,36.1837],[-115.134,36.1816],[-115.1343,36.1808],[-115.135,36.1787],[-115.1358,36.1769],[-115.1371,36.1749],[-115.1382,36.1733],[-115.1407,36.1692],[-115.1474,36.159]]},"properties":{"id":"routes-and-regions-las-vegas-boulevard-2","layer":"routes-and-regions","name":"Las Vegas Boulevard","sourceFolder":"Regions, travel routes, and significant pre-war roads"}},{"type":"Feature","id":"routes-and-regions-the-strip-las-vegas-boulevard","geometry":{"type":"LineString","coordinates":[[-115.1474,36.159],[-115.1505,36.1542],[-115.1544,36.1482],[-115.1588,36.1417],[-115.1657,36.1308],[-115.1691,36.1257],[-115.1721,36.1211],[-115.1728,36.1186],[-115.1729,36.117],[-115.1729,36.1011]]},"properties":{"id":"routes-and-regions-the-strip-las-vegas-boulevard","layer":"routes-and-regions","name":"The Strip / Las Vegas Boulevard","sourceFolder":"Regions, travel routes, and significant pre-war roads"}},{"type":"Feature","id":"routes-and-regions-fremont-street-2","geometry":{"type":"LineString","coordinates":[[-115.14643,36.171727],[-115.132674,36.165804]]},"properties":{"id":"routes-and-regions-fremont-street-2","layer":"routes-and-regions","name":"Fremont Street","sourceFolder":"Regions, travel routes, and significant pre-war roads"}},{"type":"Feature","id":"routes-and-regions-unnamed-595","geometry":{"type":"LineString","coordinates":[[-114.7124,36.0069],[-114.7125,36.0063],[-114.7121,36.0056],[-114.7132,36.0051],[-114.7138,36.0047],[-114.7152,36.0044],[-114.7163,36.0035],[-114.7175,36.0022],[-114.7185,36.0019],[-114.7194,36.0024],[-114.72,36.0027],[-114.7208,36.0026],[-114.7213,36.0024],[-114.7224,36.002]]},"properties":{"id":"routes-and-regions-unnamed-595","layer":"routes-and-regions","name":null,"sourceFolder":"Regions, travel routes, and significant pre-war roads"}},{"type":"Feature","id":"routes-and-regions-unnamed-596","geometry":{"type":"LineString","coordinates":[[-115.1163,36.174],[-115.1241,36.174],[-115.131,36.174],[-115.135,36.1741],[-115.1368,36.1748],[-115.1371,36.1749]]},"properties":{"id":"routes-and-regions-unnamed-596","layer":"routes-and-regions","name":null,"sourceFolder":"Regions, travel routes, and significant pre-war roads"}},{"type":"Feature","id":"routes-and-regions-unnamed-597","geometry":{"type":"LineString","coordinates":[[-115.0141,36.0336],[-114.9867,36.037],[-114.9848,36.0376],[-114.9779,36.0426],[-114.9746,36.0457],[-114.9577,36.0704],[-114.9553,36.0728],[-114.9514,36.0752],[-114.9453,36.0768],[-114.9398,36.0775],[-114.9292,36.0821],[-114.9236,36.0842],[-114.9157,36.087],[-114.9126,36.088],[-114.9111,36.0888],[-114.9086,36.0914],[-114.9039,36.0985],[-114.8994,36.1099],[-114.8975,36.113],[-114.8933,36.116],[-114.8884,36.118],[-114.8802,36.119],[-114.8751,36.119],[-114.8712,36.1177],[-114.8676,36.1155],[-114.8643,36.1145],[-114.8619,36.1124],[-114.8598,36.1112],[-114.8556,36.1102],[-114.8534,36.1084],[-114.8518,36.1079],[-114.8486,36.1078],[-114.8462,36.1069],[-114.8452,36.1055],[-114.8449,36.1041],[-114.8449,36.1],[-114.844,36.0982],[-114.843,36.0976],[-114.8415,36.0972],[-114.8327,36.0981],[-114.8298,36.0973],[-114.8282,36.0962],[-114.8256,36.0933],[-114.8248,36.0908],[-114.8272,36.0852],[-114.8275,36.0837],[-114.8268,36.0822],[-114.8236,36.0792],[-114.8205,36.0747],[-114.8195,36.0725],[-114.82,36.0693],[-114.8195,36.0551],[-114.8191,36.0521],[-114.8182,36.0497],[-114.8172,36.0481],[-114.8157,36.0468],[-114.8115,36.0445],[-114.8092,36.0422],[-114.8019,36.0324],[-114.7971,36.0237],[-114.7938,36.0162],[-114.7935,36.0138],[-114.7941,36.0125],[-114.7951,36.0113],[-114.7972,36.0105],[-114.7993,36.0104],[-114.7998,36.0101],[-114.8,36.0097],[-114.8,36.009]]},"properties":{"id":"routes-and-regions-unnamed-597","layer":"routes-and-regions","name":null,"sourceFolder":"Regions, travel routes, and significant pre-war roads"}},{"type":"Feature","id":"routes-and-regions-unnamed-598","geometry":{"type":"LineString","coordinates":[[-115.4488,35.4734],[-115.4465,35.471],[-115.4446,35.4698],[-115.4309,35.4656],[-115.4098,35.4612],[-115.3878,35.458],[-115.3488,35.456],[-115.3127,35.4573],[-115.2951,35.4609],[-115.2817,35.4647],[-115.2726,35.467],[-115.2705,35.4679],[-115.2608,35.4699],[-115.1903,35.4823],[-115.1754,35.4867],[-115.1629,35.4917],[-115.1516,35.4973],[-115.1426,35.5033],[-115.1407,35.5054],[-115.138,35.5097],[-115.1361,35.5114],[-115.1333,35.5127],[-115.1301,35.5135],[-115.1223,35.5146],[-115.1039,35.5158],[-115.0796,35.5141],[-115.0045,35.4923],[-114.9378,35.4697],[-114.9236,35.4659],[-114.92,35.4652]]},"properties":{"id":"routes-and-regions-unnamed-598","layer":"routes-and-regions","name":null,"sourceFolder":"Regions, travel routes, and significant pre-war roads"}},{"type":"Feature","id":"routes-and-regions-unnamed-599","geometry":{"type":"LineString","coordinates":[[-114.92,35.4652],[-114.917,35.4657],[-114.9119,35.466],[-114.901,35.4688],[-114.8983,35.469],[-114.8929,35.4681],[-114.8893,35.4682],[-114.8838,35.4701],[-114.8799,35.4703],[-114.8765,35.4714],[-114.8574,35.4749],[-114.8549,35.4749],[-114.8413,35.4734],[-114.8379,35.4734],[-114.8199,35.4756],[-114.8129,35.4771],[-114.7773,35.4791],[-114.7725,35.4804],[-114.7695,35.4818],[-114.7685,35.4825],[-114.7614,35.4819],[-114.7554,35.4829],[-114.7515,35.4826],[-114.7488,35.4835],[-114.7394,35.4823],[-114.7368,35.4827],[-114.7331,35.4824],[-114.7211,35.4837],[-114.7183,35.4837],[-114.7125,35.4837],[-114.7098,35.4842],[-114.707,35.4858],[-114.7036,35.4856],[-114.7005,35.4863],[-114.6934,35.489],[-114.6877,35.4915],[-114.6861,35.4914]]},"properties":{"id":"routes-and-regions-unnamed-599","layer":"routes-and-regions","name":null,"sourceFolder":"Regions, travel routes, and significant pre-war roads"}},{"type":"Feature","id":"routes-and-regions-unnamed-600","geometry":{"type":"LineString","coordinates":[[-115.312,36.3261],[-115.3127,36.3259],[-115.3163,36.3265],[-115.3272,36.3266],[-115.3423,36.3251],[-115.3739,36.317],[-115.4055,36.3054],[-115.4234,36.2944],[-115.4363,36.285],[-115.4392,36.2832],[-115.4421,36.2819],[-115.4501,36.2801],[-115.4607,36.2789],[-115.5095,36.2771],[-115.5281,36.2732],[-115.5462,36.2699],[-115.557,36.2703],[-115.5793,36.2729],[-115.5879,36.2727],[-115.5915,36.2716],[-115.5946,36.2701],[-115.5994,36.267],[-115.6024,36.2645],[-115.6037,36.2639],[-115.6068,36.2634],[-115.6195,36.2629],[-115.6443,36.2574]]},"properties":{"id":"routes-and-regions-unnamed-600","layer":"routes-and-regions","name":null,"sourceFolder":"Regions, travel routes, and significant pre-war roads"}},{"type":"Feature","id":"routes-and-regions-unnamed-601","geometry":{"type":"LineString","coordinates":[[-115.3281,35.7807],[-115.3245,35.7789],[-115.3244,35.7788],[-115.3259,35.7767],[-115.326,35.7766],[-115.3256,35.7765],[-115.3179,35.7765],[-115.3168,35.7762],[-115.3136,35.7763],[-115.3135,35.7761],[-115.313,35.7755],[-115.3129,35.7745]]},"properties":{"id":"routes-and-regions-unnamed-601","layer":"routes-and-regions","name":null,"sourceFolder":"Regions, travel routes, and significant pre-war roads"}},{"type":"Feature","id":"routes-and-regions-interstate-40-3","geometry":{"type":"LineString","coordinates":[[-117.0082,34.8868],[-116.9831,34.8832],[-116.9722,34.8803],[-116.9663,34.8766],[-116.9615,34.8723],[-116.9534,34.868],[-116.8726,34.8543],[-116.7477,34.8359],[-116.627,34.8194],[-116.4923,34.7974],[-116.3727,34.7748],[-116.3277,34.7562],[-116.2876,34.7372],[-116.2463,34.7217],[-116.1941,34.7222],[-116.138,34.7245],[-116.0802,34.7285],[-115.8747,34.7349],[-115.8061,34.7255],[-115.7382,34.7168],[-115.6763,34.7196],[-115.6104,34.7242],[-115.5459,34.7304],[-115.4878,34.755],[-115.4302,34.7849],[-115.3674,34.8116],[-115.2681,34.8188],[-115.1578,34.8246],[-115.0488,34.8296],[-114.7554,34.8782],[-114.739,34.8818],[-114.7251,34.8854],[-114.7009,34.8899],[-114.6888,34.8904],[-114.6742,34.8837],[-114.6254,34.8546],[-114.6137,34.8456],[-114.6034,34.8352],[-114.5961,34.8234],[-114.5905,34.8034],[-114.5857,34.7795],[-114.5775,34.758],[-114.5659,34.7475],[-114.5388,34.7279],[-114.5226,34.7185],[-114.4696,34.7192],[-114.3243,34.7255],[-114.2631,34.7298],[-114.2384,34.7449],[-114.1695,34.7931],[-114.1518,34.8076],[-114.1503,34.8249],[-114.1514,34.8625],[-114.154,34.8832],[-114.1546,34.9056],[-114.1428,34.9776],[-114.1272,35.059],[-114.1134,35.1205],[-114.1024,35.1355],[-114.0905,35.1463],[-114.0818,35.1564],[-114.0786,35.1673],[-114.0763,35.1772],[-114.066,35.1908],[-114.0629,35.1992],[-114.0605,35.208],[-114.0367,35.2137],[-114.0131,35.2176],[-113.9914,35.2164],[-113.9692,35.2125],[-113.9405,35.2046],[-113.9094,35.1968],[-113.8823,35.1956],[-113.8536,35.1962],[-113.8277,35.194],[-113.811,35.1878],[-113.796,35.1796],[-113.7793,35.1725],[-113.7411,35.1647],[-113.6967,35.1592],[-113.6224,35.1573],[-113.5435,35.1586],[-113.4709,35.1758],[-113.4034,35.1923],[-113.3737,35.192],[-113.346,35.19],[-113.3155,35.1912],[-113.2546,35.2193],[-113.1843,35.2577],[-113.1219,35.2865],[-113.0876,35.2902],[-113.0562,35.2902],[-113.0257,35.2921],[-112.9969,35.3013],[-112.969,35.3128],[-112.942,35.3202],[-112.9207,35.3197],[-112.8998,35.3176],[-112.8753,35.3135],[-112.7818,35.2813],[-112.6789,35.2451],[-112.6086,35.2309],[-112.5347,35.2193],[-112.4622,35.2185],[-112.2965,35.2204],[-112.2367,35.2227],[-112.22,35.2331],[-112.2072,35.2447],[-112.1953,35.2563],[-112.1804,35.2653],[-112.1486,35.2657],[-112.0695,35.2627],[-112.0349,35.2597],[-111.9634,35.2474],[-111.9306,35.2476],[-111.8975,35.2485],[-111.8732,35.2479],[-111.8485,35.2457],[-111.8234,35.2418],[-111.7923,35.2266],[-111.7602,35.207],[-111.73,35.1902],[-111.7072,35.1813],[-111.6852,35.1744],[-111.6671,35.1704],[-111.6592,35.1702],[-111.6524,35.1709],[-111.6462,35.1728],[-111.6411,35.1758],[-111.6311,35.1846],[-111.5847,35.2165]]},"properties":{"id":"routes-and-regions-interstate-40-3","layer":"routes-and-regions","name":"Interstate 40","sourceFolder":"Regions, travel routes, and significant pre-war roads"}},{"type":"Feature","id":"routes-and-regions-unnamed-603","geometry":{"type":"LineString","coordinates":[[-117.5342,34.1044],[-117.5825,34.0914],[-117.6422,34.0791],[-117.9317,34.0779],[-118.2898,34.08]]},"properties":{"id":"routes-and-regions-unnamed-603","layer":"routes-and-regions","name":null,"sourceFolder":"Regions, travel routes, and significant pre-war roads"}},{"type":"Feature","id":"routes-and-regions-unnamed-604","geometry":{"type":"LineString","coordinates":[[-119.8157,39.5347],[-119.8075,39.5367],[-119.8001,39.5365],[-119.7894,39.5375],[-119.7842,39.5374],[-119.7813,39.5369],[-119.7786,39.536],[-119.7756,39.5344],[-119.7647,39.5243],[-119.7513,39.5097],[-119.7386,39.4985],[-119.732,39.4956],[-119.7193,39.492],[-119.7186,39.4073],[-119.7174,39.3989],[-119.7165,39.3958],[-119.7149,39.3931],[-119.7131,39.3914],[-119.7066,39.3877],[-119.7043,39.3841],[-119.7035,39.3835],[-119.7014,39.3831],[-119.6979,39.3831],[-119.6934,39.3752],[-119.6677,39.3743],[-119.6665,39.3664],[-119.6648,39.3594],[-119.6624,39.355],[-119.6608,39.3533],[-119.6589,39.3521],[-119.6545,39.3506],[-119.6516,39.3505],[-119.6453,39.3511],[-119.6428,39.3484],[-119.6419,39.3466],[-119.6411,39.3423],[-119.6409,39.3363],[-119.6411,39.3298],[-119.6419,39.324],[-119.6433,39.3203],[-119.6449,39.3191],[-119.6477,39.3181],[-119.6475,39.3165],[-119.65,39.3096],[-119.6515,39.3055],[-119.6527,39.3031],[-119.6544,39.2995],[-119.6551,39.2977],[-119.656,39.2962],[-119.6567,39.296],[-119.657,39.2966],[-119.6575,39.2964],[-119.6578,39.2852],[-119.6572,39.2812],[-119.6555,39.277],[-119.6513,39.2721],[-119.6452,39.2665],[-119.6393,39.2604],[-119.6359,39.254],[-119.6358,39.2475],[-119.6427,39.226],[-119.6466,39.2205],[-119.6526,39.2172],[-119.6604,39.2153],[-119.6766,39.2122],[-119.6825,39.2095],[-119.6858,39.2054],[-119.6893,39.1957],[-119.6928,39.1914],[-119.7026,39.1862],[-119.7159,39.1816],[-119.7406,39.1747],[-119.749,39.1722],[-119.7561,39.1707],[-119.7669,39.1705],[-119.767,39.1498],[-119.7719,39.1208],[-119.7734,39.1205],[-119.7813,39.1155],[-119.7858,39.1133],[-119.7886,39.1128],[-119.7945,39.1131],[-119.8047,39.1158],[-119.8171,39.1201],[-119.8276,39.1227],[-119.8334,39.1228],[-119.8379,39.1219],[-119.8393,39.1211],[-119.8413,39.119],[-119.8429,39.1182],[-119.8498,39.1177],[-119.8695,39.1192],[-119.8773,39.119],[-119.881,39.1179],[-119.8869,39.115],[-119.8793,39.1083],[-119.91,39.101]]},"properties":{"id":"routes-and-regions-unnamed-604","layer":"routes-and-regions","name":null,"sourceFolder":"Regions, travel routes, and significant pre-war roads"}},{"type":"Feature","id":"routes-and-regions-unnamed-605","geometry":{"type":"LineString","coordinates":[[-119.7719,39.1208],[-119.7754,39.0919],[-119.7794,39.0724],[-119.7815,39.0507],[-119.7815,38.9905],[-119.7795,38.9616],[-119.7503,38.9351],[-119.7148,38.9058],[-119.6761,38.8766],[-119.6414,38.8475],[-119.6088,38.8061],[-119.5784,38.7643],[-119.5547,38.7284],[-119.5506,38.707],[-119.5509,38.6875],[-119.5491,38.6718],[-119.5457,38.6653],[-119.5377,38.6556],[-119.5296,38.6474],[-119.5276,38.6426],[-119.4852,38.5188],[-119.4481,38.5161],[-119.4608,38.485],[-119.4639,38.4693],[-119.4598,38.4523],[-119.4521,38.435],[-119.4478,38.4193],[-119.4501,38.4094],[-119.4544,38.4004],[-119.4565,38.3912],[-119.4542,38.3833],[-119.4453,38.3672],[-119.4438,38.3606],[-119.4453,38.3569],[-119.4524,38.3484],[-119.4532,38.346],[-119.4524,38.3448],[-119.4498,38.3428],[-119.4467,38.3425],[-119.4406,38.3428],[-119.4373,38.3436],[-119.4335,38.3456],[-119.4268,38.3509],[-119.4236,38.3545],[-119.4223,38.3551],[-119.4205,38.3553],[-119.4094,38.3554],[-119.345,38.3463],[-119.3261,38.342],[-119.314,38.3274],[-119.3016,38.3087],[-119.2917,38.288],[-119.2805,38.27],[-119.2698,38.2574],[-119.2603,38.255],[-119.2402,38.2532],[-119.2197,38.2531],[-119.2222,38.2437],[-119.2254,38.2341],[-119.2291,38.2155],[-119.2286,38.2072],[-119.224,38.2005],[-119.2168,38.1947],[-119.2083,38.1892],[-119.2001,38.1829],[-119.1937,38.175],[-119.1871,38.146],[-119.1816,38.1107],[-119.1781,38.0752],[-119.1644,38.0852],[-119.1586,38.0825],[-119.1644,38.077],[-119.167,38.074],[-119.1688,38.0701],[-119.1679,38.0564],[-119.1597,38.019],[-119.1548,38.006],[-119.1515,38.0022],[-119.1479,37.9996],[-119.1455,37.9973],[-119.1448,37.9935],[-119.1421,37.9906],[-119.1395,37.9863],[-119.1392,37.9827],[-119.1342,37.9752],[-119.1342,37.9721],[-119.1338,37.9708],[-119.1286,37.9656],[-119.1194,37.9587],[-119.1094,37.9505],[-119.1016,37.941],[-119.0954,37.9182],[-119.093,37.8912],[-119.0883,37.8662],[-119.0739,37.8379],[-119.0598,37.8177],[-119.057,37.8152],[-119.0537,37.8128],[-119.0235,37.7907],[-118.9857,37.7578],[-118.9724,37.7366],[-118.9615,37.7111],[-118.9475,37.686],[-118.9343,37.6625],[-118.9214,37.6437],[-118.9016,37.6378],[-118.8789,37.6331],[-118.8556,37.6298],[-118.8339,37.6271],[-118.8171,37.6219],[-118.8084,37.614],[-118.7978,37.5953],[-118.7896,37.5882],[-118.7744,37.5845],[-118.7562,37.5829],[-118.736,37.582],[-118.7155,37.5784],[-118.6902,37.5679],[-118.6048,37.526],[-118.5857,37.5147],[-118.5828,37.506],[-118.582,37.4971],[-118.582,37.4881],[-118.5828,37.4789],[-118.5816,37.4695],[-118.5753,37.454],[-118.5576,37.4216],[-118.5476,37.4073],[-118.528,37.3981],[-118.4831,37.3813],[-118.4682,37.3773],[-118.4647,37.3763],[-118.4611,37.3758],[-118.4276,37.3756],[-118.3984,37.3758],[-118.3974,37.3756],[-118.3965,37.3752],[-118.3957,37.3743],[-118.3954,37.3732],[-118.3952,37.3614],[-118.3961,37.3491],[-118.395,37.3333],[-118.3745,37.2842],[-118.3475,37.2305],[-118.3324,37.2137],[-118.2991,37.1848],[-118.2898,37.1732],[-118.2889,37.1686],[-118.2905,37.1607],[-118.29,37.1562],[-118.2808,37.1433],[-118.2666,37.1284],[-118.2544,37.1126],[-118.2439,37.0849],[-118.2373,37.0578],[-118.2333,37.0415],[-118.2315,37.025],[-118.2352,36.9969],[-118.2405,36.9657],[-118.2434,36.9292],[-118.2426,36.8927],[-118.2388,36.8714],[-118.2333,36.8508],[-118.2266,36.8338],[-118.2208,36.8267],[-118.2141,36.8211],[-118.2064,36.8136],[-118.1305,36.7078],[-118.0959,36.6673],[-118.079,36.6407],[-118.0672,36.6179],[-118.0649,36.6085],[-118.0608,36.6011],[-118.0572,36.5933],[-118.057,36.5857],[-118.0576,36.5794],[-118.0577,36.5767],[-118.0522,36.5682],[-118.049,36.5608],[-118.0453,36.5086],[-118.0419,36.4248],[-118.0361,36.3377],[-118.03,36.2751],[-118.0173,36.2606],[-118.0038,36.2496],[-117.99,36.2397],[-117.9791,36.2269],[-117.9759,36.2027],[-117.9744,36.1746],[-117.9761,36.1433],[-117.973,36.11],[-117.9269,35.9922],[-117.8792,35.8684],[-117.8744,35.8225],[-117.8689,35.7356],[-117.8683,35.6947],[-117.9118,35.6559],[-118.0205,35.5648],[-118.0833,35.5145],[-118.3927,35.3939],[-118.7405,35.262],[-119.0971,35.2009],[-119.4574,35.1424]]},"properties":{"id":"routes-and-regions-unnamed-605","layer":"routes-and-regions","name":null,"sourceFolder":"Regions, travel routes, and significant pre-war roads"}},{"type":"Feature","id":"routes-and-regions-unnamed-606","geometry":{"type":"LineString","coordinates":[[-115.1806,36.0982],[-115.1801,36.1004],[-115.1799,36.1007],[-115.1796,36.1008],[-115.1729,36.1009]]},"properties":{"id":"routes-and-regions-unnamed-606","layer":"routes-and-regions","name":null,"sourceFolder":"Regions, travel routes, and significant pre-war roads"}},{"type":"Feature","id":"routes-and-regions-crimson-caravan-route","geometry":{"type":"LineString","coordinates":[[-120.8151,38.728],[-121.0379,38.8713],[-121.264,39.0205],[-121.4566,39.2895],[-121.6677,39.5901],[-122.301,40.4129]]},"properties":{"id":"routes-and-regions-crimson-caravan-route","layer":"routes-and-regions","name":"Crimson Caravan route","sourceFolder":"Regions, travel routes, and significant pre-war roads"}},{"type":"Feature","id":"routes-and-regions-highway-50","geometry":{"type":"LineString","coordinates":[[-119.6466,39.2205],[-119.6394,39.2223],[-119.6322,39.2236],[-119.6187,39.2222],[-119.6133,39.2219],[-119.6107,39.2221],[-119.6079,39.2226],[-119.6035,39.2244],[-119.5987,39.2271],[-119.5941,39.2306],[-119.5902,39.2346],[-119.5871,39.2414],[-119.5858,39.2496],[-119.5838,39.2584],[-119.5788,39.2669],[-119.5611,39.2791],[-119.5108,39.3078],[-119.4809,39.3229],[-119.2249,39.4162],[-119.2234,39.4169],[-119.2047,39.4237],[-119.1989,39.4248],[-119.1813,39.4271],[-119.1627,39.4301],[-119.1529,39.4335],[-119.1416,39.4347],[-119.1264,39.4353],[-119.1108,39.4368],[-119.0983,39.4399],[-119.0921,39.4447],[-119.0839,39.4576],[-119.0776,39.4639],[-119.0542,39.4763],[-119.0249,39.4893],[-118.9969,39.5],[-118.9684,39.5075],[-118.9408,39.5133]]},"properties":{"id":"routes-and-regions-highway-50","layer":"routes-and-regions","name":"Highway 50","sourceFolder":"Regions, travel routes, and significant pre-war roads"}},{"type":"Feature","id":"routes-and-regions-highway-50-2","geometry":{"type":"LineString","coordinates":[[-119.2511,39.6077],[-119.2437,39.6078],[-119.2274,39.6036],[-119.1824,39.5982],[-119.1232,39.5879],[-119.0341,39.5524],[-118.9408,39.5133],[-118.8605,39.4908],[-118.7863,39.4734],[-118.7347,39.472],[-118.6854,39.4737],[-118.6779,39.4539],[-118.6688,39.4348],[-118.6593,39.4152],[-118.6471,39.3945],[-118.5934,39.3668],[-118.4501,39.298],[-118.3799,39.2662],[-118.3053,39.27],[-118.0529,39.2883],[-117.9844,39.2949],[-117.9517,39.3283],[-117.9183,39.3653],[-117.8841,39.4034],[-117.8535,39.4428],[-117.8196,39.4775],[-117.7714,39.4989],[-117.6186,39.5611],[-117.5751,39.577],[-117.5311,39.5613],[-117.4813,39.5414],[-117.3787,39.4969],[-117.3307,39.4796],[-117.2823,39.4822],[-117.231,39.487],[-117.1801,39.4944],[-117.1317,39.4987],[-117.089,39.5008],[-117.0583,39.4819],[-117.0254,39.4592],[-116.9928,39.4354],[-116.964,39.4127],[-116.9379,39.3968],[-116.9175,39.3941],[-116.8794,39.392],[-116.861,39.3926],[-116.8384,39.3946],[-116.8164,39.3981],[-116.7951,39.4032],[-116.7764,39.4177],[-116.7584,39.4364],[-116.7319,39.4562],[-116.562,39.4953],[-116.3289,39.5466],[-116.1442,39.5855],[-116.1086,39.5811],[-116.0213,39.5663],[-115.9964,39.5604],[-115.9812,39.533],[-115.9468,39.4599],[-115.9324,39.4243],[-115.9195,39.3972],[-115.9015,39.3771],[-115.8838,39.3611],[-115.814,39.384],[-115.7434,39.4053],[-115.6805,39.4226],[-115.6336,39.4169],[-115.588,39.4091],[-115.5459,39.4014],[-115.5218,39.4015],[-115.4987,39.403],[-115.4766,39.403],[-115.4553,39.4014],[-115.4347,39.3897],[-115.4132,39.3752],[-115.391,39.3599],[-115.3701,39.3441],[-115.3105,39.3753],[-115.2498,39.4051],[-115.1971,39.429],[-115.1653,39.4336],[-115.136,39.4361],[-115.1065,39.4375],[-115.0735,39.3908],[-115.0222,39.335],[-114.9679,39.2813],[-114.9348,39.2624],[-114.9102,39.2505],[-114.9059,39.2466],[-114.9046,39.2461],[-114.9013,39.2459],[-114.8972,39.2463],[-114.8845,39.2492],[-114.879,39.2512],[-114.8739,39.2534],[-114.8688,39.2431],[-114.8546,39.2166],[-114.718,39.0471],[-114.6905,39.0193],[-114.6156,39.0449],[-114.6001,39.0313],[-114.5949,39.0277],[-114.5897,39.0254],[-114.5859,39.0249],[-114.5824,39.025],[-114.5694,39.028],[-114.5505,39.0325],[-114.4701,39.0587],[-114.4471,39.068],[-114.4369,39.0861],[-114.4179,39.1289],[-114.4084,39.1513],[-114.4004,39.1735],[-114.3737,39.1709],[-114.3578,39.1671],[-114.3099,39.1406],[-114.2467,39.1041],[-114.1793,39.0691],[-114.0676,39.0569],[-113.9431,39.0452],[-113.8387,39.0371],[-113.7901,39.0506],[-113.7472,39.0659],[-113.7096,39.0776],[-113.6768,39.0787],[-113.6437,39.0776],[-113.6156,39.0805],[-113.5844,39.0833],[-113.5519,39.0855],[-113.5201,39.0861],[-113.4908,39.0742],[-113.4596,39.0574],[-113.4268,39.0402],[-113.3948,39.0251],[-113.3663,39.0136],[-113.338,39.0219],[-113.2375,39.0577],[-113.1988,39.0733],[-112.8043,39.3038],[-112.7578,39.3195],[-112.7178,39.3298],[-112.6962,39.331],[-112.6488,39.329],[-112.628,39.3292],[-112.6126,39.331],[-112.6071,39.3347],[-112.6034,39.3395],[-112.6005,39.3447],[-112.5975,39.3493],[-112.5933,39.3524],[-112.5883,39.3536],[-112.5829,39.3538],[-112.5706,39.3527],[-112.5638,39.3524],[-112.4968,39.3533],[-112.4116,39.2102],[-112.4051,39.1893],[-112.4011,39.1711],[-112.3938,39.1549],[-112.3789,39.1425],[-112.362,39.1308],[-112.3443,39.1208],[-112.3306,39.1175],[-112.2852,39.1121],[-112.2729,39.1123],[-112.265,39.1169],[-112.2503,39.1299],[-112.2436,39.1374],[-112.2367,39.1444]]},"properties":{"id":"routes-and-regions-highway-50-2","layer":"routes-and-regions","name":"Highway 50","sourceFolder":"Regions, travel routes, and significant pre-war roads"}},{"type":"Feature","id":"routes-and-regions-interstate-80-4","geometry":{"type":"LineString","coordinates":[[-120.1682,39.3385],[-120.1164,39.3674],[-120.1018,39.3755],[-120.0945,39.3787],[-120.0878,39.3816],[-120.0807,39.3828],[-120.0734,39.3816],[-120.066,39.3783],[-120.0586,39.3744],[-120.0515,39.3712],[-120.045,39.3701],[-120.0402,39.3711],[-120.0357,39.3731],[-120.023,39.3812],[-120.0257,39.3909],[-120.0292,39.4012],[-120.0333,39.4202],[-120.0326,39.4274],[-120.0298,39.4308],[-120.0255,39.4331],[-120.0206,39.4351],[-120.0159,39.4376],[-120.012,39.4412],[-120.0074,39.4541],[-120.004,39.471],[-119.999,39.5074],[-119.9708,39.5108],[-119.9475,39.5124],[-119.9442,39.5118],[-119.9393,39.5102],[-119.9368,39.5099],[-119.9331,39.5109],[-119.9255,39.5148],[-119.9215,39.5159],[-119.9175,39.5158],[-119.9094,39.5141],[-119.9048,39.5137],[-119.8886,39.5154],[-119.8725,39.519],[-119.8668,39.5214],[-119.8618,39.5242],[-119.8564,39.5264],[-119.8483,39.5273],[-119.8396,39.5274],[-119.8328,39.5281],[-119.8308,39.529],[-119.8276,39.531],[-119.8187,39.5339],[-119.8158,39.5347],[-119.8075,39.5367],[-119.8006,39.5366],[-119.7895,39.5375],[-119.7842,39.5374],[-119.7756,39.5344],[-119.7649,39.5341],[-119.7514,39.5346],[-119.7404,39.5341],[-119.7368,39.5328],[-119.7339,39.5312],[-119.7303,39.5298],[-119.7,39.5259],[-119.6912,39.5217],[-119.6829,39.5172],[-119.6761,39.5144],[-119.669,39.5118],[-119.6616,39.5104],[-119.654,39.5106],[-119.6462,39.5119],[-119.6381,39.5143],[-119.6268,39.5201],[-119.6039,39.5349],[-119.5793,39.5487],[-119.5647,39.5558],[-119.5481,39.5631],[-119.5308,39.5682],[-119.5196,39.5689],[-119.5074,39.5681],[-119.4953,39.5669],[-119.4842,39.5666],[-119.4753,39.5682],[-119.4705,39.5717],[-119.4675,39.5765],[-119.4648,39.5817],[-119.4616,39.5866],[-119.4564,39.5902],[-119.4437,39.5918],[-119.4272,39.5918],[-119.4087,39.59],[-119.3901,39.5889],[-119.3733,39.59],[-119.3502,39.5981],[-119.3285,39.609],[-119.3074,39.6165],[-119.2902,39.6177],[-119.2573,39.6153],[-119.2471,39.6142],[-119.2374,39.6127],[-119.2275,39.6122],[-119.2168,39.6133],[-119.1958,39.6259],[-119.141,39.6645],[-119.1131,39.6863],[-119.0541,39.7522],[-118.9867,39.8214],[-118.8583,39.8885],[-118.7444,39.9442],[-118.7293,39.9507],[-118.7171,39.9555],[-118.7064,39.9607],[-118.6956,39.9679],[-118.6835,39.9882],[-118.674,40.0147],[-118.6623,40.0416],[-118.6489,40.0646],[-118.6261,40.0774],[-118.6007,40.0894],[-118.5748,40.1003],[-118.5515,40.1109],[-118.5217,40.1289],[-118.4966,40.1477],[-118.4838,40.1621],[-118.4726,40.1772],[-118.4609,40.1886],[-118.4518,40.1921],[-118.4424,40.1938],[-118.4327,40.1975],[-118.4149,40.2135],[-118.3944,40.2351],[-118.3747,40.2585],[-118.3432,40.3008],[-118.3136,40.347],[-118.2958,40.4084],[-118.282,40.4704],[-118.2785,40.5351],[-118.2738,40.5643],[-118.2564,40.5871],[-118.2368,40.6094],[-118.2161,40.63],[-118.1833,40.6445],[-118.1476,40.6582],[-118.1159,40.6686],[-118.1056,40.6706],[-118.0963,40.6712],[-118.0877,40.6726],[-118.0788,40.6743],[-118.0692,40.6779],[-118.0481,40.7059],[-118.0204,40.748],[-117.9915,40.7977],[-117.9598,40.8451],[-117.9315,40.8838],[-117.8688,40.91],[-117.8043,40.9331],[-117.7585,40.9512],[-117.7527,40.9575],[-117.7476,40.9696],[-117.742,40.9756],[-117.7123,40.9879],[-117.6288,41.0173],[-117.5998,41.0257],[-117.5933,41.0259],[-117.5883,41.025],[-117.5835,41.0237],[-117.5779,41.0212],[-117.5535,41.0016],[-117.5236,40.9725],[-117.4927,40.9486],[-117.4664,40.94],[-117.4399,40.9331],[-117.4123,40.9275],[-117.3676,40.9191],[-117.3212,40.9079],[-117.2641,40.8826],[-117.199,40.8498],[-117.0663,40.7473],[-116.9463,40.65],[-116.9313,40.6384],[-116.9187,40.6296],[-116.9071,40.6219],[-116.8935,40.6151],[-116.8707,40.6122],[-116.8448,40.6107],[-116.8176,40.6098],[-116.791,40.6092],[-116.7778,40.6304],[-116.7628,40.6506],[-116.754,40.6593],[-116.7336,40.6634],[-116.6811,40.6699],[-116.6533,40.6719],[-116.6276,40.6749],[-116.6011,40.6819],[-116.5749,40.6896],[-116.5495,40.6958],[-116.526,40.6999],[-116.5042,40.6927],[-116.4814,40.6833],[-116.4586,40.6722],[-116.4353,40.6624],[-116.4094,40.6549],[-116.3551,40.6428],[-116.3282,40.6384],[-116.2961,40.6473],[-116.2609,40.659],[-116.2246,40.6732],[-116.1868,40.6853],[-116.0606,40.701],[-115.9901,40.7123],[-115.8685,40.7863],[-115.7282,40.8782],[-115.6111,40.9492],[-115.5656,40.9542],[-115.5236,40.9559],[-115.4834,40.957],[-115.4435,40.9616],[-115.4022,40.9891],[-115.3597,41.024],[-115.3131,41.0577],[-115.2678,41.088],[-115.1965,41.0926],[-115.0334,41.0993],[-114.9575,41.1008],[-114.8504,41.1065],[-114.7486,41.1087],[-114.6398,41.0811],[-114.5262,41.0487],[-114.4025,40.9741],[-114.279,40.8952],[-114.2315,40.8547],[-114.1859,40.8113],[-114.1431,40.7737],[-114.1098,40.7471],[-114.0949,40.7433],[-114.0688,40.7395],[-114.0547,40.739],[-114.0212,40.7401],[-113.9753,40.7424],[-113.7265,40.7342],[-113.3733,40.725],[-113.1018,40.7195],[-113.0395,40.745],[-112.9876,40.7677],[-112.9447,40.7884],[-112.8876,40.8235],[-112.8416,40.7969],[-112.7943,40.7717],[-112.7475,40.7486],[-112.6935,40.7411],[-112.6367,40.7368],[-112.5772,40.7299],[-112.5177,40.7122],[-112.4526,40.6901],[-112.3906,40.6712],[-112.3429,40.6584],[-112.3219,40.6643],[-112.2836,40.6783],[-112.2688,40.6855],[-112.2608,40.6935],[-112.2555,40.7022],[-112.2482,40.7105],[-112.2315,40.7197],[-112.2112,40.7283],[-112.1923,40.7377],[-112.1821,40.7459],[-112.1732,40.7548],[-112.1629,40.7629],[-112.1508,40.7699],[-112.1184,40.7717],[-112.0355,40.7722],[-112.0069,40.7707],[-111.9997,40.7686],[-111.9947,40.7661],[-111.9885,40.7643],[-111.973,40.764],[-111.9546,40.7654],[-111.9382,40.7662],[-111.9139,40.764]]},"properties":{"id":"routes-and-regions-interstate-80-4","layer":"routes-and-regions","name":"Interstate 80","sourceFolder":"Regions, travel routes, and significant pre-war roads"}},{"type":"Feature","id":"routes-and-regions-caravan-trade-route-15","geometry":{"type":"LineString","coordinates":[[-115.1091,36.1635],[-115.1091,36.1627],[-115.0892,36.1626],[-115.0843,36.1626],[-115.0838,36.1619],[-115.0833,36.1522],[-115.0829,36.1208]]},"properties":{"id":"routes-and-regions-caravan-trade-route-15","layer":"routes-and-regions","name":"Caravan trade route","sourceFolder":"Regions, travel routes, and significant pre-war roads"}},{"type":"Feature","id":"routes-and-regions-caravan-trade-route-16","geometry":{"type":"LineString","coordinates":[[-71.2891,42.4493],[-71.2893,42.45],[-71.2918,42.451],[-71.3046,42.4528],[-71.3102,42.4532],[-71.3171,42.4572],[-71.3209,42.4581],[-71.3245,42.4594],[-71.3296,42.4593],[-71.3367,42.4583],[-71.3411,42.4579],[-71.3457,42.4586],[-71.3492,42.4592]]},"properties":{"id":"routes-and-regions-caravan-trade-route-16","layer":"routes-and-regions","name":"Caravan trade route","sourceFolder":"Regions, travel routes, and significant pre-war roads"}},{"type":"Feature","id":"routes-and-regions-caravan-trade-route-17","geometry":{"type":"LineString","coordinates":[[-115.1729,36.1011],[-115.1729,36.1009],[-115.1727,36.0862],[-115.1727,36.0746],[-115.1724,36.0711]]},"properties":{"id":"routes-and-regions-caravan-trade-route-17","layer":"routes-and-regions","name":"Caravan trade route","sourceFolder":"Regions, travel routes, and significant pre-war roads"}},{"type":"Feature","id":"routes-and-regions-unnamed-614","geometry":{"type":"LineString","coordinates":[[-115.0892,36.1626],[-115.0894,36.1735],[-115.0893,36.1772],[-115.0891,36.1781],[-115.0892,36.1807],[-115.0892,36.1809],[-115.099,36.1809],[-115.099,36.1827]]},"properties":{"id":"routes-and-regions-unnamed-614","layer":"routes-and-regions","name":null,"sourceFolder":"Regions, travel routes, and significant pre-war roads"}},{"type":"Feature","id":"routes-and-regions-blue-ridge-parkway-2","geometry":{"type":"LineString","coordinates":[[-78.8596,38.0324],[-78.8571,38.0284],[-78.8819,38.0102],[-78.8929,38.0011],[-78.9003,37.9926],[-78.9019,37.9871],[-78.9016,37.9818],[-78.9009,37.9766],[-78.901,37.9714],[-78.9024,37.9627],[-78.9034,37.9584],[-78.9051,37.9543],[-78.9079,37.9509],[-78.9126,37.948],[-78.9186,37.946],[-78.9327,37.9424],[-78.9395,37.9395],[-78.9616,37.9218],[-78.9841,37.9032],[-78.9932,37.8976],[-79.0025,37.8928],[-79.0115,37.8887],[-79.0205,37.8864],[-79.0275,37.8863],[-79.0485,37.8912],[-79.0534,37.894],[-79.0562,37.897],[-79.058,37.9006],[-79.0617,37.9124],[-79.0755,37.9108],[-79.0905,37.9081],[-79.1219,37.8979],[-79.1564,37.8853],[-79.1495,37.8729],[-79.1467,37.8665],[-79.146,37.8596],[-79.1505,37.8488],[-79.1664,37.8237],[-79.1753,37.8133],[-79.1852,37.8056],[-79.2065,37.7933],[-79.2318,37.8142],[-79.2396,37.8097],[-79.2482,37.8037],[-79.2748,37.7756],[-79.3029,37.74],[-79.339,37.674],[-79.3205,37.6646],[-79.3312,37.6423],[-79.3338,37.6354],[-79.3339,37.6294],[-79.332,37.6259],[-79.3213,37.6175],[-79.3194,37.614],[-79.3197,37.6079],[-79.3287,37.5859],[-79.333,37.5805],[-79.3374,37.5774],[-79.3425,37.5753],[-79.3531,37.5718],[-79.3535,37.5569],[-79.3696,37.5548],[-79.3799,37.5523],[-79.3915,37.5513],[-79.3977,37.5513],[-79.4027,37.5523],[-79.4053,37.5537],[-79.4111,37.5596],[-79.4082,37.563],[-79.4118,37.5684],[-79.4126,37.5663],[-79.4116,37.5626],[-79.4319,37.5646],[-79.4284,37.5565],[-79.4569,37.5589],[-79.4521,37.5502],[-79.4632,37.5468],[-79.4662,37.5457],[-79.4683,37.5444],[-79.469,37.5428],[-79.4691,37.5404],[-79.4737,37.5403],[-79.4758,37.5448],[-79.4801,37.5451],[-79.4827,37.5448],[-79.4902,37.5415],[-79.5086,37.5306],[-79.5043,37.5246],[-79.5036,37.5226],[-79.5037,37.5207],[-79.5058,37.5148],[-79.5102,37.5146],[-79.5127,37.5139],[-79.5146,37.5118],[-79.5167,37.5079],[-79.5237,37.5083],[-79.5254,37.5045],[-79.5328,37.5041],[-79.5324,37.5023],[-79.5326,37.5011],[-79.534,37.4994],[-79.5364,37.4976],[-79.5452,37.4915],[-79.5485,37.4927],[-79.5507,37.4929],[-79.5527,37.4921],[-79.5553,37.4899],[-79.5561,37.4883],[-79.557,37.4821],[-79.5629,37.4814],[-79.5659,37.4807],[-79.5708,37.4787],[-79.5758,37.4759],[-79.58,37.4726],[-79.5825,37.4684],[-79.5841,37.4637],[-79.5864,37.4598],[-79.5891,37.4576],[-79.5953,37.4546],[-79.6001,37.4536],[-79.6023,37.4527],[-79.6049,37.4506],[-79.6097,37.4448],[-79.6174,37.4472],[-79.6215,37.4492],[-79.6316,37.4581],[-79.6429,37.47],[-79.6536,37.4789],[-79.6577,37.481],[-79.6617,37.4825],[-79.6656,37.4833],[-79.6698,37.4836],[-79.6753,37.483],[-79.6811,37.4814],[-79.6869,37.4791],[-79.6923,37.4762],[-79.6994,37.4696],[-79.7057,37.4614],[-79.7133,37.4535],[-79.751,37.4308],[-79.7531,37.4284],[-79.7543,37.4263],[-79.7564,37.4242],[-79.7634,37.4204],[-79.7726,37.4167],[-79.7813,37.4138],[-79.7967,37.4107],[-79.8098,37.4056],[-79.8132,37.4078],[-79.8258,37.4033],[-79.8316,37.4008],[-79.836,37.3978],[-79.8383,37.3948],[-79.8397,37.3914],[-79.8408,37.3845],[-79.8401,37.3785],[-79.8388,37.3728],[-79.839,37.364],[-79.8356,37.3567],[-79.8356,37.3546],[-79.838,37.3501],[-79.8428,37.3448],[-79.8537,37.3336],[-79.857,37.3287],[-79.8577,37.3239],[-79.8572,37.3195],[-79.8579,37.315],[-79.861,37.3107],[-79.8701,37.3021],[-79.8725,37.2989],[-79.8726,37.298],[-79.872,37.2959],[-79.86,37.2941],[-79.8569,37.2931],[-79.8542,37.2913],[-79.8532,37.2903],[-79.852,37.2879],[-79.8519,37.2861],[-79.8525,37.284],[-79.8551,37.2771],[-79.8574,37.2631],[-79.8657,37.2609],[-79.8679,37.2596],[-79.8697,37.2572],[-79.8732,37.2482],[-79.8754,37.2448],[-79.8767,37.2434],[-79.8784,37.2422],[-79.8819,37.241],[-79.891,37.2398],[-79.895,37.2386],[-79.8993,37.2358],[-79.9062,37.2293],[-79.9093,37.2266],[-79.9115,37.2255],[-79.9131,37.2255],[-79.9187,37.2269],[-79.9203,37.2268],[-79.9214,37.2263],[-79.924,37.2234],[-79.925,37.2228],[-79.9273,37.2225],[-79.9297,37.2228],[-79.9319,37.2237],[-79.9363,37.2262],[-79.9404,37.2242],[-79.9434,37.2214],[-79.9455,37.2182],[-79.9456,37.217],[-79.9446,37.2134],[-79.9488,37.2111],[-79.9501,37.2106],[-79.9539,37.2111],[-79.9565,37.21],[-79.9581,37.2084],[-79.9625,37.2082],[-79.964,37.2078],[-79.9655,37.2067],[-79.9684,37.2031],[-79.9702,37.2016],[-79.9745,37.1996],[-79.9844,37.1962],[-79.9927,37.1923],[-79.9961,37.191],[-79.9982,37.1908],[-79.9993,37.191],[-80.0022,37.1949],[-80.0064,37.1963],[-80.0113,37.197],[-80.0154,37.1971],[-80.0193,37.1967],[-80.0267,37.1951],[-80.0307,37.1956],[-80.036,37.1942],[-80.0388,37.1931],[-80.0409,37.1916],[-80.0422,37.1898],[-80.0442,37.1838],[-80.0467,37.1815],[-80.049,37.183],[-80.0518,37.1833],[-80.0539,37.1829],[-80.0554,37.1819],[-80.057,37.1805],[-80.0616,37.1752],[-80.0645,37.1794],[-80.0668,37.1802],[-80.0749,37.1813],[-80.0787,37.1814],[-80.0814,37.1807],[-80.0825,37.1799],[-80.0831,37.1766],[-80.0859,37.1751],[-80.0867,37.1737],[-80.0868,37.1719],[-80.0853,37.1695],[-80.083,37.1673],[-80.0777,37.166],[-80.0765,37.1647],[-80.0763,37.1638],[-80.0771,37.162],[-80.0783,37.161],[-80.0845,37.1605],[-80.0875,37.1583],[-80.0894,37.1557],[-80.0895,37.1535],[-80.0927,37.1506],[-80.097,37.1481],[-80.101,37.1474],[-80.1048,37.1456],[-80.108,37.1432],[-80.1092,37.1386],[-80.114,37.1343],[-80.121,37.1293],[-80.1264,37.1247],[-80.1281,37.1223],[-80.1291,37.12],[-80.1298,37.1174],[-80.1298,37.1128],[-80.1282,37.1025],[-80.1208,37.1018],[-80.1186,37.1013],[-80.1166,37.1004],[-80.1145,37.0984],[-80.1128,37.0957],[-80.1114,37.0926],[-80.1095,37.0862],[-80.1088,37.082],[-80.1086,37.0775],[-80.109,37.0731],[-80.1104,37.0693],[-80.1129,37.0665],[-80.1236,37.0596],[-80.1209,37.0531],[-80.1191,37.0503],[-80.1176,37.049],[-80.114,37.0468],[-80.1126,37.0454],[-80.1118,37.0426],[-80.1113,37.032],[-80.1104,37.0297],[-80.1083,37.0286],[-80.1047,37.0277],[-80.11,37.0256],[-80.1154,37.0229],[-80.121,37.0174],[-80.1267,37.0107],[-80.1312,37.0062],[-80.1342,37.0053],[-80.1348,36.9965],[-80.136,36.9926],[-80.1379,36.9899],[-80.1403,36.9875],[-80.1432,36.9856],[-80.1465,36.9843],[-80.1503,36.9835],[-80.1538,36.9822],[-80.1571,36.9801],[-80.1601,36.9777],[-80.1623,36.9751],[-80.1641,36.9719],[-80.1644,36.9685],[-80.1633,36.9657],[-80.1562,36.9564],[-80.1603,36.9551],[-80.1622,36.9535],[-80.1648,36.9546],[-80.1686,36.9542],[-80.1729,36.9527],[-80.176,36.9503],[-80.1792,36.9469],[-80.1819,36.9433],[-80.1837,36.9403],[-80.1844,36.9353],[-80.1866,36.9315],[-80.19,36.9272],[-80.1938,36.9237],[-80.1969,36.9223],[-80.2038,36.9205],[-80.2063,36.9194],[-80.2071,36.9184],[-80.2086,36.9151],[-80.2122,36.9112],[-80.2152,36.9094],[-80.2271,36.9058],[-80.2603,36.8995],[-80.2617,36.8921],[-80.2629,36.8899],[-80.265,36.8884],[-80.2737,36.8846],[-80.2755,36.8831],[-80.2761,36.8814],[-80.2761,36.8796],[-80.2751,36.8737],[-80.2821,36.8715],[-80.2841,36.8703],[-80.2857,36.8679],[-80.2878,36.8614],[-80.2892,36.8582],[-80.2946,36.8504],[-80.2978,36.8474],[-80.3006,36.8457],[-80.3037,36.8445],[-80.3069,36.8437],[-80.318,36.8435],[-80.3199,36.8428],[-80.3213,36.8418],[-80.3229,36.8377],[-80.3265,36.8363],[-80.3273,36.8353],[-80.3293,36.8314],[-80.34,36.8322],[-80.3428,36.832],[-80.344,36.8315],[-80.3468,36.8294],[-80.3457,36.8256],[-80.3449,36.824],[-80.3422,36.8219],[-80.3435,36.8165],[-80.3447,36.814],[-80.3482,36.8104],[-80.3504,36.8089],[-80.3526,36.8078],[-80.3549,36.8074],[-80.3621,36.8075],[-80.3617,36.8042],[-80.3714,36.8038],[-80.3759,36.803],[-80.3801,36.801],[-80.3873,36.796],[-80.3925,36.7913],[-80.3858,36.7843],[-80.3911,36.7814],[-80.4043,36.7764],[-80.4043,36.7686],[-80.405,36.7663],[-80.4066,36.7644],[-80.4134,36.7597],[-80.4095,36.756],[-80.4056,36.7495],[-80.4036,36.7468],[-80.4004,36.745],[-80.4098,36.7428],[-80.4104,36.7367],[-80.4114,36.7307],[-80.4142,36.7231],[-80.4166,36.7199],[-80.4195,36.7175],[-80.423,36.7156],[-80.4269,36.7141],[-80.4344,36.7125],[-80.4425,36.7114],[-80.4411,36.7062],[-80.441,36.7046],[-80.4413,36.7032],[-80.443,36.7014],[-80.4469,36.6994],[-80.4489,36.6989],[-80.456,36.698],[-80.4579,36.697],[-80.4597,36.6947],[-80.4609,36.6914],[-80.4626,36.6839],[-80.4637,36.6806],[-80.466,36.6747],[-80.4674,36.6721],[-80.4695,36.6699],[-80.4726,36.6684],[-80.485,36.6656],[-80.4877,36.6641],[-80.4889,36.6623],[-80.4894,36.6603],[-80.4899,36.6539],[-80.501,36.6558],[-80.5044,36.6558],[-80.5066,36.6551],[-80.5128,36.6517],[-80.5148,36.6511],[-80.5168,36.6512],[-80.5188,36.6517],[-80.5248,36.6539],[-80.5287,36.6472],[-80.5302,36.6452],[-80.532,36.6437],[-80.534,36.6429],[-80.5361,36.6425],[-80.5432,36.6418],[-80.5493,36.65],[-80.5535,36.6536],[-80.5616,36.6574],[-80.5714,36.6603],[-80.5809,36.6622],[-80.5862,36.6623],[-80.5964,36.6611],[-80.601,36.6616],[-80.6049,36.6637],[-80.6118,36.6699],[-80.6165,36.6722],[-80.6281,36.6734],[-80.643,36.6728],[-80.6585,36.672],[-80.6717,36.67],[-80.6851,36.667],[-80.6911,36.6652],[-80.6961,36.6631],[-80.6997,36.6607],[-80.7009,36.6591],[-80.702,36.6537],[-80.7032,36.6523],[-80.7065,36.6507],[-80.7111,36.6497],[-80.727,36.6476],[-80.7272,36.6421],[-80.7281,36.6402],[-80.732,36.6361],[-80.7381,36.6315],[-80.7448,36.6274],[-80.7506,36.6249],[-80.7534,36.6246],[-80.7588,36.6252],[-80.7612,36.6249],[-80.7639,36.6235],[-80.7712,36.6163],[-80.775,36.6186],[-80.7791,36.6141],[-80.7805,36.6121],[-80.781,36.6085],[-80.7974,36.6063],[-80.8069,36.6054],[-80.8115,36.6053],[-80.8154,36.6058],[-80.8175,36.6065],[-80.8224,36.6098],[-80.8382,36.6015],[-80.8416,36.5989],[-80.8422,36.5978],[-80.8427,36.5945],[-80.8433,36.5936],[-80.845,36.5927],[-80.8525,36.5907],[-80.8544,36.5896],[-80.856,36.5875],[-80.8571,36.5848],[-80.8579,36.5819],[-80.8582,36.577],[-80.8578,36.576],[-80.8558,36.5735],[-80.859,36.5701],[-80.8674,36.5724],[-80.87,36.5729],[-80.8724,36.5728],[-80.8755,36.5715],[-80.8797,36.5686],[-80.8892,36.5732],[-80.8923,36.5743],[-80.8953,36.5748],[-80.8978,36.5745],[-80.9003,36.5737],[-80.9027,36.5726],[-80.9068,36.5699],[-80.9099,36.5669],[-80.9111,36.5652],[-80.9119,36.5635],[-80.9123,36.5619],[-80.9119,36.5606],[-80.9088,36.5568],[-80.9084,36.5557],[-80.9089,36.554],[-80.9109,36.5518],[-80.9132,36.5503],[-80.9191,36.5475],[-80.9172,36.5427],[-80.9218,36.54],[-80.9243,36.5391],[-80.9267,36.5388],[-80.9318,36.5391],[-80.9346,36.5326],[-80.9352,36.5284],[-80.9357,36.5175],[-80.9366,36.5122],[-80.9387,36.508],[-80.9418,36.5057],[-80.946,36.504],[-80.9543,36.5013],[-80.9569,36.4998],[-80.9578,36.4976],[-80.9579,36.4942],[-80.9665,36.496],[-80.9835,36.4741],[-80.989,36.4622],[-81.0079,36.4651],[-81.0451,36.4292],[-81.0625,36.4338],[-81.0709,36.4356],[-81.0721,36.4423],[-81.081,36.4447],[-81.084,36.4452],[-81.0872,36.445],[-81.0927,36.443],[-81.0987,36.4393],[-81.1105,36.4312],[-81.1154,36.4289],[-81.1179,36.4287],[-81.1221,36.4292],[-81.1245,36.4291],[-81.131,36.4266],[-81.1458,36.4186],[-81.165,36.4362],[-81.1839,36.4313],[-81.1858,36.4208],[-81.1928,36.4212],[-81.198,36.3961],[-81.2004,36.3909],[-81.2015,36.3898],[-81.2053,36.3882],[-81.2161,36.4015],[-81.229,36.3944],[-81.235,36.3918],[-81.2391,36.3911],[-81.2469,36.3905],[-81.2565,36.3882],[-81.2592,36.388],[-81.2607,36.3883],[-81.2647,36.3902],[-81.2713,36.3868],[-81.2771,36.3831],[-81.279,36.3809],[-81.282,36.3762],[-81.2837,36.3745],[-81.2854,36.3738],[-81.2911,36.3729],[-81.2968,36.3703],[-81.3001,36.3693],[-81.3057,36.3689],[-81.3186,36.3696],[-81.3207,36.3758],[-81.3332,36.3737],[-81.3455,36.3709],[-81.3571,36.3672],[-81.3627,36.3648],[-81.3678,36.3622],[-81.3715,36.3588],[-81.3738,36.3542],[-81.3749,36.3426],[-81.3739,36.3318],[-81.3715,36.3243],[-81.368,36.318],[-81.3619,36.3113],[-81.3612,36.3093],[-81.3615,36.3049],[-81.3633,36.2996],[-81.3715,36.2822],[-81.4108,36.2942],[-81.4151,36.2827],[-81.4188,36.277],[-81.4307,36.2685],[-81.4461,36.2601],[-81.4573,36.2524],[-81.4597,36.2488],[-81.4623,36.2422],[-81.4834,36.2435],[-81.4863,36.2329],[-81.5032,36.2396],[-81.5048,36.2212],[-81.5196,36.2262],[-81.5342,36.2303],[-81.5433,36.2317],[-81.5524,36.2324],[-81.5606,36.2318],[-81.5654,36.2305],[-81.5699,36.2286],[-81.5737,36.2265],[-81.5764,36.2244],[-81.5773,36.2231],[-81.5781,36.2192],[-81.5975,36.2177],[-81.605,36.2007],[-81.6091,36.1858],[-81.6138,36.1705],[-81.6198,36.1583],[-81.6272,36.1478],[-81.6343,36.1418],[-81.6418,36.1365],[-81.6534,36.1423],[-81.6636,36.1482],[-81.6679,36.1527],[-81.6715,36.1572],[-81.7294,36.1373],[-81.7442,36.134],[-81.7584,36.1315],[-81.7697,36.1284],[-81.7756,36.1256],[-81.778,36.124],[-81.78,36.1222],[-81.7816,36.1201],[-81.7827,36.1166],[-81.7829,36.1124],[-81.7817,36.0987],[-81.7965,36.1003],[-81.8037,36.1007],[-81.8102,36.0998],[-81.8155,36.0976],[-81.82,36.0944],[-81.8296,36.0852],[-81.8505,36.0609],[-81.8747,36.0292],[-81.8911,36.0045],[-81.8923,35.9994],[-81.8921,35.9911],[-81.8928,35.9882],[-81.8937,35.9871],[-81.8971,35.9849],[-81.9056,35.9883],[-81.9166,35.9774],[-81.9249,35.9794],[-81.9277,35.9797],[-81.9305,35.9794],[-81.9343,35.9776],[-81.9383,35.9746],[-81.946,35.9676],[-81.9495,35.9649],[-81.9598,35.9599],[-81.9555,35.9427],[-81.9541,35.9343],[-81.955,35.9267],[-81.9591,35.9206],[-81.9722,35.9101],[-81.9775,35.9044],[-81.983,35.8921],[-81.987,35.8794],[-81.9953,35.8775],[-81.998,35.8771],[-82.0005,35.8773],[-82.0027,35.878],[-82.0048,35.8792],[-82.0106,35.8835],[-82.0208,35.8807],[-82.0258,35.8783],[-82.0334,35.8713],[-82.0481,35.8524],[-82.0566,35.8554],[-82.0593,35.856],[-82.0619,35.856],[-82.0641,35.8551],[-82.0701,35.8498],[-82.0726,35.8487],[-82.0771,35.8485],[-82.0823,35.8492],[-82.0993,35.8529],[-82.1006,35.8435],[-82.1021,35.8405],[-82.1056,35.837],[-82.1221,35.8263],[-82.1689,35.7867],[-82.1596,35.7798],[-82.1681,35.7734],[-82.1643,35.7706],[-82.173,35.7629],[-82.181,35.7549],[-82.1844,35.7495],[-82.1872,35.7439],[-82.1919,35.738],[-82.2096,35.7262],[-82.2582,35.7009],[-82.2735,35.7078],[-82.3359,35.7479],[-82.387,35.6826],[-82.3946,35.6971],[-82.4119,35.6835],[-82.4207,35.6782],[-82.4251,35.6768],[-82.4344,35.6757],[-82.4387,35.6749],[-82.4423,35.6732],[-82.4453,35.6701],[-82.4474,35.6661],[-82.4526,35.6525],[-82.4735,35.6679],[-82.4808,35.6595],[-82.4887,35.651],[-82.4953,35.6426],[-82.4993,35.6344],[-82.4996,35.6277],[-82.498,35.621],[-82.4957,35.6144],[-82.4928,35.608],[-82.4896,35.6026],[-82.4809,35.5921],[-82.4774,35.5871],[-82.476,35.5822],[-82.4766,35.5781],[-82.4785,35.574],[-82.4809,35.5699],[-82.4838,35.5665],[-82.4864,35.564],[-82.488,35.5631],[-82.493,35.5619],[-82.4944,35.561],[-82.4958,35.558],[-82.4973,35.5443],[-82.4992,35.54],[-82.5046,35.5342],[-82.5121,35.5287],[-82.5202,35.5235],[-82.5282,35.5194],[-82.5421,35.5147],[-82.5562,35.5111],[-82.5578,35.4977],[-82.5923,35.5001],[-82.6017,35.4752],[-82.6124,35.4745],[-82.6177,35.4739],[-82.6228,35.4723],[-82.6278,35.4684],[-82.6367,35.4567],[-82.6417,35.4512],[-82.6479,35.4476],[-82.6576,35.4471],[-82.6694,35.4489],[-82.6818,35.4519],[-82.6936,35.4541],[-82.7036,35.4537],[-82.7104,35.451],[-82.7225,35.4421],[-82.7272,35.4378],[-82.73,35.4344],[-82.7312,35.4304],[-82.7416,35.4176],[-82.7568,35.4018],[-82.769,35.3916],[-82.782,35.3816],[-82.7916,35.3722],[-82.7941,35.3663],[-82.7951,35.3606],[-82.7974,35.3556],[-82.8005,35.353],[-82.8126,35.3466],[-82.8148,35.3445],[-82.815,35.3433],[-82.8137,35.3396],[-82.8137,35.3381],[-82.8162,35.3333],[-82.8311,35.3154],[-82.84,35.3204],[-82.8434,35.3213],[-82.8492,35.3212],[-82.8558,35.32],[-82.8625,35.3181],[-82.8683,35.3159],[-82.8732,35.3128],[-82.8774,35.3092],[-82.8822,35.3063],[-82.8894,35.305],[-82.8975,35.3047],[-82.9042,35.3036],[-82.9062,35.3024],[-82.9108,35.298],[-82.9129,35.2972],[-82.9188,35.297],[-82.9427,35.3032],[-82.9497,35.3067],[-82.9571,35.3157],[-82.9631,35.3275],[-82.9685,35.3401],[-82.9754,35.351],[-82.9918,35.3652],[-83.0098,35.3773],[-83.0169,35.3813],[-83.032,35.3885],[-83.0384,35.3924],[-83.0431,35.397],[-83.0456,35.4022],[-83.0468,35.4145],[-83.0471,35.4202],[-83.0458,35.4247],[-83.0444,35.4269],[-83.0424,35.4287],[-83.0355,35.4332],[-83.0619,35.4322],[-83.07,35.4326],[-83.0769,35.4342],[-83.0814,35.4368],[-83.0852,35.4403],[-83.095,35.4521],[-83.1174,35.4457],[-83.1177,35.4585],[-83.1418,35.4569],[-83.1404,35.48],[-83.1468,35.4812],[-83.1487,35.4818],[-83.1504,35.4828],[-83.152,35.4846],[-83.1531,35.4871],[-83.1555,35.4955],[-83.1597,35.5117],[-83.1776,35.5083],[-83.1831,35.5078],[-83.1877,35.5083],[-83.1903,35.5095],[-83.1962,35.5158],[-83.1989,35.5177],[-83.2047,35.5204],[-83.212,35.523],[-83.2274,35.5272],[-83.2342,35.5273],[-83.2392,35.5257],[-83.244,35.5227],[-83.2526,35.5164],[-83.2565,35.515],[-83.2591,35.5152],[-83.2615,35.516],[-83.2684,35.5194],[-83.2731,35.51],[-83.2807,35.516],[-83.2858,35.5211],[-83.301,35.5052]]},"properties":{"id":"routes-and-regions-blue-ridge-parkway-2","layer":"routes-and-regions","name":"Blue Ridge Parkway","sourceFolder":"Regions, travel routes, and significant pre-war roads"}},{"type":"Feature","id":"routes-and-regions-virgin-street","geometry":{"type":"LineString","coordinates":[[-119.8128,39.5253],[-119.8133,39.5269],[-119.8137,39.5282],[-119.8157,39.5347]]},"properties":{"id":"routes-and-regions-virgin-street","layer":"routes-and-regions","name":"Virgin Street","sourceFolder":"Regions, travel routes, and significant pre-war roads"}},{"type":"Feature","id":"routes-and-regions-commercial-row-2","geometry":{"type":"LineString","coordinates":[[-119.8177,39.5275],[-119.8164,39.5277],[-119.8162,39.5278],[-119.8151,39.528],[-119.8149,39.528],[-119.8138,39.5282],[-119.8137,39.5282],[-119.8126,39.5285],[-119.8122,39.5284],[-119.8112,39.5286]]},"properties":{"id":"routes-and-regions-commercial-row-2","layer":"routes-and-regions","name":"Commercial Row","sourceFolder":"Regions, travel routes, and significant pre-war roads"}},{"type":"Feature","id":"routes-and-regions-second-street","geometry":{"type":"LineString","coordinates":[[-119.8198,39.5257],[-119.8133,39.5269],[-119.8086,39.5278]]},"properties":{"id":"routes-and-regions-second-street","layer":"routes-and-regions","name":"Second Street","sourceFolder":"Regions, travel routes, and significant pre-war roads"}},{"type":"Feature","id":"routes-and-regions-first-street","geometry":{"type":"LineString","coordinates":[[-71.097768,42.346245],[-71.097419,42.346249]]},"properties":{"id":"routes-and-regions-first-street","layer":"routes-and-regions","name":"First Street","sourceFolder":"Regions, travel routes, and significant pre-war roads"}},{"type":"Feature","id":"routes-and-regions-second-street-2","geometry":{"type":"LineString","coordinates":[[-71.097419,42.346249],[-71.097426,42.346501]]},"properties":{"id":"routes-and-regions-second-street-2","layer":"routes-and-regions","name":"Second Street","sourceFolder":"Regions, travel routes, and significant pre-war roads"}},{"type":"Feature","id":"routes-and-regions-third-street","geometry":{"type":"LineString","coordinates":[[-71.097426,42.346501],[-71.097775,42.346496]]},"properties":{"id":"routes-and-regions-third-street","layer":"routes-and-regions","name":"Third Street","sourceFolder":"Regions, travel routes, and significant pre-war roads"}},{"type":"Feature","id":"routes-and-regions-home-street","geometry":{"type":"LineString","coordinates":[[-71.097775,42.346496],[-71.097768,42.346245]]},"properties":{"id":"routes-and-regions-home-street","layer":"routes-and-regions","name":"Home Street","sourceFolder":"Regions, travel routes, and significant pre-war roads"}},{"type":"Feature","id":"routes-and-regions-unnamed-623","geometry":{"type":"LineString","coordinates":[[-71.0978,42.3462],[-71.0981,42.346],[-71.098,42.3457],[-71.0982,42.3457]]},"properties":{"id":"routes-and-regions-unnamed-623","layer":"routes-and-regions","name":null,"sourceFolder":"Regions, travel routes, and significant pre-war roads"}},{"type":"Feature","id":"routes-and-regions-travel-route","geometry":{"type":"LineString","coordinates":[[-71.1192,42.3874],[-71.1193,42.3863],[-71.1201,42.3778],[-71.1189,42.3746],[-71.1189,42.3741],[-71.1189,42.3737],[-71.1187,42.3734],[-71.1183,42.3732],[-71.1164,42.3727],[-71.1158,42.3724],[-71.1129,42.37],[-71.1089,42.3685]]},"properties":{"id":"routes-and-regions-travel-route","layer":"routes-and-regions","name":"Travel route","sourceFolder":"Regions, travel routes, and significant pre-war roads"}},{"type":"Feature","id":"routes-and-regions-unnamed-625","geometry":{"type":"LineString","coordinates":[[-113.6967,35.1592],[-113.6935,35.1541],[-113.6901,35.1495],[-113.687,35.1471],[-113.6836,35.145],[-113.6763,35.1411],[-113.6733,35.1389],[-113.6706,35.1363],[-113.6685,35.1335],[-113.6669,35.1293],[-113.6633,35.0688],[-113.6635,34.9981],[-113.6661,34.9846],[-113.6694,34.9736],[-113.6707,34.9629],[-113.668,34.9521],[-113.6633,34.9415],[-113.6597,34.9311],[-113.6573,34.9032],[-113.6407,34.8614],[-113.625,34.8193],[-113.6251,34.8036],[-113.6257,34.7894],[-113.6147,34.7522],[-113.6149,34.7205],[-113.612,34.7025],[-113.5867,34.6728],[-113.5172,34.5982],[-113.4918,34.5737],[-113.4829,34.5709],[-113.4668,34.5705],[-113.4588,34.568],[-113.4467,34.5561],[-113.4351,34.5387],[-113.4217,34.5197],[-113.4053,34.5024],[-113.3607,34.4821],[-113.3068,34.4633],[-113.2528,34.439],[-113.1914,34.3773],[-113.1248,34.3075],[-113.0743,34.2519],[-113.069,34.2359],[-113.0688,34.222],[-113.0662,34.2085],[-113.0606,34.1929],[-112.9957,34.1493],[-112.9006,34.0883],[-112.746,33.9911],[-112.7356,33.9812],[-112.7276,33.9711],[-112.6987,33.9288],[-112.6551,33.8726],[-112.4756,33.7377],[-112.3035,33.6123],[-112.2348,33.5791],[-112.0496,33.4773]]},"properties":{"id":"routes-and-regions-unnamed-625","layer":"routes-and-regions","name":null,"sourceFolder":"Regions, travel routes, and significant pre-war roads"}},{"type":"Feature","id":"routes-and-regions-unnamed-626","geometry":{"type":"LineString","coordinates":[[-114.4699,36.5807],[-114.4792,36.5899],[-114.4827,36.5953],[-114.4839,36.6019],[-114.4831,36.6175],[-114.4848,36.6245],[-114.4896,36.6302],[-114.5032,36.6403],[-114.509,36.6458],[-114.5162,36.6586],[-114.5219,36.6721]]},"properties":{"id":"routes-and-regions-unnamed-626","layer":"routes-and-regions","name":null,"sourceFolder":"Regions, travel routes, and significant pre-war roads"}},{"type":"Feature","id":"routes-and-regions-unnamed-627","geometry":{"type":"LineString","coordinates":[[-122.8412,41.6079],[-122.3983,41.3717],[-122.3178,41.3176],[-122.3111,41.3124],[-122.311,41.3122]]},"properties":{"id":"routes-and-regions-unnamed-627","layer":"routes-and-regions","name":null,"sourceFolder":"Regions, travel routes, and significant pre-war roads"}},{"type":"Feature","id":"routes-and-regions-unnamed-628","geometry":{"type":"LineString","coordinates":[[-123.752,41.6787],[-123.3889,41.6737],[-122.8412,41.6079]]},"properties":{"id":"routes-and-regions-unnamed-628","layer":"routes-and-regions","name":null,"sourceFolder":"Regions, travel routes, and significant pre-war roads"}},{"type":"Feature","id":"routes-and-regions-unnamed-629","geometry":{"type":"LineString","coordinates":[[-80.5037,39.685],[-80.5111,39.689],[-80.5151,39.6904],[-80.52,39.6911],[-80.5305,39.6912],[-80.5334,39.6971],[-80.535,39.7019],[-80.5386,39.7025],[-80.5412,39.7026]]},"properties":{"id":"routes-and-regions-unnamed-629","layer":"routes-and-regions","name":null,"sourceFolder":"Regions, travel routes, and significant pre-war roads"}},{"type":"Feature","id":"routes-and-regions-fire-breather-physical-exam-route","geometry":{"type":"LineString","coordinates":[[-81.6358,38.3552],[-81.635,38.3547],[-81.6354,38.3545],[-81.6347,38.3539],[-81.634,38.353],[-81.6303,38.3506],[-81.6239,38.3453],[-81.6203,38.3428],[-81.6166,38.3407],[-81.617,38.3401],[-81.6169,38.339],[-81.616,38.338],[-81.6131,38.3369],[-81.612,38.3366],[-81.6117,38.337],[-81.6113,38.3375],[-81.6112,38.339],[-81.611,38.3405],[-81.6123,38.3426],[-81.6157,38.3468],[-81.6176,38.3485],[-81.6231,38.352],[-81.6267,38.3529],[-81.6298,38.3537],[-81.6311,38.3543],[-81.6316,38.3552],[-81.6332,38.3558],[-81.635,38.3558],[-81.6358,38.3552]]},"properties":{"id":"routes-and-regions-fire-breather-physical-exam-route","layer":"routes-and-regions","name":"Fire Breather physical exam route","sourceFolder":"Regions, travel routes, and significant pre-war roads"}},{"type":"Feature","id":"routes-and-regions-trans-alaskan-pipeline","geometry":{"type":"LineString","coordinates":[[-148.399864,70.22645],[-147.729698,69.299351],[-147.422081,68.200595],[-147.378136,66.649117],[-147.861534,64.60086],[-148.564659,62.790481],[-149.201866,62.538236],[-149.619347,62.176341],[-149.707237,61.815252],[-149.547935,61.737318],[-149.229332,61.36311],[-148.949518,60.903696],[-148.92002,60.809333],[-148.696967,60.631705],[-148.520395,60.472898],[-148.341139,60.376396],[-148.03245,60.306504],[-147.788005,60.289064],[-147.180382,60.335721],[-146.526695,60.430736],[-145.391971,60.666195],[-142.643028,61.053571],[-139.478966,60.818745],[-137.018028,60.506548],[-134.161583,59.906092],[-130.426231,58.119175],[-127.306114,55.894495],[-125.768028,55.047623],[-121.900841,54.208165],[-119.615685,53.820847],[-117.5942,53.193616],[-114.825645,52.583783],[-111.485802,51.584671],[-108.058067,49.57591],[-103.463036,48.369851],[-100.933434,47.965015],[-94.108389,46.884637],[-92.631064,46.886628],[-92.112764,46.768153]]},"properties":{"id":"routes-and-regions-trans-alaskan-pipeline","layer":"routes-and-regions","name":"Trans-Alaskan Pipeline","sourceFolder":"Regions, travel routes, and significant pre-war roads","note":"The Trans-Alaskan Pipeline was an important oil pipeline cutting through Alaska down into the continental United States. During the Resource Wars, the US established the Anchorage Front Line to protect their pipeline and all of the oil from any outside attack. When the Chinese invaded Alaska in the winter of 2066, the Americans fought back with their new superweapon; power armor, and the Trans-Ala"}},{"type":"Feature","id":"routes-and-regions-overhead-pipeline","geometry":{"type":"LineString","coordinates":[[-115.092611,36.136024],[-115.079931,36.135977],[-115.079609,36.122255],[-115.06504,36.122272],[-115.058654,36.115133],[-115.030386,36.108534],[-114.960843,36.104271],[-114.942938,36.11025],[-114.935358,36.118611],[-114.931717,36.120954],[-114.928265,36.121024],[-114.925552,36.120911],[-114.923827,36.120106],[-114.921676,36.11844],[-114.921032,36.117053],[-114.920539,36.115303]]},"properties":{"id":"routes-and-regions-overhead-pipeline","layer":"routes-and-regions","name":"Overhead pipeline","sourceFolder":"Regions, travel routes, and significant pre-war roads"}},{"type":"Feature","id":"routes-and-regions-overhead-pipeline-2","geometry":{"type":"LineString","coordinates":[[-115.079931,36.135977],[-115.079943,36.142152]]},"properties":{"id":"routes-and-regions-overhead-pipeline-2","layer":"routes-and-regions","name":"Overhead pipeline","sourceFolder":"Regions, travel routes, and significant pre-war roads"}},{"type":"Feature","id":"routes-and-regions-trans-siberian-railway","geometry":{"type":"LineString","coordinates":[[131.9187,43.1358],[131.9606,43.1681],[132.0814,43.2681],[132.1182,43.3009],[132.0928,43.3771],[132.0129,43.5833],[131.972,43.695],[131.936,43.7995],[132.0986,43.9484],[132.5441,44.3475],[132.7994,44.5698],[133.0492,44.7942],[134.3647,46.5757],[134.694,47.1311],[134.9828,47.6216],[134.9853,48.0522],[134.9828,48.4735],[134.0437,48.5876],[132.1664,48.8181],[131.2035,48.9375],[130.0831,49.8704],[128.6913,51.0077],[127.3173,52.1091],[126.2377,52.9492],[125.1873,53.3155],[124.2519,53.6355],[123.2916,53.7042],[122.2647,53.7757],[121.3159,53.8401],[120.6052,53.6156],[119.865,53.3785],[119.0307,53.1078],[113.4716,52.0666],[112.7991,51.8526],[112.2251,51.6708],[111.6259,51.482],[110.4075,51.5921],[108.9722,51.7268],[107.6049,51.8499],[106.4415,51.5847],[105.243,51.308],[104.0453,51.0282],[103.1664,51.6322],[104.2959,52.3051],[102.6762,53.2785],[99.4332,55.1584],[98.0913,55.9091],[96.8531,55.9463],[94.3518,56.018],[92.9497,56.0566],[88.0358,55.5235],[82.7325,54.9365],[79.5195,54.9176],[76.3417,54.9005],[73.3282,54.886],[71.367,55.4947],[69.2997,56.132],[67.311,56.7318],[65.5938,57.2403],[64.2656,57.1435],[62.9368,57.0448],[61.6517,56.9458],[60.4522,56.8579],[59.1271,57.2146],[57.7497,57.5873],[56.2993,57.9701],[53.05,58.2671],[49.5318,58.5825],[47.276,58.5028],[42.5393,58.3315],[40.9405,58.2718],[40.6439,58.1023],[40.1374,57.8067],[39.8418,57.6306],[37.6148,55.7614]]},"properties":{"id":"routes-and-regions-trans-siberian-railway","layer":"routes-and-regions","name":"Trans-Siberian Railway","sourceFolder":"Regions, travel routes, and significant pre-war roads"}},{"type":"Feature","id":"routes-and-regions-trans-siberian-railway-2","geometry":{"type":"LineString","coordinates":[[49.5318,58.5825],[47.6738,57.8438],[45.8139,57.0911],[44.0371,56.3594],[41.9383,56.1633],[39.7768,55.9621],[37.6148,55.7614]]},"properties":{"id":"routes-and-regions-trans-siberian-railway-2","layer":"routes-and-regions","name":"Trans-Siberian Railway","sourceFolder":"Regions, travel routes, and significant pre-war roads"}},{"type":"Feature","id":"routes-and-regions-trans-siberian-railway-3","geometry":{"type":"LineString","coordinates":[[60.4522,56.8579],[49.1001,55.8015],[37.6148,55.7614]]},"properties":{"id":"routes-and-regions-trans-siberian-railway-3","layer":"routes-and-regions","name":"Trans-Siberian Railway","sourceFolder":"Regions, travel routes, and significant pre-war roads"}},{"type":"Feature","id":"routes-and-regions-train-tracks","geometry":{"type":"LineString","coordinates":[[-71.0834,42.3415],[-71.0897,42.3363],[-71.0937,42.3328],[-71.0952,42.3316],[-71.0974,42.3299],[-71.1004,42.3286],[-71.107,42.3269],[-71.1159,42.3253],[-71.1446,42.3218],[-71.1819,42.3191],[-71.197,42.3189],[-71.208,42.3191],[-71.2158,42.3196],[-71.2209,42.321]]},"properties":{"id":"routes-and-regions-train-tracks","layer":"routes-and-regions","name":"Train tracks","sourceFolder":"Regions, travel routes, and significant pre-war roads"}},{"type":"Feature","id":"routes-and-regions-train-tracks-2","geometry":{"type":"LineString","coordinates":[[-71.0684,41.9808],[-71.0668,42.0042],[-71.0671,42.0237],[-71.069,42.0288],[-71.0719,42.0334],[-71.0795,42.0439],[-71.0864,42.0554],[-71.0872,42.0646],[-71.0874,42.0737],[-71.0905,42.0826],[-71.0943,42.0915],[-71.1008,42.1124],[-71.1017,42.1336],[-71.1039,42.1468],[-71.1072,42.1569],[-71.1096,42.1613],[-71.1098,42.1635],[-71.1099,42.1667],[-71.1105,42.1691],[-71.115,42.1863],[-71.1182,42.1937],[-71.1197,42.1951],[-71.1228,42.1968],[-71.1301,42.2012],[-71.1324,42.2035],[-71.1475,42.2127],[-71.1576,42.2201],[-71.1706,42.2291],[-71.1745,42.2331],[-71.1774,42.2372],[-71.1792,42.2411],[-71.1802,42.2452],[-71.18,42.2561],[-71.1795,42.2731],[-71.1812,42.281],[-71.185,42.286],[-71.1948,42.294],[-71.203,42.301],[-71.2065,42.3074],[-71.2097,42.3131],[-71.2117,42.3157],[-71.2142,42.318],[-71.2209,42.321],[-71.2302,42.3256],[-71.2318,42.3268],[-71.2345,42.3297],[-71.2372,42.3337],[-71.2389,42.34],[-71.2397,42.3468],[-71.2397,42.3577],[-71.239,42.363],[-71.2376,42.3676],[-71.2365,42.3736],[-71.2368,42.3749],[-71.2371,42.3764],[-71.2369,42.3791],[-71.2372,42.3811],[-71.2373,42.3839],[-71.2386,42.3884],[-71.2437,42.3938],[-71.247,42.4006],[-71.2502,42.4064],[-71.2551,42.411],[-71.26,42.4159],[-71.2624,42.4191],[-71.2637,42.4215],[-71.2641,42.4254],[-71.2657,42.4385],[-71.2667,42.4463],[-71.2694,42.45],[-71.2765,42.4573],[-71.2794,42.4615],[-71.2805,42.4655],[-71.2805,42.4736],[-71.279,42.4846],[-71.2788,42.4852],[-71.2785,42.4856],[-71.2779,42.4857],[-71.2769,42.4858],[-71.2759,42.4858],[-71.275,42.4855],[-71.2739,42.4851],[-71.2731,42.4846],[-71.2708,42.4825],[-71.2649,42.4771],[-71.2626,42.4762],[-71.2581,42.4759],[-71.2514,42.4776],[-71.2409,42.4795],[-71.2184,42.4845],[-71.2115,42.4859],[-71.2064,42.4863],[-71.2038,42.4871],[-71.2014,42.4883],[-71.199,42.4902],[-71.1965,42.4927],[-71.1832,42.5088],[-71.174,42.5185],[-71.1692,42.5226],[-71.1651,42.5267],[-71.163,42.5306],[-71.162,42.5348],[-71.1621,42.5413],[-71.1633,42.548],[-71.1676,42.5596],[-71.1741,42.5763],[-71.1855,42.6026],[-71.1956,42.6269],[-71.2073,42.6468],[-71.2117,42.663]]},"properties":{"id":"routes-and-regions-train-tracks-2","layer":"routes-and-regions","name":"Train tracks","sourceFolder":"Regions, travel routes, and significant pre-war roads"}},{"type":"Feature","id":"routes-and-regions-train-tracks-3","geometry":{"type":"LineString","coordinates":[[-115.1778,35.9583],[-115.1776,35.9803],[-115.1774,35.9878],[-115.1781,35.9908],[-115.1796,35.9933],[-115.1829,35.9953],[-115.1872,35.9965],[-115.1913,35.9971],[-115.1959,35.9972],[-115.2004,35.9969],[-115.206,35.9958],[-115.2117,35.9942],[-115.2191,35.9919],[-115.2265,35.99],[-115.2326,35.9898],[-115.2387,35.99],[-115.2413,35.9939],[-115.2421,35.9965],[-115.2413,35.9988],[-115.2383,36.003],[-115.2144,36.0479],[-115.2019,36.071],[-115.2002,36.0745],[-115.1992,36.0787],[-115.1952,36.0963],[-115.1895,36.1087],[-115.1767,36.1279],[-115.1595,36.1541],[-115.148,36.1717],[-115.1437,36.1796],[-115.1416,36.1817],[-115.1384,36.1834],[-115.1344,36.1846],[-115.1256,36.1864],[-115.1028,36.1879],[-115.083,36.1929],[-115.0655,36.1981],[-115.0568,36.2001],[-115.0531,36.2016],[-115.0519,36.2035],[-115.0508,36.2058],[-115.0504,36.212],[-115.0507,36.2181],[-115.0512,36.2197],[-115.0525,36.2203],[-115.0544,36.2206],[-115.0574,36.2218],[-115.0582,36.2229],[-115.0583,36.2239],[-115.0578,36.2246],[-115.0566,36.2256],[-115.0553,36.226],[-115.0545,36.2265],[-115.0432,36.2369],[-115.037,36.2417],[-115.0369,36.242],[-115.0362,36.2439]]},"properties":{"id":"routes-and-regions-train-tracks-3","layer":"routes-and-regions","name":"Train tracks","sourceFolder":"Regions, travel routes, and significant pre-war roads"}},{"type":"Feature","id":"routes-and-regions-train-tracks-4","geometry":{"type":"LineString","coordinates":[[-115.8344,35.7286],[-115.8926,35.7281],[-115.8994,35.7286],[-115.9017,35.7291],[-115.9042,35.7305],[-115.9061,35.7327],[-115.9068,35.7349],[-115.9068,35.7363],[-115.9064,35.7379],[-115.9055,35.7393],[-115.9054,35.7422],[-115.9056,35.7803]]},"properties":{"id":"routes-and-regions-train-tracks-4","layer":"routes-and-regions","name":"Train tracks","sourceFolder":"Regions, travel routes, and significant pre-war roads"}},{"type":"Feature","id":"routes-and-regions-train-tracks-5","geometry":{"type":"LineString","coordinates":[[-115.9068,35.7349],[-115.9077,35.7337],[-115.9097,35.733],[-115.9132,35.7326],[-115.9177,35.7325],[-115.9212,35.7322],[-115.9234,35.7315],[-115.9257,35.7304],[-115.9285,35.7301],[-115.9318,35.731],[-115.9337,35.7318],[-115.9632,35.7428]]},"properties":{"id":"routes-and-regions-train-tracks-5","layer":"routes-and-regions","name":"Train tracks","sourceFolder":"Regions, travel routes, and significant pre-war roads"}},{"type":"Feature","id":"routes-and-regions-train-tracks-6","geometry":{"type":"LineString","coordinates":[[-80.0001,40.4506],[-79.999,40.4507],[-79.9984,40.4506],[-79.9974,40.45],[-79.997,40.4494],[-79.9953,40.4469],[-79.9945,40.4458],[-79.9928,40.4434],[-79.9923,40.442],[-79.9928,40.4411],[-79.9961,40.4363],[-79.9993,40.4313]]},"properties":{"id":"routes-and-regions-train-tracks-6","layer":"routes-and-regions","name":"Train tracks","sourceFolder":"Regions, travel routes, and significant pre-war roads"}},{"type":"Feature","id":"routes-and-regions-train-tracks-7","geometry":{"type":"LineString","coordinates":[[-80.0064,40.4494],[-80.0049,40.4495],[-80.0019,40.4502],[-80.0001,40.4506],[-79.9982,40.4511],[-79.9966,40.4517],[-79.9949,40.4529],[-79.9924,40.4546],[-79.9912,40.4558],[-79.9903,40.4563],[-79.9899,40.4565],[-79.989,40.4569],[-79.9874,40.4577]]},"properties":{"id":"routes-and-regions-train-tracks-7","layer":"routes-and-regions","name":"Train tracks","sourceFolder":"Regions, travel routes, and significant pre-war roads"}},{"type":"Feature","id":"routes-and-regions-train-tracks-8","geometry":{"type":"LineString","coordinates":[[-115.0568,36.2001],[-115.0434,36.2026],[-115.0365,36.2049],[-115.0245,36.2093],[-115.0176,36.2104],[-115.0069,36.2104],[-114.9888,36.2105],[-114.9824,36.2113],[-114.9768,36.2124],[-114.9698,36.2153],[-114.9655,36.2162],[-114.9609,36.2167],[-114.9478,36.2173],[-114.9395,36.2174],[-114.932,36.217],[-114.9253,36.2156],[-114.9149,36.2138],[-114.9095,36.2136],[-114.9047,36.2143],[-114.8963,36.2166],[-114.893,36.2177],[-114.8903,36.2191],[-114.8887,36.2206],[-114.8862,36.2248],[-114.885,36.2254],[-114.8832,36.2257],[-114.8767,36.2259],[-114.8735,36.2256],[-114.8716,36.2251],[-114.8684,36.2235],[-114.8659,36.2221],[-114.8634,36.2199],[-114.8607,36.2151],[-114.858,36.2083],[-114.8542,36.2009],[-114.8481,36.1939],[-114.8245,36.1829],[-114.7917,36.17],[-114.7384,36.151],[-114.7332,36.1483],[-114.7299,36.146],[-114.7268,36.1423],[-114.7236,36.1406],[-114.7191,36.1397],[-114.7159,36.1378],[-114.7127,36.1375]]},"properties":{"id":"routes-and-regions-train-tracks-8","layer":"routes-and-regions","name":"Train tracks","sourceFolder":"Regions, travel routes, and significant pre-war roads"}},{"type":"Feature","id":"routes-and-regions-train-tracks-9","geometry":{"type":"LineString","coordinates":[[-77.2337,39.7294],[-78.6834,40.1864],[-79.0611,40.2481],[-79.4639,40.3105],[-79.8028,40.3624],[-79.9883,40.3935],[-79.9974,40.4002],[-80.0035,40.4065],[-80.0075,40.4118],[-80.0097,40.4157],[-80.011,40.4179],[-80.0111,40.4183],[-80.011,40.4187],[-80.0103,40.4193],[-80.0067,40.4211]]},"properties":{"id":"routes-and-regions-train-tracks-9","layer":"routes-and-regions","name":"Train tracks","sourceFolder":"Regions, travel routes, and significant pre-war roads"}},{"type":"Feature","id":"routes-and-regions-train-tracks-10","geometry":{"type":"LineString","coordinates":[[-115.2768,35.3732],[-115.2772,35.369],[-115.2762,35.3635],[-115.2739,35.3596],[-115.2703,35.356],[-115.2626,35.3506]]},"properties":{"id":"routes-and-regions-train-tracks-10","layer":"routes-and-regions","name":"Train tracks","sourceFolder":"Regions, travel routes, and significant pre-war roads"}},{"type":"Feature","id":"routes-and-regions-train-tracks-11","geometry":{"type":"LineString","coordinates":[[-115.236078,35.674935],[-115.236227,35.682388]]},"properties":{"id":"routes-and-regions-train-tracks-11","layer":"routes-and-regions","name":"Train tracks","sourceFolder":"Regions, travel routes, and significant pre-war roads"}},{"type":"Feature","id":"routes-and-regions-train-tracks-12","geometry":{"type":"LineString","coordinates":[[-115.0369,36.242],[-115.0369,36.2424],[-115.0363,36.2439]]},"properties":{"id":"routes-and-regions-train-tracks-12","layer":"routes-and-regions","name":"Train tracks","sourceFolder":"Regions, travel routes, and significant pre-war roads"}},{"type":"Feature","id":"routes-and-regions-train-tracks-13","geometry":{"type":"LineString","coordinates":[[-115.1699,35.5671],[-115.1417,35.5726],[-115.1278,35.5758],[-115.1148,35.5795],[-115.1053,35.5833],[-115.097,35.5878],[-115.0896,35.5935],[-115.0839,35.5996],[-115.0819,35.6033],[-115.0805,35.6076],[-115.0728,35.6424],[-115.0724,35.6487],[-115.0713,35.6581],[-115.0692,35.6703],[-115.0653,35.6813],[-115.0596,35.6888],[-115.0526,35.6954],[-115.0463,35.7001],[-115.0437,35.7015],[-115.0388,35.7031],[-115.0259,35.7062],[-115.0184,35.7092],[-115.0115,35.713],[-115.0065,35.7167],[-115.0026,35.7208],[-115.0004,35.7246],[-114.999,35.7286],[-114.9988,35.7387],[-114.9979,35.7427],[-114.9963,35.7466],[-114.9885,35.7557],[-114.9843,35.761],[-114.9806,35.7667],[-114.9787,35.7724],[-114.9777,35.7781],[-114.9776,35.7871],[-114.9763,35.7923]]},"properties":{"id":"routes-and-regions-train-tracks-13","layer":"routes-and-regions","name":"Train tracks","sourceFolder":"Regions, travel routes, and significant pre-war roads"}},{"type":"Feature","id":"routes-and-regions-train-tracks-14","geometry":{"type":"LineString","coordinates":[[-77.7226,39.3242],[-77.7256,39.3243],[-77.7281,39.3244],[-77.7307,39.3246],[-77.7328,39.3252],[-77.7355,39.3267],[-77.7387,39.3273],[-77.7424,39.3285],[-77.7491,39.3313],[-77.7515,39.3329],[-77.7554,39.3333],[-77.7647,39.3363]]},"properties":{"id":"routes-and-regions-train-tracks-14","layer":"routes-and-regions","name":"Train tracks","sourceFolder":"Regions, travel routes, and significant pre-war roads"}},{"type":"Feature","id":"routes-and-regions-train-tracks-15","geometry":{"type":"LineString","coordinates":[[-77.7256,39.3243],[-77.7282,39.3238],[-77.729,39.3234],[-77.7295,39.3226],[-77.731,39.322],[-77.7425,39.321],[-77.745,39.3207],[-77.7474,39.3193],[-77.7528,39.3151],[-77.7573,39.3109],[-77.7592,39.3073],[-77.7604,39.3068],[-77.7623,39.3066],[-77.7657,39.3073],[-77.7671,39.3068],[-77.7689,39.3055],[-77.7704,39.3037],[-77.773,39.2991]]},"properties":{"id":"routes-and-regions-train-tracks-15","layer":"routes-and-regions","name":"Train tracks","sourceFolder":"Regions, travel routes, and significant pre-war roads"}},{"type":"Feature","id":"routes-and-regions-monorail","geometry":{"type":"LineString","coordinates":[[-77.1766,39.1256],[-77.1831,39.1283],[-77.1894,39.1315],[-77.1954,39.137],[-77.2014,39.1434],[-77.2189,39.1594],[-77.2251,39.1665],[-77.2302,39.1749],[-77.236,39.1965],[-77.2388,39.2182],[-77.2386,39.2226],[-77.2375,39.2298],[-77.2381,39.2334],[-77.241,39.2376],[-77.2503,39.2459],[-77.2539,39.2504],[-77.2565,39.2564],[-77.258,39.2628],[-77.259,39.2703],[-77.2586,39.2892],[-77.2567,39.3116],[-77.2577,39.33],[-77.2613,39.3366],[-77.2659,39.3419],[-77.269,39.3482],[-77.2689,39.3613],[-77.2621,39.3922],[-77.2518,39.4421],[-77.2504,39.4572],[-77.251,39.4721],[-77.2538,39.4867],[-77.2627,39.4988],[-77.2887,39.5223],[-77.2971,39.5343],[-77.2986,39.5452],[-77.297,39.5563],[-77.2948,39.5675],[-77.2947,39.579],[-77.3034,39.6065],[-77.3146,39.6324],[-77.3214,39.6467],[-77.327,39.6609],[-77.3308,39.6843],[-77.3325,39.709],[-77.3325,39.7539]]},"properties":{"id":"routes-and-regions-monorail","layer":"routes-and-regions","name":"Monorail","sourceFolder":"Regions, travel routes, and significant pre-war roads"}},{"type":"Feature","id":"routes-and-regions-monorail-2","geometry":{"type":"LineString","coordinates":[[-76.7307,39.0259],[-76.9278,39.056],[-77.064,39.0947],[-77.1766,39.1256],[-77.1977,39.1269],[-77.2152,39.1258],[-77.2371,39.124],[-77.2586,39.1201],[-77.2783,39.1129],[-77.2971,39.1049],[-77.3307,39.0945],[-77.3431,39.0898],[-77.3468,39.0888],[-77.3503,39.0885],[-77.3531,39.089],[-77.3556,39.0898],[-77.3581,39.0911],[-77.3632,39.0946],[-77.3723,39.102],[-77.3819,39.1122],[-77.3902,39.1241],[-77.3966,39.1453],[-77.4003,39.1698],[-77.4062,39.1907],[-77.4122,39.2009],[-77.4193,39.2093],[-77.4291,39.218],[-77.4603,39.233],[-77.5004,39.2499],[-77.5422,39.2657],[-77.6794,39.3051]]},"properties":{"id":"routes-and-regions-monorail-2","layer":"routes-and-regions","name":"Monorail","sourceFolder":"Regions, travel routes, and significant pre-war roads"}},{"type":"Feature","id":"routes-and-regions-monorail-3","geometry":{"type":"LineString","coordinates":[[-115.1607,36.1369],[-115.1415,36.1373],[-115.1264,36.137],[-115.1238,36.1366],[-115.1221,36.1359],[-115.1206,36.134],[-115.1197,36.1317],[-115.1193,36.1255],[-115.1183,36.0934],[-115.119,36.0871],[-115.12,36.0863],[-115.1219,36.0862],[-115.1371,36.0864]]},"properties":{"id":"routes-and-regions-monorail-3","layer":"routes-and-regions","name":"Monorail","sourceFolder":"Regions, travel routes, and significant pre-war roads"}},{"type":"Feature","id":"routes-and-regions-monorail-4","geometry":{"type":"LineString","coordinates":[[-118.2533,34.0587],[-118.2432,34.0521],[-118.2408,34.0503],[-118.2392,34.0492]]},"properties":{"id":"routes-and-regions-monorail-4","layer":"routes-and-regions","name":"Monorail","sourceFolder":"Regions, travel routes, and significant pre-war roads","note":"** Visible in Season 2, episode 1 of the Fallout TV show. **"}},{"type":"Feature","id":"routes-and-regions-boston-mta-monorail","geometry":{"type":"LineString","coordinates":[[-70.9963,42.255],[-71.0007,42.2573],[-71.0026,42.2591],[-71.0039,42.2609],[-71.0072,42.2631],[-71.0143,42.2665],[-71.0247,42.273],[-71.034,42.2804],[-71.0398,42.2845],[-71.0422,42.286],[-71.0428,42.2871],[-71.0443,42.2925],[-71.0463,42.2966],[-71.0487,42.3005],[-71.0527,42.3043],[-71.054,42.3072],[-71.0536,42.3098],[-71.0515,42.3147],[-71.0515,42.317],[-71.0526,42.3197],[-71.0551,42.3237],[-71.0603,42.3294],[-71.0636,42.333],[-71.0652,42.3355],[-71.0653,42.337],[-71.0642,42.3388],[-71.0618,42.3435],[-71.0606,42.3463],[-71.0599,42.3497],[-71.0597,42.3503],[-71.0589,42.3518],[-71.0578,42.3525],[-71.0557,42.3531],[-71.0542,42.3538],[-71.0521,42.3549],[-71.0514,42.3556],[-71.0512,42.3562],[-71.0512,42.3571],[-71.0518,42.3586],[-71.0521,42.3597],[-71.0525,42.3603],[-71.0529,42.3607],[-71.0537,42.3611],[-71.0555,42.362],[-71.0564,42.3625],[-71.0575,42.3632],[-71.0605,42.3663],[-71.0647,42.3701],[-71.0669,42.3717],[-71.0739,42.3759],[-71.0762,42.3788],[-71.0768,42.3803],[-71.0766,42.384],[-71.0773,42.3859],[-71.0837,42.3913],[-71.086,42.3938],[-71.0952,42.4013],[-71.1024,42.4092],[-71.1045,42.4123],[-71.1071,42.4151],[-71.1117,42.4175],[-71.1145,42.4189],[-71.1183,42.4191],[-71.1249,42.4192],[-71.1348,42.4172],[-71.1528,42.4155],[-71.2038,42.4173],[-71.2096,42.4175],[-71.2143,42.418],[-71.2237,42.4213],[-71.2341,42.4221],[-71.2458,42.4223]]},"properties":{"id":"routes-and-regions-boston-mta-monorail","layer":"routes-and-regions","name":"Boston MTA Monorail","sourceFolder":"Regions, travel routes, and significant pre-war roads"}},{"type":"Feature","id":"routes-and-regions-boston-mta-monorail-2","geometry":{"type":"LineString","coordinates":[[-71.2552,42.4488],[-71.2582,42.4416],[-71.2601,42.4343],[-71.2565,42.4189],[-71.259,42.406],[-71.2623,42.3939],[-71.2627,42.384],[-71.2695,42.3697],[-71.2705,42.3653],[-71.2707,42.3618],[-71.2705,42.36],[-71.2689,42.3566],[-71.2632,42.3501],[-71.2624,42.3468]]},"properties":{"id":"routes-and-regions-boston-mta-monorail-2","layer":"routes-and-regions","name":"Boston MTA Monorail","sourceFolder":"Regions, travel routes, and significant pre-war roads"}},{"type":"Feature","id":"routes-and-regions-ncr-railroad","geometry":{"type":"LineString","coordinates":[[-114.7733,35.9803],[-114.7732,35.9876],[-114.7736,35.9947],[-114.7754,36.0015],[-114.7777,36.0073],[-114.7789,36.0097],[-114.7804,36.0115],[-114.7842,36.013],[-114.7882,36.0139],[-114.7916,36.014],[-114.7955,36.0136],[-114.8014,36.0124],[-114.8076,36.0105],[-114.8169,36.0076],[-114.8208,36.0055],[-114.8233,36.0032],[-114.8275,35.9978],[-114.8426,35.9867],[-114.8445,35.985],[-114.8453,35.9831],[-114.8489,35.9746],[-114.8496,35.9736],[-114.8502,35.973],[-114.851,35.9726],[-114.8521,35.9722],[-114.8555,35.971],[-114.8595,35.97],[-114.8699,35.9692],[-114.8763,35.9689],[-114.8797,35.9696],[-114.8821,35.9703],[-114.8848,35.9716],[-114.8901,35.9757],[-114.8955,35.981],[-114.9043,35.9911],[-114.9189,36.0067],[-114.9388,36.0212],[-114.9493,36.0289],[-114.9594,36.0353],[-114.9655,36.0377],[-114.9713,36.0394],[-114.9768,36.041],[-114.9821,36.0421],[-114.9892,36.0424],[-114.9998,36.0412],[-115.0104,36.0399],[-115.0174,36.039],[-115.0182,36.0387],[-115.0311,36.0345],[-115.0406,36.0324],[-115.0504,36.0309],[-115.0658,36.0311],[-115.0738,36.0293],[-115.0793,36.0276],[-115.0862,36.025],[-115.0901,36.0231],[-115.0972,36.019],[-115.0998,36.017],[-115.1033,36.0145],[-115.1178,36.0038],[-115.162,35.9722],[-115.1689,35.9672],[-115.1737,35.9649],[-115.1757,35.9636],[-115.1773,35.9621],[-115.1776,35.9612],[-115.1778,35.9583],[-115.1778,35.9541],[-115.1783,35.9494],[-115.1794,35.9468],[-115.181,35.9441],[-115.1883,35.9354],[-115.1966,35.9238],[-115.2053,35.9116],[-115.2112,35.9033],[-115.2183,35.893],[-115.2243,35.8837],[-115.2305,35.877],[-115.2372,35.871],[-115.2445,35.8666],[-115.2529,35.8601],[-115.2749,35.8396],[-115.2806,35.8345],[-115.2867,35.8287],[-115.2909,35.8222],[-115.2985,35.8087],[-115.3021,35.7981],[-115.3103,35.7886],[-115.3198,35.7725],[-115.3217,35.768],[-115.322,35.7656],[-115.3217,35.7618],[-115.3205,35.7576],[-115.3186,35.7535],[-115.3151,35.7494],[-115.3055,35.7414],[-115.2951,35.7308],[-115.2836,35.7211],[-115.2642,35.7137],[-115.258,35.7101],[-115.2522,35.7059],[-115.2472,35.7009],[-115.2422,35.693],[-115.2385,35.6838],[-115.2361,35.6749],[-115.2355,35.6648],[-115.2363,35.655],[-115.2368,35.6411],[-115.2382,35.6348],[-115.2415,35.63],[-115.2456,35.6257],[-115.249,35.6209],[-115.2509,35.6134],[-115.2516,35.605],[-115.2517,35.5969],[-115.251,35.5866],[-115.249,35.5768],[-115.2461,35.5705],[-115.2425,35.5643],[-115.2404,35.5576],[-115.2409,35.5488],[-115.2434,35.5394],[-115.2463,35.5308],[-115.2493,35.5228],[-115.2537,35.5154],[-115.2601,35.5093],[-115.268,35.5033],[-115.2741,35.4972],[-115.277,35.4919],[-115.2787,35.4864],[-115.2794,35.4814],[-115.2793,35.4782],[-115.2785,35.4752],[-115.2771,35.4721],[-115.2706,35.4637],[-115.2643,35.4568],[-115.2625,35.4547],[-115.2616,35.4528],[-115.261,35.4503],[-115.2619,35.4273],[-115.2584,35.3998],[-115.2588,35.3961],[-115.2594,35.3946],[-115.2604,35.393],[-115.2632,35.39],[-115.2698,35.3849],[-115.2726,35.3817],[-115.274,35.3787],[-115.2768,35.3732],[-115.2788,35.371],[-115.2813,35.3689],[-115.2905,35.3631],[-115.2937,35.3604],[-115.3124,35.3393],[-115.316,35.3362],[-115.3254,35.3312],[-115.3296,35.3278],[-115.3344,35.3208],[-115.3372,35.3175],[-115.3578,35.3003],[-115.3636,35.296],[-115.3695,35.2926],[-115.378,35.2897],[-115.3866,35.2873],[-115.392,35.2855],[-115.3972,35.2843],[-115.4083,35.2847],[-115.4188,35.2825],[-115.4291,35.2796],[-115.4384,35.2764],[-115.4524,35.2708],[-115.4681,35.2629],[-115.4842,35.2501],[-115.4976,35.2383],[-115.5055,35.2324],[-115.5087,35.2287],[-115.5102,35.226],[-115.5112,35.2233],[-115.5113,35.2206],[-115.511,35.2192],[-115.5066,35.2138],[-115.5061,35.2101],[-115.5061,35.2016],[-115.5026,35.1913],[-115.5023,35.1878],[-115.5035,35.1844],[-115.5111,35.1729],[-115.5261,35.1409],[-115.5476,35.1039],[-115.5815,35.0711],[-115.6146,35.0432],[-115.626,35.0308],[-115.6379,35.0198],[-115.6675,35.0026],[-115.698,34.9886],[-115.7235,34.9833],[-115.7278,34.9811],[-115.7314,34.9785],[-115.7364,34.9762],[-115.7573,34.9719],[-115.7854,34.9684],[-115.8123,34.9666],[-115.8327,34.9706],[-115.8528,34.9762],[-115.8748,34.984],[-115.9571,35.0235],[-116.0018,35.042],[-116.0543,35.0451],[-116.1097,35.0467],[-116.164,35.0466],[-116.3064,35.0429],[-116.31,35.0425],[-116.3124,35.0417],[-116.3137,35.0407],[-116.3158,35.0378],[-116.3172,35.0368],[-116.3188,35.0365],[-116.3227,35.0366],[-116.3247,35.0363],[-116.3283,35.0344],[-116.3361,35.0289],[-116.3398,35.0271],[-116.3423,35.0269],[-116.3469,35.0273],[-116.3489,35.0273],[-116.3551,35.0245],[-116.357,35.0247],[-116.3591,35.0255],[-116.368,35.032],[-116.3753,35.0349],[-116.3829,35.0372],[-116.3916,35.0386],[-116.394,35.0395],[-116.3959,35.0409],[-116.4002,35.0468],[-116.4086,35.0456],[-116.4126,35.0456],[-116.4153,35.0464],[-116.4205,35.049],[-116.4233,35.0496],[-116.4267,35.0491],[-116.4304,35.0477],[-116.4378,35.0445],[-116.4447,35.0419],[-116.4511,35.0387],[-116.4597,35.0307],[-116.4899,35.0185],[-116.4994,35.0126],[-116.509,35.0054],[-116.5189,34.9988],[-116.529,34.9943],[-116.5388,34.9931],[-116.5492,34.9936],[-116.5588,34.9944],[-116.5657,34.9943],[-116.5678,34.9938],[-116.5715,34.992],[-116.6958,34.9377],[-116.7103,34.9309],[-116.7243,34.9254],[-116.7621,34.9172],[-116.8023,34.9092],[-116.8291,34.9019],[-116.849,34.8951],[-116.8527,34.8931],[-116.8559,34.8905],[-116.8633,34.8819],[-116.872,34.8706],[-116.8784,34.8633],[-116.8801,34.8624],[-116.8812,34.8622],[-116.8926,34.8623],[-116.9097,34.8639],[-116.925,34.8667],[-116.937,34.8722],[-116.9472,34.8774],[-116.9543,34.8792],[-116.9607,34.8801],[-116.9681,34.8807],[-116.9753,34.8821],[-116.9839,34.8842],[-116.9911,34.8868],[-116.9947,34.8887],[-117.0001,34.8933],[-117.0036,34.8991],[-117.0051,34.9006],[-117.0073,34.9017],[-117.0098,34.9024],[-117.0154,34.9034],[-117.0218,34.9041],[-117.0281,34.9043],[-117.0363,34.9035],[-117.0764,34.8944],[-117.0805,34.893],[-117.0969,34.883],[-117.1001,34.8816],[-117.11,34.8782],[-117.1487,34.8604],[-117.1595,34.854],[-117.1707,34.8469],[-117.1805,34.8399],[-117.1866,34.8338],[-117.1877,34.8315],[-117.1883,34.8251],[-117.1899,34.8211],[-117.1922,34.8173],[-117.1973,34.8127],[-117.2025,34.8088],[-117.2064,34.806],[-117.2299,34.7957],[-117.2567,34.7858],[-117.2617,34.7848],[-117.266,34.7845],[-117.27,34.7835],[-117.2744,34.7809],[-117.2832,34.774],[-117.3053,34.7621],[-117.3128,34.7589],[-117.3149,34.7572],[-117.3169,34.7548],[-117.3244,34.7426],[-117.3314,34.7287],[-117.3333,34.7225],[-117.3347,34.7162],[-117.341,34.6918],[-117.3462,34.6713],[-117.347,34.667],[-117.3462,34.6531],[-117.3472,34.6458],[-117.3459,34.6352],[-117.3438,34.6184],[-117.3414,34.6081],[-117.3408,34.6058],[-117.34,34.6041],[-117.3335,34.595],[-117.3319,34.5929],[-117.3312,34.5897],[-117.331,34.5841],[-117.3305,34.5814],[-117.3288,34.5781],[-117.3274,34.5767],[-117.3251,34.5754],[-117.3192,34.5731],[-117.317,34.5717],[-117.3161,34.5704],[-117.3146,34.5662],[-117.3102,34.5617],[-117.3046,34.554],[-117.299,34.5426],[-117.2982,34.5414],[-117.2903,34.5358],[-117.2862,34.5317],[-117.2824,34.5239],[-117.2795,34.5147],[-117.2782,34.5082],[-117.2787,34.5054],[-117.2827,34.4993],[-117.2829,34.4975],[-117.2825,34.4938],[-117.2809,34.4848],[-117.2817,34.4797],[-117.2792,34.4713],[-117.2791,34.4688],[-117.2801,34.4666],[-117.2819,34.4643],[-117.2956,34.4478],[-117.2968,34.4446],[-117.3015,34.4209],[-117.3077,34.3939],[-117.3106,34.3869],[-117.3139,34.3814],[-117.3173,34.377],[-117.3192,34.3751],[-117.3213,34.3736],[-117.3234,34.3728],[-117.3309,34.3715],[-117.3469,34.3661],[-117.3517,34.3654],[-117.3598,34.3616],[-117.3644,34.3608],[-117.3666,34.3594],[-117.371,34.3559],[-117.3759,34.3536],[-117.3877,34.3501],[-117.3926,34.3478],[-117.3959,34.345],[-117.3975,34.3425],[-117.399,34.3406],[-117.4036,34.3376],[-117.4065,34.3354],[-117.4087,34.3321],[-117.4106,34.3299],[-117.4139,34.3282],[-117.4212,34.3266],[-117.4283,34.3257],[-117.4306,34.3258],[-117.4326,34.327],[-117.4336,34.3285],[-117.4345,34.3315],[-117.4368,34.334],[-117.44,34.336],[-117.4428,34.3364],[-117.4462,34.3356],[-117.4505,34.3342],[-117.4539,34.3326],[-117.4562,34.33],[-117.4569,34.3295],[-117.4583,34.3293],[-117.4638,34.3297],[-117.4657,34.3295],[-117.4699,34.3282],[-117.4743,34.3262],[-117.4776,34.3243],[-117.4801,34.3212],[-117.4821,34.3191],[-117.486,34.3173],[-117.4864,34.3164],[-117.4863,34.3157],[-117.4851,34.3144],[-117.4822,34.3124],[-117.4793,34.3103],[-117.4746,34.3087],[-117.4709,34.3055],[-117.4633,34.3034],[-117.4619,34.3025],[-117.4601,34.2993],[-117.4568,34.2932],[-117.4557,34.2906],[-117.456,34.2869],[-117.4564,34.2814],[-117.4554,34.2777],[-117.4534,34.2743],[-117.4533,34.273],[-117.4546,34.2713],[-117.4594,34.2681],[-117.4635,34.2665],[-117.4679,34.2639],[-117.4695,34.2625],[-117.4701,34.2616],[-117.4705,34.2598],[-117.4703,34.2584],[-117.469,34.2556],[-117.466,34.2528],[-117.4625,34.2511],[-117.459,34.2501],[-117.4539,34.247],[-117.4487,34.2443],[-117.4436,34.2412],[-117.4388,34.2353],[-117.4364,34.2337],[-117.4311,34.2309],[-117.4247,34.2271],[-117.4119,34.2194],[-117.4087,34.2183],[-117.4026,34.2171],[-117.4003,34.2159],[-117.3962,34.2125],[-117.3932,34.2079],[-117.3919,34.2066],[-117.3888,34.2058],[-117.3834,34.2044],[-117.3791,34.2017],[-117.3711,34.195],[-117.3294,34.1516],[-117.3176,34.1392],[-117.3128,34.1354],[-117.3073,34.132],[-117.3051,34.1303],[-117.3042,34.1291],[-117.3032,34.1266],[-117.3032,34.1202],[-117.3032,34.1078],[-117.3034,34.1066],[-117.3045,34.1055],[-117.3056,34.105],[-117.308,34.1046],[-117.3086,34.1046],[-117.3126,34.1046],[-117.3146,34.1045],[-117.3172,34.1044],[-117.3196,34.1042],[-117.3208,34.1043],[-117.3217,34.1044],[-117.3245,34.1051],[-117.3267,34.1048],[-117.3294,34.1047],[-117.3314,34.1046],[-117.3329,34.1046],[-117.3337,34.1045],[-117.3349,34.104],[-117.336,34.1035],[-117.3409,34.1008],[-117.343,34.0996],[-117.3458,34.0984],[-117.3492,34.0975],[-117.3519,34.0973],[-117.3554,34.0972],[-117.3682,34.0968],[-117.3857,34.0964],[-117.4048,34.0959],[-117.4301,34.0953],[-117.462,34.0945],[-117.4718,34.0943],[-117.541,34.0924],[-117.5633,34.0919],[-117.5778,34.0919],[-117.6006,34.092],[-117.6031,34.092],[-117.611,34.0926],[-117.6264,34.0925],[-117.6293,34.0926],[-117.639,34.0943],[-117.6417,34.0945],[-117.6552,34.0944],[-117.6753,34.0944],[-117.68,34.0939],[-117.6813,34.0939],[-117.7074,34.094],[-117.7266,34.094],[-117.7293,34.094],[-117.7337,34.0938],[-117.7424,34.0938],[-117.7461,34.0936],[-117.7544,34.0937],[-117.7572,34.0942],[-117.7624,34.0955],[-117.7637,34.0958],[-117.7651,34.0961],[-117.7673,34.096],[-117.7697,34.0958],[-117.7799,34.0984],[-117.7888,34.1007],[-117.7902,34.101],[-117.7916,34.1011],[-117.7937,34.1012],[-117.8047,34.1012],[-117.819,34.1012],[-117.8372,34.1012],[-117.8427,34.1012],[-117.8458,34.1004],[-117.8562,34.0969],[-117.8695,34.0925],[-117.8716,34.0921],[-117.882,34.0921],[-117.8983,34.0921],[-117.9352,34.0924],[-117.943,34.0925],[-117.9481,34.0924],[-117.9496,34.0924],[-117.9514,34.0918],[-117.9531,34.0907],[-117.9561,34.0878],[-117.9588,34.0852],[-117.9671,34.0775],[-117.9743,34.0706],[-117.9932,34.0515],[-117.9947,34.0505],[-117.9959,34.0504],[-117.9974,34.0509],[-117.9988,34.0519],[-118.0066,34.0572],[-118.0102,34.0596],[-118.0119,34.0606],[-118.0155,34.0631],[-118.0202,34.0663],[-118.031,34.0738],[-118.0351,34.0766],[-118.0389,34.0789],[-118.048,34.0822],[-118.0607,34.0864],[-118.0876,34.0952],[-118.0941,34.097],[-118.0996,34.0976],[-118.105,34.0965],[-118.1128,34.0938],[-118.1407,34.0819],[-118.145,34.0802],[-118.1497,34.0793],[-118.1612,34.0782],[-118.1643,34.0778],[-118.1656,34.0775],[-118.1675,34.0763],[-118.1698,34.0744],[-118.1743,34.0706],[-118.1764,34.0687],[-118.1788,34.0658],[-118.1806,34.0636],[-118.1818,34.0626],[-118.1833,34.0621],[-118.1847,34.0621],[-118.1864,34.0623],[-118.1986,34.0645],[-118.2028,34.0654],[-118.2051,34.0653],[-118.2072,34.0649],[-118.2098,34.0644],[-118.2112,34.0641],[-118.2146,34.0635],[-118.2234,34.0625],[-118.2299,34.062],[-118.2313,34.0618],[-118.2321,34.0612],[-118.2326,34.0605],[-118.2339,34.058],[-118.2345,34.0568],[-118.2347,34.0561]]},"properties":{"id":"routes-and-regions-ncr-railroad","layer":"routes-and-regions","name":"NCR railroad","sourceFolder":"Regions, travel routes, and significant pre-war roads"}},{"type":"Feature","id":"routes-and-regions-unnamed-659","geometry":{"type":"LineString","coordinates":[[-3.7862,51.5121],[-9.4429,51.2491],[-29.0234,49.1094],[-52.029,46.4684],[-63.8608,42.554],[-75.0441,38.6096]]},"properties":{"id":"routes-and-regions-unnamed-659","layer":"routes-and-regions","name":null,"sourceFolder":"Regions, travel routes, and significant pre-war roads"}},{"type":"Feature","id":"routes-and-regions-unnamed-660","geometry":{"type":"LineString","coordinates":[[-70.6148,42.6593],[-70.5175,42.696],[-70.2532,42.8116],[-69.9884,42.9499],[-69.7144,43.1225],[-69.4171,43.3252],[-69.112,43.5534],[-68.8472,43.7552],[-68.8235,43.787],[-68.8091,43.8126],[-68.7854,43.8425],[-68.6202,43.9326],[-68.4001,44.0458],[-68.2354,44.1354],[-68.2142,44.1715],[-68.1981,44.2026],[-68.1846,44.2332],[-68.1663,44.2785],[-68.1548,44.3178],[-68.1553,44.3335],[-68.1588,44.3478],[-68.1665,44.3695],[-68.1742,44.386],[-68.1756,44.3877],[-68.1766,44.3883],[-68.1795,44.3897],[-68.1871,44.392],[-68.1967,44.3939],[-68.2009,44.3942],[-68.2039,44.3938],[-68.2051,44.39]]},"properties":{"id":"routes-and-regions-unnamed-660","layer":"routes-and-regions","name":null,"sourceFolder":"Regions, travel routes, and significant pre-war roads"}},{"type":"Feature","id":"routes-and-regions-unnamed-661","geometry":{"type":"LineString","coordinates":[[-10.167,51.6333],[-31.8424,49.0278],[-52.029,46.4684],[-63.8581,42.5549],[-75.0441,38.6096]]},"properties":{"id":"routes-and-regions-unnamed-661","layer":"routes-and-regions","name":null,"sourceFolder":"Regions, travel routes, and significant pre-war roads"}},{"type":"Feature","id":"routes-and-regions-boat-to-dry-wells","geometry":{"type":"LineString","coordinates":[[-114.6854,35.491],[-114.6838,35.4919],[-114.6812,35.4927],[-114.6786,35.4926],[-114.677,35.4922],[-114.6756,35.4914],[-114.6738,35.4892],[-114.6725,35.4861],[-114.6719,35.4794],[-114.6712,35.4759],[-114.6693,35.4725],[-114.6635,35.4654],[-114.6569,35.4598],[-114.6489,35.4537],[-114.6417,35.4462],[-114.634,35.432],[-114.6221,35.3992],[-114.6104,35.3655],[-114.5997,35.3399],[-114.5972,35.336],[-114.5962,35.3348],[-114.5948,35.3338],[-114.5934,35.3335],[-114.5879,35.3336]]},"properties":{"id":"routes-and-regions-boat-to-dry-wells","layer":"routes-and-regions","name":"Boat to Dry Wells","sourceFolder":"Regions, travel routes, and significant pre-war roads"}},{"type":"Feature","id":"routes-and-regions-legion-ferry","geometry":{"type":"LineString","coordinates":[[-114.6861,35.4914],[-114.6816,35.4943],[-114.6805,35.4954],[-114.68,35.4965],[-114.6796,35.5005],[-114.6788,35.5057],[-114.6774,35.5114],[-114.6714,35.5206],[-114.6663,35.5294],[-114.6622,35.5398],[-114.6611,35.5468],[-114.6608,35.5545],[-114.6614,35.5619],[-114.6633,35.5679],[-114.6655,35.5709],[-114.6746,35.5776],[-114.6726,35.5814],[-114.6712,35.5833],[-114.6685,35.585],[-114.6614,35.5883],[-114.6586,35.5904],[-114.6567,35.5933],[-114.6554,35.5966],[-114.654,35.6033],[-114.6537,35.6064],[-114.6539,35.6094],[-114.6547,35.6123],[-114.6574,35.6174],[-114.6593,35.6197],[-114.6612,35.6213],[-114.6623,35.6217],[-114.6656,35.6219],[-114.6667,35.6224],[-114.6684,35.6245],[-114.6728,35.6353],[-114.6748,35.6384],[-114.678,35.6412],[-114.6855,35.6458],[-114.688,35.6482],[-114.6892,35.6514],[-114.6892,35.6552],[-114.6861,35.6674],[-114.6824,35.6798],[-114.6813,35.685],[-114.6813,35.6866],[-114.6819,35.6882],[-114.684,35.6904],[-114.6948,35.697],[-114.6977,35.6993],[-114.7002,35.7023],[-114.702,35.7053],[-114.7032,35.7085],[-114.7036,35.7119],[-114.7027,35.7192],[-114.6968,35.7354],[-114.6969,35.7411],[-114.6977,35.7468],[-114.6977,35.7515],[-114.6946,35.7565],[-114.6956,35.7593],[-114.7004,35.7684],[-114.7011,35.7718],[-114.7012,35.7754],[-114.6994,35.7874],[-114.6996,35.7895],[-114.7002,35.7914],[-114.702,35.7947],[-114.7046,35.798],[-114.71,35.8033],[-114.7119,35.8064],[-114.705,35.8137],[-114.7029,35.8162],[-114.7008,35.8224],[-114.6964,35.8285],[-114.6955,35.8307],[-114.6956,35.8328],[-114.6964,35.8341],[-114.7006,35.8382],[-114.7035,35.8436],[-114.7058,35.8478],[-114.7058,35.8499],[-114.7053,35.8512],[-114.7041,35.8521],[-114.7016,35.8531],[-114.6964,35.8538],[-114.6943,35.8542],[-114.6932,35.8547],[-114.6915,35.859],[-114.6903,35.8598],[-114.6854,35.8617],[-114.6796,35.8635],[-114.677,35.8635],[-114.6739,35.8641],[-114.6705,35.8652],[-114.6661,35.8681],[-114.6621,35.8687]]},"properties":{"id":"routes-and-regions-legion-ferry","layer":"routes-and-regions","name":"Legion ferry","sourceFolder":"Regions, travel routes, and significant pre-war roads"}},{"type":"Feature","id":"routes-and-regions-duchess-gambit-route","geometry":{"type":"LineString","coordinates":[[-75.4661,35.5573],[-75.4502,35.5654],[-75.4348,35.5743],[-75.4049,35.5925],[-75.3916,35.6026],[-75.3911,35.6302],[-75.3975,35.7491],[-75.4019,35.7933],[-75.4961,35.9812],[-75.5969,36.1734],[-75.6615,36.2762],[-75.7178,36.3726],[-75.7506,36.4873],[-75.7782,36.5979],[-75.7901,36.6739],[-75.8057,36.7477],[-75.8553,36.8394],[-75.9114,36.9345],[-75.9771,36.9926],[-76.0482,37.0511],[-76.1119,37.1089],[-76.1304,37.1823],[-76.1478,37.2595],[-76.1627,37.3352],[-76.1593,37.4397],[-76.1517,37.5446],[-76.1572,37.7751],[-76.1597,37.8135],[-76.1637,37.8473],[-76.1696,37.8803],[-76.1974,37.9145],[-76.2289,37.95],[-76.2588,37.981],[-76.2822,37.9977],[-76.3053,38.0116],[-76.3229,38.0251],[-76.3295,38.0346],[-76.3377,38.0533],[-76.3548,38.0494],[-76.3723,38.0467],[-76.385,38.0464],[-76.398,38.0473],[-76.4127,38.0503],[-76.443,38.0625],[-76.479,38.0792],[-76.515,38.0978],[-76.5503,38.1246],[-76.5871,38.1528],[-76.6248,38.1783],[-76.6773,38.188],[-76.7341,38.1956],[-76.7889,38.2037],[-76.8365,38.2186],[-76.8825,38.2348],[-76.9215,38.2503],[-76.9385,38.2655],[-76.9531,38.2808],[-76.9675,38.2986],[-76.9786,38.3202],[-76.9993,38.3745],[-77.0095,38.3972],[-77.0179,38.4111],[-77.0214,38.413],[-77.0247,38.4139],[-77.0281,38.4143],[-77.0356,38.4141],[-77.046,38.4124],[-77.0578,38.4089],[-77.0718,38.4041],[-77.1348,38.3777],[-77.1996,38.3535],[-77.2124,38.3511],[-77.2345,38.3497],[-77.244,38.3507],[-77.2515,38.3536],[-77.2649,38.3624],[-77.2706,38.3683],[-77.2785,38.3841],[-77.2855,38.4033],[-77.2904,38.4225],[-77.293,38.4485],[-77.2916,38.4751],[-77.277,38.5097],[-77.2576,38.5449],[-77.2364,38.5662],[-77.213,38.587],[-77.1899,38.6051],[-77.1683,38.6142],[-77.1237,38.6276],[-77.1235,38.6554],[-77.1235,38.667],[-77.1229,38.6725],[-77.1208,38.6775],[-77.1165,38.6822],[-77.1105,38.6864],[-77.1037,38.6903],[-77.096,38.6938],[-77.0839,38.6974],[-77.0555,38.7029],[-77.0452,38.7068],[-77.0412,38.71],[-77.0384,38.7135],[-77.0364,38.7174],[-77.0348,38.7217],[-77.0336,38.7321],[-77.0348,38.7562],[-77.032,38.7855],[-77.0326,38.7913],[-77.0339,38.7928],[-77.0355,38.7937],[-77.0394,38.7947]]},"properties":{"id":"routes-and-regions-duchess-gambit-route","layer":"routes-and-regions","name":"Duchess Gambit route","sourceFolder":"Regions, travel routes, and significant pre-war roads"}},{"type":"Feature","id":"routes-and-regions-duchess-gambit-route-2","geometry":{"type":"LineString","coordinates":[[-75.9114,36.9345],[-75.7889,37.0276],[-75.6469,37.1402],[-75.2907,37.7307],[-74.8586,38.4489],[-73.9467,39.7173],[-73.8277,39.9109],[-73.7229,40.0775],[-73.6199,40.2372],[-73.4194,40.3464],[-73.2065,40.46],[-72.9674,40.5855],[-71.4184,41.0868],[-70.9403,41.1813],[-70.7215,41.2253],[-70.5245,41.2681],[-70.4239,41.3271],[-70.324,41.3898],[-70.2445,41.4167],[-70.1514,41.4438],[-69.9697,41.5024],[-69.8985,41.5271],[-69.8833,41.5686],[-69.8399,41.7079],[-69.8271,41.756],[-69.8776,41.873],[-69.9369,42.0044],[-69.9905,42.1176],[-70.0495,42.1667],[-70.1053,42.2108],[-70.1607,42.2522],[-70.2297,42.2745],[-70.3014,42.2959],[-70.3842,42.3189],[-70.6608,42.351],[-70.9724,42.3836]]},"properties":{"id":"routes-and-regions-duchess-gambit-route-2","layer":"routes-and-regions","name":"Duchess Gambit route","sourceFolder":"Regions, travel routes, and significant pre-war roads"}},{"type":"Feature","id":"routes-and-regions-dancing-betty-route","geometry":{"type":"LineString","coordinates":[[-119.139163,37.990663],[-119.052031,37.99366]]},"properties":{"id":"routes-and-regions-dancing-betty-route","layer":"routes-and-regions","name":"Dancing Betty route","sourceFolder":"Regions, travel routes, and significant pre-war roads"}},{"type":"Feature","id":"routes-and-regions-vertibird-route","geometry":{"type":"LineString","coordinates":[[-123.709322,38.955347],[-124.389888,37.300184]]},"properties":{"id":"routes-and-regions-vertibird-route","layer":"routes-and-regions","name":"Vertibird route","sourceFolder":"Regions, travel routes, and significant pre-war roads"}},{"type":"Feature","id":"routes-and-regions-vertibird-route-2","geometry":{"type":"LineString","coordinates":[[-71.019058,42.36311],[-71.016296,42.358063]]},"properties":{"id":"routes-and-regions-vertibird-route-2","layer":"routes-and-regions","name":"Vertibird route","sourceFolder":"Regions, travel routes, and significant pre-war roads"}},{"type":"Feature","id":"routes-and-regions-vertibird-route-3","geometry":{"type":"LineString","coordinates":[[-80.308311,37.786039],[-74.430396,39.364418]]},"properties":{"id":"routes-and-regions-vertibird-route-3","layer":"routes-and-regions","name":"Vertibird route","sourceFolder":"Regions, travel routes, and significant pre-war roads"}},{"type":"Feature","id":"routes-and-regions-vertibird-route-4","geometry":{"type":"LineString","coordinates":[[-80.308311,37.786039],[-80.000355,40.440164]]},"properties":{"id":"routes-and-regions-vertibird-route-4","layer":"routes-and-regions","name":"Vertibird route","sourceFolder":"Regions, travel routes, and significant pre-war roads"}}]}
