{"type":"Topology","arcs":[[[43954,8549],[94,21],[52,-84],[52,10],[52,11],[21,31],[20,25],[21,17],[21,11],[21,3],[21,-3],[31,-11],[31,-10],[31,10],[-6,35],[-14,71],[-8,39],[-3,34],[3,29],[0,1],[8,23],[13,18],[18,14],[125,-43],[91,30],[80,26],[110,81],[-84,84],[15,37],[22,19],[7,0],[50,-3],[42,42],[93,95],[-31,53],[-125,-21],[-3,45],[-8,128],[17,41],[15,38],[42,-21],[20,16],[14,21],[8,27],[2,24],[-4,47],[-9,44],[62,116]],[[44984,9770],[33,6],[14,-35],[-5,-24],[-21,-21],[7,-21],[35,-21],[41,-31],[21,52],[42,95],[166,10],[-176,137],[-32,32],[-31,-11],[-52,21]],[[45026,9959],[21,95],[57,46],[8,7],[39,31],[20,21],[11,11],[19,-29],[106,-160],[21,42],[62,-42],[32,-43],[69,-11],[55,-10],[-11,109],[-9,81],[96,18],[18,3],[31,-11],[94,-31],[-10,95],[-104,63],[-109,22],[-48,-8],[-20,-4],[-24,13],[-15,8],[-124,68],[-108,59],[-73,94],[-52,32],[-52,53],[-31,31],[-11,49],[-4,20],[-5,34],[-5,40],[1,86],[8,60],[5,38],[1,2],[10,25],[15,21],[19,15],[23,10],[27,3],[30,-3],[12,-22],[18,-34],[46,-90],[28,-54],[66,-52],[28,-21],[42,0],[31,-43],[31,0],[42,0],[14,-30],[14,-21],[27,-14],[18,34],[72,-74],[63,21],[10,-21],[21,-21],[21,7],[40,6],[23,-2],[18,27],[2,36],[-99,50],[-338,171],[-21,29],[-166,234],[10,95],[63,0],[53,-36],[259,-175],[62,21],[-22,51],[-9,20],[-19,44],[-85,191],[24,37],[-3,26],[44,85],[23,44],[26,50]],[[45598,11581],[42,-21],[104,105]],[[45744,11665],[136,-158],[-42,-84],[146,-190],[0,-126],[104,-232],[-11,-37],[-3,-28],[17,-32],[49,3],[41,0],[63,-21],[73,31],[-177,95],[0,84],[-32,32],[0,42],[-20,21],[-16,27],[-9,32],[-4,38],[1,43],[7,49],[-83,127],[0,84],[-73,95]],[[45911,11560],[31,52],[-12,77],[-9,63],[-7,44],[62,-4],[18,-1],[21,0],[21,0],[125,-42],[93,-210],[104,-42],[21,94],[-83,179],[-146,85],[-21,73],[16,26],[23,19],[29,13],[29,-14],[51,17],[46,-10],[14,23],[21,21],[21,-7],[37,25],[5,3],[52,21]],[[46473,12065],[31,-53],[104,-189],[-42,-21],[42,-11],[-21,-73],[52,-11],[13,-22],[24,-19],[24,12],[12,19],[-21,63],[0,42],[-41,10],[-21,95],[31,11],[-16,18],[-22,19],[7,36],[-42,42],[0,127],[104,52],[42,137],[114,74],[92,-239],[10,-22],[31,0],[24,8],[20,53],[-62,189],[0,43],[104,179],[198,126],[0,42],[26,-5],[31,9],[3,33],[-8,26],[73,21],[31,-73],[21,-64],[-21,-52],[-42,-11],[21,-63],[-30,-14],[-21,-14],[-14,-28],[23,-28],[-29,-17],[-22,-24],[-14,-30],[-7,-37],[1,-43],[9,-49],[42,31],[93,53],[-10,-32],[42,-10],[-21,-53],[18,-23],[14,-28],[9,-33],[5,-37],[0,-42],[-5,-47],[-10,-32],[104,-84],[-10,-32],[41,-10],[42,95],[31,31],[73,105],[-27,5],[-25,0],[-20,-5],[-32,-23],[-11,-19],[-27,-8],[-37,0],[-12,21],[-17,124],[83,126],[21,64],[-42,126],[-21,63],[52,11],[73,-116],[11,-53],[31,-31],[32,88],[-2,75],[-14,63],[-28,50],[-39,37],[-53,24],[21,136],[73,43],[62,-22],[52,-136],[83,-85],[-20,-21],[41,-84],[21,-28],[31,11],[-31,101],[0,42],[-42,11],[-41,158],[-21,63],[23,34],[22,24],[23,14],[23,4],[22,-7],[22,-16],[73,-74],[63,0],[4,33],[0,28],[-14,42],[-32,23],[-6,24],[6,30],[29,5],[23,-6],[83,-42],[31,31],[-41,74],[125,0],[0,-42],[73,-42],[31,10],[-21,116],[73,42],[93,-42],[19,74],[16,23],[46,-2],[34,-11],[21,-63],[114,148],[52,21],[167,-127],[62,85],[42,-21],[31,73],[-21,63],[-20,64],[31,73],[62,-21],[63,21],[31,-84],[-42,-10],[31,-11],[19,-13],[13,-18],[7,-23],[3,-26],[-3,-32],[-7,-35],[83,52],[-42,169],[0,42],[31,19],[25,24],[20,28],[15,32],[9,36],[4,40],[73,-21],[73,21],[42,-116],[8,-28],[2,-21],[-10,-25],[-31,0],[10,-31],[-42,-74],[104,-42],[-20,53],[20,63],[-20,21],[83,84],[-42,42],[-4,43],[3,36],[9,29],[15,23],[22,17],[28,10],[115,-42],[20,-105],[-41,-11],[62,-10],[52,-85],[52,95],[-21,63],[21,106],[94,10],[104,21],[10,-52],[32,-32],[20,-21],[146,105],[94,-52],[-42,-22],[115,-52],[62,21],[63,-21],[31,-32],[114,-31],[42,0],[52,-95],[-21,-11],[-21,-21],[7,-21],[-69,-31],[31,-11],[52,-95],[73,-31],[10,-21],[21,-21],[21,7],[21,-39],[218,-179],[94,53],[-41,10],[-105,264],[0,42],[52,94],[32,-31],[31,10],[24,-18],[20,-22],[15,-26],[9,-30],[5,-34],[0,-38],[93,-169],[30,24],[19,23],[7,22],[-4,23],[-15,23],[-26,22],[-73,74],[-10,53],[83,63],[-42,10],[52,106],[84,-43],[10,-52],[21,-63],[31,10],[52,-21],[21,-74],[52,-31],[104,-63],[31,158],[0,42],[73,31],[73,-73],[-21,-21],[52,-11],[11,53],[-42,10],[-21,53],[31,74],[104,-22],[32,-73],[31,10],[31,-73],[-21,-106],[11,-22],[15,-16],[19,-12],[23,-6],[26,-1],[31,5],[-41,116],[0,84],[62,10],[-21,-73],[42,-85],[73,-73],[19,16],[38,6],[19,-9],[19,-18],[19,-27],[-42,-21],[63,-11],[17,-14],[13,-19],[8,-24],[5,-29],[1,-33],[-2,-38],[-32,-32],[-20,35],[-21,7],[-21,-21],[-187,147],[-73,-31],[156,-158],[21,21],[135,-95],[-104,-63]],[[52645,13002],[-73,11],[-42,0],[-93,21],[-11,63],[-10,-32],[-31,11],[-73,-32],[281,-158],[31,0],[10,-24],[-2,-22],[-8,-27],[21,-64],[-21,-42],[-73,-52],[-83,-42],[-146,105],[-31,-32],[94,-95],[31,-31],[42,0],[-21,-105],[6,-23],[-6,-30],[-29,-6],[-23,6],[-63,-21],[-62,21],[-11,-53],[-93,-10],[-115,-32],[24,-22],[29,-17],[33,-12],[36,-6],[41,0],[45,5],[11,-46],[4,-40],[-2,-34],[-8,-29],[-15,-23],[-21,-18],[-187,21],[10,-31],[-31,10],[-73,-42],[-42,-74],[21,-105],[11,-53],[31,-31],[-104,-74],[-188,-221],[-31,-32],[11,-31],[-63,-11],[-31,-84],[-208,42],[-42,42],[-31,-73],[73,-32],[83,0],[28,-21],[19,-21],[8,-21],[-1,-21],[-12,-21],[-21,-21],[-42,21],[-52,-11],[42,-21],[-135,-10],[-21,35],[-21,7],[-21,-21],[-146,105],[-52,-11],[0,-52],[42,-32],[31,11],[42,-21],[52,-74],[0,-42],[21,-63],[0,-42],[-21,-106],[104,-105],[-21,-21],[7,-21],[35,-21],[-31,-74],[-54,10],[-43,2],[-32,-3],[-30,-28],[2,-23],[115,-21],[-10,-32],[52,-10],[10,-53],[-21,-52],[-135,-21],[0,42],[-31,-32],[-32,11],[-114,-21],[-10,42],[-73,-95],[13,-19],[18,-13],[23,-8],[29,-2],[34,2],[39,8],[52,-52],[5,-21],[-9,-34],[-27,2],[31,-32],[0,-136],[-73,-21],[-21,42],[-10,-32],[-31,11],[-37,-7],[-19,22],[-69,69],[-42,63],[-10,-42],[-63,-11],[12,-28],[17,-22],[22,-15],[27,-10],[31,-2],[37,4],[21,-53],[-84,-53],[-20,-84],[-115,-84],[-187,63],[-32,11],[-4,-23],[4,-30],[24,-6],[101,-194],[0,-126],[-93,-53],[-63,21],[-21,-32],[-20,-24],[-21,-18],[-21,-10],[-21,-4],[-21,4],[-83,42],[-36,9],[-48,-2],[-14,-26],[4,-23],[-41,-11],[135,-10],[11,-21],[20,-21],[21,7],[63,-81],[-42,-84],[21,-148],[0,-42],[-156,-73],[-63,21],[-73,-32],[73,-116],[31,-31],[0,-43],[94,-10],[-10,-32],[125,-94],[20,-53],[-47,-49],[-22,-20],[7,-36],[62,-106],[-145,-147],[21,-63],[-42,-63],[-5,-36],[-27,-1],[-20,5],[-52,-95],[-16,-19],[-20,-14],[-26,-10],[-30,-4],[-35,0],[-40,5],[94,-95],[42,43],[31,42],[52,0],[14,30],[14,21],[27,14],[28,-23],[11,52],[156,74],[62,21],[10,-52],[32,10],[62,-21],[31,-32],[0,-84],[42,-10],[21,-95],[0,-42],[-42,-63],[136,-53],[20,-14],[16,-19],[11,-24],[6,-29],[2,-34],[-3,-38],[20,-63],[-62,-105],[-31,-32],[10,-31],[-31,10],[-31,-74],[52,-31],[52,-74],[-63,-147],[21,-64],[-125,-105],[31,-10],[-10,-32],[8,-28],[2,-21],[-10,-25],[-31,0],[10,-31],[-104,-63],[21,-42],[8,-28],[2,-22],[-10,-24],[-31,0],[-11,-53],[-31,-31],[10,-74],[-52,-95],[-62,-42],[-10,-53],[-32,-31],[-52,-84],[-208,-137],[42,-84],[21,-64],[-21,-63],[-31,-31],[10,-74],[-42,-21],[42,-21],[-42,-95],[-197,-21],[-84,42],[-83,-42],[-52,-11],[-31,11],[-73,-21],[-42,-95],[11,-52],[166,84],[84,-42],[31,-32],[114,53],[21,-21],[62,21],[198,-116],[-21,-63],[-52,-32],[94,-63],[21,-53],[5,-20],[-1,-28],[-12,-21],[29,-4],[0,-42],[30,2],[27,-3],[23,-9],[19,-16],[15,-21],[11,-27],[-209,-84],[209,-253],[-21,-147],[21,-64],[156,-94],[31,-74],[5,-33],[0,-28],[-14,-42],[-33,-23],[42,-85],[30,-14],[21,-14],[7,-42],[-16,-14],[20,-63],[-20,-21],[7,-21],[34,-21],[-41,-42],[83,-127],[0,-84],[-31,11],[-63,-21],[11,-74],[0,-32],[-24,-10],[-22,2],[-27,8],[10,-31],[-73,-32],[-114,21],[-11,42],[-41,-63],[29,-7],[11,-39],[-2,-31],[-7,-39],[31,11],[83,-21],[28,-21],[-28,-42],[-62,-42],[31,-64],[52,21],[11,-179],[-52,-31],[-26,-12],[-17,-12],[-10,-25],[21,-25],[-41,-63],[41,-11],[21,-52],[-31,-95],[-62,21],[-52,-95],[20,-105],[-16,-28],[-31,-24],[-31,17],[-15,25],[-11,-53],[-73,-116],[-93,137],[0,42],[-42,63],[-52,32],[-31,84],[-52,0],[-156,158],[-32,32],[-13,30],[-28,33],[-28,-5],[-14,-16],[-62,21],[-32,42],[-52,0],[-10,53],[21,63],[-63,189],[52,32],[52,116],[-72,31],[-42,0],[-10,53],[0,84],[-42,42],[42,84],[-42,85],[-177,136],[-52,-10],[42,-11],[104,-221],[-42,-84],[-10,-31],[31,-32],[30,-21],[21,-21],[11,-21],[3,-21],[-7,-21],[-16,-21],[20,-64],[1,-38],[-8,-19],[-16,-19],[-21,-20],[-29,-19],[-31,31],[21,63],[-42,64],[-41,147],[0,42],[-21,42],[-167,148],[7,23],[-6,30],[-29,5],[-24,-6],[-145,21],[-27,-11],[-20,-15],[-15,-19],[-10,-23],[-3,-27],[2,-31],[-42,-11],[42,-21],[-21,-63],[-114,-31],[10,-32],[-21,-95],[-94,-21],[21,-42],[63,21],[62,-21],[73,-74],[21,-147],[-42,-21],[42,-21],[-21,-63],[0,-42],[21,-106],[-94,-137],[-198,85],[-124,273],[-53,21],[-62,-21],[-42,0],[-62,-21],[-125,42],[-52,32],[8,-28],[2,-21],[-10,-25],[-31,0],[10,-31],[-104,-63],[19,-31],[20,-18],[38,4],[19,21],[19,34],[62,-21],[146,42],[198,-42],[20,-74],[0,-42],[63,-116],[73,-21],[31,-31],[31,10],[12,-22],[17,-18],[22,-13],[27,-8],[31,-4],[37,2],[31,-116],[0,-42],[52,-10],[14,30],[14,21],[28,14],[27,-23],[63,21],[104,-21],[41,42],[334,0],[41,42],[83,0],[281,-200],[-20,-42],[-63,-21],[-83,-63],[-21,-21],[73,-74],[10,42],[219,21],[94,-158],[-86,6],[-77,-2],[-69,-12],[-60,-20],[-51,-29],[-42,-38],[-42,21],[-250,-126],[-62,0]],[[49096,1558],[-133,-101],[-3,-4],[-3,0],[-43,0],[-6,0],[-31,53],[0,42],[-31,73],[-54,-29],[-175,-97],[-73,32],[21,84],[-31,52],[-42,11],[-15,4],[-39,-17],[-24,-43],[-26,-2],[-23,-9],[-29,4],[-31,31],[0,11],[-35,25],[-4,3],[-64,46],[-169,94],[-61,-31],[-14,0],[-49,0],[-136,72],[-35,19],[-27,14],[-41,74],[17,199],[1,13],[-27,16],[-32,-15],[-41,-19],[-33,-15],[-93,10],[-32,32],[-64,26],[-81,-68],[-45,76],[-6,9],[-42,5],[-46,0],[-3,0],[-73,-14],[-144,-7],[-57,-3],[10,-45],[21,-84],[104,-53],[0,-63],[0,-63],[-52,-32],[-32,63],[-36,9],[-126,32],[-4,1],[0,1],[-21,94],[-21,36],[-73,38],[-114,42],[27,-82],[22,-68],[9,-24],[-41,-58],[-8,-20],[-7,-35],[-2,-40],[52,-31],[9,-15],[64,-101],[-11,-74],[-20,-33],[-11,-40],[-17,-8],[-56,-24],[-27,3],[-66,8],[0,-42],[-63,-106],[-4,-36],[34,-91],[42,14],[22,-3],[114,-168],[113,-80],[64,-46],[31,52],[-104,232],[32,53],[34,2],[4,-1],[24,-2],[13,-4],[11,-4],[18,-13],[13,-18],[6,-18],[251,-132],[100,-156],[15,-23],[0,-13],[0,-113],[-79,-23],[-14,-35],[-32,5],[8,-28],[54,-193],[-156,-95],[-7,13],[-45,82],[-11,22],[-15,17],[-19,11],[-22,6],[-27,1],[-34,9],[-18,60],[100,42],[16,26],[-29,46],[-36,29],[-37,9],[-45,-15],[-52,0],[-52,0],[-29,11],[-137,52],[-30,-56],[-37,-68],[-6,-13],[-9,3],[-22,8],[-120,-87],[-26,-18],[-70,-14],[-45,-18],[208,-21],[-31,-10],[35,-25],[30,-29],[25,-34],[1,-4],[13,-56],[21,-24],[11,-50],[20,-63],[12,-34],[9,-29],[-21,-63],[0,-42]],[[46462,137],[-31,-32],[0,-42],[-52,137],[-94,95],[-83,-42],[-35,-24],[-34,7],[-18,15],[-17,23],[-125,-84],[-146,0],[-31,105],[-73,21],[-72,-32],[104,-147],[20,-63],[-72,-32],[-146,21],[-167,169],[-25,-12],[-17,-12],[-10,-25],[21,-25],[-24,-58],[19,-23],[36,7],[-10,-31],[62,-21],[-72,-32],[-8494,0],[-26,33]],[[36850,33],[28,-2],[31,14],[-1,39],[93,21],[42,0],[62,-21],[104,63],[21,-42],[11,32],[31,-11],[31,74],[-218,95],[-105,105],[-333,-84],[11,-32],[-52,-10],[0,-42],[-52,0],[-31,-42],[10,-32],[-10,-22],[-14,-17],[-20,-11],[-25,-6],[-31,-1],[-35,4],[-104,-105],[-21,21],[-21,-21],[-448,0],[-20,53],[31,52],[41,-21],[177,137],[-21,105],[0,42],[53,11],[114,74],[-156,73],[-31,32],[-32,158],[-10,-53],[-21,-52],[-52,-21],[-62,21],[-73,-137],[-52,-32],[-104,-21],[-73,21],[-63,127],[-93,42],[-31,31],[-94,53],[10,31],[-41,11],[-21,53],[21,94],[156,42],[-11,32],[21,74],[-198,-106],[-104,22],[-25,12],[-17,13],[-10,24],[21,24],[-42,11],[-10,41],[10,21],[32,1],[-11,31],[21,64],[21,10],[21,21],[-21,32],[42,84],[114,74],[31,-11],[115,116],[-11,32],[104,63],[-31,95],[-10,-32],[-135,-95],[-73,32],[20,84],[-10,74],[-42,-63],[-36,-7],[-19,22],[-17,79],[-7,37],[22,19],[-22,34],[7,37],[16,14],[-7,42],[-21,14],[-30,14],[21,63],[-42,11],[-42,94],[42,106],[-42,126],[42,84],[-21,84],[21,42],[-21,64],[0,42],[42,84],[42,42],[-42,84],[135,11],[21,-32],[21,-24],[21,-18],[21,-10],[20,-4],[21,4],[63,21],[72,-32],[-20,-63],[41,-32],[0,-52],[115,-116],[31,74],[-30,14],[-21,14],[-14,28],[23,28],[-41,105],[-7,37],[22,19],[6,28],[114,53],[27,14],[22,21],[15,27],[9,32],[3,40],[-3,45],[21,10],[21,22],[-21,31],[21,63],[0,42],[31,-10],[10,31],[0,43],[-31,10],[10,74],[21,116],[-177,42],[-21,35],[-20,7],[-21,-21],[-52,21],[-167,242],[0,84],[-83,126],[-94,137],[-27,-8],[-37,0],[-12,22],[-111,7],[-11,53],[-52,11],[9,19],[-7,39],[-16,19],[-25,19],[-33,19],[20,106],[30,14],[21,14],[7,42],[-16,14],[0,53],[42,31],[30,14],[21,14],[6,42],[-16,14],[52,53],[84,0],[125,-84],[124,63],[42,-63],[52,95],[18,20],[23,15],[27,11],[32,7],[36,2],[41,-3],[15,-32],[16,-21],[31,-10],[32,32],[-21,136],[52,21],[166,-42],[42,-168],[31,32],[73,31],[-10,-31],[41,-11],[21,-95],[115,-73],[10,42],[104,73],[-31,32],[-42,0],[-41,63],[-21,-42],[-63,21],[-31,74],[-10,52],[-35,2],[-11,28],[4,24],[11,31],[114,-21],[10,-22],[21,-21],[21,7],[73,-7],[83,0],[31,74],[-52,11],[-20,42],[-21,-42],[-21,42],[-21,-42],[-62,42],[-21,-42],[-229,105],[-125,0],[-32,25],[-27,28],[-22,33],[-16,37],[-11,42],[-6,45],[-63,32],[21,105],[218,116],[105,-63],[166,0],[63,21],[62,-21],[31,-42],[63,10],[-125,211],[0,84],[31,32],[104,63],[63,-21],[31,31],[135,95],[83,42],[167,-42],[41,0],[32,-31],[31,10],[94,-21],[-167,-200],[115,-31],[83,0],[41,-43],[84,43],[73,-158],[-23,-25],[11,-24],[17,-13],[26,-12],[16,19],[21,14],[25,9],[30,5],[35,0],[39,-5],[42,0],[146,-105],[20,-63],[32,-32],[260,-137],[83,42],[45,4],[38,-4],[32,-10],[24,-18],[17,-24],[11,-32],[166,84],[125,-84],[104,21],[188,190],[41,0],[-10,31],[93,137],[32,42],[135,42],[42,0],[125,0],[124,84],[42,0],[10,43],[157,42],[93,94],[-21,21],[53,11],[25,12],[18,12],[10,25],[-22,25],[52,10],[135,84],[83,222],[-18,16],[-14,21],[-9,26],[-5,30],[0,35],[5,40],[-30,14],[-21,14],[-14,28],[23,28],[-52,11],[10,31],[-20,106],[52,10],[197,-168],[42,-74],[-5,-26],[9,-31],[33,-4],[26,8],[41,137],[73,74],[21,-21],[73,116],[-21,63],[73,-11],[62,106],[28,7],[21,3],[24,-10],[0,-32],[187,168],[32,32],[13,23],[28,19],[28,-19],[14,-23],[83,42],[83,-63],[32,53],[-3,24],[5,25],[13,24],[22,25],[29,24],[38,25],[73,74],[41,0],[73,116],[31,31],[42,0],[73,32],[-23,22],[-28,17],[-34,12],[-39,6],[-45,0],[-50,-5],[0,42],[-31,1],[-10,21],[10,42],[52,21],[167,-85],[93,53],[-208,126],[0,43],[135,136],[38,3],[33,-1],[29,-5],[23,-9],[19,-13],[14,-17],[28,-30],[23,-37],[18,-42],[13,-49],[8,-55],[4,-60],[11,31],[41,84],[-41,85],[0,42],[-94,94],[-21,-21],[-28,19],[-22,20],[-15,19],[-12,39],[77,93],[21,-21],[125,42],[52,95],[41,17],[23,20],[23,3],[30,-2],[39,-7],[31,-126],[80,69],[19,22],[36,-7],[73,-116],[-62,-84],[42,-116],[31,-105],[29,-7],[11,-39],[-2,-31],[-7,-39],[-406,-263],[-52,-74],[31,-31],[84,84],[20,-21],[125,84],[42,0],[83,42],[83,42],[33,5],[28,0],[23,-5],[32,-23],[51,23],[125,0],[14,17],[27,4],[28,-32],[14,-31],[31,-31],[63,42],[-84,126],[0,84],[94,53],[42,-84],[31,73],[-21,74],[73,21],[63,-84],[41,21],[-10,74],[73,31],[20,-63],[73,-42],[0,-42],[84,32],[-21,63],[0,42],[31,31],[52,11],[31,31],[14,31],[14,21],[28,14],[27,-23],[94,21],[21,-53],[-21,-63],[73,-32],[52,95],[-42,11],[-20,94],[31,32],[62,-21],[136,10],[-136,95],[-31,42],[-156,-21],[-52,21],[-52,84],[-167,-84],[-166,0],[-146,63],[-73,-10],[-31,31],[0,-42],[-62,42],[-136,0],[-41,74],[-32,-10],[-52,94],[281,200],[146,0],[28,6],[19,22],[36,-7],[42,0],[104,-21],[10,-21],[21,-21],[21,7],[52,-49],[11,32],[31,-11],[62,21],[83,42],[39,7],[31,2],[23,-3],[22,-37],[31,10],[42,-63],[21,42],[62,-58]],[[43829,8701],[31,-36],[-21,-64],[115,-52]],[[52645,13002],[83,-42],[-68,-35],[-22,19],[7,58]],[[36850,33],[-57,-33],[21,42],[36,-9]],[[41508,29068],[344,-11],[249,-189],[208,-21],[292,-211],[166,-21],[479,105],[115,64],[26,41],[22,49],[16,54],[12,61],[6,68],[1,74],[52,74],[229,-42],[229,0],[281,84],[31,421]],[[44266,29668],[9,1],[2,20],[218,0],[177,-105],[146,-400],[291,-21],[21,-306],[202,-301],[152,-120],[6,-87],[0,-80],[-7,-74],[-14,-67],[-20,-60],[-27,-53],[52,-53],[270,-21],[479,-210],[177,0],[62,-232],[240,-21],[73,-74],[-21,-200],[212,-59],[49,-34],[38,-35],[5,-6],[20,-24],[9,-10],[21,-32],[32,-62],[20,-54],[156,43],[21,147],[177,-21],[156,84],[73,190],[28,0]],[[47771,27331],[55,0],[166,-127],[23,-14],[16,-14],[14,-28],[-11,-28],[31,-31],[94,-11],[73,-74],[31,11],[104,-63],[125,0],[83,-42],[11,-22],[20,-21],[21,7],[94,-28],[14,-30],[14,-21],[27,-14],[28,23],[24,-13],[17,-17],[12,-22],[6,-27],[-1,-32],[-6,-36],[73,21],[49,-7],[45,-10],[40,-16],[36,-19],[32,-25],[27,-28],[187,-21],[84,0],[41,-43],[63,22],[31,-32],[-42,-42],[0,-84],[45,-1],[38,-6],[32,-13],[27,-19],[21,-25],[14,-31],[63,21],[104,-63],[23,4],[29,-4],[0,-42],[218,-64],[188,106],[73,-116],[-3,-23],[4,-22],[12,-23],[19,-23],[27,-23],[34,-23],[32,-42],[72,-21],[84,0],[104,-105],[83,0],[52,-137],[135,-53],[32,-31],[114,-32],[52,-95],[2,-45],[-2,-39],[-8,-35],[-13,-29],[-18,-23],[-23,-18],[41,-85],[63,-31],[-21,-53],[104,-210],[21,-337],[5,-48],[10,-42],[15,-38],[20,-32],[24,-28],[30,-23],[0,-95],[114,85],[32,-32],[145,-74],[-20,-179],[-66,-123],[12,-21],[37,0],[27,8],[10,52],[32,32],[41,0],[63,21],[10,-53],[42,-84],[83,-53],[10,-42],[63,42],[135,-73],[-41,-85],[62,-189],[-21,-84],[52,-32],[31,-74],[0,-42],[21,-63],[-10,-31],[31,-32],[0,-42],[63,-105],[-21,-64],[21,-63],[0,-42],[-32,-31],[-52,-95],[-93,-53],[-125,84],[-32,43],[-145,0],[0,-53],[166,-42],[-135,-53],[-31,-42],[187,-53],[-104,-189],[-21,-11],[-21,-21],[7,-21],[1,-33],[-17,-18],[-22,-11],[-26,-6],[-32,-1],[-36,6],[3,31],[-3,27],[-9,23],[-16,19],[-21,15],[-26,11],[-32,-52],[84,-190],[0,-42],[-63,-137],[-59,6],[-53,-2],[-47,-10],[-40,-18],[-34,-26],[-27,-34],[-208,21],[-63,63],[-187,-63],[-62,21],[-32,0],[-10,24],[3,22],[7,28],[84,84],[-21,21],[-42,32],[-1,39],[6,33],[14,29],[21,24],[28,19],[36,14],[-125,10],[-10,126],[-177,-136],[146,-190],[-31,-74],[-32,1],[-10,-25],[2,-21],[8,-28],[-52,-11],[-145,-147],[-37,9],[-28,2],[-29,-1]],[[50605,21761],[-52,11],[-11,53],[-41,10],[-21,74],[-135,73],[-32,32],[-31,21],[-24,21],[-17,21],[-11,21],[-3,21],[3,21],[-31,32],[-41,18],[-33,27],[-23,35],[-15,45],[-6,54],[3,63],[0,42],[-41,11],[-21,94],[-83,85],[21,21],[-53,10],[11,116],[-125,169],[42,84],[-42,84],[-52,95],[-125,-148],[73,-42],[0,-73],[-83,-43],[52,-10],[-11,-32],[21,-63],[-21,-21],[84,-84],[-42,-32],[-10,-45],[17,-21],[45,3],[94,-95],[-21,-21],[93,-52],[73,-74],[-4,-33],[0,-28],[4,-23],[23,-33],[19,-62],[42,-32],[187,-189],[-31,-32],[-146,85],[-10,-32],[187,-147],[-21,-64],[135,-136],[21,21],[104,-21],[52,-137],[-52,-95],[-125,0],[-104,63],[-31,-63],[-73,-42],[-166,21],[-31,53],[-21,63],[41,84],[-31,-11],[-104,21],[-42,0],[-62,21],[-42,0],[-93,43],[0,-95],[-136,-137],[-104,21],[0,42],[-31,11],[0,231],[0,42],[-135,271],[-31,10],[-21,-28],[41,-84],[0,-42],[42,-11],[-8,-38],[-1,-34],[4,-28],[10,-24],[15,-19],[22,-15],[0,-179],[-136,-42],[-73,53],[21,42],[-41,84],[6,30],[-3,39],[-25,10],[-20,-5],[-62,-190],[-84,21],[-93,253],[-32,-74],[0,-42],[10,-50],[4,-41],[-3,-31],[-8,-22],[-34,-14],[0,-42],[-94,42],[-20,-158],[1,-48],[-27,-18],[-25,3],[-33,11],[-31,105],[-31,-116],[-31,-31],[-63,-21],[-21,63],[-31,31],[-114,-10],[-125,42],[-52,-21],[21,-53],[10,-37],[-2,-49],[-32,-14],[-28,6],[-32,10],[21,-63],[-31,-74],[-83,42],[-42,0],[-46,-4],[-40,1],[-35,8],[-28,13],[-22,20],[-16,25],[-32,-115],[-20,-106],[52,-52],[125,42]],[[47743,21014],[-42,-21],[-42,-42],[-125,0],[-93,-42],[-21,-74],[-21,-21],[38,-25],[29,-24],[22,-25],[13,-24],[5,-25],[-3,-25],[-21,-63],[21,-63],[0,-42],[11,-42],[0,-31],[-10,-21],[-21,-11],[-32,0],[-41,10],[0,42],[-32,0],[-10,25],[2,21],[8,28],[-93,53],[-63,-21],[-104,21],[-10,-53],[145,-105],[-239,-116],[-62,21],[-63,21],[-52,-10],[12,-26],[13,-18],[24,-11],[24,23],[83,-42],[63,21],[83,42],[10,-53],[-73,-31],[11,-32],[-17,-32],[-19,-15],[-27,-16],[21,-21],[-31,-32],[-31,-115],[0,-32],[-24,-11],[-22,3],[-27,8],[-42,0],[-31,0],[-10,24],[2,22],[8,28],[0,42],[-146,10],[-20,74],[-94,53],[-63,-21],[157,-179],[-94,-53],[10,-32],[-73,-31],[-187,147],[-31,0],[-11,25],[3,21],[8,28],[0,42],[-73,32],[-10,-53],[-21,-63],[41,-84],[94,-53],[10,-21],[21,-21],[21,7],[73,-7],[31,-116],[-21,-10],[-20,-22],[6,-21],[-38,-105],[-10,32],[-94,73],[-104,-63],[-62,-21],[-32,32],[21,63],[-41,84],[-11,95],[-27,8],[-37,0],[-12,-21],[-69,-50],[-32,63],[-73,42],[-10,-53],[0,-52],[42,-32],[22,-16],[14,-16],[-7,-47],[-19,-16],[31,-42],[48,-2],[43,-10],[37,-16],[32,-22],[27,-30],[21,-36],[5,-35],[-1,-31],[-6,-26],[-11,-20],[-17,-15],[-22,-9],[-62,21],[-114,115],[-73,32],[-32,-32],[105,-189],[4,-31],[-18,-35],[-22,-4],[-30,4],[-39,13],[-20,74],[-136,137],[-83,0],[-125,105],[-52,-74],[31,-10],[52,-74],[32,11],[187,-106],[-10,-31],[41,-11],[-21,-94],[5,-31],[-17,-35],[-22,-5],[-30,5],[-40,13],[0,-53],[21,-63],[-12,-25],[-13,-18],[-24,-10],[-24,22],[-31,31],[-73,32],[11,-32],[-11,-52],[-166,0],[-94,-95],[21,-21],[-21,-74],[-52,-21],[-73,-42],[-21,-53],[-31,-31],[-52,-53],[21,-105],[-42,-84],[0,-43],[-73,-73],[-21,21],[-62,-21],[-38,-1],[-19,9],[-19,15],[-19,22],[-19,28],[20,106],[-41,105],[-42,32],[-21,115],[0,127],[-21,147],[0,126],[73,74],[21,-21],[135,95],[-20,105],[20,63],[-20,106],[41,84],[-62,31],[21,137],[7,28],[3,22],[-10,24],[-32,0],[-17,23],[-35,22],[-34,-8],[-18,-16],[-73,74],[21,147],[-21,63],[21,63],[-104,106],[21,21],[-21,31],[-21,11],[21,63],[-21,63],[-135,179],[-52,-84],[-156,-63],[-26,12],[-17,13],[-11,24],[23,24],[-32,74],[-52,-179],[-9,-22],[-15,-16],[-20,-12],[-25,-6],[-30,-1],[-36,5],[-62,-22],[-32,-31],[-93,-53],[-42,0],[-62,-21],[-73,116],[-188,116],[-41,158],[0,84],[-21,53],[-52,21],[-62,-21],[-40,-5],[-35,0],[-30,5],[-25,9],[-21,14],[-16,19],[-36,6],[-19,-22],[65,-47],[104,-201],[-83,-126],[31,-31],[63,63],[83,0],[52,-53],[-41,-84],[10,-53],[62,21],[36,5],[30,-1],[25,-6],[20,-12],[15,-16],[10,-22],[-21,-64],[21,-63],[-73,-31],[-42,0],[-62,21],[10,-32],[-73,-31],[-208,42],[-31,-74],[21,-63],[-21,-105],[21,-64],[-21,-147],[-21,-10],[-21,-22],[7,-21],[1,-35],[-20,-18],[-27,-12],[-32,-6],[-39,1],[-46,7],[-83,84],[-21,-21],[-31,0],[52,-105],[27,2],[10,-34],[-6,-21],[0,-42],[21,-115],[-83,-32],[6,-23],[-6,-29],[-29,-6],[-23,5],[-52,-94],[0,-211],[0,-189],[-32,-11],[-62,-147],[-10,52],[-63,11],[-6,45],[-11,42],[-17,37],[-21,33],[-27,29],[-32,24],[-84,-105],[-83,21],[-31,42],[-52,0],[10,-31],[-73,-32],[-10,53],[-42,10],[-10,42],[-63,-42],[-104,42],[-83,-42],[-31,38],[-31,-3],[-16,-18],[-16,-27],[-31,-32],[-52,-95],[0,-84],[-31,-31],[11,-29],[-14,-28],[-16,-14],[-23,-14],[-62,21],[-42,0],[-73,74],[21,21],[-21,105],[-93,53],[-21,-42],[31,0],[10,-24],[-2,-22],[-8,-28],[-21,-10],[-21,-21],[7,-21],[-38,-21],[-41,0],[-11,-53],[-93,-53],[-63,21],[-42,0],[-10,-42],[-104,32],[-5,33],[0,28],[5,23],[23,33],[-33,20],[-11,52],[-62,32],[-42,-137],[42,-105],[-63,-200],[-156,-106],[-146,-21],[-62,21],[-63,-21],[-52,137],[-32,55],[-39,48],[-47,41],[-54,33],[-61,26],[-68,18],[-84,85],[-83,0],[-104,-64],[-28,-23],[-28,14],[-13,21],[-14,30],[-104,-63],[-125,85],[-42,-43],[-250,0],[-17,23],[-35,23],[-34,-9],[-18,-16],[-62,22],[-94,94],[21,21],[-83,127],[-21,10],[-21,21],[7,21],[-7,74],[0,168],[125,169],[31,31],[-10,32],[62,137],[52,21],[63,-21],[31,-32],[52,-10],[23,-5],[30,5],[-1,42],[42,10],[-21,64],[-21,10],[-21,21],[7,21],[-38,21],[10,32],[-41,10],[-63,95],[21,63],[-42,127],[-41,168],[21,63],[114,32],[83,-84],[32,31],[0,116],[23,-8],[31,0],[8,40],[-62,105],[0,42],[187,190],[-7,45],[-1,40],[5,33],[12,27],[18,20],[25,14],[187,-22],[52,-94],[11,-53],[31,-32],[62,43],[-187,273],[21,64],[-62,105],[0,42],[-63,105],[21,148],[-146,210],[-94,74],[-114,116],[-21,147],[104,105],[31,116],[24,-5],[29,6],[6,29],[-6,23],[13,18],[18,13],[23,8],[29,3],[34,-3],[39,-8],[125,-42],[187,127],[62,42],[84,0],[31,-42],[52,0],[34,23],[23,23],[14,23],[4,22],[-7,23],[-16,22],[73,74],[35,-4],[31,1],[25,6],[20,11],[15,17],[9,22],[42,31],[21,116],[0,42],[62,179],[114,42],[26,13],[18,12],[10,25],[-22,24],[41,63],[42,63],[0,42],[42,85],[0,42],[20,42],[84,53],[20,73],[21,63],[-7,28],[-3,22],[10,24],[32,0],[-11,32],[21,94],[42,11],[-21,147],[0,85],[21,105],[0,42],[-42,42],[5,47],[0,42],[-5,37],[-9,33],[-14,28],[-19,24],[-62,105],[-31,32],[0,42],[-32,31],[-93,221],[-31,32],[-63,105],[21,21],[-63,106],[-364,326],[-41,-63],[-188,147],[-52,74],[-22,12],[-19,25],[12,25],[19,12],[250,-211],[31,32],[-125,126],[10,31],[-125,85],[11,31],[-63,11],[-21,52],[-41,64],[0,42],[-6,23],[6,30],[29,5],[23,-6],[42,0],[62,-21],[-10,32],[-5,28],[14,33],[48,2],[36,-10],[-10,32],[18,31],[19,16],[25,15],[32,32],[83,0],[26,19],[18,20],[9,19],[-6,39],[-16,19],[31,52],[104,85],[94,52],[-21,53],[-94,21],[-31,31],[0,127],[21,105],[83,126],[21,11],[21,21],[-21,32],[52,10],[26,13],[17,12],[11,25],[-23,24],[73,-11],[21,42],[-23,-5],[-28,6],[-6,29],[5,23],[83,53],[21,137],[0,42],[63,200],[30,10],[23,4],[28,-11],[2,-35],[104,84],[-21,63],[21,64],[-63,147],[42,84],[11,32],[-115,84],[0,42],[-42,0],[-20,53],[20,95],[313,157],[-42,85],[73,31],[-37,42],[-20,23],[-3,23],[2,31],[6,39],[50,37]],[[40788,28894],[23,16],[17,-6],[47,-18],[102,-36],[208,-45],[262,166],[61,97]],[[50605,21761],[-5,-29],[5,-23],[-26,-7],[-32,4],[-9,24],[67,31]],[[47743,21014],[31,74],[-6,23],[6,30],[29,5],[23,-6],[10,-95],[-93,-31]],[[21750,19803],[-59,179],[-73,42],[-271,0],[-354,63],[-82,267],[-32,102],[5,17],[16,46],[-37,59],[-30,64],[-14,39],[-3,11],[-7,19],[-18,75],[-11,80],[-5,85],[-208,105],[-21,158],[-135,95],[-32,52],[-156,116],[-22,31],[-155,211],[-17,12],[-28,19],[-17,11]],[[19984,21761],[12,90],[27,190],[2,15],[11,5],[385,195],[-23,57],[-16,63],[-10,71],[-4,77],[3,84],[8,90],[313,148],[20,52],[-125,274],[8,23],[-12,32],[-6,-2],[-10,42],[-104,42],[-21,74],[-4,42],[1,38],[3,25],[11,38],[13,25],[17,21],[-31,79],[-21,-5],[-20,48],[-23,38],[-19,19],[-4,18],[-23,38],[-36,7],[-31,39],[-41,13],[-177,33],[-32,31],[-62,32],[-31,105],[-63,-21],[-62,21],[-42,0],[-62,42],[-70,-79],[-149,26]],[[19484,24056],[-41,106],[5,23],[15,71],[125,43],[63,284],[-136,95],[-52,73],[-51,28],[-35,19],[-163,248],[-10,47],[-11,16],[5,14],[78,197],[-111,149],[-14,19],[0,84],[104,127],[0,116],[-150,40],[-6,2],[-2,2],[-141,162],[-13,15],[-31,31],[-52,74],[-260,221],[-354,126],[-156,-179],[-125,-315],[-104,-106],[0,-263],[-32,-21],[-218,-137],[-125,-189],[-63,-232],[-24,-35],[-29,-31],[0,0],[-34,-25],[-38,-20],[-44,-16],[-49,-10],[-42,0]],[[17163,24909],[-73,74],[-20,46],[-41,90],[-116,148],[-52,53],[-20,168],[-63,84],[0,43],[-9,58],[-3,52],[4,45],[8,34],[19,38],[23,25],[-63,148],[-21,315],[-62,148],[-21,168],[5,18],[-5,56],[-31,0],[-6,19],[-25,84],[-26,85],[-120,96],[21,232],[-63,84],[0,253],[-41,63],[0,526],[83,169],[17,385],[-17,183],[167,116],[0,369],[208,358],[0,126],[-10,43],[-17,42],[-25,35],[-32,27],[-3,49],[2,44],[8,38],[13,32],[19,27],[24,40],[0,107],[-94,200]],[[16705,30552],[73,42],[21,85],[125,42],[52,84],[125,-21],[171,191],[6,9],[6,4],[108,70],[104,-21],[84,42],[28,-10],[12,-18],[12,-25],[-9,-26],[9,-16],[-4,-35],[13,-18],[-6,-32],[20,-18],[-12,-19],[9,-47],[25,-15],[64,-42],[26,-16],[166,-232],[18,26],[21,21],[24,16],[28,12],[31,7],[35,2],[20,221],[26,33],[26,20],[36,29],[36,17],[41,11],[43,6],[21,116],[24,10],[101,43],[39,153]],[[18503,31253],[19,22],[11,-2],[77,49],[42,157],[72,21],[117,-34],[50,13],[291,0],[42,0],[36,-11],[58,11],[4,28],[8,51],[9,58],[31,31],[250,21],[166,127],[115,0],[62,442],[187,21],[-20,73],[7,28],[24,88],[291,-21],[63,-42],[395,0],[21,-21],[114,42],[21,84],[84,21],[14,164],[-14,100],[-7,33],[0,24],[20,25],[19,-16],[24,3],[14,54],[-8,66],[-14,71],[-6,10],[-22,24],[-20,211],[46,95],[8,47],[8,47],[3,4],[36,43],[24,37],[29,66],[2,8],[-11,32],[33,65],[5,43],[-18,117],[-20,133],[-41,21],[-21,11],[-7,29],[-24,34],[-21,21],[-27,15],[-32,10],[-368,-25],[-125,221],[-65,47],[-8,5],[-31,74],[-52,38],[-21,15],[-198,263],[47,70],[0,18],[-5,28],[239,126],[42,-21],[187,169],[229,21],[73,147],[315,129],[102,187],[281,0]],[[21764,35669],[32,-19],[30,-2],[47,-44],[36,-52],[25,-48],[24,-67],[5,-16],[4,-21],[10,-56],[5,-86],[52,-52],[271,-106],[91,-3],[41,129],[-18,285],[-6,55],[2,48],[4,23],[23,47],[26,23],[35,14],[-42,211],[7,30],[-7,33],[0,42],[8,19],[-8,23],[23,12],[81,41],[22,36],[16,43],[10,49],[4,56],[-2,63],[-8,69],[60,-9],[54,-2],[46,7],[40,14],[34,23],[26,30],[31,32],[19,7],[116,45],[292,-42],[104,42]],[[23429,36595],[31,-63],[191,-61],[7,-2],[3,-4],[184,-186],[21,21],[106,-8],[165,-13],[125,190],[229,-42],[187,21]],[[24678,36448],[10,-116],[96,-150],[40,-8],[76,7],[67,-3],[20,-4],[5,-1],[31,-7],[48,-23],[37,-32],[28,-42],[135,21],[42,137],[31,31],[42,0],[33,26],[50,38],[33,-10],[175,-54],[178,19],[20,2]],[[25875,36279],[62,-136],[-8,-19],[-54,-129],[42,-116],[197,-21],[31,-31],[32,-32],[41,0],[167,-21],[156,21],[21,-189],[375,84],[20,-53]],[[26957,35637],[-147,-254],[-61,-104],[-13,-4],[-133,-48],[-62,-316],[-125,-21],[-62,-158],[5,-100],[5,-72],[-4,-77],[-10,-70],[-16,-65],[-3,-67],[-11,-43],[34,-212],[-188,-84],[-21,-126],[-41,-11],[94,-179],[322,-42],[42,-168],[67,6],[62,-1],[57,-7],[9,-3],[34,-9],[8,-2],[28,-11],[48,-30],[59,-98],[65,-14],[-10,-42]],[[26989,33205],[-22,-9],[-20,-33],[-23,5],[-29,-5],[-6,-23],[-27,-25],[-21,-62],[12,-48],[7,-30],[1,-23],[-8,-20],[-41,-32],[-52,-95],[-42,0],[-167,0],[-143,58],[-15,6],[-152,11],[-23,-33],[-29,6],[-75,15],[-104,-126],[-208,21],[-8,-4],[-29,-18],[-32,-20],[-35,-21],[-83,42],[-73,11],[5,-21],[-9,-34],[-27,2]],[[25511,32700],[-32,-11],[42,148],[-7,25],[-55,206],[8,46],[12,60],[-7,20],[-34,92],[-37,62],[-107,39],[-137,50],[-58,43],[-51,48],[-44,53],[-36,59],[-29,64],[-22,70],[-93,21],[-42,-21],[-83,21],[-16,24],[-57,92],[-31,31],[-167,21],[-94,-21],[-4,28]],[[24330,33970],[-4,31],[-12,78],[0,42],[-21,158],[187,63],[19,209],[-60,68],[-313,208],[-21,73],[7,38],[12,72],[2,17],[32,31],[79,99],[14,91],[-41,31],[-146,127],[-31,31],[-52,53],[-52,284],[-458,-358],[-42,-22],[-46,-16],[-51,-10],[-57,-4],[-61,2],[-66,8],[21,-158],[6,-55],[1,-51],[-7,-62],[-7,-22],[-15,-34],[-20,-29]],[[23127,34963],[-10,-31],[-281,0],[-79,123],[-98,45],[-21,-21],[-31,8],[-32,-8],[-41,0],[-52,7],[-31,-1],[-42,-6],[-73,-73],[0,-422],[57,-68],[6,-247],[-66,-145],[45,-140],[208,-105],[125,-263],[52,-53],[270,0],[21,-21],[167,63],[645,0],[21,21],[31,43],[13,1],[9,2]],[[23940,33672],[11,1],[9,-47],[281,-105],[41,21],[-10,-31],[42,-295],[97,-135],[152,-86],[87,-228],[22,-45],[1,-1]],[[24673,32721],[15,-32],[-20,-42],[0,-442],[83,-347],[-260,-127],[-136,0],[-41,-115],[-32,-32],[-218,0],[0,-32],[-16,-47],[57,-300],[188,-116],[0,-126],[-125,-127],[0,-73],[83,-53],[31,-31],[198,-264],[-8,-16],[26,-38],[232,-40],[62,-264],[52,-10],[28,8],[21,2],[25,-10],[-1,-32],[63,-21],[-146,-231],[0,-106],[0,-42],[-6,-53],[-9,-77],[-2,-20],[84,-73],[37,-19],[5,-17],[16,-15],[31,-31],[10,-29],[21,8],[21,-137],[249,-326],[209,-106],[-1,-130],[105,-207],[198,-105],[229,0],[104,-84],[25,-25]],[[26160,28169],[6,-7],[-135,-94],[-31,-42],[-102,9],[-117,12],[-48,-4],[-243,-17],[-42,0],[-146,84],[-124,189],[-53,-21],[-52,107],[-10,-2],[-67,137],[-99,63],[10,32],[-63,42],[-104,-42],[-93,0],[10,-33],[-28,-14],[-24,0],[-62,-35],[-104,-139],[-14,-7],[-215,-109],[-21,-95],[-37,-22],[-15,-30],[-58,-37],[-3,-13],[-17,0],[-37,-24],[-52,-74],[-35,-1],[-10,-29],[4,-23],[10,-31],[42,-10],[-84,-127],[21,-84],[-177,-158],[-73,0],[11,-84],[-42,-21],[-21,-21],[-177,-63],[-10,42],[-31,-95],[-11,-22],[-15,-17],[-19,-11],[-23,-6],[-57,-28],[-21,-63],[-69,-15],[-25,-17],[-25,6],[-27,-6],[-10,-21],[9,-48],[74,-78],[73,-53],[21,-253],[62,-63],[-83,-210],[-26,-22],[-182,-147],[62,-147],[0,-158],[-156,0],[-187,-126],[-240,21],[-116,-323],[47,-206],[69,-61],[21,-74],[-7,-53],[7,-73],[39,-59],[24,-15],[7,-31],[55,-85],[21,-10],[21,-53],[0,-210],[-11,-32],[42,-42]],[[22742,24467],[-437,-126],[-208,0],[-304,-347],[-61,-222],[-132,-48],[-58,-86],[45,-361],[-136,-94],[-437,-106],[-218,-221],[93,-137],[104,-189],[219,84],[21,-179],[-11,-31],[125,21],[146,-106],[62,42],[80,-2],[33,5],[75,40],[187,0],[42,42],[135,-42],[24,-33],[28,11],[292,-105],[12,30],[18,24],[25,17],[31,11],[37,4],[43,-2],[63,-84],[81,-16],[32,8],[116,29],[23,-57],[18,-6],[-7,-20],[6,-14],[32,-8],[-3,-38],[0,-24],[45,-106],[198,-106],[239,63],[21,158],[22,28],[26,22],[31,18],[35,14],[40,9],[44,4],[11,-7],[30,7],[50,-7]],[[23770,22228],[-18,-24],[11,-23],[30,-20],[-7,-27],[-55,-204],[104,-169],[0,-63],[38,-108],[66,-144],[-6,-26],[-15,-69],[-52,-21],[-35,-21],[-38,-21],[0,-64],[-55,8],[-37,-63],[-95,-166],[0,-42],[-28,-5],[-24,-5],[0,-25],[-31,-175],[-104,-64],[20,-21],[-61,-82],[-2,-5],[-41,-207],[63,-42],[-42,-11],[83,-242]],[[23439,20077],[-93,-221],[-32,42],[-72,0],[-30,20],[-24,24],[-19,30],[-13,34],[-7,38],[-1,43],[-73,21],[-62,-21],[-25,38],[-24,21],[-24,5],[-25,-12],[-24,-28],[-24,-45],[-43,-10],[-34,-4],[-24,4],[-19,28],[5,24],[-114,22],[-23,-19],[-28,-14],[-32,-10],[-37,-4],[-42,0],[-46,4],[-42,0],[-104,21],[-42,0],[-52,0],[10,-30],[4,-24],[-10,-28],[-35,-2],[0,-42],[-31,32],[-73,-11],[-42,21],[-31,-95],[-31,-73],[-31,-42],[-167,-21],[-3,10]],[[23770,22228],[23,176],[94,21]],[[23887,22425],[21,21],[21,-7],[20,-35],[63,42],[177,-85],[52,-84],[73,-42],[62,-168],[156,-42],[-10,-32],[41,-11],[42,-115],[0,-42],[94,-53],[83,126],[104,-21],[31,32],[0,42],[-20,52],[156,43],[125,-85],[41,21],[31,64],[73,-21],[208,42],[26,37],[32,31],[38,24],[45,18],[51,11],[58,5],[42,0],[10,42],[281,84]],[[26114,22319],[448,-189],[41,-232],[302,-21],[73,-74],[0,-31],[427,0],[18,48],[34,89],[19,23],[26,16],[34,9],[39,1],[47,-5],[43,-13]],[[27665,21940],[156,-168],[104,42],[583,0],[292,-63],[197,-148]],[[28997,21603],[-20,-305],[208,-147],[-42,-106],[-55,-39],[-49,-45],[-45,-50],[-39,-56],[-33,-60],[-29,-65],[0,-379],[-458,-337],[0,-106],[125,-294],[-54,-58],[-47,-65],[-38,-73],[-31,-81],[-23,-90],[-15,-76],[156,-221],[281,-305],[3,-73],[-3,-74],[-7,-56],[-13,-57],[-19,-52],[-23,-46],[-146,-95],[-42,-294],[-33,-36],[-37,-29],[-43,-24],[-48,-18],[-52,-13],[-57,-7],[-146,-400],[-302,-189],[-239,-21],[-42,-190],[-312,-84],[-104,-253],[-167,-21],[-20,-52],[20,-527],[-76,-62],[-69,-85],[-21,-263]],[[26791,15624],[-104,-43],[21,-94],[-26,-24],[-21,-28],[-16,-33],[-11,-37],[-7,-42],[-3,-47],[-62,-105],[21,-28],[31,10],[41,49],[63,21],[10,-94],[-20,-11],[-21,-21],[7,-21],[-7,-74],[21,-63],[0,-42],[-13,-25],[-12,-18],[-24,-10],[-24,22],[-52,-22],[-21,-136],[-31,-32],[-28,-23],[-28,14],[-14,21],[-14,30],[-31,-31],[21,-64],[21,-63],[-63,-105],[-156,10],[-52,-52],[21,-63],[0,-42],[-73,-95],[-94,31],[-31,32],[-41,0],[-209,126],[-9,-25],[-16,-19],[-21,-14],[-28,-7],[-33,-2],[-38,4],[-21,35],[-21,7],[-21,-21],[-62,21],[-63,-21],[-41,0],[-104,21],[-63,-21],[-146,21],[-41,0],[-49,2],[-17,-28],[3,-25],[11,-33],[-229,-42],[-21,-95],[-31,11],[-25,-12],[-18,-12],[-10,-25],[22,-25],[-188,-147],[21,-64],[-31,-31],[-31,11],[-16,21],[-16,31],[-52,0],[0,-137],[-31,11],[-94,-53],[94,-53],[18,-13],[13,-18],[8,-24],[3,-29],[-3,-34],[-8,-40],[73,-31],[104,21],[-10,-32],[31,-73],[167,126],[62,-21],[83,42],[11,-21],[21,-21],[20,7],[21,-39],[21,-147],[-42,-84],[-229,-190],[21,-63],[-73,-32],[-73,-73],[21,-21],[-73,-32],[-83,21],[-135,-21],[-6,40],[-1,36],[5,32],[9,28],[15,24],[9,37],[-31,10],[-21,-28],[6,-23],[-5,-29],[-30,-6],[-23,5],[-62,22],[-146,-64],[-31,-73],[-32,-74],[-36,11],[-47,-2],[-15,-33],[5,-29],[-21,-10],[-21,-21],[7,-21],[-7,-106],[-114,-42],[-73,21],[21,-115],[16,-23],[6,-23],[-3,-22],[-14,-23],[-24,-23],[-34,-23],[-62,21],[-83,-42],[-14,-31],[-28,-33],[-28,5],[-14,17],[-93,-95],[21,-21],[-104,-148],[20,-73],[-72,21],[-32,-95],[-52,-32],[-41,0],[-115,-115],[21,-22],[-52,-94],[-104,21],[-31,10],[-32,-31],[11,-32],[-136,-10],[11,-32],[-94,-10],[-31,31],[0,95],[-42,31],[-145,127],[-32,-32],[-41,0],[-63,21],[-93,-52],[104,-127],[21,-168],[41,-32],[0,-52],[21,-11],[21,-21],[-21,-32],[21,-63],[0,-42],[-21,-74],[-114,21],[-136,137],[21,21],[-135,11],[-94,95],[21,21],[-83,105],[41,105],[-73,32],[-52,-21],[-21,-53],[21,-63],[0,-42],[6,-23],[-5,-29],[-29,-6],[-24,5],[11,-31],[-84,-127],[42,-252],[0,-85],[21,-63],[-42,-168],[42,-84],[-21,-106],[0,-42],[-21,-221],[-19,-19],[-25,-14],[-29,-9],[-33,-5],[-38,0],[-43,5],[0,32],[-21,63],[21,105],[-104,63],[62,232],[-10,52],[-45,4],[-17,-21],[10,-46],[-156,21],[10,-31],[-52,-11],[-42,-21],[-31,53],[-73,31],[-125,169],[-31,-32],[21,-105],[-11,-23],[-17,-17],[-23,-12],[-29,-6],[-35,0],[-41,5],[-31,64],[-52,21],[-14,-18],[-18,-13],[-22,-9],[-27,-5],[-30,-1],[-35,3],[-21,36],[-21,7],[-21,-21],[-62,21],[-73,73],[-73,53],[-31,-53],[-42,-84],[-31,-32],[-62,-21],[-104,64],[-21,35],[-21,7],[-21,-21],[-145,21],[41,-63],[31,-32],[32,10],[104,-63],[31,-42],[52,0],[83,-42],[146,63],[187,-21],[42,0],[125,-84],[83,0],[42,0],[52,0],[31,-42],[31,-74],[-41,-84],[20,-63],[-20,-53],[-177,63],[-73,-31],[-11,-32],[-135,0],[-94,126],[-104,-42],[-34,-10],[-45,-2],[-17,23],[-29,10],[-20,64],[-84,-43],[-166,85],[-42,0],[-62,-21],[-21,63],[-146,-21],[-62,21],[-63,-21],[-17,-26],[-17,-14],[-39,-2]],[[19234,10402],[-31,63],[-31,42],[-46,-3],[-42,2],[-38,8],[-20,8],[-15,6],[-31,18],[-27,24],[-111,218],[-24,45],[0,4],[-90,193],[-49,9],[-57,31],[-43,5],[-94,95],[-42,93],[-27,62],[-35,77],[18,262],[3,33],[16,60],[88,329],[94,21],[241,-44],[71,44],[41,-21],[84,84],[93,137],[-20,63],[60,94],[-46,183],[-44,181],[-12,48],[3,52],[0,11],[7,53],[1,6],[12,55],[16,50],[20,46],[22,61],[10,21],[23,-13],[27,1],[88,236],[62,31],[-5,142],[-25,38],[-43,62],[-117,66],[-70,40],[-52,73],[0,43],[-21,221],[-239,0],[-63,-19],[-56,-28],[-46,-36],[-2,-2],[-7,0],[-180,0],[-302,158],[-41,32],[-86,129],[-71,82],[-270,0],[-42,0],[-166,0],[-167,84],[-250,0],[-31,-53],[-36,-27],[-96,-71],[-24,-18],[-208,0],[-292,190],[-291,21],[-63,42],[-10,18],[-42,35],[-82,156],[-178,86],[-198,-42],[-146,276],[-135,82],[-83,-43],[-406,11]],[[14717,15234],[-41,11],[62,242],[18,11],[97,62],[12,28],[40,88],[31,74],[93,74],[-79,170],[-5,9],[-20,31],[-27,13],[-87,40],[-42,42],[-73,21],[-36,56],[-36,54],[-32,48],[7,40],[20,122],[42,254],[14,287]],[[14675,17011],[1,0],[0,2]],[[14676,17013],[281,0],[41,0],[63,-42],[260,63],[62,179],[22,10],[52,24],[41,19],[333,0],[86,-58],[30,-7],[39,-2],[43,14],[83,295],[21,42],[26,25],[7,7],[35,32]],[[16201,17614],[51,-10],[432,-85],[115,-64],[38,-203],[15,-21],[446,-134],[63,-157],[-8,-18],[-55,-130],[177,-221],[219,-221],[92,-25],[15,-89],[39,-223],[11,-46],[3,-35],[-21,-39],[-23,-3],[-33,7],[0,-242],[125,-284],[126,-26],[100,-21],[284,-16],[11,52],[19,9],[27,12],[26,11],[58,-74],[182,-231],[41,-190],[60,-66],[97,-29],[20,21],[479,0],[42,-42],[30,15],[1,7],[23,5],[22,63],[59,173],[177,95],[73,32],[62,168],[-104,337],[29,28],[24,32],[31,67],[13,56],[7,49],[0,84],[-83,168],[104,232],[0,169],[-41,84],[10,52],[-31,0],[-21,53],[7,21],[-7,21],[13,143],[-12,174],[-8,38],[-118,287],[-31,0],[-136,137],[84,327],[135,42],[280,205],[84,142],[0,84],[18,14],[1,4]],[[20169,18389],[179,144],[18,108],[13,88],[63,106],[135,136],[115,137],[42,30],[96,66],[59,41],[313,84],[124,-21],[105,-63],[41,21],[1,-1]],[[21473,19265],[103,-104],[52,53],[0,94],[42,32],[125,126],[-21,21],[94,53],[52,168],[73,21],[27,-1],[9,33],[-5,21],[0,42],[73,32],[93,-179],[-5,-23],[6,-29],[29,-6],[22,5],[42,0],[16,26],[22,20],[29,13],[34,8],[40,1],[46,-5],[32,-115],[-42,-85],[21,-63],[135,-95],[67,-18],[6,-24],[29,-4],[23,4],[14,-30],[14,-21],[28,-14],[27,23],[31,42],[53,0],[62,21],[219,-94],[-32,-32],[11,-32],[-21,-126],[-167,-316],[0,-84],[-31,11],[-104,-64],[-156,-284],[6,-55],[1,-51],[-4,-44],[-10,-40],[-14,-34],[-21,-29],[21,-42],[63,32],[20,95],[84,-21],[-42,-21],[52,-32],[21,84],[-31,32],[-63,105],[21,53],[125,94],[-21,95],[135,63],[52,11],[32,31],[-11,32],[52,11],[14,21],[19,16],[25,10],[30,4],[37,-2],[42,-7],[31,73],[0,43],[42,84],[104,105],[-21,21],[21,42],[52,32],[83,42],[83,-42],[21,-21],[21,7],[21,35],[104,-21],[42,0],[41,0],[354,-358],[31,-42],[115,-42],[104,0],[14,23],[27,19],[28,-19],[14,-23],[63,42],[104,-42],[145,63],[63,-21],[41,21],[32,63],[33,4],[29,-2],[25,-7],[20,-14],[16,-19],[20,44],[12,27],[16,22],[21,17],[26,12],[24,-22],[29,-16],[34,-10],[39,-4],[44,2],[49,8],[104,200],[0,32],[-24,10],[-21,-2],[-28,-8],[-21,35],[-21,7],[-20,-21],[-84,42],[-62,-21],[-94,-127],[-177,-63],[-21,-35],[-20,-7],[-21,21],[-167,-42],[-41,-42],[-146,21],[-125,-63],[-208,84],[-45,-3],[-17,21],[10,45],[93,-21],[146,21],[146,84],[208,-21],[63,21],[83,0],[52,53],[-31,74],[-104,-63],[-176,18],[-33,24],[-23,4],[-28,0],[-32,-4],[-125,0],[-13,21],[-19,16],[-25,10],[-31,4],[-36,-2],[-42,-7],[-84,42],[-31,42],[-52,0],[-52,95],[0,42],[-42,63],[-33,44],[-38,38],[-45,32],[-49,27],[-55,22],[-61,16],[-124,126],[-105,22],[-83,-43],[-52,-6],[-44,1],[-36,8],[-30,16],[-21,24],[-15,31],[105,147],[20,148]],[[21379,14150],[62,21],[62,-21],[11,31],[17,25],[24,17],[32,11],[38,3],[45,-3],[125,-84],[11,31],[19,25],[27,17],[35,11],[44,3],[51,-3],[63,-42],[83,42],[62,-21],[84,0],[20,-21],[125,-42],[125,0],[104,63],[84,0],[62,-21],[42,21],[41,21],[0,105],[-15,19],[-19,16],[-23,12],[-26,9],[-29,6],[-33,1],[-42,0],[-104,63],[-23,-18],[-26,-14],[-29,-10],[-33,-4],[-37,0],[-39,4],[-42,64],[21,105],[-84,-42],[-41,0],[-146,105],[0,42],[63,84],[45,-4],[40,2],[34,8],[29,13],[22,19],[17,25],[21,-21],[104,106],[187,63],[83,-42],[38,5],[29,2],[22,-2],[15,-26],[28,4],[28,-14],[28,-32],[-4,-25],[14,-28],[42,0],[31,10],[83,-63],[-62,106],[21,63],[104,21],[-42,0],[-42,84],[-104,63],[21,21],[-41,42],[-24,33],[-27,28],[-33,24],[-37,18],[-41,14],[-47,10],[-9,46],[-32,-4],[0,84],[41,21],[8,-24],[18,-23],[24,9],[13,17],[62,-21],[63,42],[-21,63],[-146,21],[-291,-252],[-63,84],[-104,-126],[-187,-22],[-125,169],[291,274],[-20,42],[-250,-42],[-104,21],[0,42],[-21,-21],[-104,105],[-229,63],[-83,0],[-16,25],[-19,20],[-23,13],[-26,8],[-29,1],[-33,-4],[-63,0],[-20,-84],[25,-44],[35,-33],[44,-23],[53,-12],[62,-2],[72,9],[167,-126],[0,-43],[20,-21],[18,-31],[24,-22],[31,-15],[38,-7],[46,2],[52,10],[-84,-147],[21,-63],[-125,-127],[-62,106],[-104,-21],[-437,463],[-84,-21],[-41,-106],[-63,21],[-21,-42],[-104,-84],[-187,-126],[42,-21],[-3,-25],[18,-28],[22,-3],[29,3],[38,11],[104,-21],[21,29],[20,17],[21,6],[21,-6],[21,-17],[21,-29],[20,-64],[-16,-13],[-10,-23],[24,-19],[23,-8],[-3,-37],[6,-26],[34,-21],[30,5],[37,16],[42,63],[104,21],[83,-105],[-62,-42],[-21,-84],[42,-148],[104,-21],[0,-147],[-188,-232],[-41,0],[146,-231]],[[20525,14234],[83,21],[63,21],[62,21],[63,-21],[53,10],[51,16],[47,21],[43,28],[40,33],[36,39],[125,-21],[0,232],[-21,21],[-41,21],[-188,-211],[-41,85],[-146,-85],[-42,-84],[-125,42],[-62,-21],[-83,-21],[41,-126],[42,-21]],[[14717,15234],[-4,-11],[-19,-47],[-102,-258],[0,-147],[-41,-116],[-30,-4],[-126,-17],[-73,-116],[-9,-39],[-31,0],[-23,8],[-21,-116],[-71,-114],[-53,-86],[-89,-42],[-47,-21],[-41,-70],[-52,-88],[135,-200],[51,-33],[22,-37],[1,-3],[-1,-43],[25,-59],[1,-7],[1,-54],[-2,-19],[-1,-10],[59,-30],[35,-58],[80,-48],[12,-27],[40,-25],[72,-116],[177,-21],[21,-95],[0,-73],[-24,7],[-31,0],[-10,-21],[-73,-206],[97,-233],[-19,-111],[14,-27],[67,-136],[-21,-126],[21,-84],[0,-43],[42,-126],[-21,-10],[-21,-21],[7,-22],[-51,-207],[-29,-24],[-250,-21],[-27,-47],[-47,-81],[0,-60],[1,-96],[-17,-77],[-15,-61],[116,-136],[6,-38],[1,-32],[-4,-27],[-10,-22],[-15,-17],[-20,-12],[21,-105],[21,-63],[-21,-116],[21,-5],[21,5],[-9,-25],[-54,-154],[6,-24],[15,-60],[8,-45],[2,-36],[-2,-27],[-21,-28],[-29,-11],[16,-14],[-245,-208],[-125,-347],[62,-97],[209,-177],[-42,-273],[188,-253],[0,-190],[-84,-168],[21,-74],[136,-21],[322,-147],[42,-158],[-8,-71],[-34,-287],[0,-84],[104,-169],[21,-379],[73,-116],[135,-179],[32,-31],[176,0],[11,-83]],[[15269,6655],[10,-75],[28,11],[28,-14],[14,-16],[14,-23],[0,-442],[-42,-11],[0,-63],[42,-32],[31,11],[73,-74],[-21,-21],[41,-10],[21,-53],[-104,-147],[-41,-32],[0,-63],[-125,-74],[41,-84],[104,-105],[-20,-21],[41,-85],[21,-63],[-8,-26],[-14,-21],[-19,-15],[-26,-10],[-31,-4],[-37,3],[-73,94],[-21,63],[-31,32],[-18,-23],[-34,-22],[-35,8],[-17,16],[-52,-21],[-21,-53],[21,-42],[73,-52],[38,6],[31,2],[23,-3],[22,-37],[31,10],[52,-94],[0,-42],[0,-53],[-41,-32],[-21,-10],[-21,-21],[7,-21],[-80,-148],[-229,21],[-83,0],[-10,53],[-219,11],[-21,35],[-21,7],[-21,-21],[-62,21],[-94,-127],[-135,-21],[-187,-21],[-14,-21],[-19,-15],[-24,-12],[-28,-6],[-34,-2],[-37,4],[72,-53],[24,6],[29,-5],[6,-30],[-7,-24],[-93,-52],[-42,0],[-135,-42],[-21,73],[0,42],[-156,95],[-36,7],[-19,-22],[86,-101],[-21,-21],[21,-73],[-218,-85],[-209,0],[-41,-42],[-21,42],[-10,-31],[-73,-32],[-63,21],[-41,-63],[72,-42],[21,-53],[-52,-10],[-83,0],[-333,84],[-42,0],[0,42],[-31,-42],[-135,42],[-59,10],[-50,2],[-42,-7],[-34,-14],[-26,-23],[-18,-31],[-73,32],[-31,31],[0,-42],[-63,42],[-270,0],[-209,-210],[-93,0],[-42,-137],[-31,-32],[-10,-53],[-32,-73],[-10,19],[-31,23],[-21,5],[-24,0],[-28,-5],[21,-53],[10,-36],[-2,-48],[-32,-15],[-28,5],[-42,42],[-104,-21],[-11,52],[-13,35],[-21,8],[-31,2],[-41,-4],[-50,-9],[0,42],[-31,31],[-52,11],[-23,6],[-28,-5],[-6,-30],[5,-24],[-104,-73],[21,94],[0,43],[21,147],[-21,63],[-21,11],[-21,21],[7,21],[45,42],[11,95],[-42,84],[42,84],[-42,126],[-21,64],[42,84],[-83,210],[-63,32],[-146,274],[63,168],[62,11],[-41,21],[41,84],[30,14],[21,14],[7,42],[-16,14],[42,63],[-21,42],[21,64],[-53,10],[-62,21],[-94,95],[21,21],[-62,42],[104,295],[21,10],[20,21],[-20,32],[72,53],[32,42],[73,42],[23,-5],[29,5],[0,42],[-94,63],[-83,0],[-156,-105],[-21,-53],[21,-84],[-84,-211],[21,-105],[0,-42],[167,-295],[-42,-158],[-94,-21],[-25,13],[-18,12],[-10,25],[22,24],[-125,168],[0,85],[0,42],[21,63],[21,21],[-21,32],[-21,10],[-31,32],[-52,52],[0,85],[52,10],[10,42],[42,11],[-42,84],[5,24],[-14,35],[-32,-6],[-21,52],[6,64]],[[9998,6370],[5,52],[8,78],[2,17],[21,13],[187,113],[-75,110],[-258,90],[-63,137],[-20,337],[-63,158],[-281,21],[-250,210],[-166,85],[-125,0],[-146,105],[-229,0],[-62,-63],[-188,0],[-166,147],[-604,253],[-250,0],[-66,-20],[-33,-13],[-46,-30],[-30,10],[-64,21],[-31,11],[-52,74],[-302,94],[-125,127],[-45,-4],[-17,21],[0,46],[-250,-42],[-49,-4],[-55,4],[-25,6],[-32,13],[-27,19],[-20,25],[-52,74],[-344,200]],[[5610,8865],[-104,0],[-62,-21],[-94,52],[0,32],[-24,10],[-22,-2],[-27,-8],[10,-32],[-72,-31],[-115,84]],[[5100,8949],[-21,84],[-145,84],[-21,74],[5,21],[-9,33],[-28,-1],[0,42],[-31,31],[-31,-10],[-62,63],[-167,42],[-73,74],[-12,25],[-12,18],[-24,10],[-25,-22],[-83,42],[-52,95],[115,32],[93,52],[-21,53],[-135,-63],[-42,0],[-31,31],[0,43],[42,84],[-156,52],[-32,32],[0,179],[292,42],[-42,95]],[[4392,10286],[52,31],[26,6],[31,-10],[4,-39],[-9,-30],[32,-32],[187,-21],[73,95],[0,379],[146,52],[-8,39],[-2,33],[4,29],[10,24],[16,19],[21,14],[-62,11],[-21,158],[-125,168],[31,-10],[11,42],[135,0],[42,-42],[31,-63],[-42,-11],[31,-10],[73,-116],[52,-11],[31,42],[94,-42],[73,42],[-52,85],[-146,-22],[11,32],[-63,105],[42,21],[-31,11],[-11,53],[52,52],[104,-21],[63,21],[41,0],[24,33],[41,14],[28,0],[32,-5],[167,42],[31,32],[-40,8],[-33,24],[-23,4],[-28,0],[-32,-4],[-17,22],[-35,23],[-35,-9],[-17,-15],[-63,21],[-62,-21],[-448,231],[-20,53],[-5,35],[-27,2],[-20,-5],[-21,35],[-21,7],[-21,-21],[-62,21],[-42,42],[-104,-21],[-62,21],[-32,126]],[[4392,12065],[344,0],[41,-42],[354,0],[42,0],[27,-8],[7,-1],[39,9],[0,32],[37,28],[111,85],[154,2],[104,-63],[312,-63],[208,63],[53,4],[45,-3],[38,-10],[32,-18],[23,-25],[17,-32],[229,0],[208,-211],[375,-42],[42,0],[60,-9],[210,-33],[875,0],[166,-126],[48,-4],[44,-8],[40,-12],[37,-16],[32,-20],[28,-24],[94,-127],[118,8],[113,2],[109,-4],[54,-6],[24,-2],[25,-2],[98,-16],[94,-22],[76,18],[81,13],[84,9],[89,5],[93,1],[97,-4],[375,127],[-11,31],[73,32],[13,23],[39,72],[52,52],[84,0],[135,63],[-4,50],[4,45],[10,40],[18,34],[24,29],[31,23],[42,232],[125,190],[39,48],[44,43],[28,20],[9,7],[13,9],[55,31],[59,24],[65,18],[21,136],[24,9],[60,22],[176,64],[458,0],[42,42],[55,-39],[26,28],[26,23],[33,15],[40,6],[47,-2],[46,-7],[-13,71],[40,59],[1,152],[-178,237],[-51,26],[-2,253],[-17,50],[-22,44],[7,34],[-7,29],[34,174],[-34,226],[0,106],[104,189],[0,421],[83,127],[73,73],[323,148],[13,159],[-34,209],[5,21],[10,40],[6,24],[73,73],[156,158],[0,505],[62,127],[17,7],[14,24],[76,43],[143,178],[0,285],[343,-21],[52,168],[260,22],[42,41],[24,-4],[28,4],[0,42]],[[14030,17455],[313,-42],[66,-153],[152,-99],[12,-19],[34,-55],[27,-42],[42,-32]],[[14676,17013],[-1,-2]],[[4392,10286],[-52,-32],[-198,11],[167,21],[-167,10],[0,64],[157,0],[62,21],[31,-95]],[[28997,21603],[330,-20],[14,-1],[5,-13],[109,-260],[177,-64],[17,-24],[67,-102],[270,21]],[[29986,21140],[17,-127],[14,-115],[0,-253],[-145,-294],[-21,-358],[115,-171],[41,-8]],[[30007,19814],[52,-32],[-21,-42],[16,-28],[16,-17],[31,-4],[31,38],[104,-21],[31,-73],[0,-127],[19,-30],[14,-35],[9,-40],[4,-44],[0,-50],[-4,-53],[-42,-85],[104,-105],[-21,-21],[84,-126],[10,-53],[73,-74],[32,11],[31,-17],[15,-20],[16,-26],[145,63],[125,0],[63,-63],[104,21],[114,-158],[-21,-105],[21,-63],[-135,-95],[-94,-53],[-31,-31],[10,-32],[-20,-105],[10,-53],[250,84],[146,21],[83,-42],[83,127],[146,-22],[14,31],[14,21],[27,14],[28,-23],[63,21],[20,-21],[21,7],[21,35],[229,-21],[62,21],[84,42],[62,-105],[73,115],[94,95],[20,-21],[125,84],[84,-42],[83,42],[23,-4],[29,4],[0,42],[73,0],[83,-42],[31,116],[15,37],[22,28],[28,20],[34,11],[41,4],[48,-5],[52,-148],[104,21],[52,-52],[21,-105],[-21,-64],[-42,-42],[83,-84],[0,-84],[-62,-148],[-5,-26],[9,-31],[33,-4],[25,9],[32,84],[31,32],[114,73],[52,-105],[94,42],[144,-17],[9,-22],[25,-6],[61,-113],[0,-42],[42,-63],[31,-32],[32,-52],[0,-42],[-21,-106],[10,-52],[31,0],[11,-25],[-3,-21],[-8,-28],[42,-84],[42,-95],[62,0],[63,-116],[0,-189],[-32,-11],[-62,-63],[-83,0],[-84,42],[-41,-42],[-84,0],[-83,42],[-62,-21],[-104,-21],[-63,63],[-104,21],[-31,-31],[-21,-11],[-21,-21],[7,-21],[-7,-105],[-281,-127],[-41,0],[-32,-63],[198,-126],[94,126],[135,63],[42,0],[62,-21],[31,74],[52,11],[84,42],[10,21],[21,21],[21,-7],[33,11],[29,20],[36,14],[41,7],[47,2],[53,-5],[18,-23],[17,-15],[35,-7],[34,24],[63,-21],[41,0],[73,-42],[17,-15],[13,-19],[9,-24],[5,-28],[1,-34],[-3,-38],[21,-63],[-21,-64],[0,-42],[41,-84],[-4,-23],[4,-29],[24,-6],[164,-174],[-21,-105]],[[34597,16055],[73,-158],[146,148],[83,0],[104,-21],[83,42],[36,-6],[32,-9],[28,-14],[24,-18],[20,-22],[16,-26],[-41,-147],[20,-64],[94,-52],[146,147],[41,0],[42,0],[52,-137],[0,-42],[177,-137],[31,1],[11,-25],[-3,-22],[-8,-27],[0,-42],[146,-190],[0,-126],[42,-74],[44,-10],[40,-16],[36,-20],[33,-25],[29,-31],[26,-35],[-21,-63],[21,-63],[41,-84],[-41,-85],[0,-42],[-63,-189],[-83,-127],[-42,-31],[0,-63],[-176,-42],[-115,-222],[-114,-94],[-39,8],[-34,2],[-29,-2],[-23,-8],[-19,-13],[-13,-19],[157,-116],[104,84],[62,0],[-10,-31],[83,-211],[42,-42],[0,-126],[-94,-53],[-39,3],[-35,7],[-30,11],[-26,17],[-20,21],[-17,25],[-31,-73],[115,-95],[52,-74],[-21,-63],[0,-42],[-73,-32],[-62,22],[-84,0],[-10,-53],[-31,10],[-104,-63],[-104,21],[-32,-31],[84,-84],[20,-106],[-41,-73],[-229,77],[-21,7],[-21,-21],[-10,-21],[-229,105],[-42,-21],[-73,0],[-41,-84],[-219,21],[-166,0],[-73,116],[30,14],[21,14],[6,42],[-16,14],[42,84],[0,42],[83,221],[73,21],[73,-21],[-21,116],[-21,10],[-21,22],[7,21],[-7,73],[21,95],[42,11],[-115,31],[-28,19],[-21,19],[-16,20],[-11,38],[66,209],[-21,64],[0,42],[21,63],[-83,210],[0,43],[-21,63],[-167,137],[-3,-52],[-10,-45],[-18,-40],[-24,-34],[-31,-28],[-39,-22],[42,-32],[-10,-42],[-73,116],[62,84],[-31,10],[-52,74],[31,32],[177,0],[-21,94],[0,85],[188,189],[-42,84],[83,85],[-31,31],[-166,-42],[-52,21],[-21,95],[0,42],[208,274],[-10,31],[-188,-189],[-135,0],[-125,-158],[21,-63],[-125,-190],[0,-168],[-21,-74],[-125,-10],[125,-22],[-198,-10],[-52,-168],[-135,-22],[-52,-73],[83,-369],[188,-158],[-21,-63],[21,-63],[-250,-253],[21,-21],[-24,-35],[-29,-30],[-34,-26],[-39,-20],[-44,-15],[-49,-11],[-73,21],[0,179],[42,43],[-42,42],[4,66],[-1,63],[-5,58],[-9,54],[-13,50],[-18,46],[0,42],[-20,63],[0,42],[20,63],[-41,11],[-52,126],[-14,-53],[-20,-47],[-24,-41],[-31,-36],[-36,-30],[-42,-25],[-73,21],[-41,-94],[125,-190],[-21,-105],[-42,-84],[-31,-32],[-14,-30],[-28,-33],[-27,5],[-14,16],[-136,-95],[52,-10],[42,0],[73,-74],[-156,-74],[31,-52],[31,10],[63,-21],[31,-10]],[[32557,13213],[21,-42],[10,-38],[-1,-48],[-33,-15],[-28,6],[10,-32],[-156,-74],[-62,-21],[-32,32],[-31,-11],[-52,116],[21,63],[-21,85],[-62,-42],[-32,-32],[11,-32],[-13,-22],[-17,-17],[-22,-13],[-27,-8],[-31,-4],[-36,1],[21,-63],[156,-116],[52,-94],[-114,-116],[-21,21],[-104,-21],[-28,-19],[-22,-19],[-15,-20],[-12,-39],[35,-93],[146,148],[41,0],[94,-137],[0,-42],[-146,-106],[42,-137],[-73,-21],[-166,-210],[-32,-32],[0,-42],[-145,-147],[20,-63],[-104,-127],[6,-21],[-9,-33],[-28,2],[-10,-53],[41,-168],[-114,-74],[-22,-11],[-16,-15],[-12,-19],[-6,-23],[0,-28],[4,-31],[-52,-21],[-21,21],[-146,0],[-3,36],[-31,14],[-26,-1],[-33,-6],[-42,73],[0,53],[-83,42],[0,74],[-104,105],[20,21],[-20,74],[156,-21],[31,116],[42,31],[0,53],[-73,31],[-63,-21],[-25,-12],[-17,-12],[-10,-24],[21,-25],[-114,-32],[-136,221],[63,126],[-84,190],[-7,33],[-21,26],[-3,25],[3,33],[8,41],[-34,2],[-29,-4],[-24,-11],[-21,-17],[-16,-24],[-12,-30],[-72,0],[166,200],[0,273],[31,47],[41,36],[51,24],[60,14],[70,3],[80,-8],[42,137],[0,74],[135,0],[14,30],[14,21],[28,14],[27,-23],[8,23],[13,19],[18,13],[23,8],[29,2],[34,-2],[73,95],[-21,168],[-52,53],[-125,-126],[-31,-43],[-43,-10],[-39,-15],[-35,-22],[-31,-27],[-27,-34],[-23,-39],[-31,63],[-75,-10],[-71,-16],[-67,-21],[-62,-28],[-57,-33],[-53,-39],[-62,42],[-157,-116],[21,-63],[-52,-11],[11,-31],[-73,-11],[-167,-168],[-93,284],[20,169],[-125,189],[21,105],[-177,179],[-93,0],[-21,116],[-21,63],[21,63],[31,32],[42,0],[23,6],[29,-5],[6,-30],[-6,-24],[-11,-31],[52,10],[0,169],[13,26],[12,18],[24,10],[24,-23],[63,21],[52,-94],[0,-42],[52,-95],[10,95],[-21,63],[21,95],[156,-43],[63,21],[93,148],[73,21],[21,42],[-208,-84],[-125,0],[-73,73],[0,253],[-21,63],[21,63],[-21,43]],[[30017,14708],[-93,-53],[-32,32],[21,147],[-52,10],[-187,22],[-21,-36],[-21,-7],[-21,21],[-83,-42],[-62,21],[-84,43],[-41,-43],[-63,21],[-83,43],[-104,-21],[-73,-32],[-41,-32],[0,-52],[-41,-8],[-32,-24],[-23,-5],[-28,0],[-33,5],[-52,-10],[-41,-64],[-73,-52],[-31,-63],[-177,-148],[-104,-21],[-42,0],[-104,63],[-10,-42],[-53,21],[-104,-21],[-52,-95],[42,-10],[-21,-95],[-52,-10],[-104,-63],[-52,-95],[0,-127],[-21,-63],[21,-63],[0,-42],[-114,-158],[-63,21],[-62,-21],[-42,0],[-312,168],[-63,0],[-21,-35],[-20,-7],[-21,21],[-83,-42],[-125,85],[-21,-22],[-45,5],[-39,9],[-34,15],[-28,20],[-24,26],[-18,31],[-83,0],[-25,12],[-17,13],[-11,24],[22,24],[-42,11],[-41,116],[41,74],[94,21],[62,126],[42,-21],[14,21],[19,16],[24,10],[28,4],[33,-1],[38,-8],[-7,-42],[-1,-36],[6,-30],[12,-26],[18,-20],[24,-14],[23,32],[42,14],[28,0],[32,-4],[26,-12],[17,-12],[11,-25],[-23,-25],[73,-32],[104,21]],[[27238,14065],[-31,137],[0,42],[-52,11],[-62,-21],[-73,21],[21,74],[-104,31],[-125,242],[-42,85],[83,210],[0,42],[84,295],[0,42],[20,63],[-31,32],[-104,-63],[-73,42],[-41,221],[83,53]],[[32557,13213],[-6,23],[6,30],[29,5],[23,-6],[10,-52],[-62,0]],[[30017,14708],[18,26],[25,11],[20,-6],[31,63],[31,32],[52,32],[-10,31],[42,11],[52,84],[93,42],[0,53],[0,84],[-52,95],[-34,-11],[-27,-19],[-19,-26],[-12,-33],[-5,-42],[4,-48],[-32,10],[-93,-137],[-21,-105],[-63,-63],[21,-21],[-21,-63]],[[27238,14065],[42,0],[10,-52],[115,-74],[104,21],[83,-42],[63,21],[-25,23],[-18,22],[-9,23],[-1,23],[7,23],[14,23],[-93,10],[-63,-21],[-83,43],[-146,-43]],[[30767,15560],[21,-63],[83,169],[166,-42],[-20,-64],[-42,-84],[21,-63],[21,-147],[-105,-85],[-13,24],[-28,24],[-28,-10],[-14,-17],[-21,-42],[-41,0],[-125,63],[41,-84],[21,-21],[0,-42],[30,0],[7,-28],[-5,-25],[-11,-31],[-42,-63],[146,-106],[0,-42],[42,0],[0,-42],[41,-168],[-20,-42],[83,-127],[-21,-42],[-125,127],[-21,42],[21,21],[-41,42],[-10,31],[-16,25],[-21,17],[-27,11],[-33,4],[-39,-4],[83,-232],[-104,-21],[-166,-105],[58,-32],[66,-24],[73,-18],[80,-10],[87,-4],[93,4],[21,21],[104,-232],[0,-42],[-18,-37],[-35,-40],[-30,-44],[-25,-47],[-21,-51],[-16,-55],[20,-63],[-20,-63],[-84,42],[42,-63],[-42,-63],[21,-63],[104,-148],[21,42],[21,43],[-21,42],[104,84],[21,-21],[62,21],[-41,0],[125,210],[-21,21],[146,127],[20,21],[0,42],[125,147],[-166,127],[0,105],[-63,105],[0,42],[21,64],[-21,63],[0,42],[-20,21],[-21,16],[-21,7],[-21,-2],[-21,-12],[-21,-21],[-20,-30],[-63,-42],[-21,42],[-20,-84],[-84,189],[21,147],[-42,43],[-41,0],[-5,38],[0,29],[5,22],[23,19],[9,39],[9,21],[19,21],[28,21],[37,21],[104,-21],[104,169],[-37,25],[-28,35],[-18,45],[-10,54],[0,63],[10,72],[41,42],[-104,0],[16,38],[7,30],[-14,35],[-20,6],[-30,-3],[-42,0],[-42,42],[-125,63],[5,-54],[0,-49],[-5,-44],[-9,-40],[-14,-35],[-18,-31]],[[34597,16055],[-187,11],[-42,-42],[-62,21],[-42,-21],[-42,-127],[146,21],[83,0],[146,137]],[[13208,33690],[-83,-148],[-27,37],[-32,31],[-37,24],[-43,18],[-48,11],[-53,6],[0,178],[-165,260],[-22,35],[-21,127],[-125,147],[0,253],[-83,126],[-2,237],[-40,37],[-41,31],[-4,19]],[[12382,35119],[-17,76],[0,84],[42,42],[-21,64],[-30,21],[-21,21],[-12,21],[-2,21],[7,21],[16,21],[-83,84],[-42,74],[-41,0],[-21,137],[21,21],[-21,31],[-21,11],[5,21],[-9,33],[-27,-2],[-52,74],[4,24],[-14,35],[-32,-6],[-62,95],[20,63],[-52,10],[11,32],[-52,10],[-31,74],[-21,63],[104,274],[21,11],[20,21],[-20,31],[20,63],[32,32],[-11,31],[42,64],[-63,126],[42,126],[-125,148],[-3,34],[3,28],[7,24],[14,19],[18,13],[24,8],[-104,190],[0,126],[62,147],[0,42],[52,11],[73,137],[42,31],[20,53],[-20,63],[0,42],[145,306],[42,10],[-42,105],[63,169],[31,74],[62,-22],[84,43],[10,-53],[21,-63],[10,-53],[73,32],[-41,137],[-11,84],[-83,-42],[-94,137],[-73,31],[-52,95],[42,126],[42,42],[-21,106],[41,10],[-41,116],[104,147],[0,106],[30,0],[14,17],[-3,35],[52,21],[84,-42],[25,13],[17,12],[10,25],[-21,24],[-31,32],[-31,73],[0,42],[20,116],[-44,-4],[-38,2],[-34,9],[-29,16],[-24,22],[-18,29],[21,84],[-21,63],[62,106],[0,126],[84,126],[31,74],[23,-5],[29,5],[0,42],[42,11],[-21,63],[0,42],[93,52],[-10,32],[21,63],[83,53],[-21,95],[63,136],[93,43],[28,-2],[9,33],[-5,21],[-84,53],[0,105],[32,0],[-11,32],[21,42],[83,52],[21,116],[-21,63],[5,24],[-14,35],[-32,-6],[0,74],[0,42],[-21,29],[-14,34],[-10,38],[-4,43],[1,47],[6,51],[104,53],[42,73],[177,0],[10,53],[73,32],[37,-11],[28,-3],[31,17],[-2,49],[31,-10],[10,42],[177,105],[21,-21],[21,7],[21,35],[42,-10],[31,0],[21,11],[10,21],[0,31],[-11,42],[21,10],[21,21],[-21,32],[83,116],[52,21],[24,-5],[29,5],[-1,42],[73,21],[52,74],[32,31],[13,24],[28,18],[28,-18],[14,-24],[73,32],[-21,147],[31,-10],[94,95],[-42,42],[-4,42],[3,36],[9,30],[15,23],[22,16],[28,11],[167,-43],[177,222],[-21,63],[21,63],[124,84],[32,32],[-11,31],[63,106],[31,31],[-11,32],[25,10],[19,15],[14,22],[7,28],[2,33],[-4,39],[0,42],[-83,42],[20,64],[42,42],[-44,102],[10,21],[31,0],[24,-8],[0,43],[-21,73],[21,106],[0,73],[83,42],[0,264],[42,63],[73,52],[31,74],[-52,11],[-42,21],[-31,52],[35,21],[21,21],[6,21],[-6,21],[-21,22],[-35,21],[-5,23],[6,30],[28,5],[23,-6],[26,20],[18,19],[10,20],[-7,38],[-16,19],[84,147],[0,43],[20,42],[-20,42],[20,42],[-52,10],[11,74],[-21,63],[125,42],[-21,64],[21,63],[0,42],[41,84],[-20,84],[-10,35],[-4,26],[10,32],[35,2],[-11,32],[21,63],[0,84],[42,32],[21,-137],[83,-53],[21,74],[-42,84],[0,42],[-41,11],[-84,147]],[[15508,47418],[52,0],[63,42],[1020,0]],[[16643,47460],[31,-31],[-21,-43],[21,-63],[0,-42],[-21,-95],[21,-73],[-104,-148],[25,-16],[21,-21],[16,-26],[12,-30],[7,-35],[2,-40],[-41,-42],[0,-84],[20,-64],[-41,-84],[62,-84],[-41,-105],[20,-148]],[[16632,46186],[-15,-126],[15,-190],[128,-163],[237,-163],[9,-17],[126,-225],[-1,-52],[-6,-47],[-11,-41],[-16,-36],[-22,-31],[-27,-25],[19,-233],[22,-51],[195,-296],[105,-137],[148,-114],[4,-12],[48,-146],[-125,-169],[-90,-335],[-19,-70],[-10,-88],[15,-75],[-6,-30],[-1,-13],[7,-31],[21,-6],[21,6],[10,-70],[10,-67],[-9,-95],[9,-94],[0,-42],[5,-43],[16,-42],[-7,-52],[7,-74],[-11,-116],[11,-116],[-6,-39],[-15,-97]],[[17423,42323],[-12,-4],[-60,-18]],[[17351,42301],[-250,0],[-167,85],[-156,-21],[-104,-200],[-35,-303],[35,-161],[-12,4]],[[16662,41705],[-19,7],[-31,-126],[-125,-22],[39,-170],[2,-8],[0,-10],[0,-348],[-83,-11],[0,-179],[125,-147],[0,-74]],[[16570,40617],[-30,-47],[-12,-48],[-39,-32],[-104,-86],[-148,2],[-15,-214],[15,-186],[-167,-42],[-41,-126],[-38,8],[-33,1],[-29,-4],[-23,-10],[-19,-16],[-14,-21],[-177,10],[-42,-137],[-3,2]],[[15651,39671],[-49,20],[-37,-69],[27,-237],[-7,-15],[7,-16]],[[15592,39354],[-188,-390],[0,-200],[-198,-105],[-124,0],[-177,-306],[20,-147],[-9,-25],[-42,-113],[-11,-30],[-15,-8],[-89,-45],[31,-190],[94,44],[41,83],[261,-42],[72,21],[101,-201],[64,0],[40,4],[31,-3],[21,-8],[112,-159],[141,-181],[146,-21],[52,21]],[[15966,37353],[2,-16],[9,-85],[93,-246],[-125,-169],[42,-358],[146,-73],[41,-95],[0,-32],[136,0],[73,-168],[405,-168],[115,21],[-17,-132],[22,-99],[5,-22]],[[16913,35711],[-218,-284],[-52,-179],[-57,1],[-51,9],[-45,14],[-39,21],[-32,27],[-26,33],[-104,-42],[-52,0],[0,147],[-156,0],[-31,63],[-136,21],[-80,-44],[-232,66],[-250,-64],[-85,7],[-118,9],[-67,5],[-22,13],[-228,135],[-125,21],[-31,10],[20,-158],[84,-21],[-84,-179],[-2,-181],[39,-86],[26,-27],[0,-32],[62,-10],[0,-148],[-44,-52],[-48,-46],[-53,-40],[-58,-34],[-63,-28],[-67,-21],[-21,-126],[-114,-63],[-302,0],[0,-32],[-21,-32],[-27,-26],[-32,-19],[-37,-13],[-43,-6],[-48,1],[-52,127],[-50,-39],[-59,-29],[-66,-19],[-76,-9],[-84,1],[-92,10],[-21,-200],[-62,-105],[0,-126],[42,-85],[-42,-105],[-73,-52]],[[12552,39248],[-41,-42],[41,-147],[19,14],[23,28],[0,42],[42,21],[-21,63],[62,148],[-21,63],[-31,-21],[-24,-19],[-17,-18],[-14,-33],[-18,-99]],[[41508,29068],[-8,10],[-13,0],[-20,37],[-94,111],[-52,73],[-240,179],[-583,0],[-270,148],[-52,73],[-219,74],[-52,-74],[-73,-73],[-229,-63],[-83,0],[-291,168],[-240,0],[-21,-95],[-27,-22],[-148,-122],[-272,-224],[-30,-12],[-105,-83],[-31,-39],[-37,-33],[-43,-26],[-50,-20],[-57,-13],[-63,-6],[-13,4],[-106,-12],[4,-66],[-364,-326],[-44,-5],[-37,1],[-31,7],[-24,14],[-19,20],[-12,26],[-416,0],[-146,-84],[-166,-21],[-70,-7],[-62,0],[-56,7],[-48,14],[-42,21],[-35,28],[-249,-63],[-46,-38],[-51,-33],[-55,-27],[-59,-22],[-64,-16],[-69,-11],[-56,-258],[56,-153],[-6,-25],[-8,-31],[-7,-28],[-52,-32],[-197,-368],[-573,-495],[-312,-63],[-38,6],[-12,1],[-44,-7],[-13,-22],[-216,-31]],[[34347,26941],[-21,11],[0,421],[209,84],[62,284],[146,95],[0,474],[-84,358],[157,116],[229,-43],[124,85],[125,0],[177,63],[-41,347],[-271,158],[21,284],[-240,264],[-93,158],[19,193],[2,17],[19,10],[251,127],[11,196],[-5,20],[-2,44],[12,30],[26,16],[40,1],[46,-15],[45,31]],[[35311,30770],[98,24],[31,32],[-10,32],[20,28],[21,0],[21,-28],[-21,-43],[31,-52],[63,21],[52,95],[0,42],[-42,10],[0,127],[52,0],[21,42],[-62,-21],[-11,94],[32,-10],[28,71],[11,21],[31,0],[23,-8],[21,116],[0,42],[42,84],[-52,11],[-32,52]],[[35679,31552],[0,42],[6,16],[7,83],[-54,238],[62,85]],[[35700,32016],[42,168],[42,-21],[5,-21],[-9,-33],[-28,1],[32,-52],[114,-53],[62,21],[63,-21],[104,21],[62,-21],[11,42],[73,42],[83,0],[146,-105],[104,63],[27,8],[22,3],[24,-11],[0,-31],[52,31],[62,-21],[146,63],[-11,32],[21,105],[42,84],[31,32],[-10,32],[21,63],[156,116],[-11,73],[73,74],[21,-21],[187,63],[63,21],[25,-37],[32,-31],[38,-25],[45,-17],[52,-12],[57,-4],[42,0],[115,52],[-125,190],[21,84],[72,53],[42,0],[62,21],[115,137],[-42,63],[21,63],[-62,105],[41,158],[52,21],[125,-42],[21,84],[-31,0],[-11,25],[3,21],[8,28],[0,42],[-52,11],[10,73],[42,64],[32,30],[41,22]],[[38313,33942],[49,13],[58,5],[67,-5],[76,-13],[62,-21],[62,21],[-10,32],[94,52],[46,5],[42,0],[37,-5],[32,-9],[28,-14],[23,-19],[83,42],[42,0],[62,22],[104,-22],[104,0],[84,-63],[53,-2],[48,-7],[44,-12],[40,-16],[34,-21],[30,-26],[63,21],[25,-3],[32,6],[5,39],[146,0],[42,0],[51,-3],[46,3],[41,8],[36,13],[30,18],[25,24],[145,-63],[125,42],[11,-21],[20,-21],[21,7],[198,-7],[31,11]],[[40800,33953],[-21,-63],[167,-129],[19,-11],[283,-103],[52,-73],[31,-32],[271,-21],[155,-82],[105,-2],[0,189],[323,43],[72,-95],[4,-77],[9,-72],[15,-66],[20,-60],[25,-55],[32,-49],[0,-106],[-13,-92],[8,-81],[70,-108],[34,-9],[41,-1],[47,7],[83,-231],[344,-106],[13,-25],[39,-69],[15,-20],[66,-3],[44,2],[36,-5],[68,-59],[20,-137],[269,-44],[77,-12],[40,-7],[52,-52],[41,-379],[-145,-106],[-42,-210],[114,-74],[5,-12],[58,-169],[67,-192],[14,-19],[84,-23],[13,-97],[16,-120],[65,-134],[272,-171],[-84,-210],[0,-226],[2,-10],[71,-217]],[[33605,10718],[55,115],[22,30],[27,26],[31,22],[35,17],[39,13],[44,8],[-9,21],[9,42],[18,21],[28,21],[37,21],[136,-42],[-21,116],[-21,63],[42,85],[-219,136],[-31,43],[-52,0],[-31,10],[20,-63],[84,-53],[62,-179],[0,-42],[-239,-179],[-32,-42],[-124,-53],[20,-63],[0,-42],[-20,-63],[-42,-84],[42,-169],[0,-42],[-21,-63],[0,-42],[-63,-105],[21,-42],[-83,-53],[-21,-74],[21,-63],[0,-42],[-21,-63],[62,-148],[-20,-63],[41,-10],[42,-116],[30,-14],[21,-14],[7,-42],[-16,-14],[41,-85],[0,-42],[42,-10],[62,-137],[0,-84],[0,-42],[-177,-95],[-104,21],[-104,63],[-62,-21],[-42,0],[-94,42],[-31,63],[-52,0],[-42,84],[-41,0],[-125,158],[0,53],[-42,32],[-30,14],[-21,14],[-13,28],[23,28],[-21,63],[-83,84],[0,84],[-42,127],[-21,10],[-21,21],[7,21],[-69,179],[-21,148],[21,21],[-63,105],[0,84],[105,106],[-53,10],[0,42],[-31,32],[-21,63],[42,105],[42,32],[62,95],[-21,13],[-16,19],[-10,26],[-4,31],[2,36],[8,43],[-21,63],[62,179],[19,19],[24,14],[31,9],[35,5],[42,0],[47,-5],[17,-22],[18,-16],[34,-7],[35,24],[62,-21],[42,0],[10,42],[55,10],[47,2],[40,-6],[32,-15],[26,-23],[19,-31],[10,53],[21,42],[136,74],[31,31],[-10,22],[-14,17],[-20,11],[-26,6],[-30,1],[-35,-4],[-42,0],[-167,-42],[-83,0],[-125,-42],[-73,31],[42,84],[21,190],[156,137],[42,-21],[72,105],[115,84],[94,0],[20,116],[11,53],[166,-42],[73,21],[11,-106],[52,85],[104,0],[0,-32],[21,-28],[31,10],[-11,81],[21,21],[-21,32],[-20,10],[41,85],[31,31],[104,126],[32,32],[52,32],[41,0],[84,-42],[41,0],[35,7],[26,-2],[24,-28],[-1,-27],[-11,-35],[-42,-10],[125,-53],[52,105],[292,-42],[125,0],[125,-42],[145,63],[42,0],[62,21],[63,21],[31,-94],[-94,-74],[-20,-35],[-21,-7],[-21,21],[-73,-42],[31,-84],[209,147],[23,-5],[29,5],[0,42],[80,71],[12,21],[36,0],[28,-8],[83,42],[31,-31],[7,-30],[-4,-39],[-24,-10],[-20,5],[2,-31],[-3,-27],[-9,-23],[-15,-19],[-21,-15],[-27,-11],[-36,9],[-48,-2],[-15,-26],[5,-23],[-94,-42],[125,0],[63,-21],[104,0],[166,63],[63,-21],[208,42],[-11,-32],[94,-52],[83,0],[32,-74],[-21,-11],[-21,-21],[7,-21],[-7,-73],[-31,-32],[10,-31],[-18,-32],[-19,-16],[-25,-16],[0,-31],[-24,-11],[-22,3],[-27,8],[-42,0],[-27,8],[-37,0],[-12,-22],[-90,-71],[-63,-21],[-62,21],[-14,-23],[-28,-19],[14,-25],[28,-38],[83,42],[-10,-31],[93,-11],[52,95],[20,21],[19,12],[38,-3],[19,-16],[19,-25],[94,42],[20,85],[73,21],[84,-21],[72,0],[42,84],[42,0],[73,210],[27,8],[21,3],[25,-11],[-1,-31],[11,-53],[31,-42],[135,42],[-10,32],[52,95],[125,-43],[-11,32],[52,11],[-10,31],[94,11],[187,126],[34,2],[29,-2],[23,-8],[19,-13],[12,-19],[8,-23],[73,116],[-42,84],[-114,116],[-42,-42],[-114,21],[-21,52],[125,232],[-42,63],[21,116],[135,-84],[31,-53],[32,11],[31,-32],[-21,-63],[52,-95],[73,0],[0,-42],[73,-42],[31,-84],[83,52],[-8,28],[-2,22],[10,24],[31,0],[94,126],[48,6],[42,1],[37,-5],[32,-9],[27,-15],[22,-20],[21,74],[0,52],[26,-6],[32,3],[5,46],[28,4],[24,0],[21,-4],[31,-24],[10,-19],[83,0],[229,190],[63,-21],[-11,116],[32,31],[93,-21],[21,95],[31,-11],[11,43],[41,10],[-20,63],[0,42],[20,53],[73,-21],[11,74],[0,42],[-21,147],[93,53],[-10,74],[21,63],[-73,31],[-23,-5],[-28,6],[-7,29],[6,23],[0,42],[-21,63],[0,42],[94,53],[10,-21],[21,-21],[21,7],[73,-7],[62,21],[42,0],[62,21],[84,0],[104,21],[41,0],[31,0],[11,-24],[-3,-22],[-8,-28],[-20,-105],[20,-105],[0,-127],[32,-31],[177,179],[-21,21],[38,79],[19,22],[37,-6],[93,-53],[31,-32],[32,-73],[93,73],[63,-21],[19,-33],[19,-21],[39,-4],[18,18],[19,30],[-41,84],[125,32],[-63,158],[-52,52],[-167,42],[-62,106],[-38,-7],[-31,-1],[-23,3],[-23,19],[-41,59],[0,84],[21,64],[-31,73],[-23,6],[-29,-5],[-6,-30],[5,-23],[-41,-85],[8,-27],[2,-22],[-10,-24],[-31,0],[10,-32],[-21,-63],[-114,-74],[-104,-63],[-21,21],[-63,-21],[-104,21],[-41,0],[-209,-84],[-72,7],[-21,-7],[-21,21],[-10,21],[-32,32],[3,24],[-5,25],[-13,24],[-22,25],[-29,25],[-38,24],[21,63],[-83,127],[41,168],[-41,11],[-21,94],[0,42],[-5,24],[6,30],[28,5],[23,-6],[94,137],[73,-11],[93,95],[-21,21],[52,11],[11,42],[125,95],[-21,42],[-115,52],[-41,0],[-13,-21],[-20,-16],[-24,-10],[-31,-4],[-36,2],[-43,7],[-52,53],[21,105],[-12,26],[-13,17],[-24,11],[-24,-22],[-145,63],[-25,44],[-24,28],[-24,12],[-25,-5],[-24,-21],[-24,-37],[-146,21],[-83,42],[-104,-63],[-63,21],[-23,-6],[-28,7],[-6,29],[5,23],[-73,31],[-52,95],[0,42],[42,84],[52,74],[-31,42],[-156,63],[-52,95],[-21,63],[21,63],[-21,64],[0,42],[62,105],[-41,10],[31,106],[28,-5],[33,13],[2,43],[-11,33],[83,0],[0,95],[94,52],[41,0],[63,-21],[83,85],[83,0],[42,-43],[146,22],[31,-74],[-10,-32],[31,0],[10,-24],[-2,-22],[-8,-27],[22,-25],[27,-19],[32,-12],[37,-5],[43,1],[47,7],[8,-24],[-8,-40],[-31,1],[10,-200],[83,147],[32,-10],[10,42],[239,-85],[0,-42],[73,-73],[32,10],[10,-52],[0,-43],[21,-63],[-94,-52],[-52,0],[-49,-53],[-13,-21],[13,-21],[27,8],[32,23],[24,5],[27,0],[33,-5],[52,-31],[31,31],[-10,74],[20,63],[13,26],[12,18],[24,11],[24,-23],[11,42],[197,84],[11,21],[21,21],[20,-7],[198,92],[63,-43],[83,21],[104,22],[52,-53],[-21,-105],[52,-11],[26,13],[18,12],[10,25],[-22,24],[20,63],[73,32],[104,21],[24,-13],[17,-18],[12,-22],[6,-27],[-1,-32],[-6,-36],[30,-10],[24,-4],[28,10],[2,36],[0,42],[72,53],[30,-9],[23,-2],[24,18],[-4,45],[0,84],[-52,11],[-10,53],[125,231],[10,32],[167,0],[93,137],[73,31],[83,-42],[32,-74],[62,-42],[31,32],[-31,53],[42,136],[291,-63],[21,-73],[52,-11],[83,-42],[52,95],[32,31],[0,127],[24,-3],[33,6],[5,39],[104,0],[125,-85],[31,32],[0,53],[125,0],[11,-42],[104,63],[17,16],[35,8],[34,-23],[18,-22],[31,-32],[18,21],[15,23],[41,-2],[30,-10],[0,42],[229,42],[10,-42],[14,21],[19,16],[25,10],[30,4],[37,-1],[42,-8],[83,42],[42,-42],[166,42],[104,21],[84,-42],[52,21],[21,-95],[0,-126],[-12,-26],[-12,-18],[-24,-10],[-25,22],[-31,-14],[-24,-22],[-15,-29],[-9,-38],[-1,-44],[7,-53],[-125,-126],[0,-84],[-42,-74],[-41,0],[0,-53],[-94,-52],[-83,42],[-146,-63],[-42,42],[-104,-105],[-20,21],[-32,42],[-52,0],[11,-74],[-52,-53],[-104,-21],[-63,21],[-62,-21],[-63,21],[-145,-63],[-105,21],[-62,-42],[-31,-52],[-94,-95],[-21,21],[-93,-42],[-21,-116],[114,-32],[115,158],[73,32],[41,0],[42,-21],[104,0],[146,63],[10,-53],[-156,-137],[-42,21],[-26,-14],[-26,-28],[12,-28],[20,-14],[145,63],[52,0],[31,43],[42,0],[208,84],[52,-32],[42,32],[0,52],[18,35],[27,25],[36,17],[44,8],[53,-1],[61,-10],[115,-31],[-31,-32],[-157,-190],[323,169],[11,-53],[-42,-84],[-10,-32],[41,0],[135,137],[32,32],[41,0],[63,21],[10,53],[21,63],[31,-11],[11,42],[52,21],[52,0],[-8,-45],[14,-21],[35,3],[0,-73],[0,-43],[-73,-73],[-41,0],[-11,-63],[115,21],[10,-53],[21,-63],[-135,-95],[-125,42],[-208,-126],[11,-28],[-14,-28],[-16,-14],[-23,-14],[-94,-43],[0,-94],[0,-42],[-20,-42],[-52,-32],[20,-42],[52,21],[125,200],[32,31],[145,106],[115,-32],[4,-33],[0,-28],[-13,-42],[-33,-23],[-31,-32],[-52,-94],[-5,-29],[-6,-24]],[[43329,15750],[-104,-105],[-187,-21],[-73,-116],[-177,-95],[-21,21],[-145,-147],[-84,42],[-31,-32],[104,-200],[-46,6],[-43,1],[-38,-5],[-35,-9],[-30,-15],[-26,-20],[-21,-35],[-21,-7],[-21,21],[-104,-21],[-52,-11],[-31,-31],[-94,52],[21,200],[-73,22],[-31,-74],[-5,-33],[0,-28],[5,-23],[23,-33],[25,-48],[2,-31],[-10,-39],[-30,-7],[-41,0],[-52,0],[8,-41],[2,-33],[-10,-42],[-31,-11],[-42,0],[-156,64],[-94,-148],[-30,-6],[-38,3],[-10,25],[5,20],[-135,-42],[-31,-74],[0,-42],[-73,-115],[-104,63],[-104,-63],[-22,-10],[-16,-15],[-12,-20],[-6,-26],[-1,-30],[5,-36],[-16,-28],[-15,-18],[-31,-3],[-16,14],[-16,24],[-83,-21],[-52,-74],[73,-31],[62,42],[42,-21],[208,84],[41,0],[63,21],[41,0],[21,-63],[32,0],[10,-24],[-3,-22],[-7,-28],[-73,-31],[-84,0],[-41,-42],[-208,-43],[-36,-17],[-25,-18],[-13,-35],[32,-35],[10,42],[198,42],[42,0],[10,-94],[-135,-53],[-115,-116],[21,-158],[94,-42],[73,116],[0,84],[52,53],[166,-21],[52,31],[-10,43],[0,32],[11,21],[21,10],[31,0],[41,-11],[42,0],[41,-21],[31,-42],[115,42],[31,-74],[-21,-63],[63,-116],[25,-8],[33,4],[9,31],[-5,26],[0,42],[-41,11],[0,242],[31,31],[114,-136],[42,-32],[21,-263],[83,-84],[-21,-22],[52,-10],[-10,74],[21,63],[-26,20],[-18,27],[-10,35],[-4,42],[5,50],[11,57],[-29,23],[-25,28],[-20,33],[-15,37],[-10,43],[-5,47],[52,95],[135,-42],[-62,115],[31,53],[167,-21],[104,63],[62,-105],[31,31],[-20,64],[20,63],[94,52],[104,-63],[146,63],[73,-21],[31,-84],[62,21],[73,-31],[-21,-64],[-72,-31],[-28,-10],[-22,-17],[-15,-23],[-9,-30],[-3,-36],[4,-42],[-31,-32],[-105,21],[-10,-52],[21,-63],[-83,-190],[10,-31],[52,21],[52,84],[39,7],[30,1],[23,-2],[23,-38],[52,-10],[83,42],[83,42],[25,-12],[17,-12],[11,-25],[-22,-25],[21,-63],[-135,-95],[-52,-105],[114,-21],[32,-74],[-32,-31],[-145,21],[-23,-14],[-16,-14],[-14,-28],[11,-28],[-83,42],[-52,-21],[7,-36],[3,-31],[-3,-27],[-7,-22],[-13,-18],[-19,-14],[-124,42],[-26,-37],[-33,-30],[-38,-24],[-45,-18],[-51,-12],[-57,-5],[-31,-84],[72,21],[42,0],[13,21],[19,16],[25,10],[31,4],[36,-1],[43,-8],[41,0],[167,-42],[52,-95],[-21,-63],[42,-84],[20,-63],[-20,-43],[20,-84],[0,-84],[-177,-95],[-145,21],[-52,-95],[-52,-10],[-52,-21],[-104,137],[0,73],[32,-4],[9,47],[42,10],[-73,32],[-63,-21],[-41,84],[-63,-21],[-72,147],[-84,-10],[42,-85],[0,-126],[21,-63],[0,-42],[-94,-53],[-52,21],[-62,116],[0,232],[-63,10],[-52,-105],[-22,10],[-16,14],[-11,21],[-6,25],[-1,31],[4,36],[-62,31],[-52,-84],[-84,42],[-10,-52],[31,-32],[52,-95],[-21,-147],[-31,-32],[10,-31],[-62,-21],[21,-64],[0,-42],[-21,-63],[-7,-39],[-32,0],[-23,8],[-63,136],[-31,32],[-73,-74],[0,-84],[-104,-105],[0,-84],[-31,-32],[-63,-21],[-62,42],[-52,74],[104,189],[31,32],[-10,74],[41,42],[-5,23],[6,30],[29,6],[22,-7],[14,35],[-14,36],[-17,17],[-24,18],[-94,-137],[-21,-11],[-21,-21],[7,-21],[-27,-137],[-10,-22],[-15,-16],[-20,-12],[-25,-6],[-30,-1],[-36,5],[-25,12],[-17,13],[-10,24],[21,24],[-62,106],[0,84],[-52,10],[-63,113],[-31,10],[-21,-28],[-2,-51],[4,-45],[11,-39],[17,-31],[23,-26],[30,-18],[8,-40],[3,-34],[-3,-29],[-8,-24],[-13,-18],[-18,-13],[-27,-8],[-37,0],[-12,21],[-6,40],[-15,17],[-20,11],[-25,6],[-30,1],[-36,-4],[10,31],[-20,64],[-73,31],[10,-31],[-83,-11],[-21,53],[21,63],[-52,10],[-24,23],[-24,-10],[-13,-18],[-12,-26],[21,-105],[0,-53],[41,-32],[32,11],[28,-19],[21,-19],[16,-20],[9,-19],[-1,-39],[-21,-53],[-198,43],[-28,-24],[-28,14],[-13,21],[-14,31],[-84,-42],[-32,-5],[-28,0],[-41,14],[-23,33],[-53,0],[8,-41],[3,-33],[-11,-42],[-31,-11],[-62,-21],[-104,63],[-125,-42],[-52,-10],[93,-53],[32,-31],[31,10],[104,-21],[62,21],[23,-15],[19,-20],[14,-24],[10,-29],[6,-33],[1,-37],[-52,-95],[-83,0],[-125,85],[-23,6],[-28,-6],[-6,-29],[5,-24],[0,-42],[135,-95],[84,42],[34,4],[31,-1],[26,-5],[22,-9],[18,-13],[14,-18],[125,21],[104,-21],[84,-42],[72,-42],[-20,-116],[-94,-31],[-42,0],[-145,-85],[-104,0],[-105,63],[-41,0],[-30,18],[-22,18],[-20,35],[9,35],[-31,31],[-31,-10],[-42,21],[-52,-11],[21,-115],[-52,-22],[-271,22],[-41,0],[-63,-22],[-62,22],[-104,-43],[-31,-63],[72,21],[63,-21],[83,42],[30,7],[23,1],[24,-14],[-4,-36],[156,-21],[63,21],[104,21],[52,-52],[-11,-37],[-3,-29],[17,-32],[49,3],[52,-95],[0,-42],[-21,-42],[21,-84],[-19,-39],[-26,-30],[-34,-20],[-42,-11],[-50,-2],[-58,7],[-94,-147],[-104,63],[-48,-3],[-18,32],[3,28],[11,37],[0,43],[21,42],[-21,84],[10,31],[-166,-42],[10,32],[-21,63],[-83,21],[-22,-36],[-23,-3],[-31,1],[-38,7],[-52,-11],[177,-95],[31,-31],[0,-42],[21,-64],[-11,-31],[31,-32],[12,-25],[12,-18],[25,-10],[24,22],[25,-18],[17,-17],[14,-35],[-14,-36],[-31,-31],[-21,-11],[-21,-21],[7,-21],[-101,-42],[-104,21],[-27,8],[-37,0],[-12,-21],[-49,-29],[-83,-42],[-30,23],[-18,23],[-8,23],[4,23],[15,22],[27,23],[6,23],[-6,30],[-29,6],[-23,-7],[-84,127],[-41,-21],[-31,-85],[52,-21],[31,-31],[0,-42],[-73,-116],[-36,-11],[-48,2],[-15,33],[5,29],[-21,10],[-20,21],[7,21],[-49,95],[21,84],[-115,200],[-52,-10],[21,-63],[0,-43],[42,-126],[41,-42],[0,-84],[-41,-42],[62,-106],[-31,-31],[-104,105],[-31,32],[0,42],[-52,10],[-115,116],[0,53],[-41,-32],[-63,-105],[-7,-43],[-2,-37],[4,-31],[10,-25],[15,-19],[22,-14],[-42,-84],[38,-24],[29,-25],[22,-25],[13,-24],[5,-25],[-3,-24],[-52,-95],[-52,-10],[-45,-4],[-38,4],[-31,10],[-25,18],[-17,24],[-146,-21],[-41,0],[-94,190],[-26,8],[-32,-4],[-9,-31],[4,-26],[0,-42],[-52,-95],[-20,42],[-42,-63],[-52,74],[21,42],[-52,95],[-11,-53],[-20,-11],[-21,-21],[7,-21],[-7,-84],[-104,53],[20,63],[-52,263],[-10,-53],[-73,-115],[-21,63],[-31,31],[-62,-42],[20,-63],[84,-84],[-21,-21],[42,-11],[16,-20],[13,-26],[9,-31],[5,-36],[1,-41],[-3,-46],[-26,-41],[-26,-32],[-26,-24],[-26,-15],[-26,-6],[-26,2],[-73,43],[-73,147],[-52,-95],[146,-189],[6,-23],[-5,-29],[-30,-6],[-33,19],[-21,7],[-21,-21],[-10,-21],[-125,0],[-42,-42],[-62,-21],[-63,21],[-31,31],[-31,-10],[-63,21],[-52,-11],[0,-31],[-24,-11],[-21,3],[-28,8],[-83,-42],[-83,0],[-25,31],[-29,26],[-36,21],[-41,14],[-46,10],[-52,3],[-28,17],[-23,23],[-18,27],[-14,32],[-8,38],[-3,42],[94,53],[41,0],[42,-21],[21,-6],[26,2],[5,35],[31,-10],[104,21],[-20,42],[-63,-21],[-83,0],[-63,21],[-104,-21],[-31,31],[-8,28],[-2,22],[10,24],[31,0],[32,32],[-21,10],[-21,21],[7,21],[-28,21],[-31,106],[-31,-32],[20,-105],[-72,-116],[-146,63],[-31,-168],[-52,-21],[-73,52],[41,127],[4,35],[-1,31],[-5,26],[-9,23],[-13,18],[-17,14],[21,126],[-63,85],[-52,31],[-31,11],[21,-63],[7,-28],[3,-22],[-10,-24],[-32,0],[0,-105],[32,-32],[20,-105],[-31,-74],[-114,116],[21,21],[-63,10],[42,-136],[0,-43],[41,-10],[63,-179],[-104,-148],[-31,-31],[10,-32],[-21,-147],[-21,-11],[-20,-21],[6,-21],[-48,-94],[-115,-53],[11,-32],[-104,-231],[-32,-32],[-10,-53],[-31,-31],[-104,-63],[-63,21],[-20,35],[-21,7],[-21,-21],[-83,42],[-42,0],[-83,42],[-73,116],[10,74],[-62,-21],[-104,21],[10,31],[-21,63],[21,63],[-125,11],[-62,137],[93,53],[136,0],[0,52],[-94,53],[-62,-21],[-11,31],[146,85],[-52,10],[-104,-21],[-63,21],[-31,32],[21,147],[-21,105],[0,85],[26,41],[26,32],[26,24],[26,15],[26,6],[26,-3],[115,-63],[41,95],[-20,105],[104,53],[-11,63],[-83,-42],[-83,-42],[-73,116],[-11,52],[-31,32],[-14,23],[-14,16],[-27,14]],[[43329,15750],[21,-9],[47,-2],[37,11],[-11,-32],[-41,-31],[0,-53],[0,-42],[-11,-53],[-31,74],[21,63],[-32,74]],[[47545,68463],[0,190],[-31,19],[-22,26],[-15,33],[-6,41],[2,47],[9,55],[-218,84],[-83,0],[-58,75],[-15,20],[-42,169],[5,19],[-9,35],[-27,-2],[-28,20]],[[47007,69294],[-22,19],[-15,20],[-12,38],[14,72],[84,-43],[-11,32],[21,63],[21,11],[21,21],[-21,31],[52,11],[31,-42],[73,-21],[10,52],[21,64],[-27,52],[-19,23],[-3,23],[2,31],[6,39],[0,42],[20,63],[32,74],[8555,0],[11,-2042]],[[55851,67927],[-157,21],[-416,-253],[-146,21],[-333,232],[-145,42],[-31,-22],[-36,-16],[-43,-10],[-48,-4],[-53,2],[-60,8],[-135,-64],[-42,-136],[-12,-27],[-17,-21],[-23,-15],[-29,-9],[-35,-4],[-40,2],[-31,-17],[-26,-23],[-22,-27],[-16,-32],[-20,-133],[63,-10],[0,-442],[-186,-132],[-43,-79],[-33,-37],[-17,-12],[-7,-5],[-16,-12],[-47,-23],[-54,-16],[-61,-9],[-67,-2],[-161,-118],[-297,-71],[-88,-12],[-76,0],[-65,12],[-53,23],[-42,35],[-30,47],[-250,-42],[-187,-105],[-42,0],[-156,-84],[-439,-576],[-21,-206],[14,-45],[22,-38],[29,-31],[-42,-210],[21,-147],[-7,-22],[-14,-42],[83,-63],[-17,-191],[9,-77],[15,-73],[15,-50],[21,-50],[32,-59],[27,-55],[48,-41],[100,-25],[77,-113],[79,-55],[30,0]],[[52102,64179],[12,0],[31,-11],[-62,-32],[21,-52],[-28,-14],[-21,-21],[-14,-28],[-7,-35],[0,-43],[7,-49],[-22,-17],[-23,-35],[9,-35],[15,-18],[-20,-63],[218,-179],[31,-32],[73,11],[31,-32],[-20,-63],[52,-10],[-11,-32],[42,-11],[104,-178],[-10,-32],[31,0],[10,-24],[-2,-22],[-8,-28],[73,-31],[72,-116],[0,-42],[-52,-11],[11,-31],[-94,-32],[-52,-74],[-31,11],[-31,-74],[-73,-31],[-63,21],[-125,-85],[-41,0],[-42,43],[-23,-6],[-28,6],[-6,29],[5,23],[21,105],[-104,53],[-21,53],[11,43],[3,34],[-3,24],[-28,20],[-25,-5],[-20,-85],[-156,42],[-32,32],[-12,26],[-12,18],[-24,10],[-25,-22],[-72,115],[62,21],[42,43],[0,126],[20,63],[-31,74],[-31,42],[-94,0],[-25,12],[-17,13],[-10,24],[21,25],[-73,31],[-104,-21],[-21,32],[-20,24],[-21,18],[-21,10],[-21,4],[-21,-4],[-62,-21],[-115,158],[-33,20],[-25,19],[-24,39],[-13,33],[-29,5],[-6,23],[-182,103],[-21,74],[21,42],[-42,137],[-197,21],[-42,0],[-83,42],[-83,-42],[-105,21],[-124,84],[-52,95],[41,84],[-41,85],[20,105],[-62,105],[21,147],[-52,53],[-52,0],[-32,-42],[11,-116],[-21,-105],[-114,-32],[-42,42],[-23,5],[-29,-5],[-6,-23],[-8,-36],[-19,-13],[-24,-9],[-28,-5],[-33,-1],[-38,3],[-115,158],[-10,53],[-31,42],[-94,0],[-135,221],[-21,116],[-125,21],[21,116],[16,24],[6,25],[-5,24],[-15,25],[-27,24],[-38,25],[21,63],[21,63],[-30,14],[-21,14],[-14,29],[23,28],[-21,63],[0,42],[-62,168],[83,190],[21,21],[-21,31],[-21,11],[21,63],[-21,63],[-156,116],[-31,32],[-62,-42],[20,-53],[-52,-21],[-83,63],[-31,42],[-146,74],[-31,31],[0,43],[-31,-1],[-11,25],[3,22],[8,27],[0,42],[-42,11],[-41,95],[-53,31],[-93,137],[21,74],[-157,63],[-10,53],[-219,179],[-31,31],[-21,63],[32,74],[145,-21],[-10,116],[0,52],[42,32],[20,232],[-114,73],[-21,35],[-21,7],[-21,-21],[-93,221]],[[16632,46186],[156,53],[35,23],[27,23],[19,23],[12,23],[4,22],[-3,23],[42,31],[41,95],[0,74],[42,31],[115,53],[208,-42],[41,-42],[94,42],[177,400],[62,-21],[49,12]],[[17753,47009],[128,30],[-2,43],[4,39],[9,34],[15,29],[21,25],[26,20],[31,-32],[0,-337],[219,-74],[187,-147],[8,-16],[65,-131],[136,0],[218,63],[167,347],[0,127]],[[18985,47029],[31,31],[333,42],[73,42],[14,102],[142,130],[250,63],[20,-5],[27,1],[5,36],[23,38],[30,29],[38,21],[46,11],[52,2],[61,-7]],[[20130,47565],[-21,-52],[6,-26],[10,-39],[22,-31],[243,-167],[141,2],[29,-71],[204,-100],[84,42],[25,-4],[27,4],[-11,42],[11,21],[45,7],[298,141],[52,-127],[94,0],[208,85],[52,-53],[21,-221],[146,-63],[41,-148],[219,-21],[177,21],[83,211],[344,0],[9,-36]],[[22689,46982],[22,-80],[-31,11],[-32,-53],[-15,-11],[-27,-36],[-10,-27]],[[22596,46786],[-114,-242],[-21,-126],[21,-42],[-63,-148],[104,-52],[0,-179],[240,-369],[73,-52],[0,-169],[76,-173],[7,-16],[-6,-30],[6,-44],[20,6],[22,-6],[7,-24],[34,-113],[35,-28],[7,-67],[41,0]],[[23085,44912],[-20,-52],[20,-21],[0,-358],[292,-379],[21,-190],[248,-307],[60,-39],[4,-54],[312,-379]],[[24022,43133],[0,-295],[-12,-73],[12,-74],[0,-84],[-125,-358]],[[23897,42249],[-125,-74],[-20,-74],[-32,-31],[-21,-14],[-36,-12],[-44,-5],[-50,1],[-57,9],[-146,-127],[-218,0],[-42,-115],[-10,-390]],[[23096,41417],[-135,-84],[-21,-74],[-39,-29],[-128,-97],[0,-84],[39,-49],[34,-53],[30,-57],[26,-62],[21,-67],[17,-70],[-4,-10],[4,-22]],[[22940,40659],[-42,-84],[-198,-84]],[[22700,40491],[-104,63],[-17,27],[-39,61],[-214,101],[-240,56],[-21,7],[-20,-21],[-11,-21],[-24,11],[-103,44],[-71,30],[-4,17],[-6,4]],[[21826,40870],[-31,126],[-260,168],[-45,-9],[-32,1],[-22,13],[-10,23]],[[21426,41192],[2,33],[13,45],[-260,84],[-177,200],[-52,53],[-302,31]],[[20650,41638],[0,42],[-42,63],[21,53],[-62,11],[20,52],[-104,32],[21,21],[-114,137],[-41,-14],[-22,-7],[-9,19],[-43,16],[-21,-4],[-4,36],[-131,38],[-62,-42],[-125,84],[-31,53],[-219,200],[-42,-21],[11,31],[-21,274],[-28,35],[-22,41],[-18,45],[-13,49],[-9,55],[-4,59],[-197,-21],[-42,-116],[-52,-31],[-31,-53],[-146,-105],[21,-105],[-5,-7],[-58,-78],[-31,32],[-135,63],[-21,-21],[-10,-21],[-63,0],[-187,105],[-6,16],[-88,237],[-198,84],[-197,-389],[-11,-158]],[[18079,42428],[-104,42],[-18,24],[-44,60],[-219,-63],[-62,-158],[-32,-32],[-177,22]],[[22596,46786],[23,-5],[19,-16],[-42,21]],[[26160,28169],[38,25],[180,-18],[49,-3],[62,-9],[83,-12],[30,6],[12,1],[11,0],[20,-7],[31,-42],[11,-21],[21,-11],[23,-42],[70,-32],[67,-31],[121,-32],[208,-105],[12,-23],[61,-114],[9,-7],[74,-56],[41,-74],[94,-21],[28,2],[-7,40],[54,-29],[38,31],[2,9],[18,8],[137,59],[63,28],[57,5],[50,-3],[42,-10],[34,-18],[27,-25],[19,-34],[11,32],[30,39],[36,35],[27,21]],[[28154,27731],[59,31],[51,19],[57,13],[93,-137],[32,-32],[31,-73],[3,-42],[-2,-37],[-7,-31],[-13,-25],[-19,-20],[-25,-14],[11,-179]],[[28425,27204],[-208,-63],[-52,-52],[-26,-31],[-19,-41],[-10,-61],[1,-71],[12,-81],[-26,-13],[-31,-9],[-37,-5],[-43,-2],[-48,2],[-54,6],[-94,-42],[-19,-36],[-14,-42],[-10,-46],[-4,-52],[0,-57],[5,-62],[-104,-42],[-41,-316],[197,-105],[27,-24],[102,-22],[80,-17]],[[28009,25920],[-11,-32],[-7,-36],[22,-20],[79,-81],[104,22],[-10,31],[52,11],[31,-32],[52,-10],[10,42],[52,-21],[167,42],[41,0],[146,-63],[42,0],[62,21],[28,-19],[22,-20],[15,-19],[9,-19],[-1,-39],[-62,-190],[0,-42],[20,-42],[-52,-32],[-93,-52],[21,-42],[27,-29],[20,-8],[25,-3],[29,2],[34,6],[41,0],[11,-31],[52,-32]],[[28987,25183],[42,0],[10,-53],[135,-94],[28,4],[33,-13],[2,-43],[-11,-33],[-41,-10],[31,-32],[62,21],[73,-73],[-5,-24],[6,-29],[28,-6],[23,6],[0,42],[28,8],[21,3],[24,-11],[0,-32],[83,-52],[63,-137],[0,-42],[-63,-105],[21,-43],[-31,-200]],[[29549,24235],[-42,0],[-177,-115],[-72,-53],[-157,-242],[-18,-11],[-481,-273],[-11,-43],[-7,3]],[[28584,23501],[-65,19],[-21,-53],[21,-42],[10,-50],[5,-43],[-2,-36],[-9,-30],[-25,-20]],[[28498,23246],[-11,42],[-83,-21],[-31,10],[21,-42],[-21,-126],[-21,-105],[42,-85]],[[28394,22919],[-32,11],[-41,-84],[-104,0],[-188,126],[-83,42],[-13,-21],[-19,-16],[-25,-10],[-31,-4],[-36,1],[-42,8],[-41,27],[-29,26],[-18,27],[-7,26],[5,26],[17,26],[-84,158],[73,42],[24,-5],[29,5],[-1,42],[-125,95],[0,84],[84,126],[-31,32],[-261,0],[0,221],[-31,32],[-73,-21],[-10,-42],[-11,31],[-31,-10],[-208,84],[52,-74],[0,-105],[-42,-95],[21,-17],[25,-13],[31,-9],[35,-5],[41,-1],[45,3],[18,-13],[13,-19],[8,-23],[3,-29],[-3,-34],[-8,-40],[0,-42],[-41,-84],[104,-190],[-21,-63],[-30,-14],[-21,-14],[-14,-28],[23,-28],[-41,-84],[-21,-21],[7,-22],[35,-21],[31,-31],[52,52],[62,190],[0,116],[94,21],[52,-95],[104,-105],[-21,-21],[39,-79],[19,-23],[36,7],[83,-42],[125,42],[14,-30],[14,-21],[28,-14],[27,23],[157,-63],[-13,-63]],[[28173,22783],[-8,-43],[-250,-126],[-125,-284],[-24,-18],[-122,-87],[21,-148],[0,-137]],[[26114,22319],[-62,42],[-146,21],[-42,0],[-22,5],[-29,-5],[-6,-23],[-130,-82],[-62,-21],[-32,-31],[-18,-27],[-19,-18],[-19,-10],[-39,7],[-19,16],[-115,-21],[-20,126],[-115,-21],[-187,21],[-83,42],[11,-28],[-14,-28],[-17,-14],[-22,-14],[-115,42],[-10,42],[-208,-84],[-83,84],[-177,42],[0,39],[-5,34],[-9,30],[-15,26],[-20,22],[-24,18],[-63,-42],[-229,168],[-17,-24]],[[23932,22653],[-24,-18],[-32,-10],[-38,-4],[-45,4],[-52,10],[-116,212],[-2,50],[-14,59],[-24,-5],[0,201],[-83,125],[0,211],[-51,28],[-36,19],[-59,206],[6,38],[-6,25],[35,284],[-9,78],[-34,54],[-106,58],[0,16],[-37,17],[-47,1],[-15,27],[-26,23],[-52,21],[-25,49],[-21,15],[-127,11],[-129,-12],[-21,21]],[[28498,23246],[-11,-21],[-31,10],[42,11]],[[40788,28894],[-19,-5],[10,31],[-62,32],[0,-53],[-94,-115],[-62,-85],[10,-31],[-21,-63],[-114,-74],[-31,-63],[-52,21],[-31,31],[-73,53],[-32,95],[0,42],[8,28],[3,21],[-11,25],[-31,0],[-10,52],[21,63],[-52,74],[-146,-84],[-53,6],[-46,13],[-40,19],[-33,26],[-27,33],[-20,40],[-41,94],[-115,64],[-31,-32],[30,-14],[21,-14],[7,-42],[-16,-14],[41,-11],[83,-116],[0,-168],[-41,-126],[-73,-74],[-23,5],[-29,-5],[-6,-23],[-254,-167],[-63,22],[-62,-22],[-42,0],[-312,106],[42,-63],[72,-43],[21,-94],[0,-42],[-41,-85],[-73,-31],[-31,-63],[-136,-64],[-62,22],[-42,0],[-166,84],[-63,21],[-62,-21],[-36,-18],[-24,-17],[-14,-35],[32,-36],[30,7],[23,1],[24,-14],[-4,-36],[41,3],[37,-4],[32,-10],[27,-18],[22,-24],[18,-31],[31,-31],[-42,-43],[11,-94],[31,0],[11,-25],[-3,-21],[-8,-28],[0,-42],[21,-63],[0,-42],[-42,-85],[21,-63],[-22,-17],[-23,-35],[9,-36],[15,-17],[-62,-63],[21,-63],[0,-43],[-6,-57],[-11,-53],[-15,-47],[-19,-44],[-25,-38],[-28,-34],[-32,-32],[-44,-22],[-37,-29],[-29,-37],[-23,-44],[-15,-51],[-8,-59],[21,-63],[0,-42],[62,-148],[-20,-105],[0,-42],[41,-11],[42,-73],[11,-37],[-2,-48],[-33,-15],[-28,5],[-73,-116],[21,-63],[-14,-25],[-20,-18],[-26,-12],[-33,-6],[-39,1],[-45,7],[-83,42],[-188,0],[-10,43],[-73,21],[-62,-21],[-63,-21],[-229,105],[-104,-63],[-42,0],[-145,63],[-84,0],[-124,84],[-11,-42],[-24,-8],[-31,0],[-10,21],[-29,8],[-104,42],[-52,-32],[21,-63],[0,-42],[-52,-10],[-52,-85],[-42,-10],[21,-105],[-52,-53],[-93,74],[-6,-38],[-1,-32],[4,-27],[10,-22],[15,-17],[19,-12],[-2,-35],[-31,-11],[-27,4],[-33,11],[-33,13],[-26,17],[-19,22],[-12,27],[-6,32],[2,36],[-281,-84],[-167,-169],[-31,148],[-281,0],[-125,-84],[-94,-116],[21,-105],[0,-43],[-93,-136],[0,42],[-63,-21],[-135,0],[0,-295],[-73,-21],[-291,0],[-52,21],[-32,105],[-30,-50],[-37,-43],[-42,-38],[-48,-33],[-54,-26],[-59,-20],[-63,-22],[-41,0],[-146,148],[-10,-25],[-16,-20],[-21,-13],[-27,-8],[-33,-1],[-39,4],[-18,-13],[-13,-19],[-8,-24],[-2,-29],[2,-34],[8,-39],[-219,-137],[-229,63],[-83,63],[-31,32],[-31,-11],[-104,42],[-427,-10],[208,-11],[21,-252],[-135,-42],[-28,-15],[-21,-20],[-15,-27],[-10,-33],[-3,-39],[4,-45],[-21,-106],[-63,-147],[0,-42],[-20,-211],[-84,-189],[21,-63],[0,-43],[-21,-63],[-135,-52],[-62,21],[-55,6],[-50,1],[-44,-4],[-39,-10],[-34,-15],[-28,-20],[-146,-21],[-23,15],[-18,20],[-15,24],[-10,29],[-5,32],[-2,37],[-21,11],[-20,21],[7,21],[-28,95],[4,41],[-13,18],[-33,-6],[-21,-53],[0,-84],[63,-106],[0,-42],[-31,-52],[-63,21],[-10,-74],[-115,-74],[-52,-84],[83,-21],[0,-326],[-41,-42],[41,-43],[0,-242],[-41,-10],[62,-190],[0,-42],[-21,-147],[30,-14],[21,-14],[7,-42],[-16,-14],[42,-85],[0,-42],[-42,-84],[25,-16],[21,-21],[16,-26],[12,-31],[7,-35],[2,-39],[16,-22],[7,-21],[-2,-21],[-11,-21],[-21,-21],[-30,-21],[20,-63],[-10,-32],[34,-13],[8,-22],[2,-31],[-3,-41],[-10,-50],[26,-17],[19,-16],[17,-31],[-10,-31],[115,-84],[21,-53],[-21,-63],[0,-85],[218,-136],[32,-116],[-73,-32],[-94,-52],[21,-64],[31,11],[13,-20],[16,-15],[21,-9],[24,-5],[29,1],[32,6],[21,-74],[0,-42],[52,-10],[42,0],[31,-74],[11,-53],[31,-31],[23,-14],[18,-29],[-18,-28],[-23,-14],[73,-73],[83,42],[52,0],[0,-127],[-83,-52],[83,-42],[-4,-31],[4,-22],[35,-17],[30,4],[39,13],[0,-53],[0,-42],[-21,-42],[-62,-31],[31,-43],[83,0],[104,-63],[63,21],[73,-31],[0,-53],[41,-31],[73,10],[115,-158],[0,-84],[-104,-105],[-32,-32],[-52,-105],[-52,-21],[-30,8],[-38,-4],[-10,-31],[5,-26],[-31,11],[-83,-42],[-104,-22],[-52,53],[0,53],[-136,0],[32,-95],[21,-63],[-53,-11],[-62,-21],[-31,11],[-73,-74],[-42,0],[-145,-63],[-42,0],[-62,105],[-63,-42],[-31,-42],[-323,-42],[-41,-42],[-84,0],[-135,95],[-42,31],[-20,74],[0,42],[-21,63],[-21,11],[-21,21],[7,21],[-38,21],[-31,73],[-32,32],[-104,-21],[-83,63],[-104,-42],[-187,21],[-115,116],[0,95],[-41,31],[-105,106],[0,84],[42,84],[-62,274],[-35,21],[-7,21],[21,21],[-21,63],[104,190],[-10,52],[-52,-105],[-73,-21],[-63,21],[-62,-42],[-35,-2],[-10,-28],[4,-24],[10,-30],[-94,42]],[[29986,21140],[11,8],[0,13],[117,67],[195,133],[62,327],[52,21],[27,-8],[46,8],[0,31],[44,32],[175,126],[6,16],[50,117],[37,151],[-270,569],[-14,48],[-174,605],[-20,273],[-146,316],[0,148],[83,105],[0,84]],[[30267,24330],[23,33],[19,17],[14,20],[10,25],[6,29],[1,34],[21,-42],[10,32],[42,0],[31,31],[52,95]],[[30496,24604],[63,10],[8,42],[33,169],[88,44],[100,156],[13,18],[18,14],[23,8],[29,2],[34,-2],[39,-8],[135,84],[17,17],[14,21],[9,28],[4,32],[1,38],[-3,53]],[[31121,25330],[72,-63],[188,105],[16,29]],[[31397,25401],[36,66],[31,32],[146,168],[27,-8],[22,-2],[24,10],[0,32],[93,74],[396,0],[260,84],[83,200],[38,26],[285,195],[229,0],[354,253],[520,-43],[73,21],[19,93],[10,21],[31,0],[15,-16],[64,118],[48,90],[39,33],[107,93]],[[35679,31552],[0,-42],[-177,-94],[-52,21],[-31,63],[-23,6],[-28,-6],[-6,-29],[5,-24],[32,-22],[22,-23],[10,-23],[0,-23],[-11,-23],[-22,-23],[-104,21],[-28,11],[-21,16],[-16,23],[-9,30],[-2,36],[3,42],[22,25],[-10,25],[-18,12],[-25,12],[-99,-40]],[[35091,31523],[-5,-2],[-156,221],[9,27],[12,36],[-8,32],[-13,52],[6,83],[15,202],[-187,63],[-42,126],[-53,44],[-59,39],[-65,34],[-70,29],[-77,24],[-82,20],[-187,147],[-333,0],[-146,-105],[-323,-53],[-10,32],[-42,0]],[[33275,32574],[0,42],[-31,31],[-156,32],[-31,-32],[20,-73],[-41,-11],[41,-21],[-52,-11],[-27,-28],[-28,-14],[-28,0],[-28,14],[-27,28],[-28,43],[-23,4],[-29,-4],[-6,-24],[-150,-40]],[[32651,32510],[-32,32],[-156,95],[-31,-63],[-302,-127],[-177,0],[-62,-137],[-11,-5],[-24,-47]],[[31856,32258],[-80,-148],[-45,-3],[-38,3],[-31,11],[-24,17],[-18,25],[-10,32],[-83,0],[-11,-53],[52,-95],[28,8],[21,3],[24,-11],[0,-31],[52,-95],[31,-32],[42,-84],[-42,-42],[104,-190],[-52,32],[-31,32],[-73,31],[-31,-31],[21,-53],[198,-126],[31,0],[10,-25],[-2,-21],[-8,-28],[0,-42],[24,-75]],[[31915,31267],[17,-52],[-83,-221],[-52,-21],[-156,21],[-52,-105],[-34,-10],[-46,-2],[-16,23],[-71,73],[-93,148],[-133,35],[-159,-56],[-20,-53],[41,-126],[-62,-169],[-56,-18],[-28,-45]],[[30912,30689],[-52,-10],[12,-29],[-14,-28],[-17,-14],[-22,-14],[-25,13],[-18,12],[-10,25],[22,24],[-21,63],[0,42],[-21,63],[6,24],[-6,30],[-29,5],[-34,5]],[[30683,30900],[-20,63],[14,49],[-35,35],[0,42],[10,34],[4,27],[-10,32],[-35,2],[-84,105],[-36,26],[-5,-5],[-6,13],[-25,61],[20,189],[-145,253],[13,42],[-13,42],[9,51],[-9,55],[32,181],[-12,71],[8,71],[13,119],[11,95],[7,67],[3,27],[63,106],[-21,42],[7,10]],[[30441,32805],[55,74],[0,42],[0,63],[133,249],[17,90],[10,140],[-14,132],[8,59],[-8,67],[12,61],[-33,150],[8,31],[34,137],[-80,134],[-285,129],[-72,74],[26,32],[19,37],[14,41],[7,46],[1,51],[-5,56],[-83,21],[-88,153],[-25,3],[-30,-2],[-38,-4],[-29,82],[-19,53],[0,463],[-125,10],[-59,137],[-63,112],[-79,31],[-163,15],[-63,-42],[-250,21],[-270,147],[-229,21],[-32,32],[-218,326],[-55,75]],[[28370,36354],[-8,10]],[[28362,36364],[32,42],[7,3],[45,18],[90,91],[24,25],[52,31],[21,21],[42,-42],[65,-37],[70,36]],[[28810,36552],[0,-30],[8,-39],[252,70],[323,-21],[62,169],[210,87],[79,150],[18,22],[20,-4],[17,-3],[41,0],[73,9],[94,12],[184,-62],[9,-1],[327,0],[250,-63],[31,-32],[177,-179],[54,9],[47,2],[41,-4],[35,-10],[29,-16],[23,-23],[333,0],[22,80],[-11,57],[0,63],[114,116],[121,-44],[171,-40],[83,63],[146,-21],[104,-63],[22,-31],[92,-127],[23,-38],[31,-30],[196,-27],[83,-231],[177,-64],[12,-23],[61,-113],[25,-20],[69,-54],[159,64],[77,48],[48,31],[25,15],[12,7],[241,151],[83,30],[217,126],[12,12],[31,32],[21,-7],[49,29],[86,72],[40,0],[54,32],[40,73],[10,64],[4,73],[-3,80],[-9,89],[32,66],[51,102],[-42,274],[8,24],[34,103],[-8,23],[-13,40],[21,42],[10,10],[63,106],[121,-10],[47,63],[30,41],[177,116],[14,30],[34,70],[212,142],[-21,64],[2,70],[-16,55],[-4,12],[-115,157],[-200,274],[-13,6],[-60,26],[-42,0],[-39,-8],[-33,-3],[-29,3],[-24,8],[-18,13],[-13,18],[78,276],[-19,79]],[[34510,39361],[126,49],[180,70],[83,0],[187,-126],[333,0],[31,-32],[207,-263],[116,-105],[167,0],[197,-106],[63,-252],[114,-64],[104,64],[42,-21],[2,-9],[19,-13]],[[36481,38553],[-11,-31],[21,-84],[-21,-63],[21,-43],[-6,-18],[6,-24],[0,-42],[85,-220],[10,-21]],[[36586,38007],[51,-117],[-62,-105],[166,-147],[-9,-22],[-15,-17],[-20,-11],[-25,-7],[-31,0],[-35,4],[10,-32],[-62,-105],[21,-84],[-21,-84],[-21,-11],[-21,-21],[7,-21],[-59,-42]],[[36460,37185],[-125,-148],[-31,-31],[-187,-132],[-52,-89],[-271,84],[-208,0],[-52,-74],[-42,-284],[-166,-63],[20,-74],[-6,-37],[22,-19],[120,-140],[31,-35],[31,-32],[17,-25],[19,-26],[16,-23],[-7,-11],[-201,-305],[7,-73],[1,-68],[-4,-63],[-10,-57],[-15,-51],[-21,-24],[38,-69],[223,-68],[31,63],[198,42],[41,42],[52,-137],[-9,-26],[-53,-142],[57,-91],[151,-67],[42,-126],[249,-43],[21,-52],[0,-32],[35,-10],[31,-2],[40,3],[50,9],[91,-115],[76,-17],[250,-57],[135,21],[21,105],[89,12]],[[37205,34628],[150,-54],[42,0],[187,-105],[42,0],[132,-179],[17,-23],[46,2],[34,10],[17,23],[17,15],[35,7],[35,-24],[208,84],[10,21],[21,22],[21,-8],[42,-45],[104,-32],[31,63],[104,-63],[104,21],[11,-21],[20,-21],[21,7],[31,-49],[32,-31],[-156,-137],[-42,21],[-208,-190]],[[38313,33942],[-167,63],[-62,64],[-21,-36],[-21,-7],[-21,22],[-114,-95],[62,-169],[23,-24],[-11,-24],[-17,-13],[-26,-12],[-271,126],[-36,-9],[-47,2],[-15,26],[5,23],[-115,21],[-83,-42],[-52,21],[-21,105],[-52,21],[-23,-4],[-28,4],[-6,24],[-89,40],[-104,126],[-208,-84],[-166,84],[-136,-63]],[[36491,34132],[-52,105],[-166,-21],[-42,-42],[-125,0],[-16,26],[-22,19],[-28,14],[-35,7],[-40,2],[-46,-5],[-25,18],[-19,22],[-15,26],[-10,30],[-4,34],[0,38],[-219,85],[-93,0],[-21,-148],[-38,-3],[-33,0],[-30,5],[-26,10],[-22,13],[-18,17],[-31,106],[-364,-232],[21,-74],[-52,-73]],[[34920,34111],[-11,84],[-93,21],[-21,35],[-21,7],[-21,-21],[-187,63],[-84,-42],[-104,21],[-20,-21],[-84,84],[-31,-73],[83,-85],[-20,-21],[41,-10],[21,-74],[-21,-74],[-52,-21],[-146,106],[-124,-42],[-32,52],[-114,53],[-63,105],[-43,-10],[-33,-4],[-24,4],[-19,28],[5,24],[-73,21],[-62,-21],[-30,7],[-39,-4],[-10,-24],[6,-21],[-63,-32],[94,-31],[14,-31],[14,-21],[27,-14],[28,24],[94,-95],[-21,-21],[42,-11],[21,-84],[135,-105],[27,8],[22,2],[24,-10],[0,-32],[-11,-31],[31,-11],[11,-42],[-3,-33],[-8,-41],[53,0],[166,-168],[42,0],[41,-63],[11,31],[14,-30],[-1,-23],[14,-24],[35,4],[-41,-169],[239,21],[104,0],[281,-200],[31,-31],[34,-26],[28,-31],[22,-38],[16,-43],[10,-49],[5,-55],[21,-11],[20,-21],[-20,-32],[34,-26],[29,-30],[24,-35],[18,-39],[13,-43],[6,-48],[94,-42],[52,158],[52,32],[52,-95],[0,-42],[33,-24],[14,-42],[0,-28],[-5,-32],[0,-43],[94,-242],[10,158],[0,42],[-19,11],[-23,32],[-4,21],[0,24],[4,28],[73,42],[52,-21],[21,-95],[-21,-21],[7,-21],[35,-21],[-42,0],[42,-31],[-42,-200]],[[19234,10402],[73,0],[115,-95],[31,-32],[10,-94],[-52,-11],[-41,-63],[34,-14],[8,-21],[2,-32],[-4,-40],[-9,-51],[-73,-32],[-25,13],[-17,12],[-11,25],[22,24],[-135,53],[-84,-42],[-29,-7],[-39,3],[-10,25],[5,21],[-93,42],[-11,-42],[-52,-21],[-83,42],[-21,35],[-21,7],[-20,-21],[-35,23],[-27,23],[-19,23],[-12,23],[-4,22],[3,23],[21,63],[-11,52],[-83,-42],[-22,-11],[-16,-15],[-11,-19],[-6,-23],[-1,-27],[4,-31],[-114,-42],[-136,-179],[-41,-32],[-104,-242],[-12,-26],[-12,-18],[-25,-10],[-24,23],[-32,-74],[-62,-21],[42,-32],[0,-52],[-28,-39],[-33,-33],[-39,-27],[-45,-22],[-50,-16],[-55,-11],[41,-10],[-83,-158],[-93,-74],[-73,-95],[5,-20],[-9,-34],[-28,2],[-31,-63],[-114,-43],[-25,-12],[-18,-13],[-10,-24],[21,-24],[-10,-53],[-31,32],[-5,-41],[14,-17],[32,5],[-41,-137],[-31,11],[-11,-42],[42,-11],[-63,-105],[-20,-11],[-21,-21],[7,-21],[-7,-74],[-94,-52],[-62,21],[-42,0],[-31,-63],[-73,-42],[-187,105],[-136,-53],[84,-168],[-52,-32],[-32,-52],[-114,-74],[-37,7],[-18,-23],[-112,-68],[-10,-53],[-21,-63],[-31,-32],[-73,-116],[42,-10],[-32,-63],[-31,-32],[-26,-16],[-19,-16],[-18,-31],[11,-32],[-73,32],[31,11],[-104,-22],[-41,0],[-11,-42],[42,-10],[-21,-53],[-52,-21],[-52,0],[8,-24],[0,-32],[-13,-23],[31,-9],[3,-34],[-8,-25],[-83,-53],[62,-105],[-21,-105],[0,-116],[-73,-42],[-62,-21],[-63,21],[-31,-11],[0,32],[-104,0],[-10,-42],[-73,31],[31,11],[-62,0],[-21,1]],[[23408,56935],[-66,-38],[-76,-50],[-80,-45],[-85,-41],[-88,-36],[-63,21]],[[22950,56746],[-52,95],[83,189],[4,42],[-1,38],[-5,34],[-9,29],[-13,26],[-17,21],[21,63],[-167,295],[6,23],[-5,30],[-30,5],[-23,-6],[-25,13],[-17,12],[-11,25],[22,24],[-21,63],[73,32],[41,0],[84,-42],[62,-22],[31,32],[-20,63],[0,42],[-177,95],[-63,-21],[-41,0],[-136,63],[0,74],[125,168],[42,32],[21,116],[0,42],[62,10],[21,116],[0,42],[17,30],[18,22],[17,15],[35,5],[48,23],[-10,32],[145,189],[32,32],[-11,31],[136,179],[31,-31],[21,-28],[20,0],[21,28],[-41,84],[93,53],[156,157],[-20,22],[72,31],[42,0],[63,-21],[62,21],[73,116],[41,74],[94,21],[177,147],[-21,53],[-8,27],[-2,22],[10,25],[32,-1],[52,11],[31,32],[52,94],[31,32],[42,0],[10,42],[83,53],[115,115],[62,21],[63,-21],[41,0],[167,127],[23,-5],[29,5],[0,42],[73,0],[10,21],[21,21],[21,-7],[73,7],[52,11],[31,31],[83,42],[63,-21],[14,-16],[27,-5],[28,33],[14,30],[62,-21],[63,21],[62,-21],[167,42],[156,127],[146,252],[73,42],[31,32],[135,179],[167,-84],[41,42],[125,0],[167,84],[14,31],[13,21],[28,14],[28,-24],[94,95],[-21,21],[62,95],[64,-6],[60,-1],[56,5],[52,9],[47,15],[44,20],[104,105],[21,-21],[10,42],[281,127],[42,0],[10,42],[156,84],[42,0],[167,84],[187,42],[20,-5],[27,2],[5,35],[135,137],[42,0],[83,-42],[240,126],[72,105],[63,-21],[10,42],[44,-2],[40,4],[35,11],[31,17],[26,24],[22,30],[31,43],[177,84],[83,0],[125,84],[84,0],[41,0],[83,42],[42,0],[83,42],[84,42],[62,-21],[83,42],[125,-42],[42,0],[146,21],[27,3],[28,-7],[28,-17],[28,-25],[27,-36],[28,-44],[21,21],[271,-42],[31,-63],[156,-84],[52,-74],[73,-32],[41,0],[146,-105],[26,5],[31,-9],[4,-33],[-9,-26],[28,-7],[35,7],[7,35],[-7,28],[406,21],[83,0],[146,21],[83,0]],[[32401,62494],[-27,-43],[-36,-34],[-31,-39],[18,-29],[17,-17],[35,0],[17,17],[17,29],[31,32],[-10,31],[427,137],[-21,85],[-146,-64],[-10,64],[177,63],[31,63],[94,42],[14,30],[13,21],[28,15],[28,-24],[83,42],[11,21],[20,21],[21,-7],[78,10],[61,29],[55,36],[49,41],[43,48],[37,54],[31,32],[0,42],[104,189],[115,74],[52,0],[31,42],[-10,32],[145,231],[84,116],[83,0],[0,42],[73,42],[41,0],[104,63],[250,253],[21,-21],[10,42],[198,126],[104,21],[42,0],[62,22],[52,10],[14,34],[21,9],[31,2],[40,-4],[51,-9],[28,-32],[21,-37]],[[35323,64489],[16,-45],[9,-50],[2,-57],[-4,-64],[42,-42],[-5,-26],[5,-26],[34,7],[25,-5],[3,-139],[84,-84],[0,-106],[54,-135],[91,-96],[7,-33],[0,-24],[-20,-25],[-21,0],[-28,8],[21,-74],[-6,-37],[-3,-25]],[[35629,63411],[-2,-11],[-10,42],[-208,0],[0,-169],[-135,0],[-141,-199],[-8,-67],[13,-81],[-7,-46],[-10,-61],[-4,-20],[-19,-9],[-334,-170],[0,-431],[-63,-127],[-73,-52],[-93,-179],[-35,-23],[-111,-72],[-14,-159],[3,-12],[4,-27],[-14,-34],[-52,-32],[-125,-199],[-114,0],[0,-305],[-73,-53],[-229,21],[-42,0],[-53,-5],[-49,0],[-44,5],[-39,9],[-35,14],[-30,19],[-31,53],[-31,31],[-312,21],[-42,0],[-62,-6],[-56,-1],[-69,7],[-29,7],[-40,15],[-35,20],[-12,21],[-41,74],[-31,32],[-270,42],[-21,-21],[-271,0],[-31,84],[-135,21],[-32,-52],[-10,-4],[-83,-28],[-104,-105],[-136,-42],[-41,-200],[-24,-9],[-39,-13],[-31,-10],[-12,25],[-19,7],[-31,31],[-17,28],[-25,14],[-312,-105],[-198,-200],[-104,-263],[-219,-42],[-31,0],[0,-264],[-198,-31],[-62,84],[-271,-84],[-156,-158],[-93,-95],[-53,-53],[-26,-39],[-26,-55],[-14,-48],[-7,-33],[-9,-75],[-1,-65],[-166,-169],[-1,-111],[-62,-131],[-19,-7]],[[29332,59076],[-199,-77],[-34,9],[-107,30],[-234,66],[-125,-63],[-42,84],[-20,-21],[-333,0],[-157,-63],[-93,168],[-188,21],[-26,-32],[-21,-36],[-16,-40],[-9,-44],[-3,-48],[3,-52],[-281,105],[-271,0],[-21,21],[-31,-84],[-281,21],[-135,-211],[-103,-16],[9,-26],[-409,22],[-7,-22],[-101,-11],[-100,0],[-91,11],[-79,24],[-70,35],[-59,47],[-31,-85],[-140,-18],[-95,-73],[-55,-49],[-137,-218]],[[25240,58451],[-125,64],[-83,-43],[-167,43],[-145,-22],[-63,-21],[-22,4],[-23,-5],[-22,-12],[-23,-19],[-22,-28],[-23,-34],[31,-32],[104,63],[104,-21],[42,0],[104,-21],[42,0],[39,8],[33,3],[29,-3],[23,-8],[19,-13],[13,-18],[-32,-76]],[[25073,58260],[-114,-272],[-208,-137],[-26,-32],[-23,-37],[-14,-57],[-5,-81],[5,-56],[-90,-37],[7,-37],[9,-31]],[[24614,57483],[-16,-2],[-3,-19],[-88,7],[-100,9],[-62,5],[-63,42],[-91,-76],[-33,-50],[-188,0],[-178,-67],[-20,-39],[-45,-7],[-31,1],[-38,6],[-98,-89],[4,-90],[-83,-105],[-73,-74]],[[32401,62494],[83,42],[13,23],[24,20],[24,-13],[12,-19],[-52,-18],[-48,-22],[-56,-13]],[[26989,33205],[29,7],[23,1],[24,-14],[-2,-19],[50,-17],[146,-42],[208,84],[35,-8],[28,8],[41,0],[47,-4],[40,1],[101,66],[106,13],[95,1],[85,-8],[20,-6],[12,-3],[43,-11],[64,-29],[54,-41],[47,37],[32,10],[37,4],[43,-2],[49,-7],[41,0],[19,6],[23,15],[31,32],[22,12],[145,83],[41,179],[177,116],[266,-2],[33,22],[55,22],[167,0],[229,-190],[218,0],[136,-189],[52,-32],[41,-263],[250,-42],[49,-190]],[[30683,30900],[-31,-11],[-93,-179],[-5,-47],[0,-42],[5,-37],[9,-33],[14,-28],[18,-23],[0,-127],[11,-137],[41,127],[73,-116],[-31,-137],[-63,105],[-10,-200],[-21,-63],[21,-189],[-73,-32],[-21,-35],[-20,-7],[-21,21],[-31,32],[0,84],[-14,27],[-28,25],[-28,-11],[-14,-20],[42,-126],[-63,-148],[42,-126],[-94,-74],[-31,0],[0,-105],[-30,-8],[-36,13],[-7,20],[1,30],[10,40],[-42,21],[9,-37],[-2,-48],[-26,-15],[-23,5],[-20,52],[20,64],[0,42],[-72,31],[-94,-137],[0,-126],[-73,-31],[-31,-32],[-23,-18],[-22,-35],[8,-35],[16,-17],[-187,-190],[-32,-31],[-72,-74],[-11,-116],[31,-42],[94,0],[47,-32],[32,-31],[15,-32],[-1,-31],[-18,-32],[-33,-31],[-104,21],[-104,-21],[-63,21],[-21,-23],[-16,-27],[-11,-29],[-7,-34],[-1,-37],[4,-40],[-102,-11]],[[29270,28225],[-96,-10],[-5,3]],[[29169,28218],[-203,123],[-104,-21],[-42,0],[-10,-42],[-146,-21],[-21,-74],[-239,-200],[-31,1],[-11,-25],[3,-22],[8,-27],[0,-42],[-219,-137]],[[24673,32721],[221,-12],[65,-93],[65,-7],[59,0],[53,7],[48,14],[41,21],[36,28],[41,-21],[42,21],[83,-42],[84,63]],[[28539,28573],[5,-40],[-14,-28],[-32,5],[-125,21],[-21,63],[25,16],[-22,34],[-24,13],[-104,-42],[-41,-210],[62,-85],[42,42],[41,21],[42,0],[21,-42],[83,0],[104,85],[83,0],[16,-31],[21,-7],[26,17],[270,147],[21,84],[-21,105],[42,127],[0,42],[-21,63],[16,14],[-7,42],[-20,14],[-30,14],[-21,84],[62,169],[-41,84],[20,63],[0,42],[-14,45],[14,21],[42,-2],[-18,21],[-12,21],[-6,21],[-1,21],[5,21],[11,21],[21,105],[-33,4],[-29,-4],[-26,-10],[-23,-18],[-19,-24],[-16,-32],[16,-21],[7,-21],[-2,-21],[-11,-21],[-21,-21],[-30,-21],[20,-106],[-20,-168],[-84,42],[-20,21],[-21,-105],[-42,-21],[32,-23],[26,-26],[20,-30],[15,-34],[8,-36],[3,-41],[-21,-63],[28,5],[28,-14],[28,-33],[-21,-84],[-42,-21],[-21,-63],[0,-85],[-31,11],[-41,5],[-14,-19],[-18,-81],[-104,21],[0,42],[-21,-105]],[[29289,29478],[62,42],[63,148],[-21,21],[62,105],[0,211],[42,21],[62,-21],[0,-211],[-41,-42],[0,-42],[-4,-25],[9,-33],[32,-9],[25,4],[63,126],[-42,126],[42,85],[-21,105],[24,12],[17,21],[11,30],[3,40],[-3,49],[-11,59],[-20,63],[-21,42],[41,84],[25,11],[33,5],[5,-37],[58,61],[10,23],[32,5],[25,-5],[21,84],[-5,34],[0,30],[5,26],[9,23],[14,19],[18,16],[125,84],[0,105],[-250,85],[0,42],[-41,0],[-104,-21],[20,-127],[0,-84],[5,-46],[-2,-41],[-8,-34],[-13,-29],[-19,-22],[-25,-17],[0,-43],[-42,-84],[21,-63],[-21,-84],[-41,21],[-21,-42],[-63,-84],[-41,-85],[41,-105],[-83,-63],[42,-84],[-21,-42],[42,-127],[-104,-42],[-42,-105],[-83,42],[-42,-63],[146,-148]],[[31397,25401],[-141,-92],[-63,63],[-31,32],[-15,23],[-20,19],[-24,14],[-28,10],[-32,6],[-37,2],[-83,0],[-28,9]],[[30895,25487],[-35,12],[-19,26],[-24,31],[-29,38],[-4,28],[-38,287],[-66,101],[-1,37],[-15,46],[-22,-5],[-21,53],[3,26],[-12,33],[-33,-6],[-41,94],[-9,40],[-54,-8],[0,63],[-41,21],[-21,11],[0,31]],[[30413,26446],[0,106],[-52,0],[-21,35],[-21,7],[-21,-21],[-48,14],[-45,18],[-40,22],[-36,27],[-32,31],[-28,35],[-31,-32]],[[30038,26688],[-41,85],[33,94]],[[30030,26867],[8,21],[73,-21],[31,-31],[31,10],[229,-105],[13,-22],[24,-19],[24,12],[12,19],[-93,94],[-21,-21],[-94,127],[-83,52],[42,21],[-32,11],[94,116],[0,84],[-62,189],[-209,295],[84,169],[-21,147],[21,11],[20,21],[-20,31],[62,148],[-8,27],[-2,22],[10,24],[31,0],[-10,32],[104,189],[-21,106],[21,105],[-8,28],[-2,21],[10,25],[31,0],[115,200],[62,147],[-21,63],[63,211],[83,126],[-7,37],[22,19],[6,28],[62,11],[-7,45],[-1,40],[4,35],[10,31],[15,27],[21,22],[52,31],[114,200],[-41,127],[-63,105],[21,63],[31,32],[-10,31],[104,148],[-21,63],[-21,42]],[[31915,31267],[17,138],[73,32],[52,94],[21,63],[31,32],[42,0],[52,95],[0,42],[-62,84],[31,74],[83,-21],[28,21],[-28,42],[-62,-21],[-21,35],[-21,7],[-21,-21],[-73,21],[-41,168],[-160,106]],[[32651,32510],[-11,-31],[21,-63],[0,-42],[-83,-169],[41,21],[73,74],[104,147],[146,-105],[31,126],[156,-21],[11,53],[23,34],[22,24],[23,14],[22,4],[23,-7],[22,5]],[[35091,31523],[47,-76],[42,-63],[0,-42],[-31,-32],[-52,-95],[0,-42],[23,-18],[18,-24],[13,-29],[8,-34],[2,-40],[-2,-44],[83,-84],[11,-53],[52,21],[21,-74],[-15,-24]],[[13932,18392],[-27,43],[0,31],[-108,9],[-37,212],[2,12],[-21,88],[-23,-5],[-3,10]],[[13715,18792],[-39,127],[-10,95],[-33,13],[-8,22],[-2,31],[3,41],[9,50],[0,43],[41,31],[-62,116],[42,126],[-73,53],[-73,179],[0,84],[0,42],[-42,11],[-21,95],[-2,24],[5,25],[13,24],[21,25],[30,24],[38,25],[41,32],[21,52],[-21,42],[-21,63],[42,169],[62,63],[-52,11],[-52,94],[21,274],[42,84],[-21,63],[94,53],[52,84],[-94,21],[-16,-34],[-23,-26],[-29,-19],[-37,-10],[-43,-1],[-50,6],[-21,53],[63,105],[-33,-2],[-29,2],[-25,7],[-20,11],[-17,15],[-11,20],[-73,42],[-21,52],[21,64],[-21,63],[62,105],[-20,21],[52,11],[166,-253],[94,53]],[[13635,21488],[208,-137],[-42,95],[42,252],[62,105],[-72,32],[-73,137],[-5,24],[5,29],[23,6],[39,46],[-104,53],[-42,147],[-83,53],[0,52],[-135,0],[-115,116],[0,74],[94,21],[62,-21],[11,42],[52,21],[62,-21],[42,0],[83,-42],[219,-347],[31,-32],[34,-11],[27,-18],[20,-26],[12,-34],[4,-41],[-3,-49],[145,-116],[53,-84],[10,53],[-10,52],[-73,42],[-84,158],[0,42],[-41,11],[-21,74],[-63,31],[-52,105],[-31,32],[0,42],[-41,11],[-21,94],[145,106],[-10,52],[-83,-63],[-42,21],[-62,-21],[-63,21],[-27,-8],[-37,0],[-12,21],[-17,82],[41,11],[63,94],[0,63],[104,106],[-31,52],[-136,-136]],[[13697,22962],[0,-85],[-135,-94],[-52,0],[10,39],[4,30],[-4,22],[-27,18],[-25,-4],[-4,28],[0,25],[4,21],[23,31],[19,11],[-24,17],[-18,25],[-10,31],[-4,39],[4,46],[10,52],[115,32],[83,105],[-187,-63],[-63,21],[-10,95],[62,158],[-25,8],[-33,-4],[-9,-31],[5,-26],[-12,-25],[-12,-18],[-24,-10],[-25,21],[-25,-12],[-17,-12]],[[13291,23453],[-73,98],[21,63],[167,169],[-21,21],[42,84],[-21,63],[21,63],[135,11],[21,-63],[31,-32],[73,-31],[10,52],[31,32],[42,0],[63,21],[25,-12],[18,-12],[10,-25],[-22,-25],[39,-3],[34,-7],[28,-14],[24,-18],[18,-24],[13,-29],[52,74],[-83,105],[20,137],[94,42],[21,21],[83,-84],[84,126],[31,43],[41,-4],[36,5],[31,12],[25,19],[19,28],[14,34],[0,64],[-73,115],[-124,-42],[10,-31],[-21,-148],[-73,-73],[-55,10],[-48,2],[-40,-5],[-33,-12],[-25,-20],[-17,-28],[-42,-74],[-156,-84],[-53,-4],[-45,3],[-37,12],[-29,20],[-21,28],[-13,36],[18,84],[17,23],[46,-2],[34,-11],[15,-31],[15,-22],[32,-10],[31,32],[-20,63],[-7,37],[22,19],[47,49],[42,42],[-11,95],[-31,32],[-31,-11],[-31,116],[0,42],[10,22],[15,17],[19,11],[23,6],[27,1],[30,-4],[52,-105],[52,21],[0,63],[-41,0],[-42,73],[-7,21],[-29,27],[-21,7],[-26,1],[-31,-3],[-219,242],[0,42],[-21,64],[52,10],[63,21],[166,-168],[32,31],[-42,169],[42,73],[114,0],[42,-42],[41,-42],[84,42],[83,-84],[21,21],[62,-21],[26,-19],[18,-19],[10,-19],[-7,-39],[-16,-20],[52,-31],[52,31],[-41,84],[-208,169],[-8,28],[-3,21],[11,25],[31,0],[14,30],[14,21],[27,14],[28,-23],[94,52],[-94,53],[-83,-42],[-28,-8],[-36,0],[-12,21],[-59,124],[20,63],[-10,53],[-22,-12],[-16,-15],[-11,-19],[-7,-23],[0,-27],[4,-31],[-73,-42],[-73,32],[6,23],[-5,30],[-29,5],[-24,-6],[-52,-10]],[[13822,25699],[-73,52],[-114,158],[-10,43],[0,32],[10,21],[21,10],[31,0],[41,-11],[63,-21],[10,63],[-30,-2],[-27,4],[-23,9],[-19,15],[-15,21],[-11,27],[42,116],[-52,21],[-18,-12],[-13,-25],[20,-24],[21,-13],[-93,-53],[-21,106],[-31,31],[0,42],[21,148],[83,84],[41,74],[42,0],[52,126],[28,-2],[9,34],[-6,21],[136,94],[41,0],[94,-21],[21,85],[-63,31],[-31,32],[-42,0],[-62,21],[-52,95],[42,31],[41,95],[115,74],[23,-6],[29,6],[6,29],[-6,23],[73,74],[20,-21],[125,84],[73,148],[73,42],[37,10],[28,3],[31,-17],[-2,-49],[-11,-32],[32,-31],[0,-42],[156,-32],[52,-147],[83,-32],[-5,-23],[5,-29],[23,-6],[29,-37],[10,53],[0,42],[-41,84],[-271,232],[0,53],[135,0],[42,0],[83,42],[37,-11],[28,-3],[32,18],[-3,48],[-31,-10],[-63,21],[-41,0],[-31,84],[-146,74],[21,63],[-21,42],[44,25],[27,24],[12,25],[-5,24],[-20,25],[-37,25],[93,52],[42,0],[62,21],[21,-21]],[[14894,28278],[177,-105],[42,-116],[17,-29],[17,-18],[35,0],[17,18],[18,29],[-42,84],[0,42],[-12,26],[-13,18],[-24,11],[-24,-23],[-26,20],[-18,19],[-10,39],[23,38],[-94,52],[-156,-21],[21,74],[42,32],[21,73],[-21,64],[-21,63],[73,73],[21,-21],[62,21],[73,116],[114,32],[19,-13],[13,-19],[7,-23],[3,-29],[-3,-35],[-7,-39],[11,-22],[15,-17],[18,-11],[23,-6],[27,-1],[31,4],[-63,95],[-10,53],[-4,45],[4,39],[10,31],[17,25],[25,18],[-52,10],[-39,-6],[-30,-2],[-23,3],[-23,20],[-21,80],[63,105],[-21,63],[-5,24],[6,29],[28,6],[23,-6],[42,0],[73,-42],[62,168],[-83,21],[21,74],[52,32],[41,0],[26,12],[17,13],[11,24],[-23,24],[-4,24],[4,29],[24,6],[-44,89],[2,57],[-28,-14],[5,-33],[-104,32],[-8,28],[-3,21],[11,25],[31,-1],[-10,32],[104,63],[-42,84],[-21,106],[21,63],[0,42],[-21,63],[-21,11],[-20,21],[6,21],[-142,105],[-23,19],[-17,25],[-11,30],[-6,37],[0,41],[5,48],[-93,53],[-73,31],[10,27]],[[15019,30821],[31,79],[104,105],[42,210],[52,53]],[[15248,31268],[86,-29],[39,-13],[29,-36],[34,-42],[31,-38],[31,-31],[11,-22],[39,-73],[23,-42],[0,-32],[322,0],[94,-116],[142,-45],[66,-81],[52,-11],[250,0],[208,-105]],[[17163,24909],[-4,-125],[15,-222],[-188,-148],[-21,-336],[-65,-40],[-9,-5],[-61,-29],[-75,-29],[-81,-24],[-86,-18],[-91,-13],[-157,-144],[-75,-90],[-26,-64],[-85,-260],[-23,-10],[-196,-85],[-183,-171],[-140,-156],[-41,-347],[-292,-168],[0,-158],[167,-379],[0,-316],[-146,-421],[13,-73],[5,-64],[-3,-57],[-15,-59],[-15,-30],[-27,-33],[-135,-116],[-54,-71],[-40,-213],[-72,-74],[-229,-63],[-67,-83],[-34,-68],[-55,-281],[-84,-126],[0,-611],[-36,-146],[-5,-22],[-22,-14],[-166,-102],[0,-116],[-125,-189],[-72,-263],[-12,6]],[[14050,18283],[-72,36],[-14,23],[-32,50]],[[13635,21488],[-104,31],[-21,95],[0,42],[-135,95],[-32,31],[-62,106],[21,21],[-63,158],[26,8],[33,-4],[8,-31],[-4,-26],[14,-23],[13,-16],[28,-14],[28,11],[31,-32],[83,-84],[105,63],[124,-21],[32,-52],[41,-127],[-41,-21],[31,-10],[10,-53],[-62,-105],[-31,-32],[-73,-10]],[[13291,23453],[-11,-24],[22,-25],[-21,-63],[31,-53],[11,42],[23,8],[31,0],[8,-40],[-31,-31],[-177,0],[-5,35],[0,32],[5,28],[9,25],[14,21],[15,35],[12,21],[37,0],[27,-11]],[[13822,25699],[30,-12],[24,-16],[17,-21],[11,-25],[4,-29],[-3,-34],[73,-21],[84,0],[62,-21],[52,-95],[0,-84],[-52,-11],[-187,106],[-84,-42],[-135,242],[-7,36],[22,20],[89,7]],[[14894,28278],[21,7],[21,35],[52,-31],[-94,-11]],[[13697,22962],[104,179],[-83,63],[-104,-106],[83,-136]],[[35629,63411],[30,-75],[249,-42],[0,-158],[177,-200],[88,7],[81,1],[74,-5],[68,-9],[61,-15],[55,-21],[21,-105],[121,-13]],[[36654,62776],[21,2],[25,-10],[-1,-32],[115,-73],[83,-43],[83,22]],[[36980,62642],[219,-158],[10,-53]],[[37209,62431],[-114,-95],[42,-95],[83,-31],[-5,-23],[5,-29],[23,-6],[23,-37],[0,-38],[-5,-35],[-9,-32],[-14,-28],[-18,-25],[187,-10],[-21,-74],[42,-126],[31,10],[94,-179],[0,-42],[62,-63],[63,-190],[-146,-273],[63,-106],[15,-17],[1,-53],[-15,-17],[-22,-18],[-31,-31],[-32,-32],[21,-147],[42,-127],[-21,-105],[21,-147],[31,-74],[31,-32],[21,-105],[-52,-74],[-61,-2],[-55,4],[-48,11],[-42,17],[-36,24],[-29,31],[-31,-116],[135,-95],[32,-32],[41,0],[-5,-23],[6,-29],[28,-6],[23,6],[104,-148],[11,53],[73,32],[31,31],[-38,25],[-29,24],[-22,25],[-13,24],[-5,25],[3,25],[104,231],[-21,63],[0,42],[21,43],[-21,63],[21,42],[-21,63],[0,42],[31,74],[73,-74],[21,-105],[42,-84],[20,-274],[-20,-63],[20,-63],[0,-43],[-20,-63],[52,-10],[52,-95],[-21,-63],[21,-53],[83,-52],[-21,-64],[42,-84],[0,-137],[93,-42],[27,-14],[17,-14],[-3,-42],[-20,-14],[-104,63],[-104,63],[-62,-21],[10,-116],[-21,-52],[52,-21],[63,21],[41,0],[11,-53],[52,-10],[25,-12],[17,-12],[11,-25],[-22,-25],[32,-23],[14,-43],[0,-28],[-4,-32],[-73,-32],[-26,13],[-17,12],[-11,25],[23,24],[-52,10],[10,32],[-135,52],[-52,-21],[197,-273],[63,21],[24,21],[24,-10],[12,-17],[13,-26],[-42,-84],[0,-42],[21,-63],[-63,-106],[-3,-45],[3,-39],[11,-31],[17,-25],[24,-18],[32,-10],[0,-84],[44,-28],[32,-28],[20,-29],[8,-28],[-4,-28],[-17,-28],[73,-31],[31,-74],[62,-32],[0,-158],[29,-27],[24,-32],[19,-36],[15,-41],[11,-45],[7,-50],[41,-42],[0,-169],[-30,-14],[-21,-14],[-14,-28],[24,-28],[-94,-53],[-167,85],[-125,0],[-41,0],[-83,-42],[-42,0],[-125,-85],[-250,-42],[-21,35],[-20,7],[-21,-21],[-63,21],[-104,-21],[-104,21],[-146,106],[-62,21],[-36,-9],[-48,1],[-15,27],[5,23],[-406,168],[-31,32],[-31,-11],[-104,63],[-28,-7],[-36,0],[-12,21],[-28,7],[-104,64],[-84,0],[-104,84],[-22,-5],[-29,5],[-6,23],[-192,124],[-64,41],[-55,50],[-47,57],[-40,66],[-31,73],[-24,82],[52,10],[52,-73],[63,-43],[0,85],[-83,126],[5,44],[1,40],[-4,34],[-10,29],[-14,24],[-20,19],[21,147],[-21,126],[0,42],[-21,64],[21,105],[-177,95],[-10,94],[20,63],[-41,85],[21,63],[10,31],[-31,43],[-52,0],[-31,63],[83,10],[-94,11],[-52,168],[-218,-21],[-136,32],[115,10],[-156,21],[0,211],[-167,0],[0,63],[167,0],[0,179],[-52,11],[-94,136],[-52,11],[-83,0],[-125,126],[-11,-52],[-9,-22],[-15,-17],[-20,-11],[-25,-6],[-30,-1],[-36,4],[-31,-95],[52,32],[145,-126],[84,21],[33,-13],[26,-18],[19,-22],[12,-27],[5,-32],[-2,-36],[-187,0],[0,95],[-31,32],[-250,21],[-42,0],[-39,-3],[-35,-7],[-30,-11],[-25,-17],[-21,-21],[-16,-26],[-312,85],[-115,147],[-50,-5],[-44,5],[-36,13],[-30,22],[-22,30],[-16,40],[-10,-105],[-156,21],[-14,30],[-28,33],[-28,-4],[-13,-17],[-32,42],[-186,19],[-32,23],[-23,5],[-28,0],[-32,-5],[-53,85],[105,31],[-13,26],[-12,18],[-24,10],[-24,-22],[-104,63],[-52,-84],[-52,-21],[-105,63],[-31,42],[-302,84],[-72,-116],[-31,-14],[-20,-14],[-14,-28],[23,-28],[-21,-95],[-239,-126],[-25,-15],[-18,-20],[-12,-25],[-5,-31],[0,-36],[8,-41],[-38,7],[-33,2],[-29,-4],[-23,-10],[-19,-16],[-14,-22],[-11,43],[-281,0],[-31,-32],[0,-95],[-146,0],[-21,-84],[-114,42],[-31,11],[-32,-32],[-135,-158],[2,-29],[-9,-21],[-20,-12],[-32,-5],[-43,3],[-54,12],[10,-32],[0,-274],[-45,-23],[-37,-32],[-29,-42],[-20,-50],[-11,-59],[-3,-68],[-21,-10],[-21,-21],[7,-21],[-90,-158],[-31,-32],[0,-42],[-32,-31],[-104,-64],[-31,-31],[-177,-263],[0,-42],[-21,-64],[0,-42],[-104,-147],[-31,-32],[10,-31],[-52,-11],[11,-31],[-63,-106],[42,-126],[0,-42],[21,-14],[16,-19],[10,-25],[4,-31],[-2,-37],[-7,-43],[10,-31]],[[29778,57504],[-62,21],[-35,-12]],[[29681,57513],[-28,-9],[-52,-32],[83,63],[-31,11],[10,32],[-104,42]],[[29559,57620],[-104,358],[9,45],[12,60],[-8,42],[-13,63],[9,28],[116,362],[-270,21],[0,200],[124,210],[-102,67]],[[28560,13023],[94,32],[62,21],[94,-21],[52,-127],[167,85],[-11,-32],[52,-11],[31,74],[94,53],[73,-74],[-7,-49],[0,-42],[7,-35],[14,-28],[21,-21],[27,-14],[-34,-23],[-27,-30],[-18,-37],[-9,-44],[-2,-51],[7,-58],[-94,22],[-10,-127],[-94,-21],[-72,11],[-32,-32],[-16,-27],[-15,-19],[-32,-18],[-30,11],[-42,-31],[-73,-211],[-146,85],[-93,-32],[5,-21],[-9,-33],[-27,1],[10,-31],[0,-63],[-167,-169],[-41,-147],[-83,-85],[93,-73],[115,-158],[3,-52],[-3,-47],[-8,-41],[-13,-36],[-18,-31],[-24,-25],[-156,-73],[94,-116],[10,-74],[4,-67],[-4,-59],[-10,-53],[-18,-46],[-24,-38],[-41,-42],[10,-95],[31,0],[11,-24],[-3,-22],[-8,-28],[21,-105],[-21,-63],[21,-63],[-42,-85],[-30,-14],[-21,-14],[-13,-28],[23,-28],[-42,-84],[0,-42],[-21,-105],[21,-64],[-114,-94],[-32,-53],[-73,-95],[125,42],[94,137],[42,32],[21,116],[0,42],[20,42],[52,31],[66,-42],[57,-51],[48,-61],[38,-69],[30,-79],[22,-87],[0,-42],[83,-127],[0,-84],[-104,-189],[-94,-53],[-104,21],[-42,0],[-104,63],[-104,-21],[-73,21],[-68,81],[-22,19],[7,37],[-83,84],[104,106],[-135,94],[-73,-94],[-11,-32],[-239,0],[42,148],[41,10],[-41,84],[-21,63],[21,43],[-21,126],[21,95],[41,10],[-41,63],[0,316],[-21,21],[21,106],[-21,178],[-52,0],[-115,-115],[42,-190],[21,-63],[-21,-105],[0,-42],[21,-64],[-11,-52],[-52,0],[-31,-42],[-52,-53],[21,-63],[-30,-14],[-21,-14],[-14,-28],[23,-28],[-52,-32],[-31,-95],[0,-42],[-73,-73],[-104,21],[-63,-21],[-72,31],[83,147],[42,32],[20,53],[-83,42],[42,116],[41,10],[-39,57],[-28,-14],[5,-32],[-45,-5],[-39,3],[-32,10],[-27,18],[-20,25],[-14,33],[-31,0],[0,-105],[-52,0],[-28,23],[-28,-14],[-14,-21],[-14,-30],[-33,-3],[-29,2],[-23,8],[-18,13],[-13,19],[-8,24],[-53,-32],[157,-158],[20,21],[11,-52],[41,-11],[8,-38],[2,-34],[-4,-28],[-10,-24],[-16,-20],[-21,-14],[-31,-31],[-26,-13],[-18,-12],[-10,-25],[22,-24],[-177,-137],[-31,32],[-31,-11],[-104,63],[-208,253],[-94,-32],[167,-189],[62,-63],[-21,-106],[42,-168],[-42,-126],[-93,-74],[-29,39],[-35,32],[-40,25],[-46,17],[-53,10],[-58,3],[-62,200],[-31,32],[-146,-148],[-23,-4],[-29,4],[-6,24],[-88,61],[-135,-95],[177,-95],[43,11],[33,3],[24,-3],[19,-28],[-5,-25],[115,-42],[27,-8],[22,-3],[24,11],[0,32],[145,-127],[-20,-42],[41,-126],[-62,-63],[21,-106],[-104,-52],[-21,-116],[0,-42],[-21,-63],[-31,-32],[10,-32],[-177,-52],[-21,35],[-20,7],[-21,-21],[-125,126],[-31,-31],[20,-106],[-135,-10],[-34,-23],[-24,-22],[-13,-23],[-4,-23],[7,-23],[16,-23],[-114,-32],[-22,-9],[-17,-15],[-11,-20],[-6,-26],[-1,-31],[5,-36],[-73,-31],[-42,0],[-94,-95],[21,-21],[-41,-32],[0,-94],[-15,-34],[-22,-27],[-30,-20],[-36,-12],[-44,-5],[-51,3],[-188,126],[-62,-21],[-62,21],[-42,-21],[-42,21],[-83,-42],[-27,-8],[-37,0],[-12,21],[-28,8],[-29,23],[-23,30],[-15,37],[-9,44],[-2,51],[5,57],[0,43],[42,84],[20,147],[-20,42],[-115,116],[-187,21],[-31,53],[145,147],[-31,116],[-208,-168],[-39,37],[-31,46],[-23,54],[-15,62],[-7,70],[0,78],[-239,200],[-31,53],[-125,73],[-21,74],[-31,74],[-31,42],[-52,0],[-42,0],[-73,42],[-21,53],[52,10],[11,42],[114,42],[-10,74],[21,63],[20,11],[21,21],[-21,31],[42,85],[0,42],[-5,23],[5,30],[23,5],[40,47],[-42,84],[62,190],[-83,84],[21,21],[-21,63],[52,53],[83,-42],[84,42],[41,0],[146,-148],[104,-21],[31,-115],[0,-43],[42,-10],[18,-71],[10,-21],[32,0],[23,8],[52,84],[125,0],[104,-63],[14,-31],[14,-21],[28,-14],[28,24],[10,-53],[42,-11],[41,-94],[-6,-30],[-1,-23],[14,-25],[35,4],[146,-200],[-21,-84],[135,116],[23,-33],[42,-14],[28,0],[32,4],[114,-115],[0,-53],[84,-42],[0,-42],[52,0],[135,137],[-33,26],[-27,33],[-20,39],[-14,45],[-8,51],[-2,58],[-115,32],[-27,50],[-32,43],[-38,35],[-42,28],[-48,20],[-52,13],[-21,53],[-41,74],[-42,0],[-21,73],[-21,64],[52,10],[-10,32],[21,52],[52,21],[62,-21],[52,-31],[-93,137],[-73,42],[31,105],[23,-5],[30,5],[-1,42],[94,21],[41,0],[104,-21],[42,0],[146,-21],[83,42],[104,-21],[198,11],[-115,52],[11,32],[-135,52],[-63,-21],[-42,0],[-166,43],[-42,0],[-145,42],[-42,-21],[-125,42],[-25,12],[-17,12],[-11,24],[22,25],[-52,11],[-28,10],[-22,17],[-15,23],[-9,29],[-3,36],[4,43],[208,116],[21,73],[20,40],[26,33],[34,26],[39,19],[47,13],[52,6],[42,0],[63,63],[187,21],[42,0],[166,85],[42,42],[83,0],[42,-42],[62,21],[104,-21],[83,42],[42,-42],[344,168],[41,137],[73,-11],[42,43],[52,0],[41,84],[42,0],[-31,63],[-84,-21],[-124,42],[-146,-84],[-42,21],[-62,-21],[-21,21],[-104,-105],[-63,21],[-124,-85],[-229,21],[-105,22],[-10,-43],[-52,-21],[-62,21],[-63,-21],[-125,0],[-83,42],[-42,0],[-62,22],[-63,-22],[-41,0],[-188,64],[-52,94],[0,42],[125,169],[0,42],[42,168],[187,190],[-21,21],[52,11],[14,30],[14,21],[28,14],[28,-23],[125,84],[41,0],[271,105],[73,116],[-63,105],[21,106],[-21,63],[63,105],[-21,63],[42,84],[22,25],[-10,25],[-18,12],[-26,12],[-31,1],[-10,21],[10,41],[219,-21],[104,21],[83,42],[42,-42],[62,21],[21,-21],[21,7],[21,35],[41,-42],[42,42],[83,-42],[63,21],[62,-21],[125,84],[83,0],[18,-22],[17,-15],[35,-7],[34,23],[63,-21],[83,42],[146,-21],[73,-105],[72,-42],[32,-42],[52,0],[-10,-21],[10,-42],[18,-21],[28,-21],[37,-21],[83,42],[63,21],[104,-21],[62,21],[63,-21],[93,-137],[21,-11],[21,-21],[-21,-31],[94,-53],[52,-95],[-7,-36],[22,-20],[110,119],[-42,106],[52,31],[83,85],[104,-22],[73,53],[-20,42],[-24,39],[11,39],[17,19],[27,19],[23,-6],[29,7],[6,29],[-6,23],[12,25],[13,18],[24,10],[24,-22],[52,21],[31,-63],[291,148],[42,-22],[62,22],[11,-22],[21,-21],[20,7],[125,-28],[94,-126],[62,21],[73,-74],[-20,-105],[-42,-31],[0,-95],[0,-42],[21,-63],[0,-43],[-94,-10],[10,31],[-93,53],[-83,0],[-105,63],[-21,-19],[-14,-38],[21,-39],[25,-20],[0,-73],[-33,6],[-13,-17],[4,-42]],[[19484,24056],[-27,-117],[-35,-156],[-28,-22],[-18,-15],[-48,-37],[-333,-84],[-83,-63],[-104,42],[-32,-53],[-26,-21],[-80,-61],[-70,-55],[-61,-16],[-168,-47]],[[18371,23351],[10,53],[0,305],[-146,0],[-21,326],[-52,53],[-249,63],[-21,28],[-42,56],[-343,-21],[-21,-168],[-95,-220],[32,-64],[-9,-24],[-36,-99],[-17,-46],[0,-42],[-83,-400],[89,-45],[15,-8]],[[17382,23098],[41,-305],[-145,-126],[20,-242],[-353,-148],[-16,-105],[203,-432],[-21,-210],[6,-24],[10,-41],[20,-28],[76,-44],[148,-84],[94,-95],[21,-232],[125,-168],[0,-169],[-14,-93],[35,-328],[116,-234]],[[17748,19990],[8,-18],[-41,-74],[-104,-21],[-84,-137],[-114,-95],[-52,-95],[-21,-16],[-73,-57],[-31,0],[-10,-21],[10,-42],[-104,-53],[-42,-63],[-20,-211],[-11,-52],[-187,21],[-65,-234],[-8,-30],[-52,-31],[-240,-432],[0,-210],[-166,-274],[-35,-18],[-64,-92],[-47,-101],[6,-20]],[[14030,17455],[-14,39],[-27,77],[7,43],[34,210],[-6,26],[-35,142],[5,22],[13,49],[32,119],[11,101]],[[24116,49524],[156,221],[-65,12],[-60,16],[-55,21],[-49,25],[-44,29],[-39,34],[-21,52],[-10,53],[-198,0],[-21,126],[-104,21],[-63,179],[8,53],[34,242],[0,84],[-47,95],[-15,32],[0,126],[55,205],[-76,174],[3,60],[0,56],[-5,50],[-9,44],[-13,40],[-18,34],[-52,10],[-48,15],[-42,22],[-37,27],[-33,34],[-27,40],[-208,0],[-219,-106],[-21,-42],[-114,0],[-136,84],[-10,21]],[[22513,51713],[2,4],[8,18],[24,4],[39,196],[83,126],[-41,210],[77,63],[131,274],[73,74],[25,-6],[31,11],[4,39],[-8,30],[29,6]],[[22990,52762],[23,4],[166,0],[9,24],[158,18],[125,106],[124,0],[115,94],[4,65],[-2,58],[-7,51],[-14,44],[-19,37],[-24,30],[166,84],[21,284],[52,53],[239,84],[-6,58],[-1,54],[4,50],[10,45],[15,41],[6,11],[9,84],[-16,183],[146,21],[21,200],[105,79],[51,37],[52,-7],[21,-5]],[[24543,54649],[1,-1],[24,-6],[41,-19],[36,-23],[29,-30],[25,-35],[73,0],[118,-221],[267,-158],[624,-21],[42,0],[83,0],[375,-169],[62,106],[188,0],[10,42],[21,-10],[198,-95],[229,21],[60,-5],[75,-6],[135,-10],[42,0],[18,-8],[117,-52],[302,-4],[229,-168],[145,59]],[[28112,53836],[11,4],[-7,-64],[0,-7],[7,-121],[2,-13],[40,-90],[125,-21],[41,-137],[219,-301]],[[28550,53086],[10,-14],[-166,-337],[0,-148],[8,-20]],[[28402,52567],[-29,-22],[-50,-65],[-36,-66],[-10,-23],[-13,-33],[-20,-61],[-6,-24],[-13,-53],[-13,-91],[-2,-41],[38,-153],[-83,-148],[-72,-64],[-116,-104],[-41,-32],[-29,-109],[-13,-49],[-208,-231],[-17,-11],[-108,-63],[-208,-432],[-63,-273],[-249,-253],[-32,-32],[-16,-24],[-244,-365],[-20,-15],[-55,-41],[-73,-55],[-8,-5]],[[26593,49629],[-187,84],[-146,-84],[-44,-5],[-30,0],[-30,5],[-26,9],[-20,14],[-17,19],[-145,-42],[-73,-21],[-60,104],[-138,106],[-12,22],[-117,210],[-6,11],[0,3],[-19,43],[-23,6],[-21,53],[8,25],[-8,17],[-31,32],[-187,147],[-162,-41],[-112,-58],[-101,-70],[-31,-42],[-86,-10],[-112,-116],[-10,3],[-84,-77],[-187,-263],[-73,21],[-52,-116],[-34,-24],[-101,-70]],[[24022,43133],[302,-10],[31,63],[240,21],[31,-15]],[[24626,43192],[281,-133],[210,-2],[60,10],[55,15],[50,20],[47,-8],[28,-1],[60,9],[0,42]],[[25417,43144],[8,-3],[0,1]],[[25425,43142],[383,-99],[61,33],[56,28],[64,19],[250,0],[146,-106],[14,-30],[41,-35],[28,23],[416,-42],[292,-274],[39,-7],[34,-3],[28,3],[24,7],[18,14],[13,18],[31,32],[219,294],[322,127],[284,13],[8,8],[166,0],[292,-148],[156,221],[20,17],[31,25],[63,53],[24,-6]],[[28948,43327],[8,-99],[230,-31],[214,-29],[24,-3],[73,-95],[31,-32],[47,-22],[22,-27],[18,-31],[14,-36],[9,-39],[-3,-31],[81,-87],[426,-106],[42,-515],[52,-53],[281,-84],[19,-90],[116,-121],[333,-168],[208,0],[177,-64],[8,-61],[26,-93],[28,-66],[29,-45],[34,-40],[73,-74],[208,-63],[396,42],[48,-11]],[[32220,41153],[40,-10],[72,-18],[69,-66],[250,0],[104,-63],[187,-21],[146,-105],[104,21],[83,-21],[110,211],[5,31],[7,21],[30,27],[21,6],[25,-4],[26,2],[120,158],[31,42],[36,37],[41,32],[183,110],[36,-8],[43,-5],[38,2],[27,-4],[25,-25],[33,-9],[17,7],[216,-33],[71,-5],[74,15],[201,129],[145,0],[156,-200],[53,-11],[83,21],[20,-5],[27,1],[5,36],[0,-23]],[[35180,41426],[0,-57],[78,-21],[36,6],[42,0],[166,0],[125,-84]],[[35627,41270],[52,-63],[167,-22],[83,-178],[0,-270],[3,-11],[24,-66],[4,-9],[32,-45],[-8,-22],[-55,-167],[6,-23],[77,-293],[132,-133],[8,-5],[164,-68],[82,-15],[17,-26],[76,-111],[15,-7],[89,-45],[44,-108]],[[36639,39583],[-12,2],[-46,-86],[-111,-366],[21,-43],[0,-31],[104,0],[-62,-158],[0,-253],[-52,-95]],[[34510,39361],[-24,3],[-18,14],[-8,22],[-352,17],[-83,63],[-26,34],[-172,229],[-31,32],[-250,21],[-177,200],[-115,116],[-416,21],[-187,63],[-84,105],[-182,-107],[-182,-261],[-52,-53],[-58,3],[-52,-4],[-45,-11],[-38,-17],[-32,-24],[-25,-31],[-166,0],[-87,-72],[-49,-118],[-301,-21],[-31,-46],[-11,-17]],[[31256,39522],[-260,21]],[[30996,39543],[6,40],[15,86],[-146,64]],[[30871,39733],[-21,115],[6,43],[15,105],[-157,214],[-364,133],[-41,169],[-64,-7],[-57,-2],[-52,4],[-46,10],[-39,16],[-34,21],[-41,200],[6,60],[15,140],[-70,-5],[-63,2],[-57,10],[-51,18],[-44,26],[-38,33],[-200,182],[-17,13],[-236,143],[-88,41],[-13,21],[-19,11],[-86,123],[-174,-8],[-229,127],[-229,0],[-187,126],[-208,0],[-42,42],[-270,0],[-94,-137],[-36,-26],[-204,-153],[-41,-50],[-63,-76],[-270,0],[-86,39],[-81,45],[-76,50],[-70,55],[-65,61],[-59,66],[-250,0],[-375,168],[-250,0],[-145,106],[-292,0],[-28,28],[-34,21],[-42,14],[-48,7],[-56,0],[-62,-7],[-94,-169],[-219,0],[-62,-63],[-229,-42],[-156,-95]],[[24189,41701],[-156,264],[-26,92],[-48,177],[-54,13],[-8,2]],[[29559,57620],[-20,-232],[-105,-105],[21,-21],[-21,-158],[42,31],[73,32],[114,116],[-20,21],[20,63],[0,42],[18,104]],[[29778,57504],[52,-32],[-21,-63],[21,-63],[0,-42],[-21,-63],[-21,-11],[-20,-21],[6,-21],[-121,-105],[10,-32],[-52,-10],[-93,-95],[21,-21],[-52,-11],[10,-31],[-21,-63],[-21,-11],[-21,-21],[7,-21],[-7,-74],[11,-73],[-52,0]],[[29393,56620],[0,126],[-364,21],[-229,147],[-32,53],[-135,137],[-208,63],[-146,0],[-83,-42],[-302,0],[-135,-274],[-35,-2],[-11,-32],[4,-26],[11,-35],[-125,-105],[-84,-316],[73,-116],[75,-75],[19,-19],[0,-190],[47,-95],[15,-31],[16,-162],[36,-80],[81,-82],[13,-13],[63,-232],[-6,-21],[-36,-147],[156,-305],[94,-127],[166,-42],[0,-126],[-93,-44],[-59,-41],[-139,-178],[-3,-88],[65,-102],[10,-183]],[[24543,54649],[10,193],[-1,2],[-2,35],[6,25],[31,2],[31,0],[8,40],[55,196],[-24,25],[-13,22],[-35,59],[-170,287],[-167,116],[-31,268],[0,6]],[[24241,55925],[93,63],[42,210],[146,64],[41,168],[229,63],[-20,242],[-84,190],[63,31],[15,172],[-12,102],[-30,55],[-15,13],[-35,43],[-27,48],[-21,53],[-12,41]],[[25073,58260],[32,33],[31,32],[73,95],[31,31]],[[40495,44339],[14,58],[-125,154],[-15,-14],[-16,-25],[-33,4],[-25,-13],[-5,-33],[-197,11],[-84,-158],[-156,42],[-41,0],[-27,5],[-78,16],[-62,21],[-219,105],[-31,42]],[[39395,44554],[31,74],[0,169],[-104,168],[-14,8],[-37,20],[-35,19],[-18,58],[-52,11],[-62,0],[-21,17],[-198,162],[-39,39],[-23,-8],[0,32],[-32,32],[-31,0],[-56,112]],[[38704,45467],[-67,131],[-2,4],[-23,46],[-15,29],[-87,172],[-20,106],[-21,63],[-28,14],[-35,17],[-10,25],[3,21],[7,28],[12,124],[-32,24],[124,294],[84,85],[-1,78],[-4,46],[-58,265],[-93,21],[-188,42],[-83,-21],[-177,42],[-10,-42],[-52,95],[13,60],[-17,41],[-40,9],[-5,0],[-31,-2],[-23,3],[-23,20],[-20,37],[7,21],[2,2],[33,83],[-84,126],[70,141],[-7,48],[21,43],[-53,158]],[[37771,47966],[28,10],[23,15],[30,9],[36,2],[43,-5],[49,-10],[125,126],[83,0],[104,84],[166,0],[54,16],[39,20],[32,27],[214,-18],[36,-3],[14,-7],[173,-35],[84,42],[229,-105],[83,0],[42,0],[10,32],[17,9],[254,148],[15,98],[-36,145],[41,105],[-102,179],[-32,17],[-35,19],[-60,206],[0,56]],[[39530,49148],[0,70],[11,53],[31,42],[240,-168],[10,-21],[21,-21],[21,7],[114,-7],[125,0],[62,-22],[11,-52],[21,-63],[-42,-85],[114,-73],[84,-42],[41,42],[11,-53],[-1,-59],[23,-19],[23,-3],[31,1],[38,6],[-10,32],[52,11],[52,94],[31,-10],[52,84],[42,10],[-21,43],[125,105],[42,31],[0,85],[114,0],[198,158],[-21,42],[114,137],[84,-43],[10,32],[13,26],[12,18],[24,10],[24,-22],[31,-1],[11,25],[-3,22],[-8,27],[104,106],[-62,63],[-4,35],[1,31],[5,26],[9,23],[13,18],[17,14],[21,63],[-62,106],[-5,39],[0,35],[5,31],[9,26],[14,21],[18,16],[-41,84],[0,42],[-21,64],[0,42],[21,63],[-8,28],[-3,21],[11,25],[31,0],[-10,32],[17,31],[19,16],[26,15],[-21,63],[73,32],[52,-74],[-21,-84],[0,-42],[-4,-23],[4,-29],[24,-6],[49,111],[30,6],[23,1],[24,-14],[-4,-35],[42,31],[-42,84],[21,64],[-42,10],[-21,53],[-41,31],[0,53],[-16,17],[-8,36],[22,35],[23,17],[-42,84],[94,158],[27,-1],[9,33],[-5,21],[73,32],[-11,31],[21,63],[21,11],[21,21],[-21,31],[21,64],[12,28],[17,22],[22,15],[27,10],[31,2],[37,-4],[-8,-41],[-1,-36],[6,-31],[12,-25],[18,-20],[25,-15],[52,31]],[[42237,51534],[41,-94],[59,-17],[54,-22],[49,-29],[45,-34],[39,-41],[35,-47],[104,21],[22,-6]],[[42685,51265],[187,-57],[72,0],[32,-42],[41,0],[73,-32],[-5,-26],[9,-31],[33,-4],[26,9],[10,-127],[83,22],[21,-22],[21,7],[21,36],[31,31],[62,63]],[[43402,51092],[73,-137],[70,-68],[35,-19]],[[43580,50868],[51,-28],[-31,-32],[11,-32],[4,-23],[-14,-35],[-32,6],[-125,-327],[-104,-105],[-21,-105],[-30,-14],[-21,-14],[-14,-28],[23,-28],[-41,-169],[0,-42],[-31,-74],[-42,85],[-115,-158],[-104,-148],[42,-42],[31,-31],[240,158],[-63,21],[31,73],[-10,-31],[21,-28],[21,0],[20,28],[42,31],[-42,-137],[-239,-157],[-62,21],[-26,-12],[-17,-13],[-10,-24],[21,-25],[-104,-190],[-83,-84],[-21,-105],[-21,-105],[-20,-11],[-21,-21],[7,-21],[-7,-53],[-16,-19],[-21,-14],[-26,-8],[-18,-2]],[[42593,48796],[-15,-1],[-38,4],[-43,9],[-15,26],[-68,121],[-21,-21],[-67,-12],[-60,-4],[-52,3],[-50,13],[-33,16],[-30,26],[-62,-108],[-2,-9],[-7,-39],[-2,-44],[-72,-52],[-32,-32],[0,-126],[-145,-211],[20,-147],[-7,-19],[-21,-48],[-56,-129],[1,-120],[136,-348],[124,21],[42,-63],[57,41],[193,1]],[[42268,47544],[52,-31],[-21,-42],[52,-11],[52,-95],[-62,-31],[-11,-42]],[[42330,47292],[-52,21],[-21,-53],[-41,-31],[-11,-64],[-156,0],[0,-73],[-12,-112],[12,-130],[-125,-74],[0,-148],[162,-343],[47,-57],[-9,-24],[-12,-39],[21,-42],[-13,-63],[75,-190],[0,-14],[10,-20]],[[42205,45836],[3,-22],[-13,-28],[-104,-52],[-21,-53],[0,-26],[0,-27],[-24,8],[-7,0],[-34,-21],[-11,-38],[-1,-1],[-18,-16],[-24,-11],[-28,-7],[-26,-1],[-62,-23],[-30,-48],[-26,-42],[-29,-29],[-20,-20],[7,-45],[-52,0],[-73,-95],[-43,-34],[-58,-47],[-24,-19],[-21,-17],[-51,-41],[-1,0],[-31,0],[0,-63],[-65,-13],[-205,-251],[-12,-54],[-9,-40],[-156,-21],[-104,-85],[-23,-14],[-19,3],[-59,-16],[-10,-17],[-22,-36],[-16,-26],[-70,-115],[10,-34],[4,-27],[-14,-23],[-31,-10]],[[40582,44239],[-73,21],[-21,52],[7,27]],[[4392,12065],[-21,-95],[-31,11],[-25,-3],[-32,6],[-9,22],[-142,17],[-42,0],[-145,21],[-84,-42],[-176,63],[-11,42],[-52,-84],[-323,-84],[-41,0],[-188,-63],[-24,-38],[-24,-30],[-24,-22],[-25,-13],[-24,-6],[-24,3],[-84,42],[-20,35],[-21,8],[-21,-22],[-104,64],[-31,31],[-42,21],[21,-63],[-14,-28],[-19,-22],[-25,-17],[-31,-12],[-36,-5],[-42,0],[12,-26],[12,-17],[24,-10],[25,21],[11,-84],[-198,-84],[-94,-137],[-2,-35],[-27,-11],[-24,4],[-30,10],[-42,-84],[-177,-63],[-104,42],[-41,-21],[-57,-8],[-50,-2],[-44,5],[-36,13],[-30,19],[-23,26],[21,42],[52,74],[-166,-85],[-84,0],[-333,-252],[-83,0],[-104,63],[-73,-74],[21,-21],[-21,-74],[-219,-84],[-41,0],[-31,-31],[-94,-53],[-63,21],[-104,-63],[-218,105],[-21,137],[73,74],[21,-21],[10,42],[156,42],[23,-3],[23,4],[22,12],[23,20],[22,27],[23,35],[31,31],[-11,32],[19,34],[25,28],[30,22],[36,17],[41,10],[47,5],[21,-22],[21,7],[21,36],[229,-64],[72,148],[73,42],[167,-42],[52,52],[21,106],[31,31],[125,85],[21,-22],[104,22],[14,-31],[13,-21],[28,-14],[28,23],[83,-42],[188,21],[41,0],[31,74],[11,32],[-23,4],[-29,-4],[-6,-24],[-88,-40],[-73,116],[42,84],[52,11],[10,42],[136,63],[23,-22],[25,10],[12,18],[12,26],[32,31],[0,43],[42,7],[36,2],[31,-4],[25,-10],[19,-16],[13,-22],[125,85],[48,-5],[42,0],[36,5],[30,9],[24,14],[18,19],[-42,137],[-62,63],[41,95],[177,-64],[63,21],[62,-21],[63,-21],[166,85],[167,42],[73,-74],[-21,-21],[93,-53],[125,42],[11,21],[21,22],[20,-7],[240,175],[31,-74],[-31,-16],[-32,-32],[11,-31],[21,-15],[62,21],[104,105],[84,-84],[18,13],[13,18],[8,24],[2,29],[-2,34],[-8,40],[73,31],[14,-23],[27,-19],[28,19],[14,23],[104,-63],[52,32],[-42,10],[32,63],[104,-42],[41,0],[35,3],[28,-2],[24,-8],[18,-13],[13,-19],[7,-24],[146,21],[42,-84],[28,10],[21,17],[16,23],[9,29],[144,5],[21,158],[73,53],[135,21],[73,-190],[125,84],[14,-16],[28,-5],[27,33],[14,30],[63,-126],[125,169],[187,-85],[21,-3],[21,3],[20,11],[21,17],[21,25],[21,32],[31,-74],[-5,-31],[5,-22],[34,-17],[31,4],[39,13],[-42,-94],[73,-32],[84,42],[41,0],[11,42],[156,-42],[-11,28],[14,28],[16,14],[22,14],[146,-21],[63,21],[62,-105],[31,-32],[-41,-84],[-32,-31],[-52,-95],[84,-84],[-21,-21],[21,-95],[72,-42],[39,-4],[33,1],[27,8],[22,13],[15,20],[10,25],[31,-63],[73,-42],[104,42],[32,0],[7,39],[-7,24],[52,0],[156,74],[10,31],[281,0],[-21,-74],[73,-31],[42,0],[10,-53],[-41,-31],[-10,-46],[17,-21],[45,3],[31,64],[52,-21],[62,21],[104,-21],[35,-2],[11,-28],[-4,-24],[-10,-31],[93,0],[104,-63],[42,42],[73,-10],[31,31],[42,42],[104,-105],[21,21],[25,-3],[32,6],[5,39],[104,0],[42,0],[10,53],[52,11],[19,-31],[26,-23],[33,-15],[40,-6],[47,1],[54,10],[10,-42],[94,127],[114,-85],[73,0],[5,29],[0,24],[-5,22],[-23,31],[-18,10],[93,53],[42,0],[62,21],[32,-84],[83,31],[-73,137],[-62,-42],[-39,-8],[-34,-3],[-29,3],[-23,8],[-18,13],[-14,19],[21,63],[0,94],[-41,32],[0,42],[62,105],[31,32],[-83,105],[-41,-26],[-29,-26],[-18,-26],[-6,-27],[5,-26],[16,-27],[-21,-42],[-52,-31],[-10,-53],[-21,-147],[-198,-74],[-62,-21],[-52,21],[-11,42],[-36,-33],[-44,-26],[-52,-18],[-59,-10],[-67,-2],[-75,5],[11,31],[-42,85],[-10,52],[-31,32],[-73,-11],[-52,106],[-115,-21],[-62,-21],[-208,126],[-18,23],[-34,22],[-35,-8],[-18,-16],[-52,53],[84,168],[31,32],[17,22],[18,15],[34,8],[35,-24],[62,21],[94,52],[-9,22],[-15,17],[-20,11],[-25,6],[-31,1],[-35,-4],[-83,0],[-11,-19],[-31,-23],[-20,-5],[-25,0],[-28,5],[-62,-126],[-94,-22],[-31,32],[0,42],[-115,32],[-23,-6],[-28,6],[-6,29],[5,23],[30,14],[21,14],[7,43],[-16,14],[21,63],[14,23],[13,16],[28,14],[28,-11],[73,74],[-11,31],[42,-21],[-21,-74],[115,21],[10,53],[-42,74],[115,-42],[10,-21],[21,-21],[21,7],[73,-7],[10,42],[33,18],[38,14],[44,10],[50,5],[55,0],[61,-5],[52,52],[-21,64],[32,31],[31,-73],[114,-74],[52,-32],[-41,169],[31,-11],[31,-42],[52,0],[37,-21],[28,-21],[19,-21],[9,-42],[-9,-21],[31,-42],[62,0],[-21,115],[-104,53],[-10,30],[-4,24],[11,28],[35,2],[41,-42],[83,0],[11,84],[94,64],[23,6],[29,-6],[6,-29],[-6,-24],[31,10],[146,-63],[20,63],[52,-21],[21,-52],[-21,-63],[21,-64],[52,-10],[104,63],[42,0],[94,-53],[-21,-63],[21,-42],[-63,-31],[11,-64],[62,21],[42,0],[10,-52],[-73,-74],[-41,-63],[41,-4],[36,3],[31,7],[25,14],[19,19],[14,24],[83,-63],[52,126],[94,21],[21,-63],[52,11],[-42,84],[73,74],[21,-21],[42,21],[31,42],[73,0],[-11,-32],[42,-10],[10,-43],[94,53],[3,49],[-32,18],[-28,-3],[-37,-11],[-52,95],[13,26],[12,17],[24,11],[24,-23],[146,21],[52,53],[-52,52],[-83,0],[-84,-42],[-25,12],[-17,12],[-10,25],[21,25],[31,32],[-10,31],[125,63],[-52,74],[-188,-21],[-20,42],[145,-21],[84,42],[41,0],[11,42],[125,53],[-42,126],[0,42],[-42,85],[-88,49],[-22,19],[6,37],[52,10],[25,13],[18,12],[10,25],[-21,24],[31,32],[104,-21],[31,31],[-21,63],[52,11],[31,31],[-62,64],[0,126],[21,53],[19,18],[24,14],[30,10],[36,4],[41,0],[48,-4],[41,42],[24,-6],[29,6],[5,29],[-6,23],[156,116],[32,74],[12,26],[12,18],[25,10],[23,-22],[42,21],[52,73],[30,14],[21,14],[7,43],[-16,14],[135,52],[14,31],[14,21],[28,14],[27,-24],[11,42],[208,137],[-42,127],[42,0],[-24,14],[-19,19],[-13,26],[-8,30],[-2,37],[3,42],[14,18],[18,14],[23,8],[29,2],[34,-2],[39,-8],[177,179],[-63,84],[104,231],[0,127],[0,42],[63,105],[-6,39],[-2,31],[3,23],[19,23],[69,137],[42,84],[72,74],[73,95],[-41,105],[-11,37],[-3,29],[17,31],[49,-2],[-11,31],[63,105],[31,32],[-10,32],[83,126],[10,32],[-27,-8],[-37,0],[-12,21],[24,29],[21,21],[-21,31],[42,84],[-42,85],[39,121],[19,22],[36,-6],[31,-74],[17,-36],[18,-25],[17,-13],[35,10],[17,22],[31,31],[-10,116],[94,95],[37,7],[27,-3],[17,-13],[7,-22],[-3,-32],[-13,-42],[-41,-11],[41,-63],[11,-34],[4,-27],[-11,-32],[-35,-2],[-31,-31],[42,-85],[-63,-105],[21,-63],[-21,-25],[10,-25],[17,-12],[25,-12],[26,12],[18,12],[10,25],[-23,25],[32,74],[62,-21],[28,16],[18,16],[3,31],[-14,16],[-24,15],[41,85],[-21,63],[21,105],[-21,232],[42,84],[125,95],[21,-95],[0,-42],[62,-106],[-5,-23],[6,-29],[28,-6],[23,6],[73,-116],[-21,-11],[-21,-21],[7,-21],[-7,-73],[31,-14],[20,-14],[7,-43],[-16,-14],[32,-23],[14,-42],[0,-28],[-4,-33],[-84,-126],[21,-53],[115,84],[104,-63],[31,32],[-21,10],[-21,21],[7,21],[-48,243],[-42,42],[21,105],[-21,105],[-28,-11],[-27,14],[-14,17],[-14,22],[42,85],[-42,84],[-21,63],[21,63],[21,11],[21,21],[-21,31],[114,74],[70,-11]],[[12198,16150],[146,126],[0,42],[0,85],[-24,-14],[-17,-14],[-14,-29],[14,-28],[-146,-105],[41,-63]],[[35323,64489],[36,14],[23,9],[29,5],[33,1],[38,-2],[41,0],[229,105],[11,21],[21,21],[20,-7],[94,28],[62,21],[63,-21],[291,126],[125,106],[104,0],[42,0],[104,-21],[17,-16],[35,-9],[35,23],[17,23],[104,-21],[104,63],[14,-17],[28,-4],[28,32],[14,31],[62,-21],[83,42],[49,29],[12,21],[37,0],[27,-8],[83,-84],[105,63],[62,-21],[83,42],[55,10],[48,3],[40,-5],[33,-13],[25,-20],[18,-28],[-8,-27],[-3,-22],[11,-25],[31,1],[52,-95],[0,-42],[0,-74],[156,0],[52,-84],[94,-63],[73,31],[-42,84],[-83,127],[0,84],[146,147],[-73,116],[-94,-95],[21,-21],[-94,-52],[-83,42],[-26,12],[-17,13],[-11,25],[23,24],[-35,73],[-7,21],[21,21],[21,11],[31,32],[62,21],[42,-43],[83,0],[115,116],[-21,21],[21,106],[52,10],[62,-21],[26,13],[18,12],[10,25],[-23,24],[21,42],[52,31],[42,0],[146,43],[31,42],[24,4]],[[38826,65720],[28,-18],[3,-22],[-3,-30],[-10,-40],[20,-17],[26,-13],[30,-9],[60,-7],[49,0],[54,4],[-10,-31],[31,-11]],[[39104,65526],[93,-95],[-20,-21],[197,-73],[52,105],[73,21],[31,42],[28,7]],[[39558,65512],[78,18]],[[39636,65530],[71,17],[42,0],[104,-42],[31,-42]],[[39884,65463],[156,-21],[42,0],[58,-8],[254,-34],[44,23],[49,16],[56,10],[62,4],[69,-2],[74,-9],[42,0],[166,-42],[104,-105],[396,21],[71,-87],[64,-42]],[[41591,65187],[21,-92],[-21,-64],[33,-23],[14,-42],[0,-28],[-5,-33],[-21,-10],[-21,-22],[7,-21],[7,-47],[22,-19],[68,119],[-20,63],[20,105],[0,85],[32,31],[104,21],[52,-52],[0,-190],[-31,-10],[10,-32],[-21,-63],[-21,-11],[-21,-21],[7,-21],[-7,-158],[21,-105],[-21,-95],[-41,-10],[41,-127],[-41,-42],[0,-252],[41,-11],[84,-158],[21,-189],[83,-127],[41,-31],[21,-74],[63,-105],[-21,-105],[0,-43],[21,-63],[0,-42],[-63,-105],[21,-63],[0,-42],[-104,-190],[62,-105],[-62,-137],[-52,-21],[-31,-42],[-240,-63],[0,84],[-31,42],[-94,-42],[-22,-6],[-29,6],[-6,29],[5,23],[11,74],[-23,5],[-29,-5],[-6,-23],[-77,-40],[20,-95],[-93,-52],[-84,63],[-31,-53],[21,-10],[21,-21],[-21,-32],[52,-11],[42,0],[83,43],[21,21],[104,-64],[83,43],[52,-11],[-260,-137],[-42,0],[-208,-126],[-198,-42],[0,42],[-93,21],[-146,-42],[-62,21],[-63,-21],[-83,42],[-31,42],[-73,21],[-63,-21],[-41,0],[-146,105],[-63,-21],[-83,0],[-16,-26],[-21,-21],[-25,-16],[-30,-12],[-35,-7],[-39,-2],[-42,0],[-62,-21],[-63,21],[-146,-63],[-22,14],[-16,14],[-14,28],[11,28],[-73,42],[0,42],[-115,21],[-20,35],[-21,7],[-21,-21],[-62,21],[-105,-21],[-104,64],[-13,30],[-28,33],[-28,-5],[-14,-16],[-166,84],[-104,-63],[-167,0],[-125,84],[10,-32],[-62,-115],[-52,-21],[-94,0],[-83,115],[-94,95],[-20,-21],[-167,42],[-21,35],[-21,7],[-20,-21],[-167,127],[-114,-95],[20,-74],[-114,-21],[-42,21],[-21,-42]],[[36980,62642],[-31,31],[-93,95],[-21,-21],[-12,27],[-18,20],[-24,14],[-31,7],[-38,1],[-44,-6],[-14,-34]],[[40800,33953],[-21,21],[105,252],[0,43],[22,22],[23,11],[23,0],[22,-11],[23,-22],[22,-32],[31,32],[-21,63],[73,31],[14,24],[28,18],[28,-18],[13,-24],[552,85]],[[41737,34448],[62,168],[94,63],[292,-42],[72,21],[32,63],[291,0],[21,-21],[62,42],[32,-10],[364,-116],[104,21],[8,-15]],[[43171,34622],[24,-44],[20,-36],[42,-42],[0,-200],[187,-63],[52,-147],[135,21],[5,-49],[-1,-44],[-8,-39],[-13,-35],[-20,-30],[-25,-24],[205,-122],[19,-22],[36,7],[42,0],[62,0],[48,-51],[53,-45],[58,-38],[63,-32],[69,-26],[73,-19],[105,-242],[-8,-22],[8,-20],[-12,-48],[32,-99],[-7,-23],[-34,-104],[143,-221],[408,-253],[125,64],[18,-9],[274,-139]],[[45349,32426],[21,42],[93,-21],[229,-389],[104,-253],[100,-101],[317,-236],[31,-31]],[[46244,31437],[10,-53],[0,-126],[83,-127],[0,-42],[42,-84],[63,-63],[-21,-148],[41,-84],[-6,-37],[22,-19],[38,-11],[16,-14],[14,-28],[-11,-28],[33,-14],[8,-21],[3,-31],[-4,-41],[-9,-51],[0,-42],[125,-189],[0,-63],[21,-64],[-21,-63],[42,-84],[0,-53],[42,-31],[0,-42],[20,-106],[42,-42],[-21,-147],[125,-84],[-41,-253],[83,-53],[83,-115],[-42,-85],[42,-168],[62,-42],[-41,126],[52,11],[73,-74],[-21,-21],[42,-11],[7,-24],[-7,-39],[-32,0],[-31,-31],[83,-85],[-20,-21],[135,-10],[-9,-21],[9,-42],[18,-21],[28,-21],[37,-22],[63,22],[41,0],[31,-74],[42,-32],[21,-73],[0,-43],[21,-63],[0,-42],[-21,-147],[-83,-84],[93,-53],[-10,-32],[42,-10],[-21,-158],[21,-84],[0,-42],[41,-11],[42,-74],[5,-20],[-8,-32]],[[14665,30973],[-31,-23],[-10,-19],[-63,0],[-125,84],[-305,-54]],[[14131,30961],[-49,-9],[11,32],[-2,35],[-28,11],[-23,-4],[-31,-11],[-4,29],[0,25],[4,21],[24,31],[18,10],[-164,227],[-23,5]],[[13864,31363],[-83,210],[20,64],[-93,52],[10,116],[-62,63],[20,63],[-83,85],[21,63],[0,42],[62,21],[3,49],[-31,17],[-29,-3],[-36,-10],[-31,115],[0,43],[-32,31],[-73,116],[-20,10],[-21,21],[7,22],[-28,21],[-52,84],[-31,31],[-21,106],[-42,31],[0,53],[21,63],[-42,63],[-41,74],[-42,0],[-41,74],[20,42],[-31,10],[11,32],[-42,10],[-83,158],[4,24],[-14,35],[-32,-6],[0,74],[31,-11],[52,11],[-93,52],[-42,63],[-21,-42],[-27,18],[-20,26],[-13,33],[-5,40],[3,49],[10,55],[-125,190],[-41,32],[-21,52],[31,11],[-16,18],[-22,19],[7,36],[10,32],[-31,32],[-31,-11],[-11,53],[-41,10],[-42,116],[-21,63],[21,63],[-21,42],[21,43],[-42,10],[5,28],[0,25],[-5,21],[-23,32],[-18,10],[0,126],[21,63],[-63,106],[31,73],[7,-2]],[[16913,35711],[4,-2],[100,-61],[11,-20],[21,-12],[40,-74],[157,-84],[32,-52],[20,-11],[11,-21],[-11,-32]],[[17298,35342],[59,-265],[25,-50],[-8,-30],[-13,-55],[60,-199],[23,-74],[-6,-27],[6,-37],[-34,-140],[34,-70],[31,-32],[73,-94],[229,-95],[84,-158],[32,-25],[11,-39],[12,-41],[19,-26],[71,-27],[9,-35],[54,-207],[-10,-27],[-115,-310],[7,-23],[14,-40],[-35,-70],[-21,-74],[35,-88],[-83,-295],[-84,-105],[-10,-95]],[[17767,32489],[-260,-63],[-32,63],[-27,-32],[-34,-25],[-42,-17],[-48,-11],[-56,-3],[-63,4],[-63,-63],[-104,0],[-354,147],[-31,-52],[-21,-232],[-30,-22],[-23,-26],[-17,-31],[-11,-36],[-4,-40],[2,-45],[-52,-21],[-30,6],[-4,1],[-39,-7],[-5,-22],[5,-20],[-83,-21],[21,-116],[-31,11],[-17,-5],[-223,-59],[-21,-231],[-218,0],[-37,-11],[-47,-23],[-48,-30],[-46,-2],[-51,3],[-42,0],[-146,0],[-135,-158],[-52,-32]],[[15019,30821],[-31,-16],[0,42],[-49,-8],[-44,-2],[-39,4],[-34,10],[-29,16],[-24,22]],[[14769,30889],[-36,89],[-22,0],[-25,0],[-21,-5]],[[13864,31363],[-5,-22],[5,-41],[-21,-42],[-10,52],[-32,32],[63,21]],[[13885,31173],[10,-136],[-10,94],[0,42]],[[18499,31266],[-76,265],[-146,95],[-5,59],[3,51],[13,44],[22,37],[31,29],[40,22],[0,137],[-31,0],[-12,22],[-61,115],[-31,32],[-344,63],[-9,54],[-14,49],[-20,44],[-25,40],[-31,35],[-36,30]],[[17298,35342],[188,53],[41,116],[23,13],[206,124],[-20,95],[72,31],[22,13],[18,18],[13,22],[0,147],[72,53],[104,-21],[94,158]],[[18131,36164],[177,52],[163,18],[9,22],[32,6],[1,0],[24,38],[198,158],[-5,36],[1,31],[6,26],[12,20],[16,15],[22,9],[54,68],[-2,6],[12,7],[144,88],[83,42],[59,-23],[4,2],[104,-42],[31,84],[27,8],[25,2],[32,-2],[41,-8],[42,0]],[[19443,36827],[-42,-32],[0,-42],[31,-52],[146,63],[55,-21],[28,0],[88,-38],[58,-25],[181,-184],[58,-59],[136,11],[41,0],[10,2],[14,4],[29,-6],[5,-27],[25,-15],[61,-61],[75,-45],[125,-242],[114,-94],[292,147],[93,158],[16,16],[15,15],[44,59],[144,194]],[[21285,36553],[32,-6],[67,-13],[64,-80],[14,-17],[41,-31],[-7,-26],[7,-6]],[[21503,36374],[-20,-42],[20,-105],[32,-32],[10,-52],[21,-20],[100,-90],[77,-69],[51,-117],[-20,-126],[-10,-52]],[[18503,31253],[-4,13]],[[55851,67927],[0,-2032],[-84,-85],[84,-126],[-11,-2306],[-229,169],[-104,21],[-42,84],[-83,-42],[-41,0],[-32,32],[-52,10],[-31,-31],[-94,-53],[-25,-12],[-17,-12],[-10,-25],[19,-43],[11,-21],[31,0],[23,8],[41,-95],[-21,-84],[-72,-32],[-32,11],[-31,-32],[11,-74],[-52,-52],[-84,42],[-125,-84],[-20,35],[-21,7],[-21,-21],[-63,21],[11,-32],[-177,-95],[-83,43],[-104,63],[-63,-21],[-41,0],[-63,-21],[-42,0],[-10,63],[-177,84],[-135,-179],[21,-190],[0,-42],[-63,-105],[-198,-200],[-72,0],[0,32],[-136,94],[-31,74],[0,84],[-42,127],[-20,63],[41,105],[-21,84],[32,32],[41,-42],[208,0],[84,-42],[93,116],[13,43],[5,34],[-18,39],[-21,4],[-31,-5],[-83,0],[-146,-63],[-52,11],[125,84],[-31,31],[-14,31],[-28,33],[-27,-5],[-14,-16],[-271,126],[-31,63],[-94,42],[-23,-5],[-28,6],[-6,29],[5,23],[-125,126],[21,21],[-219,95],[-104,21],[-52,53],[42,63],[-21,42],[21,116],[-115,-21],[-41,0],[-115,73],[21,64],[-21,52],[136,21],[73,95],[-17,80],[-22,10],[-6,32],[3,25],[0,43],[125,63],[31,31],[27,15],[22,20],[15,27],[9,33],[3,39],[-3,45],[94,95],[135,53],[-42,126],[42,84],[21,63],[-146,148],[0,116],[-73,0],[-125,126],[-65,-8],[-58,-15],[-50,-23],[-43,-30],[-36,-37],[-29,-45],[6,-21],[-10,-33],[-27,1],[-52,-52],[-63,-242],[-93,-21],[-52,-95],[-11,-32],[32,-31],[0,-43],[83,-126],[31,11],[10,-53],[52,-137],[73,-42],[21,-137],[-21,-147],[-125,-127],[-31,-31],[31,-53],[-22,-52]],[[33587,379],[-62,21],[-25,13],[-17,12],[-11,25],[22,24],[-21,105],[42,84],[-32,32],[-31,-74],[-156,-116],[-31,74],[0,42],[21,63],[-21,63],[-11,53],[-52,-95],[-16,-22],[-22,-16],[-27,-12],[-32,-6],[-37,-1],[-43,5],[-83,-42],[-219,42],[-20,73],[0,43],[-21,63],[0,84],[21,42],[114,53],[42,0],[31,73],[-52,95],[-62,-21],[10,-32],[-146,-105],[8,-28],[3,-21],[-11,-25],[-31,1],[10,-32],[-52,-11],[11,-31],[-19,-27],[-24,-21],[-31,-15],[-35,-9],[-42,-4],[-47,2],[-28,20],[-22,19],[-15,20],[-12,38],[67,124],[20,11],[21,21],[-21,31],[60,124],[12,21],[36,0],[28,-8],[73,116],[-32,74],[-25,-12],[-17,-12],[-10,-25],[21,-25],[-94,-10],[-52,-95],[-93,-95],[-21,21],[-31,32],[-42,126],[42,179],[-73,-21],[-83,42],[-11,-32],[-93,-73],[-42,9],[-31,0],[-21,-9],[-10,-19],[0,-28],[10,-37],[-115,0],[-52,52],[21,105],[-42,11],[5,28],[0,25],[-5,21],[-23,32],[-18,10],[73,116],[32,4],[28,0],[23,-4],[32,-24],[35,-6],[18,13],[10,24],[-22,24],[135,11],[52,84],[42,10],[-21,74],[-94,-42],[-113,2],[-32,-23],[-24,-5],[-27,0],[-33,5],[-20,35],[-21,7],[-21,-21],[-83,42],[-84,-42],[-135,21],[-21,126],[-73,43],[-31,31],[-37,25],[-30,24],[-21,25],[-14,24],[-5,25],[3,25],[42,126],[73,31],[17,16],[35,9],[34,-23],[18,-23],[31,-42],[114,-21],[32,32],[-146,147],[21,21],[-42,11],[-21,116],[94,73],[73,-42],[93,-126],[32,-42],[64,-16],[59,-21],[56,-25],[52,-31],[48,-35],[43,-41],[32,11],[-63,95],[-250,126],[-21,53],[-41,63],[-94,73],[-31,74],[156,95],[14,23],[28,19],[27,-19],[14,-23],[63,21],[21,-21],[20,7],[21,35],[35,-32],[27,-39],[19,-47],[12,-55],[4,-62],[-3,-70],[21,-11],[21,-21],[-21,-32],[41,-10],[104,-137],[42,-32],[-104,243],[-21,10],[-21,21],[7,21],[-27,95],[41,116],[115,0],[145,-63],[42,0],[104,-21],[11,-53],[-63,-105],[42,-11],[10,-42],[83,42],[125,-168],[11,52],[-63,106],[-41,31],[0,53],[0,42],[52,11],[31,-43],[38,2],[34,-7],[28,-14],[24,-21],[18,-29],[14,-36],[23,6],[30,-5],[5,-30],[-6,-24],[0,-42],[21,-63],[21,-10],[20,-32],[-20,-21],[41,-84],[0,-42],[42,-11],[9,-56],[14,-52],[19,-49],[23,-46],[27,-42],[33,-39],[-5,-23],[5,-29],[23,-6],[39,58],[-83,210],[0,43],[-42,42],[0,210],[32,32],[104,-21],[145,-63],[20,-25],[19,-16],[38,-3],[19,12],[19,21],[-94,53],[-41,0],[-104,63],[-136,137],[11,52],[166,-21],[31,11],[-135,53],[-42,0],[-62,21],[-73,115],[-94,53],[-31,42],[-177,84],[-31,32],[-31,-11],[-31,74],[20,63],[32,32],[156,200],[-6,24],[6,29],[29,6],[23,-6],[31,52],[52,32],[52,84],[73,42],[104,-21],[63,-21],[10,53],[-94,52],[-41,0],[-63,21],[-41,0],[-37,7],[-19,-22],[-59,-48],[-21,-74],[0,-42],[-52,-10],[-177,-221],[-41,-74],[-42,0],[-8,-41],[-14,-37],[-20,-34],[-26,-29],[-31,-26],[-36,-22],[-146,63],[-52,-11],[-42,-74],[-125,0],[-41,179],[0,43],[93,52],[11,-21],[21,-21],[20,7],[94,-7],[31,53],[-52,10],[-32,-8],[-24,1],[-24,24],[0,24],[7,33],[115,116],[83,0],[104,105],[21,-21],[94,179],[-21,63],[0,42],[42,84],[0,43],[-5,23],[5,30],[23,5],[39,47],[-62,105],[20,63],[94,11],[63,-63],[93,10],[-41,127],[52,10],[104,-21],[10,63],[-52,21],[-166,-21],[10,-31],[-52,-32],[-271,84],[-21,10],[-17,15],[-11,20],[-6,25],[-1,31],[4,36],[115,32],[62,21],[63,-21],[62,21],[42,0],[187,-21],[219,-85],[73,-126],[52,11],[-21,63],[-34,19],[-24,20],[-25,38],[10,39],[-31,42],[-136,42],[-73,126],[-32,9],[-42,-1],[-13,-27],[4,-23],[-93,-42],[-42,0],[-31,42],[-136,42],[-187,-63],[-42,0],[-41,21],[-52,74],[0,84],[-42,105],[21,127],[-21,63],[21,63],[0,42],[73,32],[104,-21],[41,-26],[30,-27],[18,-26],[6,-26],[-5,-27],[-17,-26],[41,-85],[52,-10],[11,53],[0,42],[73,115],[10,-52],[42,-127],[-21,-21],[94,-136],[10,52],[42,84],[-42,127],[31,73],[94,-42],[-2,46],[-8,41],[-14,36],[-21,31],[-26,26],[-33,20],[-8,28],[-3,22],[11,24],[31,0],[21,-21],[21,7],[20,35],[24,-5],[29,6],[6,29],[-7,23],[198,158],[146,-106],[31,-73],[-21,-106],[32,-31],[52,74],[-42,231],[10,32],[-31,31],[0,42],[-31,32],[-62,-21],[-125,84],[-32,-31],[-30,-14],[-21,-14],[-13,-29],[23,-28],[-73,-31],[-115,-116],[21,-21],[-13,-23],[-17,-18],[-22,-11],[-26,-6],[-32,0],[-36,5],[-20,-73],[-94,-137],[-32,-5],[-28,0],[-42,14],[-23,33],[-52,0],[-42,84],[-41,0],[-63,158],[21,11],[21,21],[-21,31],[21,63],[73,74],[146,21],[31,32],[41,84],[-93,95],[-21,-21],[-229,63],[-73,73],[-42,127],[-83,126],[21,105],[21,11],[21,21],[-21,32],[21,63],[0,42],[93,52],[84,-21],[41,21],[28,8],[21,3],[24,-11],[0,-31],[0,-42],[73,-95],[10,32],[0,42],[21,63],[-41,10],[-5,44],[0,38],[5,34],[9,29],[14,25],[18,20],[52,21],[63,-21],[31,-74],[0,-42],[41,-126],[32,-116],[10,53],[0,84],[42,168],[-6,24],[6,29],[29,6],[23,-6],[0,-42],[31,-32],[62,-105],[-20,-105],[20,-28],[21,0],[21,28],[-21,189],[0,42],[-5,29],[15,33],[48,2],[36,-11],[62,-21],[52,21],[53,84],[72,-42],[11,-42],[62,21],[42,0],[10,-53],[21,-94],[52,-21],[52,136],[73,32],[62,-105],[11,42],[156,-42],[31,-74],[-27,-26],[-15,-26],[-1,-26],[12,-27],[25,-26],[37,-27],[18,31],[26,23],[35,15],[42,6],[50,-2],[58,-10],[-10,158],[52,32],[42,-21],[31,-32],[62,-63],[-10,-74],[31,-31],[31,10],[42,-21],[21,-7],[26,-29],[7,-22],[1,-26],[-3,-32],[0,-42],[19,-26],[20,-18],[19,-10],[38,7],[19,16],[24,-14],[18,-20],[12,-27],[6,-33],[-1,-39],[-7,-46],[41,-42],[-21,-11],[-20,-21],[7,-21],[-7,-53],[5,-20],[-9,-34],[-28,2],[-31,-74],[-31,-32],[-42,0],[-187,148],[-94,-179],[8,-38],[-4,-28],[-14,-17],[-24,-7],[-35,3],[-45,13],[-125,84],[-31,32],[-94,-74],[-21,21],[-41,11],[-31,0],[-21,-10],[-10,-21],[-1,-32],[11,-43],[20,-21],[-20,-31],[-21,-11],[21,-105],[-42,-63],[10,-32],[115,116],[-21,21],[21,53],[52,21],[62,-21],[-10,31],[52,11],[30,-7],[22,-1],[25,14],[-4,36],[114,-21],[42,0],[146,-105],[62,21],[94,-95],[0,-84],[-42,-42],[-31,-32],[10,-32],[-21,-63],[21,-63],[-52,-31],[-52,-74],[281,-116],[32,-20],[26,-27],[19,-33],[12,-41],[6,-47],[-1,-53],[-156,-74],[-63,21],[21,-42],[31,-31],[32,10],[10,-52],[42,-106],[-94,-73],[-156,-32],[177,-53],[25,-12],[17,-13],[10,-24],[-21,-24],[21,-64],[0,-42],[-21,-105],[-10,-28],[-17,-22],[-22,-16],[-30,-9],[-35,-2],[-42,3],[-83,-42],[-167,84],[10,-31],[-114,-32],[-62,21],[-73,-31],[281,-116],[10,-53],[-52,-10],[-73,-32],[115,-73],[166,42],[42,42],[10,-21],[21,-21],[21,7],[21,-39],[-84,-126],[1,-32],[-25,-10],[-21,2],[-27,8],[-84,-42],[-104,63],[-125,0],[-104,21],[-52,-10],[14,-25],[20,-19],[26,-12],[33,-5],[39,1],[45,7],[31,-74],[-31,-16],[-32,-32],[11,-31],[21,-15],[125,42],[21,16],[21,7],[21,-2],[20,-12],[21,-21],[21,-30],[31,0],[11,-25],[-3,-21],[-8,-28],[42,0],[41,-42],[0,-127],[-83,0],[-73,-73],[84,-21],[124,84],[48,5],[42,0],[36,-5],[30,-9],[24,-14],[18,-19],[63,-95],[6,-34],[2,-30],[-3,-25],[-7,-20],[-30,-28],[-124,63],[-94,-31],[42,-137],[93,21],[63,-21],[18,-13],[13,-19],[8,-23],[2,-29],[-2,-34],[-8,-40],[-73,-32],[52,-73],[-21,-21],[42,-42],[21,-148],[41,-42],[0,-126],[-20,-63],[41,-11],[21,-53],[-21,-63],[42,-168],[0,-42],[41,-127],[0,-84],[21,-147],[-93,-53],[-26,12],[-17,12],[-10,25],[21,25],[-41,84],[-11,53],[-31,31],[-135,137],[-21,-21],[-115,116],[11,31],[-73,43],[-21,94],[-31,74],[-31,-32],[-42,-84],[21,-63],[0,-42],[42,-84],[135,-95],[17,-23],[18,-15],[34,-7],[35,24],[52,-95],[-52,-53],[-187,22],[-32,-116],[115,-74],[62,21],[104,-21],[94,-53],[-62,-105],[52,-10],[73,-53],[31,-32],[31,-52],[42,-42],[-21,-148],[21,-63],[41,-84],[-83,-221],[-52,-21],[-104,42],[-104,-63],[-52,-74],[-8,-20],[-28,-27],[-22,-6],[-26,-2],[-31,2],[-41,0],[-84,0],[-114,95],[-5,35],[-27,2],[-20,-5],[-31,73],[-31,14],[-20,14],[-14,28],[23,29],[-52,10],[-104,105],[-31,-10],[-42,31],[-9,-43],[-2,-38],[4,-33],[10,-27],[16,-21],[23,-17],[-5,-26],[9,-31],[33,-4],[25,9],[73,-127],[31,-42],[52,0],[31,-73],[-72,-32],[-63,-21],[-125,42],[-135,-21],[-11,42],[-104,-63]],[[28810,36552],[0,12],[42,10],[20,137],[28,21],[56,42],[-84,179],[-62,32]],[[28810,36985],[106,58],[16,42],[19,22],[36,-6],[32,25],[23,25],[53,116],[4,31],[10,21],[31,0],[17,-16],[100,179],[53,92],[15,9],[78,42],[42,23],[31,32],[24,17],[26,19],[23,16],[21,-5],[31,37],[23,29],[29,24],[34,18],[39,13],[44,8],[50,3],[72,-106],[136,42],[41,0],[34,11],[27,4],[23,-15],[166,-105],[146,63],[20,-5],[27,2],[5,35],[21,13],[10,19],[212,146],[69,112],[42,157],[0,37],[62,200],[118,94],[71,148],[124,358],[-5,131],[46,80],[-17,228],[-14,14]],[[35742,44386],[-199,310],[-51,80],[-21,77],[-37,138],[-57,104],[-196,325],[-43,71],[-28,14],[-34,18],[-3,7],[-7,20],[-15,38],[-38,98],[-33,88],[-29,75]],[[34951,45849],[-63,127],[15,60],[-15,45],[0,84],[77,232],[-14,42],[7,19],[-7,23],[33,99],[-12,48],[7,20],[22,56],[111,288],[2,35],[-17,107],[62,126],[0,42],[3,12],[-36,64],[-9,-2],[-125,242],[-20,126],[-104,127],[0,105],[-281,524],[-52,118]],[[34535,48618],[145,84],[0,179],[63,200],[0,64],[41,31],[261,137],[31,53],[11,4],[124,48],[31,-10],[-21,63],[0,63],[71,-38],[106,-57],[18,-29],[34,-23],[27,-45],[36,-18]],[[35513,49324],[-31,10],[-156,-42],[-21,-53],[21,-63],[20,-10],[21,-21],[-21,-32],[42,-10],[-52,-85],[-104,63],[-11,-52],[0,-42],[72,6],[65,-1],[58,-9],[50,-16],[43,-23],[35,-31],[104,63],[115,0],[41,74],[104,63],[32,32],[41,0],[14,21],[19,16],[25,10],[30,4],[37,-2],[42,-7],[22,-14],[17,-14],[14,-28],[-12,-28],[73,-74],[94,-53],[0,-42],[31,-32],[73,11],[104,-63],[31,-42],[177,-42],[14,23],[28,19],[28,-19],[14,-23],[62,21],[42,0],[62,-21],[73,-74],[135,32],[84,-43],[-11,-31],[42,-11],[21,-137],[124,-84]],[[37490,48418],[-20,-168],[208,-137],[93,-147]],[[38704,45467],[-6,-18],[-57,-32],[-214,11],[-37,-224],[16,-49],[4,-31]],[[38410,45124],[0,0],[-2,-26],[-6,-22],[-25,-27],[-2,-2],[-31,-19],[-31,-31],[-167,-106],[-6,1],[-160,20],[-84,0],[-62,-42],[-63,-42],[-166,63],[-62,-42],[-32,-42],[-52,-21],[-19,7],[-47,18],[-55,21],[-170,17],[-111,-97],[-49,-94],[-31,-16],[-28,-14],[21,-53]],[[36970,44575],[-281,0],[-83,43],[-31,-85],[-177,21],[-167,-126],[-333,0],[-42,0],[-107,-39]],[[35749,44389],[0,0],[-7,-3]],[[30871,39733],[-55,3],[-43,7],[-7,1],[-46,15],[-41,20],[-36,27],[-32,32],[-73,95],[-52,10],[-271,0],[-42,0],[-124,-84],[-354,0],[-208,84],[-167,0],[-14,-30],[-8,-10],[-30,-55]],[[29268,39848],[-31,53],[-42,-42],[-312,0],[-42,-42],[-229,0],[-42,-35],[-29,-9],[-33,-5],[-39,1],[-44,6],[-42,0],[-17,0],[-112,-62],[-173,-159],[-166,-95],[-21,-84],[-52,-21],[-70,14]],[[27772,39368],[-34,7],[-21,-21],[-62,9],[-84,12],[-34,3],[-31,-1],[-26,-4],[-54,-40],[-313,-21],[-145,84],[-125,0],[-146,105],[-53,2],[-49,7],[-44,12],[-39,16],[-35,21],[-30,26],[-249,21],[-125,190],[-21,-21],[-104,0],[-125,84],[-83,-42],[-167,21],[-42,0],[-62,0],[-104,-84],[-302,21],[-42,94],[21,190],[-218,137],[-32,-53],[-12,-6],[-92,-46],[-104,-274],[-240,-111],[-62,-79],[-31,-31]],[[24251,39596],[-52,52],[-172,197],[-151,172],[-23,72],[-94,286],[-28,84],[5,10],[-5,22]],[[23731,40491],[21,137],[-146,400],[4,28],[5,29],[1,6],[15,57],[22,52],[27,47],[33,40],[39,35],[20,148]],[[23772,41470],[94,52],[79,4],[58,-6],[144,118],[42,63]],[[17748,19990],[58,37]],[[17806,20027],[-18,-24],[27,2],[9,-34],[-2,-11],[15,-19],[132,-69],[41,-23],[36,-27],[30,-33],[24,-38],[46,0],[30,25],[70,59],[187,0],[73,-74],[14,-140],[121,-102],[156,-21],[21,-53],[6,-51],[1,-47],[-7,-49],[-7,-28],[-15,-31],[-20,-25],[21,-43],[-4,-30],[4,-22],[42,13],[32,3],[22,-7],[-10,-129],[-2,-38],[-22,-24],[10,-25],[15,-15],[25,-10],[115,25],[117,-193],[104,21],[229,-127],[206,13],[170,37],[19,14],[9,-7],[252,-193],[41,-32],[-2,-56]],[[38410,45124],[60,-128],[40,-20],[93,-171],[104,-154],[84,-54],[9,-19],[23,-13],[60,-130],[33,-7],[146,-63],[191,26]],[[39253,44391],[13,-65],[8,-38],[17,-53],[135,-196],[0,-64],[-13,-67],[34,-217],[104,-74],[42,-63],[86,-71],[43,-8],[52,-1],[43,11],[52,-31],[19,-35],[18,-35],[29,-54],[23,-58],[18,-62],[12,-66],[302,-190],[23,-46],[24,-17],[37,0],[213,-162],[224,-70],[57,-72],[62,-67],[67,-62],[72,-57],[76,-52],[82,-48],[104,22],[45,3]],[[41376,42326],[38,-46],[35,-14],[27,-19],[19,-26],[12,-30],[1,-37]],[[41508,42154],[0,-42],[-64,-9],[-92,-12],[-83,9],[-84,-9],[-41,0],[-156,-21],[-101,-258],[-24,-111],[-25,-14],[-173,-101],[-10,-20],[-37,-70],[-37,-137],[53,-247],[-8,-31],[-34,-138],[42,-63],[-34,-11],[3,-20]],[[40603,40849],[-30,-23],[-5,-21],[-20,1],[-14,-12],[-30,-54],[-75,-25],[-53,-17],[-30,0],[-35,3],[-73,12],[-73,-12],[-78,27],[-171,15],[-125,-84],[-35,-3],[-31,0],[-26,5],[-22,9],[-18,14],[-14,17],[-167,-126],[-187,0],[-14,-18],[-18,-13],[-22,-9],[-26,-5],[-31,-1],[-35,4],[-55,70],[-1,31],[4,36],[40,202],[-71,82],[-135,-42],[-21,21],[-10,21],[-36,46],[-69,-25],[-15,5],[-65,22]],[[38711,41002],[-13,5],[7,28],[-7,35],[11,80],[-32,-7],[-10,37],[-33,116],[-4,13],[-88,129],[-23,-5],[-29,5],[-52,148],[-32,-11],[-41,137],[-63,31],[-29,56],[-12,-3],[-32,84],[-114,-52],[-73,-74],[-21,-21],[-20,7],[-33,13],[-38,14],[-23,8],[-10,57],[-21,133],[-105,-22],[-62,-21],[-62,0],[-136,95],[16,79],[-43,6],[-7,0],[-39,-11],[-62,0],[-42,-21],[-18,-5],[-23,-16],[-7,7],[-35,35],[-21,-21],[-43,5],[-50,5],[-5,-35],[-29,0],[-29,1],[-24,8],[-21,13],[-16,20],[-12,25],[-83,-42],[-25,5],[-69,16]],[[36824,42091],[17,64],[-17,273],[-62,31],[-11,53],[-31,0],[-2,7],[-19,46],[-13,36],[-13,52],[-8,56],[-5,62],[-1,21],[-1,46]],[[36658,42838],[198,116],[151,243],[7,18],[12,43],[-14,44],[7,19],[62,163],[16,42],[12,84],[-14,71],[10,31],[-10,53],[10,52],[-10,74],[6,54],[9,82],[6,54],[104,326],[-87,35],[-69,28],[-31,11],[-63,94]],[[21503,36374],[125,53],[57,334],[-14,21],[-15,34],[-10,39],[-4,45],[1,50],[6,56],[-83,231],[55,261],[-14,55],[0,63],[20,37],[18,41],[24,36],[29,30],[34,25],[-9,39],[-1,30],[6,21],[28,-3],[32,0],[-201,418],[-21,179],[-185,84],[-23,11]],[[21358,38564],[-42,105],[30,90],[-40,89],[7,12]],[[21313,38860],[66,104],[28,19],[64,41],[22,14],[30,-6],[324,-57],[42,63],[20,-42],[115,21],[73,147],[228,-32],[32,-52],[198,0],[10,42],[30,-13]],[[22595,39109],[-19,-54],[-25,-123],[11,-56],[34,-49],[125,-189],[21,21],[354,0],[31,52],[112,96],[23,20],[111,10],[104,3],[97,-3],[84,-10],[191,-33],[36,12],[10,18],[26,11],[26,-1],[34,-7],[0,95],[124,232],[0,105],[125,168],[21,169]],[[27772,39368],[8,-18],[-3,-21],[-8,-28],[-93,-74],[-42,0],[-83,-9],[-104,-12],[-21,7],[-21,-7],[-42,0],[-333,-105],[-93,-77],[-21,-60],[-8,-3]],[[26908,38961],[-86,-29],[-42,0],[-52,0],[-5,-23],[-12,1],[-14,-20],[-31,-10],[-13,-26],[-12,-17],[-27,-10],[-47,16],[-57,-12],[-53,-21],[-62,-33],[-89,-48],[-76,-40],[-61,-33],[-34,-18],[-27,8],[-69,-19],[-130,-174]],[[25909,38453],[-24,-5],[-41,42],[-137,-85],[-39,-2],[-43,3],[-10,-19],[0,-28],[10,-37],[-111,-63],[-201,-158],[-153,-125],[-66,-54],[-31,-42],[-62,0],[-42,-116],[-24,-18],[-33,-24],[-16,-11],[-9,2],[-46,-17],[-143,-111],[-20,-84],[-6,-3],[-22,-8]],[[24640,37490],[-25,-10],[-114,9],[-135,12],[-63,-9],[-83,-12],[-333,147],[-73,-116],[-114,-116],[-240,-63],[19,-35],[14,-42],[10,-48],[4,-54],[0,-60],[-5,-66],[62,-105],[-62,-85],[-34,-110],[-5,-36],[-3,-64],[-26,-14],[-5,-18]],[[28948,43327],[18,69]],[[28966,43396],[73,53],[31,32],[73,94],[31,32],[104,0],[32,32],[55,18],[33,39],[65,93],[65,197],[28,-2],[9,34],[-6,21],[52,10],[32,74],[16,7],[109,45],[-21,74],[6,33],[4,20],[24,-8],[39,-13],[31,-32],[52,-53],[31,-21],[21,-21],[21,7],[14,-1],[83,14],[7,32],[14,72],[14,26],[20,22],[20,18],[31,-17],[15,-25],[32,-32],[72,-74],[11,22],[21,21],[20,-7],[188,7],[21,105],[214,108],[119,176],[-115,369]],[[30777,44997],[79,59],[4,4],[5,-1],[224,-20],[52,116],[32,31],[374,0],[11,32]],[[31558,45218],[62,-116],[208,-105],[84,-232],[245,51],[56,12],[48,3],[36,-3],[43,-8],[33,-13],[27,-19],[22,-23],[41,21],[104,-126],[42,-21],[208,105],[188,-42],[26,40],[33,33],[190,74]],[[33254,44849],[112,-242],[40,0],[28,1],[18,-11],[6,-67],[15,-155],[142,-239],[149,-66],[21,-168],[-81,-9],[-54,-15],[-62,-18],[-59,-24],[-56,-28],[-36,-22],[-24,-22],[-30,-41],[-118,-369],[-354,-126],[41,-175],[0,-4],[0,-4],[0,-312],[-12,-78],[12,-90],[-83,-253],[-23,-12],[-81,-41],[-21,-473],[-83,-106],[0,-84],[-104,-179],[-73,0],[-281,-221],[17,-43]],[[25425,43142],[-8,2]],[[25417,43144],[42,168],[364,42],[281,148],[13,84],[-34,137],[7,21],[-7,21],[34,121],[-34,174],[7,29],[35,150],[83,21],[16,102],[-16,87],[-167,42],[-20,200],[-52,53],[-58,19],[-42,-14],[-46,16],[-85,132],[-30,47],[-1,70],[2,32],[0,6],[2,24],[11,55],[17,47],[23,39],[30,32],[218,-42],[125,21],[42,0],[21,-42],[93,116],[32,104],[6,34],[4,72],[24,10],[392,148],[42,379],[65,40],[30,5],[34,1],[37,-3]],[[26957,46092],[45,-30],[70,-13],[31,-52],[219,-137],[343,63],[11,-63],[197,84]],[[27873,45944],[115,0],[208,-147],[218,105],[21,74],[21,9],[68,32],[26,11],[34,4],[31,-1],[26,-5],[23,-9],[18,-13],[14,-18],[5,-11]],[[28701,45975],[57,-115],[229,21],[42,0],[16,8],[67,34],[33,-4],[123,-17],[10,-42],[84,42],[104,-21],[52,105],[135,84],[291,-21],[11,21],[21,22],[21,-7],[156,70],[31,3]],[[30184,46158],[26,-2],[21,-6],[29,-27],[7,-21],[31,-32],[21,-21]],[[30319,46049],[5,-25],[26,-48],[0,-95],[124,-13],[64,-82],[41,-63],[94,-74],[146,-21],[52,106],[198,0],[83,64],[21,41],[13,-14],[18,-18],[30,-17],[64,-35],[5,-21],[26,-98],[34,-131],[153,-87],[63,-158],[-7,-13],[-14,-29]],[[30777,44997],[-128,32],[-80,-32],[-250,-21],[-163,56],[-14,-1],[-24,14],[-4,33],[-59,9],[-61,-1],[-31,-6],[-143,-83],[-386,-42],[-88,-153],[-18,-66],[-12,-71],[-6,-79],[-26,-10],[-214,-85],[-19,-27],[-28,-38],[-80,-167],[-8,-52],[-21,-11],[-10,-21],[-32,-31],[-62,-63],[0,-316],[19,-24],[13,-28],[10,-32],[4,-38],[0,-32],[20,-66],[59,-22],[9,-36],[22,-91]],[[47357,30426],[209,0],[0,147],[229,0],[0,190],[72,21],[26,-9],[266,-96],[42,63],[145,-85],[84,0],[32,24],[270,36],[216,116],[85,52],[0,64],[-4,43],[2,37],[8,30],[171,104],[-83,242],[-6,65],[1,59],[5,44],[16,55],[20,39],[26,33],[-41,63],[18,9]],[[49166,31772],[44,23],[11,-64],[52,32],[-21,63],[73,32],[41,0],[11,-53],[93,-53],[63,21],[73,-31],[-21,-63],[52,-11],[-11,-31],[84,-43],[8,-27],[2,-22],[-10,-24],[-31,0],[10,-32],[-125,-52],[-21,-53],[42,-11],[73,-168],[31,95],[-10,73],[23,5],[29,-5],[0,-42],[41,11],[-21,63],[0,42],[73,32],[94,-21],[42,-158],[124,-95],[188,-305],[31,-32],[-10,-32],[72,-31],[32,-116],[-42,-42],[21,-42],[-22,-24],[11,-25],[17,-12],[25,-13],[21,126],[10,-31],[0,-42],[42,-84],[73,-32],[52,11],[-21,105],[-187,295],[-32,-11],[-10,53],[-21,63],[0,42],[31,53],[44,2],[37,-5],[29,-13],[23,-19],[15,-27],[9,-33],[-21,-63],[52,-11],[83,-42],[63,21],[52,-105],[93,0],[84,-84],[281,-127],[8,26],[-4,33],[-31,9],[-26,-5],[-52,74],[-17,29],[-22,23],[-27,18],[-32,13],[-37,9],[-41,3],[-26,12],[-17,12],[-10,25],[21,25],[-21,63],[-20,10],[-21,21],[7,21],[45,43],[52,84],[-52,21],[-63,-21],[-41,0],[-52,-95],[4,-23],[-14,-35],[-32,5],[-31,-63],[-23,-5],[-29,6],[-6,29],[6,23],[0,42],[-42,10],[-62,116],[-63,32],[-21,74],[-124,126],[22,24],[-10,25],[-18,12],[-26,13],[-52,0],[-31,42],[11,31],[-42,11],[-17,14],[-13,19],[-9,24],[-5,29],[-1,33],[3,39],[-16,21],[-7,21],[2,21],[12,21],[21,21],[30,21],[-94,53],[-93,263],[-63,105],[31,32],[32,-74],[41,-84],[-5,-23],[6,-29],[28,-6],[23,5],[31,-10],[-41,31],[-42,95],[21,63],[0,42],[-19,17],[-13,21],[-10,25],[-4,31],[0,35],[4,40],[-20,63],[93,137],[31,31],[0,42],[63,106],[94,52],[52,-21],[-42,-73],[-31,-32],[41,-63],[63,21],[52,95],[73,73],[21,-21],[10,53],[73,32],[73,-22],[20,-73],[-20,-63],[52,-11],[62,21],[31,-74],[-41,-126],[21,-10],[20,-21],[-20,-32],[39,-27],[35,-32],[30,-36],[25,-41],[21,-45],[14,-69],[10,-21],[31,0],[24,8],[-21,-116],[41,-11],[42,-73],[-21,-106],[146,-105],[-21,-105],[-14,-25],[-20,-18],[-25,-12],[-31,-6],[-35,1],[-41,7],[-21,-52],[41,-85],[11,-52],[83,126],[-10,-32],[41,-10],[-21,-53],[115,-31],[42,0],[36,11],[28,3],[31,-18],[-2,-49],[42,-42],[-42,-84],[31,-32],[73,-74],[136,-136],[41,0],[31,63],[53,21],[93,-53],[0,-126],[31,0],[14,-18],[-3,-35],[73,-21],[62,21],[21,-105],[31,-11],[0,-136],[229,-137],[-41,-85],[83,-126],[114,-74],[32,-63],[104,-42],[52,-84],[72,-74],[11,-116],[-83,43],[-32,42],[-52,0],[-52,-11],[21,-63],[-177,-95],[-27,-8],[-37,0],[-12,21],[3,61],[-41,10],[-11,43],[-104,-64],[-62,21],[-31,-73],[-73,-32],[-32,74],[-20,10],[-21,21],[7,21],[-122,106],[11,31],[-21,53],[-146,84],[-31,-63],[-60,-8],[-53,-1],[-45,7],[-38,14],[-31,22],[-23,29],[-229,0],[-31,-84],[-302,0],[-104,63],[-250,21],[-31,-52],[239,-200],[105,126],[166,-148],[167,148],[52,-95],[0,-126],[-19,-30],[-24,-25],[-30,-18],[-36,-13],[-41,-8],[-48,-1],[-63,-21],[-10,42],[-38,-8],[-33,-1],[-28,4],[-24,10],[-19,16],[-14,21],[-23,5],[-29,-5],[-6,-23],[-12,-38],[-24,-14],[-30,-9],[-36,-5],[-42,0],[-48,5],[10,-74],[-20,-105],[-32,-32],[11,-31],[-52,-137],[-73,158],[-21,10],[-21,21],[7,22],[-7,73],[21,63],[0,43],[-62,84],[10,94],[21,-84],[1,48],[7,42],[13,36],[19,31],[24,24],[30,19],[10,32],[-167,0],[-10,-42],[-44,-7],[-38,0],[-32,7],[-27,14],[-21,21],[-15,28],[-31,-95],[21,-84],[-21,-126],[42,-42],[0,-169],[-21,-63],[21,-53],[-94,21],[0,42],[-31,43],[-52,0],[-136,136],[0,116],[-83,-52],[-7,-49],[-2,-38],[4,-28],[25,-25],[22,3],[41,-116],[11,-53],[31,-42],[52,0],[10,-53],[-62,-105],[21,-63],[0,-42],[-52,-11],[-52,-52],[41,-42],[-31,-74],[-250,84],[11,32],[-73,95],[-104,42],[10,31],[-73,32],[-41,-21],[-73,-74],[-52,-32],[-63,22],[-62,-22],[-104,22],[-63,-22],[-104,64],[-125,126],[-31,-32],[42,-115],[114,-85],[102,-17],[9,-22],[26,-6],[123,-134],[63,-63],[52,32],[125,-42],[146,42],[20,5],[27,-2],[5,-35],[0,-42],[41,-10],[42,-116],[73,-53],[52,-74],[-21,-63],[198,-158],[83,0],[31,-105],[-41,-10],[52,-11],[31,-74],[-31,-31],[-63,21],[-229,-63],[-135,-95],[187,-53],[21,84],[52,22],[10,-32],[0,-42],[-218,-179],[-208,0],[-63,21],[-83,0],[-42,42],[-104,-21],[-270,21],[-104,84],[-32,53],[-145,147],[20,21],[-41,11],[-52,84],[-31,32],[-32,-11],[-104,63],[-52,95],[-135,95],[-52,95],[-104,73],[21,53],[-42,10],[0,74],[-125,169],[-135,94],[10,32],[-21,42],[-52,32],[-52,94],[-62,32],[-21,53],[5,23],[-14,36],[-33,-7],[-83,137],[-7,40],[-32,0],[-23,-8],[-21,115],[-21,64]],[[47066,29763],[80,53],[87,136],[19,10],[85,43],[33,209],[-13,75],[0,137]],[[33254,44849],[188,-42],[73,21],[41,74],[63,63],[195,118],[65,40],[23,-3],[112,98],[0,210]],[[34014,45428],[167,106],[20,94],[53,21],[114,-42],[10,-42],[209,126],[31,32],[225,119],[35,18],[26,-4],[47,-7]],[[35749,44389],[55,-224],[-20,-84],[62,-127],[7,-49],[1,-43],[-8,-55],[-19,-16],[-13,-21],[-10,-26],[-4,-31],[0,-35],[4,-39],[37,-79],[5,-6],[-1,-3],[50,-106],[138,-70],[84,-421],[-87,-67]],[[36030,42887],[-16,-13],[-33,-25],[-73,0],[-41,-242],[-104,-169],[3,-46],[-1,-40],[-5,-36],[-10,-33],[-12,-24],[-17,-21],[-239,-84],[-25,-12],[-27,-24],[-11,-27],[-31,-53],[-10,-52],[-73,0],[-42,-74],[-42,-84],[21,-85],[0,-147],[-51,-140],[-11,-30]],[[9998,6370],[-23,-16],[-25,5],[21,-179],[0,-42],[-9,-22],[-15,-17],[-20,-11],[-25,-6],[-31,-1],[-35,4],[10,32],[-62,10],[-84,-200],[-93,-73],[-31,-74],[-21,-11],[-21,-21],[7,-21],[-49,-31],[-31,-32],[10,-32],[-52,-10],[11,-32],[-21,-63],[-31,-52],[52,0],[31,42],[63,21],[20,-63],[32,-32],[31,10],[62,-21],[73,-73],[-21,-11],[-21,-21],[7,-21],[-27,-95],[-11,-52],[-73,0],[-4,-46],[-33,-3],[-25,7],[-21,-85],[-94,-42],[-62,21],[-146,-63],[-14,-30],[-27,-33],[-28,5],[-14,16],[-125,-84],[11,-32],[-53,-10],[-62,-21],[-10,52],[-21,63],[-42,22],[-31,-32],[-52,-95],[-21,-105],[-94,-95],[-166,-42],[-21,-35],[-21,-7],[-21,21],[-270,-147],[-83,-43],[-32,74],[-7,28],[-3,22],[10,24],[32,0],[-11,31],[21,106],[31,-11],[11,53],[0,210],[31,32],[10,95],[-21,63],[21,53],[-93,-22],[10,-31],[-49,4],[-42,-3],[-37,-9],[-29,-15],[-24,-22],[-17,-29],[-114,32],[62,105],[16,55],[3,43],[-9,29],[-22,16],[-34,4],[-47,-10],[-73,116],[-21,63],[62,337],[-21,12],[-20,25],[13,25],[18,12],[73,73],[83,32],[167,347],[-21,105],[177,158],[31,-73],[-94,-116],[136,84],[-63,-95],[94,-31],[52,95],[-125,168],[0,74],[32,-5],[10,47],[38,10],[30,4],[22,-4],[18,-28],[-4,-24],[156,-63],[44,4],[39,9],[34,15],[29,20],[23,26],[18,31],[63,-21],[62,84],[-31,32],[93,52],[84,-42],[156,200],[-156,74],[-32,31],[-20,11],[-21,21],[7,21],[-28,21],[-10,42],[-94,-137],[-31,-31],[-84,-42],[-104,21],[-52,94],[0,85],[-145,221],[-73,0],[-146,126],[-312,-126],[-94,-95],[21,-21],[-63,-105],[-20,-11],[-21,-21],[7,-21],[-163,-84],[-115,-137],[-198,179],[-20,-21],[-125,21],[-37,7],[-18,-23],[-39,-58],[21,-105],[-21,-63],[-21,-11],[-21,-21],[7,-21],[-27,-74],[-17,-29],[-23,-22],[-30,-15],[-36,-9],[-43,-3],[-49,5],[-31,52],[-32,32],[-124,-84],[-167,42],[-10,52],[20,95],[94,63],[31,32],[23,13],[19,24],[-13,25],[-18,12],[-42,-21],[-62,-42],[-52,-85],[-125,0],[0,42],[-52,21],[-32,-73],[-114,-74],[-83,42],[-84,-42],[-83,0],[-27,-8],[-37,0],[-12,21],[-28,8],[-104,105],[-10,-31],[-52,-32],[-105,-21],[-31,32],[-6,39],[-1,31],[3,23],[19,23],[43,14],[17,14],[-3,42],[-20,14],[-125,-84],[-41,0],[-52,94],[22,13],[20,25],[-13,24],[-19,12],[-52,-21],[-83,200],[0,42],[-42,84],[19,29],[22,23],[26,18],[29,14],[34,8],[37,3],[20,95],[11,31],[-63,-21],[-78,39],[-22,19],[7,37],[-11,53],[-83,0],[-333,-127],[-31,116],[37,25],[21,24],[4,25],[-11,24],[-28,25],[-44,25],[42,105],[-21,84],[-63,63],[21,190],[-31,24],[-26,31],[-20,35],[-14,42],[-9,47],[-4,52],[104,148],[-21,21],[115,116],[62,-21],[125,84],[83,0],[42,0],[16,-23],[21,-16],[27,-11],[32,-3],[38,2],[43,30]],[[5100,8949],[21,-74],[41,-74],[53,0],[83,-42],[166,42],[42,0],[31,43],[73,21]],[[41508,42154],[48,-17],[254,-88],[83,-84],[188,0],[56,-73],[16,-22],[-7,-28],[-13,-56],[20,-43],[-14,-73],[11,-59],[203,-312],[40,-8],[156,-84],[31,-43],[13,8],[91,77],[21,-12],[167,-94],[83,-21],[10,32],[14,-5],[32,37],[4,10],[29,27],[21,6],[26,2],[30,-3],[42,0],[42,-21],[83,42],[114,-179],[21,-106],[-7,-36],[22,-19],[89,-124],[52,-21],[63,0],[145,106],[24,-11],[122,-53],[31,64],[106,39],[61,45],[239,21],[63,42],[41,0],[146,63],[63,21]],[[44683,41101],[124,-42],[37,2],[33,5],[28,11],[24,14],[19,19],[16,23],[31,31],[21,21],[20,-7],[21,-35],[104,64],[115,-53],[-21,-74],[-114,-42],[-42,0],[-125,-42],[-156,-200],[31,-32],[135,169],[15,17],[18,13],[24,9],[29,5],[33,1],[38,-3],[10,-19],[-2,-38],[-12,-20],[-20,-19],[-29,-20],[-31,-31],[42,-64],[83,42],[23,33],[23,22],[22,10],[23,0],[22,-11],[22,-22],[-20,-105],[-156,-116],[-42,0],[-156,-63],[52,-105],[104,21],[0,-43],[29,-7],[11,-38],[-2,-31],[-7,-39],[-94,-74],[-31,-32],[-135,-73],[-39,-4],[-33,1],[-27,8],[-21,13],[-16,20],[-10,25],[-73,-11],[32,-10],[-73,-21],[0,-84],[-26,6],[-33,-3],[-8,-25],[-89,0],[-52,-31],[-42,-32],[-21,-137],[-42,-42],[42,-105],[0,-126],[-26,-39]],[[44313,39536],[-120,-182],[-170,-67],[-79,-133],[52,-74],[31,-32],[0,-42],[-2,-40],[-7,-35],[-12,-30],[-16,-26],[-21,-21],[-25,-16],[83,-211],[-15,-48],[-19,-44],[-24,-39],[-28,-34],[-33,-30],[-37,-26],[-167,21],[-135,-158],[-31,-31],[-687,0],[-42,0],[-31,8],[-52,13],[-21,-7],[-42,-14],[-90,11]],[[42573,38249],[-1,2],[-27,48],[-17,12],[-84,142],[-29,21],[-40,10],[-45,-15],[-31,8],[-31,-8],[-52,7],[-21,-7],[-52,42],[-42,0],[-65,-33],[-60,-30],[-52,0],[-41,84],[-156,0],[-32,53],[42,84],[-9,76],[0,46],[-2,30],[-1,22],[4,45],[10,39],[17,56],[14,27],[-16,44],[-38,106],[-3,47],[3,52],[21,105],[-17,37],[-25,-5],[-9,79],[-19,66],[-4,11],[-13,26],[-163,165],[-31,116],[-34,2],[-29,-3],[-23,-7],[-19,-14],[-20,-20],[-83,42],[-3,13],[-28,19],[-63,73],[0,158],[-62,221],[-250,-63],[-42,116],[0,42],[-5,42],[-7,61],[-56,175],[-50,115],[-79,18]],[[26957,35637],[25,1],[7,10],[67,-6],[162,-15],[72,189],[188,21],[41,116],[35,22],[49,31],[7,95],[13,178],[218,70],[17,25],[15,53],[177,0],[42,0],[30,-8],[131,-37],[68,-18],[41,0]],[[28362,36364],[6,-11],[2,1]],[[42573,38249],[-14,-32],[-31,-32],[-62,-32],[-21,-84],[-115,-63],[-42,-24],[-31,-71],[-11,-26],[-14,-21],[-19,-15],[-23,-10],[-27,-3],[-30,2],[-21,-74],[-2,0],[-50,-11]],[[42060,37753],[-271,-147],[-125,0],[-229,84],[-31,53],[-156,52],[-14,26],[-17,6]],[[41217,37827],[-84,179],[-114,42],[-12,22],[-40,73],[-31,31],[-209,22],[-72,73],[-40,72],[-188,87],[-96,7],[-175,12],[-11,1],[-42,0],[-50,14],[-23,7],[-52,-45],[-21,-18],[-270,-21],[-32,-53],[-114,-115],[-143,-94],[-44,-75],[-5,2]],[[39349,38050],[-9,3],[-111,37],[-21,-21],[-417,0],[-124,148],[-458,42],[-38,-47],[-24,-16],[-34,-19],[-60,-3]],[[38053,38174],[-67,-10],[-48,10],[-62,85],[-105,-21],[-93,137],[0,105],[-131,197],[-22,19],[7,36]],[[37532,38732],[73,53],[31,32],[42,252],[62,95],[115,84],[166,-21],[11,32],[15,8],[255,129],[21,305],[-187,253],[62,105],[0,42],[28,56],[8,42],[-36,92],[8,21],[75,200],[157,63],[31,10],[0,253],[73,74],[77,-1],[85,38],[15,15],[-8,38]],[[38826,65720],[70,17],[10,21],[21,21],[21,-7],[20,28],[-41,10],[21,64],[93,52],[11,-31],[16,23],[5,30],[23,5],[39,142],[208,147],[52,84],[31,32],[157,158],[62,-21],[62,21],[32,74],[-125,84],[21,42],[-21,63],[52,32],[41,0],[63,-21],[73,52],[-31,11],[10,31],[-42,63],[-4,24],[4,30],[23,5],[19,99],[-94,42],[-41,0],[-73,43],[-21,94],[0,42],[73,116],[62,-21],[-10,32],[21,63],[20,21],[-20,32],[-21,10],[31,32],[104,-21],[42,0],[10,42],[94,-21],[218,84],[63,116],[0,147],[52,32],[52,-95],[0,-42],[42,-84],[52,-11],[31,-74],[0,-42],[21,-63],[-177,-179],[-21,21],[-156,-200],[93,-52],[18,22],[17,15],[35,7],[35,-23],[62,21],[94,94],[-21,21],[21,53],[270,221],[-41,21],[31,11],[-16,18],[-22,19],[7,36],[-21,64],[31,21],[24,21],[18,21],[10,21],[4,21],[-4,21],[31,32],[42,42],[83,0],[83,-42],[209,84],[52,10],[41,74],[73,42],[21,-5],[27,1],[4,36],[52,31],[94,137],[16,14],[-7,42],[-21,14],[-30,14],[21,64],[-172,91],[-22,19],[7,37],[0,42],[52,11],[135,136],[-21,22],[13,26],[12,17],[24,11],[24,-23],[63,21],[41,0],[156,116],[42,32],[21,-74],[-21,-63],[10,-44],[4,-34],[-4,-24],[-27,-19],[-25,5],[-41,-137],[-104,-63],[-3,-31],[2,-26],[6,-22],[27,-29],[20,-8],[73,0],[31,42],[52,11],[31,31],[52,95],[-42,42],[23,18],[15,17],[-1,53],[-16,17],[42,85],[0,42],[21,63],[0,42],[62,42],[-41,21],[20,53],[52,21],[104,-21],[-10,-32],[42,-10],[7,-45],[1,-40],[-4,-36],[-10,-31],[-15,-26],[-21,-22],[260,-137],[208,42],[136,-32],[31,32],[10,53],[73,73],[84,0],[31,-42],[177,-42],[52,95],[83,31],[42,137],[114,74],[31,10],[32,-31],[0,42],[62,-21],[83,42],[42,-63],[10,-74],[73,-31],[63,21],[31,-11],[31,32],[-10,116],[62,147],[42,84],[-42,126],[42,0],[-42,32],[0,53],[19,28],[20,22],[19,15],[19,10],[38,-2],[83,-42],[10,-21],[21,-21],[21,7],[31,-28],[11,32],[52,10],[104,-63],[31,-32],[31,11],[83,-21],[52,-74],[23,-15],[14,-16],[-7,-47],[-19,-17],[31,-31],[31,10],[104,-21],[42,0],[73,-73],[-21,-11],[-21,-21],[7,-21],[-24,-43],[-32,-37],[-27,-43],[-21,-48],[-17,-54],[-11,-59],[-114,-74],[-21,-35],[-21,-7],[-21,21],[-83,-42],[-38,1],[-19,-9],[-19,-15],[-19,-22],[-19,-29],[62,-105],[-5,-23],[6,-29],[28,-6],[23,5],[83,0],[63,-21],[31,-31],[35,9],[34,-21],[18,-22],[17,-30],[-31,-10],[104,-63],[23,-14],[16,-14],[14,-28],[-11,-28],[72,-43],[0,-42],[84,-31],[-63,-106],[84,-168],[114,-32],[-10,-31],[52,-11],[31,-73],[-21,-200],[-94,21]],[[45265,67590],[-104,-63]],[[45161,67527],[-62,42],[-31,31],[-42,-21],[2,-40],[7,-35],[12,-30],[16,-26],[21,-21],[19,-12]],[[45103,67415],[6,-4],[-12,-5],[-50,-69]],[[45047,67337],[-146,63],[-62,137],[-89,49],[-22,20],[7,36],[-177,137],[-125,-42],[-125,126],[-24,-22],[-24,10],[-13,18],[-12,26],[-42,95],[-114,42],[-31,10],[0,158],[-73,0],[-104,-147],[-84,0],[-124,105],[-157,0],[0,-74],[73,53],[32,-31],[6,-35],[2,-29],[-3,-25],[-7,-21],[-30,-27],[-125,21],[-31,-84],[-73,21],[-114,0],[14,-54],[1,-41],[-11,-28],[-24,-14],[-36,-1],[-48,11],[21,95],[14,24],[20,19],[25,13],[30,8],[36,2],[41,-3],[-42,63],[-52,-31],[-52,94],[42,85],[22,25],[-10,24],[-17,12],[-26,12],[-11,-42],[-114,21],[-104,-42],[-115,21],[-41,-94],[31,-32],[62,21],[63,-21],[31,-32],[0,-42],[-42,0],[-36,-5],[-30,-12],[-25,-16],[-20,-23],[-14,-28],[63,-189],[-42,-95],[-312,-42],[4,-31],[0,-27],[-7,-23],[-11,-19],[-16,-16],[-22,-11],[-31,42],[-94,-21],[0,-42],[-23,5],[-28,-5],[-6,-23],[-42,-12],[-40,-1],[-35,-8],[-28,-17],[-22,-23],[-15,-32],[0,-31],[-104,0],[-42,-200],[-83,-84],[-31,-32],[10,-32],[-42,-10],[-41,-116],[-27,-16],[-19,-16],[-17,-32],[11,-31],[-49,2],[-17,-32],[3,-28],[11,-36],[-21,-11],[-21,-21],[7,-21],[-111,-158],[-31,-32],[16,-17],[20,-35],[-5,-21],[-83,-127],[145,-189],[0,-42],[52,-11],[42,0],[10,-52],[0,-42],[-20,-190],[-20,-11],[-38,2],[-19,13],[-19,20],[-19,29],[-31,-32],[21,-10],[20,-21],[-20,-32],[125,-190],[0,-189],[-8,-20],[-28,-27],[-22,-6],[-26,-2]],[[39884,65463],[21,116],[281,284],[24,-5],[29,5],[-1,42],[188,84],[20,106],[115,63],[23,-6],[29,6],[6,29],[-6,24],[125,84],[-21,63],[26,15],[19,16],[17,32],[-10,32],[-73,168],[-114,-21],[-18,-33],[-17,-21],[-35,-7],[-17,14],[-17,26],[-261,-63],[-41,-95],[21,-158],[-63,-10],[21,-74],[-208,-63],[10,42],[52,-21],[2,36],[-5,32],[-12,27],[-19,22],[-26,17],[-33,13],[-32,-84],[-187,-42],[-21,-126],[-83,-32],[73,-95],[21,42],[10,-63],[-42,-10],[63,-42],[-42,-274],[-31,10],[-9,-38]],[[39558,65512],[-48,88],[-32,31],[-104,-63],[-93,11],[31,10],[-63,0],[-62,21],[-83,-84]],[[39968,66326],[37,-4],[30,0],[21,4],[16,42],[21,21],[-105,106],[-20,-169]],[[45349,32426],[27,138],[-38,146],[1,4],[-16,52],[-26,8],[11,28],[-32,24],[3,20],[18,96],[-7,12],[-27,45],[-29,48],[21,42],[-31,11],[-1,1],[-30,104]],[[45193,33205],[343,-21],[208,-84],[42,0],[47,-7],[88,-14],[21,-84],[198,-63],[36,31]],[[46176,32963],[23,-18],[66,-56],[44,-5],[37,1],[31,8],[25,13],[18,20],[11,27],[135,0],[21,126],[84,21],[0,158],[104,210],[31,32],[343,42],[63,158],[19,7],[64,25],[-21,294],[94,43],[8,-8],[23,-24],[25,-28],[214,-46],[63,85],[4,-2]],[[47705,34046],[100,-41],[125,21],[26,-12],[17,-13],[11,-24],[-23,-24],[63,-190],[-21,-94],[-42,-11],[364,-200],[32,-74],[0,-42],[-52,-10],[-32,-74],[42,-169],[-42,-105],[94,-116],[73,21],[-10,64],[-32,-32],[63,158],[33,-6],[29,-1],[25,5],[20,9],[16,15],[12,20],[10,-74],[0,-126],[-20,-74],[73,-21],[10,53],[21,63],[-21,53],[52,21],[52,-21],[-21,-53],[42,-10],[21,-95],[0,-42],[-6,-23],[6,-29],[29,-7],[23,6],[41,0],[32,-116],[-11,-31],[52,0],[31,-42],[63,21],[10,-53],[21,-211],[31,-31],[323,0],[4,-34],[-2,-29],[-7,-25],[-14,-21],[-19,-16],[-25,-12],[0,-116],[-25,-6],[-33,3],[-9,25],[-19,28],[-31,0],[-10,-21],[3,-60],[-188,-148],[73,-52],[8,-23]],[[47066,29763],[-31,31],[-73,116],[0,168],[-42,11],[-62,137],[10,116],[-73,42],[0,73],[-10,53],[-35,2],[-10,32],[4,27],[10,34],[10,74],[-31,-1],[-10,25],[2,21],[8,28],[-30,14],[-21,14],[-14,28],[23,28],[-62,190],[-63,63],[0,84],[-20,64],[-84,115],[-114,85],[-104,0]],[[24626,43192],[0,236],[-125,232],[38,95],[64,162],[-60,146],[-94,133],[-115,158],[-44,260],[-138,193],[-99,63],[-239,242],[-21,169],[3,25],[-13,133]],[[23783,45439],[31,147],[177,0],[27,55],[4,8]],[[24022,45649],[219,-105],[270,0],[229,-168],[118,45],[59,113],[18,21],[23,15],[28,8],[34,2],[40,-4],[45,-11],[0,74],[11,35],[-139,206],[-95,140],[-27,40],[6,23],[77,272],[-6,21],[-56,210],[7,16],[138,300],[-156,263],[-270,0],[-21,21],[-104,-147],[-312,63],[-73,-126],[-179,40],[-9,2]],[[23897,47018],[63,242],[24,9],[59,23],[9,39],[12,55],[-9,53],[-12,74],[6,23],[9,34],[47,185],[167,21],[15,113],[-57,171],[10,34],[42,145]],[[24282,48239],[229,-21],[84,-63],[24,-35],[20,-40],[14,-44],[10,-50],[5,-55],[0,-60],[52,-53],[292,-52],[61,-11],[17,-25],[25,-38],[64,38],[72,28],[81,19],[89,9],[98,0],[106,-10],[-42,-326],[94,-95],[250,-21],[21,21],[572,0]],[[26520,47355],[79,-107],[129,-93],[-83,-105],[0,-64],[115,-200],[145,106],[167,0],[23,-36],[91,-28],[1,-10]],[[27187,46818],[20,-211],[-9,-109],[-11,-129],[-1,-14],[-15,-10],[-16,-22],[-132,-80],[-66,-151]],[[42944,55956],[-19,9],[-22,12],[10,53],[31,-74]],[[42944,55956],[63,-21],[-52,-10],[-21,-85],[146,21],[69,-34],[12,21],[37,0],[27,-8],[84,43],[114,-43],[5,-34],[0,-32],[-5,-28],[-9,-24],[-14,-22],[-18,-17],[20,-85],[104,-52],[21,84],[42,10],[-63,106],[32,-11],[10,42],[52,21],[73,-21],[-62,-147],[52,-21],[72,116],[52,10],[209,-189],[32,23],[25,32],[16,40],[8,48],[0,56],[-9,64],[302,221],[167,-42],[146,63],[0,-42],[31,42],[156,-21],[146,21],[41,0],[31,-32],[32,11],[145,-105],[250,84],[-10,31],[62,64],[21,126],[-21,168],[23,18],[15,18],[-1,52],[-16,18],[364,158],[42,0],[49,-14],[44,-19],[40,-22],[36,-27],[32,-31],[28,-35],[142,-17],[9,-22],[32,-6],[25,3],[42,0],[208,-126],[94,63],[-21,53],[-5,23],[5,30],[23,5],[-2,215],[-73,32],[-14,30],[-28,33],[-28,-5],[-14,-16],[-10,53],[-42,10],[-20,95],[-84,63],[-41,32],[-42,200],[94,52],[14,-23],[27,-19],[28,19],[14,23],[83,-42],[32,-73],[52,-11],[31,-32],[19,-26],[24,-21],[30,-15],[36,-10],[41,-3],[48,2],[62,-21],[31,-32],[94,-53],[83,43],[83,-43],[32,-31],[9,-22],[15,-17],[20,-11],[25,-6],[30,-1],[36,4],[125,0],[73,-42],[0,-42],[52,0],[41,0],[125,-63],[208,21],[18,-23],[17,-15],[35,-7],[35,24],[62,-21],[83,0],[188,-63],[41,0],[63,-21],[41,0],[63,-43],[52,-84],[135,-42],[11,-21],[20,-21],[21,7],[73,-7],[42,0],[27,-11],[21,-15],[15,-19],[9,-23],[3,-27],[-2,-31],[176,-85],[-10,-31],[42,-11],[-21,-52],[21,-63],[-21,-11],[-21,-21],[7,-21],[-14,-35],[-34,-18],[-41,-12],[-46,-6],[-53,1],[-58,7],[-292,-169],[-104,21],[-94,42],[-10,43],[-42,-64],[-166,85],[-63,-21],[-13,30],[-28,33],[-28,-5],[-14,-16],[-21,63],[-31,42],[-52,0],[-24,-17],[-24,-6],[-25,5],[-24,16],[-24,27],[-25,38],[-52,-21],[-20,-53],[176,-94],[0,-169],[32,-31],[21,-64],[-94,-52],[-83,-84],[-84,0],[-41,42],[-84,-42],[-125,63],[-62,-42],[-187,105],[-167,-84],[-62,21],[-188,-21],[-41,-42],[-94,-11],[-42,-74],[-135,-84],[-30,7],[-38,-4],[-10,-24],[5,-21],[-291,-126],[-21,-74],[-17,-28],[-22,-24],[-27,-18],[-32,-13],[-37,-9],[-42,-3],[-21,-35],[-21,-7],[-20,21],[-52,-95],[-73,-52],[-31,-42],[-302,-21],[-104,-21],[-26,12],[-17,13],[-10,24],[21,24],[-20,63],[52,53],[166,0],[12,21],[16,15],[22,9],[27,5],[32,-1],[37,-7],[229,127],[146,147],[20,-21],[84,84],[249,126],[42,0],[10,43],[105,42],[20,52],[-73,32],[-52,-84],[-93,-21],[-83,0],[-125,-127],[-250,-84],[-83,-84],[-32,-42],[-197,-106],[-188,-21],[-83,42],[-125,0],[-104,-63],[-104,63],[-94,-21],[-114,-21],[-11,-52],[-73,-32],[11,-31],[-31,10],[-104,-63],[145,126],[-21,42],[-229,-105],[-41,0],[-83,-63],[-250,-63],[-31,10],[0,-31],[-24,-11],[-22,3],[-27,8],[-125,147],[-42,-63],[-83,42],[-63,-147],[-104,21],[-14,30],[-27,33],[-28,-5],[-14,-16],[-83,42],[-146,-21],[-21,63],[-34,10],[-45,2],[-17,-23],[-1,-79],[19,-22],[37,7],[26,-14],[18,-14],[-4,-42],[-20,-14],[-208,84],[-41,0],[-136,21],[-72,105],[-146,-21],[-42,0],[-166,84],[-21,35],[-21,7],[-21,-21],[-104,21],[-62,-21],[-375,127],[-146,-21],[11,31],[-177,95],[-21,35],[-21,7],[-21,-21],[-21,35],[-27,28],[-35,21],[-42,14],[-48,7],[-56,0],[-104,63],[-104,-21],[-125,127],[-21,-21],[-145,105],[10,32],[-104,105],[2,30],[-23,33],[-4,23],[0,28],[4,33],[-83,84],[-6,39],[-2,31],[3,24],[20,23],[58,41],[62,-21],[31,32],[-20,63],[-94,53],[-42,0],[-125,-42],[-229,189],[-62,-21],[-52,95],[0,42],[-21,137],[52,21],[83,-42],[32,-42],[52,0],[41,0],[104,-64],[32,116],[114,32],[31,-74],[219,-137],[166,-42],[26,-12],[17,-12],[10,-25],[-21,-25],[6,-30],[-3,-39],[-25,-10],[-20,6],[-21,-53],[31,-53],[39,7],[31,2],[23,-3],[22,-37],[14,-25],[20,-18],[26,-12],[33,-6],[39,1],[45,7],[62,-63],[11,21],[21,21],[20,-7],[84,-14],[41,-84],[52,-21],[28,1],[9,-33],[-5,-21],[26,-39],[34,-33],[40,-26],[47,-20],[53,-13],[60,-6],[-11,-31],[52,-11],[94,-95],[-21,-21],[23,-34],[23,-28],[22,-19],[23,-12],[22,-5],[23,4],[50,9],[40,4],[31,-2],[21,-9],[14,-34],[93,-95],[42,42],[125,-21],[44,-3],[39,3],[33,8],[29,13],[24,19],[18,24],[35,2],[11,31],[-4,27],[-11,34],[21,21],[-21,32],[-20,10],[-23,38],[-23,3],[-30,-2],[-39,-7],[-62,-21],[-52,21],[41,158],[198,74],[104,-21],[19,12],[12,40]],[[6235,1495],[31,-32],[-52,-10],[10,-32],[-94,-52],[11,-32],[-63,-105],[0,-42],[-13,-27],[-28,-26],[-28,12],[-14,20],[42,84],[41,84],[0,53],[63,0],[41,73],[53,32]],[[6235,1495],[10,21],[21,21],[21,-7],[83,28],[21,95],[41,84],[-52,11],[-10,52],[21,106],[0,42],[-21,63],[-13,18],[-18,13],[-24,8],[-28,3],[-34,-3],[-39,-8],[-21,31],[-21,21],[-21,12],[-21,2],[-20,-7],[-21,-16],[-167,147],[-135,-21],[187,221],[42,105],[42,42],[-63,64],[21,105],[31,116],[31,31],[-145,74],[41,74],[-62,105],[104,63],[-135,53],[41,63],[32,42],[52,0],[41,0],[52,10],[-21,222],[52,21],[198,-179],[-41,-200],[93,42],[31,-32],[-20,-15],[-14,-16],[-11,-32],[14,-32],[28,-7],[21,-3],[24,10],[0,32],[0,84],[52,11],[21,-6],[27,2],[4,35],[8,21],[29,27],[21,7],[26,1],[31,-3],[14,30],[13,21],[28,14],[28,-23],[73,-42],[0,-42],[135,42],[31,-74],[0,-84],[73,-32],[52,-10],[-21,-63],[73,-32],[27,12],[20,18],[15,23],[10,30],[3,34],[-2,41],[0,126],[42,85],[93,52],[26,-12],[18,-13],[10,-24],[-22,-24],[20,-148],[53,-52],[31,73],[0,42],[-84,211],[21,63],[94,53],[26,-12],[17,-12],[11,-25],[-23,-25],[94,-53],[166,127],[52,52],[-20,106],[31,73],[62,-21],[73,-42],[63,-137],[83,-84],[-11,-74],[32,-31],[0,-42],[21,-63],[83,-85],[-21,-21],[21,-63],[33,-19],[25,-19],[16,-19],[8,-39],[-9,-20],[29,-7],[10,-39],[-1,-31],[-7,-39],[-63,-147],[32,-21],[24,-21],[17,-21],[11,-21],[3,-21],[-3,-21],[-94,-53],[-31,-31],[-21,-22],[7,-21],[35,-21],[-21,-105],[-63,-105],[21,-21],[10,-34],[4,-27],[-10,-32],[-35,-2],[-52,-74],[21,-10],[21,-21],[-21,-32],[41,-10],[0,-106],[-31,0],[-62,-21],[-104,63],[-125,-84],[-42,0],[-83,-42],[-63,-21],[-52,21],[-41,74],[5,21],[-9,33],[-28,-2],[-72,-94],[2,-50],[8,-45],[13,-40],[18,-34],[24,-29],[28,-23],[84,0],[104,63],[62,-21],[146,21],[21,3],[20,-3],[21,-11],[21,-17],[21,-25],[21,-31],[62,21],[83,-85],[63,21],[73,-21],[41,-94],[-145,-232],[12,-25],[12,-18],[25,-10],[23,21],[105,-63],[31,-31],[62,-21],[4,-40],[-1,-33],[-8,-27],[-13,-22],[-19,-16],[-25,-10],[177,-52],[27,-21],[-27,-43],[-63,21],[-10,-52],[41,-84],[-104,-64],[42,-84],[0,-42],[21,-63],[62,-105],[-21,-106],[53,-10],[62,21],[10,-95],[42,-42],[0,-84],[-62,-63],[52,-32],[-42,0],[-21,-21],[-4007,0],[-2,34],[5,29],[11,25],[17,21],[23,16],[29,12],[5,36],[-1,31],[-6,25],[-12,20],[-16,15],[-22,10],[-31,31],[73,32],[41,0],[11,42],[42,11],[-21,84],[-167,168],[52,32],[188,-169],[10,42],[156,22],[104,63],[183,17],[10,23],[32,5],[25,-3],[125,126],[21,4],[20,-4],[21,-10],[21,-18],[21,-25],[21,-31],[62,21],[63,63],[83,0],[114,-116],[0,-63],[136,-116],[83,0],[-10,32],[156,116],[104,-148],[26,12],[17,12],[10,25],[-22,25],[21,63],[41,42],[-24,20],[-22,39],[15,38],[21,19],[125,-84],[31,105],[-14,17],[-19,13],[-24,9],[-28,5],[-33,1],[-38,-3],[-42,0],[-145,-84],[-40,-2],[-34,5],[-27,11],[-21,17],[-15,23],[-9,30],[-31,42],[-52,0],[-25,12],[-18,13],[-10,24],[21,25],[-83,126],[83,190],[73,53],[52,10],[32,32],[31,73],[-11,53],[-124,-21]],[[19984,21761],[-14,-14],[-17,-17],[-90,8],[-368,34],[-136,-242],[-114,-95],[-42,0],[-46,27],[-27,15],[-20,53],[-5,35],[-31,-2],[-32,-5],[-99,-134],[0,-421],[-104,-189],[62,-232],[-96,-233],[-1,-2],[-7,-60],[-22,-9],[-300,-127],[-67,33],[-162,-54],[-46,5],[-48,5],[-31,-53],[-250,21],[-52,-73],[-13,-8]],[[17382,23098],[18,22],[55,63],[187,-21],[229,21],[166,210],[125,-21],[42,0],[31,-8],[52,-13],[84,0]],[[27101,48000],[-19,8],[-7,24],[-14,49],[42,63],[-21,43],[10,63],[7,50],[223,150],[70,55],[48,82],[38,63],[31,31],[31,53],[15,25]],[[27555,48759],[19,18],[26,12],[30,6],[36,-1],[41,-7],[21,73],[15,21],[21,14],[27,8],[32,2],[38,-3],[43,-10],[177,105],[21,74],[20,9],[324,149],[41,8]],[[28487,49237],[-10,-19],[104,-63],[-21,-42],[52,-32],[344,127],[114,210],[250,-63],[177,84],[18,74],[15,23],[41,-2],[30,-10],[0,84],[177,-42],[94,21],[3,65],[-2,60],[-8,55],[-12,28],[-19,40],[-25,36],[-21,36],[-24,4],[-31,-2],[-39,-6],[-31,31],[-92,39],[-32,14],[-32,147],[-20,-21],[-323,14],[-21,7],[-52,-42],[-31,-52],[0,-43],[-16,19],[-26,6],[-21,7],[-20,-21],[-11,-21],[-177,21],[1,2]],[[28790,50010],[41,93],[41,358],[-8,49],[-10,64]],[[28854,50574],[-2,13],[83,32],[21,105],[90,-13],[17,42],[-3,23],[13,54],[-34,147],[177,84],[31,42],[104,0],[83,231],[-72,22],[-19,25],[-44,59],[-35,2],[-10,28],[4,24],[10,30],[-52,0],[-63,105],[-312,-126],[-31,21]],[[28810,51524],[-6,25],[-9,33],[-2,41],[5,47],[12,54],[-125,147],[-7,161],[-17,82],[-25,45],[-44,64],[-32,27],[0,137]],[[28560,52387],[177,-21],[146,105],[24,-9],[62,-25],[18,-8],[2,-9],[29,-106],[177,-200],[292,-64],[20,-21],[21,7],[21,35]],[[29549,52071],[89,-8],[69,-7],[61,-6],[0,-73],[64,-81],[2,-4],[17,-21],[-18,-103],[-1,-8],[19,-78],[-21,-42],[52,10],[115,-73],[-21,-190],[21,-21],[30,-7],[0,-3],[6,-37],[1,-2],[-17,-14],[55,-11],[23,-8],[27,-9],[44,-22],[39,-27],[34,-32],[14,-32],[45,-38],[32,0],[2,-7],[10,-26],[9,-24],[51,15],[32,-21],[31,63],[94,-21],[0,-5],[6,-31],[0,-12],[0,-20],[-6,-27],[-12,-22],[-17,-18],[-23,-13],[-32,-10],[-16,-41],[-2,-6],[-23,-58],[31,-74],[94,19],[10,2],[6,-13],[25,-19],[27,-20],[46,36],[21,16],[187,-84],[31,52],[43,34],[51,40],[42,-21],[62,-21],[63,42],[18,-9],[325,-170],[42,-31],[83,-158]],[[31641,50461],[-52,-11],[-29,-18],[-30,-19],[7,-37],[-14,-85],[14,-136],[-271,-63],[-41,-95],[-42,-31],[0,-95],[-64,-129],[85,-218],[66,7],[59,0],[52,-7],[45,-14],[38,-21],[31,-29],[21,-115],[0,-63]],[[31516,49282],[1,-36],[-8,-41],[-13,-36],[-19,-31],[-23,-25],[-25,-17],[-288,-204],[-16,-108],[-26,-99],[-26,-67],[-9,-25],[-11,-18],[-49,-77],[-50,-59]],[[30954,48439],[-52,-73],[-437,0],[-42,0],[-73,-21],[-20,-169],[-14,2]],[[30316,48178],[-184,19],[-52,74],[-115,74],[-104,-43],[-52,116],[-10,32],[-188,0],[-52,105],[-177,63],[-83,-42],[-50,9],[-58,9],[-17,3],[-9,16],[-53,89],[-135,-63],[-21,-73],[-11,-32],[-156,0],[-52,-168]],[[28737,48366],[-260,-179],[21,-85],[-7,-33],[-35,-188],[-198,-63],[-166,0],[-50,14],[-14,-3],[-34,-4],[-23,4],[-19,28],[-14,29],[-11,2],[-14,0],[-29,-7],[-136,34],[-52,-13],[-34,6],[-88,-24]],[[27574,47884],[-23,39],[-117,17],[-50,-17],[-47,21],[-57,0],[-108,55],[-38,-12],[-33,13]],[[41376,42326],[14,21],[19,-7],[17,51],[40,121],[49,-8],[44,-2],[39,4],[34,10],[23,4],[30,34],[94,-21],[15,88],[-57,154]],[[41737,42775],[78,-6],[65,-21],[8,-3],[9,-4],[58,-27],[61,-39],[56,-46],[50,-54],[194,-70],[67,-24],[52,17],[114,151],[-21,147],[8,30],[24,85],[10,33],[17,10],[149,84],[139,331],[7,17],[24,22],[29,17],[32,12],[37,6],[41,0],[45,-5],[14,202],[-14,125],[8,18],[87,195],[92,208],[52,53],[115,94],[31,116],[21,-7],[10,-24]],[[43506,44418],[23,-27],[1,-26],[0,-1],[28,-62],[94,-127],[135,0],[157,-136],[-42,-243],[135,-21],[63,21],[52,-94],[-9,-36],[-33,-133],[0,-31],[208,0],[0,-158],[136,-263],[156,21],[21,84],[128,-25],[59,-108],[78,-20],[36,5],[42,0],[62,-21]],[[45036,43017],[21,-21],[21,7],[21,35],[62,-21],[84,0],[104,-21],[31,-73],[-21,-21],[7,-22],[35,-21],[-31,-10],[18,-19],[21,-11],[0,-31],[-8,-23],[-177,-42],[-42,-64],[30,7],[23,1],[24,-14],[-4,-36],[115,-63],[62,105],[104,-21],[104,21],[94,-136],[41,-85],[-20,-63],[52,-116],[41,21],[-10,32],[35,14],[34,-14],[18,-18],[17,-24],[-62,-221],[-19,-19],[-24,-14],[-30,-9],[-36,-5],[-42,0],[-47,5],[-31,73],[26,23],[15,23],[4,22],[-8,23],[-18,23],[-30,23],[-23,6],[-28,-5],[-6,-30],[5,-23],[21,-64],[-31,-73],[-63,21],[-83,0],[-229,252],[-31,-94],[-104,-106],[-63,-231],[63,-11],[20,74],[0,42],[73,137],[21,-84],[21,84],[52,-84],[52,0],[208,-169],[104,-21],[146,63],[73,-31],[-104,-190],[-30,-14],[-21,-14],[-14,-28],[23,-28],[-73,-116],[-83,42],[-73,-52],[63,-32],[41,-95],[-21,-63],[63,-10],[0,40],[6,37],[12,32],[16,27],[22,24],[27,19],[31,31],[-10,32],[64,68],[58,75],[52,81],[45,87],[39,94],[33,100],[84,63],[7,-27],[3,-22],[-10,-25],[-32,1],[-25,-12],[-17,-12],[-10,-25],[21,-25],[-62,-105],[-31,-32],[10,-31],[-208,-337],[-104,-148],[-42,-31],[0,-53],[-94,-53],[-208,42],[-27,17],[-24,31],[17,32],[24,15],[-135,74],[-32,-53],[-73,-52],[-31,-42],[-114,-43],[-84,-42],[-62,21],[-10,-21],[-21,-21],[-31,0]],[[24039,48915],[-319,40],[-374,358],[-198,21],[-21,53],[5,17],[-9,37],[-27,-2],[-38,33],[-35,41],[-22,39],[-20,48],[-13,54],[-7,59],[-219,21],[-229,-84],[-30,9],[-168,54],[21,190],[-218,63],[-18,-41],[-24,-32],[-33,-22],[-40,-13],[-48,-3],[-56,6],[-10,-95],[-11,-58],[-6,-19],[-6,-22],[-9,-27],[-8,-18],[-14,-31],[-5,-13],[-35,-56],[-42,-51],[-52,-53],[-333,-63],[-29,8],[-64,18],[-21,6],[5,28],[-5,24],[-48,12],[-10,-1],[-36,-11],[-21,29],[-24,35],[-18,21]],[[21097,49524],[32,21],[21,10],[-21,106],[5,24],[36,186],[42,211],[-94,73],[-31,-84],[-208,-21],[21,179],[-84,53],[-20,115],[-125,211],[3,8],[-3,4]],[[20671,50620],[5,2],[36,102],[209,63],[20,116],[25,12],[163,83],[41,179],[146,94],[63,158],[33,19],[248,139],[81,-5],[74,2],[66,11],[59,17],[51,26],[43,33],[417,0],[62,42]],[[26593,49629],[-31,-116],[8,-41],[13,-64],[-10,-38],[10,-46],[10,-53]],[[26593,49271],[-52,-32],[-146,-94],[-31,-85],[-208,0],[-42,43],[-166,21],[-156,-21],[-32,105],[-238,-85],[-324,1],[-41,0],[-36,9],[-48,-9],[-18,28],[-23,35],[-208,-63],[-146,0],[-42,0],[-229,0],[-354,-211],[-14,2]],[[20130,47565],[20,200],[-40,48],[-32,55],[-24,63],[-17,70],[-10,79],[-2,86],[15,36]],[[20040,48202],[17,-5],[260,148],[114,273],[188,-21],[73,21],[18,71],[10,21],[31,0],[16,-15],[8,39],[13,53],[-13,52],[7,33],[55,241],[-5,20],[-36,127],[83,190],[22,27],[28,20],[34,16],[39,9],[45,4],[8,-1],[42,-1]],[[24039,48915],[-11,-63],[-80,-155],[-38,-42],[-44,-37],[-3,0],[-35,-48],[7,-25]],[[23835,48545],[-55,-42],[-91,-127],[-48,-37],[-46,-58],[-31,-31],[-62,-63],[-42,-64],[-104,-84],[6,-30],[1,-23],[-7,-20],[-42,-32],[-41,-95],[-83,-52],[5,-21],[-9,-34],[-28,2],[-135,-179],[0,-84],[-208,-274],[-21,-168],[-30,-22],[-1,-5]],[[22763,47002],[-8,-1],[-34,-25],[-14,14],[-17,-4],[-1,-4]],[[22990,52762],[-9,67],[-114,21],[-15,26],[-42,70],[-37,62],[-2,36],[-27,10],[-24,-4],[-32,1],[-40,105],[-10,31],[-156,0],[-3,57],[-6,53],[-12,49],[-16,45],[-21,42],[-25,39],[-115,73],[-4,14],[-48,176],[-239,0],[-313,168],[-187,21],[-146,-105],[-28,7]],[[21319,53826],[-55,14],[-62,84],[-73,-42],[166,242],[115,74],[41,-42],[46,30],[30,30],[16,30],[2,30],[-14,29],[-28,30],[136,158],[31,31],[73,53],[31,74],[83,31],[21,74],[-21,63],[0,42],[42,85],[21,10],[21,21],[-21,32],[62,84],[42,63],[0,42],[17,30],[18,22],[17,15],[35,5],[48,23],[125,189],[28,-1],[9,33],[-6,21],[104,148],[-20,21],[156,115],[52,106],[73,21],[31,73],[-42,85],[-6,39],[-1,31],[2,23],[20,23],[89,73],[-41,42],[0,84],[41,85],[-21,63],[63,116],[73,-21],[21,63]],[[22909,56725],[72,-42],[21,-85],[211,-63],[46,-14],[24,-7],[15,-23],[58,-93],[25,-19],[173,-138],[94,0],[62,-264],[0,-31],[239,0],[42,0],[27,-9],[98,-33],[125,21]],[[21670,54409],[83,0],[83,147],[-13,17],[-23,9],[-18,-23],[-8,-24],[-83,-21],[17,-14],[1,-42],[-15,-14],[-24,-35]],[[55028,25815],[-93,200],[41,84],[-31,31],[-31,43],[-94,0],[-52,94],[0,169],[42,84],[-21,63],[-135,95],[-32,74],[-20,63],[41,84],[0,42],[13,26],[12,18],[24,10],[24,-22],[31,-42],[52,0],[11,-21],[21,-22],[20,7],[57,5],[42,-14],[37,-19],[32,-23],[28,-28],[23,-33],[31,-31],[21,-64],[-42,-84],[21,-105],[-21,-232],[-10,-31],[31,0],[11,-25],[-3,-21],[-8,-28],[0,-42],[21,-53],[73,42],[73,-31],[0,-169],[-42,-42],[8,-54],[2,-47],[-4,-42],[-10,-35],[-16,-30],[-22,-23],[32,-74],[145,84],[84,0],[-11,-74],[-41,-31],[0,-63],[41,-32],[21,-105],[-52,-95],[-83,42],[-104,63],[-32,-73],[20,-27],[19,-18],[19,-10],[38,7],[19,16],[26,-12],[17,-13],[11,-24],[-23,-25],[94,-52],[52,-53],[21,-105],[-21,-63],[42,-63],[7,-49],[2,-38],[-4,-28],[-26,-25],[-21,3],[-21,-74],[0,-42],[-73,-32],[-10,53],[-21,63],[0,42],[0,32],[-24,10],[-21,-2],[-28,-8],[0,42],[-73,42],[-21,95],[21,126],[-11,27],[-15,22],[-18,15],[-23,9],[-27,3],[-31,-2],[42,-116],[-21,-63],[21,-63],[23,-18],[14,-17],[-1,-53],[-15,-18],[-2,-35],[-28,-11],[-23,5],[-30,10],[-21,73],[-125,85],[6,23],[-6,30],[-29,5],[-23,-6],[10,-31],[-21,-63],[21,-106],[-21,-63],[21,-63],[-10,-32],[73,-42],[20,-52],[7,-23],[-6,-29],[-29,-7],[-24,6],[11,-32],[-94,-52],[-83,-42],[-146,21],[-52,73],[-41,32],[-21,53],[21,63],[31,31],[-21,85],[-10,-53],[-84,-84],[6,-23],[-5,-29],[-29,-6],[-24,5],[-18,13],[-13,19],[-8,23],[-2,29],[2,35],[8,39],[0,84],[-52,11],[-62,-21],[-32,73],[21,64],[-21,63],[32,23],[22,23],[10,23],[0,22],[-11,23],[-21,23],[-115,-200],[21,-64],[-21,-63],[-31,-31],[-21,-64],[-104,22],[-11,52],[-41,32],[-146,179],[-10,31],[-136,0],[42,-73],[-73,-11],[-21,-21],[-83,84],[-31,-31],[83,-127],[31,-31],[136,-179],[21,-105],[-21,-53],[-52,-21],[-23,-6],[-29,6],[-6,29],[6,23],[-11,53],[-73,74],[-31,-11],[-10,53],[-115,53],[-41,0],[-63,-43],[11,-31],[-73,-32],[-32,74],[21,63],[9,69],[-1,59],[-10,48],[-21,39],[-30,29],[-40,19],[-11,-42],[-73,-21],[-35,-2],[-10,-32],[4,-26],[10,-35],[0,-42],[-62,-105],[41,-211],[21,-63],[-21,-105],[21,-63],[-94,-53],[-31,-73],[-10,-53],[-45,3],[-17,-21],[10,-45],[73,42],[27,-2],[9,34],[-5,20],[73,32],[52,-53],[-63,-105],[42,-42],[7,-39],[1,-31],[-10,-39],[-29,-7],[10,-74],[-52,-52],[-83,42],[-73,-116],[21,-116],[208,-115],[7,-39],[1,-31],[-10,-39],[-29,-7],[10,-32],[-42,-84],[7,-23],[-6,-29],[-29,-6],[-24,5],[-135,137],[0,74],[-114,-42],[-32,116],[0,84],[-41,10],[21,95],[20,63],[-109,71],[-22,19],[7,37],[0,42],[-21,63],[-42,84],[63,105],[-105,148],[13,26],[12,17],[24,11],[24,-23],[136,74],[-63,84],[0,53],[-41,31],[-53,11],[-31,32],[-21,63],[32,-11],[31,32],[-83,84],[22,34],[16,40],[11,44],[3,50],[-2,56],[-9,60],[-62,32],[21,231],[31,32],[18,13],[13,19],[8,23],[2,29],[-2,34],[-8,40],[94,74],[166,-148],[52,0],[-104,158],[-52,95],[-73,-32],[-31,-31],[-73,-11],[21,148],[30,14],[21,14],[7,42],[-16,14],[19,26],[19,19],[19,9],[38,-6],[19,-17],[11,53],[0,42],[52,11],[-11,31],[32,16],[31,-11],[16,-15],[15,-21],[62,42],[-36,12],[-47,2],[-15,26],[5,23],[-73,21],[-83,-42],[-23,-6],[-29,6],[-6,29],[6,24],[-63,147],[104,147],[-52,32],[-31,95],[62,31],[-31,106],[-62,-21],[-19,34],[-19,21],[-38,3],[-19,-17],[-20,-31],[21,-63],[-23,-28],[14,-28],[21,-14],[30,-14],[-32,-32],[-114,284],[42,85],[-42,126],[94,53],[104,-106],[20,21],[32,-115],[31,10],[52,-95],[31,11],[11,-53],[22,-34],[23,-24],[23,-14],[22,-4],[23,7],[22,17],[166,-127],[0,63],[-31,32],[-41,0],[6,24],[-6,29],[-29,6],[-23,-6],[-34,18],[-27,24],[-22,31],[-16,36],[-11,42],[-5,49],[-10,179],[-32,31],[0,42],[-31,11],[-24,17],[-17,25],[-11,32],[-3,38],[3,46],[-21,105],[-9,47],[3,35],[16,22],[29,9],[42,-3],[55,-15],[10,52],[31,32],[50,31],[16,23],[46,-2],[34,-10],[52,-74],[135,-136],[52,0],[63,-158],[21,-21],[-21,-32],[-21,-11],[31,-31],[104,63],[42,-84],[104,21],[10,-21],[21,-21],[21,7],[21,-39],[31,11],[354,-148],[31,-42],[52,0],[63,21],[31,-42],[62,-31],[-41,-106],[104,-31],[52,-85],[62,22],[-10,-32],[21,-63],[0,-84],[-63,-95],[-41,-11],[73,-31],[104,63],[10,-53],[42,-73],[62,31],[-42,126],[0,43],[84,42],[-146,179],[94,-21],[17,-23],[17,-15],[35,-7],[35,24],[177,-179],[-21,-64],[21,-73],[-36,6],[-31,0],[-27,-6],[-22,-12],[-17,-17],[-13,-24],[52,-10],[42,0],[125,-85],[72,-94],[32,-32],[52,-84],[93,-42]],[[20671,50620],[-52,-22],[-313,0],[-270,84],[-83,7],[-110,1],[-119,-8],[-167,-127],[-10,43],[-177,21]],[[19370,50619],[-125,63],[-125,0],[-31,31],[31,116],[23,-5],[29,6],[6,29],[-6,23],[21,105],[52,53],[27,-8],[22,-3],[24,11],[0,31],[30,14],[21,14],[7,42],[-17,14],[21,43],[52,31],[42,42],[73,-10],[31,31],[83,42],[42,-42],[93,42],[-20,74],[62,148],[-21,63],[0,84],[136,95],[145,-63],[115,200],[0,84],[10,28],[16,22],[23,16],[29,9],[36,2],[42,-4],[10,53],[-52,11],[-41,0],[-156,126],[-105,179],[0,42],[42,169],[-31,21],[-24,21],[-18,21],[-10,21],[-4,21],[4,21],[21,52],[52,22],[104,-22],[31,-31],[73,10],[62,-21],[13,-22],[24,-19],[24,12],[12,19],[-41,84],[0,42],[20,63],[-20,53],[47,4],[41,-3],[36,-10],[30,-18],[24,-25],[19,-32],[31,-11],[-20,148],[0,42],[197,116],[94,94]],[[20858,53345],[21,21],[42,32],[20,74],[-20,105],[0,42],[281,242],[104,-42],[13,7]],[[20858,53345],[-52,95],[-73,-116],[-83,-52],[12,49],[18,45],[24,40],[28,37],[34,32],[40,28],[73,-31],[-21,-127]],[[21750,19803],[-18,-210],[-31,-32],[11,-32],[-21,-63],[-63,-31],[-21,-53],[21,-42],[-155,-75]],[[25875,36279],[114,64],[17,23],[95,130],[3,10],[0,268],[157,109],[41,28],[52,11],[0,273],[208,158],[21,179],[-177,255],[-198,166],[21,285],[-292,168],[-28,47]],[[26908,38961],[-13,-71],[116,-28],[108,-39],[99,-47],[91,-58],[83,-67],[75,-76],[125,0],[292,147],[385,-21],[21,-74],[-6,-25],[-36,-154],[187,-84],[-83,-221],[21,-74],[187,-63],[4,-59],[-1,-54],[-8,-59],[-13,-49],[-19,-44],[-25,-19],[145,-253],[0,-337],[77,-111],[62,-28],[2,0],[26,-8]],[[29393,56620],[83,-22],[83,-200],[0,-84],[42,-42],[-62,-147],[-42,-85],[21,-63],[0,-42],[21,-63],[0,-84],[20,-105],[-41,-127],[9,-50],[4,-41],[-2,-31],[-8,-22],[-34,-14],[-32,-73],[21,-64],[-73,-31],[-8,-30]],[[29395,55200],[-11,-35],[-33,-114],[31,-95],[32,11],[5,-21],[-9,-34]],[[29410,54912],[-28,2],[-10,-53],[-42,-63],[136,-74],[-32,-136],[21,-67],[16,-52],[-26,-39],[10,-32],[-21,-74],[12,-28],[45,-113],[6,-17],[-21,-42],[-21,-42],[-15,-45],[15,-18],[-4,-23],[4,-30],[23,-5],[81,-110],[25,-11],[24,-1],[55,64],[42,32],[21,42],[-24,57],[-9,21],[-30,69],[-11,46],[-2,36],[6,24],[18,17],[42,0],[93,-123],[-2,-12],[-5,-24],[23,-19],[109,-208],[0,-31],[31,-11],[21,-63],[-10,-53],[41,-10],[-2,-16],[-18,-121],[-26,-46]],[[29971,53510],[-6,14],[-10,-42],[-73,-21],[-62,21],[-188,-126],[-166,0],[-42,0],[-31,8],[-31,-8],[-63,0],[-21,21],[-288,-214],[-24,-18],[-35,0],[-194,0],[-187,-59]],[[42205,45836],[11,24],[21,0],[15,12],[33,73],[7,54],[-1,7],[-2,23],[10,20],[65,25],[29,56],[145,277],[63,-42]],[[42601,46365],[94,-42]],[[42695,46323],[0,-52],[0,-43],[-21,-63],[-21,-10],[-21,-21],[7,-21],[-7,-116],[115,95],[20,-22],[32,1],[10,-25],[-3,-21],[-7,-28],[22,-30],[26,-26],[31,-22],[35,-17],[40,-13],[43,-8],[84,42],[10,-53],[-42,-31],[-41,-95],[31,-31],[104,63],[36,11],[28,2],[31,-17],[-1,-49],[31,-74],[31,-31],[31,10],[11,-52],[21,-42],[104,-53],[41,-95],[94,-31],[42,42],[83,-85],[23,7],[30,-6],[5,-29],[-6,-24],[-104,-53],[-42,-126],[-41,-11],[93,-137],[52,95],[-20,116],[41,-32],[21,-63],[-42,-105]],[[43735,44944],[-31,-32],[11,-31],[-21,-232],[4,-31],[-17,-35],[-21,-4],[-31,4],[-39,14],[-42,-169],[-42,-10]],[[41737,42775],[0,42],[-8,24],[-2,29],[2,34],[8,40],[-146,147],[-56,514],[-83,169],[-43,63],[-307,170],[-156,0],[-42,126],[-197,63],[-32,11],[-20,-21],[-11,-11],[-25,13],[-26,25],[-3,6],[-8,20]],[[42695,46323],[-21,74],[21,74],[30,7],[22,-1],[21,-32],[-2,-30],[-9,-39],[10,-53],[32,-42],[-104,42]],[[28425,27204],[42,106],[10,-85],[114,42],[21,64],[31,42],[94,0],[0,-42],[31,31],[52,-31],[63,21],[19,12],[13,25],[-20,24],[-23,12],[73,116],[21,-42],[11,32],[20,10],[21,21],[-21,32],[52,31],[-62,64],[-12,22],[-24,20],[-24,-13],[-13,-19]],[[28914,27699],[-21,84],[42,0],[-21,42],[21,43],[-31,52],[-52,-21],[20,74],[-3,58],[19,22],[36,-6],[42,0],[28,-2],[9,33],[-6,21],[63,42]],[[29060,28141],[21,42],[88,35]],[[29270,28225],[102,-21],[-42,-21],[32,-10],[93,-137],[-21,-42],[42,-11],[42,-136],[0,-85],[-5,-23],[5,-29],[23,-6],[39,58],[31,32],[42,0],[83,-42],[84,0],[166,126],[31,11],[-83,-169],[-31,-31],[-11,-53],[21,-147],[-21,-64],[24,-15],[16,-22],[10,-28],[4,-35],[-3,-41],[-30,-48],[-41,63],[-42,21],[21,-63],[-31,10],[-42,-21],[-31,53],[-94,53],[-52,-11],[32,-42],[36,-37],[40,-32],[44,-27],[47,-23],[51,-18],[21,-95],[-84,-42],[32,-52],[20,42],[94,-21],[96,-127]],[[30038,26688],[-104,-42],[135,-73],[32,-64],[52,22],[20,-43],[11,32],[52,-32],[31,-31],[73,-32],[73,21]],[[30895,25487],[17,-62],[136,-74],[0,-42],[73,21]],[[30496,24604],[0,31],[-24,11],[-21,-3],[-28,-8],[11,-31],[-94,-32],[10,-31],[-72,10],[-42,-21],[-52,53],[42,21],[-42,10],[-11,43],[-10,-32],[-9,-22],[-15,-17],[-20,-11],[-25,-6],[-31,-1],[-35,4],[-21,42],[42,-21],[-21,42],[-177,11]],[[29851,24646],[-31,11],[31,52],[-21,42],[-94,11],[-52,-21],[-10,42],[-21,-42],[-31,52],[6,31],[-3,38],[-25,11],[-20,-6],[21,147],[42,11],[-115,53],[11,31],[-42,11],[-42,-74],[21,-63],[-21,-32],[-21,-17],[-20,-4],[-21,11],[-21,24],[-21,39],[42,21],[-52,11],[-14,17],[-18,13],[-22,10],[-27,4],[-30,1],[-35,-3],[-21,42],[42,-21],[-21,42],[-83,-21],[-31,52],[-32,-10],[11,31],[-73,-10]],[[28987,25183],[-52,116],[21,84],[0,42],[21,63],[-32,11],[-10,52],[-7,37],[22,19],[6,29],[21,42],[83,63],[-21,42],[-10,53],[-84,-42],[-41,63],[-21,-42],[-21,84],[-104,-42],[-94,21],[-21,52],[1,32],[-25,11],[-21,-3],[-27,-8],[0,-42],[-42,21],[-51,-1],[-47,-6],[-40,-11],[-36,-17],[-30,-22],[-25,-27],[-21,42],[-10,-32],[-52,32],[-31,42],[-26,6],[-33,-3],[-9,-25],[-13,-25],[-28,14],[4,33],[-72,-21]],[[28914,27699],[21,-63],[-94,-137],[-135,21],[-1,49],[6,43],[12,38],[19,32],[25,27],[33,22],[114,-32]],[[29060,28141],[-31,11],[20,42],[11,-53]],[[29851,24646],[0,-42],[-42,21],[42,21]],[[35627,41270],[11,42],[166,21],[21,-84],[94,-21],[156,42],[21,73],[31,32],[54,-6],[48,-2],[43,2],[37,5],[32,9],[25,13],[21,274],[125,42],[42,158],[22,7],[269,88],[-21,126]],[[37532,38732],[-52,-10],[-135,274],[-250,105],[-42,158],[-31,31],[-31,32],[-21,168],[-52,53],[-271,21],[-8,19]],[[28173,22783],[44,0],[41,0],[104,42],[-10,31],[42,63]],[[28394,22919],[62,85],[-15,17],[-9,35],[22,35],[23,18],[-6,24],[6,29],[29,6],[23,-6],[52,136],[-21,148],[24,55]],[[29549,24235],[135,21],[11,-42],[52,21],[-63,95],[21,190],[31,31],[115,0],[41,-73],[73,-32],[42,21],[42,0],[19,-20],[23,-15],[28,-9],[31,-5],[36,1],[40,6],[41,-95]],[[29268,39848],[182,-128],[11,-8],[150,-106],[9,-18],[23,-45],[68,-34],[77,-40],[-34,-172],[55,-186],[0,-31],[125,0],[21,-126],[198,-85],[125,0],[260,127],[21,126],[333,84],[32,141],[-12,59],[7,22],[35,115],[33,-2],[9,2]],[[52135,55440],[-42,42],[-104,0],[-41,43],[-53,73],[-52,11],[-104,63],[-83,-42],[-198,21],[-62,116],[-21,63],[-42,31],[21,74],[-62,84],[-52,11],[-31,-3],[-25,2],[-22,7],[-29,26],[-8,21],[6,20],[-9,34],[-28,-2],[-31,-105],[-73,-21],[-62,105],[-105,-84],[-208,21],[-166,-42],[-63,21],[-36,-7],[-19,22],[-49,48],[-41,0],[-84,42],[-23,-5],[-28,6],[-6,29],[5,23],[-31,-11],[-135,137],[0,42],[0,127],[31,31],[83,42],[83,-42],[105,-21],[62,-21],[31,-31],[94,-11],[62,42],[42,-21],[83,42],[31,116],[-62,105],[21,63],[-63,106],[188,105],[31,32],[62,21],[63,-21],[125,0],[93,94],[-20,21],[20,64],[-52,10],[-104,21],[-52,53],[2,49],[-28,17],[-25,-3],[-32,-11],[-52,85],[-36,1],[-32,-3],[-27,-8],[-22,-13],[-17,-18],[-12,-23],[-104,64],[-83,-42],[-83,42],[10,31],[-52,11],[-28,-3],[-28,7],[-27,17],[-28,26],[-28,35],[-28,44],[-124,-42],[31,-53],[10,-31],[-52,0],[-41,84],[-73,42],[-84,-42],[-83,0],[-23,5],[-28,-5],[-6,-23],[-89,-82],[-187,63],[-21,35],[-21,7],[-20,-21],[-94,74],[18,81],[10,21],[32,0],[23,-8],[42,95],[-42,84],[0,42],[-8,28],[-2,22],[10,24],[31,0],[63,21],[125,-84],[125,42],[62,-21],[11,32],[52,31],[31,53],[73,52],[27,8],[21,3],[25,-11],[0,-31],[31,10],[10,-52],[42,-11],[-42,-73],[21,-64],[281,-136],[208,-22],[14,-16],[28,-5],[28,33],[13,31],[84,0],[125,-127],[62,21],[63,-21],[31,-31],[0,-42],[52,-11],[0,-42],[187,0],[11,-32],[31,11],[83,-42],[42,0],[208,84],[41,0],[94,63],[21,53],[-42,126],[10,28],[17,22],[23,16],[29,9],[36,3],[41,-4],[63,84],[42,42],[114,0],[21,-74],[-42,-252],[21,-148],[21,-10],[21,-21],[-21,-32],[125,-42],[0,-95],[-42,-31],[-22,-18],[-23,-35],[9,-35],[15,-18],[-21,-63],[73,11],[94,-21],[83,-158],[94,-53],[26,12],[17,12],[11,25],[-23,25],[21,95],[406,-127],[-11,32],[21,53],[84,-21],[20,-137],[0,-42],[42,-85],[94,-94],[208,-85],[104,64],[62,-106],[63,21],[62,-21],[73,-42],[0,-42],[94,-42],[83,42],[94,42],[21,53],[-8,35],[1,26],[32,25],[29,-2],[39,-11],[26,-12],[17,-12],[11,-24],[-23,-25],[42,-11],[21,-95],[83,-84],[-21,-21],[42,-10],[21,-53],[-21,-63],[42,-11],[20,-137],[-93,-52],[-104,21],[-104,-63],[-84,0],[-52,-53],[-31,-32],[-83,-42],[-125,42],[-21,36],[-21,7],[-21,-21],[-145,105],[-104,-21],[-63,21],[11,31],[-94,11],[-73,-116],[-10,-31],[104,21],[41,0],[11,-53],[73,-74],[41,42],[125,0],[94,-21],[8,-24],[-8,-39],[-31,0],[10,-31],[-21,-74],[-73,-21],[-31,-74],[-114,-31],[-42,42],[-31,31],[-23,34],[-23,24],[-22,14],[-23,4],[-22,-6],[-23,-17],[-104,63],[-25,-12],[-17,-12],[-10,-25],[21,-25],[-21,-42],[-72,-52],[-105,-21],[-104,63],[11,31],[-42,11],[-10,42],[-94,-53],[6,-23],[-5,-29],[-30,-6],[-23,6],[-125,-42],[-104,63],[-52,0],[-31,-42],[10,-32],[-52,-11],[11,-31],[-94,-11]],[[20040,48202],[-250,79],[-95,24],[-221,18],[-73,-115],[-52,-53],[-167,-42],[-145,21],[-229,147]],[[18808,48281],[-125,64],[-312,0],[-21,21],[-125,-21],[-146,-169],[-38,-3],[-33,1],[-31,11],[-21,3],[-19,13],[-5,6],[-13,-7]],[[17919,48200],[-6,-3],[-23,-5],[-29,6],[-6,29],[6,23],[10,52],[94,43],[41,94],[-21,106],[105,105],[0,126],[-33,0],[-14,28],[0,25],[5,31],[114,74],[94,42],[-6,34],[0,29],[4,25],[9,21],[15,16],[20,12],[0,147],[30,-2],[14,21],[-3,45],[63,105],[-10,42],[0,32],[10,21],[21,11],[31,-1],[41,-10],[105,105],[20,-21],[11,42],[41,11],[-12,26],[-12,17],[-25,11],[-23,-23],[-32,74],[21,63],[31,32],[21,105],[63,-21],[26,19],[18,20],[9,19],[-6,39],[-16,19],[146,147],[-21,21],[21,63],[-42,11],[-7,41],[-1,36],[5,31],[12,26],[18,20],[25,14],[62,-21],[73,74],[-21,21],[94,53],[11,-53],[20,-74],[28,-7],[35,7],[7,35],[-7,28],[93,42],[37,-8],[28,-3],[31,14],[-12,40]],[[21426,41192],[-100,-217]],[[21326,40975],[-83,-84],[-239,0],[-66,-204],[-163,-112],[-16,-117],[16,-62],[-9,-27],[-38,-115],[-16,-48],[-17,-9],[-42,-20]],[[20653,40177],[-3,-2],[-21,84],[-218,0],[-84,84],[-125,-42],[-38,-4],[-51,0],[-56,4],[-42,0],[-34,-6],[-29,-2],[-25,3],[-20,8],[-58,81],[-188,-105],[-115,-14],[-10,-28]],[[19536,40238],[-27,-18],[-31,-14],[-36,-9],[-41,-5],[-45,0],[-49,4],[-52,21]],[[19255,40217],[21,63],[-73,21],[-270,-210],[-323,0],[-20,39],[-38,16],[-49,21],[-18,39],[0,32],[-54,5],[-19,-5],[-4,8],[-27,2]],[[18381,40248],[-83,222],[-73,21],[-11,21],[-20,10],[-80,152],[-243,69],[-104,-84],[-26,9],[-16,-9],[-309,118]],[[17416,40777],[28,8],[-39,112],[-2,4],[-11,32],[-177,0],[-41,137],[4,28],[-4,24],[-37,-10],[-28,0],[-19,10],[48,204],[41,173],[5,87]],[[17184,41586],[58,-21],[42,6],[39,11],[55,28],[34,26],[23,24],[27,34],[7,41],[0,9],[-4,31]],[[17465,41775],[10,-1],[1,1]],[[17476,41775],[56,-1],[89,64],[406,0],[21,-105],[128,-17],[101,-152],[135,-42],[198,64],[21,73],[19,9],[106,44],[0,95],[83,168],[18,9],[86,44],[21,147]],[[18964,42175],[5,2],[203,82],[73,148],[156,-84],[62,-169],[344,-147],[11,-22],[62,-126],[201,-42],[83,-17],[18,-4],[31,-31],[21,-190],[31,11],[395,0],[-10,52]],[[54664,611],[-62,179],[20,63],[-41,10],[-5,43],[0,38],[5,36],[9,31],[14,28],[18,24],[0,42],[-31,32],[-21,21],[-125,-126],[-83,42],[-31,31],[-156,116],[-31,74],[93,53],[39,4],[33,-2],[27,-8],[22,-13],[15,-19],[10,-26],[26,13],[17,12],[11,25],[-23,24],[104,63],[-114,74],[-31,74],[114,73],[42,64],[-31,42],[-94,0],[-42,0],[-31,42],[-33,-2],[-29,5],[-25,10],[-20,18],[-16,23],[-12,30],[-42,-21],[-52,74],[0,42],[115,31],[62,-21],[166,84],[84,-42],[93,53],[-31,32],[-62,-21],[-84,42],[-124,-42],[-84,0],[-31,31],[-73,-10],[-104,-21],[11,31],[-21,63],[104,106],[-21,21],[1,37],[6,33],[10,28],[14,24],[19,20],[23,16],[166,-43],[20,14],[4,43],[-18,14],[-26,14],[-63,-21],[-104,21],[-31,31],[-19,10],[-38,-2],[-19,-12],[-19,-21],[-20,-27],[-20,21],[-73,-21],[-18,18],[-13,22],[-9,26],[-5,30],[0,34],[3,38],[94,21],[52,105],[73,21],[41,0],[198,-21],[0,148],[-83,0],[-21,73],[52,137],[104,-63],[52,84],[-156,21],[-52,106],[-125,31],[125,169],[-21,42],[-3,35],[0,31],[5,27],[9,22],[13,18],[18,14],[31,32],[-10,31],[72,32],[32,-74],[41,-31],[-21,-74],[52,-95],[24,-5],[29,6],[6,29],[-6,23],[20,21],[-20,32],[-21,10],[21,63],[-21,42],[-115,95],[-31,32],[-10,94],[-73,43],[-5,28],[0,25],[5,21],[23,31],[18,10],[8,28],[3,22],[-11,24],[-31,0],[-31,74],[0,42],[-11,36],[-3,29],[18,31],[48,-1],[21,-31],[21,-21],[20,-12],[21,-2],[21,7],[21,17],[52,-95],[-22,-25],[11,-25],[17,-12],[25,-12],[29,-7],[11,-39],[-2,-31],[-7,-39],[-20,-21],[124,-126],[-20,-21],[93,-95],[21,21],[63,63],[104,21],[72,-31],[-20,-63],[41,-11],[11,-84],[73,116],[83,52],[21,-179],[-21,-63],[-6,-23],[6,-29],[29,-6],[23,6],[73,-11],[-42,32],[21,200],[0,84],[42,31],[0,53],[-21,63],[21,105],[-105,64],[21,63],[32,-11],[41,42],[146,21],[94,-305],[25,-16],[19,-16],[18,-31],[-10,-32],[72,-42],[21,-137],[104,-73],[84,-116],[0,-1095],[-63,-32],[63,-115],[6,-38],[1,-32],[-4,-27],[-10,-22],[-15,-17],[-20,-12],[0,-147],[-23,-28],[14,-28],[21,-14],[30,-14],[0,-1158],[-73,-74],[-84,21],[-52,-32],[-31,-31],[-32,-30],[-33,-13],[-33,4],[-33,21],[-33,37],[-34,54],[11,38],[-2,48],[-33,15],[-28,-6],[-41,0],[-63,-21],[-21,10],[-17,15],[-11,20],[-6,25],[-1,31],[4,36],[-17,29],[-17,18],[-35,0],[-17,-18],[-18,-29],[-31,-32],[10,-31],[-18,-29],[-19,-21],[-19,-16],[-19,-9],[-39,1],[-52,21],[-73,190],[-52,-116],[-8,-40],[-31,0],[-23,8],[-21,-73],[0,-169],[-42,-10]],[[24282,48239],[-10,42],[-279,98],[-23,8],[-20,24],[-115,134]],[[26593,49271],[208,126],[250,0],[42,0],[249,85],[21,-14]],[[27363,49468],[11,-60],[83,-63],[-63,-274],[83,-158],[84,-42],[-6,-112]],[[27101,48000],[-40,-24],[5,-23],[-14,-35],[-13,2],[-19,-49],[-21,-53],[-27,-20],[-32,-17],[-37,-12],[-43,-9],[-32,-3],[-124,-44],[-28,-21],[-31,-32],[-52,-31],[-31,-30],[-24,-35],[-20,-60],[-5,-32],[0,-55],[7,-62]],[[44100,35690],[-364,19],[-32,2],[-41,0],[-8,10]],[[43655,35721],[-24,32],[-52,0],[-104,-63],[-125,0],[-93,42],[-21,84],[-94,42],[-62,-21],[-14,-23],[-28,-19],[-28,19],[-14,23],[-10,-63],[-83,11],[29,17],[22,24],[14,30],[7,36],[-1,43],[-9,50],[-156,42],[-66,-15]],[[42743,36012],[14,25],[-42,106],[-135,73],[-52,53],[-21,126]],[[42507,36395],[77,293],[-56,181]],[[42528,36869],[10,2],[105,19],[4,-1],[141,-20],[21,5],[35,9],[80,81],[239,158],[67,33],[16,9],[15,-19],[6,-2],[52,-32],[31,-31],[146,-64],[83,148],[334,-84],[51,-32],[32,-32],[20,-15],[21,-6],[8,-15],[44,-79],[32,10],[62,-21],[23,33],[123,-12],[62,0],[167,84],[41,0],[115,53],[-21,84],[0,42],[-21,42],[-11,38],[-28,2],[-23,-8],[-48,42],[-4,0],[-5,8],[-27,24],[-40,74],[-32,17],[-35,19],[-205,163],[12,48],[-43,237],[-52,52],[0,32],[42,242],[52,53],[277,203],[35,70],[41,-21],[-1,-3],[64,-39],[104,84],[42,-21],[0,43],[23,-5],[29,5]],[[44839,38575],[21,52]],[[44860,38627],[145,-210],[21,-137],[35,-8],[31,-3],[27,3],[22,8],[17,13],[14,18]],[[45172,38311],[41,-21],[-7,-21]],[[45206,38269],[-6,-21],[13,-42],[3,-15],[18,-27],[-5,-35],[5,-28],[-32,-263],[11,-95],[3,-48],[-3,-43],[-8,-38],[-13,-32],[-18,-28],[-23,-22],[53,-69],[93,-47],[-84,-326],[250,-210],[-8,-17]],[[45455,36863],[-35,-72],[-45,-63],[-36,-26],[-37,-24],[-15,-10],[-59,-25],[-66,-18],[-74,-9],[-50,-213],[-12,-155],[163,-243],[97,-62],[31,-32],[21,-200]],[[45338,35711],[-42,-7],[-138,-22],[-80,-13],[-166,21],[-167,-21],[-83,-63],[-188,0],[-41,42],[-83,10],[-16,-1],[-47,-9],[-42,0],[-37,-7],[-32,-1],[-26,5],[-22,9],[-17,15],[-11,21]],[[42743,36012],[14,-164],[8,-20]],[[42765,35828],[-55,6],[-22,19],[7,37],[-73,-53],[-115,21],[-10,42],[-104,-21],[37,14],[27,3],[17,13],[8,22],[-3,33],[-13,42],[114,-21],[45,-8],[40,-1],[32,6],[26,12],[20,18]],[[42765,35828],[29,-27],[21,-7],[26,-1],[31,2],[-37,-30],[-47,2],[-15,26],[-8,35]],[[34014,45428],[-125,53],[-21,158],[63,31],[15,84],[-57,95],[-21,190],[-52,53],[-145,-43],[-37,-5],[-32,-1],[-27,4],[-22,10],[-17,15],[-11,20],[-146,0],[-52,52],[-16,34],[-25,50],[-20,55],[-14,60],[-8,64],[-59,-10],[-52,-4],[-47,4],[-61,10]],[[33025,46407],[-41,42],[-32,32],[-74,256],[-30,60],[9,13],[95,155],[10,84],[11,106],[72,204],[45,185],[-33,137],[20,74],[281,84],[32,53],[15,9],[122,79],[206,133],[113,38],[81,43],[18,50],[152,58],[32,148],[166,-21],[42,-42],[31,-32],[18,-6],[86,-26],[21,285],[42,10]],[[23932,22653],[-45,-228]],[[39349,38050],[-27,-97],[146,-294],[0,-74],[-166,-84],[0,-95],[143,-300]],[[39445,37106],[2,-5],[-93,42],[-310,-172],[-107,-144],[-41,21],[-229,-21],[-365,-348],[156,-326],[170,-227],[91,-120],[0,-42],[128,-230],[257,-202],[114,-15]],[[39218,35317],[42,-6],[-21,-116],[-104,-84],[5,-21],[-9,-33],[-27,1],[52,-73],[-21,-106],[-22,-36],[-23,-3],[-31,1],[-39,7],[-13,-24],[-28,-18],[-28,18],[-14,24],[-125,-85],[-33,-2],[-29,3],[-23,8],[-18,13],[-13,18],[-9,24],[-28,-27],[-7,-20],[-3,-25],[1,-30],[6,-35],[-93,-53],[-63,21],[-114,53],[-42,-63],[-73,-53],[-104,21],[-52,-21],[-9,47],[-33,-5],[-104,221],[21,63],[73,32],[42,0],[72,-21],[21,53],[-52,31],[-73,-21],[-10,30],[-4,24],[11,28],[35,2],[27,21],[0,21],[-27,21],[-32,-31],[-73,-53],[-31,95],[-41,84],[62,148],[-42,94],[-41,-31],[-11,-53],[-31,32],[0,42],[-62,105],[-42,32],[21,-200],[21,-11],[21,-21],[-21,-32],[21,-63],[0,-42],[-11,-52],[-52,73],[-73,53],[-25,12],[-17,12],[-11,25],[22,25],[-21,52],[-93,21],[-42,0],[-11,53],[-20,95],[-63,31],[21,169],[-5,28],[-23,19],[7,37],[0,42],[-41,84],[0,127],[-42,168],[31,74],[31,31],[21,63],[-2,40],[-7,35],[-12,31],[-16,25],[-21,22],[-25,16],[21,158],[93,42],[52,84],[84,32],[-42,63],[42,95],[52,-21]],[[37626,37101],[156,115],[91,205],[13,69],[31,32],[74,207],[12,101],[-13,81],[9,39],[54,224]],[[15508,47418],[0,63],[63,11],[-21,63],[-21,63],[63,105],[0,127],[52,10],[62,-21],[73,137],[52,32],[343,389],[32,32],[10,52],[31,32],[-10,32],[41,10],[42,74],[-21,189],[-21,21],[94,95],[42,-21],[177,200],[-42,11],[104,210],[-41,11],[83,21],[-83,21],[104,10],[41,148],[-125,42],[-20,74],[83,273],[-156,74],[-63,-21],[-31,-32],[0,-42],[-42,-84],[-10,-32],[-354,0],[-10,-42],[-115,-42],[-41,0],[-63,-21],[-31,74],[62,164],[23,21],[23,2],[30,-2],[39,-6],[-10,31],[17,31],[19,16],[26,17],[73,73],[52,95],[-21,105],[94,137],[62,-21],[42,21],[104,-42],[26,13],[17,12],[10,25],[-22,24],[21,94],[83,53],[-21,63],[94,53],[31,74],[0,42],[52,10],[52,84],[136,64],[31,-85],[73,21],[52,85],[23,8],[31,0],[8,-40],[11,-31],[-32,-32],[63,-21],[-5,-23],[5,-29],[23,-6],[-2,184],[-21,105],[62,106],[73,116],[31,42],[52,0],[94,158],[19,23],[24,18],[30,12],[36,6],[42,-1],[47,-6],[31,-10],[21,16]],[[17715,51635],[21,15],[-10,-24],[-11,-28],[7,-21],[14,-43],[31,-31],[52,-74],[30,-22],[159,-49],[50,-2],[42,0],[18,-8],[40,-18],[15,-6],[-7,-5]],[[18166,51319],[-35,-27],[63,-115],[0,-85],[10,-31],[-31,-32],[41,0],[-20,-42],[-32,-32],[-31,-52],[-104,-105],[21,-22],[-42,-84],[0,-84],[-41,-137],[-198,-21],[-73,-74],[-31,-31],[10,-32],[-104,-42],[104,-126],[-41,-84],[20,-232],[63,-105],[0,-42],[-52,-11],[-156,-84],[-42,-116],[0,-42],[-42,-84],[23,-18],[15,-17],[-1,-53],[-16,-18],[-31,-31],[-83,0],[-32,-74],[-10,-53],[-146,22],[-31,-74],[13,-26],[12,-17],[24,-11],[24,22],[62,-21],[30,-7],[10,-39],[-2,-31],[-6,-39],[-84,-84],[21,-21],[-41,-84],[0,-42],[-42,-63],[-146,-127],[-41,-31],[-21,-74],[-52,-32],[-52,-105],[-84,-53],[0,-168],[-52,-10],[-72,-116],[41,-85],[-21,-105],[63,-147],[-21,-11],[-21,-21],[-10,-21]],[[30319,46049],[328,65],[99,20],[21,105],[104,42],[0,74],[83,126],[-6,65],[-2,60],[2,54],[5,48],[9,42],[11,30],[2,6]],[[30975,46786],[114,0],[271,-168],[44,6],[39,0],[34,-4],[28,-10],[24,-14],[18,-20],[12,-21],[82,-148],[198,0],[177,-105],[10,-42]],[[32026,46260],[7,-27],[78,15],[40,54],[354,-63],[42,63],[166,-21],[42,0],[41,-8],[42,8],[94,-21],[0,53],[31,-11],[62,105]],[[31703,7622],[0,242],[32,11],[-11,158],[104,105],[0,84],[-41,11],[-21,53],[62,105],[-20,158],[114,21],[83,-42],[11,52],[31,32],[62,-21],[63,21],[41,0],[63,-21],[62,21],[52,-95],[0,-42],[73,-158],[73,32],[-83,210],[-2,41],[4,35],[9,29],[15,23],[20,18],[27,12],[83,-42],[52,84],[94,21],[83,-42],[104,63],[0,-42],[31,-31],[63,-42],[-21,63],[0,42],[31,31],[63,-21],[114,-42],[31,63],[63,-21],[31,-31],[31,-32],[83,42],[105,-63],[62,21],[52,-21],[19,-25],[16,-29],[12,-35],[9,-39],[5,-44],[2,-49],[0,-42],[-84,-200],[33,-5],[13,17],[-4,41],[28,-12],[27,14],[14,17],[14,23],[-21,63],[21,63],[135,53],[32,-74],[-21,-63],[31,-32],[104,63],[42,0],[104,-21],[10,21],[21,21],[21,-7],[21,29],[156,0],[125,-85],[10,-21],[21,-21],[21,7],[41,-59],[-20,-64],[10,-52],[62,21],[115,-21],[62,-116],[-31,-116],[-32,-5],[-28,0],[-42,14],[-23,33],[-83,-21],[-31,63],[-125,-31],[21,-63],[31,10],[146,-21],[52,-53],[-21,-63],[-31,-31],[-26,-12],[-18,-12],[-10,-25],[22,-25],[-20,-105],[-32,-32],[-27,2],[-28,-7],[-28,-16],[-28,-26],[-27,-35],[-28,-44],[-31,-42],[-40,-11],[-30,-3],[-22,3],[-17,28],[5,25],[-24,8],[-32,0],[-10,-21],[-174,-114],[-83,0],[-125,85],[-167,-85],[-93,95],[21,21],[-19,27],[-19,18],[-19,9],[-39,-6],[-19,-16],[-31,74],[-94,52],[-104,148],[-104,-64],[-104,64],[-10,-32],[-18,-25],[-24,-17],[-31,-11],[-38,-3],[-46,3],[-52,85],[-52,21],[-52,-95],[-114,-74],[-52,84],[-52,21],[-31,-126],[-167,63],[21,-116],[0,-42],[-23,-36],[-23,-3],[-30,2],[-39,6],[0,42],[-73,74],[-31,-11],[-73,0],[10,35],[1,27],[-21,28],[-22,1],[-30,-7],[-63,-147],[-41,-11],[83,-52],[21,-190],[135,42],[63,-21],[27,8],[21,3],[25,-11],[0,-31],[0,-42],[-32,-32],[-52,-84],[-135,-21],[-23,6],[-29,-6],[-6,-29],[6,-24],[-52,-53],[-104,21],[-11,-31],[73,-53],[-10,-31],[21,-64],[-198,-115],[-63,-21],[-145,63],[-42,0],[-104,63],[-10,-53],[-21,-147],[-146,-147],[21,-22],[-73,-31],[-83,42],[-125,-84],[-104,63],[-104,-63],[-42,0],[-10,52],[-42,11],[-42,158],[21,10],[21,21],[-21,32],[0,42],[146,148],[-21,115],[187,95],[-41,126],[94,11],[104,-21],[83,-42],[83,42],[83,0],[32,-32],[83,-52],[10,-42],[73,42],[21,94],[21,11],[21,21],[-21,32],[104,105],[-21,21],[62,105],[-20,63],[0,43],[20,94]],[[41737,34448],[-489,-64],[-21,21],[-35,3],[-10,31],[4,27],[10,34],[114,74],[32,31],[176,95],[0,42],[52,0],[32,42],[-21,85],[-63,-21],[-104,-64],[-28,20],[-21,20],[-16,19],[-11,38],[128,188],[-20,73],[-54,10],[-49,3],[-43,-4],[-37,-10],[-31,-17],[-26,-24],[-104,42],[-83,-21],[-31,-52],[-115,-74],[-146,105],[-10,-52],[0,-42],[-10,-53],[-32,53],[6,-21],[-9,-34],[-28,2],[-52,-116],[7,-32],[0,-25],[-21,-24],[-21,0],[-27,7],[-11,43],[-10,-64],[-83,-21],[-21,-126],[-94,42],[-166,0],[-11,53],[52,10],[83,42],[32,85],[30,-3],[27,3],[23,10],[19,15],[15,21],[11,27],[0,53],[41,32],[30,14],[21,14],[7,42],[-16,14],[41,63],[-20,126],[0,42],[-84,127],[0,42],[-41,84],[0,84],[-42,84],[0,85],[21,63],[21,63],[-42,11],[-21,52],[84,84],[20,148],[42,42],[-21,42],[28,6]],[[40495,36317],[24,5],[42,-22],[52,127],[104,42],[77,188],[26,20],[24,25],[29,20],[34,15],[38,10],[43,6]],[[40988,36753],[-21,74],[73,21],[62,-42],[31,-42],[115,-21],[41,0],[84,63],[34,10],[26,4],[31,-10],[2,-36],[84,-52],[41,-116],[20,-37],[19,-25],[19,-11],[38,15],[19,26],[146,-105],[41,0],[240,-84],[31,63],[62,-21],[73,-74],[73,-31],[42,21],[31,-11],[-83,-32],[-125,-221],[-23,-36],[-23,-3],[-30,2],[-39,6],[-104,-21],[-166,42],[-21,35],[-21,7],[-21,-21],[-21,63],[-73,-21],[125,-179],[21,-105],[0,-42],[94,-137],[21,63],[104,-42],[31,-63],[83,-32],[0,-63],[-104,-105],[11,-32],[187,105],[41,0],[39,7],[31,2],[23,-3],[22,-37],[31,10],[125,-84],[104,-105],[21,21],[187,-84],[63,-85],[62,21],[125,85],[146,-21],[83,42],[63,-21],[72,-116],[-41,-74],[-42,-10],[42,-63],[31,-32],[31,-53],[-15,-17],[-9,-35],[14,-42],[-21,-85]],[[43496,34721],[-117,-64],[-43,-2],[-23,0],[-33,5],[-30,9],[-25,14],[-20,17],[-11,-73],[-23,-5]],[[42528,36869],[-114,379],[-21,-42],[-42,54],[-35,60],[-29,64],[-23,69],[-17,74],[-10,79],[-146,95],[-31,52]],[[44313,39536],[36,7],[73,116],[-41,253],[21,52],[135,-21],[104,63],[83,0],[42,0],[10,42],[19,19],[24,14],[31,10],[35,4],[42,0],[47,-4],[62,-21],[63,21],[10,52],[42,32],[-42,-148],[-93,0],[-125,-84],[-52,0],[-32,-42],[-135,-137],[31,-31],[23,47],[30,40],[38,32],[45,24],[53,16],[61,9],[52,-84],[-125,-95],[-31,-31],[-26,-12],[-17,-13],[-11,-24],[23,-25],[-42,-84],[21,-64],[-21,-63],[52,-73],[63,84],[31,-53],[-101,-82]],[[44821,39282],[-20,17],[-25,11],[-29,4],[-33,-2],[21,-116],[31,-53],[-31,-10],[0,-158],[-42,-11],[31,-10],[11,-22],[20,-21],[21,7],[42,-17],[0,-42],[-42,-84],[21,-106],[0,-42],[42,-10],[0,-42]],[[44821,39282],[39,-23]],[[44860,39259],[-11,-32]],[[44849,39227],[-12,31],[-16,24]],[[27904,6043],[-93,137],[-83,84],[20,21],[-41,127],[-84,52],[-52,84],[-72,43],[0,42],[-52,0],[-53,94],[198,116],[52,-21],[21,53],[5,26],[-9,31],[-33,4],[-25,-9],[-63,264],[52,31],[73,105],[42,11],[-94,137],[-73,-116],[-114,-74],[-25,-3],[-24,6],[-24,13],[-24,22],[-25,30],[-24,38],[-52,-95],[21,-116],[-42,-10],[21,-85],[-32,-17],[-31,-35],[17,-35],[25,-18],[-21,-63],[21,-74],[-62,-10],[20,-106],[-30,-14],[-20,-14],[-14,-28],[23,-28],[-21,-52],[-27,-5],[-25,0],[-20,5],[-32,23],[-10,19],[-105,-21],[-31,-32],[30,-14],[21,-14],[7,-42],[-16,-14],[32,-24],[14,-42],[0,-28],[-4,-33],[-73,-73],[-21,21],[-125,-42],[-167,42],[-31,73],[0,43],[31,-11],[11,53],[21,42],[-52,74],[-26,-12],[-18,-13],[-10,-24],[22,-25],[-20,-74],[-73,21],[-104,-21],[-30,23],[-26,26],[-21,32],[-17,35],[-12,40],[-9,44],[94,95],[21,-21],[62,21],[42,0],[31,63],[-54,4],[-49,-3],[-45,-7],[-42,-14],[-37,-19],[-33,-24],[-146,63],[-31,42],[-63,32],[21,42],[-41,10],[0,106],[31,0],[41,0],[84,42],[52,10],[31,32],[104,21],[52,-21],[10,-42],[52,137],[84,126],[-42,11],[-52,84],[-52,-53],[21,-105],[-21,-74],[-156,-21],[-63,21],[-124,-42],[-42,0],[-63,-21],[-62,21],[-35,24],[-30,30],[-25,34],[-20,39],[-15,45],[-10,49],[114,158],[42,8],[37,1],[30,-4],[25,-10],[19,-15],[14,-22],[31,32],[-83,126],[0,84],[135,95],[73,-116],[0,-42],[62,-32],[42,116],[-42,11],[0,63],[33,-5],[9,47],[73,0],[135,-137],[-21,-105],[73,-116],[24,6],[29,-5],[5,-30],[-6,-24],[0,-42],[42,-84],[83,63],[-21,63],[-7,46],[-1,40],[6,33],[12,26],[18,21],[24,13],[104,-21],[73,-116],[31,11],[32,32],[-21,63],[21,63],[18,11],[38,-2],[20,-13],[19,-20],[19,-29],[63,21],[156,-84],[-11,47],[-17,42],[-21,39],[-27,35],[-32,31],[-38,27],[21,63],[-52,11],[-104,-21],[-42,42],[-104,-63],[-83,0],[-42,0],[-42,-21],[-62,0],[-146,147],[-41,0],[-35,24],[-35,-7],[-17,-15],[-17,-23],[-73,74],[-21,147],[73,116],[31,32],[135,94],[-10,32],[94,10],[90,29],[12,21],[37,0],[27,-7],[63,21],[187,-148],[104,-21],[104,-105],[21,21],[104,-21],[28,-45],[27,-33],[28,-20],[28,-8],[28,5],[28,17],[145,-106],[104,211],[125,-21],[26,-13],[17,-12],[11,-25],[-23,-24],[16,-21],[32,-10],[31,31],[15,32],[42,42],[125,0],[27,-45],[28,-33],[28,-20],[28,-8],[27,5],[28,17],[63,-21],[72,-95],[-20,-42],[20,-63],[21,-11],[21,-21],[-21,-32],[42,-10],[21,-53],[-21,-63],[42,-84],[0,-42],[41,-85],[0,-42],[42,-158],[-42,-10],[21,-63],[0,-42],[-21,-64],[-83,-126],[-31,-31],[-84,-43],[-41,43],[-31,31],[0,84],[-42,42],[6,24],[-6,30],[-29,5],[-23,-6],[10,-31],[-31,-74],[-62,21],[-73,42],[0,42],[-63,-10],[104,-190],[0,-42],[-52,-11],[-10,-52],[0,-53],[42,-31],[20,-64],[-41,-126],[0,-42],[-42,-211],[42,-126],[-21,-42],[-42,-63],[-20,-11],[-21,-21],[7,-21],[-39,-21]],[[34816,16318],[-39,28],[-33,33],[-26,41],[-19,47],[-13,54],[-6,61],[21,21],[-21,31],[-21,11],[21,189],[0,169],[63,189],[-21,232],[21,231],[21,11],[20,21],[-20,32],[62,105],[31,31],[11,137],[20,42],[-145,95],[-21,84],[-125,95],[21,63],[-63,106],[0,42],[52,94],[104,-21],[146,-105],[83,-42],[11,42],[52,21],[125,-84],[52,95],[0,42],[21,63],[-19,23],[-14,28],[-9,33],[-5,38],[0,42],[5,47],[21,10],[21,21],[-21,32],[21,105],[31,-11],[10,43],[240,-127],[156,-158],[0,-42],[0,-42],[83,-53],[-6,-40],[0,-36],[4,-31],[9,-28],[15,-24],[17,-36],[18,-22],[37,7],[31,-14],[23,-22],[16,-30],[8,-37],[1,-45],[-6,-52],[0,-42],[124,-84],[-20,-127],[31,-10],[104,-63],[31,31],[0,42],[73,116],[125,-84],[94,0],[20,52],[-41,64],[73,73],[83,0],[146,-105],[83,42],[42,0],[83,42],[41,0],[84,42],[62,21],[73,-21],[42,-179],[20,-10],[21,-21],[-21,-32],[73,-31],[52,0],[0,-137],[-31,10],[-83,-42],[-125,-168],[-32,-5],[-28,0],[-42,14],[-23,33],[-73,74],[-31,-11],[-167,84],[-72,-31],[41,-169],[-21,-10],[-20,-21],[7,-21],[-7,-95],[-167,-95],[-21,-74],[0,-42],[-21,-63],[-11,-27],[-18,-20],[-23,-16],[-29,-9],[-34,-4],[-41,2],[-104,64],[-21,-21],[-36,8],[-47,-1],[-15,-27],[5,-23],[-177,-147],[-104,21],[-11,-53],[-31,-31],[-62,-21],[-104,21],[-21,-17],[-21,-7],[-21,3],[-21,11],[-21,22],[-20,30],[-73,-74],[21,-105],[-19,-27],[-19,-18],[-19,-9],[-38,6],[-20,16],[-31,32],[0,42],[-21,63],[-14,27],[-28,26],[-27,-12],[-14,-20],[-83,-116],[-42,0],[0,-52],[-42,-126],[-31,-32],[-26,-8],[-21,-14],[-15,-20],[-9,-25],[-4,-32],[2,-38],[-93,-74]],[[17472,38954],[-48,-12],[-65,-4],[-73,4],[-81,12],[-52,126],[-94,21],[-23,-6],[-28,6],[-5,9]],[[17003,39110],[-6,12],[10,32],[-52,52],[-312,42],[-52,-21],[-136,211],[-229,21],[-20,-21],[-271,0],[-123,160],[-95,28],[-74,22],[8,23]],[[16570,40617],[73,-21],[62,42],[271,-21],[125,147],[208,-21],[83,42],[24,-8]],[[18381,40248],[-208,-189],[21,-105],[4,-57],[-4,-70],[-6,-26],[-13,-39],[-19,-33],[-3,-3],[-22,-57],[104,0],[20,-73],[53,-116],[52,-32],[52,-136]],[[18412,39312],[-31,10],[-42,-253]],[[18339,39069],[0,85],[11,31],[-104,-42],[-90,-10],[-102,0],[-53,5],[-20,4],[-9,2],[-36,8],[-58,23],[-49,31],[-260,-200],[-40,-29],[-48,-22]],[[17481,38955],[-9,-1]],[[34535,48618],[-21,74],[-63,32],[-73,147],[-291,-105],[-31,84],[-359,16],[-58,-37],[-20,-84],[-136,-21],[-41,63],[-42,-21],[-10,31]],[[33390,48797],[-84,32],[21,147],[-218,105],[-73,-52],[-11,-32],[-156,0]],[[32869,48997],[-41,285],[-3,52],[2,46],[8,42],[13,35],[17,29],[17,46],[-21,48],[-55,129],[1,120]],[[32807,49829],[73,53],[62,-21],[17,-23],[18,-15],[34,-7],[35,23],[104,-21],[11,-21],[20,-21],[21,7],[73,-7],[458,232],[-10,-32],[41,-10],[11,63],[31,-158],[-21,-42],[21,-126],[-9,-37],[-2,-28],[14,-32],[39,2]],[[33848,49608],[-12,-68],[0,-35],[12,-23],[23,-12],[34,0],[47,12],[-42,115]],[[33910,49597],[16,26],[9,32],[33,3],[25,-8],[21,-95],[-7,-32],[0,-25],[21,-24],[21,0],[28,8],[20,-74],[0,-32],[104,0],[-5,34],[-1,29],[4,25],[10,21],[14,16],[20,12],[10,34],[4,27],[-10,32],[17,55],[-31,-11],[-32,32],[-31,-32],[-21,63],[-104,-21],[-28,12],[-21,18],[-16,22],[-9,27],[-2,32],[3,36],[94,22]],[[34066,49861],[42,-85],[31,-42],[104,0],[0,-42],[125,32],[-21,42],[0,42],[18,20],[23,16],[27,11],[32,6],[36,2],[41,-2],[52,84],[26,21],[32,16],[39,10],[45,4],[51,-2],[57,-7],[21,95],[-31,10],[-21,35],[-21,7],[-21,-21],[-31,95],[52,32],[83,42],[52,10],[45,4],[38,-4],[32,-10],[24,-18],[17,-24],[11,52],[73,32],[291,-295],[73,200],[-5,28],[15,34],[47,1],[37,-10],[52,-53],[20,-105],[-20,-63],[52,-32],[62,42],[35,-2],[10,-28],[-4,-24],[-10,-30],[63,0],[83,137],[0,116],[219,84],[31,10],[0,211],[62,31],[42,-73],[42,-32],[72,-168],[25,18],[28,14],[31,10],[35,5],[38,0],[41,-5],[21,-95],[0,-42],[-21,-74],[-41,-10],[41,-21],[-31,-11],[-31,11],[-31,-32],[-32,-63],[-166,-21],[-11,42],[-31,-95],[6,-23],[-5,-29],[-30,-6],[-23,6],[-73,-116],[-83,-63],[42,-21],[-42,-21],[31,-11],[42,0],[31,-53],[62,32],[63,-137],[-83,-63],[5,-21],[-9,-33],[-28,1],[11,-31],[-94,-11],[11,32],[-21,63],[-115,74],[-41,0],[-52,-95],[52,-11],[25,-12],[17,-12],[10,-24],[-21,-25],[41,-11],[-20,-105],[-73,-21],[-146,105],[-73,74],[-93,10],[-94,-52]],[[33848,49608],[10,63],[52,-74]],[[33910,49597],[-62,11]],[[34212,49608],[0,-42],[-45,3],[-17,-21],[10,-45],[-42,10],[42,105],[52,-10]],[[34066,49861],[11,52],[-73,32],[-11,-32],[-73,-52],[-52,105],[-41,10],[93,32],[105,-21],[34,-23],[27,-22],[19,-23],[12,-23],[4,-23],[-3,-23],[-52,11]],[[34451,49566],[229,42],[84,-21],[83,42],[16,-26],[21,7],[25,40],[104,63],[-83,105],[-83,-21],[-42,0],[-44,7],[-22,-15],[-80,-97],[-41,21],[-104,-42],[-21,-42],[-42,21],[0,-84]],[[34358,49449],[31,-10],[83,0],[-5,-25],[5,-32],[23,-10],[123,110],[-9,46],[-33,-4],[21,63],[-125,-63],[-83,42],[0,42],[21,63],[-63,-21],[-21,21],[0,-42],[-41,0],[21,-63],[30,9],[23,-2],[21,-35],[-2,-34],[-20,-55]],[[34358,49449],[-52,54],[-63,-21],[-21,-85],[42,-42],[62,0],[-9,38],[-2,28],[21,28],[22,0]],[[39253,44391],[22,19],[17,20],[76,92],[27,32]],[[24678,36448],[31,10],[79,28],[22,75],[11,21],[31,0],[20,-13],[8,32],[-4,26],[12,38],[-137,278],[166,147],[-84,162],[-93,59],[-21,31],[-51,74],[-21,32],[4,14],[-11,28]],[[31359,4557],[-82,33],[-42,-21],[-73,0],[-9,47],[-32,-5],[20,137],[-20,158],[72,-21],[31,20],[17,19],[-3,39],[-21,19],[-34,19],[-42,31],[0,74],[94,32],[52,10],[-83,127],[21,73],[93,42],[52,0],[32,42],[10,53],[31,32],[63,21],[73,-148],[32,-8],[25,-3],[28,14],[-2,39],[52,21],[94,-52],[7,-28],[3,-22],[-10,-24],[-32,0],[11,-31],[-63,-106],[11,-52],[42,31],[36,38],[29,44],[23,50],[16,57],[10,64],[52,10],[0,-42],[33,-13],[8,-22],[2,-31],[-3,-41],[-9,-51],[125,-84],[-21,-84],[31,-11],[11,-94],[-229,-148],[52,-52],[104,105],[114,-32],[-20,-147],[93,-137],[32,-31],[10,-53],[31,-32],[31,11],[12,-30],[16,-24],[21,-17],[24,-11],[29,-4],[34,2],[62,-200],[0,-43],[-41,-84],[-21,-147],[8,-33],[0,-24],[-24,-25],[-24,0],[-33,8],[-42,84],[-37,-21],[-28,-21],[-18,-21],[-9,-21],[9,-42],[-39,-6],[-30,-2],[-23,3],[-23,20],[-93,69],[10,-31],[-21,-64],[42,-10],[42,-116],[0,-42],[-146,-147],[-21,-190],[-73,-116],[-62,21],[-31,116],[20,63],[-10,53],[-94,-95],[21,-21],[-42,-137],[-218,42],[10,-31],[-20,-63],[-32,-32],[11,-31],[-84,-43],[21,-63],[-21,-10],[-20,-21],[7,-21],[-49,-116],[0,-42],[-125,-200],[-52,-21],[-104,21],[-125,-42],[-73,73],[52,95],[63,-21],[93,53],[-135,94],[-31,32],[-42,0],[21,147],[10,32],[-31,0],[-10,24],[2,22],[8,28],[73,-11],[52,53],[42,31],[8,26],[-4,33],[-31,9],[-25,-5],[-21,-35],[-21,-7],[-21,21],[-62,-21],[-25,12],[-18,12],[-10,25],[22,25],[-42,84],[-94,53],[-52,74],[11,31],[45,11],[35,-3],[45,-8],[83,42],[41,-42],[73,116],[-52,11],[-93,21],[-21,94],[62,106],[-21,63],[21,63],[-21,105],[-5,29],[15,33],[48,2],[36,-11],[16,-24],[16,-14],[31,3],[15,18],[16,27],[-42,11],[-83,158],[-24,39],[11,39],[18,19],[26,19],[28,8],[21,2],[24,-10],[0,-32],[31,11],[31,-17],[16,-20],[16,-27],[10,53],[73,32],[25,-13],[17,-12],[11,-25],[-22,-24],[42,-11],[10,-42],[167,85],[31,-43],[52,0],[31,-10],[-21,42],[-4,35],[-27,2],[-21,-5],[-25,12],[-17,13],[-10,24],[21,24],[-52,11],[-10,52],[-5,29],[14,33]],[[31079,3495],[42,21],[-21,106],[21,21],[-63,21],[-125,-63],[104,-64],[42,-42]],[[32114,46448],[-36,202],[-104,147],[-4,62],[-9,58],[-15,52],[-20,46],[-25,41],[-31,36],[0,147],[31,36],[25,41],[20,46],[15,52],[9,57],[4,63]],[[31974,47534],[187,95],[16,116],[-36,147],[-5,26],[5,26],[32,-7],[24,3],[11,101],[16,146],[-8,23]],[[32216,48210],[-3,8],[188,-105],[166,63],[32,53],[270,137],[21,105],[135,0],[236,115],[25,32],[52,0],[31,116],[3,2],[18,61]],[[32026,46260],[88,188]],[[17715,51635],[-21,15],[42,264],[44,28],[32,28],[20,28],[8,28],[-4,28],[-17,28],[62,147],[-41,11],[-21,53],[0,42],[146,147],[-198,74],[-73,73],[62,127],[-52,94]],[[17704,52850],[11,179],[31,-10],[62,21],[32,105],[197,127],[21,21],[136,-116],[-104,126],[20,84],[0,43],[63,10],[31,126],[73,74],[114,74],[115,158],[31,31],[302,306],[0,42],[83,105],[94,74],[114,158],[21,10],[21,21],[-21,32],[21,63],[23,17],[14,18],[-1,53],[-15,17],[62,148],[42,42],[-21,147],[21,53],[73,42],[42,7],[36,2],[31,-4],[25,-10],[19,-16],[13,-21],[31,-32],[188,-189],[-21,-21],[83,-127],[10,-50],[3,-41],[-2,-31],[-8,-22],[-34,-14],[10,-31],[-52,-11],[-10,-95],[-31,-31],[-94,-95],[25,-19],[15,-19],[4,-39],[-12,-19],[-21,-20],[-53,-10],[0,-169],[0,-42],[-52,-10],[-145,21],[10,-32],[-62,-84],[-42,-63],[-114,-74],[-73,-10],[41,168],[-10,53],[-94,-116],[6,-21],[-9,-33],[-28,1],[10,-31],[-145,-106],[41,-10],[21,-95],[-125,-168],[63,-32],[21,-95],[41,-84],[-21,-63],[-20,-11],[-21,-21],[7,-21],[-7,-73],[-31,-32],[10,-32],[-42,-84],[0,-42],[-83,-210],[-104,-106],[-2,-40],[-7,-35],[-12,-30],[-16,-26],[-21,-21],[-25,-16],[20,-63],[0,-169],[-20,-63],[20,-105],[42,-127],[-21,-105],[21,-147],[0,-42],[-83,-127],[6,-23],[-6,-29],[-29,-6],[-23,6],[-21,-35],[-21,-7],[-21,21],[-93,-21],[-21,52],[36,19],[30,26],[24,32],[18,38],[12,45],[5,51],[-52,31],[-52,-73],[-30,-14],[-21,-14],[-14,-29],[23,-28],[-42,-84],[0,-42],[-31,-74],[-17,27]],[[17704,52850],[-20,-84],[-94,137],[-21,105],[125,106],[-83,-127],[93,-137]],[[15592,39354],[52,3],[36,-2],[30,-8],[25,-13],[20,-19],[13,-25],[94,-94],[104,-242],[71,-1],[64,-9],[42,-12],[66,-30],[43,-33],[37,-42],[166,-21],[94,-158],[-12,-68],[-5,-61],[2,-54],[9,-48],[15,-40],[22,-34],[115,21]],[[16695,38364],[116,-163],[61,-27],[9,-22],[64,-146],[126,-60],[51,-24],[21,-10],[17,-15],[11,-20],[1,-13],[2,-16]],[[17174,37848],[4,-27],[-4,-36],[-29,-22],[-23,-19],[-42,-33],[-31,0],[-10,-71],[2,-21],[8,-45],[0,-42],[-6,-26],[-6,-34],[-9,-45],[-21,-11],[-21,-21]],[[16986,37395],[7,-21],[-267,-63],[-104,63],[-42,0],[-104,42],[-270,0],[-21,22],[-31,-85],[-188,0]],[[16986,37395],[48,-77],[108,-49],[42,0],[83,-42],[31,-32],[19,-5],[54,-17],[32,-9],[32,-49],[26,-54],[14,-66]],[[17475,36995],[17,-49],[4,-11],[8,-72],[3,-78],[125,-42],[20,-53],[21,-16],[21,16],[281,-116],[43,-34],[30,-39],[24,-36],[33,-68],[15,-62],[8,-52],[3,-56],[0,-63]],[[47430,34848],[-187,-21],[-198,42],[-21,126],[-197,0],[-84,63],[-449,162]],[[46294,35220],[-19,7],[-83,179],[41,200],[-31,0],[-6,18],[-67,213],[-104,42]],[[46025,35879],[20,26],[-5,75],[4,81],[12,71],[22,62],[32,53],[40,43],[-21,42],[-3,134],[4,67],[1,20],[3,34],[20,110],[15,46],[6,18],[11,33],[44,86],[45,84]],[[46275,36964],[21,-53],[62,-31],[42,-32],[-21,-95],[52,32],[135,-21],[21,-158],[136,-53],[72,-105],[65,0],[60,-7],[53,-14],[47,-21],[42,-28],[35,-35],[84,42],[62,-21],[62,21],[18,-31],[22,-24],[28,-18],[31,-11],[37,-3],[41,2],[32,-294],[49,113],[10,21],[31,0],[24,-8],[-21,-221],[52,-11],[32,74],[-42,0],[52,74],[73,-32],[-31,-31],[23,-17],[29,-4],[0,-43],[93,43],[0,-43],[32,-42],[176,-42],[-10,-31],[42,-11],[21,-116],[52,32],[239,-137],[0,-63],[-104,-126],[0,-64],[-52,-31],[-21,-35],[-21,-7],[-21,21],[-72,-21],[-21,52],[21,42],[41,32],[0,63]],[[48190,35437],[-33,-2],[-29,5],[-25,11],[-20,17],[-16,24],[-12,29],[-177,0],[0,-94],[21,-21],[-73,-74],[-32,8],[-24,1],[-25,-25],[0,-25],[8,-33],[-115,95],[-52,-95],[52,-10],[94,-53],[-62,-147],[83,-127],[0,-42],[21,-63],[-52,-10],[-31,42],[-26,8],[-33,-4],[-9,-31],[5,-26],[-10,-95]],[[47618,34700],[-84,21],[-31,-10],[-73,137]],[[48190,35437],[167,84],[0,85],[-104,-64],[0,31],[-28,7],[-24,-5],[-32,-11],[21,-127]],[[43496,34721],[28,-1],[9,33],[-6,21],[31,-11],[-10,32],[52,-11],[146,106],[73,-32],[-42,-10],[21,-53],[41,-63],[13,-26],[12,-17],[25,-11],[23,22]],[[43912,34700],[45,-116],[59,-52],[42,-63],[187,147],[250,63],[136,-42],[62,-200],[198,-158],[104,0],[146,105],[26,-8],[15,8],[42,0],[27,-1]],[[45251,34383],[-26,-81],[92,-244],[-18,-230],[-2,-23],[-73,-52],[-49,-120],[-17,-85],[55,-185],[-8,-51],[8,-33],[-20,-74]],[[36460,37185],[52,10],[1,-39],[-3,-35],[-8,-31],[-13,-26],[-17,-21],[-22,-16],[41,-32],[0,-94],[104,-211],[8,-28],[3,-21],[-11,-25],[-31,0],[11,-31],[-42,-21],[31,-11],[73,-116],[-42,-84],[94,-53],[10,-52],[-20,-53],[-42,-10],[83,-232],[42,-32],[21,-136],[-16,-18],[-8,-35],[22,-35],[23,-18],[-5,-23],[5,-29],[23,-6],[81,-131],[6,-80],[-4,-70],[-14,-59],[-24,-49],[-35,-40],[-44,-29],[-28,20],[-22,20],[-15,19],[-11,38],[24,82],[-104,232],[21,63],[-135,53],[-53,137],[-62,105],[-42,32],[42,-137],[-42,-63],[42,-106],[-42,-21],[32,-10],[10,-53],[31,-32],[23,-15],[19,-20],[14,-24],[10,-28],[6,-33],[1,-37],[0,-43],[125,-210],[-9,-37],[-2,-28],[14,-31],[39,1],[41,-74],[-21,-42],[105,-263],[41,32],[0,42],[21,63],[-21,74],[63,-11],[-32,-10],[30,-30],[23,-1],[24,17],[-4,45],[21,11]],[[36970,34890],[31,-84],[21,63],[52,-85],[115,-42],[10,-52],[7,-36],[-1,-26]],[[36970,34890],[21,21],[-21,31],[31,53],[32,-53],[6,-23],[-6,-29],[-29,-6],[-34,6]],[[22940,40659],[177,-63],[229,0],[52,-74],[73,-52],[260,21]],[[22595,39109],[36,0],[28,-8],[73,95],[-81,135],[-44,23],[21,273],[-63,11],[83,189],[-31,158]],[[22617,39985],[11,53],[-21,63],[41,63],[-3,66],[3,60],[8,55],[13,50],[18,45],[13,51]],[[30600,10286],[63,-105],[-52,-11],[-73,42],[-21,53],[83,21]],[[30600,10286],[-73,52],[-72,-31],[20,-63],[0,-84],[21,-64],[-52,-31],[-31,52],[-83,53],[-21,-95],[41,-84],[-20,-126],[72,-53],[24,33],[41,14],[28,0],[32,-5],[26,-12],[18,-13],[10,-24],[-22,-25],[-42,-73],[-42,0],[-41,-95],[73,-32],[62,22],[24,22],[24,-10],[12,-18],[13,-26],[-21,-105],[0,-42],[-42,-11],[-62,-95],[-31,-31],[-63,-21],[-14,30],[-27,33],[-28,-5],[-14,-16],[-62,84],[-42,-21],[-83,42],[-32,42],[-52,0],[-52,-10],[-31,-32],[-25,-12],[-17,-12],[-11,-25],[22,-25],[-31,-31],[-63,21],[-52,-53],[21,-105],[-83,-53],[-42,84],[-218,85],[-94,263],[8,28],[2,21],[-10,25],[-31,0],[0,105],[23,-6],[29,6],[6,29],[-6,23],[0,43],[73,73],[-11,32],[52,10],[94,43],[6,33],[1,29],[-4,25],[-10,21],[-15,16],[-20,12],[0,127],[21,10],[21,21],[-21,32],[42,95],[-68,-18],[-22,-19],[6,-37],[0,-42],[-11,-26],[-12,-18],[-25,-10],[-24,22],[-32,42],[-25,9],[-33,-4],[-9,-31],[5,-26],[0,-42],[-21,-148],[-94,-52],[-41,0],[-63,-21],[-41,0],[-63,21],[-73,115],[21,64],[0,42],[63,147],[41,0],[42,32],[0,94],[-21,106],[21,42],[62,31],[52,106],[73,-32],[-4,-23],[4,-29],[23,-6],[71,90],[62,-21],[26,12],[18,13],[10,24],[-22,24],[20,106],[115,73],[21,-21],[32,24],[27,29],[21,34],[17,40],[11,44],[6,50],[31,32],[52,74],[31,21],[20,21],[12,21],[2,21],[-7,21],[-16,21],[21,42],[8,21],[29,27],[21,6],[26,2],[30,-3],[84,42],[114,-74],[-4,-40],[13,-18],[33,5],[21,-179],[-104,-52],[-21,-158],[-11,-32],[52,0],[-10,31],[-4,24],[11,28],[35,2],[-11,31],[21,53],[73,42],[141,-17],[10,-22],[32,-6],[25,3],[52,-116],[52,-32],[42,0],[73,-21],[-21,-73],[-31,-32],[-26,-12],[-17,-12],[-10,-25],[21,-25],[-21,-63],[42,-10],[52,-85],[31,-31],[42,-84],[-83,-127],[21,-63],[-21,-63],[-31,-32],[-84,0],[-52,-10]],[[47545,68463],[104,-252],[-32,-18],[-31,-35],[17,-35],[25,-17],[0,-85],[-31,-19],[-25,-24],[-20,-28],[-15,-32],[-9,-36],[-4,-40],[-156,-42],[-31,-73],[-84,-46],[-20,-7],[-21,21],[-11,21],[-166,-168],[-21,21],[-135,-85],[-63,-126],[-177,-42],[-41,0],[-229,-105],[-42,0],[-62,21],[-146,-63],[-146,21],[-21,35],[-20,7],[-21,-21],[-167,126],[-52,-74],[-41,-63],[-157,-74],[-83,43],[-104,-22],[-62,-21],[-219,148],[-21,52],[42,11]],[[45103,67415],[27,38],[30,14],[21,14],[7,42],[-27,4]],[[45265,67590],[125,-85],[94,53],[-62,11],[-21,73],[23,30],[22,19],[23,8],[22,-4],[23,-16],[22,-26],[31,-42],[33,-5],[9,47],[73,-21],[125,42],[135,-21],[21,74],[156,73],[114,348],[115,31],[0,-42],[31,-31],[31,10],[115,-116],[-6,-34],[-2,-30],[3,-25],[8,-20],[28,-28],[219,158],[-157,32],[-52,95],[-93,52],[-21,35],[-21,7],[-21,-21],[-31,32],[63,105],[-94,53],[10,-32],[-41,-10],[-21,137],[0,84],[41,10],[105,221],[31,32],[93,137],[21,10],[21,21],[-21,32],[52,11],[28,-3],[28,7],[28,17],[27,25],[28,35],[28,45],[21,-21],[187,84],[-7,41]],[[22763,47002],[26,-1],[5,-36],[31,11],[13,-4],[29,4],[40,-14],[85,35],[63,-16],[155,37],[21,137],[23,4],[29,6],[83,0],[-1,-21],[11,-21],[34,-9],[31,2],[40,7],[-10,-30],[-4,-24],[10,-28],[35,-2],[52,-95],[31,11],[58,-5],[171,-16],[32,10]],[[23856,46944],[-42,-273],[46,-84],[79,-64],[-23,-307],[74,-96],[74,-60],[-59,-338],[8,-50],[9,-23]],[[23783,45439],[-198,-116],[-52,-53],[-114,-94],[-53,-32],[-35,-67],[-69,-17],[-69,-32],[-24,-42],[-21,-53],[-63,-21]],[[27873,45944],[0,200],[-62,148],[-21,221]],[[27790,46513],[104,21],[63,179],[-72,608],[-1,13]],[[27884,47334],[145,42],[583,0],[42,42],[31,1],[0,62],[190,0],[11,2],[184,104],[125,0],[52,31],[22,45],[32,34],[40,16],[53,23]],[[29394,47736],[62,4],[72,-6],[21,-21]],[[29549,47713],[31,-200],[63,-63],[0,-127],[78,-131],[26,-185],[-94,-73],[-245,-70],[-140,-236],[94,-200]],[[29362,46428],[-198,-157],[-52,-53],[-198,-137],[-187,-74],[-11,-42],[-15,10]],[[45251,34383],[2,5],[23,70],[-31,74],[-52,-21],[-63,137],[21,63],[31,18],[125,77],[208,21],[115,73],[-42,190],[4,18],[17,66],[52,11],[104,-43],[52,106],[63,31],[-21,106],[4,12],[-4,30],[12,73],[-12,74],[7,12]],[[45866,35586],[55,93],[-41,64],[59,58],[19,22],[36,-7],[31,63]],[[46294,35220],[2,-4],[41,-231],[4,-36],[-1,-30],[-5,-27],[-9,-23],[-13,-18],[-17,-14],[0,-42],[-7,-21],[-14,-42],[5,-26],[16,-79],[0,-43],[-27,-109],[-15,-206],[9,-40],[30,-54],[-18,-285],[8,-32],[13,-53],[-9,-15],[-74,-132],[41,-232],[104,-147],[-62,-147],[21,-43],[-146,-105],[5,-21]],[[28402,52567],[12,10],[61,-179],[14,-23],[41,2],[30,10]],[[28810,51524],[-52,21],[-219,-84],[-83,-137],[-21,-179],[-62,-11],[0,-147],[-83,-53],[41,-136],[-5,-11]],[[28326,50787],[-120,-242],[6,-45],[1,-39],[-7,-42],[-7,-21],[-15,-24],[-19,-19],[-36,-27],[-89,-67],[0,-74],[-167,-369],[-322,0],[-198,-105],[10,-245]],[[19057,37059],[-93,147],[-198,21],[-166,105],[-21,-21],[-229,21],[-84,63],[-166,0],[-104,64]],[[17996,37459],[10,31],[-21,105],[-7,40],[-3,34],[3,29],[7,24],[13,18],[19,13],[31,32],[43,31],[57,41],[9,37],[16,70],[145,21],[11,168]],[[18329,38153],[294,20]],[[18623,38173],[18,1],[11,-42],[52,-21],[72,21]],[[18776,38132],[0,-73],[219,-264],[125,0],[104,-84],[63,4],[56,-3],[49,-10],[41,-18],[34,-25],[28,-32],[41,0]],[[19536,37627],[125,-63],[42,84],[30,7],[22,1],[25,-14],[-4,-36],[25,-9],[33,4],[9,32],[-5,26],[-104,105],[21,21],[-21,32],[-21,10],[115,74],[10,52],[31,32],[-10,32],[19,28],[20,22],[19,15],[19,9],[37,-1],[73,-31],[-21,-148],[32,-73],[25,12],[17,12],[10,24],[-21,25],[21,42],[93,32],[11,95],[-52,10],[-73,32],[21,189],[-3,25],[5,24],[13,25],[22,25],[29,24],[38,25],[-17,37],[-24,29],[-31,21],[-38,11],[-46,3],[-52,-7],[0,53]],[[20005,38606],[20,67],[18,52],[24,47],[28,41],[35,35],[90,43]],[[20220,38891],[86,41],[28,-10],[140,-51],[61,-23],[14,-21],[57,-92],[30,-5],[21,1],[19,-58],[16,-46],[-29,-87],[-18,-150],[19,-37],[6,-7],[22,-14],[0,-31]],[[20692,38301],[-4,-56],[-11,-35],[-17,-28],[-23,-23],[-6,-3],[-17,-41],[15,-67],[83,-21],[84,-242]],[[20796,37785],[-45,-26],[-22,-72],[-27,-2],[-21,5],[-62,0],[-109,-76],[-37,-50],[-42,0],[-35,-2],[-10,-32],[4,-27],[10,-34],[-10,-53],[-146,22],[-73,-95],[-6,-1],[-46,-10],[-42,-21],[-41,-63],[-323,42],[-93,-189],[-53,21],[-20,-211],[-119,-10],[-6,0]],[[19422,36901],[-6,18],[-61,88],[-43,28],[-45,15],[-61,11],[-88,2],[-61,-4]],[[42237,51534],[0,106],[-24,28],[14,28],[21,14],[30,14],[-21,137],[177,42],[32,95],[20,105],[32,32],[27,18],[20,26],[12,31],[5,39],[-2,45],[-10,51],[73,42],[145,0],[52,84],[115,0],[52,74],[10,32],[-31,31],[21,11],[21,21],[-21,32],[41,63],[-20,73],[14,17],[19,13],[23,9],[29,5],[33,1],[38,-3],[52,53],[-31,32],[-63,-21],[-62,21],[-32,116],[21,52],[115,0],[125,-84],[31,-32],[94,-10],[31,-32],[0,-42],[31,-95],[10,74],[23,-20],[33,-22],[31,-2],[40,3],[50,9],[-10,-31],[104,-147],[-31,-11],[16,-18],[21,-35],[-6,-21],[-21,-63],[-8,-28],[-2,-21],[10,-25],[31,0],[94,-94],[21,-190],[-30,-14],[-21,-14],[-14,-28],[23,-28],[-62,-11],[18,-71],[10,-21],[31,0],[24,8],[0,-63],[42,0],[0,-263],[-63,-84],[42,-127],[0,-42],[-83,-126],[0,-84],[0,-43],[-125,-252],[21,-148],[-21,-10],[-21,-21],[7,-21],[-28,-95],[0,-42],[-52,-11],[31,95],[0,42],[21,63],[42,85],[-94,31],[-20,-3]],[[43402,51092],[21,63],[-62,190],[0,42],[-42,11],[-21,84],[-135,-42],[-42,0],[-104,-84],[-41,0],[-146,-85],[0,-42],[-125,42],[-20,-6]],[[30184,46158],[-89,157],[-19,17],[-263,159],[-5,3],[-95,34],[-102,27],[-31,-74],[-31,-32],[-187,-21]],[[29549,47713],[271,105],[333,-42],[83,42],[53,-5]],[[30289,47813],[0,0],[155,-16],[42,0],[17,-8],[163,-76],[90,-42],[9,-18],[43,-88],[250,-21],[-21,-305],[-125,-74],[63,-347],[-2,-23],[2,-9]],[[13000,26467],[-52,21],[-21,179],[0,43],[21,63],[21,63],[31,31],[125,43],[-11,-32],[94,-11],[38,25],[29,25],[18,24],[9,25],[0,24],[-11,25],[-23,4],[-28,-4],[-6,-24],[-47,-39],[-62,21],[-63,-42],[-93,31],[62,148],[-73,31],[-31,74],[31,31],[42,0],[16,19],[21,14],[25,10],[30,4],[35,0],[39,-4],[84,42],[62,-21],[52,10],[-21,63],[-52,32],[-52,74],[94,52],[42,0],[135,116],[-52,74],[-104,-85],[-31,95],[145,106],[-21,63],[105,63],[-63,105],[135,53],[84,-63],[26,16],[22,20],[18,24],[13,29],[9,32],[5,37],[-73,31],[-31,74],[42,84],[-21,42],[-2,41],[5,34],[11,28],[17,22],[23,14],[29,9],[42,179],[114,-64],[15,31],[20,25],[26,19],[33,12],[39,7],[44,1],[-125,95],[-20,95],[177,94],[-11,32],[94,10],[22,10],[16,15],[11,20],[6,26],[1,30],[-4,36],[12,26],[13,17],[24,11],[24,-22],[135,137],[42,31],[41,137],[73,74],[42,0],[50,10],[40,3],[31,-2],[21,-8],[14,-35],[21,-63],[-21,-63],[21,-63],[-21,-105],[0,-169],[-42,-31],[42,-116],[-73,-53],[11,-32],[-21,-63],[-21,-10],[-21,-21],[7,-21],[-38,-21],[-94,-95],[-8,-40],[-31,0],[-23,8],[7,-61],[-2,-54],[-13,-44],[-22,-36],[-32,-28],[-42,-19],[-32,-31],[52,-74],[-41,-63],[52,-11],[28,-15],[17,-16],[4,-32],[-14,-15],[-25,-17],[-31,-31],[10,-32],[-104,-147],[21,-63],[0,-42],[-41,-85],[0,-42],[-42,-84],[-69,-22],[-62,-28],[-55,-35],[-49,-42],[-42,-49],[-35,-56],[-32,-31],[11,-32],[-52,-10],[-63,-42],[-72,-95],[-32,-32],[11,-31],[-63,-85],[-4,-35],[-27,-2],[-21,6],[-41,0],[-42,-21],[-31,-95],[-21,-10],[-21,-22],[7,-21],[-69,-42],[-21,-73],[-31,-32],[0,-42],[-52,0],[-32,-42],[11,-32],[-94,-95],[-21,22],[-104,-64],[-83,0]],[[45338,35711],[98,-26],[121,-16],[41,0],[53,-9],[52,9],[41,0],[47,12],[36,1],[37,-91],[2,-5]],[[43912,34700],[-41,21],[-52,95],[114,53],[-10,31],[83,32],[-9,47],[-33,-5],[-41,137],[41,105],[-46,40],[-42,46],[-38,50],[-32,55],[-27,60],[-23,65],[-93,53],[-32,126],[24,10]],[[47618,34700],[0,-42],[-32,-31],[105,-64],[7,-48],[2,-38],[-4,-28],[-26,-25],[-21,3],[62,-137],[0,-42],[21,-64],[0,-42],[0,-63],[-27,-33]],[[36658,42838],[-94,137],[-137,-17],[-2,-1],[-22,-24],[-16,-31],[-41,-32],[-32,-42],[-125,-21],[-159,80]],[[21358,38564],[-6,-11],[-46,-84],[-32,-42],[-301,-168],[-167,0],[-114,42]],[[20220,38891],[-80,20],[-57,-9],[-68,-12],[-31,-42],[-281,42],[-167,127],[-187,-63],[-83,21],[-32,52],[-187,95],[-73,147]],[[18974,39269],[72,41],[22,44],[104,42],[15,116],[-15,63],[-6,38],[-1,32],[5,28],[37,94],[-35,218],[104,42],[-21,190]],[[19536,40238],[31,-242],[105,-127],[62,-231],[198,-116],[248,-19],[22,-2],[52,-74],[146,-105],[21,-16],[21,16],[39,147],[15,23],[41,-2],[28,-14],[17,52],[91,264],[8,23]],[[20681,39815],[0,2],[156,-105],[3,-16]],[[20840,39696],[9,-41],[8,-42],[43,-207],[83,-52],[-6,-26],[6,-6]],[[20983,39322],[-42,-147],[42,-116],[250,-84],[80,-115]],[[22909,56725],[41,21]],[[17753,47009],[-59,20],[104,10],[42,137],[-94,53],[-62,-22],[-52,95],[41,84],[31,32],[11,95],[-42,10],[0,116],[63,126],[62,32],[19,71],[10,21],[31,0],[23,-8],[-20,74],[58,245]],[[18808,48281],[-23,-224],[12,-102],[-8,-32],[-33,-136],[187,-232],[62,-169],[-20,-42],[0,-315]],[[41217,37827],[-63,-179]],[[41154,37648],[-135,105],[-73,42],[-83,158],[-10,22],[-15,17],[-19,11],[-26,7],[-30,0],[-36,-4],[-13,-30],[-28,-33],[-28,5],[-14,16],[-31,32],[-94,52],[11,32],[-136,94],[-166,0],[-11,43],[-52,21],[-52,-32],[21,-53],[104,-52],[-52,-95],[-146,84],[-166,-21],[-42,0],[-10,-52],[-73,-32],[-62,21],[-12,23],[-24,20],[-25,-13],[-12,-19],[7,-57],[14,-49],[20,-42],[28,-35],[35,-28],[41,-21],[42,-147],[-21,-64],[52,-31],[63,21],[-11,31],[115,32],[187,-21],[42,-42],[10,84],[52,21],[73,-221],[73,-53],[62,21],[52,-94],[63,-106],[31,-31],[25,-18],[19,-22],[15,-26],[10,-31],[4,-34],[0,-38],[229,-126],[42,-137]],[[40495,36317],[-7,36],[-21,42],[-156,95],[11,32],[-42,84],[0,42],[-42,10],[-52,85],[-35,4],[-31,-1],[-25,-6],[-20,-11],[-15,-17],[-9,-22],[21,-53],[-30,-8]],[[40042,36629],[-43,-13],[-31,7],[-57,11],[-16,3],[-271,169],[-30,22],[-25,27],[-21,31],[-17,36],[-13,40],[-8,44],[7,28],[1,4],[-8,42],[-32,0],[-8,16],[-25,10]],[[40113,36890],[42,63],[-83,84],[83,43],[42,21],[104,84],[21,63],[-21,84],[-63,42],[-83,0],[-83,42],[-229,-84],[83,-84],[-42,-84],[63,-63],[21,21],[20,-63],[-62,-22],[-21,-42],[46,-3],[42,-8],[37,-15],[32,-20],[28,-27],[23,-32]],[[49096,1558],[-11,-31],[42,-21],[-63,-11],[-20,-84],[-219,-21],[-31,105],[-260,-84],[-73,95],[41,84],[-10,52],[-31,-84],[-73,-21],[-312,211],[-104,-42],[-375,210],[-11,-42],[-104,-32],[86,-26],[79,-31],[74,-38],[69,-43],[62,-49],[57,-55],[167,0],[239,-200],[-21,-179],[-73,-21],[-83,42],[-62,0],[-104,-84],[-73,11],[-66,17],[-59,25],[-52,31],[-45,39],[-39,46],[-31,-190],[-239,-42],[-115,158],[-52,-32],[-27,8],[-37,0],[-12,-21],[56,-50],[135,-158],[-42,-147],[2,-49],[-28,-18],[-25,3],[-32,11],[42,-116],[-21,-200],[-156,-84],[-104,21],[-32,53],[-93,73],[-11,-52],[-41,-263],[125,-53],[-84,-147],[-52,-11],[-166,-21],[-63,105],[-62,-42],[-11,74]],[[46816,1390],[0,147],[-25,-5],[-32,5],[-9,23],[-38,124],[-62,-210],[-146,21],[21,-84],[-37,9],[-28,0],[-28,-28],[0,-28],[10,-37],[62,21],[104,-127],[21,21],[-42,106],[125,84],[104,-42]],[[47024,1790],[-62,-21],[125,-211],[21,148],[-84,84]],[[45206,38269],[28,0],[-21,169],[-3,24],[6,25],[13,24],[21,25],[30,25],[37,24],[-20,21],[333,295],[-6,24],[6,29],[29,6],[23,-6],[31,-53],[52,-32],[42,0],[23,-5],[29,6],[6,29],[-6,23],[41,42],[-20,63],[25,16],[19,15],[17,32],[-9,32],[27,8],[21,3],[25,-11],[-1,-32],[63,-105],[-21,-21],[42,-84],[10,-53],[31,0],[11,-24],[-3,-22],[-8,-27],[0,-43],[63,-189],[21,-105],[20,-64],[42,-84],[-208,-337],[83,-52],[-21,-179],[21,-106],[-31,-73],[-187,21],[-42,42],[-42,-63],[32,-32],[0,-42],[52,-10],[-11,-32],[42,-11],[62,-221],[0,-42],[-21,-137],[42,-10],[-52,-32]],[[45994,36953],[-104,42],[-52,-94],[-21,-39],[-31,-14],[-47,-37],[-39,-10],[-74,-2],[-48,7],[-123,57]],[[31631,9012],[-104,63],[-63,-21],[-52,21],[-21,53],[63,105],[-52,11],[-11,-53],[-73,-32],[-83,0],[-42,-42],[-124,42],[-125,-42],[-52,53],[0,84],[62,63],[42,32],[8,26],[-4,33],[-31,9],[-25,-5],[-52,95],[20,63],[42,42],[-42,42],[32,116],[31,32],[-42,84],[42,84],[-63,63],[42,84],[-21,64],[42,10],[21,53],[-42,10],[-42,74],[23,30],[26,26],[31,21],[35,17],[40,13],[43,9],[11,52],[-42,85],[42,84],[41,42],[0,158],[63,10],[-42,11],[-42,147],[31,11],[23,4],[28,-11],[2,-35],[31,10],[104,-21],[10,21],[21,21],[21,-7],[73,7],[135,-179],[-21,-63],[21,-52],[-187,-85],[-63,-242],[32,-10],[83,42],[166,-127],[105,43],[31,-53],[93,74],[115,-116],[-21,-21],[63,-148],[-21,-63],[62,-105],[-21,-105],[42,-11],[21,-53],[-21,-63],[21,-42],[-83,-63],[31,-32],[83,-42],[31,-31],[0,-85],[63,-10],[21,-74],[20,-63],[-73,-74],[-20,21],[-11,-42],[-27,-4],[-24,0],[-21,4],[-32,24],[-10,18],[-125,0],[-63,106],[-72,-74],[41,-84],[-125,-32],[-21,-73],[-72,-32]],[[23927,33730],[-9,-9],[-42,137],[-260,105],[-135,0],[-21,200],[-73,53],[-35,93],[-17,44],[-17,263],[-66,200],[21,53],[-94,21],[-18,26],[-34,47]],[[24330,33970],[-27,-28],[-14,-26],[-38,-69],[-31,-31],[-229,-21],[-64,-65]],[[19443,36827],[-21,74]],[[20796,37785],[41,-42],[21,-379],[27,-18],[22,-24],[14,-21],[14,-42],[0,-3],[34,-103],[56,-42],[-63,-242],[104,-42],[42,-147],[166,-64],[11,-63]],[[30954,48439],[0,-105],[52,-53],[250,-21],[21,-21]],[[31277,48239],[-52,-284],[8,-40],[13,-65],[-9,-29],[-75,-245],[52,-74],[64,6],[58,12],[51,18],[46,24],[39,30],[34,37],[229,0],[23,-35],[216,-60]],[[30289,47813],[20,110],[83,21],[42,148],[-125,52],[7,34]],[[23856,46944],[11,21],[30,53]],[[28326,50787],[5,-21],[74,13],[62,29],[42,4],[37,-1],[25,-3],[34,-11],[22,-14],[16,-17],[73,-211],[138,19]],[[28790,50010],[-23,3],[-32,-13],[-38,-5],[-44,3],[-51,10],[-18,-171],[0,-8],[7,-48],[73,-205],[-166,-337],[-11,-2]],[[40042,36629],[9,-44],[-21,-81],[-28,-74],[-34,-66],[-42,-60],[-49,-53],[-55,-45],[21,-63],[0,-43],[-42,-84],[-31,-31],[0,-42],[-23,6],[-29,-6],[-6,-29],[6,-24],[-94,-53],[-146,21],[-41,127],[-31,42],[-63,10],[63,63],[0,232],[-52,53],[-334,0],[-52,-11],[105,-147],[-42,-84],[31,-11],[-10,-32],[166,-94],[5,-28],[0,-24],[-5,-21],[-23,-32],[-18,-11],[20,-63],[-10,-32],[62,21],[53,-21],[20,-95],[0,-42],[5,-32],[0,-29],[-14,-42],[-32,-23],[21,-200],[-84,-15]],[[31641,50461],[52,-53],[42,-42],[21,21]],[[31756,50387],[93,-21],[42,-74],[-21,-147],[0,-42],[-62,-190],[-32,-31],[11,-32],[-63,-179],[47,-13],[34,1],[23,13],[12,25],[0,39],[-12,51],[115,158],[73,-116],[-5,-26],[9,-31],[33,-4],[25,8],[-62,242],[83,53],[-62,116],[-42,31],[-10,42],[10,21],[31,1],[125,-127],[21,21],[10,-52],[94,-11],[208,-126],[42,-42],[145,21],[125,-84],[11,-53]],[[32869,48997],[-62,11],[-11,-32],[-13,3]],[[32783,48979],[-195,39],[-28,-31],[-35,-23],[-43,-15],[-51,-6],[-58,2],[-66,10],[-31,126],[-21,-21],[-19,30],[-23,34],[-44,-8],[-51,-2],[-46,4],[-41,10],[-91,32],[-60,-15],[-166,105],[-167,0],[-31,32]],[[23927,33730],[12,-30],[-5,-16],[6,-12]],[[26760,5138],[-84,42],[-62,-21],[-115,158],[-10,52],[-31,32],[-63,42],[-31,-32],[10,-31],[-52,-11],[11,-31],[-31,-32],[-84,42],[-62,-21],[-167,84],[-83,42],[-42,-42],[-145,85],[-84,0],[-228,168],[-125,0],[-52,95],[20,63],[-114,32],[-63,-21],[-249,42],[-94,136],[31,74],[63,-21],[52,11],[-22,14],[-15,19],[-10,24],[-4,29],[2,33],[7,39],[-52,21],[-73,42],[0,63],[94,21],[146,-63],[1,37],[7,32],[11,27],[17,22],[21,17],[26,12],[83,-21],[26,-12],[17,-13],[11,-24],[-23,-25],[84,-126],[62,-42],[-21,105],[21,21],[-21,32],[-21,10],[21,106],[11,31],[-32,0],[-10,25],[3,21],[7,28],[32,-11],[62,22],[42,0],[73,-74],[-21,-21],[62,-106],[-23,-28],[14,-28],[21,-14],[30,-14],[-21,-63],[52,-95],[23,-5],[30,6],[5,29],[-6,23],[-21,63],[21,63],[31,32],[11,-21],[21,-21],[20,7],[21,-39],[52,-10],[-10,-32],[93,-10],[11,-53],[21,-126],[52,-32],[10,-21],[21,-21],[21,7],[41,-154],[73,-22],[25,-21],[24,10],[12,18],[12,25],[-146,190],[-3,60],[1,55],[4,50],[10,45],[13,40],[17,34],[94,21],[52,-105],[33,2],[29,-4],[25,-11],[20,-17],[16,-24],[12,-31],[167,0],[21,-9],[17,-15],[11,-20],[6,-26],[1,-31],[-4,-36],[16,-28],[23,-23],[30,-15],[36,-9],[43,-3],[49,5],[0,-42],[32,-32],[0,-42],[-73,-32],[10,-31],[-41,-11],[-21,-94],[21,-43],[72,-52],[22,-10],[17,-15],[11,-20],[6,-25],[1,-31],[-5,-36],[0,-253],[-72,-31]],[[45994,36953],[73,21],[21,74],[17,27],[17,17],[35,7],[35,-30],[-21,168],[10,32],[42,11],[32,-3],[41,-8],[0,53],[83,63],[-13,-46],[-3,-35],[7,-25],[17,-14],[28,-3],[37,7],[42,0],[29,7],[23,1],[24,-14],[-4,-36],[-41,-11],[0,-52],[73,-21],[62,42],[21,-84],[10,31],[63,-63],[239,-179],[52,-84],[94,21],[52,-74],[114,-73],[11,-22],[21,-21],[20,7],[73,-7],[11,-94],[-198,-32],[-62,-21],[-84,42],[-31,84],[-177,85],[-31,31],[-31,-10],[-146,105],[-94,126],[-93,42],[-14,24],[-28,18],[-28,-18],[-14,-24],[-43,-5],[-37,1],[-31,8],[-25,13],[-18,20],[-12,27],[-31,-33],[10,-31],[21,-16],[31,-15]],[[37490,48418],[-9,26],[-14,21],[-18,16],[-21,64],[42,84],[20,63],[-6,38],[2,27],[13,18],[22,7],[32,-3],[42,-13],[31,-106],[239,85],[-21,-137],[104,-11],[21,-74],[63,-31],[41,74],[-41,147],[19,34],[26,26],[35,16],[42,8],[49,-1],[58,-9],[-11,-46],[-4,-40],[2,-34],[8,-29],[15,-23],[21,-18],[54,10],[43,2],[31,-3],[21,-11],[7,-40],[115,-63],[176,31],[-93,53],[-94,53],[-5,46],[-2,38],[0,30],[3,22],[15,22],[541,0],[239,263],[-21,105],[63,32],[18,71],[10,21],[31,0],[24,-8],[0,42],[62,0],[-20,-74],[20,-91]],[[37626,37101],[-11,52],[-41,63],[41,106],[32,31],[10,53],[-21,274],[-21,10],[-20,21],[6,21],[-27,179],[0,42],[-63,106],[21,84],[-73,53],[-104,147],[-31,42],[-229,84],[-73,106],[-146,-106],[11,-31],[-21,-63],[-7,-40],[-32,0],[-23,8],[-21,-53],[-42,-31],[-155,-252]],[[43829,8701],[-32,31],[11,32],[21,16],[42,-21],[52,-73],[-21,-43],[104,-10],[-21,137],[260,200],[63,0],[41,-126],[84,126],[198,-84],[-53,84],[-37,-7],[-27,3],[-17,12],[-7,23],[3,32],[13,42],[72,21],[14,24],[28,18],[28,-18],[14,-24],[10,42],[146,32],[-42,10],[-52,127],[-35,-8],[-42,12],[-8,21],[2,30],[10,39],[32,-10],[52,21],[-21,53],[41,73],[105,11],[-21,42],[-136,116],[-52,31],[21,-42],[-10,-52],[-229,63],[-34,-10],[-46,-2],[-17,23],[-39,62],[84,85],[-63,126],[84,147],[-42,64],[52,136],[125,-63],[177,32],[-146,31],[-21,106],[84,21],[20,179],[52,95],[32,31],[114,74],[125,210],[31,42],[73,22],[52,-95],[63,-32],[-105,179],[115,158],[229,-168],[52,10],[-62,105],[135,327],[41,-21]],[[45026,9959],[-83,22]],[[44943,9981],[-11,-43],[73,-73],[21,-11],[21,-21],[-21,-31],[-42,-32]],[[45598,11581],[-10,31],[94,137],[177,-63],[-84,179],[52,158],[94,-21],[18,71],[12,21],[36,0],[28,-8],[62,-84],[375,168],[83,-21],[-10,-73],[-52,-11]],[[45911,11560],[-11,31],[-31,-10],[-125,84]],[[45422,10023],[32,-3],[14,21],[-5,45],[42,105],[-167,42],[-354,295],[-20,42],[-21,-21],[145,-316],[84,42],[83,-63],[62,-147],[84,21],[21,-63]],[[44943,9981],[0,63],[-146,252],[-42,0],[21,-105],[-41,-42],[41,-42],[8,-24],[18,-24],[23,10],[14,17],[104,-105]],[[27574,47884],[19,-44],[14,-49],[10,-53],[6,-58],[0,-62],[240,-305],[21,21]],[[27790,46513],[-16,5],[-36,-5],[-83,42],[-136,42],[-13,26],[3,25],[10,33],[-100,49],[-90,43],[-99,39],[-43,6]],[[29971,53510],[12,-33],[21,-54],[13,-36],[-20,-63],[-73,-73],[-32,-53],[-83,-126],[0,-53],[-41,-32],[-42,-42],[21,-21],[-17,-56],[-5,-17],[-21,-72],[-13,-44],[-6,-23],[-22,-72],[23,-146],[8,-50],[11,-67],[-21,-63],[-4,-36],[-27,-2],[-11,3],[-18,-15],[-80,-160],[5,-33]],[[30173,6527],[-93,190],[-42,-32],[0,-42],[-21,-74],[-156,-21],[-135,137],[0,42],[42,64],[52,31],[52,95],[-21,63],[0,42],[18,28],[25,20],[32,13],[38,5],[44,-3],[51,-10],[-31,63],[-73,74],[-52,94],[2,-53],[-2,-47],[-7,-42],[-11,-35],[-15,-30],[-19,-24],[-83,-53],[5,-21],[-9,-33],[-28,2],[-10,-53],[8,-28],[2,-21],[-10,-25],[-31,0],[10,-31],[-73,-116],[-62,21],[-31,31],[-28,-11],[-28,14],[-14,17],[-14,23],[104,147],[-83,126],[-9,45],[1,33],[12,22],[23,10],[33,-2],[44,-13],[-21,116],[0,84],[-20,63],[-94,-73],[-23,-6],[-29,6],[-6,29],[6,23],[-177,137],[-52,0],[-42,95],[21,63],[10,22],[14,17],[20,11],[25,6],[31,1],[35,-4],[11,-21],[21,-22],[20,8],[73,-8],[31,-42],[136,-42],[14,-23],[27,-19],[28,19],[14,23],[167,-42],[52,11],[-84,126],[-93,53],[-52,94],[0,85],[41,126],[-34,21],[-7,21],[20,21],[-20,63],[73,32],[62,-21],[104,21],[125,-63],[14,17],[18,14],[22,9],[26,5],[31,0],[35,-3],[41,0],[32,-32],[0,-42],[41,-10],[52,-85],[11,42],[37,11],[27,0],[19,-10],[9,-21],[0,-32],[-9,-42],[0,-42],[-83,-127],[10,-52],[115,63],[20,-74],[-41,-84],[21,-63],[-105,-190],[42,-10],[21,-53],[-21,-63],[42,-126],[41,-43],[0,-84],[5,-47],[0,-42],[-5,-37],[-9,-33],[-14,-28],[-18,-23],[-32,-32],[0,-42],[-52,0],[-31,-42],[11,-32],[-42,-84],[-19,-28],[-19,-22],[-19,-16],[-19,-9],[-39,1]],[[29237,3937],[-18,31],[-23,26],[-29,20],[-34,15],[-39,10],[-45,4],[-41,0],[-52,73],[21,106],[-21,42],[0,42],[-21,63],[0,42],[125,84],[-21,148],[94,52],[41,0],[84,-42],[31,74],[-42,11],[-21,52],[63,158],[-94,42],[-45,-13],[-35,-3],[-24,7],[-14,18],[-4,27],[8,38],[41,84],[31,32],[0,42],[59,10],[50,2],[42,-7],[35,-14],[26,-23],[17,-31],[73,116],[17,21],[24,15],[30,8],[36,2],[42,-4],[49,-11],[0,42],[31,42],[33,6],[29,1],[24,-5],[21,-9],[16,-15],[13,-20],[31,-42],[52,0],[31,32],[-42,42],[11,73],[-31,0],[-11,25],[3,21],[8,28],[-21,105],[41,85],[63,105],[42,74],[114,42],[31,-74],[-5,-23],[6,-29],[28,-6],[23,5],[20,-33],[19,-25],[19,-17],[38,-7],[19,9],[-21,-232],[0,-42],[-13,-33],[-17,-26],[-22,-19],[-27,-13],[-31,-5],[-36,1],[-41,-137],[41,-10],[21,-95],[-35,-21],[-20,-21],[-7,-21],[7,-21],[20,-21],[35,-21],[-21,-148],[21,-105],[-21,-105],[-73,-32],[-72,42],[-21,95],[-52,95],[-32,-32],[21,-105],[21,-63],[-42,-84],[42,-42],[0,-211],[-73,-32],[-83,-42],[-146,106],[-83,-43],[-62,21],[-32,-73],[21,-63],[21,-106],[-21,-52],[-125,42],[-21,-95],[-52,-32],[-41,0]],[[17475,36995],[12,6],[-1,15],[375,148],[6,62],[12,58],[20,51],[25,47],[33,41],[39,36]],[[2394,0],[42,84],[41,0],[0,53],[42,0],[31,31],[-10,32],[41,63],[63,32],[41,95],[32,31],[0,42],[31,-31],[21,-28],[20,0],[21,28],[-41,84],[41,84],[0,95],[-41,31],[20,64],[-20,63],[124,147],[-41,105],[52,95],[62,-21],[104,-189],[11,52],[10,32],[-31,0],[-10,24],[2,22],[8,28],[135,94],[21,-21],[28,8],[21,3],[24,-11],[0,-31],[31,10],[11,-52],[0,-43],[21,-13],[16,-19],[9,-25],[5,-31],[-2,-37],[-8,-43],[52,-53],[32,-31],[19,9],[38,-8],[19,-16],[19,-25],[19,-34],[21,21],[83,-42],[135,-221],[0,-42],[-104,-63],[42,-137],[135,-42],[-31,52],[-16,23],[-7,23],[4,23],[13,23],[24,23],[34,22],[104,-21],[125,-42],[31,-32],[21,-63],[-83,-126],[73,-53],[83,106],[73,-74],[-21,-21],[146,-74],[-11,-42],[-2050,0]],[[32783,48979],[-36,-189],[-3,-14],[-16,-28],[-22,-21],[-25,-16],[-30,-9],[-34,-3],[-39,3],[-21,-73],[-15,-20],[-20,-14],[-27,-8],[-32,-2],[-39,3],[-44,9],[-86,-71],[-70,-181],[-52,21],[-48,-97]],[[32124,48269],[-15,12],[-20,-21],[-80,-10],[-72,-3],[-66,4],[-59,10],[-52,17],[-46,24],[-187,-84],[-84,0],[-145,63],[-21,-42]],[[43735,44944],[17,20],[13,18],[33,-6],[41,-243],[167,-252],[135,-95],[63,-21],[104,21],[41,0],[32,-42],[104,0],[0,-53],[21,-10],[20,-21],[-20,-32],[41,-105],[-41,-148],[20,-63],[73,-73],[50,-5],[44,-8],[39,-12],[34,-16],[28,-20],[24,-24],[0,-137],[104,-147],[30,-14],[21,-14],[7,-42],[-16,-14],[41,-84],[42,21],[-21,42],[52,31],[42,0],[21,-35],[27,-28],[35,-21],[42,-14],[48,-7],[56,0],[-32,-53],[53,-10],[62,-21],[52,0],[31,-42],[-10,-32],[62,-10],[21,-74],[0,-84],[-31,-32],[-83,-42],[10,32],[-42,10],[-41,126],[-94,43],[-104,-21],[-62,21],[-84,-43],[-21,-42]],[[14769,30889],[-10,-31],[21,-116],[156,-63],[125,0],[21,-64],[31,-31],[30,-14],[21,-14],[7,-42],[-17,-14],[42,-11],[12,-49],[-2,-37],[-14,-23],[-27,-12],[-41,2],[-53,14],[21,-53],[-7,-37],[22,-19],[6,-28],[52,-11],[-11,-31],[42,-84],[-13,-19],[-18,-13],[-24,-8],[-28,-3],[-34,3],[-39,8],[-37,-21],[-28,-21],[-18,-21],[-10,-21],[0,-21],[10,-21],[-23,4],[-29,-4],[-6,-24],[-88,3],[-125,-85],[-21,-35],[-21,-7],[-20,21],[-146,-147],[-21,21],[-177,-253],[-94,-21],[-62,21],[10,32],[-41,10],[-21,95],[-21,21],[7,21],[35,21],[8,37],[-1,48],[-26,15],[-23,-5],[-21,53],[42,21],[-42,10],[63,116],[21,148],[-5,23],[5,30],[23,5],[-44,131],[0,42],[0,105],[-125,232],[114,74],[42,0],[73,42],[-11,63],[-41,-21],[-63,-21],[-44,-9],[-33,1],[-21,12],[-10,23],[2,34],[13,44],[142,51]],[[18776,38132],[209,64],[-21,115],[-9,40],[-2,30],[7,20],[29,-3],[33,3],[9,32],[-5,26],[13,38],[-75,165],[-60,101],[-107,54],[17,115],[-79,116],[-31,285]],[[18704,39333],[208,-21],[29,-21],[12,-1],[7,-11],[14,-10]],[[20005,38606],[-52,-10],[-167,-43],[-31,-73],[-21,-63],[-31,-32],[-52,-95],[21,-147],[-32,-32],[-62,21],[-28,-15],[-24,-31],[17,-32],[24,-16],[-20,-116],[-63,-11],[21,-42],[52,-31],[10,-53],[42,-179],[-73,21]],[[44860,38627],[62,148],[-21,63],[0,42],[-24,184],[19,23],[36,-7],[-10,31],[52,-31],[31,31],[-21,11],[-20,21],[7,21],[-59,42],[-63,21]],[[44860,39259],[20,20],[23,-1],[29,-9],[32,-52],[62,31],[21,74],[-104,168],[21,43],[52,52],[177,11],[-21,63],[0,42],[93,11],[52,10],[-20,63],[0,84],[20,64],[32,-11],[73,74],[-42,84],[114,32],[63,-21],[10,52],[-41,11],[-84,200],[0,42],[-3,35],[1,31],[4,27],[9,22],[14,18],[17,14],[-62,211],[0,84],[62,63],[-8,28],[-2,22],[10,24],[31,0],[63,21],[73,-21],[-21,-74],[21,-105],[-21,-63],[83,-169],[-21,-105],[21,-147],[146,-148],[0,-42],[-21,-21],[7,-21],[35,-21],[-42,-42],[42,-84],[-5,-41],[14,-17],[32,5],[21,-53],[-21,-63],[-41,-42],[0,-84],[0,-148],[-63,-10],[0,-137],[-94,-31],[-93,-137],[-32,-32],[-93,-53],[21,-63],[-104,-73],[-21,-95],[-146,-74],[-146,-221],[21,-63],[0,-42],[20,-11],[15,-17],[10,-22],[4,-27],[-1,-33],[-6,-38]],[[18964,42175],[-240,21],[-291,232],[-83,0],[-75,-151],[-31,-11],[-27,4],[-34,10],[-20,29],[-84,119]],[[29410,54912],[-17,-103],[94,-21],[41,-106],[11,64],[72,42],[136,-495],[52,-32],[114,-116],[0,-105],[167,-337],[-42,-147],[42,-105],[-42,-127],[21,-63],[-21,-274],[-83,-147],[-63,-463],[0,-190],[198,-326],[35,-2],[11,-28],[-4,-24],[-11,-30],[52,0],[136,-221],[270,-222],[42,-115],[-21,-42],[63,-148],[-42,-63],[31,-116],[156,137],[-104,53],[-21,52],[32,74],[291,-105],[354,-253],[187,-63],[177,-295],[42,11],[-42,63],[73,52],[52,-126],[-62,-31],[21,-43],[-52,11]],[[29395,55200],[29,-12],[21,42],[10,-32],[0,-42],[0,-63],[84,-105],[-52,-137],[-77,61]],[[29809,52324],[4,366],[-25,13]],[[29788,52703],[-18,-16],[-14,-21],[-9,-26],[-5,-30],[0,-36],[5,-39],[21,-190],[-21,-84],[-42,21],[-21,-42],[-41,-21],[-21,-63],[83,42],[21,21],[62,-21],[21,126]],[[29788,52703],[24,16],[39,26],[0,190],[62,168],[-41,-21],[-84,-168],[0,-211]],[[35669,8759],[-83,63],[-37,6],[-32,1],[-27,-4],[-22,-10],[-16,-15],[-12,-20],[-125,42],[-17,23],[-35,23],[-35,-9],[-17,-15],[-83,84],[-21,-21],[-62,21],[-146,-63],[-188,63],[-72,116],[0,42],[20,221],[157,63],[31,53],[21,10],[20,21],[-20,32],[41,116],[42,10],[-21,74],[135,42],[84,84],[83,0],[32,-44],[38,-40],[42,-34],[48,-29],[53,-24],[57,-18],[125,0],[63,-21],[166,42],[84,0],[38,3],[33,-1],[28,-6],[24,-9],[19,-13],[14,-16],[-21,-179],[-30,-14],[-21,-15],[-14,-28],[23,-28],[-21,-105],[-104,-105],[0,-84],[-104,-148],[0,-42],[-41,-74],[-94,-21]],[[17174,37848],[31,-10],[93,21],[105,221],[-11,31]],[[17392,38111],[21,0],[167,0],[10,32],[239,179],[21,-21],[354,0],[125,-148]],[[28737,48366],[31,-32],[32,-32],[23,-7],[29,-3],[33,3],[39,7],[19,-13],[13,-18],[80,-136],[159,-85],[49,-59],[36,-43],[30,-35],[31,-32],[7,-19],[46,-126]],[[46452,58325],[-73,21],[-21,116],[-135,95],[-146,-21],[-114,73],[41,127],[-41,63],[83,147],[52,11],[31,-116],[94,-95],[114,0],[0,190],[84,0],[0,-169],[62,0],[0,158],[31,18],[25,24],[20,29],[15,34],[9,40],[4,45],[21,10],[21,21],[-21,32],[52,10],[63,-21],[20,-30],[21,-21],[21,-12],[21,-2],[21,7],[20,16],[33,5],[28,0],[23,-5],[32,-23],[113,2],[63,-21],[10,42],[94,21],[62,-21],[35,-2],[11,-32],[-4,-26],[-10,-35],[-52,-31],[-115,-179],[11,-74],[208,0],[31,53],[94,31],[20,31],[21,21],[21,12],[21,2],[21,-7],[20,-16],[11,42],[114,0],[104,-64],[42,0],[11,-52],[52,-11],[-11,-31],[21,-106],[-40,-40],[-45,-35],[-51,-29],[-56,-24],[-63,-18],[-68,-12],[-62,22],[-104,-64],[-58,25],[-22,-19],[7,-37],[-13,-26],[-12,-17],[-24,-11],[-24,22],[-62,-21],[-63,21],[-114,-7],[-21,7],[-21,-21],[-10,-21],[-84,42],[-43,-26],[-51,-19],[-59,-11],[-66,-3],[-74,5],[-81,12],[-42,0],[-104,-21]],[[18339,39069],[104,-189],[21,-169],[-7,-70],[-14,-140],[176,-257],[12,-17],[-2,-10],[-6,-44]],[[17392,38111],[-10,0],[-125,369],[8,18],[44,99],[31,72],[11,27],[15,22],[19,15],[23,9],[26,4],[20,-8],[14,45],[-3,13],[33,124],[-17,34],[0,1]],[[22617,39985],[-31,-52],[-31,-32],[-8,-19],[-44,-118],[-24,-12],[-39,-19],[-6,-53],[-15,-137],[-52,21],[-62,-42],[-104,63],[-125,0],[-187,106],[-105,-22],[-18,8],[-120,49],[-18,7],[1,2],[0,0]],[[21629,39735],[35,203],[-15,110],[187,137],[-83,253],[5,26],[6,38],[62,368]],[[20983,39322],[65,51],[112,-19],[31,73],[24,19],[28,22],[42,33],[31,32],[16,19],[20,14],[25,8],[31,3],[35,-4],[29,-9],[31,116],[42,32],[25,21],[27,21],[32,-19]],[[17476,41775],[-11,0]],[[17465,41775],[13,12],[8,51],[-20,-5],[-22,5],[-6,37],[-56,311],[5,17],[-16,80],[-20,18]],[[42593,48796],[91,-30],[11,-95],[-63,-105],[-41,-43],[0,-84],[20,-63],[0,-42],[-20,-63],[-84,-84],[21,-21],[5,-26],[-9,-32],[-33,-4],[-25,9],[-63,-137],[-41,-274],[0,-42],[-42,-63],[-52,-53]],[[20840,39696],[8,-5],[73,73],[41,179],[156,-42],[32,53],[17,8],[128,65],[15,239],[-15,130],[10,13],[12,18],[15,37],[5,206],[54,127],[-54,146],[2,5],[-13,27]],[[52281,28278],[-84,42],[-52,95],[-21,147],[-20,64],[0,42],[20,63],[21,21],[-21,32],[-20,10],[20,63],[21,11],[21,21],[-21,31],[21,106],[-42,210],[-41,84],[-21,64],[21,105],[156,116],[31,31],[135,137],[167,84],[52,-73],[83,-63],[6,-21],[-9,-34],[-28,2],[-52,-74],[0,-42],[-52,-10],[10,31],[-68,35],[-22,-19],[7,-37],[21,-10],[21,-22],[-21,-31],[21,-63],[-11,-32],[32,0],[10,-24],[-3,-22],[-7,-28],[31,11],[62,-21],[73,-74],[52,-137],[52,11],[-41,84],[-21,63],[4,24],[-13,35],[-33,-6],[-21,53],[52,221],[73,-21],[18,-69],[19,-22],[36,6],[31,-73],[0,-42],[33,-24],[27,-28],[24,-33],[18,-37],[14,-42],[9,-47],[-5,-23],[6,-29],[28,-6],[23,5],[31,-73],[-41,-85],[-31,-73],[-23,4],[-29,-4],[-6,-24],[-88,3],[-42,0],[-52,21],[-31,63],[-104,-63],[-63,147],[-26,-19],[-18,-19],[-10,-39],[23,-39],[-41,-10],[-21,95],[-83,63],[20,-148],[42,-126],[10,-51],[3,-40],[-2,-32],[-8,-21],[-34,-14],[10,-32],[-21,-63],[-20,-10],[-21,-21],[7,-21],[-7,-106],[-84,-52],[1,-32],[-25,-10],[-21,2],[-27,8]],[[18704,39333],[-21,-21],[-271,0]],[[36491,34132],[21,-11],[-125,-168],[21,-21],[-20,-36],[-25,-27],[-32,-20],[-38,-12],[-43,-4],[-50,4],[-11,42],[-83,-42],[-19,-28],[-19,-20],[-19,-13],[-38,-2],[-19,10],[6,24],[-6,29],[-29,6],[-23,-6],[10,32],[-42,84],[-104,42],[21,-148],[83,-126],[-20,-63],[52,-11],[0,-42],[72,-73],[32,10],[52,-74],[41,-73],[125,-42],[-40,-45],[-33,24],[-23,4],[-27,0],[-33,-4],[-104,21],[-104,63],[-31,42],[-136,42],[-114,137],[-94,32],[11,31],[-52,11],[10,31],[-42,11],[-52,84],[-31,32],[-31,-11],[-73,21],[-62,158],[-94,11],[-62,-22],[-125,85]],[[20653,40177],[1,-2],[4,-40],[2,-65],[-4,-59],[-10,-54],[-16,-47],[-22,-41],[63,-31],[0,-16],[10,-7]],[[37459,13223],[-52,95],[0,42],[-41,126],[-146,148],[21,21],[-42,84],[-21,105],[42,127],[0,126],[21,147],[11,28],[15,21],[18,15],[23,9],[27,4],[31,-3],[20,95],[52,31],[52,106],[53,21],[166,-21],[42,0],[10,-53],[42,-10],[62,-116],[115,-53],[24,-17],[17,-18],[14,-35],[-14,-35],[-31,-32],[0,-84],[-42,-105],[21,-42],[-21,-106],[42,-84],[0,-126],[-125,-84],[21,-85],[-42,-158],[-73,21],[-22,5],[-29,-5],[-6,-23],[-171,-40],[-84,-42]],[[42507,36395],[0,-31],[-24,-11],[-21,3],[-28,8],[32,31],[-32,11],[-72,116],[-11,52],[-73,74],[-26,41],[-26,33],[-26,23],[-26,15],[-26,6],[-26,-2],[-23,-6],[-28,6],[-6,29],[5,23],[0,42],[-24,44],[-31,35],[-39,27],[-45,19],[-52,10],[-59,2],[-21,95],[-17,25],[-22,20],[-27,15],[-32,9],[-37,5],[-41,0],[-32,-11],[63,84],[-42,95],[-135,42],[-31,42],[-94,22],[-31,52],[-27,16],[-19,15],[-17,32],[11,32],[-32,31],[-13,23],[-28,27],[-28,1],[-14,-19]],[[53550,3390],[-145,168],[-104,-21],[-52,95],[-32,32],[-10,52],[-21,64],[94,52],[41,0],[32,-42],[38,-13],[31,-4],[21,4],[18,35],[-4,31],[-11,31],[62,-1],[53,-9],[46,-17],[37,-25],[30,-33],[22,-41],[31,32],[-156,157],[-73,43],[32,63],[72,-42],[11,-42],[31,31],[-104,105],[21,148],[10,52],[39,7],[30,2],[23,-3],[23,-37],[0,-42],[41,-85],[11,-34],[18,-27],[26,-20],[33,-12],[41,-4],[48,3],[31,-74],[-31,-21],[-24,-21],[-17,-21],[-11,-21],[-3,-21],[3,-21],[0,-53],[42,-32],[31,11],[52,-95],[-11,-36],[-3,-29],[18,-31],[48,2],[42,0],[31,-32],[21,-105],[-20,-29],[-15,-34],[-10,-39],[-4,-45],[1,-50],[6,-56],[-104,-221],[-135,-21],[-13,21],[-20,16],[-24,10],[-31,4],[-37,-1],[-42,-8],[-83,105],[-104,-42],[-25,13],[-17,12],[-11,25],[22,24],[-115,31],[-41,0],[-105,21],[11,32],[-52,11],[0,42],[-31,42],[-94,42],[-28,10],[-22,17],[-15,23],[-9,29],[-3,36],[4,43],[42,0],[62,63],[11,53],[32,4],[28,0],[23,-4],[32,-24],[28,-15],[21,-12],[0,-37],[-8,-28],[0,-42],[93,-53],[42,42],[27,8],[22,3],[24,-11],[0,-31],[19,-27],[20,-18],[19,-10],[38,7],[18,16]],[[17003,39110],[-17,-188],[-83,-179],[-104,-42],[-104,-337]],[[23096,41417],[28,-19],[14,-23],[291,42],[42,42],[208,-21],[62,21],[31,11]],[[16662,41705],[9,-29],[117,-6],[125,-127],[271,43]],[[32124,48269],[37,-30],[55,-29]],[[42330,47292],[42,21],[52,-95],[-62,-105],[20,-21],[-4,-23],[4,-29],[23,-7],[-2,-110],[125,-63],[-104,-21],[104,-21],[-94,-53],[-41,-105],[27,8],[22,3],[24,-11],[0,-32],[104,-42],[-42,64],[-8,39],[-2,34],[2,29],[8,24],[13,18],[18,13],[11,-157],[41,-85],[-20,-63],[20,-63],[-10,-74]]],"transform":{"scale":[0.04803887635711188,0.04749246094699081],"translate":[95,0]},"objects":{"regions":{"type":"GeometryCollection","geometries":[{"arcs":[[[0,1,2,3,4,5,6,7,8,9,10,11]],[[12]],[[13]]],"type":"MultiPolygon","properties":{"id":0,"color":"#fdeba5","areaPx":296726}},{"arcs":[[[14,15,16,17,18,19]],[[20]],[[21]]],"type":"MultiPolygon","properties":{"id":1,"color":"#e82976","areaPx":207908}},{"arcs":[[22,23,24,25,26,27,28,29,30,31,32,33,34,35,36,37,38,39,40,41,42]],"type":"Polygon","properties":{"id":2,"color":"#455385","areaPx":172887}},{"arcs":[[-42,43,44,45,46,47,48,49,50,51,52,53,54,55],[56],[57]],"type":"Polygon","properties":{"id":3,"color":"#3f203a","areaPx":171243}},{"arcs":[[[-51,58,59,60,61,62,63,64,65,66]],[[67]]],"type":"MultiPolygon","properties":{"id":4,"color":"#f2b2c6","areaPx":149552}},{"arcs":[[[-48,68,69,70,71,72,73,74],[76],[77],[78],[79]],[[75]]],"type":"MultiPolygon","properties":{"id":5,"color":"#800c1c","areaPx":94532}},{"arcs":[[80,81,82,83,84,85,86,87,88,89,90,91,92],[93]],"type":"Polygon","properties":{"id":6,"color":"#fdeba5","areaPx":91055}},{"arcs":[[-15,94,95,96,97,98,99,100]],"type":"Polygon","properties":{"id":7,"color":"#2a7841","areaPx":82860}},{"arcs":[[[101,102]],[[103]]],"type":"MultiPolygon","properties":{"id":8,"color":"#e82976","areaPx":81794}},{"arcs":[[104,105,106,107]],"type":"Polygon","properties":{"id":9,"color":"#fec11b","areaPx":74636}},{"arcs":[[[-85,108,109,110,111,112,113,114,115,116,117,118,119,120,121,122,123]],[[124]]],"type":"MultiPolygon","properties":{"id":10,"color":"#800c1c","areaPx":70771}},{"arcs":[[[-40,125,126,127,128,129,130,131,132,133,134,-46,135,136]],[[137]]],"type":"MultiPolygon","properties":{"id":11,"color":"#2a7841","areaPx":69596}},{"arcs":[[-20,138,-70,139,140,141,142,143,-95]],"type":"Polygon","properties":{"id":12,"color":"#8e4039","areaPx":68669}},{"arcs":[[-98,144,145,146,147,148,149,150,151,152,153,154,155,156,157,158,159,160,161,162,163]],"type":"Polygon","properties":{"id":13,"color":"#455385","areaPx":67846}},{"arcs":[[-50,164,-59]],"type":"Polygon","properties":{"id":14,"color":"#9bfeb5","areaPx":67011}},{"arcs":[[[165,166,167,168,169,170,171,172,173]],[[174]]],"type":"MultiPolygon","properties":{"id":15,"color":"#3f203a","areaPx":66436}},{"arcs":[[-34,175,-152,176,177,178,-126,-39,179],[180],[181]],"type":"Polygon","properties":{"id":16,"color":"#800c1c","areaPx":62269}},{"arcs":[[-96,-144,182,183,184,185,186,-150,187,-148,188,-146,189]],"type":"Polygon","properties":{"id":17,"color":"#fec11b","areaPx":59487}},{"arcs":[[[190,191,192,193,194,195,196,197,198,-26,199,200],[205]],[[201]],[[202]],[[203]],[[204]]],"type":"MultiPolygon","properties":{"id":18,"color":"#e9f607","areaPx":55231}},{"arcs":[[-170,206,207,208,209,210,211,212]],"type":"Polygon","properties":{"id":19,"color":"#d46954","areaPx":49508}},{"arcs":[[213]],"type":"Polygon","properties":{"id":20,"color":"#800c1c","areaPx":45508}},{"arcs":[[[-25,214,215,216,217,-53,-66,218,-200]],[[-52,-67]]],"type":"MultiPolygon","properties":{"id":21,"color":"#2a7841","areaPx":43629}},{"arcs":[[219,220,221,222,223,224,225,226]],"type":"Polygon","properties":{"id":22,"color":"#a77fa5","areaPx":43404}},{"arcs":[[-116,227,228,229,230,231,232,233,234,235,-157,236,237,238,239,240]],"type":"Polygon","properties":{"id":23,"color":"#a77fa5","areaPx":42944}},{"arcs":[[-171,-213,241,-211,242,243,-223,244,245,-173,246]],"type":"Polygon","properties":{"id":24,"color":"#455385","areaPx":42648}},{"arcs":[[247,248,249,250,251,252,253,254,255,256,257,258,259,260]],"type":"Polygon","properties":{"id":25,"color":"#455385","areaPx":41626}},{"arcs":[[-65,261,-191,-201,-219],[262]],"type":"Polygon","properties":{"id":26,"color":"#455385","areaPx":41230}},{"arcs":[[-169,263,264,265,266,267,268,269,-209,270,-207]],"type":"Polygon","properties":{"id":27,"color":"#2a7841","areaPx":40227}},{"arcs":[[-16,-101,271,272,273,274,275]],"type":"Polygon","properties":{"id":28,"color":"#3f203a","areaPx":37293}},{"arcs":[[[276,277,278,-81,-93,279,280,281,-198,282,283]],[[284]],[[285]]],"type":"MultiPolygon","properties":{"id":29,"color":"#f9f4ce","areaPx":35629}},{"arcs":[[286,-281,287,288,289,290,291,-28,292]],"type":"Polygon","properties":{"id":30,"color":"#f2b2c6","areaPx":34238}},{"arcs":[[-107,293]],"type":"Polygon","properties":{"id":31,"color":"#e82976","areaPx":33025}},{"arcs":[[294]],"type":"Polygon","properties":{"id":32,"color":"#800c1c","areaPx":32735}},{"arcs":[[-156,295,296,-237]],"type":"Polygon","properties":{"id":33,"color":"#2a7841","areaPx":30642}},{"arcs":[[297,298,299,300,301,-250,302,303,304,305]],"type":"Polygon","properties":{"id":34,"color":"#a77fa5","areaPx":30587}},{"arcs":[[-240,306,307,308,309,310,311]],"type":"Polygon","properties":{"id":35,"color":"#e9f607","areaPx":28649}},{"arcs":[[-54,-218,312,313]],"type":"Polygon","properties":{"id":36,"color":"#8e4039","areaPx":26525}},{"arcs":[[-304,314,315,316,317,318,319,320,321]],"type":"Polygon","properties":{"id":37,"color":"#800c1c","areaPx":25714}},{"arcs":[[-29,-292,322,323,324,325,-309,326,327,328,329]],"type":"Polygon","properties":{"id":38,"color":"#2a7841","areaPx":24695}},{"arcs":[[-232,330,331,332,333,334]],"type":"Polygon","properties":{"id":39,"color":"#455385","areaPx":24631}},{"arcs":[[-231,335,336,337,338,339,340,341,-333,342,-331]],"type":"Polygon","properties":{"id":40,"color":"#e91c24","areaPx":24321}},{"arcs":[[343,344,345]],"type":"Polygon","properties":{"id":41,"color":"#8e4039","areaPx":24281}},{"arcs":[[-233,-335,346,347,-298,-306,348,349]],"type":"Polygon","properties":{"id":42,"color":"#8e4039","areaPx":23793}},{"arcs":[[-61,350,351]],"type":"Polygon","properties":{"id":43,"color":"#800c1c","areaPx":22998}},{"arcs":[[-318,352,353,354,355]],"type":"Polygon","properties":{"id":44,"color":"#455385","areaPx":22744}},{"arcs":[[-33,356,357,-153,-176]],"type":"Polygon","properties":{"id":45,"color":"#a77fa5","areaPx":22500}},{"arcs":[[-319,-356,358,359,360,361,362,363]],"type":"Polygon","properties":{"id":46,"color":"#e91c24","areaPx":21426}},{"arcs":[[-265,364,365,366,367,368,-269,369,-267,370],[371]],"type":"Polygon","properties":{"id":47,"color":"#6de8f9","areaPx":21238}},{"arcs":[[-275,372,373,374,375,-344,-346,376]],"type":"Polygon","properties":{"id":48,"color":"#2a7841","areaPx":20608}},{"arcs":[[[-229,377,378,379,380,381,382,383,-337]],[[-230,-336]]],"type":"MultiPolygon","properties":{"id":49,"color":"#3f203a","areaPx":19800}},{"arcs":[[[384]],[[385]]],"type":"MultiPolygon","properties":{"id":50,"color":"#fec11b","areaPx":19721}},{"arcs":[[[386]],[[387]]],"type":"MultiPolygon","properties":{"id":51,"color":"#800c1c","areaPx":19657}},{"arcs":[[-24,388,-313,-217,389,-215]],"type":"Polygon","properties":{"id":52,"color":"#fec11b","areaPx":18871}},{"arcs":[[390,391,392,393,394,395,396,397,398,399,400,401,402,403]],"type":"Polygon","properties":{"id":53,"color":"#455385","areaPx":18767}},{"arcs":[[-317,404,405,406,407,-353]],"type":"Polygon","properties":{"id":54,"color":"#fec11b","areaPx":18638}},{"arcs":[[408,409,410,-220,-227,411,412]],"type":"Polygon","properties":{"id":55,"color":"#8e4039","areaPx":17651}},{"arcs":[[-112,413,414,-409,415,416,417]],"type":"Polygon","properties":{"id":56,"color":"#455385","areaPx":17059}},{"arcs":[[-222,418,419,420,-245],[421]],"type":"Polygon","properties":{"id":57,"color":"#3f203a","areaPx":16119}},{"arcs":[[422]],"type":"Polygon","properties":{"id":58,"color":"#e82976","areaPx":15585}},{"arcs":[[[-221,-411,423,424,425,-419]],[[426]]],"type":"MultiPolygon","properties":{"id":59,"color":"#d46954","areaPx":15070}},{"arcs":[[-23,427,-55,-314,-389]],"type":"Polygon","properties":{"id":60,"color":"#e82976","areaPx":15028}},{"arcs":[[[-32,428,-328,429,-296,-155,-357]],[[-154,-358]]],"type":"MultiPolygon","properties":{"id":61,"color":"#9bfeb5","areaPx":14859}},{"arcs":[[-224,-244,430,431,432,433]],"type":"Polygon","properties":{"id":62,"color":"#2a7841","areaPx":13797}},{"arcs":[[[-260,434,435,436,437,-406,438]],[[439]]],"type":"MultiPolygon","properties":{"id":63,"color":"#2a7841","areaPx":13753}},{"arcs":[[[-128,440,441,442,-178,443,-186,444,-184,445,-142,446,447,448]],[[449]],[[450]],[[451]]],"type":"MultiPolygon","properties":{"id":64,"color":"#9bfeb5","areaPx":13713}},{"arcs":[[-235,452,-320,-364,453]],"type":"Polygon","properties":{"id":65,"color":"#455385","areaPx":13605}},{"arcs":[[-47,-135,454,455,-131,456,-140,-69]],"type":"Polygon","properties":{"id":66,"color":"#e9f607","areaPx":13507}},{"arcs":[[-297,-430,-327,-308,457,-238]],"type":"Polygon","properties":{"id":67,"color":"#800c1c","areaPx":13226}},{"arcs":[[458]],"type":"Polygon","properties":{"id":68,"color":"#800c1c","areaPx":13039}},{"arcs":[[-410,-415,459,460,461,-424]],"type":"Polygon","properties":{"id":69,"color":"#e91c24","areaPx":12804}},{"arcs":[[-122,462,463,464,465,466,467,468,469,470,471,472]],"type":"Polygon","properties":{"id":70,"color":"#455385","areaPx":12755}},{"arcs":[[473]],"type":"Polygon","properties":{"id":71,"color":"#455385","areaPx":11309}},{"arcs":[[-382,474,-416,-413,475,476,-391,477]],"type":"Polygon","properties":{"id":72,"color":"#2a7841","areaPx":10926}},{"arcs":[[[478,479,480,481,482,483,484,485,486,487,488]],[[489,490]],[[491]]],"type":"MultiPolygon","properties":{"id":73,"color":"#455385","areaPx":10515}},{"arcs":[[492,493,-299,-348]],"type":"Polygon","properties":{"id":74,"color":"#2a7841","areaPx":10271}},{"arcs":[[-41,-137,494,-44]],"type":"Polygon","properties":{"id":75,"color":"#8e4039","areaPx":10235}},{"arcs":[[-362,495,496,497,498]],"type":"Polygon","properties":{"id":76,"color":"#455385","areaPx":10098}},{"arcs":[[-83,499,500,501]],"type":"Polygon","properties":{"id":77,"color":"#e9f607","areaPx":9867}},{"arcs":[[-334,-342,502,503,504,-493,-347]],"type":"Polygon","properties":{"id":78,"color":"#d46954","areaPx":9648}},{"arcs":[[505]],"type":"Polygon","properties":{"id":79,"color":"#800c1c","areaPx":9216}},{"arcs":[[-273,506,507,508,509]],"type":"Polygon","properties":{"id":80,"color":"#d46954","areaPx":8857}},{"arcs":[[-27,-199,-282,-287,-293]],"type":"Polygon","properties":{"id":81,"color":"#2a7841","areaPx":8659}},{"arcs":[[[-483,510,-359,-355,511,512]],[[513,514,515]]],"type":"MultiPolygon","properties":{"id":82,"color":"#a77fa5","areaPx":8376}},{"arcs":[[516]],"type":"Polygon","properties":{"id":83,"color":"#800c1c","areaPx":8298}},{"arcs":[[517]],"type":"Polygon","properties":{"id":84,"color":"#8e4039","areaPx":7480}},{"arcs":[[518,519,-89,520,-468,521,522,523,524]],"type":"Polygon","properties":{"id":85,"color":"#e9f607","areaPx":7327}},{"arcs":[[[-300,525,526,527,528,529,530,531],[536],[537],[538]],[[532,533]],[[534]],[[535]]],"type":"MultiPolygon","properties":{"id":86,"color":"#f2b2c6","areaPx":7044}},{"arcs":[[-261,-439,-405,-316,539,-248]],"type":"Polygon","properties":{"id":87,"color":"#e91c24","areaPx":6882}},{"arcs":[[-31,540,-329,-429]],"type":"Polygon","properties":{"id":88,"color":"#a77fa5","areaPx":6658}},{"arcs":[[541],[542]],"type":"Polygon","properties":{"id":89,"color":"#800c1c","areaPx":6625}},{"arcs":[[543,544,545,-526,-494,-505,546]],"type":"Polygon","properties":{"id":90,"color":"#a77fa5","areaPx":6439}},{"arcs":[[[-501,547,548]],[[549]]],"type":"MultiPolygon","properties":{"id":91,"color":"#455385","areaPx":6429}},{"arcs":[[-91,550,551,552,553]],"type":"Polygon","properties":{"id":92,"color":"#9bfeb5","areaPx":6102}},{"arcs":[[-92,-554,554,555,-288,-280]],"type":"Polygon","properties":{"id":93,"color":"#455385","areaPx":6070}},{"arcs":[[556,557,558,559,560,561],[562]],"type":"Polygon","properties":{"id":94,"color":"#e9f607","areaPx":5872}},{"arcs":[[-274,-510,563,564,565,-373]],"type":"Polygon","properties":{"id":95,"color":"#455385","areaPx":5785}},{"arcs":[[[-160,566,567]],[[568]]],"type":"MultiPolygon","properties":{"id":96,"color":"#e9f607","areaPx":5603}},{"arcs":[[-119,569,-310,-326,570,571]],"type":"Polygon","properties":{"id":97,"color":"#d46954","areaPx":5601}},{"arcs":[[[572]],[[573]]],"type":"MultiPolygon","properties":{"id":98,"color":"#800c1c","areaPx":5577}},{"arcs":[[-105,574,-368,575,-366,576]],"type":"Polygon","properties":{"id":99,"color":"#a77fa5","areaPx":5527}},{"arcs":[[-113,-418,577,578,-379,579,-114],[-125]],"type":"Polygon","properties":{"id":100,"color":"#a77fa5","areaPx":5363}},{"arcs":[[-339,580,581,582,583,584,585]],"type":"Polygon","properties":{"id":101,"color":"#455385","areaPx":5280}},{"arcs":[[-374,-566,586,587,-558,588]],"type":"Polygon","properties":{"id":102,"color":"#e91c24","areaPx":5228}},{"arcs":[[-226,589,-396,590,591,-476,-412]],"type":"Polygon","properties":{"id":103,"color":"#e9f607","areaPx":5197}},{"arcs":[[592,593,594,595,596,597,598,599,600,601,602]],"type":"Polygon","properties":{"id":104,"color":"#fec11b","areaPx":5009}},{"arcs":[[-253,603,-255,604]],"type":"Polygon","properties":{"id":105,"color":"#e91c24","areaPx":4967}},{"arcs":[[-341,605,-585,606,607,-503]],"type":"Polygon","properties":{"id":106,"color":"#800c1c","areaPx":4860}},{"arcs":[[608]],"type":"Polygon","properties":{"id":107,"color":"#455385","areaPx":4703}},{"arcs":[[-115,-580,-378,-228]],"type":"Polygon","properties":{"id":108,"color":"#8e4039","areaPx":4690}},{"arcs":[[-489,609,-587,-565,610,-479]],"type":"Polygon","properties":{"id":109,"color":"#a77fa5","areaPx":4649}},{"arcs":[[-375,-589,-557,-562,611]],"type":"Polygon","properties":{"id":110,"color":"#d46954","areaPx":4640}},{"arcs":[[-305,-322,612,-349]],"type":"Polygon","properties":{"id":111,"color":"#6de8f9","areaPx":4297}},{"arcs":[[-324,613,-600,614,615,-466,616,617,618,619]],"type":"Polygon","properties":{"id":112,"color":"#e91c24","areaPx":4271}},{"arcs":[[-166,-174,-246,-421,620]],"type":"Polygon","properties":{"id":113,"color":"#8e4039","areaPx":4089}},{"arcs":[[-110,621,-461,622]],"type":"Polygon","properties":{"id":114,"color":"#455385","areaPx":4014}},{"arcs":[[-361,623,624,-508,625,626,-496],[627]],"type":"Polygon","properties":{"id":115,"color":"#fec11b","areaPx":4009}},{"arcs":[[-234,-350,-613,-321,-453]],"type":"Polygon","properties":{"id":116,"color":"#3f203a","areaPx":3984}},{"arcs":[[-9,628],[629],[630]],"type":"Polygon","properties":{"id":117,"color":"#6de8f9","areaPx":3929}},{"arcs":[[-487,631,632]],"type":"Polygon","properties":{"id":118,"color":"#2a7841","areaPx":3883}},{"arcs":[[-332,-343]],"type":"Polygon","properties":{"id":119,"color":"#d46954","areaPx":3804}},{"arcs":[[633]],"type":"Polygon","properties":{"id":120,"color":"#800c1c","areaPx":3786}},{"arcs":[[634,-36,635]],"type":"Polygon","properties":{"id":121,"color":"#e91c24","areaPx":3708}},{"arcs":[[-290,636,-602,637]],"type":"Polygon","properties":{"id":122,"color":"#2a7841","areaPx":3700}},{"arcs":[[-401,638,639,-544,-547,-504,-608,640]],"type":"Polygon","properties":{"id":123,"color":"#9bfeb5","areaPx":3650}},{"arcs":[[-380,-579,641]],"type":"Polygon","properties":{"id":124,"color":"#455385","areaPx":3643}},{"arcs":[[-392,-477,-592,642,-394,643]],"type":"Polygon","properties":{"id":125,"color":"#800c1c","areaPx":3611}},{"arcs":[[-497,-627,644]],"type":"Polygon","properties":{"id":126,"color":"#e91c24","areaPx":3525}},{"arcs":[[-399,645,646,-528,647,648]],"type":"Polygon","properties":{"id":127,"color":"#e91c24","areaPx":3487}},{"arcs":[[-37,-635,649]],"type":"Polygon","properties":{"id":128,"color":"#a77fa5","areaPx":3397}},{"arcs":[[650]],"type":"Polygon","properties":{"id":129,"color":"#800c1c","areaPx":3319}},{"arcs":[[-30,-330,-541]],"type":"Polygon","properties":{"id":130,"color":"#fec11b","areaPx":3311}},{"arcs":[[-291,-638,-601,-614,-323]],"type":"Polygon","properties":{"id":131,"color":"#e9f607","areaPx":3296}},{"arcs":[[-488,-633,651,-559,-588,-610]],"type":"Polygon","properties":{"id":132,"color":"#8e4039","areaPx":3269}},{"arcs":[[-251,-302,652]],"type":"Polygon","properties":{"id":133,"color":"#fec11b","areaPx":3177}},{"arcs":[[-158,-236,-454,-363,-499,653]],"type":"Polygon","properties":{"id":134,"color":"#fec11b","areaPx":3158}},{"arcs":[[[-1,-12,654,-3,655,656],[659],[660]],[[-4,657,-6,658]]],"type":"MultiPolygon","properties":{"id":135,"color":"#6de8f9","areaPx":3150}},{"arcs":[[-383,-478,-404,661,-582,662]],"type":"Polygon","properties":{"id":136,"color":"#f9f4ce","areaPx":3061}},{"arcs":[[-381,-642,-578,-417,-475]],"type":"Polygon","properties":{"id":137,"color":"#e9f607","areaPx":3054}},{"arcs":[[-225,-434,663,-397,-590]],"type":"Polygon","properties":{"id":138,"color":"#3f203a","areaPx":3000}},{"arcs":[[664]],"type":"Polygon","properties":{"id":139,"color":"#800c1c","areaPx":2970}},{"arcs":[[665]],"type":"Polygon","properties":{"id":140,"color":"#800c1c","areaPx":2915}},{"arcs":[[-289,-556,666,-593,-603,-637]],"type":"Polygon","properties":{"id":141,"color":"#e91c24","areaPx":2894}},{"arcs":[[667]],"type":"Polygon","properties":{"id":142,"color":"#800c1c","areaPx":2838}},{"arcs":[[-400,-649,668,669,-639]],"type":"Polygon","properties":{"id":143,"color":"#8e4039","areaPx":2756}},{"arcs":[[-407,-438,670]],"type":"Polygon","properties":{"id":144,"color":"#e9f607","areaPx":2692}},{"arcs":[[-35,-180,-38,-650,-636]],"type":"Polygon","properties":{"id":145,"color":"#8e4039","areaPx":2675}},{"arcs":[[-111,-623,-460,-414]],"type":"Polygon","properties":{"id":146,"color":"#e9f607","areaPx":2670}},{"arcs":[[-277,-284,671]],"type":"Polygon","properties":{"id":147,"color":"#6de8f9","areaPx":2657}},{"arcs":[[-597,672,673,-615,-599,674]],"type":"Polygon","properties":{"id":148,"color":"#455385","areaPx":2632}},{"arcs":[[-485,675,-515,676]],"type":"Polygon","properties":{"id":149,"color":"#8e4039","areaPx":2632}},{"arcs":[[-239,-458,-307]],"type":"Polygon","properties":{"id":150,"color":"#2a7841","areaPx":2525}},{"arcs":[[-123,-473,677]],"type":"Polygon","properties":{"id":151,"color":"#d46954","areaPx":2523}},{"arcs":[[[-398,-664,-433,678,-646],[680,681],[682]],[[-432,679]]],"type":"MultiPolygon","properties":{"id":152,"color":"#6de8f9","areaPx":2511}},{"arcs":[[683]],"type":"Polygon","properties":{"id":153,"color":"#e82976","areaPx":2343}},{"arcs":[[-553,684,685,-594,-667,-555]],"type":"Polygon","properties":{"id":154,"color":"#e9f607","areaPx":2273}},{"arcs":[[-403,686,-583,-662]],"type":"Polygon","properties":{"id":155,"color":"#8e4039","areaPx":2272}},{"arcs":[[687]],"type":"Polygon","properties":{"id":156,"color":"#d46954","areaPx":2259}},{"arcs":[[-524,688,-595,-686,689]],"type":"Polygon","properties":{"id":157,"color":"#2a7841","areaPx":2252}},{"arcs":[[-120,-572,690,691]],"type":"Polygon","properties":{"id":158,"color":"#2a7841","areaPx":2234}},{"arcs":[[-325,-620,692,-691,-571]],"type":"Polygon","properties":{"id":159,"color":"#455385","areaPx":2158}},{"arcs":[[-86,-124,-678,-472,693,694]],"type":"Polygon","properties":{"id":160,"color":"#2a7841","areaPx":2156}},{"arcs":[[-257,695]],"type":"Polygon","properties":{"id":161,"color":"#e91c24","areaPx":2109}},{"arcs":[[-402,-641,-607,-584,-687]],"type":"Polygon","properties":{"id":162,"color":"#a77fa5","areaPx":1990}},{"arcs":[[-121,-692,-693,-619,696,-463]],"type":"Polygon","properties":{"id":163,"color":"#9bfeb5","areaPx":1967}},{"arcs":[[-216,-390]],"type":"Polygon","properties":{"id":164,"color":"#800c1c","areaPx":1939}},{"arcs":[[-393,-644]],"type":"Polygon","properties":{"id":165,"color":"#2a7841","areaPx":1937}},{"arcs":[[697]],"type":"Polygon","properties":{"id":166,"color":"#8e4039","areaPx":1877}},{"arcs":[[-467,-616,-674,698,-522]],"type":"Polygon","properties":{"id":167,"color":"#d46954","areaPx":1867}},{"arcs":[[-163,699]],"type":"Polygon","properties":{"id":168,"color":"#8e4039","areaPx":1858}},{"arcs":[[-465,700,-617]],"type":"Polygon","properties":{"id":169,"color":"#fec11b","areaPx":1835}},{"arcs":[[701]],"type":"Polygon","properties":{"id":170,"color":"#e82976","areaPx":1832}},{"arcs":[[-360,-511,-482,702,-624]],"type":"Polygon","properties":{"id":171,"color":"#3f203a","areaPx":1812}},{"arcs":[[703]],"type":"Polygon","properties":{"id":172,"color":"#455385","areaPx":1741}},{"arcs":[[-90,-520,704,-551]],"type":"Polygon","properties":{"id":173,"color":"#d46954","areaPx":1723}},{"arcs":[[-118,705,-311,-570]],"type":"Polygon","properties":{"id":174,"color":"#8e4039","areaPx":1602}},{"arcs":[[-395,-643,-591]],"type":"Polygon","properties":{"id":175,"color":"#2a7841","areaPx":1573}},{"arcs":[[-88,706,-469,-521]],"type":"Polygon","properties":{"id":176,"color":"#f2b2c6","areaPx":1559}},{"arcs":[[-249,-540,-315,-303]],"type":"Polygon","properties":{"id":177,"color":"#e9f607","areaPx":1492}},{"arcs":[[-545,-640,-670,707]],"type":"Polygon","properties":{"id":178,"color":"#fec11b","areaPx":1445}},{"arcs":[[-117,-241,-312,-706]],"type":"Polygon","properties":{"id":179,"color":"#2a7841","areaPx":1340}},{"arcs":[[-464,-697,-618,-701]],"type":"Polygon","properties":{"id":180,"color":"#f2b2c6","areaPx":1310}},{"arcs":[[-519,-525,-690,-685,-552,-705]],"type":"Polygon","properties":{"id":181,"color":"#8e4039","areaPx":1308}},{"arcs":[[[-87,-695,-470,-707]],[[-471,-694]]],"type":"MultiPolygon","properties":{"id":182,"color":"#3f203a","areaPx":1253}},{"arcs":[[-527,-546,-708,-669,-648]],"type":"Polygon","properties":{"id":183,"color":"#3f203a","areaPx":1253}},{"arcs":[[-338,-384,-663,-581]],"type":"Polygon","properties":{"id":184,"color":"#a77fa5","areaPx":1252}},{"arcs":[[-259,708,-435]],"type":"Polygon","properties":{"id":185,"color":"#3f203a","areaPx":1243}},{"arcs":[[-340,-586,-606]],"type":"Polygon","properties":{"id":186,"color":"#3f203a","areaPx":1172}},{"arcs":[[-596,-689,-523,-699,-673]],"type":"Polygon","properties":{"id":187,"color":"#8e4039","areaPx":1145}}]},"macroTerritories":{"type":"GeometryCollection","geometries":[{"type":"MultiPolygon","arcs":[[[276,277,278,81,82,83,84,85,86,87,88,89,90,91,279,280,281,-198,282,283],[93]],[[284]],[[285]]],"properties":{"id":"ncr","memberIds":[6,29],"polygonCount":3,"ringCounts":[2,1,1]}},{"type":"MultiPolygon","arcs":[[[-85,108,109,110,111,112,113,114,115,116,117,118,119,120,121,122,123]],[[124]]],"properties":{"id":"legion","memberIds":[10],"polygonCount":2,"ringCounts":[1,1]}},{"type":"MultiPolygon","arcs":[[[232,233,452,-320,-364,453,235,-157,236,237,238,239,240,-116,227,228,229,230,330,331,332,333,334]],[[-362,495,496,497,498]]],"properties":{"id":"brotherhood","memberIds":[23,39,65,76],"polygonCount":2,"ringCounts":[1,1]}},{"type":"MultiPolygon","arcs":[[[-231,335,336,-384,-383,-382,-381,-380,-379,579,-114,-113,-418,-417,-416,-413,-412,-226,589,396,397,645,646,-528,-527,-526,-494,-493,-347,-334,-333,342,-331],[-125],[394,590,642]]],"properties":{"id":"texas","memberIds":[106,53,40,72,78,90,100,101,103,123,124,125,127,136,137,143,155,162,165,178,183,184,186],"polygonCount":1,"ringCounts":[3]}}]}}}