{"type":"FeatureCollection","_doc":"DERIVED. Contours for the 'us' scope, built by tools/build-contours.py from USGS 3DEP elevation (rasterFunction None, public domain). Interval 1000m minor / 2000m major, sampled on a 1400x616 grid, simplified at 0.0008 deg. Elevation range -483-8849m over 94.5% of the box. Regenerate rather than hand-edit.","features":[{"type":"Feature","geometry":{"type":"LineString","coordinates":[[-124.08683,50.0],[-124.10247,49.95772],[-124.11437,49.94584],[-124.15654,49.94139],[-124.16452,49.95772],[-124.15666,50.0]]},"properties":{"elev":1000,"major":false}},{"type":"Feature","geometry":{"type":"LineString","coordinates":[[-123.32937,50.0],[-123.35525,49.96584],[-123.38352,49.95772],[-123.35525,49.94748],[-123.3272,49.91545],[-123.31308,49.90389],[-123.26896,49.87317],[-123.22873,49.81836],[-123.20408,49.78862],[-123.20937,49.74634],[-123.22873,49.73517],[-123.27091,49.72825],[-123.30634,49.70407],[-123.31308,49.66215],[-123.35525,49.67931],[-123.39681,49.70407],[-123.38121,49.74634],[-123.35525,49.76732],[-123.34295,49.78862],[-123.35525,49.82354],[-123.38264,49.87317],[-123.39743,49.88262],[-123.42775,49.87317],[-123.41421,49.83089],[-123.4396,49.81346],[-123.48177,49.8077],[-123.52395,49.81064],[-123.5518,49.78862],[-123.56612,49.76525],[-123.60829,49.75248],[-123.61934,49.74634],[-123.64759,49.70407],[-123.65046,49.70259],[-123.69264,49.69925],[-123.70481,49.70407],[-123.69264,49.71383],[-123.66596,49.74634],[-123.66143,49.78862],[-123.65046,49.82797],[-123.62344,49.87317],[-123.65046,49.89504],[-123.69264,49.89043],[-123.71104,49.87317],[-123.7535,49.78862],[-123.77698,49.75894],[-123.81916,49.78779],[-123.81916,49.79467],[-123.80315,49.87317],[-123.79178,49.91545],[-123.77698,49.92325],[-123.73481,49.94998],[-123.69264,49.94901],[-123.66235,49.95772],[-123.69264,49.9707],[-123.73481,49.9679],[-123.77698,49.98399],[-123.81916,49.99243],[-123.8459,50.0]]},"properties":{"elev":1000,"major":false}},{"type":"Feature","geometry":{"type":"LineString","coordinates":[[-122.51129,50.0],[-122.46962,49.96766],[-122.45431,49.95772],[-122.44526,49.91545],[-122.46962,49.88279],[-122.48272,49.87317],[-122.46962,49.83624],[-122.42745,49.85946],[-122.41062,49.87317],[-122.38528,49.90797],[-122.36696,49.91545],[-122.3431,49.92132],[-122.33728,49.91545],[-122.30816,49.87317],[-122.34005,49.83089],[-122.30093,49.79537],[-122.29512,49.78862],[-122.30093,49.78542],[-122.3431,49.75404],[-122.3747,49.70407],[-122.3431,49.69696],[-122.33557,49.70407],[-122.30093,49.72074],[-122.25876,49.73528],[-122.21658,49.73977],[-122.17441,49.72802],[-122.12441,49.70407],[-122.09006,49.68263],[-122.04789,49.6631],[-122.00572,49.64567],[-121.96355,49.5966],[-121.95166,49.57724],[-121.96355,49.55834],[-122.00572,49.55595],[-122.03316,49.53496],[-122.04789,49.50714],[-122.05957,49.49268],[-122.09006,49.46383],[-122.13224,49.46809],[-122.13645,49.49268],[-122.1338,49.53496],[-122.10726,49.57724],[-122.13224,49.60242],[-122.17441,49.60463],[-122.19385,49.57724],[-122.21658,49.5506],[-122.25876,49.57548],[-122.30093,49.60598],[-122.3431,49.60783],[-122.35583,49.61951],[-122.37446,49.66179],[-122.38528,49.69714],[-122.40909,49.66179],[-122.41743,49.61951],[-122.40612,49.57724],[-122.40245,49.53496],[-122.42745,49.49996],[-122.45214,49.53496],[-122.46962,49.55455],[-122.51179,49.57225],[-122.55397,49.60892],[-122.56136,49.61951],[-122.57285,49.66179],[-122.59614,49.69592],[-122.60708,49.70407],[-122.63831,49.71792],[-122.66675,49.74634],[-122.68049,49.77495],[-122.69394,49.78862],[-122.70894,49.83089],[-122.72266,49.8427],[-122.76205,49.83089],[-122.74134,49.78862],[-122.74978,49.74634],[-122.73551,49.70407],[-122.72792,49.66179],[-122.72266,49.64175],[-122.71424,49.61951],[-122.67041,49.57724],[-122.63831,49.53833],[-122.63682,49.53496],[-122.62915,49.49268],[-122.63831,49.47928],[-122.68049,49.46076],[-122.72266,49.51972],[-122.7436,49.53496],[-122.76483,49.54473],[-122.80701,49.54929],[-122.83851,49.57724],[-122.86419,49.61951],[-122.89135,49.65725],[-122.93352,49.65503],[-122.9757,49.63624],[-122.98571,49.61951],[-123.01787,49.59538],[-123.05081,49.57724],[-123.05761,49.53496],[-123.06004,49.53401],[-123.13239,49.57724],[-123.10897,49.61951],[-123.11403,49.66179],[-123.10222,49.67076],[-123.06004,49.68517],[-123.01787,49.68691],[-122.99713,49.70407],[-122.93352,49.7255],[-122.92207,49.74634],[-122.93352,49.77205],[-122.9757,49.77318],[-123.01787,49.78308],[-123.02407,49.78862],[-123.04533,49.83089],[-123.06004,49.84568],[-123.08399,49.87317],[-123.09319,49.91545],[-123.09542,49.95772],[-123.08259,50.0]]},"properties":{"elev":1000,"major":false}},{"type":"Feature","geometry":{"type":"LineString","coordinates":[[-121.81286,50.0],[-121.79485,49.97532],[-121.75268,49.9843],[-121.72343,50.0]]},"properties":{"elev":1000,"major":false}},{"type":"Feature","geometry":{"type":"LineString","coordinates":[[-121.57218,50.0],[-121.54182,49.98837],[-121.49964,49.96329],[-121.49273,49.95772],[-121.4719,49.91545],[-121.49628,49.87317],[-121.47733,49.83089],[-121.46238,49.78862],[-121.44376,49.74634],[-121.45747,49.70983],[-121.47705,49.70407],[-121.45747,49.69853],[-121.44369,49.66179],[-121.44369,49.61951],[-121.45747,49.59974],[-121.47666,49.57724],[-121.48943,49.53496],[-121.48914,49.49268],[-121.49964,49.46983],[-121.54182,49.46284],[-121.58399,49.46563],[-121.60849,49.45041],[-121.62616,49.44249],[-121.66833,49.4325],[-121.69149,49.45041],[-121.68661,49.49268],[-121.66864,49.53496],[-121.62616,49.56943],[-121.60508,49.57724],[-121.62616,49.5889],[-121.66833,49.5987],[-121.71051,49.61161],[-121.74331,49.61951],[-121.71372,49.66179],[-121.75726,49.70407],[-121.79426,49.74634],[-121.80258,49.78862],[-121.83703,49.80737],[-121.86422,49.78862],[-121.85673,49.74634],[-121.87589,49.70407],[-121.8792,49.7012],[-121.92137,49.69597],[-121.93444,49.70407],[-121.96355,49.72965],[-121.98744,49.74634],[-122.00572,49.76333],[-122.04789,49.77144],[-122.07337,49.78862],[-122.09006,49.81426],[-122.17441,49.83678],[-122.21658,49.87463],[-122.2497,49.91545],[-122.30093,49.97013],[-122.3431,49.99588],[-122.37969,50.0]]},"properties":{"elev":1000,"major":false}},{"type":"Feature","geometry":{"type":"LineString","coordinates":[[-120.96682,50.0],[-120.95139,49.98892],[-120.90922,49.97097],[-120.89231,50.0]]},"properties":{"elev":1000,"major":false}},{"type":"Feature","geometry":{"type":"LineString","coordinates":[[-119.56613,50.0],[-119.55969,49.98157],[-119.55443,49.95772],[-119.59413,49.91545],[-119.60186,49.91074],[-119.64403,49.89654],[-119.6862,49.88634],[-119.72838,49.86889],[-119.77055,49.8572],[-119.80295,49.83089],[-119.81272,49.81505],[-119.82507,49.78862],[-119.82678,49.74634],[-119.81272,49.72316],[-119.80332,49.70407],[-119.79515,49.66179],[-119.79714,49.61951],[-119.7772,49.57724],[-119.77661,49.53496],[-119.74429,49.49268],[-119.74225,49.45041],[-119.70206,49.40813],[-119.68636,49.36585],[-119.68592,49.32358],[-119.64403,49.29751],[-119.63043,49.2813],[-119.62426,49.23902],[-119.60551,49.15447],[-119.60695,49.1122],[-119.64403,49.08699],[-119.66984,49.1122],[-119.6862,49.13195],[-119.69816,49.15447],[-119.68985,49.19675],[-119.72058,49.23902],[-119.77055,49.25823],[-119.80228,49.2813],[-119.80187,49.32358],[-119.81272,49.32588],[-119.81907,49.2813],[-119.84716,49.23902],[-119.81272,49.21382],[-119.79181,49.19675],[-119.77055,49.17172],[-119.75941,49.15447],[-119.75204,49.1122],[-119.73509,49.06992],[-119.73372,49.02764],[-119.68919,48.94309],[-119.6862,48.9315],[-119.67125,48.90081],[-119.68954,48.85854],[-119.67411,48.81626],[-119.66783,48.77398],[-119.6916,48.73171],[-119.69348,48.68943],[-119.70154,48.64715],[-119.70663,48.60488],[-119.72838,48.59002],[-119.79555,48.5626],[-119.75011,48.52033],[-119.72838,48.50877],[-119.6862,48.45628],[-119.67319,48.43577],[-119.6862,48.41795],[-119.72838,48.42319],[-119.77055,48.40483],[-119.78794,48.3935],[-119.81272,48.37224],[-119.84094,48.35122],[-119.8549,48.28807],[-119.86928,48.26667],[-119.89707,48.23751],[-119.93924,48.2396],[-119.96484,48.22439],[-119.98142,48.21907],[-119.9926,48.22439],[-120.00355,48.26667],[-119.98142,48.28581],[-119.93924,48.30133],[-119.93237,48.30894],[-119.93924,48.31533],[-119.95843,48.35122],[-119.95666,48.3935],[-119.98142,48.41138],[-120.0076,48.43577],[-120.02359,48.44625],[-120.06576,48.46272],[-120.09605,48.52033],[-120.12694,48.5626],[-120.1264,48.60488],[-120.13967,48.64715],[-120.15011,48.65623],[-120.17012,48.64715],[-120.19228,48.61858],[-120.20135,48.60488],[-120.23445,48.5628],[-120.27663,48.56976],[-120.3188,48.58813],[-120.34141,48.60488],[-120.36097,48.61327],[-120.40142,48.60488],[-120.36097,48.5852],[-120.34432,48.5626],[-120.3188,48.53805],[-120.29765,48.52033],[-120.25643,48.47805],[-120.25166,48.43577],[-120.27663,48.42256],[-120.3188,48.40949],[-120.33506,48.3935],[-120.3188,48.38388],[-120.27663,48.36762],[-120.23445,48.36557],[-120.19228,48.35608],[-120.15011,48.35405],[-120.1429,48.35122],[-120.12303,48.30894],[-120.15011,48.29753],[-120.19228,48.26765],[-120.18863,48.22439],[-120.15547,48.18211],[-120.15011,48.1691],[-120.12767,48.13984],[-120.10793,48.12764],[-120.08628,48.09756],[-120.06576,48.07928],[-120.02359,48.05426],[-119.98142,48.05932],[-119.97553,48.05528],[-119.96007,48.01301],[-119.98142,47.98464],[-120.00276,47.97073],[-120.02359,47.95494],[-120.06576,47.96466],[-120.10793,47.98735],[-120.1427,48.01301],[-120.19228,48.03811],[-120.23981,48.05528],[-120.3188,48.07782],[-120.36097,48.07289],[-120.40315,48.0749],[-120.42311,48.09756],[-120.44532,48.12872],[-120.45549,48.13984],[-120.46851,48.18211],[-120.48749,48.19698],[-120.52966,48.23871],[-120.57184,48.27399],[-120.61401,48.32597],[-120.64402,48.35122],[-120.65618,48.35932],[-120.69836,48.36206],[-120.70757,48.35122],[-120.69836,48.34631],[-120.65618,48.30733],[-120.6216,48.26667],[-120.62,48.22439],[-120.61401,48.21816],[-120.57184,48.18902],[-120.52966,48.1659],[-120.50682,48.13984],[-120.48749,48.10644],[-120.42734,48.05528],[-120.40315,48.04442],[-120.36097,48.04084],[-120.3188,48.02647],[-120.30301,48.01301],[-120.27663,47.96998],[-120.23445,47.97406],[-120.23058,47.97073],[-120.22055,47.92846],[-120.23445,47.88635],[-120.25334,47.8439],[-120.27663,47.83664],[-120.3188,47.84277],[-120.36097,47.86177],[-120.40315,47.89832],[-120.41312,47.88618],[-120.42923,47.8439],[-120.43805,47.80163],[-120.42665,47.75935],[-120.40315,47.72901],[-120.38499,47.71707],[-120.34243,47.6748],[-120.3188,47.65742],[-120.29705,47.63252],[-120.3188,47.61147],[-120.36097,47.58552],[-120.36615,47.59024],[-120.40315,47.60699],[-120.44532,47.61566],[-120.48749,47.63064],[-120.48962,47.63252],[-120.48264,47.6748],[-120.48749,47.68313],[-120.52966,47.73143],[-120.54941,47.75935],[-120.57184,47.80706],[-120.59184,47.8439],[-120.63942,47.88618],[-120.69836,47.94336],[-120.74018,47.92846],[-120.73689,47.88618],[-120.7827,47.87205],[-120.81429,47.88618],[-120.82487,47.89551],[-120.85254,47.92846],[-120.86705,47.9382],[-120.88424,47.92846],[-120.8903,47.88618],[-120.86997,47.8439],[-120.86705,47.84098],[-120.82487,47.82335],[-120.78529,47.80163],[-120.76746,47.75935],[-120.74535,47.71707],[-120.74053,47.71249],[-120.71329,47.6748],[-120.7015,47.63252],[-120.6864,47.59024],[-120.69151,47.54797],[-120.65378,47.50569],[-120.65618,47.46244],[-120.61401,47.42838],[-120.57184,47.45755],[-120.54944,47.42114],[-120.52966,47.4097],[-120.49413,47.37886],[-120.48749,47.37643],[-120.44532,47.36887],[-120.40315,47.3753],[-120.36097,47.36042],[-120.33518,47.33659],[-120.3188,47.3278],[-120.27663,47.31908],[-120.23445,47.31425],[-120.21237,47.29431],[-120.19228,47.26165],[-120.18465,47.25203],[-120.16646,47.20976],[-120.16183,47.16748],[-120.17459,47.1252],[-120.18931,47.08293],[-120.19228,47.05353],[-120.23445,47.07758],[-120.23872,47.08293],[-120.27663,47.10265],[-120.3188,47.12667],[-120.36097,47.13738],[-120.40315,47.1426],[-120.44532,47.15481],[-120.48749,47.15884],[-120.52966,47.16759],[-120.57184,47.17773],[-120.61401,47.1917],[-120.64312,47.20976],[-120.64766,47.25203],[-120.65618,47.28699],[-120.69836,47.26577],[-120.74053,47.26283],[-120.7827,47.28228],[-120.79756,47.29431],[-120.8027,47.33659],[-120.82487,47.35813],[-120.86705,47.34836],[-120.89452,47.33659],[-120.95139,47.31496],[-120.99357,47.3065],[-121.03574,47.31486],[-121.07146,47.33659],[-121.07791,47.34828],[-121.08869,47.33659],[-121.11723,47.29431],[-121.12009,47.292],[-121.16226,47.29939],[-121.21497,47.33659],[-121.2466,47.38279],[-121.2491,47.37886],[-121.28878,47.34581],[-121.33095,47.3509],[-121.35345,47.33659],[-121.32096,47.29431],[-121.2466,47.24955],[-121.16226,47.21624],[-121.15265,47.20976],[-121.12009,47.19568],[-121.07791,47.18294],[-120.99357,47.15202],[-120.95139,47.14613],[-120.90922,47.14393],[-120.86705,47.13227],[-120.82487,47.1111],[-120.78309,47.08293],[-120.74255,47.04065],[-120.75963,46.99837],[-120.74053,46.96789],[-120.72607,46.9561],[-120.74053,46.95016],[-120.7827,46.94483],[-120.82487,46.92173],[-120.83203,46.91382],[-120.81682,46.87154],[-120.7827,46.85483],[-120.74053,46.83794],[-120.72858,46.82927],[-120.7069,46.78699],[-120.74053,46.77851],[-120.77472,46.78699],[-120.82487,46.80937],[-120.86223,46.82927],[-120.90874,46.87154],[-120.95139,46.91276],[-120.99357,46.92104],[-121.01134,46.91382],[-121.01843,46.87154],[-121.022,46.82927],[-120.99357,46.81979],[-120.95139,46.80935],[-120.90922,46.80531],[-120.87892,46.78699],[-120.89371,46.74472],[-120.90922,46.72401],[-120.92885,46.70244],[-120.90922,46.69033],[-120.86803,46.66016],[-120.86456,46.61789],[-120.90922,46.58302],[-120.91444,46.57561],[-120.9268,46.53333],[-120.93137,46.49106],[-120.95139,46.46343],[-120.95932,46.44878],[-120.95914,46.4065],[-120.94413,46.36423],[-120.94224,46.32195],[-120.95139,46.30983],[-120.992,46.27967],[-120.98318,46.2374],[-121.03574,46.21157],[-121.09241,46.19512],[-121.12009,46.18891],[-121.16226,46.18387],[-121.20443,46.1832],[-121.22641,46.19512],[-121.23782,46.2374],[-121.24341,46.27967],[-121.2466,46.28191],[-121.24989,46.27967],[-121.24947,46.2374],[-121.27804,46.19512],[-121.28878,46.18628],[-121.29729,46.15285],[-121.32623,46.11057],[-121.36082,46.06829],[-121.37312,46.0561],[-121.4153,46.04371],[-121.45747,46.07121],[-121.49964,46.08956],[-121.54182,46.09943],[-121.58399,46.10317],[-121.62616,46.0807],[-121.64486,46.06829],[-121.62616,46.05441],[-121.60336,46.02602],[-121.62616,45.99963],[-121.65461,45.98374],[-121.66833,45.96486],[-121.71051,45.94434],[-121.75268,45.90416],[-121.79485,45.91983],[-121.81995,45.94146],[-121.84838,45.98374],[-121.85823,46.02602],[-121.84773,46.06829],[-121.84075,46.11057],[-121.83703,46.11871],[-121.80931,46.15285],[-121.79485,46.15963],[-121.75268,46.17385],[-121.71051,46.17905],[-121.66833,46.18867],[-121.66273,46.19512],[-121.66833,46.20567],[-121.71051,46.21827],[-121.75268,46.22112],[-121.79485,46.23002],[-121.83703,46.22379],[-121.8792,46.21219],[-121.90272,46.2374],[-121.92137,46.2603],[-121.96355,46.26222],[-121.98416,46.27967],[-122.00572,46.29542],[-122.04789,46.26584],[-122.09006,46.25005],[-122.0943,46.2374],[-122.08874,46.19512],[-122.09006,46.19167],[-122.13224,46.15489],[-122.17441,46.15453],[-122.21658,46.16049],[-122.25876,46.18621],[-122.30093,46.19242],[-122.3431,46.19047],[-122.36584,46.19512],[-122.3431,46.20328],[-122.30093,46.20221],[-122.26298,46.2374],[-122.20572,46.27967],[-122.21658,46.31616],[-122.22005,46.32195],[-122.22859,46.36423],[-122.21658,46.37443],[-122.17441,46.38919],[-122.13224,46.4271],[-122.09006,46.44137],[-122.05717,46.4065],[-122.04789,46.3932],[-122.04009,46.4065],[-122.00572,46.42393],[-121.98174,46.4065],[-121.96355,46.35854],[-121.9602,46.36423],[-121.92347,46.4065],[-121.8792,46.41819],[-121.83703,46.4132],[-121.82483,46.4065],[-121.79485,46.38505],[-121.75345,46.4065],[-121.75046,46.4065],[-121.71696,46.36423],[-121.71051,46.35022],[-121.69278,46.36423],[-121.70566,46.4065],[-121.70263,46.44878],[-121.75268,46.48989],[-121.76124,46.49106],[-121.75268,46.49251],[-121.72249,46.53333],[-121.71051,46.54059],[-121.66833,46.54475],[-121.62616,46.55644],[-121.60332,46.57561],[-121.58399,46.60104],[-121.56744,46.61789],[-121.53865,46.66016],[-121.49457,46.70244],[-121.49964,46.71448],[-121.51861,46.74472],[-121.54182,46.77037],[-121.5933,46.74472],[-121.62322,46.70244],[-121.62616,46.70033],[-121.66833,46.68546],[-121.71051,46.68478],[-121.73295,46.66016],[-121.75268,46.6164],[-121.79485,46.59037],[-121.83703,46.58322],[-121.85577,46.61789],[-121.8792,46.63578],[-121.92137,46.65267],[-121.96355,46.61696],[-122.00572,46.61118],[-122.04789,46.61338],[-122.06976,46.61789],[-122.04789,46.63505],[-122.00572,46.64798],[-122.00097,46.66016],[-122.00572,46.66563],[-122.02367,46.70244],[-122.00572,46.71135],[-121.96355,46.70359],[-121.92137,46.72068],[-121.8792,46.72702],[-121.83703,46.71892],[-121.79775,46.74472],[-121.83703,46.76043],[-121.92137,46.7662],[-121.96492,46.78699],[-122.00572,46.8138],[-122.01895,46.82927],[-122.00572,46.8558],[-121.94324,46.87154],[-121.93042,46.91382],[-121.93597,46.9561],[-121.89478,46.99837],[-121.91969,47.04065],[-121.8792,47.06449],[-121.86692,47.08293],[-121.83703,47.12033],[-121.79485,47.11107],[-121.75268,47.08998],[-121.72647,47.1252],[-121.71051,47.13666],[-121.66833,47.12832],[-121.62616,47.09507],[-121.58399,47.07119],[-121.5639,47.08293],[-121.54182,47.10699],[-121.51162,47.1252],[-121.54182,47.15221],[-121.55154,47.16748],[-121.54182,47.17474],[-121.4153,47.19462],[-121.37312,47.1975],[-121.35401,47.20976],[-121.35996,47.25203],[-121.37312,47.28831],[-121.4153,47.28518],[-121.45747,47.27015],[-121.52342,47.29431],[-121.49964,47.31504],[-121.49549,47.33659],[-121.52829,47.37886],[-121.49964,47.40908],[-121.46986,47.42114],[-121.49964,47.43605],[-121.54182,47.4487],[-121.58399,47.45619],[-121.58786,47.46341],[-121.58399,47.469],[-121.54182,47.47555],[-121.52247,47.50569],[-121.49964,47.52021],[-121.45747,47.52784],[-121.43325,47.54797],[-121.45131,47.59024],[-121.45747,47.59479],[-121.49964,47.61824],[-121.54182,47.60929],[-121.56377,47.59024],[-121.58399,47.58253],[-121.62616,47.58811],[-121.62726,47.59024],[-121.62616,47.59781],[-121.60471,47.63252],[-121.58399,47.63678],[-121.54182,47.6492],[-121.51459,47.6748],[-121.54182,47.713],[-121.5468,47.71707],[-121.54182,47.74921],[-121.49964,47.74395],[-121.45747,47.72499],[-121.44524,47.71707],[-121.39477,47.6748],[-121.37312,47.65104],[-121.3428,47.6748],[-121.33095,47.67886],[-121.31931,47.6748],[-121.28878,47.66037],[-121.2466,47.66861],[-121.24209,47.6748],[-121.20443,47.70757],[-121.17178,47.71707],[-121.2466,47.7468],[-121.26115,47.75935],[-121.23566,47.80163],[-121.21604,47.8439],[-121.2466,47.85335],[-121.28276,47.88618],[-121.27791,47.92846],[-121.28878,47.93212],[-121.33095,47.93014],[-121.37312,47.94175],[-121.4153,47.94855],[-121.45747,47.94484],[-121.49964,47.91928],[-121.53374,47.88618],[-121.54182,47.88375],[-121.5473,47.88618],[-121.58399,47.92443],[-121.59588,47.92846],[-121.58399,47.93323],[-121.5118,47.97073],[-121.5121,48.01301],[-121.52856,48.05528],[-121.49964,48.06771],[-121.48023,48.09756],[-121.49964,48.11804],[-121.54182,48.12614],[-121.58007,48.13984],[-121.54182,48.15882],[-121.49964,48.15646],[-121.45993,48.13984],[-121.4153,48.10511],[-121.40158,48.09756],[-121.37312,48.07535],[-121.33095,48.09316],[-121.29667,48.09756],[-121.33095,48.10622],[-121.35266,48.13984],[-121.33095,48.17513],[-121.31997,48.18211],[-121.33095,48.18765],[-121.37312,48.20466],[-121.4153,48.2161],[-121.4277,48.22439],[-121.45873,48.26667],[-121.45747,48.2686],[-121.4153,48.26717],[-121.37312,48.24236],[-121.33095,48.24375],[-121.28878,48.24903],[-121.1731,48.26667],[-121.20443,48.27376],[-121.2466,48.27859],[-121.28878,48.29783],[-121.33095,48.30672],[-121.35877,48.35122],[-121.37312,48.36569],[-121.41577,48.3935],[-121.45747,48.42502],[-121.46892,48.43577],[-121.4153,48.46738],[-121.4128,48.47805],[-121.37312,48.49534],[-121.33095,48.5095],[-121.29142,48.52033],[-121.28878,48.54036],[-121.28611,48.52033],[-121.2466,48.50118],[-121.22767,48.47805],[-121.20443,48.45892],[-121.16226,48.4576],[-121.13285,48.47805],[-121.16226,48.49395],[-121.20443,48.5085],[-121.21984,48.52033],[-121.23115,48.5626],[-121.2466,48.56562],[-121.28878,48.56409],[-121.3124,48.60488],[-121.28878,48.63025],[-121.2466,48.65571],[-121.20443,48.66195],[-121.18559,48.68943],[-121.20443,48.70999],[-121.2466,48.72564],[-121.28878,48.73706],[-121.29498,48.73171],[-121.30942,48.68943],[-121.33095,48.67419],[-121.37312,48.67981],[-121.4153,48.70397],[-121.42799,48.68943],[-121.44272,48.64715],[-121.45747,48.61314],[-121.46788,48.60488],[-121.49902,48.5626],[-121.54182,48.55442],[-121.58399,48.56221],[-121.61083,48.60488],[-121.60212,48.64715],[-121.60226,48.68943],[-121.54303,48.73171],[-121.50652,48.77398],[-121.49964,48.81543],[-121.45747,48.80777],[-121.43473,48.81626],[-121.45747,48.82641],[-121.49964,48.81639],[-121.54182,48.80191],[-121.58399,48.79324],[-121.62616,48.80517],[-121.66833,48.807],[-121.70993,48.77398],[-121.74795,48.73171],[-121.75268,48.72426],[-121.7885,48.68943],[-121.78797,48.64715],[-121.79485,48.63745],[-121.82628,48.64715],[-121.83703,48.66438],[-121.84992,48.68943],[-121.8792,48.71434],[-121.89222,48.68943],[-121.92137,48.65249],[-121.96355,48.66575],[-122.00554,48.68943],[-122.01893,48.73171],[-122.00572,48.74245],[-121.96355,48.76258],[-121.92137,48.76306],[-121.91707,48.77398],[-121.92137,48.78048],[-121.96242,48.81626],[-121.96355,48.81902],[-122.00572,48.83394],[-122.03715,48.85854],[-122.00572,48.89294],[-121.96355,48.86742],[-121.92137,48.86727],[-121.8792,48.85996],[-121.83673,48.90081],[-121.8792,48.94292],[-121.92137,48.96949],[-121.96355,48.97771],[-121.99031,48.98537],[-121.96355,49.00451],[-121.94121,49.02764],[-121.92137,49.03411],[-121.8792,49.03975],[-121.83703,49.05237],[-121.79485,49.03807],[-121.75268,49.05202],[-121.71051,49.05968],[-121.66833,49.05239],[-121.6419,49.06992],[-121.62616,49.08409],[-121.58399,49.09252],[-121.50019,49.1122],[-121.54182,49.1323],[-121.58399,49.1357],[-121.62616,49.13651],[-121.66833,49.14077],[-121.71051,49.1362],[-121.74094,49.15447],[-121.71051,49.17182],[-121.68929,49.19675],[-121.66833,49.21063],[-121.62616,49.23017],[-121.58399,49.23638],[-121.57908,49.23902],[-121.5743,49.2813],[-121.53733,49.32358],[-121.49964,49.34504],[-121.45747,49.33924],[-121.42752,49.32358],[-121.4153,49.30737],[-121.37751,49.32358],[-121.37312,49.32763],[-121.33095,49.35024],[-121.28878,49.34473],[-121.2545,49.36585],[-121.26048,49.40813],[-121.2466,49.42344],[-121.16226,49.47933],[-121.1459,49.49268],[-121.16226,49.51744],[-121.18985,49.53496],[-121.20443,49.54046],[-121.23444,49.53496],[-121.2466,49.53162],[-121.27439,49.49268],[-121.28878,49.46952],[-121.33095,49.45457],[-121.33996,49.49268],[-121.33705,49.53496],[-121.33095,49.55264],[-121.31749,49.57724],[-121.31056,49.61951],[-121.30003,49.70407],[-121.28878,49.74052],[-121.28515,49.74634],[-121.28878,49.75111],[-121.29855,49.78862],[-121.27969,49.83089],[-121.28878,49.84108],[-121.33095,49.86624],[-121.33774,49.87317],[-121.36251,49.91545],[-121.37857,49.95772],[-121.39262,50.0]]},"properties":{"elev":1000,"major":false}},{"type":"Feature","geometry":{"type":"LineString","coordinates":[[-118.10227,50.0],[-118.1258,49.98268],[-118.16798,49.9947],[-118.21015,49.97445],[-118.21888,49.95772],[-118.21015,49.91542],[-118.18413,49.87317],[-118.17332,49.83089],[-118.17499,49.78862],[-118.16798,49.77992],[-118.15691,49.74634],[-118.16798,49.71417],[-118.17483,49.70407],[-118.18054,49.66179],[-118.17673,49.61951],[-118.17546,49.57724],[-118.17244,49.53496],[-118.16798,49.51628],[-118.1573,49.49268],[-118.1368,49.45041],[-118.1258,49.43327],[-118.08266,49.40813],[-118.04146,49.3963],[-117.99929,49.38842],[-117.95711,49.37268],[-117.94656,49.36585],[-117.91494,49.35149],[-117.87277,49.35043],[-117.78842,49.35452],[-117.74625,49.34955],[-117.70407,49.3379],[-117.6913,49.32358],[-117.6864,49.2813],[-117.70647,49.23902],[-117.74625,49.20156],[-117.75682,49.19675],[-117.77624,49.15447],[-117.76863,49.1122],[-117.74625,49.08436],[-117.70407,49.08129],[-117.66242,49.06992],[-117.70162,49.02764],[-117.74625,49.01505],[-117.78792,49.02764],[-117.78842,49.02878],[-117.83059,49.04348],[-117.84024,49.02764],[-117.87277,48.99889],[-117.90221,49.02764],[-117.91494,49.05817],[-117.94435,49.02764],[-117.95711,49.0124],[-117.97348,48.98537],[-117.98781,48.94309],[-117.991,48.90081],[-117.99929,48.89279],[-118.04146,48.87201],[-118.0776,48.90081],[-118.05363,48.94309],[-118.08363,48.96513],[-118.09836,48.98537],[-118.1258,49.01354],[-118.13295,49.02764],[-118.16516,49.15447],[-118.21015,49.17737],[-118.22879,49.19675],[-118.24367,49.23902],[-118.25232,49.25079],[-118.26696,49.23902],[-118.2984,49.19675],[-118.2945,49.19152],[-118.25842,49.1122],[-118.24967,49.06992],[-118.25232,49.06436],[-118.2945,49.04506],[-118.33667,49.05108],[-118.37822,49.06992],[-118.38548,49.1122],[-118.39474,49.15447],[-118.38799,49.19675],[-118.36764,49.23902],[-118.37082,49.2813],[-118.37884,49.29087],[-118.43137,49.32358],[-118.42102,49.33731],[-118.41377,49.36585],[-118.39993,49.40813],[-118.37884,49.44153],[-118.37457,49.45041],[-118.36003,49.49268],[-118.37884,49.52075],[-118.40037,49.49268],[-118.40696,49.45041],[-118.46319,49.42748],[-118.50503,49.40813],[-118.49097,49.36585],[-118.47937,49.32358],[-118.47186,49.2813],[-118.47332,49.23902],[-118.50542,49.19675],[-118.49378,49.15447],[-118.5015,49.1122],[-118.5115,49.06992],[-118.58971,48.97313],[-118.6051,48.94309],[-118.63188,48.92544],[-118.67405,48.92249],[-118.69762,48.94309],[-118.70802,48.98537],[-118.67317,49.06992],[-118.6668,49.1122],[-118.63807,49.15447],[-118.67405,49.17296],[-118.68224,49.15447],[-118.67806,49.1122],[-118.71623,49.07319],[-118.72277,49.06992],[-118.7584,49.06028],[-118.80057,49.06983],[-118.84274,49.08492],[-118.88492,49.09792],[-118.90834,49.1122],[-118.93187,49.15447],[-118.92354,49.19675],[-118.86982,49.23902],[-118.85429,49.2813],[-118.84274,49.29994],[-118.82926,49.36585],[-118.83154,49.40813],[-118.84274,49.44975],[-118.88492,49.40563],[-118.89717,49.36585],[-118.90509,49.32358],[-118.91076,49.2813],[-118.92709,49.2676],[-118.96926,49.27542],[-118.99553,49.23902],[-119.00005,49.19675],[-119.01526,49.1122],[-119.05183,49.06992],[-119.01144,49.02471],[-118.92709,49.03102],[-118.92117,49.02764],[-118.88492,48.99882],[-118.83068,48.98537],[-118.84274,48.97904],[-118.87523,48.94309],[-118.84274,48.90496],[-118.80057,48.93303],[-118.7584,48.92492],[-118.71623,48.88909],[-118.67405,48.871],[-118.65271,48.85854],[-118.63897,48.81626],[-118.67405,48.79092],[-118.70884,48.77398],[-118.71623,48.73011],[-118.7557,48.68943],[-118.7584,48.68508],[-118.76949,48.64715],[-118.77103,48.60488],[-118.77093,48.5626],[-118.75396,48.52033],[-118.7584,48.5178],[-118.80057,48.50631],[-118.84274,48.4804],[-118.84274,48.47491],[-118.81303,48.43577],[-118.80057,48.43241],[-118.77536,48.3935],[-118.79179,48.35122],[-118.80057,48.32087],[-118.82382,48.30894],[-118.84274,48.30479],[-118.88492,48.34612],[-118.89393,48.35122],[-118.92709,48.37461],[-118.96003,48.35122],[-118.96926,48.3465],[-119.01144,48.31346],[-119.02414,48.30894],[-119.05361,48.28273],[-119.08183,48.26667],[-119.09578,48.2632],[-119.1259,48.26667],[-119.13796,48.2793],[-119.18013,48.29835],[-119.2223,48.30388],[-119.26447,48.30711],[-119.27172,48.30894],[-119.26447,48.31405],[-119.2223,48.32791],[-119.18013,48.32556],[-119.13796,48.32673],[-119.13238,48.35122],[-119.1741,48.3935],[-119.18013,48.39736],[-119.2223,48.40832],[-119.26447,48.4117],[-119.30665,48.4196],[-119.33289,48.43577],[-119.35647,48.47805],[-119.34882,48.50115],[-119.30665,48.51313],[-119.27555,48.52033],[-119.30665,48.58401],[-119.3299,48.60488],[-119.30665,48.61965],[-119.2223,48.66027],[-119.18013,48.64687],[-119.13796,48.62997],[-119.09578,48.60305],[-119.05361,48.58702],[-119.02344,48.5626],[-119.01144,48.54876],[-118.96926,48.53866],[-118.92709,48.55304],[-118.91429,48.5626],[-118.92709,48.57055],[-118.96926,48.58367],[-119.01144,48.60509],[-119.05361,48.61865],[-119.09202,48.64715],[-119.13857,48.68943],[-119.18013,48.70422],[-119.22596,48.73171],[-119.2546,48.77398],[-119.25494,48.81626],[-119.26447,48.83629],[-119.28206,48.85854],[-119.30665,48.86966],[-119.34354,48.90081],[-119.30665,48.93103],[-119.26415,48.94309],[-119.27449,48.98537],[-119.30665,49.01648],[-119.32224,49.02764],[-119.34882,49.04025],[-119.38691,49.06992],[-119.41403,49.1122],[-119.39672,49.15447],[-119.41352,49.19675],[-119.43317,49.21187],[-119.45677,49.23902],[-119.43988,49.2813],[-119.46103,49.36585],[-119.47534,49.37749],[-119.5001,49.40813],[-119.50807,49.45041],[-119.48852,49.49268],[-119.48551,49.53496],[-119.50668,49.57724],[-119.52227,49.61951],[-119.55535,49.66179],[-119.55969,49.6697],[-119.59279,49.70407],[-119.60186,49.71052],[-119.628,49.74634],[-119.60186,49.76257],[-119.51751,49.77107],[-119.47534,49.78493],[-119.43317,49.79308],[-119.34882,49.82318],[-119.32132,49.83089],[-119.23564,49.87317],[-119.26447,49.88897],[-119.28453,49.91545],[-119.28482,49.95772],[-119.29141,50.0]]},"properties":{"elev":1000,"major":false}},{"type":"Feature","geometry":{"type":"LineString","coordinates":[[-117.95322,50.0],[-117.91494,49.9832],[-117.87896,49.95772],[-117.87277,49.94836],[-117.83059,49.96594],[-117.8115,50.0]]},"properties":{"elev":1000,"major":false}},{"type":"Feature","geometry":{"type":"LineString","coordinates":[[-117.39985,50.0],[-117.40154,49.95772],[-117.40886,49.94819],[-117.42452,49.91545],[-117.46102,49.87317],[-117.48147,49.78862],[-117.49321,49.77906],[-117.51634,49.74634],[-117.52325,49.70407],[-117.53538,49.6862],[-117.54528,49.66179],[-117.57756,49.62858],[-117.5896,49.61951],[-117.57756,49.60776],[-117.53538,49.61],[-117.51086,49.61951],[-117.49321,49.64181],[-117.48564,49.66179],[-117.4484,49.70407],[-117.43448,49.74634],[-117.44144,49.83089],[-117.40886,49.86646],[-117.36669,49.9075],[-117.36105,49.91545],[-117.32452,49.9533],[-117.31819,49.95772],[-117.32802,50.0]]},"properties":{"elev":1000,"major":false}},{"type":"Feature","geometry":{"type":"LineString","coordinates":[[-116.88531,50.0],[-116.90051,49.95772],[-116.92814,49.91545],[-116.89953,49.87317],[-116.89583,49.83089],[-116.90279,49.81507],[-116.91157,49.78862],[-116.90862,49.74634],[-116.91888,49.70407],[-116.94496,49.67007],[-116.95502,49.66179],[-116.94496,49.63931],[-116.90279,49.62755],[-116.86061,49.60115],[-116.84137,49.57724],[-116.83067,49.53496],[-116.82651,49.49268],[-116.81844,49.46063],[-116.8146,49.45041],[-116.8097,49.40813],[-116.79134,49.36585],[-116.77627,49.32454],[-116.7341,49.30564],[-116.70664,49.2813],[-116.6713,49.23902],[-116.63948,49.19675],[-116.64756,49.15447],[-116.63346,49.1122],[-116.59415,49.06992],[-116.58438,49.02764],[-116.56534,48.98537],[-116.50415,48.94309],[-116.48106,48.93131],[-116.43657,48.90081],[-116.42171,48.85854],[-116.41521,48.81626],[-116.41347,48.77398],[-116.43248,48.73171],[-116.42952,48.64715],[-116.46703,48.60488],[-116.48106,48.52918],[-116.49272,48.52033],[-116.52323,48.51385],[-116.54337,48.52033],[-116.5654,48.5321],[-116.57162,48.52033],[-116.55419,48.47805],[-116.54495,48.43577],[-116.54747,48.3935],[-116.5654,48.35381],[-116.56732,48.35122],[-116.60758,48.32589],[-116.64975,48.31085],[-116.69192,48.30015],[-116.7341,48.3055],[-116.74188,48.30894],[-116.77627,48.34783],[-116.77762,48.35122],[-116.76385,48.3935],[-116.76727,48.43577],[-116.77627,48.46453],[-116.78203,48.47805],[-116.78822,48.52033],[-116.79949,48.5626],[-116.79895,48.64715],[-116.80163,48.73171],[-116.80647,48.77398],[-116.81844,48.79702],[-116.84003,48.81626],[-116.86061,48.82731],[-116.90279,48.85857],[-116.94496,48.86977],[-116.95256,48.85854],[-116.91477,48.81626],[-116.90279,48.80527],[-116.87998,48.77398],[-116.8739,48.73171],[-116.90279,48.69858],[-116.94496,48.68732],[-116.98713,48.66576],[-117.01201,48.64715],[-117.01208,48.60488],[-117.02195,48.5626],[-117.02931,48.55349],[-117.04714,48.52033],[-117.03874,48.47805],[-117.04716,48.43577],[-117.08143,48.3935],[-117.07161,48.35122],[-117.02931,48.31033],[-117.0284,48.30894],[-117.02931,48.30572],[-117.07148,48.3001],[-117.08536,48.30894],[-117.11365,48.33534],[-117.15583,48.35611],[-117.18855,48.3935],[-117.198,48.40681],[-117.21156,48.43577],[-117.22373,48.47805],[-117.20286,48.52033],[-117.21851,48.5626],[-117.21983,48.60488],[-117.24181,48.64715],[-117.28234,48.65831],[-117.32452,48.69024],[-117.34337,48.73171],[-117.35237,48.77398],[-117.35594,48.81626],[-117.32452,48.8506],[-117.29768,48.85854],[-117.28514,48.90081],[-117.26927,48.94309],[-117.26992,48.98537],[-117.26368,49.02764],[-117.22418,49.06992],[-117.22494,49.1122],[-117.21831,49.15447],[-117.24017,49.1897],[-117.2525,49.15447],[-117.25994,49.1122],[-117.31285,49.06992],[-117.32452,49.06187],[-117.36669,49.06083],[-117.37523,49.06992],[-117.40886,49.08078],[-117.45104,49.08102],[-117.49321,49.10468],[-117.4979,49.1122],[-117.49321,49.13658],[-117.49125,49.15447],[-117.45045,49.19675],[-117.49321,49.21589],[-117.53054,49.19675],[-117.56179,49.15447],[-117.57756,49.14719],[-117.61973,49.15228],[-117.6619,49.14587],[-117.67139,49.15447],[-117.66571,49.19675],[-117.6619,49.19997],[-117.61973,49.21506],[-117.58495,49.23902],[-117.57135,49.32358],[-117.54153,49.36585],[-117.53538,49.3708],[-117.50655,49.40813],[-117.45104,49.45676],[-117.40886,49.47702],[-117.36669,49.48889],[-117.33546,49.49268],[-117.36669,49.51586],[-117.40886,49.52474],[-117.49321,49.50213],[-117.53538,49.4996],[-117.57756,49.52301],[-117.59076,49.49268],[-117.61973,49.45979],[-117.63516,49.45041],[-117.6619,49.4299],[-117.68011,49.40813],[-117.70407,49.38638],[-117.74625,49.3739],[-117.78842,49.37048],[-117.87277,49.37874],[-117.91494,49.39403],[-117.92439,49.40813],[-117.95711,49.44733],[-117.99929,49.47637],[-118.01997,49.49268],[-118.04146,49.51626],[-118.07286,49.57724],[-118.08365,49.61951],[-118.09134,49.66179],[-118.08367,49.70407],[-118.0556,49.78862],[-118.04146,49.81186],[-118.0326,49.83089],[-118.02978,49.87317],[-118.01634,49.91545],[-117.99929,49.93359],[-117.97026,49.95772],[-117.99929,49.99621],[-118.00639,50.0]]},"properties":{"elev":1000,"major":false}},{"type":"Feature","geometry":{"type":"LineString","coordinates":[[-115.77825,50.0],[-115.78501,49.95772],[-115.80865,49.91545],[-115.79761,49.87317],[-115.80338,49.83089],[-115.80629,49.82094],[-115.85209,49.70407],[-115.88596,49.66179],[-115.89064,49.65904],[-115.90636,49.61951],[-115.89064,49.60966],[-115.84846,49.60615],[-115.80629,49.59332],[-115.78705,49.57724],[-115.7713,49.53496],[-115.76412,49.52481],[-115.72194,49.53064],[-115.67977,49.56478],[-115.6376,49.54264],[-115.629,49.53496],[-115.59543,49.52406],[-115.54897,49.49268],[-115.46891,49.44378],[-115.42673,49.40273],[-115.38618,49.36585],[-115.3646,49.32358],[-115.33918,49.2813],[-115.33148,49.23902],[-115.30733,49.19675],[-115.29692,49.15447],[-115.26833,49.1122],[-115.26586,49.06992],[-115.24091,49.02764],[-115.23921,48.98537],[-115.22134,48.94309],[-115.2248,48.90081],[-115.23341,48.85854],[-115.21587,48.85346],[-115.1737,48.85853],[-115.13152,48.87014],[-115.08935,48.8718],[-115.04718,48.86034],[-115.005,48.83806],[-114.97972,48.81626],[-114.96283,48.78868],[-114.94229,48.77398],[-114.92066,48.76208],[-114.87848,48.73013],[-114.83631,48.72724],[-114.83206,48.73171],[-114.86416,48.77398],[-114.87454,48.81626],[-114.87848,48.82344],[-114.90383,48.85854],[-114.92066,48.8761],[-114.9504,48.90081],[-114.96283,48.90599],[-115.00092,48.94309],[-115.03,48.98537],[-115.0409,49.02764],[-115.04718,49.04513],[-115.06093,49.06992],[-115.07461,49.1122],[-115.08935,49.16429],[-115.1062,49.19675],[-115.10785,49.23902],[-115.08935,49.27652],[-115.08407,49.2813],[-115.08935,49.28576],[-115.12191,49.32358],[-115.13152,49.32707],[-115.16979,49.36585],[-115.1737,49.37387],[-115.20468,49.40813],[-115.25804,49.43328],[-115.2876,49.45041],[-115.30021,49.4546],[-115.34239,49.47836],[-115.36155,49.49268],[-115.38456,49.497],[-115.42673,49.5135],[-115.45052,49.53496],[-115.46891,49.56155],[-115.48359,49.57724],[-115.51108,49.59281],[-115.58611,49.66179],[-115.62139,49.70407],[-115.6376,49.73274],[-115.64915,49.74634],[-115.66503,49.78862],[-115.6488,49.83089],[-115.64123,49.87317],[-115.66211,49.91545],[-115.6514,49.95772],[-115.67016,50.0]]},"properties":{"elev":1000,"major":false}},{"type":"Feature","geometry":{"type":"LineString","coordinates":[[-113.42472,50.0],[-113.4446,49.96478],[-113.46813,49.95772],[-113.48678,49.93179],[-113.50056,49.95772],[-113.52895,49.96238],[-113.57112,49.97724],[-113.6133,49.9871],[-113.63324,49.95772],[-113.6133,49.93101],[-113.59723,49.91545],[-113.58839,49.87317],[-113.5971,49.83089],[-113.58147,49.78862],[-113.57387,49.74634],[-113.57827,49.70407],[-113.57112,49.69644],[-113.52895,49.68712],[-113.4446,49.68711],[-113.40243,49.68321],[-113.36026,49.66507],[-113.35573,49.66179],[-113.32471,49.61951],[-113.31808,49.59304],[-113.31112,49.57724],[-113.31808,49.53933],[-113.31808,49.52826],[-113.27591,49.51918],[-113.26802,49.53496],[-113.23374,49.56395],[-113.19157,49.58848],[-113.14939,49.60646],[-113.12785,49.61951],[-113.12565,49.66179],[-113.10722,49.67868],[-113.06505,49.67406],[-113.05066,49.66179],[-113.04208,49.57724],[-113.02287,49.53509],[-113.01463,49.49268],[-112.9807,49.48262],[-112.93853,49.4782],[-112.90657,49.45041],[-112.89635,49.43701],[-112.85418,49.41387],[-112.81201,49.43096],[-112.76984,49.43989],[-112.72766,49.44181],[-112.64332,49.43666],[-112.60114,49.43723],[-112.5168,49.4254],[-112.47462,49.42632],[-112.43245,49.4319],[-112.39028,49.42724],[-112.34811,49.41227],[-112.26376,49.36232],[-112.22159,49.33401],[-112.17941,49.3355],[-112.13724,49.34334],[-112.09507,49.33943],[-112.08468,49.32358],[-112.0946,49.2813],[-112.05289,49.24841],[-112.03676,49.23902],[-111.96855,49.21893],[-111.93628,49.19675],[-111.92638,49.18681],[-111.88864,49.15447],[-111.8842,49.1406],[-111.83071,49.1122],[-111.79986,49.09794],[-111.75768,49.08458],[-111.71551,49.06589],[-111.67334,49.06615],[-111.63117,49.07277],[-111.58899,49.08236],[-111.54682,49.08191],[-111.46247,49.06924],[-111.37813,49.07112],[-111.33595,49.08219],[-111.29378,49.09156],[-111.25161,49.09314],[-111.20944,49.09133],[-111.12509,49.10885],[-111.08292,49.11076],[-111.04074,49.10526],[-110.99857,49.09682],[-110.9564,49.09627],[-110.91422,49.09808],[-110.78771,49.07554],[-110.77246,49.06992],[-110.75214,49.02764],[-110.73807,48.98537],[-110.74553,48.97974],[-110.78771,48.96944],[-110.82988,48.96669],[-110.86206,48.94309],[-110.82988,48.91485],[-110.78456,48.85854],[-110.79023,48.81626],[-110.7901,48.77398],[-110.78416,48.73171],[-110.7639,48.68943],[-110.67988,48.64715],[-110.65857,48.60488],[-110.66119,48.59721],[-110.70336,48.5618],[-110.71917,48.52033],[-110.74553,48.49983],[-110.78771,48.49542],[-110.82988,48.49483],[-110.87205,48.50907],[-110.87912,48.52033],[-110.88547,48.5626],[-110.91422,48.58888],[-110.9564,48.60813],[-110.99857,48.61117],[-111.04845,48.5626],[-111.08292,48.54444],[-111.11989,48.52033],[-111.12509,48.51085],[-111.16726,48.49277],[-111.20944,48.48947],[-111.25161,48.49347],[-111.28739,48.52033],[-111.29378,48.53021],[-111.32375,48.5626],[-111.35741,48.60488],[-111.37955,48.64715],[-111.4203,48.67752],[-111.46247,48.68082],[-111.4778,48.64715],[-111.48912,48.60488],[-111.50465,48.59653],[-111.54682,48.60132],[-111.58899,48.58835],[-111.63117,48.57257],[-111.6431,48.5626],[-111.64395,48.52033],[-111.58899,48.49019],[-111.56404,48.47805],[-111.54682,48.46385],[-111.50465,48.44613],[-111.46247,48.44118],[-111.43177,48.43577],[-111.46247,48.42862],[-111.50465,48.42441],[-111.54682,48.42321],[-111.58899,48.42554],[-111.63117,48.43175],[-111.67334,48.42932],[-111.71551,48.42364],[-111.75768,48.42882],[-111.77101,48.43577],[-111.79986,48.45452],[-111.84203,48.4461],[-111.86736,48.43577],[-111.84203,48.42633],[-111.79986,48.39873],[-111.79746,48.3935],[-111.75768,48.3502],[-111.71551,48.36889],[-111.67334,48.37868],[-111.58899,48.36574],[-111.54682,48.34942],[-111.50465,48.34527],[-111.4203,48.32853],[-111.37813,48.32156],[-111.33918,48.30894],[-111.34484,48.26667],[-111.37813,48.22089],[-111.41988,48.18211],[-111.42041,48.13984],[-111.37813,48.1207],[-111.33595,48.1271],[-111.29378,48.11217],[-111.25161,48.13029],[-111.24319,48.13984],[-111.20944,48.15848],[-111.16726,48.16041],[-111.12509,48.15423],[-111.09232,48.13984],[-111.1145,48.09756],[-111.11136,48.05528],[-111.08292,48.04838],[-111.06694,48.05528],[-110.99857,48.09279],[-110.9564,48.08779],[-110.91422,48.07612],[-110.87205,48.05898],[-110.82988,48.06179],[-110.8285,48.05528],[-110.82988,48.05477],[-110.87205,48.05449],[-110.91422,48.03494],[-110.9307,48.01301],[-110.99857,47.97053],[-111.04074,47.96269],[-111.09111,47.97073],[-111.12509,47.98048],[-111.16726,47.98167],[-111.20944,47.97811],[-111.25267,47.97073],[-111.29378,47.94696],[-111.33595,47.93425],[-111.34536,47.92846],[-111.29378,47.92014],[-111.25161,47.89648],[-111.24201,47.88618],[-111.16726,47.85504],[-111.14615,47.8439],[-111.08292,47.78309],[-111.05285,47.75935],[-111.08294,47.6748],[-111.10916,47.63252],[-111.11503,47.59024],[-111.08292,47.56899],[-111.04074,47.56414],[-110.99857,47.56717],[-110.9564,47.58007],[-110.94499,47.59024],[-110.92261,47.63252],[-110.91422,47.63883],[-110.89486,47.6748],[-110.87205,47.69664],[-110.82988,47.70875],[-110.78771,47.71171],[-110.74553,47.71819],[-110.70336,47.71659],[-110.66119,47.68043],[-110.65231,47.6748],[-110.61901,47.66135],[-110.57684,47.65328],[-110.53622,47.6748],[-110.56271,47.71707],[-110.56073,47.75935],[-110.53467,47.7763],[-110.49249,47.78266],[-110.45639,47.80163],[-110.45032,47.8037],[-110.40815,47.81253],[-110.36598,47.81206],[-110.34849,47.80163],[-110.36598,47.78468],[-110.40815,47.77491],[-110.43293,47.75935],[-110.41025,47.71707],[-110.40815,47.71499],[-110.36598,47.73399],[-110.35236,47.71707],[-110.36128,47.6748],[-110.36598,47.66213],[-110.38619,47.63252],[-110.36598,47.61159],[-110.3238,47.62415],[-110.28163,47.61694],[-110.23946,47.56972],[-110.21824,47.54797],[-110.19728,47.54176],[-110.17125,47.54797],[-110.15511,47.56829],[-110.11294,47.56379],[-110.07987,47.54797],[-110.10712,47.50569],[-110.11294,47.50288],[-110.13088,47.46341],[-110.11294,47.45008],[-110.07076,47.44749],[-110.03191,47.46341],[-110.02859,47.46743],[-109.98642,47.48433],[-109.90207,47.49932],[-109.8599,47.49853],[-109.81773,47.52023],[-109.79368,47.54797],[-109.79519,47.59024],[-109.77555,47.6372],[-109.73338,47.64189],[-109.71428,47.63252],[-109.69292,47.59024],[-109.70043,47.54797],[-109.69698,47.50569],[-109.69121,47.49758],[-109.67864,47.50569],[-109.64904,47.52026],[-109.63481,47.50569],[-109.6188,47.46341],[-109.60686,47.44057],[-109.56469,47.4516],[-109.55406,47.46341],[-109.52769,47.50569],[-109.50622,47.54797],[-109.51149,47.59024],[-109.52252,47.6186],[-109.52644,47.63252],[-109.52252,47.63702],[-109.48034,47.64541],[-109.44178,47.63252],[-109.396,47.59688],[-109.35382,47.58254],[-109.31165,47.57677],[-109.26948,47.58245],[-109.22731,47.58558],[-109.19578,47.59024],[-109.22731,47.6148],[-109.23107,47.63252],[-109.22731,47.63686],[-109.18513,47.6659],[-109.14296,47.67507],[-109.12762,47.63252],[-109.14296,47.61163],[-109.18173,47.59024],[-109.15923,47.54797],[-109.14296,47.51052],[-109.12805,47.46341],[-109.10079,47.43467],[-109.05861,47.4311],[-109.01644,47.4302],[-108.97427,47.42237],[-108.93209,47.41828],[-108.88992,47.41078],[-108.84775,47.39564],[-108.78555,47.37886],[-108.77692,47.33659],[-108.78966,47.29431],[-108.7634,47.251],[-108.72123,47.22838],[-108.69197,47.20976],[-108.69964,47.16748],[-108.67906,47.15502],[-108.61852,47.1252],[-108.59471,47.1165],[-108.55254,47.10508],[-108.50786,47.08293],[-108.51036,47.07723],[-108.53525,47.04065],[-108.51714,46.99837],[-108.53769,46.9561],[-108.54519,46.91382],[-108.51036,46.88521],[-108.48294,46.87154],[-108.46819,46.86223],[-108.42602,46.84912],[-108.38385,46.84568],[-108.34167,46.83048],[-108.2995,46.8207],[-108.28428,46.82927],[-108.25733,46.83796],[-108.21601,46.82927],[-108.25733,46.80938],[-108.27152,46.78699],[-108.25779,46.74472],[-108.21657,46.70244],[-108.25733,46.67504],[-108.2995,46.66544],[-108.31466,46.66016],[-108.2995,46.63228],[-108.28629,46.61789],[-108.25733,46.60987],[-108.21515,46.60274],[-108.18741,46.57561],[-108.21515,46.56242],[-108.25733,46.55685],[-108.2995,46.5455],[-108.34167,46.51664],[-108.38385,46.50846],[-108.42602,46.5024],[-108.46819,46.49349],[-108.47486,46.49106],[-108.46819,46.48724],[-108.42602,46.47568],[-108.38385,46.47095],[-108.34167,46.47589],[-108.2995,46.47847],[-108.21515,46.46895],[-108.18253,46.49106],[-108.17298,46.49606],[-108.13081,46.49154],[-108.08863,46.46877],[-108.04646,46.47868],[-108.03334,46.49106],[-108.00429,46.50457],[-107.96212,46.5011],[-107.91994,46.49443],[-107.87777,46.50182],[-107.8356,46.5019],[-107.80254,46.49106],[-107.81698,46.44878],[-107.8007,46.4065],[-107.79342,46.39936],[-107.75125,46.38523],[-107.72249,46.36423],[-107.70908,46.3334],[-107.70025,46.32195],[-107.70908,46.31712],[-107.75125,46.32764],[-107.79342,46.33202],[-107.8356,46.32763],[-107.87777,46.33689],[-107.92423,46.32195],[-107.91994,46.31936],[-107.89581,46.27967],[-107.86286,46.2374],[-107.86427,46.19512],[-107.87777,46.18133],[-107.91994,46.16182],[-107.96212,46.15667],[-108.00429,46.15905],[-108.04646,46.15156],[-108.08863,46.11733],[-108.09911,46.11057],[-108.13081,46.10258],[-108.17298,46.09947],[-108.19298,46.06829],[-108.21515,46.05787],[-108.25201,46.02602],[-108.25733,46.02356],[-108.2995,46.01924],[-108.31573,46.02602],[-108.34167,46.05909],[-108.38385,46.04057],[-108.42602,46.03506],[-108.46819,46.03195],[-108.48114,46.02602],[-108.46819,46.00938],[-108.45728,45.98374],[-108.44295,45.94146],[-108.44082,45.89919],[-108.46819,45.87702],[-108.49057,45.85691],[-108.51047,45.81463],[-108.55254,45.79136],[-108.59471,45.78117],[-108.64055,45.77236],[-108.6674,45.73008],[-108.63688,45.72312],[-108.58668,45.73008],[-108.55254,45.74571],[-108.51036,45.75229],[-108.46819,45.76801],[-108.42602,45.80498],[-108.40852,45.81463],[-108.38385,45.83114],[-108.35732,45.85691],[-108.34167,45.86829],[-108.2995,45.86395],[-108.25733,45.86142],[-108.23285,45.89919],[-108.21515,45.90789],[-108.17298,45.91202],[-108.13081,45.91779],[-108.08863,45.92934],[-108.04646,45.92674],[-108.01246,45.89919],[-107.9822,45.85691],[-107.97242,45.81463],[-107.96557,45.77236],[-107.96212,45.76166],[-107.93376,45.73008],[-107.91994,45.71045],[-107.87777,45.72516],[-107.85524,45.6878],[-107.8356,45.6764],[-107.79342,45.64302],[-107.77196,45.60325],[-107.79342,45.57703],[-107.83843,45.56098],[-107.8356,45.55954],[-107.79425,45.5187],[-107.79451,45.47642],[-107.81127,45.43415],[-107.83599,45.39187],[-107.87777,45.35963],[-107.89427,45.34959],[-107.87777,45.34103],[-107.8356,45.34343],[-107.79185,45.34959],[-107.75125,45.37432],[-107.74063,45.39187],[-107.70908,45.41907],[-107.67842,45.43415],[-107.6669,45.46869],[-107.66573,45.47642],[-107.62473,45.53845],[-107.60714,45.56098],[-107.58725,45.60325],[-107.58256,45.61612],[-107.54039,45.63301],[-107.5035,45.60325],[-107.49821,45.59395],[-107.48437,45.56098],[-107.45604,45.52719],[-107.44475,45.5187],[-107.41387,45.48957],[-107.37169,45.49264],[-107.34243,45.5187],[-107.37079,45.56098],[-107.37923,45.60325],[-107.39312,45.64553],[-107.41097,45.6878],[-107.41387,45.70122],[-107.42306,45.73008],[-107.41387,45.74897],[-107.40521,45.77236],[-107.43888,45.81463],[-107.45604,45.85979],[-107.46333,45.89919],[-107.45604,45.91784],[-107.41387,45.98425],[-107.37169,45.974],[-107.35611,45.94146],[-107.35056,45.89919],[-107.35494,45.85691],[-107.32952,45.81169],[-107.28735,45.77747],[-107.26912,45.81463],[-107.28412,45.85691],[-107.27129,45.89919],[-107.24518,45.93148],[-107.22309,45.94146],[-107.24518,45.98138],[-107.26406,46.02602],[-107.27863,46.06829],[-107.30753,46.11057],[-107.32354,46.15285],[-107.28735,46.18867],[-107.24518,46.19105],[-107.203,46.1689],[-107.19216,46.15285],[-107.20038,46.11057],[-107.17701,46.06829],[-107.17125,46.02602],[-107.18536,45.98374],[-107.18845,45.94146],[-107.16083,45.92803],[-107.11866,45.89745],[-107.11475,45.89919],[-107.07648,45.94513],[-107.05693,45.98374],[-107.02816,46.02602],[-107.04088,46.06829],[-107.03431,46.11108],[-107.01101,46.15285],[-106.99214,46.16115],[-106.94996,46.14211],[-106.90779,46.12968],[-106.86562,46.12068],[-106.85286,46.11057],[-106.85423,46.06829],[-106.871,46.02602],[-106.90574,45.98374],[-106.86562,45.95089],[-106.82345,45.94014],[-106.81885,45.94146],[-106.7391,45.98287],[-106.69693,45.96235],[-106.67292,45.94146],[-106.65475,45.9323],[-106.61258,45.91816],[-106.57967,45.94146],[-106.57041,45.94348],[-106.56656,45.94146],[-106.56321,45.89919],[-106.55666,45.85691],[-106.57041,45.84574],[-106.61258,45.80591],[-106.65475,45.78679],[-106.67554,45.77236],[-106.67966,45.73008],[-106.65475,45.72465],[-106.61258,45.74905],[-106.57041,45.75296],[-106.52823,45.75159],[-106.48606,45.74779],[-106.44389,45.75648],[-106.40172,45.74448],[-106.39135,45.73008],[-106.37389,45.6878],[-106.36353,45.64553],[-106.36526,45.56098],[-106.38046,45.5187],[-106.44389,45.45346],[-106.46888,45.43415],[-106.48606,45.40817],[-106.50416,45.39187],[-106.48606,45.37838],[-106.46896,45.39187],[-106.44389,45.40825],[-106.40172,45.42583],[-106.39204,45.43415],[-106.35954,45.45722],[-106.31737,45.47494],[-106.2752,45.51329],[-106.23302,45.53709],[-106.21183,45.5187],[-106.19085,45.49184],[-106.17664,45.47642],[-106.15156,45.39187],[-106.14868,45.38522],[-106.13505,45.39187],[-106.11509,45.43415],[-106.12378,45.47642],[-106.1084,45.5187],[-106.09568,45.56098],[-106.1065,45.59406],[-106.13653,45.60325],[-106.14868,45.60365],[-106.19085,45.618],[-106.21438,45.64553],[-106.22039,45.6878],[-106.19085,45.72999],[-106.14868,45.73341],[-106.1065,45.73507],[-106.0706,45.77236],[-106.06433,45.78747],[-106.04184,45.81463],[-106.02216,45.83069],[-105.97999,45.8352],[-105.93781,45.82611],[-105.90181,45.81463],[-105.89564,45.81105],[-105.85416,45.77236],[-105.81129,45.75591],[-105.76912,45.73286],[-105.72695,45.69963],[-105.66921,45.73008],[-105.62607,45.77236],[-105.62067,45.81463],[-105.60043,45.83419],[-105.55826,45.8353],[-105.53018,45.81463],[-105.5396,45.77236],[-105.52894,45.73008],[-105.51608,45.66211],[-105.51175,45.64553],[-105.51288,45.60325],[-105.47391,45.56754],[-105.43174,45.5778],[-105.41843,45.56098],[-105.41528,45.5187],[-105.43174,45.50139],[-105.46413,45.47642],[-105.47391,45.46317],[-105.48313,45.43415],[-105.51179,45.39187],[-105.51608,45.3872],[-105.55826,45.35631],[-105.56478,45.34959],[-105.5784,45.30732],[-105.55826,45.30495],[-105.54339,45.30732],[-105.51608,45.31503],[-105.47391,45.32863],[-105.43174,45.34412],[-105.41051,45.34959],[-105.38956,45.36222],[-105.3755,45.34959],[-105.34739,45.29045],[-105.32186,45.26504],[-105.30522,45.24239],[-105.29151,45.26504],[-105.27027,45.30732],[-105.26305,45.31323],[-105.22087,45.33291],[-105.1787,45.34307],[-105.16414,45.34959],[-105.1787,45.35951],[-105.21761,45.39187],[-105.1787,45.42645],[-105.16441,45.43415],[-105.1787,45.46866],[-105.18008,45.47642],[-105.16058,45.5187],[-105.13653,45.55528],[-105.09435,45.54994],[-105.05218,45.50995],[-105.02181,45.47642],[-105.01001,45.45795],[-104.97791,45.43415],[-104.96783,45.43148],[-104.95587,45.43415],[-104.92566,45.44801],[-104.88349,45.47109],[-104.87569,45.47642],[-104.84132,45.51011],[-104.79914,45.52333],[-104.77847,45.56098],[-104.84122,45.64553],[-104.82947,45.6878],[-104.79812,45.73008],[-104.75697,45.76166],[-104.73787,45.77236],[-104.71806,45.81463],[-104.75697,45.83829],[-104.77946,45.85691],[-104.79914,45.88776],[-104.80833,45.89919],[-104.80434,45.94146],[-104.79914,45.94534],[-104.75697,45.95777],[-104.7148,45.96822],[-104.63045,45.97422],[-104.58789,45.98374],[-104.5461,46.03065],[-104.50393,46.04747],[-104.48094,46.06829],[-104.46176,46.09482],[-104.44506,46.11057],[-104.46176,46.15191],[-104.47143,46.19512],[-104.46176,46.20356],[-104.41959,46.2237],[-104.37741,46.21262],[-104.34861,46.19512],[-104.37741,46.15608],[-104.39667,46.11057],[-104.41959,46.07028],[-104.45463,46.02602],[-104.41959,46.01622],[-104.37741,46.0235],[-104.33524,46.0379],[-104.25089,46.03733],[-104.2144,46.02602],[-104.20872,46.02129],[-104.19677,45.98374],[-104.20872,45.97217],[-104.28224,45.94146],[-104.27566,45.89919],[-104.29307,45.87903],[-104.33524,45.85045],[-104.41959,45.77597],[-104.43107,45.77236],[-104.46176,45.74895],[-104.50393,45.73412],[-104.52064,45.73008],[-104.50981,45.6878],[-104.50393,45.68264],[-104.46176,45.67005],[-104.42431,45.64553],[-104.43202,45.60325],[-104.41959,45.57884],[-104.37741,45.59522],[-104.37208,45.60325],[-104.3579,45.64553],[-104.32075,45.6878],[-104.29307,45.72336],[-104.27935,45.77236],[-104.25089,45.79903],[-104.20872,45.8144],[-104.16655,45.82161],[-104.15177,45.81463],[-104.12437,45.77622],[-104.1197,45.77236],[-104.08468,45.73008],[-104.06526,45.6878],[-104.04003,45.67008],[-104.02359,45.64553],[-104.01851,45.60325],[-104.0433,45.56098],[-104.0822,45.52767],[-104.09841,45.5187],[-104.09538,45.47642],[-104.10412,45.43415],[-104.12437,45.39315],[-104.1269,45.39187],[-104.14978,45.34959],[-104.16655,45.31307],[-104.1729,45.30732],[-104.16655,45.29172],[-104.12437,45.29518],[-104.0822,45.28682],[-104.06006,45.30732],[-104.051,45.34959],[-104.02501,45.39187],[-104.01129,45.43415],[-103.99786,45.45413],[-103.98924,45.47642],[-103.95568,45.50377],[-103.91351,45.50889],[-103.87134,45.51232],[-103.82916,45.51287],[-103.78699,45.50155],[-103.74482,45.48443],[-103.73152,45.47642],[-103.70264,45.46366],[-103.66047,45.43993],[-103.65226,45.43415],[-103.6083,45.39187],[-103.63302,45.34959],[-103.66047,45.32977],[-103.70264,45.31708],[-103.74482,45.33119],[-103.78699,45.33453],[-103.87134,45.3107],[-103.89052,45.30732],[-103.90897,45.26504],[-103.8772,45.22276],[-103.86784,45.18049],[-103.82916,45.14009],[-103.82491,45.13821],[-103.80532,45.09593],[-103.78699,45.07815],[-103.7688,45.05366],[-103.74876,45.01138],[-103.78699,45.0101],[-103.78889,45.01138],[-103.8103,45.05366],[-103.82916,45.07317],[-103.87101,45.09593],[-103.91351,45.10537],[-103.93017,45.09593],[-103.95049,45.05366],[-103.95568,45.04964],[-103.99786,45.05687],[-104.00542,45.05366],[-104.01103,45.01138],[-104.04003,44.98859],[-104.0822,44.98708],[-104.11727,44.96911],[-104.0822,44.94584],[-104.04003,44.89801],[-104.02329,44.88455],[-104.04003,44.8569],[-104.0822,44.85256],[-104.08618,44.84228],[-104.06854,44.8],[-104.08758,44.75772],[-104.0822,44.75517],[-104.04003,44.72342],[-104.03135,44.71545],[-103.99786,44.69335],[-103.95568,44.67483],[-103.91351,44.65233],[-103.86766,44.63089],[-103.82916,44.60048],[-103.78699,44.61918],[-103.74482,44.62895],[-103.70264,44.60659],[-103.66047,44.58931],[-103.6183,44.567],[-103.57265,44.54634],[-103.53395,44.50838],[-103.49228,44.46179],[-103.44961,44.44331],[-103.42059,44.41951],[-103.40743,44.41158],[-103.36618,44.37724],[-103.33868,44.33496],[-103.32309,44.29132],[-103.2989,44.25041],[-103.24352,44.20813],[-103.19374,44.16585],[-103.19719,44.12358],[-103.19571,44.0813],[-103.17067,44.03902],[-103.1544,44.00536],[-103.1221,43.95447],[-103.1039,43.9122],[-103.08132,43.86992],[-103.11473,43.82764],[-103.1142,43.78537],[-103.13324,43.74309],[-103.15028,43.70081],[-103.15467,43.65854],[-103.1323,43.61626],[-103.1544,43.60002],[-103.22012,43.57398],[-103.23874,43.5574],[-103.25908,43.53171],[-103.28091,43.50943],[-103.29133,43.48943],[-103.32309,43.45979],[-103.33358,43.44715],[-103.36526,43.42116],[-103.38831,43.40488],[-103.4094,43.3626],[-103.42095,43.32033],[-103.40743,43.30294],[-103.39034,43.32033],[-103.36526,43.33523],[-103.32309,43.34882],[-103.28091,43.34826],[-103.23874,43.33834],[-103.19657,43.344],[-103.1544,43.34333],[-103.09846,43.32033],[-103.07893,43.27805],[-103.11222,43.25527],[-103.1322,43.23577],[-103.1295,43.1935],[-103.11222,43.17823],[-103.08691,43.15122],[-103.07005,43.13938],[-103.02788,43.11513],[-103.01206,43.10894],[-102.9857,43.08485],[-102.94353,43.07745],[-102.90136,43.07422],[-102.89629,43.06667],[-102.89903,43.02439],[-102.90136,43.02202],[-102.9857,42.99151],[-103.01753,42.98211],[-103.02788,42.97464],[-103.0521,42.93984],[-103.05666,42.89756],[-103.02788,42.89435],[-102.9857,42.90923],[-102.94353,42.91336],[-102.90136,42.91172],[-102.85919,42.91751],[-102.83515,42.93984],[-102.81701,42.9515],[-102.77484,42.99943],[-102.73399,43.06667],[-102.73674,43.10894],[-102.73267,43.11515],[-102.69049,43.12563],[-102.64832,43.1084],[-102.60615,43.10172],[-102.59771,43.10894],[-102.60615,43.11924],[-102.62421,43.15122],[-102.64832,43.17211],[-102.66479,43.1935],[-102.65372,43.23577],[-102.64832,43.23897],[-102.60615,43.23123],[-102.56397,43.22157],[-102.5218,43.2373],[-102.47963,43.19886],[-102.43746,43.18887],[-102.42362,43.1935],[-102.4187,43.23577],[-102.40262,43.27805],[-102.39528,43.28858],[-102.35311,43.26312],[-102.33445,43.27805],[-102.32851,43.32033],[-102.31094,43.35518],[-102.26876,43.35386],[-102.22659,43.33734],[-102.18442,43.33092],[-102.14224,43.35245],[-102.10007,43.34602],[-102.0579,43.35477],[-102.02994,43.40488],[-102.01573,43.41217],[-101.94358,43.3626],[-101.93138,43.34305],[-101.90165,43.32033],[-101.88921,43.30846],[-101.84703,43.27773],[-101.80486,43.25566],[-101.7803,43.23577],[-101.76269,43.20978],[-101.737,43.1935],[-101.76269,43.17921],[-101.84703,43.15889],[-101.86972,43.15122],[-101.84703,43.13833],[-101.80142,43.10894],[-101.76269,43.09942],[-101.72051,43.07623],[-101.70699,43.06667],[-101.67834,43.03659],[-101.65161,43.02439],[-101.64271,42.98211],[-101.66148,42.93984],[-101.67451,42.89756],[-101.67834,42.89326],[-101.69772,42.85528],[-101.72051,42.83979],[-101.75523,42.81301],[-101.72051,42.80231],[-101.67834,42.79796],[-101.63617,42.79743],[-101.594,42.79951],[-101.55182,42.78734],[-101.50965,42.75086],[-101.48022,42.72846],[-101.43334,42.68618],[-101.4253,42.68084],[-101.38313,42.64508],[-101.34096,42.62305],[-101.29312,42.60163],[-101.24421,42.55935],[-101.21632,42.51707],[-101.17227,42.48089],[-101.16839,42.4748],[-101.17858,42.43252],[-101.1413,42.39024],[-101.13009,42.38224],[-101.08792,42.35727],[-101.06951,42.34797],[-101.04575,42.32957],[-101.02441,42.30569],[-100.9996,42.26341],[-101.01099,42.22114],[-101.01472,42.17886],[-101.02865,42.13659],[-101.08238,42.09431],[-101.05942,42.05203],[-101.04575,42.04006],[-100.99859,42.00976],[-100.99345,41.96748],[-101.00357,41.94498],[-101.01832,41.9252],[-101.03029,41.88293],[-101.00357,41.86124],[-100.98264,41.84065],[-100.9614,41.83175],[-100.91923,41.81813],[-100.87706,41.81008],[-100.85325,41.79837],[-100.85272,41.7561],[-100.87706,41.71585],[-100.9072,41.67154],[-100.89732,41.62927],[-100.90367,41.58699],[-100.95288,41.54472],[-100.9614,41.53525],[-101.00357,41.51735],[-101.04575,41.52299],[-101.08792,41.52552],[-101.13009,41.50748],[-101.17227,41.48062],[-101.18951,41.46016],[-101.20815,41.41789],[-101.21444,41.40845],[-101.24264,41.37561],[-101.25846,41.33333],[-101.29878,41.3035],[-101.31082,41.29106],[-101.34096,41.27091],[-101.36902,41.24878],[-101.38313,41.24408],[-101.4253,41.23836],[-101.46748,41.24155],[-101.50027,41.24878],[-101.55182,41.26374],[-101.594,41.27036],[-101.63617,41.27263],[-101.67834,41.25856],[-101.71676,41.24878],[-101.67834,41.23517],[-101.63617,41.21215],[-101.62879,41.2065],[-101.594,41.1855],[-101.5435,41.16423],[-101.55182,41.15854],[-101.594,41.14263],[-101.63617,41.13177],[-101.67834,41.12432],[-101.70302,41.12195],[-101.67834,41.11833],[-101.63617,41.10836],[-101.594,41.09528],[-101.56454,41.07967],[-101.55182,41.0669],[-101.50965,41.07016],[-101.46748,41.06027],[-101.40865,41.0374],[-101.39438,40.99512],[-101.3758,40.95285],[-101.34096,40.91357],[-101.30928,40.86829],[-101.31102,40.82602],[-101.32744,40.78374],[-101.34096,40.7577],[-101.38726,40.78374],[-101.46748,40.81959],[-101.50965,40.81678],[-101.52134,40.78374],[-101.52804,40.74146],[-101.52731,40.69919],[-101.53768,40.65691],[-101.55182,40.64108],[-101.594,40.62533],[-101.63617,40.61987],[-101.64211,40.61463],[-101.64473,40.57236],[-101.63168,40.53008],[-101.6394,40.4878],[-101.67834,40.45789],[-101.6903,40.44553],[-101.67834,40.43863],[-101.594,40.42048],[-101.54621,40.40325],[-101.50965,40.38438],[-101.42439,40.36098],[-101.43752,40.3187],[-101.46748,40.28695],[-101.48876,40.27642],[-101.50965,40.26862],[-101.55182,40.28343],[-101.594,40.29144],[-101.59817,40.27642],[-101.60594,40.23415],[-101.61197,40.19187],[-101.62689,40.14959],[-101.63617,40.13924],[-101.67834,40.10969],[-101.68343,40.10732],[-101.76269,40.08993],[-101.80486,40.07248],[-101.84613,40.06504],[-101.87083,40.02276],[-101.80486,40.01485],[-101.76269,40.00503],[-101.72051,40.00111],[-101.67834,39.98671],[-101.66972,39.98049],[-101.71312,39.93821],[-101.72051,39.92432],[-101.73103,39.89593],[-101.73469,39.85366],[-101.72051,39.84711],[-101.70671,39.85366],[-101.67834,39.87003],[-101.63808,39.89593],[-101.594,39.91252],[-101.55182,39.91195],[-101.50965,39.90389],[-101.4253,39.95161],[-101.38313,39.93631],[-101.34096,39.92381],[-101.29878,39.90223],[-101.29408,39.89593],[-101.29878,39.88872],[-101.31633,39.85366],[-101.32037,39.81138],[-101.34096,39.75543],[-101.35341,39.72683],[-101.34096,39.71626],[-101.3084,39.68455],[-101.34206,39.64228],[-101.34096,39.64059],[-101.29878,39.61811],[-101.25661,39.61064],[-101.21806,39.6],[-101.215,39.51545],[-101.19673,39.47317],[-101.22305,39.43089],[-101.21444,39.40761],[-101.19816,39.38862],[-101.18213,39.34634],[-101.16949,39.30407],[-101.17788,39.26179],[-101.17227,39.25023],[-101.15139,39.21951],[-101.17227,39.19693],[-101.18635,39.17724],[-101.17191,39.13496],[-101.21723,39.09268],[-101.21039,39.05041],[-101.25661,39.04232],[-101.29878,39.04477],[-101.31329,39.05041],[-101.38313,39.09152],[-101.4253,39.05844],[-101.42712,39.05041],[-101.46748,39.01884],[-101.50108,39.00813],[-101.50965,38.99135],[-101.516,38.96585],[-101.5572,38.92358],[-101.55182,38.9147],[-101.50965,38.88491],[-101.50159,38.8813],[-101.4253,38.86643],[-101.38313,38.85574],[-101.34096,38.84262],[-101.33395,38.83902],[-101.38313,38.79992],[-101.38536,38.79675],[-101.34096,38.77305],[-101.28773,38.75447],[-101.30306,38.7122],[-101.30083,38.66992],[-101.30142,38.62764],[-101.33495,38.58537],[-101.31687,38.54309],[-101.31503,38.50081],[-101.32592,38.45854],[-101.34096,38.44093],[-101.35704,38.41626],[-101.32886,38.37398],[-101.33756,38.33171],[-101.32847,38.28943],[-101.32761,38.24715],[-101.33894,38.20488],[-101.37123,38.1626],[-101.38313,38.14425],[-101.39352,38.12033],[-101.38123,38.07805],[-101.37742,38.03577],[-101.38313,38.01337],[-101.39214,37.9935],[-101.4253,37.97672],[-101.46748,37.97783],[-101.50965,37.98578],[-101.55182,37.98923],[-101.63617,37.98708],[-101.67834,37.99073],[-101.72051,37.98345],[-101.76269,37.97361],[-101.77304,37.95122],[-101.76269,37.94801],[-101.72051,37.92913],[-101.69262,37.90894],[-101.67834,37.9017],[-101.63617,37.88648],[-101.58982,37.86667],[-101.53406,37.82439],[-101.51485,37.78211],[-101.55182,37.76318],[-101.61792,37.73984],[-101.63617,37.73444],[-101.67834,37.72948],[-101.72051,37.71862],[-101.73847,37.69756],[-101.71413,37.65528],[-101.69507,37.61301],[-101.68523,37.57073],[-101.68514,37.48618],[-101.67917,37.4439],[-101.67067,37.40163],[-101.64511,37.35935],[-101.61624,37.2748],[-101.63617,37.24169],[-101.63899,37.23252],[-101.64525,37.19024],[-101.60795,37.14797],[-101.55182,37.11312],[-101.53779,37.10569],[-101.50965,37.07567],[-101.50198,37.06341],[-101.51681,37.02114],[-101.51942,36.97886],[-101.53167,36.93659],[-101.56223,36.89431],[-101.594,36.85602],[-101.63617,36.82855],[-101.64572,36.80976],[-101.64231,36.76748],[-101.67834,36.73969],[-101.70109,36.7252],[-101.72051,36.70625],[-101.73291,36.68293],[-101.72051,36.66356],[-101.67834,36.66472],[-101.63617,36.65099],[-101.62079,36.64065],[-101.61748,36.59837],[-101.62852,36.5561],[-101.6238,36.51382],[-101.63714,36.47154],[-101.57694,36.42927],[-101.58403,36.38699],[-101.59504,36.34472],[-101.594,36.33991],[-101.55182,36.3148],[-101.51704,36.30244],[-101.51053,36.26016],[-101.51452,36.21789],[-101.53281,36.17561],[-101.52819,36.13333],[-101.55182,36.09426],[-101.55503,36.09106],[-101.53796,36.04878],[-101.53247,36.0065],[-101.50965,35.99322],[-101.46748,35.97373],[-101.4253,35.97109],[-101.40481,35.96423],[-101.41346,35.92195],[-101.4253,35.90302],[-101.44341,35.87967],[-101.46748,35.85979],[-101.50965,35.86712],[-101.55182,35.84533],[-101.55956,35.8374],[-101.594,35.81212],[-101.63617,35.78981],[-101.67834,35.79746],[-101.72051,35.80324],[-101.76269,35.80457],[-101.79375,35.79512],[-101.78869,35.75285],[-101.76872,35.71057],[-101.77338,35.66829],[-101.80007,35.62602],[-101.79887,35.58374],[-101.82349,35.54146],[-101.84703,35.5142],[-101.88921,35.5023],[-101.93138,35.4866],[-101.97355,35.49869],[-102.01573,35.49608],[-102.0579,35.50426],[-102.10007,35.53376],[-102.14224,35.51824],[-102.18442,35.51335],[-102.22659,35.51583],[-102.25425,35.49919],[-102.22659,35.49246],[-102.18442,35.47883],[-102.15543,35.45691],[-102.17286,35.41463],[-102.14224,35.3992],[-102.10007,35.41437],[-102.0579,35.40247],[-102.01573,35.39951],[-101.97355,35.40336],[-101.93138,35.38387],[-101.88921,35.38534],[-101.84703,35.38465],[-101.80486,35.39428],[-101.76269,35.40938],[-101.72051,35.41286],[-101.71744,35.41463],[-101.70684,35.45691],[-101.69029,35.49919],[-101.67834,35.51178],[-101.62858,35.54146],[-101.594,35.57458],[-101.55182,35.55188],[-101.50965,35.56167],[-101.46748,35.59252],[-101.45633,35.58374],[-101.4422,35.54146],[-101.4253,35.52131],[-101.39948,35.49919],[-101.38313,35.49067],[-101.34096,35.48936],[-101.29878,35.50567],[-101.25661,35.51831],[-101.21444,35.51358],[-101.17227,35.51128],[-101.13009,35.51684],[-101.08792,35.51932],[-101.04575,35.50813],[-101.04009,35.49919],[-101.04198,35.45691],[-101.04575,35.443],[-101.05724,35.41463],[-101.046,35.37236],[-101.04076,35.33008],[-101.04575,35.31675],[-101.0658,35.2878],[-101.08792,35.27276],[-101.11233,35.24553],[-101.11845,35.20325],[-101.13009,35.19825],[-101.17227,35.18981],[-101.21444,35.17957],[-101.24653,35.16098],[-101.24346,35.1187],[-101.24412,35.07642],[-101.25661,35.054],[-101.29933,35.03415],[-101.29273,34.94959],[-101.26796,34.90732],[-101.29878,34.9014],[-101.33135,34.90732],[-101.34096,34.91205],[-101.38313,34.93836],[-101.43729,34.94959],[-101.46748,34.96317],[-101.50965,34.97027],[-101.54629,34.94959],[-101.55182,34.94232],[-101.594,34.94174],[-101.62496,34.94959],[-101.63617,34.9543],[-101.67834,34.97928],[-101.69792,34.94959],[-101.67124,34.90732],[-101.65302,34.86504],[-101.63617,34.85103],[-101.594,34.83268],[-101.56604,34.82276],[-101.55182,34.81335],[-101.50965,34.79728],[-101.48287,34.78049],[-101.46748,34.76334],[-101.44131,34.73821],[-101.40487,34.69593],[-101.40769,34.65366],[-101.4253,34.59799],[-101.46748,34.56773],[-101.50597,34.52683],[-101.47365,34.48455],[-101.46748,34.48038],[-101.4253,34.48375],[-101.38313,34.51545],[-101.37197,34.52683],[-101.34096,34.53432],[-101.29878,34.53043],[-101.27466,34.52683],[-101.29926,34.48455],[-101.34452,34.44228],[-101.35648,34.4],[-101.37141,34.35772],[-101.38313,34.32844],[-101.391,34.31545],[-101.4253,34.28662],[-101.43486,34.27317],[-101.44755,34.23089],[-101.44564,34.18862],[-101.44901,34.14634],[-101.46748,34.12916],[-101.50101,34.10407],[-101.55182,34.07407],[-101.56773,34.06179],[-101.59187,34.01951],[-101.59697,33.97724],[-101.61835,33.93496],[-101.65711,33.89268],[-101.67082,33.85041],[-101.67834,33.83378],[-101.69307,33.80813],[-101.72051,33.78541],[-101.76269,33.74361],[-101.78477,33.72358],[-101.80486,33.70834],[-101.84703,33.70592],[-101.88921,33.68979],[-101.90713,33.6813],[-101.93138,33.6719],[-101.96911,33.63902],[-101.9555,33.59675],[-101.95711,33.5122],[-101.96021,33.46992],[-101.97355,33.43627],[-101.97808,33.42764],[-102.01328,33.38537],[-102.06528,33.34309],[-102.10445,33.30081],[-102.14224,33.26445],[-102.18442,33.27106],[-102.19251,33.25854],[-102.20008,33.21626],[-102.21972,33.17398],[-102.26876,33.10878],[-102.33498,33.04715],[-102.36959,33.00488],[-102.39311,32.9626],[-102.43746,32.92974],[-102.44576,32.92033],[-102.47291,32.87805],[-102.47963,32.87099],[-102.5057,32.83577],[-102.5218,32.81659],[-102.54533,32.7935],[-102.57854,32.75122],[-102.60615,32.72491],[-102.61967,32.70894],[-102.64815,32.66667],[-102.66286,32.62439],[-102.67023,32.58211],[-102.6832,32.53984],[-102.70911,32.49756],[-102.75507,32.41301],[-102.77484,32.35073],[-102.80067,32.32846],[-102.77939,32.28618],[-102.77035,32.2439],[-102.75521,32.20163],[-102.74381,32.15935],[-102.75662,32.11707],[-102.76702,32.0748],[-102.75604,32.03252],[-102.75006,31.99024],[-102.72212,31.94797],[-102.72303,31.90569],[-102.73267,31.90166],[-102.74629,31.90569],[-102.77484,31.91989],[-102.8053,31.94797],[-102.81701,31.95682],[-102.84748,31.99024],[-102.82694,32.03252],[-102.81701,32.04678],[-102.77953,32.0748],[-102.81701,32.11121],[-102.82108,32.11707],[-102.84496,32.15935],[-102.85702,32.20163],[-102.85919,32.20487],[-102.90136,32.23121],[-102.94353,32.2393],[-102.95921,32.2439],[-102.9857,32.25461],[-103.02788,32.2608],[-103.07005,32.2643],[-103.11222,32.27437],[-103.1544,32.26314],[-103.18752,32.20163],[-103.19657,32.19438],[-103.23874,32.17807],[-103.28091,32.16954],[-103.35238,32.15935],[-103.36526,32.15487],[-103.40743,32.07296],[-103.44687,32.03252],[-103.47551,31.99024],[-103.49178,31.97536],[-103.53395,31.98786],[-103.56785,32.03252],[-103.57613,32.03806],[-103.6183,32.05187],[-103.66047,32.06103],[-103.70264,32.06475],[-103.74482,32.06548],[-103.78699,32.06411],[-103.82431,32.0748],[-103.82916,32.07681],[-103.86772,32.11707],[-103.87134,32.12724],[-103.87726,32.15935],[-103.88738,32.20163],[-103.88727,32.2439],[-103.87134,32.26455],[-103.83217,32.28618],[-103.82765,32.32846],[-103.84809,32.37073],[-103.83528,32.41301],[-103.84607,32.45528],[-103.87134,32.46328],[-103.91351,32.45787],[-103.95128,32.41301],[-103.99786,32.39918],[-104.01303,32.41301],[-104.03175,32.45528],[-104.06737,32.49756],[-104.0663,32.53984],[-104.0822,32.56791],[-104.10272,32.58211],[-104.12437,32.58846],[-104.16809,32.58211],[-104.20872,32.54376],[-104.25089,32.54355],[-104.29307,32.55651],[-104.33524,32.55913],[-104.36109,32.53984],[-104.34508,32.49756],[-104.33524,32.49194],[-104.29307,32.46009],[-104.28999,32.45528],[-104.27751,32.41301],[-104.26967,32.37073],[-104.26736,32.32846],[-104.25821,32.28618],[-104.25089,32.20778],[-104.24711,32.20163],[-104.20872,32.18099],[-104.19913,32.15935],[-104.20872,32.14981],[-104.25008,32.11707],[-104.22673,32.03252],[-104.20753,31.99024],[-104.16655,31.90895],[-104.15346,31.90569],[-104.12437,31.90121],[-104.09914,31.86341],[-104.12323,31.77886],[-104.11954,31.73659],[-104.12437,31.72649],[-104.13465,31.69431],[-104.12437,31.66617],[-104.09227,31.65203],[-104.0822,31.64919],[-104.04003,31.61667],[-104.02758,31.60976],[-104.01311,31.56748],[-104.03906,31.5252],[-104.05244,31.44065],[-104.0468,31.39837],[-104.05654,31.3561],[-104.0499,31.31382],[-104.04003,31.30689],[-103.99786,31.26384],[-103.95568,31.23848],[-103.94411,31.22927],[-103.91351,31.19249],[-103.90937,31.18699],[-103.88798,31.14472],[-103.85471,31.10244],[-103.83077,31.06016],[-103.78906,31.01789],[-103.7736,30.97561],[-103.74482,30.95029],[-103.71943,30.93333],[-103.70264,30.92959],[-103.66047,30.91035],[-103.62728,30.89106],[-103.6183,30.88751],[-103.57613,30.87942],[-103.49178,30.88129],[-103.44961,30.87867],[-103.40743,30.88749],[-103.36647,30.84878],[-103.28091,30.82156],[-103.27031,30.8065],[-103.23874,30.78608],[-103.19657,30.7845],[-103.1544,30.79029],[-103.11222,30.79242],[-103.07005,30.76955],[-103.02788,30.76248],[-102.94353,30.78162],[-102.90136,30.77952],[-102.85884,30.76423],[-102.81701,30.7168],[-102.77484,30.71346],[-102.73267,30.71402],[-102.69049,30.70174],[-102.64141,30.67967],[-102.60615,30.65675],[-102.5655,30.6374],[-102.60578,30.59512],[-102.56397,30.59134],[-102.55534,30.59512],[-102.56048,30.6374],[-102.5218,30.65552],[-102.50241,30.67967],[-102.50925,30.72195],[-102.47963,30.74019],[-102.43746,30.72866],[-102.42402,30.72195],[-102.43746,30.70264],[-102.45575,30.67967],[-102.46382,30.6374],[-102.47044,30.55285],[-102.43746,30.49834],[-102.41302,30.46829],[-102.44544,30.42602],[-102.44095,30.38374],[-102.43746,30.37913],[-102.39349,30.34146],[-102.39528,30.33863],[-102.45357,30.29919],[-102.47963,30.26817],[-102.49325,30.25691],[-102.42991,30.21463],[-102.43746,30.21056],[-102.47963,30.19418],[-102.51376,30.17236],[-102.55943,30.13008],[-102.60615,30.10296],[-102.62916,30.0878],[-102.64832,30.08109],[-102.72697,30.04553],[-102.73267,30.0332],[-102.77892,30.00325],[-102.81701,29.98284],[-102.84612,29.96098],[-102.81309,29.9187],[-102.80856,29.87642],[-102.81701,29.87136],[-102.85919,29.87053],[-102.90136,29.8752],[-102.94353,29.87471],[-102.9857,29.86459],[-103.02788,29.8431],[-103.07005,29.827],[-103.11222,29.82131],[-103.1544,29.82446],[-103.19657,29.83579],[-103.28091,29.89218],[-103.31985,29.87642],[-103.30007,29.83415],[-103.28091,29.82431],[-103.24309,29.79187],[-103.23874,29.78574],[-103.21859,29.74959],[-103.21984,29.70732],[-103.23874,29.69251],[-103.28091,29.68586],[-103.30702,29.66504],[-103.31042,29.62276],[-103.32309,29.59699],[-103.34671,29.58049],[-103.36526,29.55022],[-103.36991,29.53821],[-103.36526,29.53329],[-103.32309,29.50516],[-103.29403,29.53821],[-103.28091,29.54723],[-103.23874,29.55094],[-103.21616,29.53821],[-103.19657,29.52395],[-103.17292,29.49593],[-103.18861,29.45366],[-103.19657,29.44222],[-103.23874,29.41529],[-103.25616,29.41138],[-103.23874,29.4067],[-103.19657,29.36917],[-103.1568,29.32683],[-103.14545,29.28455],[-103.15104,29.24228],[-103.17723,29.2],[-103.21722,29.15772],[-103.2689,29.11545],[-103.28091,29.10769],[-103.32309,29.09963],[-103.35741,29.11545],[-103.36526,29.12124],[-103.40119,29.15772],[-103.41831,29.2],[-103.43164,29.24228],[-103.41789,29.28455],[-103.40743,29.30091],[-103.37781,29.32683],[-103.40743,29.34929],[-103.44961,29.364],[-103.45747,29.36911],[-103.5121,29.41138],[-103.53395,29.4362],[-103.57613,29.46537],[-103.6183,29.47385],[-103.64307,29.45366],[-103.65911,29.41138],[-103.64987,29.36911],[-103.66047,29.3363],[-103.66516,29.32683],[-103.70264,29.31248],[-103.74482,29.31486],[-103.78699,29.33368],[-103.82916,29.35651],[-103.85462,29.32683],[-103.87134,29.31595],[-103.91351,29.30035],[-103.95568,29.29315],[-103.99786,29.31639],[-104.00391,29.32683],[-104.04003,29.3416],[-104.07208,29.36911],[-104.11402,29.41138],[-104.13551,29.45366],[-104.14021,29.49593],[-104.13315,29.53821],[-104.13841,29.58049],[-104.1455,29.62276],[-104.15689,29.66504],[-104.16655,29.66784],[-104.25089,29.6435],[-104.29307,29.65632],[-104.33524,29.68376],[-104.37741,29.69943],[-104.41959,29.72857],[-104.4392,29.74959],[-104.46176,29.76777],[-104.48731,29.79187],[-104.5461,29.84218],[-104.57759,29.87642],[-104.60426,29.9187],[-104.61466,29.96098],[-104.63108,30.04553],[-104.63258,30.13008],[-104.62895,30.17236],[-104.63045,30.1927],[-104.67262,30.21242],[-104.7148,30.20824],[-104.72164,30.17236],[-104.72949,30.04553],[-104.72265,29.96098],[-104.72866,29.87642],[-104.7148,29.83798],[-104.68369,29.79187],[-104.68766,29.74959],[-104.68588,29.70732],[-104.68004,29.66504],[-104.68819,29.62276],[-104.71629,29.58049],[-104.72865,29.53821],[-104.73726,29.49593],[-104.7148,29.48147],[-104.67262,29.45925],[-104.66516,29.45366],[-104.63045,29.43701],[-104.60141,29.41138],[-104.58828,29.39688],[-104.55946,29.36911],[-104.5461,29.35207],[-104.51814,29.32683],[-104.50393,29.31796],[-104.46176,29.28527],[-104.41959,29.25641],[-104.39117,29.24228],[-104.37741,29.23791],[-104.29307,29.24134],[-104.28959,29.24228],[-104.25089,29.26435],[-104.24627,29.28455],[-104.24193,29.32683],[-104.20872,29.34951],[-104.16531,29.32683],[-104.12437,29.3104],[-104.0822,29.30666],[-104.04003,29.28216],[-103.99786,29.27914],[-103.95568,29.28172],[-103.91351,29.25509],[-103.90215,29.24228],[-103.87134,29.18369],[-103.85432,29.15772],[-103.83406,29.11545],[-103.83604,29.07317],[-103.82035,28.98862],[-103.79266,28.94634],[-103.74482,28.93747],[-103.70264,28.92616],[-103.66016,28.90407],[-103.6183,28.89235],[-103.57613,28.86609],[-103.53636,28.81951],[-103.53395,28.8116],[-103.5156,28.77724],[-103.49732,28.73496],[-103.49178,28.72846],[-103.44961,28.71372],[-103.40743,28.72518],[-103.36526,28.72951],[-103.32371,28.69268],[-103.29657,28.65041],[-103.28091,28.5988],[-103.26661,28.56585],[-103.23874,28.53063],[-103.19657,28.53823],[-103.1544,28.54184],[-103.11222,28.52757],[-103.10544,28.52358],[-103.07005,28.501],[-103.04775,28.4813],[-103.02788,28.43678],[-102.9857,28.39458],[-102.94353,28.35516],[-102.90136,28.37437],[-102.85919,28.38384],[-102.8221,28.35447],[-102.81701,28.35178],[-102.77484,28.3529],[-102.76673,28.35447],[-102.73267,28.37455],[-102.72209,28.39675],[-102.7125,28.43902],[-102.73267,28.47628],[-102.77484,28.46872],[-102.81701,28.45909],[-102.84879,28.4813],[-102.85159,28.52358],[-102.85919,28.5294],[-102.87862,28.56585],[-102.8978,28.60813],[-102.90136,28.65194],[-102.94353,28.68344],[-102.95071,28.69268],[-102.9857,28.72712],[-102.99117,28.73496],[-103.00876,28.77724],[-103.02788,28.80361],[-103.0378,28.81951],[-103.07555,28.86179],[-103.08229,28.90407],[-103.06552,28.94634],[-103.02788,28.97461],[-103.00074,28.94634],[-102.9857,28.9204],[-102.97857,28.90407],[-102.97966,28.86179],[-102.97446,28.81951],[-102.94353,28.79578],[-102.90136,28.77431],[-102.8972,28.77724],[-102.85919,28.8364],[-102.81701,28.85349],[-102.77484,28.85363],[-102.76325,28.86179],[-102.74485,28.90407],[-102.74523,28.94634],[-102.75446,28.98862],[-102.77297,29.03089],[-102.80529,29.07317],[-102.82889,29.11545],[-102.84245,29.15772],[-102.85221,29.2],[-102.85108,29.24228],[-102.827,29.28455],[-102.81701,29.29027],[-102.77484,29.28958],[-102.73267,29.2751],[-102.69049,29.27033],[-102.64832,29.27691],[-102.62507,29.28455],[-102.63336,29.32683],[-102.639,29.36911],[-102.60615,29.40642],[-102.56397,29.40362],[-102.5218,29.39536],[-102.47963,29.37921],[-102.4648,29.36911],[-102.43746,29.35363],[-102.40377,29.32683],[-102.39549,29.28455],[-102.39944,29.24228],[-102.39528,29.23118],[-102.35311,29.25447],[-102.3396,29.28455],[-102.35311,29.38548],[-102.3914,29.41138],[-102.39528,29.41222],[-102.42696,29.45366],[-102.43226,29.49593],[-102.38348,29.53821],[-102.36809,29.58049],[-102.35311,29.58749],[-102.34756,29.58049],[-102.31094,29.54907],[-102.29149,29.53821],[-102.28185,29.49593],[-102.26876,29.47938],[-102.19681,29.45366],[-102.18442,29.45061],[-102.14224,29.4253],[-102.10007,29.42042],[-102.07221,29.41138],[-102.0579,29.40545],[-102.03303,29.36911],[-102.03366,29.32683],[-102.01573,29.29754],[-101.98336,29.28455],[-101.97355,29.28179],[-101.93138,29.27539],[-101.90012,29.24228],[-101.88921,29.2261],[-101.85954,29.2],[-101.84703,29.19085],[-101.80486,29.19103],[-101.78494,29.15772],[-101.8116,29.11545],[-101.82388,29.07317],[-101.80486,29.05921],[-101.76269,29.06145],[-101.72903,29.03089],[-101.72973,28.98862],[-101.72051,28.98279],[-101.6382,28.94634],[-101.62246,28.90407],[-101.6334,28.86179],[-101.62649,28.81951],[-101.61684,28.77724],[-101.63617,28.75878],[-101.66555,28.73496],[-101.67834,28.72029],[-101.71427,28.69268],[-101.72051,28.69111],[-101.76269,28.72606],[-101.79499,28.73496],[-101.80486,28.7417],[-101.83227,28.77724],[-101.84703,28.78637],[-101.88921,28.78575],[-101.92654,28.77724],[-101.90601,28.73496],[-101.88921,28.7179],[-101.86754,28.69268],[-101.80294,28.60813],[-101.80486,28.60389],[-101.84703,28.58421],[-101.86687,28.60813],[-101.88921,28.62759],[-101.93138,28.64728],[-101.97355,28.65726],[-102.01573,28.65104],[-102.0579,28.63885],[-102.10007,28.64211],[-102.12522,28.65041],[-102.14224,28.65363],[-102.22659,28.66355],[-102.26876,28.69307],[-102.31094,28.71926],[-102.31718,28.69268],[-102.31094,28.68717],[-102.28166,28.65041],[-102.26876,28.64685],[-102.22659,28.64027],[-102.19653,28.60813],[-102.18442,28.60111],[-102.14955,28.56585],[-102.10007,28.52184],[-102.0579,28.49523],[-102.01573,28.51027],[-101.98357,28.4813],[-101.97037,28.43902],[-101.95926,28.39675],[-101.94457,28.35447],[-101.93138,28.33022],[-101.90804,28.3122],[-101.90973,28.26992],[-101.92047,28.22764],[-101.93138,28.20261],[-101.9373,28.18537],[-101.94727,28.14309],[-101.96596,28.10081],[-101.95987,28.05854],[-101.93138,28.04226],[-101.90677,28.01626],[-101.8743,27.97398],[-101.84703,27.95095],[-101.82992,27.93171],[-101.81132,27.88943],[-101.76269,27.86767],[-101.71207,27.84715],[-101.67834,27.82973],[-101.63617,27.81974],[-101.59651,27.80488],[-101.594,27.79933],[-101.55182,27.77678],[-101.52196,27.7626],[-101.55182,27.74046],[-101.594,27.75108],[-101.63617,27.76513],[-101.67834,27.77126],[-101.72051,27.7664],[-101.73479,27.7626],[-101.80486,27.72892],[-101.83158,27.72033],[-101.84703,27.71131],[-101.87775,27.67805],[-101.87657,27.63577],[-101.89257,27.5935],[-101.86793,27.55122],[-101.81325,27.46667],[-101.80486,27.45035],[-101.78637,27.42439],[-101.76073,27.38211],[-101.75918,27.33984],[-101.76269,27.32682],[-101.80486,27.32068],[-101.81089,27.29756],[-101.80139,27.25528],[-101.78959,27.17073],[-101.77827,27.12846],[-101.77504,27.08618],[-101.80486,27.08083],[-101.84703,27.0696],[-101.88921,27.03513],[-101.93138,27.01476],[-101.97355,27.00008],[-102.01573,26.99559],[-102.04533,27.00163],[-102.0579,27.00608],[-102.08265,27.0439],[-102.09403,27.08618],[-102.10007,27.10375],[-102.11945,27.12846],[-102.13765,27.17073],[-102.14224,27.18755],[-102.16294,27.21301],[-102.18186,27.25528],[-102.18442,27.26392],[-102.22659,27.28466],[-102.26876,27.26197],[-102.27434,27.25528],[-102.29563,27.21301],[-102.30458,27.17073],[-102.30001,27.12846],[-102.26803,27.08618],[-102.22659,27.07019],[-102.20074,27.0439],[-102.18442,27.03572],[-102.14224,27.00947],[-102.13229,27.00163],[-102.12645,26.95935],[-102.14224,26.9472],[-102.18442,26.93633],[-102.22659,26.93355],[-102.26876,26.9275],[-102.31094,26.9234],[-102.34817,26.91707],[-102.34232,26.8748],[-102.31094,26.84861],[-102.28783,26.83252],[-102.26876,26.82458],[-102.22659,26.79536],[-102.18442,26.75324],[-102.14224,26.75653],[-102.13418,26.79024],[-102.11553,26.83252],[-102.10007,26.84993],[-102.08501,26.83252],[-102.0579,26.80894],[-102.04125,26.79024],[-102.01826,26.74797],[-102.01573,26.74088],[-101.97355,26.66866],[-101.96751,26.66341],[-101.93138,26.64569],[-101.88921,26.61948],[-101.84703,26.60284],[-101.80486,26.58881],[-101.80389,26.62114],[-101.83481,26.66341],[-101.84703,26.69282],[-101.85459,26.70569],[-101.86796,26.74797],[-101.86665,26.79024],[-101.84703,26.82349],[-101.80462,26.83252],[-101.7957,26.8748],[-101.80486,26.87941],[-101.83398,26.91707],[-101.80486,26.95867],[-101.76158,26.91707],[-101.72816,26.8748],[-101.72051,26.86233],[-101.70695,26.83252],[-101.69706,26.79024],[-101.67834,26.76959],[-101.64868,26.74797],[-101.63617,26.74325],[-101.594,26.73604],[-101.55478,26.70569],[-101.52152,26.66341],[-101.46337,26.62114],[-101.4253,26.5961],[-101.38313,26.57535],[-101.34637,26.53659],[-101.34646,26.49431],[-101.34944,26.45203],[-101.34915,26.40976],[-101.34096,26.40584],[-101.29878,26.3961],[-101.25661,26.40475],[-101.21444,26.4021],[-101.17227,26.37093],[-101.16952,26.36748],[-101.15918,26.28293],[-101.13009,26.23046],[-101.10395,26.19837],[-101.08792,26.16517],[-101.08137,26.1561],[-101.08792,26.13355],[-101.13009,26.1172],[-101.17227,26.14105],[-101.21444,26.15791],[-101.25661,26.1588],[-101.3003,26.1561],[-101.31609,26.11382],[-101.31772,26.07154],[-101.31248,25.98699],[-101.30672,25.94472],[-101.29762,25.90244],[-101.25661,25.86441],[-101.21444,25.87789],[-101.17227,25.86268],[-101.14001,25.81789],[-101.13009,25.79498],[-101.11137,25.77561],[-101.08792,25.75648],[-101.04575,25.75683],[-101.00357,25.75442],[-100.9614,25.77053],[-100.91923,25.79651],[-100.89644,25.81789],[-100.87706,25.82903],[-100.83488,25.84547],[-100.79271,25.82561],[-100.78949,25.81789],[-100.75791,25.77561],[-100.75054,25.77096],[-100.70836,25.72572],[-100.66619,25.72318],[-100.62402,25.73919],[-100.58184,25.70646],[-100.56717,25.69106],[-100.53967,25.67904],[-100.4975,25.65349],[-100.49304,25.64878],[-100.46482,25.6065],[-100.45533,25.60047],[-100.41315,25.60644],[-100.37098,25.60401],[-100.32881,25.59255],[-100.28663,25.55481],[-100.25919,25.52195],[-100.24446,25.49536],[-100.23406,25.47967],[-100.21744,25.4374],[-100.20229,25.41299],[-100.18861,25.39512],[-100.16705,25.35285],[-100.16011,25.33421],[-100.13177,25.31057],[-100.11794,25.29163],[-100.10652,25.26829],[-100.09014,25.22602],[-100.07577,25.19759],[-100.0336,25.17115],[-100.01586,25.14146],[-100.00152,25.09919],[-99.99142,25.08332],[-99.96164,25.05691],[-99.93116,25.01463],[-99.90708,24.99543],[-99.89182,24.97236],[-99.88744,24.93008],[-99.8649,24.89266],[-99.83013,24.84553],[-99.82273,24.81894],[-99.81561,24.80325],[-99.78056,24.76733],[-99.77604,24.76098],[-99.75904,24.7187],[-99.72906,24.67642],[-99.72095,24.63415],[-99.73956,24.59187],[-99.69526,24.54959],[-99.6914,24.50732],[-99.65404,24.4697],[-99.64736,24.46504],[-99.61187,24.43151],[-99.60679,24.42276],[-99.61187,24.40086],[-99.65404,24.38302],[-99.65597,24.38049],[-99.66124,24.33821],[-99.65404,24.32246],[-99.61352,24.29593],[-99.61358,24.25366],[-99.62796,24.21138],[-99.65278,24.16911],[-99.63468,24.12683],[-99.57009,24.08455],[-99.54355,24.04228],[-99.52752,24.03056],[-99.48535,24.04121],[-99.44794,24.0]]},"properties":{"elev":1000,"major":false}},{"type":"Feature","geometry":{"type":"LineString","coordinates":[[-66.55496,39.04368],[-66.5548,39.00813],[-66.59042,38.97242],[-66.62605,39.00813]]},"properties":{"elev":1000,"major":false}},{"type":"Feature","geometry":{"type":"LineString","coordinates":[[-66.46867,39.04563],[-66.46867,39.00813],[-66.50608,38.97063],[-66.54348,39.00813],[-66.54336,39.0455]]},"properties":{"elev":1000,"major":false}},{"type":"Feature","geometry":{"type":"LineString","coordinates":[[-70.45663,38.9796],[-70.45663,39.00813],[-70.42816,39.03666],[-70.3997,39.00813]]},"properties":{"elev":1000,"major":false}},{"type":"Feature","geometry":{"type":"LineString","coordinates":[[-69.67591,38.95898],[-69.67591,38.96585],[-69.66905,38.97273],[-69.66219,38.97273]]},"properties":{"elev":1000,"major":false}},{"type":"Feature","geometry":{"type":"LineString","coordinates":[[-70.02499,37.92755],[-70.00643,37.92755],[-69.98787,37.90894],[-70.00643,37.89034],[-70.02499,37.89034]]},"properties":{"elev":1000,"major":false}},{"type":"Feature","geometry":{"type":"LineString","coordinates":[[-66.05514,37.89594],[-66.05514,37.86667],[-66.08435,37.83739],[-66.11355,37.86667]]},"properties":{"elev":1000,"major":false}},{"type":"Feature","geometry":{"type":"LineString","coordinates":[[-68.26509,37.64301],[-68.23517,37.64301],[-68.20528,37.61301],[-68.23517,37.58301],[-68.26509,37.58301]]},"properties":{"elev":1000,"major":false}},{"type":"Feature","geometry":{"type":"LineString","coordinates":[[-69.17266,37.1154],[-69.16297,37.1154],[-69.15329,37.10569],[-69.16297,37.09598]]},"properties":{"elev":1000,"major":false}},{"type":"Feature","geometry":{"type":"LineString","coordinates":[[-70.85712,36.67568],[-70.85712,36.64065],[-70.89207,36.60562],[-70.92701,36.60562]]},"properties":{"elev":1000,"major":false}},{"type":"Feature","geometry":{"type":"LineString","coordinates":[[-67.89778,36.6097],[-67.92866,36.64065],[-67.89778,36.6716],[-67.86691,36.6716]]},"properties":{"elev":1000,"major":false}},{"type":"Feature","geometry":{"type":"LineString","coordinates":[[-67.25784,36.591],[-67.22302,36.591],[-67.1882,36.5561],[-67.22302,36.52119],[-67.25784,36.52119]]},"properties":{"elev":1000,"major":false}},{"type":"Feature","geometry":{"type":"LineString","coordinates":[[-66.24802,36.38196],[-66.21086,36.38196],[-66.17371,36.34472],[-66.17371,36.30747]]},"properties":{"elev":1000,"major":false}},{"type":"Feature","geometry":{"type":"LineString","coordinates":[[-70.33844,36.30783],[-70.33844,36.34472],[-70.30164,36.38161],[-70.26484,36.34472]]},"properties":{"elev":1000,"major":false}},{"type":"Feature","geometry":{"type":"LineString","coordinates":[[-70.60787,36.14438],[-70.63903,36.14438],[-70.67018,36.17561],[-70.63903,36.20684]]},"properties":{"elev":1000,"major":false}},{"type":"Feature","geometry":{"type":"LineString","coordinates":[[-69.33167,36.1222],[-69.3006,36.09106],[-69.33167,36.05991],[-69.36273,36.05992]]},"properties":{"elev":1000,"major":false}},{"type":"Feature","geometry":{"type":"LineString","coordinates":[[-69.13277,36.10305],[-69.16297,36.10305],[-69.19318,36.13333],[-69.19318,36.16361]]},"properties":{"elev":1000,"major":false}},{"type":"Feature","geometry":{"type":"LineString","coordinates":[[-66.82884,36.10571],[-66.82884,36.13333],[-66.80129,36.16095],[-66.77374,36.16095]]},"properties":{"elev":1000,"major":false}},{"type":"Feature","geometry":{"type":"LineString","coordinates":[[-70.63382,35.96944],[-70.63382,36.0065],[-70.59685,36.04356],[-70.55989,36.04356]]},"properties":{"elev":1000,"major":false}},{"type":"Feature","geometry":{"type":"LineString","coordinates":[[-67.31839,35.82634],[-67.31839,35.8374],[-67.30736,35.84845],[-67.29633,35.8374]]},"properties":{"elev":1000,"major":false}},{"type":"Feature","geometry":{"type":"LineString","coordinates":[[-67.12863,35.72063],[-67.12863,35.75285],[-67.0965,35.78506],[-67.06436,35.75285]]},"properties":{"elev":1000,"major":false}},{"type":"Feature","geometry":{"type":"LineString","coordinates":[[-70.69374,35.48662],[-70.69374,35.45691],[-70.65168,35.41463],[-70.65168,35.38504]]},"properties":{"elev":1000,"major":false}},{"type":"Feature","geometry":{"type":"LineString","coordinates":[[-68.72985,35.04557],[-68.72985,35.03415],[-68.74124,35.02273],[-68.75264,35.02273]]},"properties":{"elev":1000,"major":false}},{"type":"Feature","geometry":{"type":"LineString","coordinates":[[-69.63291,34.95565],[-69.66905,34.95565],[-69.70518,34.99187],[-69.70518,35.02809]]},"properties":{"elev":1000,"major":false}},{"type":"Feature","geometry":{"type":"LineString","coordinates":[[-70.09668,34.94368],[-70.09668,34.90732],[-70.13295,34.87096],[-70.16922,34.87096]]},"properties":{"elev":1000,"major":false}},{"type":"Feature","geometry":{"type":"LineString","coordinates":[[-70.56176,34.87213],[-70.59685,34.87214],[-70.63195,34.90732],[-70.59685,34.9425]]},"properties":{"elev":1000,"major":false}},{"type":"Feature","geometry":{"type":"LineString","coordinates":[[-120.53638,33.63229],[-120.53621,33.59675],[-120.57184,33.56104],[-120.60746,33.59675]]},"properties":{"elev":1000,"major":false}},{"type":"Feature","geometry":{"type":"LineString","coordinates":[[-120.45008,33.63425],[-120.45008,33.59675],[-120.48749,33.55925],[-120.5249,33.59675],[-120.52477,33.63412]]},"properties":{"elev":1000,"major":false}},{"type":"Feature","geometry":{"type":"LineString","coordinates":[[-71.9531,33.63229],[-71.95294,33.59675],[-71.98856,33.56104],[-72.02419,33.59675]]},"properties":{"elev":1000,"major":false}},{"type":"Feature","geometry":{"type":"LineString","coordinates":[[-71.86681,33.63425],[-71.86681,33.59675],[-71.90422,33.55925],[-71.94162,33.59675],[-71.9415,33.63412]]},"properties":{"elev":1000,"major":false}},{"type":"Feature","geometry":{"type":"LineString","coordinates":[[-66.55496,33.63229],[-66.5548,33.59675],[-66.59042,33.56104],[-66.62605,33.59675]]},"properties":{"elev":1000,"major":false}},{"type":"Feature","geometry":{"type":"LineString","coordinates":[[-66.46867,33.63425],[-66.46867,33.59675],[-66.50608,33.55925],[-66.54348,33.59675],[-66.54336,33.63412]]},"properties":{"elev":1000,"major":false}},{"type":"Feature","geometry":{"type":"LineString","coordinates":[[-124.43804,33.56821],[-124.43804,33.59675],[-124.40958,33.62528],[-124.38111,33.59675]]},"properties":{"elev":1000,"major":false}},{"type":"Feature","geometry":{"type":"LineString","coordinates":[[-75.85477,33.56821],[-75.85477,33.59675],[-75.8263,33.62528],[-75.79784,33.59675]]},"properties":{"elev":1000,"major":false}},{"type":"Feature","geometry":{"type":"LineString","coordinates":[[-70.45663,33.56821],[-70.45663,33.59675],[-70.42816,33.62528],[-70.3997,33.59675]]},"properties":{"elev":1000,"major":false}},{"type":"Feature","geometry":{"type":"LineString","coordinates":[[-123.65732,33.5476],[-123.65732,33.55447],[-123.65046,33.56134],[-123.64361,33.56134]]},"properties":{"elev":1000,"major":false}},{"type":"Feature","geometry":{"type":"LineString","coordinates":[[-75.07405,33.5476],[-75.07405,33.55447],[-75.06719,33.56134],[-75.06033,33.56134]]},"properties":{"elev":1000,"major":false}},{"type":"Feature","geometry":{"type":"LineString","coordinates":[[-69.67591,33.5476],[-69.67591,33.55447],[-69.66905,33.56134],[-69.66219,33.56134]]},"properties":{"elev":1000,"major":false}},{"type":"Feature","geometry":{"type":"LineString","coordinates":[[-119.65304,32.97163],[-119.6862,32.97163],[-119.71937,33.00488],[-119.6862,33.03813],[-119.65304,33.03812]]},"properties":{"elev":1000,"major":false}},{"type":"Feature","geometry":{"type":"LineString","coordinates":[[-71.06977,32.97163],[-71.10293,32.97163],[-71.13609,33.00488],[-71.10293,33.03813],[-71.06977,33.03812]]},"properties":{"elev":1000,"major":false}},{"type":"Feature","geometry":{"type":"LineString","coordinates":[[-124.00641,32.51617],[-123.98785,32.51617],[-123.96929,32.49756],[-123.98785,32.47895],[-124.00641,32.47895]]},"properties":{"elev":1000,"major":false}},{"type":"Feature","geometry":{"type":"LineString","coordinates":[[-75.42314,32.51617],[-75.40457,32.51617],[-75.38601,32.49756],[-75.40457,32.47895],[-75.42314,32.47895]]},"properties":{"elev":1000,"major":false}},{"type":"Feature","geometry":{"type":"LineString","coordinates":[[-70.02499,32.51617],[-70.00643,32.51617],[-69.98787,32.49756],[-70.00643,32.47895],[-70.02499,32.47895]]},"properties":{"elev":1000,"major":false}},{"type":"Feature","geometry":{"type":"LineString","coordinates":[[-120.03656,32.48456],[-120.03656,32.45528],[-120.06576,32.42601],[-120.09497,32.45528]]},"properties":{"elev":1000,"major":false}},{"type":"Feature","geometry":{"type":"LineString","coordinates":[[-71.45328,32.48456],[-71.45328,32.45528],[-71.48249,32.42601],[-71.51169,32.45528]]},"properties":{"elev":1000,"major":false}},{"type":"Feature","geometry":{"type":"LineString","coordinates":[[-66.05514,32.48456],[-66.05514,32.45528],[-66.08435,32.42601],[-66.11355,32.45528]]},"properties":{"elev":1000,"major":false}},{"type":"Feature","geometry":{"type":"LineString","coordinates":[[-122.24651,32.23163],[-122.21658,32.23163],[-122.18669,32.20163],[-122.21658,32.17163],[-122.24651,32.17163]]},"properties":{"elev":1000,"major":false}},{"type":"Feature","geometry":{"type":"LineString","coordinates":[[-73.66324,32.23163],[-73.63331,32.23163],[-73.60342,32.20163],[-73.63331,32.17163],[-73.66324,32.17163]]},"properties":{"elev":1000,"major":false}},{"type":"Feature","geometry":{"type":"LineString","coordinates":[[-68.26509,32.23163],[-68.23517,32.23163],[-68.20528,32.20163],[-68.23517,32.17163],[-68.26509,32.17163]]},"properties":{"elev":1000,"major":false}},{"type":"Feature","geometry":{"type":"LineString","coordinates":[[-123.15407,31.70402],[-123.14439,31.70402],[-123.1347,31.69431],[-123.14439,31.6846]]},"properties":{"elev":1000,"major":false}},{"type":"Feature","geometry":{"type":"LineString","coordinates":[[-74.5708,31.70402],[-74.56112,31.70402],[-74.55143,31.69431],[-74.56112,31.6846]]},"properties":{"elev":1000,"major":false}},{"type":"Feature","geometry":{"type":"LineString","coordinates":[[-69.17266,31.70402],[-69.16297,31.70402],[-69.15329,31.69431],[-69.16297,31.6846]]},"properties":{"elev":1000,"major":false}},{"type":"Feature","geometry":{"type":"LineString","coordinates":[[-124.83854,31.2643],[-124.83854,31.22927],[-124.87348,31.19424],[-124.90842,31.19424]]},"properties":{"elev":1000,"major":false}},{"type":"Feature","geometry":{"type":"LineString","coordinates":[[-76.25527,31.2643],[-76.25527,31.22927],[-76.29021,31.19424],[-76.32515,31.19424]]},"properties":{"elev":1000,"major":false}},{"type":"Feature","geometry":{"type":"LineString","coordinates":[[-70.85712,31.2643],[-70.85712,31.22927],[-70.89207,31.19424],[-70.92701,31.19424]]},"properties":{"elev":1000,"major":false}},{"type":"Feature","geometry":{"type":"LineString","coordinates":[[-121.8792,31.19832],[-121.91007,31.22927],[-121.8792,31.26022],[-121.84833,31.26022]]},"properties":{"elev":1000,"major":false}},{"type":"Feature","geometry":{"type":"LineString","coordinates":[[-73.29593,31.19832],[-73.3268,31.22927],[-73.29593,31.26022],[-73.26505,31.26022]]},"properties":{"elev":1000,"major":false}},{"type":"Feature","geometry":{"type":"LineString","coordinates":[[-67.89778,31.19832],[-67.92866,31.22927],[-67.89778,31.26022],[-67.86691,31.26022]]},"properties":{"elev":1000,"major":false}},{"type":"Feature","geometry":{"type":"LineString","coordinates":[[-121.23925,31.17962],[-121.20443,31.17962],[-121.16961,31.14472],[-121.20443,31.10981],[-121.23925,31.10981]]},"properties":{"elev":1000,"major":false}},{"type":"Feature","geometry":{"type":"LineString","coordinates":[[-72.65598,31.17962],[-72.62116,31.17962],[-72.58634,31.14472],[-72.62116,31.10981],[-72.65598,31.10981]]},"properties":{"elev":1000,"major":false}},{"type":"Feature","geometry":{"type":"LineString","coordinates":[[-67.25784,31.17962],[-67.22302,31.17962],[-67.1882,31.14472],[-67.22302,31.10981],[-67.25784,31.10981]]},"properties":{"elev":1000,"major":false}},{"type":"Feature","geometry":{"type":"LineString","coordinates":[[-120.22943,30.97058],[-120.19228,30.97058],[-120.15513,30.93333],[-120.15513,30.89609]]},"properties":{"elev":1000,"major":false}},{"type":"Feature","geometry":{"type":"LineString","coordinates":[[-71.64616,30.97058],[-71.60901,30.97058],[-71.57185,30.93333],[-71.57185,30.89609]]},"properties":{"elev":1000,"major":false}},{"type":"Feature","geometry":{"type":"LineString","coordinates":[[-66.24802,30.97058],[-66.21086,30.97058],[-66.17371,30.93333],[-66.17371,30.89609]]},"properties":{"elev":1000,"major":false}},{"type":"Feature","geometry":{"type":"LineString","coordinates":[[-124.31986,30.89644],[-124.31986,30.93333],[-124.28306,30.97022],[-124.24626,30.93333]]},"properties":{"elev":1000,"major":false}},{"type":"Feature","geometry":{"type":"LineString","coordinates":[[-75.73659,30.89644],[-75.73659,30.93333],[-75.69979,30.97022],[-75.66299,30.93333]]},"properties":{"elev":1000,"major":false}},{"type":"Feature","geometry":{"type":"LineString","coordinates":[[-70.33844,30.89644],[-70.33844,30.93333],[-70.30164,30.97022],[-70.26484,30.93333]]},"properties":{"elev":1000,"major":false}},{"type":"Feature","geometry":{"type":"LineString","coordinates":[[-124.58929,30.73299],[-124.62044,30.73299],[-124.65159,30.76423],[-124.62044,30.79546]]},"properties":{"elev":1000,"major":false}},{"type":"Feature","geometry":{"type":"LineString","coordinates":[[-76.00601,30.73299],[-76.03717,30.73299],[-76.06832,30.76423],[-76.03717,30.79546]]},"properties":{"elev":1000,"major":false}},{"type":"Feature","geometry":{"type":"LineString","coordinates":[[-70.60787,30.73299],[-70.63903,30.73299],[-70.67018,30.76423],[-70.63903,30.79546]]},"properties":{"elev":1000,"major":false}},{"type":"Feature","geometry":{"type":"LineString","coordinates":[[-123.31308,30.71081],[-123.28202,30.67967],[-123.31308,30.64853],[-123.34414,30.64853]]},"properties":{"elev":1000,"major":false}},{"type":"Feature","geometry":{"type":"LineString","coordinates":[[-123.11418,30.69167],[-123.14439,30.69167],[-123.1746,30.72195],[-123.1746,30.75223]]},"properties":{"elev":1000,"major":false}},{"type":"Feature","geometry":{"type":"LineString","coordinates":[[-120.81025,30.69433],[-120.81025,30.72195],[-120.7827,30.74957],[-120.75515,30.74957]]},"properties":{"elev":1000,"major":false}},{"type":"Feature","geometry":{"type":"LineString","coordinates":[[-74.72981,30.71081],[-74.69874,30.67967],[-74.72981,30.64853],[-74.76087,30.64853]]},"properties":{"elev":1000,"major":false}},{"type":"Feature","geometry":{"type":"LineString","coordinates":[[-74.53091,30.69167],[-74.56112,30.69167],[-74.59132,30.72195],[-74.59132,30.75223]]},"properties":{"elev":1000,"major":false}},{"type":"Feature","geometry":{"type":"LineString","coordinates":[[-72.22698,30.69433],[-72.22698,30.72195],[-72.19943,30.74957],[-72.17188,30.74957]]},"properties":{"elev":1000,"major":false}},{"type":"Feature","geometry":{"type":"LineString","coordinates":[[-69.33167,30.71081],[-69.3006,30.67967],[-69.33167,30.64853],[-69.36273,30.64853]]},"properties":{"elev":1000,"major":false}},{"type":"Feature","geometry":{"type":"LineString","coordinates":[[-69.13277,30.69167],[-69.16297,30.69167],[-69.19318,30.72195],[-69.19318,30.75223]]},"properties":{"elev":1000,"major":false}},{"type":"Feature","geometry":{"type":"LineString","coordinates":[[-66.82884,30.69433],[-66.82884,30.72195],[-66.80129,30.74957],[-66.77374,30.74957]]},"properties":{"elev":1000,"major":false}},{"type":"Feature","geometry":{"type":"LineString","coordinates":[[-124.61524,30.55806],[-124.61524,30.59512],[-124.57827,30.63218],[-124.5413,30.63218]]},"properties":{"elev":1000,"major":false}},{"type":"Feature","geometry":{"type":"LineString","coordinates":[[-76.03197,30.55806],[-76.03197,30.59512],[-75.995,30.63218],[-75.95803,30.63218]]},"properties":{"elev":1000,"major":false}},{"type":"Feature","geometry":{"type":"LineString","coordinates":[[-70.63382,30.55806],[-70.63382,30.59512],[-70.59685,30.63218],[-70.55989,30.63218]]},"properties":{"elev":1000,"major":false}},{"type":"Feature","geometry":{"type":"LineString","coordinates":[[-121.29981,30.41496],[-121.29981,30.42602],[-121.28878,30.43707],[-121.27775,30.42602]]},"properties":{"elev":1000,"major":false}},{"type":"Feature","geometry":{"type":"LineString","coordinates":[[-72.71653,30.41496],[-72.71653,30.42602],[-72.7055,30.43707],[-72.69448,30.42602]]},"properties":{"elev":1000,"major":false}},{"type":"Feature","geometry":{"type":"LineString","coordinates":[[-67.31839,30.41496],[-67.31839,30.42602],[-67.30736,30.43707],[-67.29633,30.42602]]},"properties":{"elev":1000,"major":false}},{"type":"Feature","geometry":{"type":"LineString","coordinates":[[-121.11005,30.30925],[-121.11005,30.34146],[-121.07791,30.37368],[-121.04578,30.34146]]},"properties":{"elev":1000,"major":false}},{"type":"Feature","geometry":{"type":"LineString","coordinates":[[-72.52677,30.30925],[-72.52677,30.34146],[-72.49464,30.37368],[-72.46251,30.34146]]},"properties":{"elev":1000,"major":false}},{"type":"Feature","geometry":{"type":"LineString","coordinates":[[-67.12863,30.30925],[-67.12863,30.34146],[-67.0965,30.37368],[-67.06436,30.34146]]},"properties":{"elev":1000,"major":false}},{"type":"Feature","geometry":{"type":"LineString","coordinates":[[-124.67515,30.07524],[-124.67515,30.04553],[-124.6331,30.00325],[-124.6331,29.97366]]},"properties":{"elev":1000,"major":false}},{"type":"Feature","geometry":{"type":"LineString","coordinates":[[-76.09188,30.07524],[-76.09188,30.04553],[-76.04983,30.00325],[-76.04983,29.97366]]},"properties":{"elev":1000,"major":false}},{"type":"Feature","geometry":{"type":"LineString","coordinates":[[-70.69374,30.07524],[-70.69374,30.04553],[-70.65168,30.00325],[-70.65168,29.97366]]},"properties":{"elev":1000,"major":false}},{"type":"Feature","geometry":{"type":"LineString","coordinates":[[-122.71127,29.63418],[-122.71127,29.62276],[-122.72266,29.61134],[-122.73405,29.61134]]},"properties":{"elev":1000,"major":false}},{"type":"Feature","geometry":{"type":"LineString","coordinates":[[-74.12799,29.63418],[-74.12799,29.62276],[-74.13939,29.61134],[-74.15078,29.61134]]},"properties":{"elev":1000,"major":false}},{"type":"Feature","geometry":{"type":"LineString","coordinates":[[-68.72985,29.63418],[-68.72985,29.62276],[-68.74124,29.61134],[-68.75264,29.61134]]},"properties":{"elev":1000,"major":false}},{"type":"Feature","geometry":{"type":"LineString","coordinates":[[-123.61433,29.54426],[-123.65046,29.54426],[-123.6866,29.58049],[-123.6866,29.61671]]},"properties":{"elev":1000,"major":false}},{"type":"Feature","geometry":{"type":"LineString","coordinates":[[-75.03106,29.54426],[-75.06719,29.54426],[-75.10333,29.58049],[-75.10333,29.61671]]},"properties":{"elev":1000,"major":false}},{"type":"Feature","geometry":{"type":"LineString","coordinates":[[-69.63291,29.54426],[-69.66905,29.54426],[-69.70518,29.58049],[-69.70518,29.61671]]},"properties":{"elev":1000,"major":false}},{"type":"Feature","geometry":{"type":"LineString","coordinates":[[-124.0781,29.53229],[-124.0781,29.49593],[-124.11437,29.45958],[-124.15064,29.45958]]},"properties":{"elev":1000,"major":false}},{"type":"Feature","geometry":{"type":"LineString","coordinates":[[-75.49482,29.53229],[-75.49482,29.49593],[-75.53109,29.45958],[-75.56736,29.45958]]},"properties":{"elev":1000,"major":false}},{"type":"Feature","geometry":{"type":"LineString","coordinates":[[-70.09668,29.53229],[-70.09668,29.49593],[-70.13295,29.45958],[-70.16922,29.45958]]},"properties":{"elev":1000,"major":false}},{"type":"Feature","geometry":{"type":"LineString","coordinates":[[-124.54317,29.46075],[-124.57827,29.46076],[-124.61337,29.49593],[-124.57827,29.53112]]},"properties":{"elev":1000,"major":false}},{"type":"Feature","geometry":{"type":"LineString","coordinates":[[-75.9599,29.46075],[-75.995,29.46076],[-76.03009,29.49593],[-75.995,29.53112]]},"properties":{"elev":1000,"major":false}},{"type":"Feature","geometry":{"type":"LineString","coordinates":[[-70.56176,29.46075],[-70.59685,29.46076],[-70.63195,29.49593],[-70.59685,29.53112]]},"properties":{"elev":1000,"major":false}},{"type":"Feature","geometry":{"type":"LineString","coordinates":[[-120.53638,28.22091],[-120.53621,28.18537],[-120.57184,28.14965],[-120.60746,28.18537]]},"properties":{"elev":1000,"major":false}},{"type":"Feature","geometry":{"type":"LineString","coordinates":[[-120.45008,28.22286],[-120.45008,28.18537],[-120.48749,28.14787],[-120.5249,28.18537],[-120.52477,28.22274]]},"properties":{"elev":1000,"major":false}},{"type":"Feature","geometry":{"type":"LineString","coordinates":[[-88.14753,28.22091],[-88.14736,28.18537],[-88.18299,28.14965],[-88.21861,28.18537]]},"properties":{"elev":1000,"major":false}},{"type":"Feature","geometry":{"type":"LineString","coordinates":[[-88.06123,28.22286],[-88.06123,28.18537],[-88.09864,28.14787],[-88.13605,28.18537],[-88.13592,28.22274]]},"properties":{"elev":1000,"major":false}},{"type":"Feature","geometry":{"type":"LineString","coordinates":[[-71.9531,28.22091],[-71.95294,28.18537],[-71.98856,28.14965],[-72.02419,28.18537]]},"properties":{"elev":1000,"major":false}},{"type":"Feature","geometry":{"type":"LineString","coordinates":[[-71.86681,28.22286],[-71.86681,28.18537],[-71.90422,28.14787],[-71.94162,28.18537],[-71.9415,28.22274]]},"properties":{"elev":1000,"major":false}},{"type":"Feature","geometry":{"type":"LineString","coordinates":[[-66.55496,28.22091],[-66.5548,28.18537],[-66.59042,28.14965],[-66.62605,28.18537]]},"properties":{"elev":1000,"major":false}},{"type":"Feature","geometry":{"type":"LineString","coordinates":[[-66.46867,28.22286],[-66.46867,28.18537],[-66.50608,28.14787],[-66.54348,28.18537],[-66.54336,28.22274]]},"properties":{"elev":1000,"major":false}},{"type":"Feature","geometry":{"type":"LineString","coordinates":[[-124.43804,28.15683],[-124.43804,28.18537],[-124.40958,28.2139],[-124.38111,28.18537]]},"properties":{"elev":1000,"major":false}},{"type":"Feature","geometry":{"type":"LineString","coordinates":[[-92.04919,28.15683],[-92.04919,28.18537],[-92.02073,28.2139],[-91.99227,28.18537]]},"properties":{"elev":1000,"major":false}},{"type":"Feature","geometry":{"type":"LineString","coordinates":[[-75.85477,28.15683],[-75.85477,28.18537],[-75.8263,28.2139],[-75.79784,28.18537]]},"properties":{"elev":1000,"major":false}},{"type":"Feature","geometry":{"type":"LineString","coordinates":[[-70.45663,28.15683],[-70.45663,28.18537],[-70.42816,28.2139],[-70.3997,28.18537]]},"properties":{"elev":1000,"major":false}},{"type":"Feature","geometry":{"type":"LineString","coordinates":[[-123.65732,28.13622],[-123.65732,28.14309],[-123.65046,28.14996],[-123.64361,28.14996]]},"properties":{"elev":1000,"major":false}},{"type":"Feature","geometry":{"type":"LineString","coordinates":[[-91.26847,28.13622],[-91.26847,28.14309],[-91.26162,28.14996],[-91.25476,28.14996]]},"properties":{"elev":1000,"major":false}},{"type":"Feature","geometry":{"type":"LineString","coordinates":[[-75.07405,28.13622],[-75.07405,28.14309],[-75.06719,28.14996],[-75.06033,28.14996]]},"properties":{"elev":1000,"major":false}},{"type":"Feature","geometry":{"type":"LineString","coordinates":[[-69.67591,28.13622],[-69.67591,28.14309],[-69.66905,28.14996],[-69.66219,28.14996]]},"properties":{"elev":1000,"major":false}},{"type":"Feature","geometry":{"type":"LineString","coordinates":[[-119.65304,27.56025],[-119.6862,27.56025],[-119.71937,27.5935],[-119.6862,27.62675],[-119.65304,27.62674]]},"properties":{"elev":1000,"major":false}},{"type":"Feature","geometry":{"type":"LineString","coordinates":[[-87.26419,27.56025],[-87.29736,27.56025],[-87.33052,27.5935],[-87.29736,27.62675],[-87.26419,27.62674]]},"properties":{"elev":1000,"major":false}},{"type":"Feature","geometry":{"type":"LineString","coordinates":[[-71.06977,27.56025],[-71.10293,27.56025],[-71.13609,27.5935],[-71.10293,27.62675],[-71.06977,27.62674]]},"properties":{"elev":1000,"major":false}},{"type":"Feature","geometry":{"type":"LineString","coordinates":[[-124.00641,27.10479],[-123.98785,27.10479],[-123.96929,27.08618],[-123.98785,27.06757],[-124.00641,27.06757]]},"properties":{"elev":1000,"major":false}},{"type":"Feature","geometry":{"type":"LineString","coordinates":[[-91.61756,27.10479],[-91.599,27.10479],[-91.58044,27.08618],[-91.599,27.06757],[-91.61756,27.06757]]},"properties":{"elev":1000,"major":false}},{"type":"Feature","geometry":{"type":"LineString","coordinates":[[-75.42314,27.10479],[-75.40457,27.10479],[-75.38601,27.08618],[-75.40457,27.06757],[-75.42314,27.06757]]},"properties":{"elev":1000,"major":false}},{"type":"Feature","geometry":{"type":"LineString","coordinates":[[-70.02499,27.10479],[-70.00643,27.10479],[-69.98787,27.08618],[-70.00643,27.06757],[-70.02499,27.06757]]},"properties":{"elev":1000,"major":false}},{"type":"Feature","geometry":{"type":"LineString","coordinates":[[-120.03656,27.07318],[-120.03656,27.0439],[-120.06576,27.01463],[-120.09497,27.0439]]},"properties":{"elev":1000,"major":false}},{"type":"Feature","geometry":{"type":"LineString","coordinates":[[-87.64771,27.07318],[-87.64771,27.0439],[-87.67691,27.01463],[-87.70612,27.0439]]},"properties":{"elev":1000,"major":false}},{"type":"Feature","geometry":{"type":"LineString","coordinates":[[-71.45328,27.07318],[-71.45328,27.0439],[-71.48249,27.01463],[-71.51169,27.0439]]},"properties":{"elev":1000,"major":false}},{"type":"Feature","geometry":{"type":"LineString","coordinates":[[-66.05514,27.07318],[-66.05514,27.0439],[-66.08435,27.01463],[-66.11355,27.0439]]},"properties":{"elev":1000,"major":false}},{"type":"Feature","geometry":{"type":"LineString","coordinates":[[-122.24651,26.82024],[-122.21658,26.82024],[-122.18669,26.79024],[-122.21658,26.76024],[-122.24651,26.76024]]},"properties":{"elev":1000,"major":false}},{"type":"Feature","geometry":{"type":"LineString","coordinates":[[-89.85766,26.82024],[-89.82773,26.82024],[-89.79784,26.79024],[-89.82773,26.76024],[-89.85766,26.76024]]},"properties":{"elev":1000,"major":false}},{"type":"Feature","geometry":{"type":"LineString","coordinates":[[-73.66324,26.82024],[-73.63331,26.82024],[-73.60342,26.79024],[-73.63331,26.76024],[-73.66324,26.76024]]},"properties":{"elev":1000,"major":false}},{"type":"Feature","geometry":{"type":"LineString","coordinates":[[-68.26509,26.82024],[-68.23517,26.82024],[-68.20528,26.79024],[-68.23517,26.76024],[-68.26509,26.76024]]},"properties":{"elev":1000,"major":false}},{"type":"Feature","geometry":{"type":"LineString","coordinates":[[-123.15407,26.29264],[-123.14439,26.29264],[-123.1347,26.28293],[-123.14439,26.27322]]},"properties":{"elev":1000,"major":false}},{"type":"Feature","geometry":{"type":"LineString","coordinates":[[-90.76523,26.29264],[-90.75554,26.29264],[-90.74585,26.28293],[-90.75554,26.27322]]},"properties":{"elev":1000,"major":false}},{"type":"Feature","geometry":{"type":"LineString","coordinates":[[-74.5708,26.29264],[-74.56112,26.29264],[-74.55143,26.28293],[-74.56112,26.27322]]},"properties":{"elev":1000,"major":false}},{"type":"Feature","geometry":{"type":"LineString","coordinates":[[-69.17266,26.29264],[-69.16297,26.29264],[-69.15329,26.28293],[-69.16297,26.27322]]},"properties":{"elev":1000,"major":false}},{"type":"Feature","geometry":{"type":"LineString","coordinates":[[-124.83854,25.85291],[-124.83854,25.81789],[-124.87348,25.78286],[-124.90842,25.78286]]},"properties":{"elev":1000,"major":false}},{"type":"Feature","geometry":{"type":"LineString","coordinates":[[-92.44969,25.85291],[-92.44969,25.81789],[-92.48463,25.78286],[-92.51957,25.78286]]},"properties":{"elev":1000,"major":false}},{"type":"Feature","geometry":{"type":"LineString","coordinates":[[-76.25527,25.85291],[-76.25527,25.81789],[-76.29021,25.78286],[-76.32515,25.78286]]},"properties":{"elev":1000,"major":false}},{"type":"Feature","geometry":{"type":"LineString","coordinates":[[-70.85712,25.85291],[-70.85712,25.81789],[-70.89207,25.78286],[-70.92701,25.78286]]},"properties":{"elev":1000,"major":false}},{"type":"Feature","geometry":{"type":"LineString","coordinates":[[-121.8792,25.78694],[-121.91007,25.81789],[-121.8792,25.84883],[-121.84833,25.84883]]},"properties":{"elev":1000,"major":false}},{"type":"Feature","geometry":{"type":"LineString","coordinates":[[-89.49035,25.78694],[-89.52122,25.81789],[-89.49035,25.84883],[-89.45948,25.84883]]},"properties":{"elev":1000,"major":false}},{"type":"Feature","geometry":{"type":"LineString","coordinates":[[-73.29593,25.78694],[-73.3268,25.81789],[-73.29593,25.84883],[-73.26505,25.84883]]},"properties":{"elev":1000,"major":false}},{"type":"Feature","geometry":{"type":"LineString","coordinates":[[-67.89778,25.78694],[-67.92866,25.81789],[-67.89778,25.84883],[-67.86691,25.84883]]},"properties":{"elev":1000,"major":false}},{"type":"Feature","geometry":{"type":"LineString","coordinates":[[-121.23925,25.76824],[-121.20443,25.76824],[-121.16961,25.73333],[-121.20443,25.69843],[-121.23925,25.69843]]},"properties":{"elev":1000,"major":false}},{"type":"Feature","geometry":{"type":"LineString","coordinates":[[-88.8504,25.76824],[-88.81558,25.76824],[-88.78076,25.73333],[-88.81558,25.69843],[-88.8504,25.69843]]},"properties":{"elev":1000,"major":false}},{"type":"Feature","geometry":{"type":"LineString","coordinates":[[-72.65598,25.76824],[-72.62116,25.76824],[-72.58634,25.73333],[-72.62116,25.69843],[-72.65598,25.69843]]},"properties":{"elev":1000,"major":false}},{"type":"Feature","geometry":{"type":"LineString","coordinates":[[-67.25784,25.76824],[-67.22302,25.76824],[-67.1882,25.73333],[-67.22302,25.69843],[-67.25784,25.69843]]},"properties":{"elev":1000,"major":false}},{"type":"Feature","geometry":{"type":"LineString","coordinates":[[-120.22943,25.5592],[-120.19228,25.5592],[-120.15513,25.52195],[-120.15513,25.48471]]},"properties":{"elev":1000,"major":false}},{"type":"Feature","geometry":{"type":"LineString","coordinates":[[-87.84058,25.5592],[-87.80343,25.5592],[-87.76628,25.52195],[-87.76628,25.48471]]},"properties":{"elev":1000,"major":false}},{"type":"Feature","geometry":{"type":"LineString","coordinates":[[-71.64616,25.5592],[-71.60901,25.5592],[-71.57185,25.52195],[-71.57185,25.48471]]},"properties":{"elev":1000,"major":false}},{"type":"Feature","geometry":{"type":"LineString","coordinates":[[-66.24802,25.5592],[-66.21086,25.5592],[-66.17371,25.52195],[-66.17371,25.48471]]},"properties":{"elev":1000,"major":false}},{"type":"Feature","geometry":{"type":"LineString","coordinates":[[-124.31986,25.48506],[-124.31986,25.52195],[-124.28306,25.55884],[-124.24626,25.52195]]},"properties":{"elev":1000,"major":false}},{"type":"Feature","geometry":{"type":"LineString","coordinates":[[-91.93101,25.48506],[-91.93101,25.52195],[-91.89421,25.55884],[-91.85741,25.52195]]},"properties":{"elev":1000,"major":false}},{"type":"Feature","geometry":{"type":"LineString","coordinates":[[-75.73659,25.48506],[-75.73659,25.52195],[-75.69979,25.55884],[-75.66299,25.52195]]},"properties":{"elev":1000,"major":false}},{"type":"Feature","geometry":{"type":"LineString","coordinates":[[-70.33844,25.48506],[-70.33844,25.52195],[-70.30164,25.55884],[-70.26484,25.52195]]},"properties":{"elev":1000,"major":false}},{"type":"Feature","geometry":{"type":"LineString","coordinates":[[-124.58929,25.32161],[-124.62044,25.32161],[-124.65159,25.35285],[-124.62044,25.38408]]},"properties":{"elev":1000,"major":false}},{"type":"Feature","geometry":{"type":"LineString","coordinates":[[-92.20044,25.32161],[-92.23159,25.32161],[-92.26274,25.35285],[-92.23159,25.38408]]},"properties":{"elev":1000,"major":false}},{"type":"Feature","geometry":{"type":"LineString","coordinates":[[-76.00601,25.32161],[-76.03717,25.32161],[-76.06832,25.35285],[-76.03717,25.38408]]},"properties":{"elev":1000,"major":false}},{"type":"Feature","geometry":{"type":"LineString","coordinates":[[-70.60787,25.32161],[-70.63903,25.32161],[-70.67018,25.35285],[-70.63903,25.38408]]},"properties":{"elev":1000,"major":false}},{"type":"Feature","geometry":{"type":"LineString","coordinates":[[-123.31308,25.29943],[-123.28202,25.26829],[-123.31308,25.23715],[-123.34414,25.23715]]},"properties":{"elev":1000,"major":false}},{"type":"Feature","geometry":{"type":"LineString","coordinates":[[-123.11418,25.28029],[-123.14439,25.28029],[-123.1746,25.31057],[-123.1746,25.34085]]},"properties":{"elev":1000,"major":false}},{"type":"Feature","geometry":{"type":"LineString","coordinates":[[-120.81025,25.28295],[-120.81025,25.31057],[-120.7827,25.33819],[-120.75515,25.33819]]},"properties":{"elev":1000,"major":false}},{"type":"Feature","geometry":{"type":"LineString","coordinates":[[-90.92423,25.29943],[-90.89317,25.26829],[-90.92423,25.23715],[-90.9553,25.23715]]},"properties":{"elev":1000,"major":false}},{"type":"Feature","geometry":{"type":"LineString","coordinates":[[-90.72533,25.28029],[-90.75554,25.28029],[-90.78575,25.31057],[-90.78575,25.34085]]},"properties":{"elev":1000,"major":false}},{"type":"Feature","geometry":{"type":"LineString","coordinates":[[-88.4214,25.28295],[-88.4214,25.31057],[-88.39385,25.33819],[-88.3663,25.33819]]},"properties":{"elev":1000,"major":false}},{"type":"Feature","geometry":{"type":"LineString","coordinates":[[-74.72981,25.29943],[-74.69874,25.26829],[-74.72981,25.23715],[-74.76087,25.23715]]},"properties":{"elev":1000,"major":false}},{"type":"Feature","geometry":{"type":"LineString","coordinates":[[-74.53091,25.28029],[-74.56112,25.28029],[-74.59132,25.31057],[-74.59132,25.34085]]},"properties":{"elev":1000,"major":false}},{"type":"Feature","geometry":{"type":"LineString","coordinates":[[-72.22698,25.28295],[-72.22698,25.31057],[-72.19943,25.33819],[-72.17188,25.33819]]},"properties":{"elev":1000,"major":false}},{"type":"Feature","geometry":{"type":"LineString","coordinates":[[-69.33167,25.29943],[-69.3006,25.26829],[-69.33167,25.23715],[-69.36273,25.23715]]},"properties":{"elev":1000,"major":false}},{"type":"Feature","geometry":{"type":"LineString","coordinates":[[-69.13277,25.28029],[-69.16297,25.28029],[-69.19318,25.31057],[-69.19318,25.34085]]},"properties":{"elev":1000,"major":false}},{"type":"Feature","geometry":{"type":"LineString","coordinates":[[-66.82884,25.28295],[-66.82884,25.31057],[-66.80129,25.33819],[-66.77374,25.33819]]},"properties":{"elev":1000,"major":false}},{"type":"Feature","geometry":{"type":"LineString","coordinates":[[-124.61524,25.14668],[-124.61524,25.18374],[-124.57827,25.2208],[-124.5413,25.2208]]},"properties":{"elev":1000,"major":false}},{"type":"Feature","geometry":{"type":"LineString","coordinates":[[-92.22639,25.14668],[-92.22639,25.18374],[-92.18942,25.2208],[-92.15245,25.2208]]},"properties":{"elev":1000,"major":false}},{"type":"Feature","geometry":{"type":"LineString","coordinates":[[-76.03197,25.14668],[-76.03197,25.18374],[-75.995,25.2208],[-75.95803,25.2208]]},"properties":{"elev":1000,"major":false}},{"type":"Feature","geometry":{"type":"LineString","coordinates":[[-70.63382,25.14668],[-70.63382,25.18374],[-70.59685,25.2208],[-70.55989,25.2208]]},"properties":{"elev":1000,"major":false}},{"type":"Feature","geometry":{"type":"LineString","coordinates":[[-121.29981,25.00358],[-121.29981,25.01463],[-121.28878,25.02569],[-121.27775,25.01463]]},"properties":{"elev":1000,"major":false}},{"type":"Feature","geometry":{"type":"LineString","coordinates":[[-88.91096,25.00358],[-88.91096,25.01463],[-88.89993,25.02569],[-88.8889,25.01463]]},"properties":{"elev":1000,"major":false}},{"type":"Feature","geometry":{"type":"LineString","coordinates":[[-72.71653,25.00358],[-72.71653,25.01463],[-72.7055,25.02569],[-72.69448,25.01463]]},"properties":{"elev":1000,"major":false}},{"type":"Feature","geometry":{"type":"LineString","coordinates":[[-67.31839,25.00358],[-67.31839,25.01463],[-67.30736,25.02569],[-67.29633,25.01463]]},"properties":{"elev":1000,"major":false}},{"type":"Feature","geometry":{"type":"LineString","coordinates":[[-121.11005,24.89787],[-121.11005,24.93008],[-121.07791,24.96229],[-121.04578,24.93008]]},"properties":{"elev":1000,"major":false}},{"type":"Feature","geometry":{"type":"LineString","coordinates":[[-88.7212,24.89787],[-88.7212,24.93008],[-88.68906,24.96229],[-88.65693,24.93008]]},"properties":{"elev":1000,"major":false}},{"type":"Feature","geometry":{"type":"LineString","coordinates":[[-72.52677,24.89787],[-72.52677,24.93008],[-72.49464,24.96229],[-72.46251,24.93008]]},"properties":{"elev":1000,"major":false}},{"type":"Feature","geometry":{"type":"LineString","coordinates":[[-67.12863,24.89787],[-67.12863,24.93008],[-67.0965,24.96229],[-67.06436,24.93008]]},"properties":{"elev":1000,"major":false}},{"type":"Feature","geometry":{"type":"LineString","coordinates":[[-124.67515,24.66386],[-124.67515,24.63415],[-124.6331,24.59187],[-124.6331,24.56228]]},"properties":{"elev":1000,"major":false}},{"type":"Feature","geometry":{"type":"LineString","coordinates":[[-92.2863,24.66386],[-92.2863,24.63415],[-92.24425,24.59187],[-92.24425,24.56228]]},"properties":{"elev":1000,"major":false}},{"type":"Feature","geometry":{"type":"LineString","coordinates":[[-76.09188,24.66386],[-76.09188,24.63415],[-76.04983,24.59187],[-76.04983,24.56228]]},"properties":{"elev":1000,"major":false}},{"type":"Feature","geometry":{"type":"LineString","coordinates":[[-70.69374,24.66386],[-70.69374,24.63415],[-70.65168,24.59187],[-70.65168,24.56228]]},"properties":{"elev":1000,"major":false}},{"type":"Feature","geometry":{"type":"LineString","coordinates":[[-122.71127,24.2228],[-122.71127,24.21138],[-122.72266,24.19996],[-122.73405,24.19996]]},"properties":{"elev":1000,"major":false}},{"type":"Feature","geometry":{"type":"LineString","coordinates":[[-90.32242,24.2228],[-90.32242,24.21138],[-90.33381,24.19996],[-90.3452,24.19996]]},"properties":{"elev":1000,"major":false}},{"type":"Feature","geometry":{"type":"LineString","coordinates":[[-74.12799,24.2228],[-74.12799,24.21138],[-74.13939,24.19996],[-74.15078,24.19996]]},"properties":{"elev":1000,"major":false}},{"type":"Feature","geometry":{"type":"LineString","coordinates":[[-68.72985,24.2228],[-68.72985,24.21138],[-68.74124,24.19996],[-68.75264,24.19996]]},"properties":{"elev":1000,"major":false}},{"type":"Feature","geometry":{"type":"LineString","coordinates":[[-123.61433,24.13288],[-123.65046,24.13288],[-123.6866,24.16911],[-123.6866,24.20533]]},"properties":{"elev":1000,"major":false}},{"type":"Feature","geometry":{"type":"LineString","coordinates":[[-91.22548,24.13288],[-91.26162,24.13288],[-91.29775,24.16911],[-91.29775,24.20533]]},"properties":{"elev":1000,"major":false}},{"type":"Feature","geometry":{"type":"LineString","coordinates":[[-75.03106,24.13288],[-75.06719,24.13288],[-75.10333,24.16911],[-75.10333,24.20533]]},"properties":{"elev":1000,"major":false}},{"type":"Feature","geometry":{"type":"LineString","coordinates":[[-69.63291,24.13288],[-69.66905,24.13288],[-69.70518,24.16911],[-69.70518,24.20533]]},"properties":{"elev":1000,"major":false}},{"type":"Feature","geometry":{"type":"LineString","coordinates":[[-124.0781,24.12091],[-124.0781,24.08455],[-124.11437,24.04819],[-124.15064,24.04819]]},"properties":{"elev":1000,"major":false}},{"type":"Feature","geometry":{"type":"LineString","coordinates":[[-91.68925,24.12091],[-91.68925,24.08455],[-91.72552,24.04819],[-91.76179,24.04819]]},"properties":{"elev":1000,"major":false}},{"type":"Feature","geometry":{"type":"LineString","coordinates":[[-75.49482,24.12091],[-75.49482,24.08455],[-75.53109,24.04819],[-75.56736,24.04819]]},"properties":{"elev":1000,"major":false}},{"type":"Feature","geometry":{"type":"LineString","coordinates":[[-70.09668,24.12091],[-70.09668,24.08455],[-70.13295,24.04819],[-70.16922,24.04819]]},"properties":{"elev":1000,"major":false}},{"type":"Feature","geometry":{"type":"LineString","coordinates":[[-124.54317,24.04937],[-124.57827,24.04937],[-124.61337,24.08455],[-124.57827,24.11974]]},"properties":{"elev":1000,"major":false}},{"type":"Feature","geometry":{"type":"LineString","coordinates":[[-92.15432,24.04937],[-92.18942,24.04937],[-92.22452,24.08455],[-92.18942,24.11974]]},"properties":{"elev":1000,"major":false}},{"type":"Feature","geometry":{"type":"LineString","coordinates":[[-75.9599,24.04937],[-75.995,24.04937],[-76.03009,24.08455],[-75.995,24.11974]]},"properties":{"elev":1000,"major":false}},{"type":"Feature","geometry":{"type":"LineString","coordinates":[[-70.56176,24.04937],[-70.59685,24.04937],[-70.63195,24.08455],[-70.59685,24.11974]]},"properties":{"elev":1000,"major":false}},{"type":"Feature","geometry":{"type":"LineString","coordinates":[[-106.00448,24.0],[-105.97999,24.01679],[-105.96249,24.04228],[-105.93781,24.06924],[-105.89564,24.07638],[-105.88909,24.08455],[-105.89564,24.09972],[-105.93781,24.09624],[-105.97999,24.09571],[-106.02216,24.07755],[-106.06433,24.07576],[-106.1065,24.08136],[-106.14868,24.05404],[-106.19085,24.05431],[-106.23302,24.07861],[-106.23774,24.08455],[-106.2567,24.12683],[-106.24268,24.16911],[-106.19085,24.20902],[-106.18997,24.21138],[-106.19085,24.21487],[-106.2752,24.23455],[-106.30137,24.25366],[-106.31737,24.26744],[-106.35138,24.25366],[-106.35954,24.24767],[-106.39263,24.16911],[-106.40172,24.15626],[-106.44389,24.16015],[-106.45627,24.16911],[-106.48778,24.25366],[-106.46494,24.29593],[-106.45613,24.33821],[-106.46793,24.38049],[-106.44389,24.42526],[-106.4196,24.46504],[-106.44389,24.48101],[-106.48606,24.46511],[-106.52413,24.50732],[-106.53093,24.54959],[-106.53163,24.59187],[-106.52823,24.60492],[-106.48606,24.60986],[-106.46491,24.59187],[-106.44389,24.5526],[-106.41063,24.50732],[-106.40172,24.49146],[-106.39589,24.50732],[-106.35954,24.54257],[-106.35382,24.54959],[-106.31737,24.57768],[-106.2752,24.55153],[-106.23302,24.57806],[-106.2221,24.59187],[-106.23302,24.59582],[-106.2752,24.60396],[-106.30685,24.63415],[-106.31737,24.64756],[-106.35954,24.66334],[-106.37771,24.67642],[-106.35954,24.7096],[-106.35308,24.7187],[-106.33526,24.76098],[-106.35954,24.783],[-106.38847,24.80325],[-106.39749,24.84553],[-106.39572,24.8878],[-106.40172,24.91661],[-106.40915,24.8878],[-106.44389,24.84869],[-106.48606,24.83462],[-106.52733,24.80325],[-106.521,24.76098],[-106.52823,24.73777],[-106.54069,24.7187],[-106.57041,24.70881],[-106.59424,24.7187],[-106.62675,24.76098],[-106.69219,24.80325],[-106.69693,24.81825],[-106.70969,24.84553],[-106.71778,24.8878],[-106.74127,24.93008],[-106.74102,24.97236],[-106.69693,25.0042],[-106.67672,25.01463],[-106.68469,25.05691],[-106.68402,25.09919],[-106.69693,25.10353],[-106.71367,25.09919],[-106.7391,25.08705],[-106.80878,25.09919],[-106.78127,25.11511],[-106.77657,25.14146],[-106.78127,25.17545],[-106.7852,25.18374],[-106.82345,25.19646],[-106.86562,25.15661],[-106.90779,25.14532],[-106.94996,25.15425],[-106.99214,25.17025],[-107.02748,25.14146],[-107.03431,25.13241],[-107.07648,25.11838],[-107.11866,25.12426],[-107.16083,25.14],[-107.1625,25.14146],[-107.16083,25.1462],[-107.14516,25.18374],[-107.11866,25.20025],[-106.99214,25.1911],[-106.94996,25.20954],[-106.9297,25.22602],[-106.90779,25.25297],[-106.89042,25.26829],[-106.90779,25.28645],[-106.94996,25.29068],[-106.99214,25.28748],[-107.03431,25.30435],[-107.04116,25.31057],[-107.10198,25.35285],[-107.12403,25.39512],[-107.10137,25.4374],[-107.10599,25.47967],[-107.11843,25.52195],[-107.14675,25.56423],[-107.16083,25.60573],[-107.19799,25.56423],[-107.18368,25.52195],[-107.1978,25.47967],[-107.203,25.47436],[-107.24518,25.46786],[-107.25802,25.47967],[-107.26634,25.52195],[-107.26939,25.56423],[-107.28735,25.57575],[-107.30728,25.56423],[-107.33868,25.52195],[-107.32852,25.47967],[-107.37169,25.46411],[-107.38695,25.47967],[-107.39282,25.52195],[-107.41387,25.54002],[-107.45604,25.59237],[-107.49821,25.65695],[-107.54039,25.68239],[-107.58256,25.67962],[-107.62473,25.68428],[-107.62991,25.69106],[-107.6669,25.72287],[-107.67644,25.73333],[-107.69244,25.77561],[-107.68882,25.81789],[-107.68835,25.86016],[-107.69768,25.90244],[-107.69626,25.94472],[-107.70908,25.96806],[-107.72608,25.98699],[-107.74701,26.02927],[-107.72457,26.07154],[-107.70908,26.08323],[-107.69042,26.07154],[-107.64213,26.02927],[-107.62473,26.01116],[-107.58256,25.98645],[-107.54039,25.94668],[-107.49821,25.92531],[-107.4736,25.90244],[-107.46068,25.86016],[-107.4312,25.81789],[-107.41387,25.80558],[-107.38119,25.77561],[-107.37169,25.7545],[-107.35915,25.73333],[-107.34445,25.69106],[-107.32952,25.6625],[-107.28735,25.66567],[-107.24518,25.67649],[-107.21321,25.69106],[-107.203,25.70868],[-107.19845,25.73333],[-107.203,25.74218],[-107.22965,25.77561],[-107.24427,25.81789],[-107.21922,25.86016],[-107.203,25.88156],[-107.18133,25.90244],[-107.203,25.9418],[-107.22633,25.90244],[-107.24518,25.88849],[-107.28735,25.88516],[-107.3241,25.90244],[-107.32952,25.91108],[-107.34111,25.94472],[-107.36745,25.98699],[-107.37169,25.99013],[-107.41387,25.999],[-107.45593,26.02927],[-107.49821,26.07386],[-107.54039,26.10348],[-107.56243,26.11382],[-107.5697,26.1561],[-107.58256,26.16603],[-107.61914,26.19837],[-107.66398,26.24065],[-107.67096,26.28293],[-107.69619,26.3252],[-107.70402,26.36748],[-107.70908,26.37885],[-107.75125,26.36318],[-107.78262,26.3252],[-107.79342,26.31829],[-107.8356,26.31485],[-107.85659,26.28293],[-107.8356,26.21422],[-107.82947,26.19837],[-107.8356,26.18533],[-107.87777,26.18539],[-107.89379,26.19837],[-107.91994,26.22405],[-107.96212,26.22727],[-107.96978,26.19837],[-107.964,26.1561],[-108.00429,26.133],[-108.03072,26.1561],[-108.04646,26.17301],[-108.06724,26.1561],[-108.08863,26.13379],[-108.11999,26.1561],[-108.10888,26.19837],[-108.08863,26.21776],[-108.0758,26.24065],[-108.0813,26.28293],[-108.06915,26.3252],[-108.04974,26.36748],[-108.04689,26.40976],[-108.04748,26.45203],[-108.05036,26.49431],[-108.04646,26.50418],[-108.02046,26.53659],[-108.00429,26.55263],[-107.99671,26.57886],[-108.00429,26.59042],[-108.01691,26.62114],[-108.01128,26.66341],[-108.04646,26.70315],[-108.05041,26.70569],[-108.08863,26.72743],[-108.13081,26.73512],[-108.14368,26.74797],[-108.17796,26.79024],[-108.17298,26.79611],[-108.13081,26.7966],[-108.08863,26.79962],[-108.0625,26.83252],[-108.04646,26.84373],[-108.00429,26.84959],[-107.96212,26.85277],[-107.91994,26.82242],[-107.88931,26.79024],[-107.87777,26.7453],[-107.8356,26.70845],[-107.79342,26.74181],[-107.75125,26.74693],[-107.70908,26.72466],[-107.68405,26.70569],[-107.69121,26.66341],[-107.69647,26.62114],[-107.6669,26.59867],[-107.63718,26.57886],[-107.62473,26.57214],[-107.60353,26.57886],[-107.61949,26.62114],[-107.62456,26.66341],[-107.60228,26.70569],[-107.58256,26.72058],[-107.55227,26.74797],[-107.58256,26.76534],[-107.62473,26.77804],[-107.64139,26.79024],[-107.6669,26.81671],[-107.67834,26.83252],[-107.68279,26.8748],[-107.69045,26.91707],[-107.68559,26.95935],[-107.7037,27.00163],[-107.70412,27.0439],[-107.70908,27.05236],[-107.73834,27.00163],[-107.72868,26.95935],[-107.74442,26.91707],[-107.75125,26.9094],[-107.79342,26.95808],[-107.82313,27.00163],[-107.8356,27.01716],[-107.87186,27.0439],[-107.87777,27.05246],[-107.87987,27.0439],[-107.91994,27.00375],[-107.96212,27.00767],[-108.00429,26.99651],[-108.04646,26.98752],[-108.075,26.95935],[-108.08863,26.93757],[-108.11798,26.95935],[-108.13081,26.97131],[-108.17298,26.98806],[-108.19979,27.00163],[-108.21515,27.01398],[-108.25733,27.02619],[-108.2995,27.01372],[-108.34167,27.03771],[-108.39115,27.0439],[-108.42602,27.0593],[-108.43829,27.08618],[-108.45197,27.12846],[-108.44113,27.17073],[-108.42602,27.18417],[-108.37356,27.21301],[-108.38385,27.22865],[-108.39746,27.25528],[-108.43597,27.29756],[-108.42602,27.31805],[-108.41337,27.33984],[-108.42171,27.38211],[-108.38385,27.4139],[-108.36451,27.42439],[-108.34167,27.44118],[-108.2995,27.46596],[-108.29457,27.46667],[-108.38786,27.50894],[-108.41194,27.55122],[-108.3998,27.5935],[-108.38385,27.60545],[-108.36809,27.63577],[-108.38385,27.64877],[-108.41558,27.63577],[-108.42602,27.62154],[-108.45029,27.5935],[-108.46819,27.58494],[-108.49732,27.55122],[-108.51036,27.54088],[-108.55254,27.5396],[-108.59471,27.51477],[-108.59826,27.50894],[-108.60199,27.46667],[-108.6219,27.42439],[-108.59471,27.39311],[-108.58735,27.38211],[-108.55254,27.35],[-108.54371,27.33984],[-108.51531,27.29756],[-108.50883,27.25528],[-108.50513,27.21301],[-108.52211,27.17073],[-108.51973,27.12846],[-108.53784,27.08618],[-108.53293,27.0439],[-108.55031,27.00163],[-108.55254,26.99944],[-108.59471,26.99538],[-108.61605,27.00163],[-108.62483,27.0439],[-108.63688,27.07063],[-108.67906,27.07926],[-108.72123,27.08423],[-108.72411,27.08618],[-108.74245,27.12846],[-108.73607,27.17073],[-108.72123,27.20601],[-108.71534,27.21301],[-108.71151,27.25528],[-108.72123,27.28217],[-108.72421,27.29756],[-108.70896,27.33984],[-108.67811,27.38211],[-108.69336,27.42439],[-108.69168,27.46667],[-108.72123,27.49435],[-108.73453,27.50894],[-108.75908,27.55122],[-108.76445,27.5935],[-108.7634,27.5982],[-108.72123,27.63178],[-108.71002,27.63577],[-108.71639,27.67805],[-108.70644,27.72033],[-108.71187,27.7626],[-108.72211,27.80488],[-108.67906,27.84419],[-108.67073,27.84715],[-108.67552,27.88943],[-108.65187,27.93171],[-108.71375,27.97398],[-108.72123,27.99902],[-108.7634,28.02712],[-108.76827,28.01626],[-108.80558,27.99374],[-108.82818,27.97398],[-108.84775,27.96049],[-108.86668,27.93171],[-108.86894,27.88943],[-108.86222,27.84715],[-108.8699,27.80488],[-108.88992,27.76861],[-108.90039,27.7626],[-108.93209,27.74019],[-108.95284,27.7626],[-108.97673,27.80488],[-108.97262,27.84715],[-108.97427,27.85653],[-108.98568,27.88943],[-109.01644,27.91521],[-109.0483,27.93171],[-109.05861,27.93916],[-109.08097,27.93171],[-109.10079,27.91959],[-109.14296,27.89767],[-109.16068,27.93171],[-109.14296,27.96263],[-109.12768,27.97398],[-109.10508,28.01626],[-109.11405,28.05854],[-109.14296,28.08319],[-109.15796,28.10081],[-109.14296,28.12406],[-109.13377,28.14309],[-109.11759,28.18537],[-109.12189,28.22764],[-109.1356,28.26992],[-109.13699,28.3122],[-109.1228,28.39675],[-109.11227,28.43902],[-109.1337,28.4813],[-109.13275,28.52358],[-109.10079,28.54315],[-109.07247,28.56585],[-109.06009,28.60813],[-109.06115,28.65041],[-109.06585,28.69268],[-109.08023,28.73496],[-109.08647,28.77724],[-109.09068,28.81951],[-109.0872,28.86179],[-109.05861,28.89996],[-109.04973,28.90407],[-109.04305,28.94634],[-109.06817,28.98862],[-109.08838,29.03089],[-109.08215,29.07317],[-109.03275,29.15772],[-109.03184,29.2],[-109.04027,29.24228],[-109.0385,29.28455],[-109.01644,29.30086],[-108.97427,29.30853],[-108.9465,29.28455],[-108.90991,29.2],[-108.90093,29.15772],[-108.88992,29.13557],[-108.87609,29.11545],[-108.84775,29.08726],[-108.80558,29.08459],[-108.7634,29.0752],[-108.74674,29.11545],[-108.7634,29.15864],[-108.80014,29.2],[-108.8269,29.24228],[-108.83968,29.28455],[-108.86905,29.32683],[-108.84775,29.34264],[-108.80558,29.34192],[-108.7634,29.36739],[-108.75643,29.41138],[-108.76267,29.45366],[-108.79146,29.49593],[-108.80558,29.53805],[-108.84775,29.53391],[-108.88328,29.49593],[-108.88992,29.48544],[-108.91864,29.49593],[-108.93209,29.51113],[-108.93629,29.53821],[-108.93853,29.62276],[-108.92534,29.66504],[-108.926,29.70732],[-108.93209,29.71138],[-108.97427,29.72685],[-109.01644,29.70952],[-109.01916,29.70732],[-109.01644,29.69761],[-109.01142,29.66504],[-109.01644,29.65301],[-109.03701,29.62276],[-109.05861,29.60842],[-109.10079,29.595],[-109.13947,29.58049],[-109.14357,29.58049],[-109.15178,29.62276],[-109.16445,29.66504],[-109.14296,29.6824],[-109.10079,29.69779],[-109.08808,29.70732],[-109.06854,29.74959],[-109.07567,29.79187],[-109.08557,29.83415],[-109.08655,29.87642],[-109.09375,29.9187],[-109.10079,29.92618],[-109.14368,29.9187],[-109.16459,29.87642],[-109.17478,29.83415],[-109.18209,29.79187],[-109.18513,29.78845],[-109.22731,29.80865],[-109.23858,29.83415],[-109.25032,29.87642],[-109.23538,29.9187],[-109.22731,29.93182],[-109.20141,29.96098],[-109.19138,30.00325],[-109.20721,30.04553],[-109.21628,30.13008],[-109.22329,30.17236],[-109.238,30.21463],[-109.26061,30.25691],[-109.26948,30.27945],[-109.28046,30.29919],[-109.29694,30.34146],[-109.30805,30.38374],[-109.32788,30.42602],[-109.33111,30.46829],[-109.32606,30.51057],[-109.32859,30.55285],[-109.30825,30.59512],[-109.29268,30.67967],[-109.3015,30.72195],[-109.31165,30.72551],[-109.31848,30.72195],[-109.35382,30.71404],[-109.38769,30.67967],[-109.396,30.66779],[-109.41226,30.6374],[-109.42034,30.59512],[-109.40595,30.55285],[-109.39805,30.51057],[-109.40101,30.46829],[-109.42944,30.42602],[-109.41649,30.38374],[-109.42053,30.34146],[-109.43817,30.33266],[-109.46617,30.29919],[-109.43817,30.28108],[-109.41127,30.25691],[-109.396,30.23315],[-109.3871,30.21463],[-109.38091,30.17236],[-109.3813,30.13008],[-109.396,30.09198],[-109.39918,30.0878],[-109.43817,30.06065],[-109.48034,30.0517],[-109.48307,30.04553],[-109.48034,30.038],[-109.44169,29.96098],[-109.42715,29.9187],[-109.40178,29.87642],[-109.36533,29.83415],[-109.35382,29.81777],[-109.34307,29.79187],[-109.35576,29.74959],[-109.396,29.70847],[-109.43817,29.70846],[-109.47016,29.74959],[-109.44553,29.79187],[-109.48034,29.8274],[-109.49568,29.83415],[-109.52252,29.83818],[-109.56469,29.87276],[-109.58964,29.9187],[-109.60686,29.95723],[-109.63983,30.00325],[-109.64904,30.01272],[-109.68877,30.04553],[-109.69121,30.06623],[-109.69565,30.0878],[-109.68518,30.13008],[-109.69121,30.16811],[-109.69261,30.17236],[-109.71695,30.21463],[-109.73338,30.22996],[-109.77555,30.2472],[-109.81773,30.24604],[-109.82461,30.21463],[-109.83676,30.17236],[-109.86068,30.13008],[-109.86104,30.0878],[-109.85184,30.04553],[-109.8599,30.03675],[-109.90207,30.04572],[-109.94425,30.06686],[-109.98642,30.09457],[-109.9921,30.0878],[-109.9908,30.04553],[-109.98642,30.03797],[-109.92589,29.96098],[-109.90145,29.9187],[-109.88181,29.87642],[-109.8802,29.83415],[-109.87413,29.79187],[-109.8599,29.76449],[-109.84351,29.74959],[-109.81773,29.72093],[-109.80075,29.74959],[-109.78857,29.79187],[-109.77555,29.80498],[-109.7593,29.79187],[-109.73884,29.74959],[-109.73338,29.74189],[-109.72465,29.70732],[-109.7247,29.66504],[-109.73338,29.63107],[-109.74757,29.62276],[-109.77555,29.61503],[-109.78643,29.62276],[-109.81773,29.65055],[-109.84968,29.66504],[-109.8599,29.6733],[-109.90353,29.66504],[-109.94425,29.63292],[-109.95603,29.62276],[-109.94979,29.58049],[-109.94425,29.577],[-109.91835,29.53821],[-109.91737,29.49593],[-109.94425,29.47094],[-109.96835,29.45366],[-109.98642,29.44382],[-109.99407,29.45366],[-110.01359,29.49593],[-110.01132,29.53821],[-110.00668,29.58049],[-109.99745,29.62276],[-110.0073,29.66504],[-110.00718,29.70732],[-110.02859,29.74349],[-110.04659,29.74959],[-110.05245,29.79187],[-110.08326,29.83415],[-110.09769,29.87642],[-110.10253,29.9187],[-110.10433,29.96098],[-110.11063,30.00325],[-110.11294,30.01142],[-110.13248,30.04553],[-110.14657,30.0878],[-110.15511,30.12429],[-110.17371,30.17236],[-110.18315,30.21463],[-110.17639,30.25691],[-110.11294,30.33067],[-110.09028,30.34146],[-110.11294,30.36841],[-110.12321,30.38374],[-110.15511,30.43952],[-110.16299,30.42602],[-110.19728,30.3924],[-110.20238,30.38374],[-110.20897,30.34146],[-110.23683,30.29919],[-110.26161,30.25691],[-110.28163,30.23475],[-110.29307,30.21463],[-110.3238,30.17857],[-110.3305,30.17236],[-110.32148,30.13008],[-110.33732,30.0878],[-110.36241,30.00325],[-110.39283,29.96098],[-110.37435,29.9187],[-110.36598,29.90313],[-110.34058,29.87642],[-110.3238,29.86812],[-110.28163,29.83789],[-110.28005,29.83415],[-110.26965,29.79187],[-110.27339,29.74959],[-110.23826,29.70732],[-110.2231,29.66504],[-110.21793,29.58049],[-110.23946,29.5548],[-110.28163,29.56707],[-110.29125,29.58049],[-110.3013,29.62276],[-110.32007,29.66504],[-110.32422,29.70732],[-110.36598,29.72986],[-110.38832,29.74959],[-110.41411,29.79187],[-110.44306,29.83415],[-110.49032,29.87642],[-110.50287,29.9187],[-110.52333,29.96098],[-110.53467,29.9709],[-110.57684,30.0207],[-110.60287,30.04553],[-110.62659,30.0878],[-110.61247,30.13008],[-110.60771,30.17236],[-110.60633,30.21463],[-110.61901,30.25427],[-110.65935,30.29919],[-110.64436,30.34146],[-110.65106,30.38374],[-110.66119,30.39674],[-110.70336,30.43895],[-110.71081,30.42602],[-110.74553,30.38557],[-110.74664,30.38374],[-110.74553,30.37673],[-110.73813,30.34146],[-110.72408,30.29919],[-110.73939,30.25691],[-110.74553,30.2448],[-110.78771,30.21656],[-110.82988,30.23851],[-110.84317,30.25691],[-110.86224,30.29919],[-110.89476,30.34146],[-110.89446,30.38374],[-110.88866,30.42602],[-110.8875,30.46829],[-110.87205,30.48088],[-110.82988,30.49757],[-110.81658,30.51057],[-110.80369,30.55285],[-110.8156,30.59512],[-110.81645,30.67967],[-110.81814,30.72195],[-110.78771,30.75558],[-110.77822,30.76423],[-110.7598,30.8065],[-110.78771,30.82934],[-110.80825,30.84878],[-110.82988,30.87676],[-110.87205,30.86895],[-110.88729,30.84878],[-110.91422,30.79624],[-110.92779,30.76423],[-110.9564,30.73172],[-110.99857,30.72462],[-111.03852,30.76423],[-111.05145,30.8065],[-111.07065,30.89106],[-111.08292,30.91539],[-111.09905,30.93333],[-111.12509,30.96889],[-111.16726,30.9925],[-111.20944,30.97276],[-111.21745,30.97561],[-111.25161,31.01575],[-111.26059,31.06016],[-111.25712,31.10244],[-111.24793,31.14472],[-111.25161,31.15101],[-111.26499,31.18699],[-111.25438,31.22927],[-111.28091,31.27154],[-111.29378,31.2984],[-111.33595,31.30295],[-111.36805,31.27154],[-111.37261,31.18699],[-111.39322,31.14472],[-111.4203,31.12132],[-111.46247,31.11482],[-111.49919,31.14472],[-111.50615,31.18699],[-111.5088,31.22927],[-111.50777,31.3561],[-111.55354,31.39837],[-111.58899,31.42354],[-111.64169,31.5252],[-111.65943,31.56748],[-111.66969,31.65203],[-111.66957,31.69431],[-111.66128,31.73659],[-111.6573,31.77886],[-111.65075,31.82114],[-111.66874,31.86341],[-111.6792,31.90569],[-111.67712,31.94797],[-111.65174,31.99024],[-111.63117,32.00663],[-111.58899,32.0201],[-111.54682,32.02704],[-111.50465,32.02306],[-111.46293,31.99024],[-111.46057,31.94797],[-111.46745,31.90569],[-111.4718,31.86341],[-111.46247,31.82787],[-111.43849,31.77886],[-111.4203,31.72126],[-111.37813,31.72278],[-111.35436,31.73659],[-111.33595,31.76852],[-111.33321,31.77886],[-111.34078,31.82114],[-111.33595,31.84012],[-111.3327,31.86341],[-111.3233,31.90569],[-111.30432,31.94797],[-111.29378,31.96029],[-111.26377,31.99024],[-111.25161,31.99736],[-111.20944,32.01342],[-111.16726,32.01992],[-111.12509,32.01757],[-111.08292,31.99857],[-111.07101,31.99024],[-111.03707,31.94797],[-111.02781,31.90569],[-111.0244,31.86341],[-111.03806,31.82114],[-111.08292,31.74493],[-111.09047,31.73659],[-111.08805,31.69431],[-111.04226,31.65203],[-111.04074,31.64903],[-111.01809,31.69431],[-110.99857,31.7121],[-110.9818,31.73659],[-110.93718,31.77886],[-110.90295,31.82114],[-110.78771,31.94241],[-110.78057,31.94797],[-110.74553,31.98342],[-110.73415,31.99024],[-110.68991,32.03252],[-110.66309,32.0748],[-110.66038,32.11707],[-110.70336,32.14906],[-110.71017,32.15935],[-110.70336,32.17124],[-110.69513,32.20163],[-110.67238,32.2439],[-110.70336,32.27853],[-110.71383,32.28618],[-110.74553,32.29474],[-110.78771,32.30355],[-110.82988,32.30624],[-110.87205,32.3126],[-110.90168,32.32846],[-110.91422,32.33651],[-110.94099,32.37073],[-110.90439,32.41301],[-110.88519,32.45528],[-110.89132,32.49756],[-110.91422,32.51626],[-110.94851,32.49756],[-110.9564,32.49443],[-110.99857,32.4667],[-111.04074,32.46662],[-111.07867,32.49756],[-111.08135,32.53984],[-111.05879,32.58211],[-111.04074,32.608],[-111.01922,32.62439],[-111.00528,32.66667],[-111.01664,32.70894],[-111.02511,32.75122],[-111.02604,32.7935],[-111.04074,32.8253],[-111.0481,32.83577],[-111.04074,32.8584],[-111.00683,32.92033],[-110.99857,32.94218],[-110.97637,32.9626],[-110.9564,32.96647],[-110.91422,32.96126],[-110.87205,32.95376],[-110.82988,32.92404],[-110.82625,32.92033],[-110.80077,32.87805],[-110.79549,32.83577],[-110.80186,32.7935],[-110.78771,32.77066],[-110.74553,32.76948],[-110.71883,32.75122],[-110.70336,32.73013],[-110.69434,32.70894],[-110.67255,32.66667],[-110.594,32.58211],[-110.57023,32.53984],[-110.54947,32.49756],[-110.53467,32.45415],[-110.51359,32.41301],[-110.46548,32.37073],[-110.45032,32.34921],[-110.40815,32.32829],[-110.4062,32.37073],[-110.428,32.41301],[-110.42997,32.49756],[-110.43958,32.53984],[-110.45855,32.58211],[-110.48541,32.62439],[-110.51582,32.66667],[-110.54042,32.70894],[-110.56064,32.75122],[-110.57392,32.7935],[-110.57088,32.83577],[-110.57684,32.86647],[-110.58261,32.87805],[-110.61901,32.89926],[-110.63497,32.92033],[-110.62974,32.9626],[-110.61901,32.97727],[-110.58376,33.00488],[-110.58782,33.04715],[-110.61901,33.07223],[-110.62733,33.08943],[-110.61901,33.11482],[-110.57684,33.12055],[-110.53467,33.11456],[-110.49249,33.11792],[-110.45032,33.11612],[-110.37975,33.13171],[-110.3238,33.14643],[-110.28163,33.15164],[-110.23946,33.14982],[-110.19728,33.13867],[-110.15511,33.11899],[-110.12839,33.08943],[-110.11294,33.05854],[-110.10296,33.04715],[-110.08637,33.00488],[-110.07076,32.97947],[-110.05758,32.9626],[-110.02013,32.92033],[-109.9892,32.87805],[-109.94425,32.84017],[-109.93025,32.83577],[-109.90207,32.8326],[-109.8599,32.82494],[-109.81773,32.81109],[-109.78294,32.7935],[-109.77555,32.79087],[-109.72382,32.75122],[-109.69121,32.71013],[-109.60686,32.69033],[-109.57279,32.66667],[-109.56469,32.65688],[-109.52252,32.62969],[-109.51582,32.66667],[-109.50444,32.70894],[-109.50293,32.75122],[-109.51038,32.7935],[-109.50557,32.83577],[-109.52252,32.84935],[-109.56469,32.85021],[-109.60686,32.85828],[-109.64166,32.87805],[-109.69121,32.8975],[-109.7248,32.92033],[-109.77555,32.94965],[-109.79308,32.9626],[-109.81773,32.98394],[-109.83645,33.00488],[-109.89545,33.04715],[-109.94425,33.07239],[-109.96481,33.08943],[-110.00997,33.13171],[-110.05863,33.17398],[-110.07076,33.18243],[-110.11294,33.21683],[-110.15511,33.2316],[-110.19728,33.24881],[-110.23946,33.26915],[-110.28163,33.28305],[-110.3238,33.28618],[-110.35069,33.30081],[-110.36598,33.31124],[-110.38893,33.34309],[-110.38202,33.38537],[-110.40434,33.42764],[-110.45032,33.45781],[-110.49249,33.46689],[-110.53467,33.45203],[-110.54856,33.42764],[-110.57684,33.38978],[-110.58636,33.38537],[-110.61901,33.35081],[-110.62894,33.34309],[-110.57684,33.33814],[-110.53467,33.32253],[-110.51432,33.30081],[-110.5084,33.25854],[-110.53087,33.21626],[-110.57152,33.17398],[-110.57684,33.16571],[-110.61901,33.13907],[-110.63312,33.13171],[-110.66119,33.12134],[-110.70336,33.12916],[-110.74553,33.14163],[-110.78771,33.15158],[-110.82988,33.14084],[-110.83794,33.13171],[-110.87205,33.11485],[-110.90234,33.13171],[-110.91422,33.13984],[-110.94405,33.17398],[-110.9564,33.20213],[-110.99857,33.21033],[-111.04074,33.1993],[-111.08292,33.20896],[-111.10251,33.21626],[-111.08287,33.25854],[-111.10077,33.30081],[-111.12509,33.32817],[-111.14687,33.34309],[-111.25161,33.39835],[-111.29378,33.41905],[-111.32449,33.42764],[-111.32537,33.46992],[-111.29378,33.49657],[-111.26711,33.5122],[-111.25161,33.51822],[-111.18467,33.55447],[-111.16726,33.57065],[-111.14856,33.59675],[-111.12509,33.61859],[-111.08292,33.59809],[-111.04074,33.55372],[-110.99857,33.53888],[-110.9564,33.54267],[-110.93947,33.55447],[-110.91422,33.5654],[-110.87502,33.59675],[-110.87205,33.60134],[-110.82988,33.6256],[-110.78771,33.62874],[-110.76889,33.63902],[-110.74553,33.67395],[-110.73835,33.6813],[-110.74553,33.71212],[-110.75115,33.72358],[-110.78771,33.75063],[-110.80504,33.72358],[-110.87205,33.67868],[-110.87916,33.6813],[-110.91422,33.68574],[-110.9564,33.70776],[-110.99857,33.73435],[-111.04074,33.74676],[-111.08292,33.75213],[-111.12754,33.76585],[-111.16726,33.80118],[-111.20655,33.85041],[-111.22544,33.89268],[-111.25161,33.94215],[-111.2749,33.97724],[-111.27799,34.01951],[-111.28431,34.06179],[-111.29378,34.08275],[-111.33595,34.07308],[-111.34184,34.06179],[-111.33595,34.03535],[-111.32888,34.01951],[-111.33595,33.98529],[-111.33733,33.89268],[-111.32376,33.85041],[-111.29378,33.77842],[-111.2579,33.72358],[-111.21947,33.6813],[-111.22059,33.63902],[-111.25161,33.61359],[-111.29378,33.60726],[-111.33595,33.61479],[-111.37645,33.63902],[-111.4203,33.68218],[-111.44677,33.72358],[-111.45449,33.76585],[-111.46247,33.79719],[-111.48403,33.80813],[-111.50465,33.81384],[-111.52897,33.85041],[-111.54953,33.89268],[-111.57666,33.93496],[-111.585,33.97724],[-111.5886,34.01951],[-111.60301,34.06179],[-111.62514,34.10407],[-111.65701,34.14634],[-111.65757,34.18862],[-111.66152,34.23089],[-111.65435,34.27317],[-111.66852,34.31545],[-111.67334,34.32251],[-111.68162,34.31545],[-111.68307,34.27317],[-111.68969,34.23089],[-111.71551,34.21321],[-111.75768,34.19272],[-111.79995,34.18862],[-111.79799,34.14634],[-111.75768,34.11476],[-111.7522,34.10407],[-111.74678,34.06179],[-111.75768,34.03568],[-111.7734,34.01951],[-111.76353,33.97724],[-111.7402,33.93496],[-111.71472,33.89268],[-111.71551,33.89124],[-111.75768,33.86871],[-111.79986,33.86526],[-111.84203,33.85759],[-111.8842,33.87922],[-111.8966,33.89268],[-111.92638,33.93066],[-111.96855,33.91429],[-111.99754,33.93496],[-112.01072,33.95185],[-112.02726,33.97724],[-112.04466,34.01951],[-112.04517,34.06179],[-112.0358,34.10407],[-112.05289,34.12655],[-112.07085,34.14634],[-112.09382,34.18862],[-112.09853,34.23089],[-112.13724,34.25374],[-112.17941,34.24943],[-112.18686,34.23089],[-112.18491,34.18862],[-112.18366,34.10407],[-112.21727,34.06179],[-112.22159,34.05829],[-112.26376,34.04936],[-112.29176,34.06179],[-112.30593,34.066],[-112.34042,34.06179],[-112.39028,34.05255],[-112.42031,34.06179],[-112.43245,34.06405],[-112.44281,34.06179],[-112.46773,34.01951],[-112.45735,33.97724],[-112.47462,33.95778],[-112.5168,33.95964],[-112.56169,33.97724],[-112.59994,34.01951],[-112.58414,34.06179],[-112.55853,34.10407],[-112.64332,34.10813],[-112.68549,34.11749],[-112.72766,34.13565],[-112.74572,34.14634],[-112.81201,34.17523],[-112.85418,34.17817],[-112.89635,34.17466],[-112.93853,34.18377],[-112.94855,34.18862],[-113.02287,34.3046],[-113.0257,34.31545],[-113.02287,34.32938],[-113.01356,34.35772],[-113.02287,34.3733],[-113.03248,34.4],[-112.9807,34.47579],[-112.94222,34.52683],[-112.9807,34.55194],[-113.02287,34.5559],[-113.06505,34.55087],[-113.11373,34.52683],[-113.14939,34.49768],[-113.19157,34.49898],[-113.23374,34.49443],[-113.27591,34.48679],[-113.29965,34.52683],[-113.27591,34.57311],[-113.25146,34.61138],[-113.27591,34.62961],[-113.31808,34.62604],[-113.36026,34.61062],[-113.40243,34.60913],[-113.4446,34.63063],[-113.46444,34.65366],[-113.46964,34.69593],[-113.48778,34.73821],[-113.51868,34.78049],[-113.54076,34.82276],[-113.55754,34.86504],[-113.56513,34.90732],[-113.57112,34.92973],[-113.58323,34.94959],[-113.6133,34.97019],[-113.64028,34.99187],[-113.64758,35.03415],[-113.65547,35.05697],[-113.66583,35.03415],[-113.67816,34.99187],[-113.69888,34.94959],[-113.69813,34.90732],[-113.6863,34.86504],[-113.69615,34.82276],[-113.69836,34.78049],[-113.71123,34.73821],[-113.68295,34.69593],[-113.65547,34.6712],[-113.64174,34.65366],[-113.6352,34.61138],[-113.65547,34.59275],[-113.69764,34.58802],[-113.73981,34.59754],[-113.76448,34.61138],[-113.78199,34.61877],[-113.82416,34.64439],[-113.8365,34.65366],[-113.86633,34.67092],[-113.88999,34.69593],[-113.91706,34.73821],[-113.93696,34.78049],[-113.94782,34.82276],[-113.95068,34.82977],[-113.97438,34.86504],[-113.99285,34.88341],[-114.00768,34.90732],[-114.01639,34.94959],[-114.02723,34.99187],[-114.02631,35.03415],[-114.03503,35.0574],[-114.04636,35.07642],[-114.0544,35.1187],[-114.0772,35.16042],[-114.11937,35.19772],[-114.12355,35.20325],[-114.15084,35.24553],[-114.16154,35.26937],[-114.1836,35.2878],[-114.20372,35.30974],[-114.24589,35.31709],[-114.28806,35.30112],[-114.30389,35.2878],[-114.33024,35.25145],[-114.33259,35.24553],[-114.34099,35.20325],[-114.33024,35.18808],[-114.32166,35.16098],[-114.31034,35.1187],[-114.30425,35.07642],[-114.32193,35.03415],[-114.30585,34.99187],[-114.33024,34.96352],[-114.34047,34.99187],[-114.33757,35.03415],[-114.35132,35.07642],[-114.35372,35.1187],[-114.37029,35.16098],[-114.37241,35.1623],[-114.38407,35.20325],[-114.41122,35.24553],[-114.4176,35.2878],[-114.41669,35.33008],[-114.42291,35.37236],[-114.42685,35.41463],[-114.45675,35.43036],[-114.47719,35.45691],[-114.49893,35.49651],[-114.5183,35.54146],[-114.52097,35.58374],[-114.49893,35.62093],[-114.45675,35.60518],[-114.43719,35.58374],[-114.42688,35.54146],[-114.42503,35.49919],[-114.41458,35.46771],[-114.40841,35.45691],[-114.37241,35.41907],[-114.33024,35.41882],[-114.30358,35.45691],[-114.28806,35.50896],[-114.28103,35.54146],[-114.2845,35.58374],[-114.33024,35.63058],[-114.3539,35.66829],[-114.34896,35.71057],[-114.35573,35.75285],[-114.36529,35.79512],[-114.3608,35.8374],[-114.33024,35.87046],[-114.30977,35.87967],[-114.28806,35.88685],[-114.24589,35.88303],[-114.20372,35.85656],[-114.18712,35.8374],[-114.17039,35.79512],[-114.16099,35.75285],[-114.16013,35.71057],[-114.14262,35.66829],[-114.11937,35.62832],[-114.1104,35.58374],[-114.09225,35.54146],[-114.0772,35.51101],[-114.06534,35.49919],[-114.03503,35.47776],[-114.01102,35.45691],[-113.99285,35.43306],[-113.96311,35.41463],[-113.95068,35.391],[-113.9211,35.37236],[-113.94121,35.33008],[-113.90851,35.31043],[-113.86633,35.3658],[-113.86447,35.37236],[-113.83957,35.41463],[-113.82416,35.43777],[-113.78815,35.45691],[-113.78651,35.49919],[-113.86166,35.58374],[-113.89426,35.62602],[-113.90851,35.66896],[-113.95823,35.71057],[-113.99285,35.72486],[-114.03503,35.75052],[-114.0772,35.78292],[-114.08932,35.79512],[-114.12563,35.87967],[-114.11937,35.89887],[-114.10867,35.92195],[-114.0772,35.96132],[-114.03503,35.95576],[-114.02739,35.96423],[-113.99285,35.98791],[-113.98426,36.0065],[-113.96134,36.04878],[-113.95068,36.05646],[-113.90851,36.06646],[-113.88172,36.04878],[-113.86633,36.04012],[-113.82416,36.03374],[-113.79157,36.0065],[-113.78199,35.98439],[-113.73981,35.92505],[-113.73108,35.92195],[-113.71971,35.87967],[-113.68404,35.8374],[-113.66311,35.79512],[-113.65547,35.78509],[-113.63777,35.79512],[-113.6133,35.80614],[-113.57112,35.80519],[-113.5471,35.79512],[-113.52895,35.78246],[-113.51478,35.79512],[-113.52895,35.81742],[-113.53631,35.8374],[-113.57112,35.8582],[-113.60273,35.87967],[-113.6133,35.89075],[-113.65547,35.8935],[-113.68974,35.92195],[-113.69764,35.95109],[-113.70271,35.96423],[-113.73981,36.00709],[-113.76726,36.04878],[-113.78199,36.06019],[-113.82416,36.06737],[-113.86633,36.08383],[-113.86964,36.09106],[-113.88017,36.13333],[-113.86633,36.16414],[-113.83335,36.21789],[-113.82774,36.26016],[-113.82115,36.34472],[-113.80377,36.42927],[-113.80004,36.47154],[-113.80877,36.51382],[-113.82416,36.52222],[-113.86633,36.52274],[-113.90851,36.51999],[-113.99285,36.48099],[-114.00643,36.47154],[-114.03503,36.46214],[-114.0772,36.48011],[-114.11937,36.51802],[-114.15336,36.5561],[-114.16154,36.57544],[-114.17574,36.59837],[-114.17103,36.64065],[-114.16154,36.65067],[-114.11937,36.67966],[-114.0772,36.69589],[-113.99285,36.70298],[-113.95209,36.7252],[-113.92722,36.76748],[-113.90851,36.79443],[-113.87258,36.85203],[-113.82416,36.92427],[-113.78199,36.92527],[-113.76266,36.93659],[-113.73981,36.97842],[-113.69764,36.97059],[-113.65547,36.95768],[-113.6133,36.95063],[-113.57112,36.93896],[-113.52895,36.942],[-113.48678,36.95217],[-113.4446,36.96056],[-113.40243,36.97372],[-113.36026,36.97637],[-113.35631,36.97886],[-113.36026,37.00754],[-113.36674,37.02114],[-113.40243,37.03132],[-113.42675,37.06341],[-113.40243,37.09151],[-113.36026,37.10334],[-113.35678,37.10569],[-113.32383,37.14797],[-113.31808,37.16094],[-113.2994,37.19024],[-113.31808,37.2014],[-113.36026,37.20254],[-113.3978,37.19024],[-113.4446,37.16742],[-113.57112,37.14986],[-113.6133,37.16065],[-113.65547,37.16664],[-113.69764,37.15779],[-113.70293,37.14797],[-113.68414,37.10569],[-113.6866,37.02114],[-113.69764,36.99737],[-113.73981,36.97901],[-113.78199,36.98219],[-113.80906,36.97886],[-113.82416,36.97109],[-113.82772,36.97886],[-113.86633,37.01539],[-113.90851,37.04659],[-113.93579,37.06341],[-113.95068,37.07758],[-113.97243,37.10569],[-113.9846,37.14797],[-113.99285,37.18497],[-114.03503,37.16597],[-114.05443,37.14797],[-114.0772,37.11214],[-114.07941,37.10569],[-114.11937,37.06076],[-114.16154,37.05587],[-114.20372,37.05262],[-114.24663,37.06341],[-114.27671,37.10569],[-114.28806,37.11177],[-114.33024,37.11227],[-114.33837,37.10569],[-114.32156,37.06341],[-114.30267,37.02114],[-114.29997,36.97886],[-114.28806,36.96508],[-114.27495,36.93659],[-114.28282,36.89431],[-114.28806,36.88808],[-114.33024,36.87441],[-114.37241,36.85806],[-114.38035,36.85203],[-114.41458,36.83437],[-114.45675,36.82788],[-114.49893,36.85093],[-114.54041,36.89431],[-114.56404,36.93659],[-114.56885,36.97886],[-114.5411,37.02322],[-114.49893,37.0586],[-114.48927,37.06341],[-114.45675,37.08704],[-114.42202,37.10569],[-114.41076,37.14797],[-114.45675,37.22157],[-114.49893,37.16734],[-114.51895,37.14797],[-114.5411,37.13083],[-114.56522,37.10569],[-114.58327,37.09123],[-114.62545,37.0699],[-114.66762,37.0446],[-114.69835,37.02114],[-114.70979,37.00706],[-114.72217,36.97886],[-114.73612,36.93659],[-114.74175,36.89431],[-114.75197,36.8756],[-114.79414,36.85384],[-114.83631,36.88979],[-114.83886,36.89431],[-114.84611,36.93659],[-114.85105,36.97886],[-114.84091,37.02114],[-114.87848,37.04076],[-114.92066,37.04817],[-114.94322,37.06341],[-114.96283,37.08794],[-114.99458,37.10569],[-115.005,37.11414],[-115.00884,37.10569],[-115.01976,37.06341],[-115.02206,37.02114],[-115.02131,36.97886],[-115.01544,36.93659],[-115.005,36.88903],[-114.99264,36.85203],[-114.97616,36.76748],[-114.96511,36.7252],[-114.96283,36.71033],[-114.95603,36.68293],[-114.94234,36.64065],[-114.94964,36.59837],[-114.9522,36.5561],[-114.96283,36.51736],[-114.97329,36.47154],[-114.98187,36.38699],[-115.005,36.36243],[-115.04718,36.35558],[-115.08935,36.35513],[-115.13152,36.35191],[-115.1737,36.35448],[-115.21587,36.3668],[-115.2507,36.38699],[-115.25804,36.3947],[-115.30021,36.42348],[-115.34239,36.4647],[-115.38456,36.50105],[-115.40511,36.51382],[-115.42673,36.53447],[-115.44235,36.5561],[-115.45428,36.64065],[-115.46891,36.66041],[-115.51108,36.63014],[-115.55325,36.60487],[-115.59543,36.6092],[-115.60875,36.64065],[-115.61001,36.68293],[-115.59543,36.71502],[-115.59394,36.7252],[-115.58992,36.76748],[-115.59543,36.8098],[-115.62399,36.76748],[-115.6376,36.75914],[-115.65807,36.7252],[-115.68711,36.68293],[-115.70583,36.64065],[-115.70994,36.59837],[-115.67977,36.58526],[-115.6376,36.58133],[-115.59543,36.58062],[-115.58497,36.5561],[-115.55325,36.54132],[-115.51458,36.51382],[-115.46891,36.4986],[-115.43955,36.47154],[-115.42673,36.44818],[-115.39673,36.38699],[-115.38456,36.36859],[-115.36133,36.34472],[-115.34239,36.31716],[-115.33474,36.30244],[-115.32548,36.26016],[-115.31868,36.21789],[-115.32876,36.17561],[-115.34188,36.13333],[-115.33448,36.09106],[-115.33923,36.04878],[-115.33759,36.0065],[-115.30026,35.96423],[-115.24596,35.92195],[-115.22973,35.87967],[-115.25804,35.86475],[-115.28264,35.8374],[-115.30021,35.82384],[-115.36141,35.79512],[-115.38456,35.75976],[-115.38648,35.75285],[-115.39276,35.71057],[-115.39505,35.66829],[-115.46257,35.58374],[-115.46045,35.54146],[-115.43816,35.49919],[-115.40633,35.45691],[-115.39267,35.41463],[-115.39658,35.37236],[-115.38456,35.33738],[-115.34239,35.33887],[-115.30021,35.35872],[-115.28197,35.37236],[-115.25804,35.39562],[-115.24257,35.41463],[-115.23947,35.45691],[-115.25779,35.49919],[-115.28971,35.54146],[-115.31049,35.58374],[-115.30021,35.61558],[-115.29801,35.62602],[-115.28037,35.66829],[-115.25804,35.70232],[-115.21587,35.72248],[-115.17515,35.75285],[-115.1737,35.75587],[-115.16961,35.75285],[-115.13152,35.74436],[-115.10759,35.71057],[-115.08935,35.69387],[-115.04718,35.66504],[-115.005,35.64525],[-114.9779,35.62602],[-114.96283,35.60733],[-114.92066,35.57811],[-114.89249,35.58374],[-114.8888,35.62602],[-114.905,35.66829],[-114.89734,35.71057],[-114.87848,35.73506],[-114.83631,35.74682],[-114.81698,35.71057],[-114.80625,35.66829],[-114.80218,35.62602],[-114.7941,35.58374],[-114.82982,35.54146],[-114.83631,35.51465],[-114.85384,35.45691],[-114.87848,35.42711],[-114.92066,35.42312],[-114.93363,35.41463],[-114.96283,35.37631],[-114.977,35.33008],[-114.97855,35.2878],[-114.97681,35.24553],[-114.97908,35.20325],[-114.98296,35.16098],[-114.99324,35.1187],[-115.00157,35.07642],[-115.005,35.06735],[-115.04718,35.04036],[-115.08935,35.02572],[-115.13152,35.0019],[-115.1737,34.98346],[-115.30021,34.96713],[-115.38456,34.94433],[-115.42673,34.93155],[-115.44864,34.90732],[-115.46891,34.87658],[-115.47281,34.86504],[-115.49814,34.82276],[-115.51108,34.80632],[-115.55325,34.76445],[-115.58348,34.73821],[-115.59543,34.72939],[-115.6376,34.72372],[-115.67977,34.72751],[-115.72194,34.72905],[-115.75295,34.73821],[-115.76412,34.75453],[-115.77058,34.78049],[-115.76768,34.82276],[-115.76412,34.82673],[-115.72194,34.85244],[-115.67977,34.86111],[-115.6376,34.86372],[-115.59813,34.90732],[-115.59543,34.91232],[-115.58687,34.94959],[-115.54577,35.03415],[-115.53436,35.07642],[-115.53151,35.1187],[-115.55325,35.14294],[-115.59543,35.14061],[-115.6376,35.12668],[-115.65311,35.1187],[-115.69194,35.07642],[-115.72194,35.06209],[-115.76204,35.07642],[-115.76412,35.07917],[-115.78263,35.1187],[-115.76339,35.16098],[-115.76802,35.20325],[-115.80629,35.28217],[-115.82705,35.33008],[-115.84846,35.36434],[-115.85544,35.37236],[-115.89064,35.39843],[-115.93281,35.40141],[-115.94645,35.41463],[-115.95182,35.45691],[-115.93675,35.49919],[-115.89965,35.54146],[-115.89064,35.56164],[-115.84846,35.57319],[-115.80629,35.59201],[-115.76412,35.60026],[-115.73082,35.58374],[-115.72194,35.56883],[-115.71697,35.58374],[-115.72553,35.62602],[-115.76412,35.64188],[-115.80629,35.65618],[-115.84846,35.6659],[-115.89064,35.66391],[-115.8992,35.66829],[-115.93281,35.67421],[-115.97102,35.71057],[-115.99373,35.75285],[-115.97404,35.79512],[-115.94232,35.8374],[-115.93281,35.85483],[-115.89064,35.87247],[-115.84846,35.86653],[-115.80629,35.86522],[-115.76412,35.84645],[-115.75643,35.8374],[-115.75457,35.79512],[-115.73731,35.75285],[-115.67977,35.7309],[-115.6376,35.70002],[-115.59543,35.66085],[-115.55325,35.6491],[-115.51108,35.65252],[-115.48988,35.66829],[-115.49598,35.71057],[-115.51108,35.75372],[-115.53127,35.79512],[-115.59543,35.85584],[-115.62647,35.87967],[-115.6376,35.89699],[-115.66005,35.92195],[-115.67977,35.95514],[-115.68885,35.96423],[-115.71607,36.0065],[-115.72194,36.0186],[-115.74488,36.04878],[-115.76412,36.05972],[-115.80629,36.08806],[-115.83912,36.13333],[-115.84846,36.14237],[-115.87309,36.17561],[-115.89064,36.19395],[-115.9167,36.21789],[-115.95015,36.30244],[-115.97498,36.33333],[-115.9876,36.34472],[-116.01716,36.37628],[-116.04915,36.34472],[-116.05933,36.33001],[-116.10157,36.34472],[-116.11755,36.38699],[-116.1015,36.40623],[-116.07685,36.42927],[-116.06668,36.47154],[-116.0527,36.5561],[-116.05933,36.58197],[-116.1015,36.58231],[-116.14367,36.58843],[-116.17321,36.59837],[-116.18585,36.60548],[-116.22802,36.63809],[-116.23449,36.64065],[-116.31237,36.7224],[-116.31409,36.7252],[-116.32326,36.76748],[-116.35454,36.7884],[-116.39138,36.76748],[-116.43888,36.75035],[-116.48106,36.76289],[-116.52323,36.7926],[-116.5654,36.81047],[-116.60758,36.77795],[-116.64975,36.78354],[-116.7341,36.83824],[-116.77627,36.85989],[-116.79309,36.85203],[-116.81844,36.81397],[-116.81987,36.80976],[-116.80129,36.76748],[-116.77627,36.73568],[-116.77033,36.7252],[-116.75264,36.68293],[-116.77627,36.64149],[-116.81844,36.65636],[-116.86061,36.67837],[-116.8668,36.68293],[-116.90279,36.71925],[-116.91286,36.7252],[-116.94496,36.74204],[-116.98713,36.75052],[-117.02931,36.77011],[-117.07148,36.79215],[-117.09428,36.80976],[-117.11365,36.83335],[-117.13148,36.85203],[-117.15583,36.86653],[-117.19636,36.89431],[-117.24362,36.93659],[-117.28234,36.98114],[-117.32452,37.01893],[-117.36669,37.04309],[-117.40886,37.06444],[-117.44991,37.10569],[-117.48304,37.14797],[-117.49321,37.16424],[-117.52844,37.14797],[-117.51294,37.10569],[-117.49321,37.03659],[-117.48691,37.02114],[-117.46078,36.97886],[-117.45104,36.97418],[-117.40886,36.96038],[-117.38707,36.93659],[-117.36669,36.90966],[-117.35721,36.89431],[-117.33829,36.85203],[-117.32937,36.80976],[-117.33779,36.76748],[-117.33904,36.7252],[-117.33521,36.68293],[-117.33933,36.64065],[-117.33819,36.59837],[-117.31605,36.5561],[-117.28222,36.51382],[-117.24017,36.47839],[-117.198,36.46804],[-117.19227,36.47154],[-117.15904,36.51382],[-117.11365,36.54188],[-117.07148,36.53438],[-117.0509,36.51382],[-117.0432,36.47154],[-117.04469,36.42927],[-117.02931,36.40154],[-116.99425,36.34472],[-116.97977,36.30244],[-116.96871,36.26016],[-116.96525,36.17561],[-116.9545,36.09106],[-116.94318,36.04878],[-116.92827,36.0065],[-116.94496,35.96472],[-116.97177,35.92195],[-116.94496,35.8947],[-116.92654,35.87967],[-116.94496,35.86411],[-116.98062,35.8374],[-117.02931,35.81197],[-117.07148,35.81855],[-117.08498,35.8374],[-117.11365,35.87072],[-117.14685,35.92195],[-117.15989,35.96423],[-117.16667,36.0065],[-117.15679,36.04878],[-117.16381,36.09106],[-117.1722,36.13333],[-117.18443,36.17561],[-117.198,36.20004],[-117.21334,36.21789],[-117.24017,36.25938],[-117.2779,36.30244],[-117.29844,36.34472],[-117.32853,36.38699],[-117.36669,36.42298],[-117.40886,36.46991],[-117.45104,36.47406],[-117.46078,36.47154],[-117.49321,36.44545],[-117.50139,36.42927],[-117.5068,36.38699],[-117.50492,36.34472],[-117.49321,36.33009],[-117.46157,36.30244],[-117.45104,36.2958],[-117.42104,36.26016],[-117.40892,36.21789],[-117.39898,36.17561],[-117.38504,36.13333],[-117.37703,36.09106],[-117.37188,36.04878],[-117.36669,36.02302],[-117.34887,35.96423],[-117.34408,35.92195],[-117.36669,35.87645],[-117.3826,35.8374],[-117.40886,35.78974],[-117.45104,35.75994],[-117.49321,35.7773],[-117.50878,35.79512],[-117.53538,35.81893],[-117.55241,35.8374],[-117.58307,35.87967],[-117.60952,35.92195],[-117.61973,35.93191],[-117.6619,35.95648],[-117.67232,35.96423],[-117.70407,35.98331],[-117.74625,35.9807],[-117.77737,35.92195],[-117.78842,35.9079],[-117.83059,35.89961],[-117.87277,35.88941],[-117.87578,35.87967],[-117.88302,35.8374],[-117.87983,35.79512],[-117.88384,35.75285],[-117.87277,35.68967],[-117.86717,35.66829],[-117.87525,35.62602],[-117.89382,35.58374],[-117.91494,35.5589],[-117.9421,35.54146],[-117.97348,35.49919],[-117.96218,35.45691],[-117.98381,35.41463],[-117.99929,35.40554],[-118.01703,35.37236],[-118.04146,35.33988],[-118.0658,35.33008],[-118.05771,35.2878],[-118.08363,35.20303],[-118.12019,35.16098],[-118.1258,35.1526],[-118.21015,35.05925],[-118.23464,35.03415],[-118.25232,35.01239],[-118.2945,34.97825],[-118.31938,34.94959],[-118.33667,34.93677],[-118.37884,34.91651],[-118.42102,34.90544],[-118.46319,34.87867],[-118.50536,34.86164],[-118.54753,34.84849],[-118.58971,34.83825],[-118.63188,34.83278],[-118.67405,34.82462],[-118.67734,34.82276],[-118.68764,34.78049],[-118.67405,34.77689],[-118.58971,34.76595],[-118.54753,34.7561],[-118.50536,34.74159],[-118.46319,34.72336],[-118.37884,34.672],[-118.33667,34.65458],[-118.2945,34.63371],[-118.25605,34.61138],[-118.21015,34.59575],[-118.17557,34.56911],[-118.16798,34.5616],[-118.1258,34.54335],[-118.10109,34.52683],[-118.08363,34.51172],[-118.04146,34.51166],[-117.99929,34.50155],[-117.95711,34.50071],[-117.91494,34.49562],[-117.87277,34.49317],[-117.83059,34.49517],[-117.74625,34.50981],[-117.70407,34.51318],[-117.57756,34.51988],[-117.53538,34.51602],[-117.49321,34.50744],[-117.45104,34.49564],[-117.40886,34.48267],[-117.36669,34.4666],[-117.32452,34.4384],[-117.29062,34.4],[-117.28234,34.38446],[-117.25647,34.35772],[-117.24017,34.35453],[-117.23628,34.35772],[-117.20839,34.4],[-117.198,34.40836],[-117.15583,34.435],[-117.10567,34.44228],[-117.10158,34.48455],[-117.09505,34.52683],[-117.11365,34.554],[-117.13163,34.56911],[-117.14795,34.61138],[-117.15583,34.6365],[-117.198,34.65253],[-117.24017,34.62028],[-117.26058,34.65366],[-117.24017,34.67005],[-117.198,34.65468],[-117.16547,34.69593],[-117.11365,34.72165],[-117.07148,34.72785],[-116.98713,34.7078],[-116.94496,34.72325],[-116.922,34.73821],[-116.91692,34.78049],[-116.90279,34.78537],[-116.86061,34.78984],[-116.77627,34.78801],[-116.7341,34.78966],[-116.69192,34.78223],[-116.6522,34.73821],[-116.64975,34.73715],[-116.5654,34.72436],[-116.49135,34.69593],[-116.41981,34.65366],[-116.39671,34.6108],[-116.43888,34.6034],[-116.48106,34.60358],[-116.56811,34.56911],[-116.60758,34.54484],[-116.63975,34.52683],[-116.64975,34.51404],[-116.68708,34.48455],[-116.69192,34.48258],[-116.7341,34.48681],[-116.77627,34.52848],[-116.81844,34.54578],[-116.86991,34.56911],[-116.90279,34.57821],[-116.94496,34.58234],[-116.95261,34.56911],[-116.95619,34.52683],[-116.98713,34.49538],[-117.00017,34.48455],[-117.02931,34.44789],[-117.05289,34.44228],[-117.02931,34.44002],[-116.98713,34.43001],[-116.94496,34.42218],[-116.90279,34.41647],[-116.86061,34.41368],[-116.81844,34.41752],[-116.77627,34.42506],[-116.7341,34.41431],[-116.71597,34.4],[-116.69192,34.39029],[-116.64975,34.36909],[-116.63122,34.35772],[-116.60758,34.35358],[-116.5654,34.34945],[-116.52323,34.34963],[-116.48106,34.34381],[-116.44686,34.31545],[-116.41068,34.27317],[-116.39671,34.24448],[-116.37869,34.23089],[-116.35454,34.1945],[-116.35229,34.18862],[-116.35736,34.14634],[-116.35454,34.14329],[-116.28073,34.10407],[-116.27019,34.09984],[-116.22802,34.10122],[-116.18585,34.10884],[-116.14367,34.09541],[-116.1015,34.10011],[-116.05933,34.09703],[-116.01948,34.06179],[-116.01716,34.05725],[-115.97498,34.0588],[-115.93281,34.05038],[-115.92177,34.01951],[-115.93281,33.99565],[-115.94328,33.97724],[-115.9708,33.93496],[-115.94768,33.89268],[-115.93281,33.87183],[-115.89743,33.85041],[-115.89064,33.84782],[-115.86873,33.85041],[-115.84846,33.85146],[-115.84587,33.85041],[-115.81781,33.80813],[-115.82359,33.76585],[-115.84748,33.72358],[-115.89064,33.71731],[-115.90702,33.72358],[-115.93281,33.75204],[-115.96162,33.76585],[-115.97498,33.77396],[-116.01716,33.78737],[-116.05933,33.80427],[-116.1015,33.8383],[-116.12937,33.85041],[-116.14367,33.86077],[-116.17593,33.89268],[-116.22802,33.9186],[-116.27019,33.92897],[-116.28249,33.93496],[-116.35454,33.9769],[-116.39671,33.9967],[-116.43958,34.01951],[-116.46865,34.06179],[-116.48106,34.07656],[-116.52323,34.07933],[-116.5654,34.0632],[-116.60758,34.03394],[-116.64151,34.01951],[-116.64975,34.01118],[-116.66871,33.97724],[-116.69192,33.96534],[-116.7341,33.95824],[-116.77627,33.95938],[-116.81844,33.96311],[-116.86061,33.96275],[-116.90279,33.96432],[-116.94496,33.97916],[-116.98713,34.01678],[-117.01478,34.06179],[-117.04283,34.10407],[-117.07148,34.13125],[-117.10238,34.14634],[-117.11365,34.14973],[-117.15583,34.17061],[-117.198,34.18861],[-117.28234,34.21039],[-117.32452,34.21824],[-117.37393,34.23089],[-117.40886,34.24432],[-117.45104,34.2373],[-117.45191,34.23089],[-117.47501,34.18862],[-117.49321,34.18057],[-117.53538,34.17103],[-117.57756,34.1654],[-117.61973,34.16751],[-117.70407,34.17997],[-117.71691,34.18862],[-117.73162,34.23089],[-117.74625,34.24241],[-117.78842,34.24535],[-117.83059,34.26454],[-117.87277,34.26793],[-117.91494,34.24289],[-117.94961,34.23089],[-117.95711,34.22543],[-117.99929,34.22432],[-118.04146,34.20606],[-118.08363,34.21143],[-118.11838,34.23089],[-118.16798,34.28597],[-118.21015,34.29383],[-118.23519,34.31545],[-118.31268,34.35772],[-118.30481,34.4],[-118.2945,34.4065],[-118.21015,34.42344],[-118.16798,34.43413],[-118.14484,34.44228],[-118.13983,34.48455],[-118.16798,34.49388],[-118.21015,34.49059],[-118.25232,34.51198],[-118.26923,34.52683],[-118.2945,34.53729],[-118.33667,34.54465],[-118.37639,34.56911],[-118.37884,34.57484],[-118.41042,34.61138],[-118.42102,34.61873],[-118.46319,34.61607],[-118.50536,34.62462],[-118.54753,34.62311],[-118.58971,34.62882],[-118.62404,34.65366],[-118.63188,34.65682],[-118.67405,34.66658],[-118.71623,34.67971],[-118.73997,34.69593],[-118.7584,34.71207],[-118.80057,34.71065],[-118.80752,34.69593],[-118.76901,34.65366],[-118.77585,34.61138],[-118.80057,34.58745],[-118.8274,34.56911],[-118.82457,34.52683],[-118.84274,34.50354],[-118.88492,34.5172],[-118.92709,34.52275],[-118.95957,34.48455],[-118.96926,34.46778],[-119.01144,34.44551],[-119.05361,34.45603],[-119.09578,34.46127],[-119.1536,34.48455],[-119.18013,34.50565],[-119.2223,34.51772],[-119.26447,34.5204],[-119.30665,34.51938],[-119.34882,34.52761],[-119.35264,34.52683],[-119.4212,34.48455],[-119.43317,34.48133],[-119.47534,34.4988],[-119.50761,34.52683],[-119.51751,34.55851],[-119.52297,34.56911],[-119.55969,34.60501],[-119.57579,34.61138],[-119.60186,34.61764],[-119.6862,34.60818],[-119.71281,34.61138],[-119.72838,34.62018],[-119.77055,34.64915],[-119.78674,34.65366],[-119.81272,34.65712],[-119.87688,34.69593],[-119.87264,34.73821],[-119.8549,34.75891],[-119.81272,34.77329],[-119.77055,34.76885],[-119.75662,34.78049],[-119.79394,34.82276],[-119.81272,34.83454],[-119.8549,34.84954],[-119.87366,34.86504],[-119.89707,34.88205],[-119.93794,34.90732],[-119.98142,34.94206],[-119.98903,34.94959],[-120.00817,34.99187],[-119.98142,35.00731],[-119.95859,34.99187],[-119.93924,34.97584],[-119.89707,34.95261],[-119.8549,34.93652],[-119.81272,34.92799],[-119.77055,34.91137],[-119.72838,34.88276],[-119.6987,34.86504],[-119.6862,34.85917],[-119.64403,34.85085],[-119.60186,34.84907],[-119.51751,34.8301],[-119.49815,34.82276],[-119.47534,34.81685],[-119.43622,34.82276],[-119.44239,34.86504],[-119.43663,34.90732],[-119.43317,34.91369],[-119.39099,34.94197],[-119.30665,34.91853],[-119.26447,34.92398],[-119.2223,34.93122],[-119.18013,34.93197],[-119.13796,34.9358],[-119.05361,34.94696],[-119.01144,34.93176],[-118.96926,34.90857],[-118.84274,34.8882],[-118.80057,34.89015],[-118.7584,34.91955],[-118.73481,34.94959],[-118.71623,34.96497],[-118.66873,34.99187],[-118.63558,35.03415],[-118.64825,35.07642],[-118.68816,35.1187],[-118.69501,35.16098],[-118.67181,35.20325],[-118.63188,35.23608],[-118.58971,35.23731],[-118.54753,35.21935],[-118.52678,35.24553],[-118.51313,35.2878],[-118.5187,35.33008],[-118.54753,35.34688],[-118.58971,35.36169],[-118.63188,35.38754],[-118.67775,35.45691],[-118.67647,35.49919],[-118.71618,35.54146],[-118.7002,35.58374],[-118.69497,35.62602],[-118.70866,35.66829],[-118.71119,35.71057],[-118.71623,35.71694],[-118.73706,35.75285],[-118.71623,35.77103],[-118.70475,35.79512],[-118.67405,35.83271],[-118.67201,35.8374],[-118.67405,35.87638],[-118.67454,35.87967],[-118.69927,35.92195],[-118.71623,35.93836],[-118.73987,35.96423],[-118.72099,36.0065],[-118.69645,36.04878],[-118.71623,36.06383],[-118.73883,36.09106],[-118.72652,36.13333],[-118.72433,36.17561],[-118.73823,36.21789],[-118.7584,36.25306],[-118.80057,36.26018],[-118.84274,36.27475],[-118.85613,36.30244],[-118.84274,36.33051],[-118.8288,36.34472],[-118.81774,36.38699],[-118.81719,36.42927],[-118.78909,36.47154],[-118.80057,36.50511],[-118.80863,36.51382],[-118.84274,36.53814],[-118.88492,36.57266],[-118.92709,36.58425],[-118.93971,36.59837],[-118.96926,36.62165],[-118.98427,36.64065],[-119.03531,36.68293],[-119.05361,36.72653],[-119.09874,36.76748],[-119.10331,36.80976],[-119.09578,36.81236],[-119.05361,36.80587],[-119.05016,36.80976],[-119.01144,36.83915],[-118.99031,36.85203],[-119.05768,36.89431],[-119.09578,36.91553],[-119.18013,36.95467],[-119.19738,36.97886],[-119.2223,36.99685],[-119.30665,37.01426],[-119.34882,37.02894],[-119.39099,37.05103],[-119.40685,37.06341],[-119.40223,37.10569],[-119.39099,37.11244],[-119.35445,37.14797],[-119.39099,37.17628],[-119.43317,37.19738],[-119.47534,37.23681],[-119.51751,37.26106],[-119.55969,37.26232],[-119.59218,37.2748],[-119.58007,37.31707],[-119.59849,37.35935],[-119.60186,37.36293],[-119.6862,37.40418],[-119.72838,37.44975],[-119.77055,37.46982],[-119.7935,37.48618],[-119.81272,37.503],[-119.86804,37.52846],[-119.8911,37.57073],[-119.8661,37.61301],[-119.8549,37.61826],[-119.83625,37.61301],[-119.81272,37.60194],[-119.80448,37.61301],[-119.78583,37.65528],[-119.81272,37.66846],[-119.89707,37.6902],[-119.92008,37.69756],[-119.93924,37.70609],[-119.97694,37.73984],[-120.01002,37.78211],[-119.99377,37.82439],[-119.98142,37.84651],[-119.96608,37.86667],[-119.98142,37.87782],[-120.06576,37.8875],[-120.10793,37.89901],[-120.12092,37.90894],[-120.16258,37.95122],[-120.19228,37.99257],[-120.27307,38.03577],[-120.25762,38.07805],[-120.23675,38.12033],[-120.26048,38.1626],[-120.27663,38.17869],[-120.31642,38.20488],[-120.3188,38.20552],[-120.36097,38.20008],[-120.36736,38.20488],[-120.39321,38.24715],[-120.4115,38.33171],[-120.4148,38.37398],[-120.44532,38.40242],[-120.45828,38.41626],[-120.48749,38.45727],[-120.52966,38.47994],[-120.54186,38.50081],[-120.55568,38.54309],[-120.56058,38.58537],[-120.5507,38.62764],[-120.55639,38.66992],[-120.57184,38.69728],[-120.61454,38.75447],[-120.57783,38.79675],[-120.61401,38.81467],[-120.65618,38.83779],[-120.69233,38.8813],[-120.69836,38.89256],[-120.72277,38.92358],[-120.69836,38.94889],[-120.65618,38.95906],[-120.64095,38.96585],[-120.63095,39.00813],[-120.64088,39.05041],[-120.65618,39.06882],[-120.69836,39.06409],[-120.74053,39.05406],[-120.7827,39.08908],[-120.78459,39.09268],[-120.79507,39.13496],[-120.79168,39.17724],[-120.82769,39.21951],[-120.86705,39.25092],[-120.90377,39.26179],[-120.90922,39.27375],[-120.9152,39.30407],[-120.89241,39.34634],[-120.90922,39.35621],[-120.94282,39.38862],[-120.94585,39.43089],[-120.95139,39.43293],[-120.99357,39.46458],[-121.00111,39.47317],[-120.99357,39.49435],[-120.98138,39.51545],[-121.03574,39.54182],[-121.07791,39.54397],[-121.12009,39.53844],[-121.14698,39.55772],[-121.19783,39.6],[-121.20443,39.60721],[-121.21753,39.64228],[-121.23616,39.68455],[-121.21255,39.72683],[-121.28878,39.74719],[-121.32949,39.76911],[-121.37312,39.78783],[-121.38537,39.81138],[-121.37312,39.83574],[-121.36201,39.85366],[-121.37312,39.86417],[-121.45747,39.83716],[-121.47888,39.85366],[-121.49964,39.89168],[-121.50464,39.89593],[-121.54182,39.91456],[-121.56623,39.93821],[-121.58399,39.96374],[-121.60277,39.98049],[-121.62586,40.02276],[-121.64061,40.06504],[-121.62764,40.10732],[-121.66833,40.1356],[-121.69852,40.14959],[-121.66833,40.18536],[-121.66455,40.19187],[-121.71051,40.20944],[-121.74924,40.23415],[-121.75038,40.27642],[-121.75953,40.3187],[-121.74921,40.36098],[-121.763,40.40325],[-121.76006,40.44553],[-121.79485,40.47489],[-121.83403,40.4878],[-121.83703,40.491],[-121.84954,40.53008],[-121.83703,40.54376],[-121.81734,40.57236],[-121.79355,40.61463],[-121.81906,40.65691],[-121.86147,40.69919],[-121.87872,40.74146],[-121.87639,40.78374],[-121.86608,40.82602],[-121.86511,40.86829],[-121.87053,40.91057],[-121.86642,40.95285],[-121.83703,40.97971],[-121.82594,40.99512],[-121.83106,41.0374],[-121.83703,41.054],[-121.85125,41.07967],[-121.8792,41.11688],[-121.92137,41.10933],[-121.96355,41.08199],[-121.97488,41.07967],[-122.04789,41.04734],[-122.06064,41.0374],[-122.08688,40.99512],[-122.09006,40.99289],[-122.09491,40.99512],[-122.11396,41.0374],[-122.09428,41.07967],[-122.09006,41.11097],[-122.08722,41.12195],[-122.09442,41.16423],[-122.09006,41.16858],[-122.04789,41.15534],[-122.03051,41.2065],[-122.04482,41.24878],[-122.04789,41.25011],[-122.09138,41.24878],[-122.13224,41.22748],[-122.14731,41.2065],[-122.14717,41.16423],[-122.18908,41.12195],[-122.20728,41.07967],[-122.20822,41.0374],[-122.21658,41.01907],[-122.2422,40.99512],[-122.25876,40.98518],[-122.26861,40.99512],[-122.27357,41.0374],[-122.25876,41.07294],[-122.24994,41.07967],[-122.25876,41.08631],[-122.2744,41.12195],[-122.23621,41.16423],[-122.23547,41.2065],[-122.25876,41.23257],[-122.26931,41.2065],[-122.30093,41.17494],[-122.32656,41.16423],[-122.34051,41.12195],[-122.3431,41.12028],[-122.37253,41.07967],[-122.38528,41.06695],[-122.40744,41.0374],[-122.42745,41.01623],[-122.46352,40.99512],[-122.46962,40.98748],[-122.48886,40.95285],[-122.50154,40.86829],[-122.51179,40.83594],[-122.55397,40.85609],[-122.59614,40.84286],[-122.63101,40.82602],[-122.63548,40.78374],[-122.68049,40.72414],[-122.71854,40.74146],[-122.70521,40.78374],[-122.68049,40.81777],[-122.654,40.82602],[-122.64875,40.86829],[-122.63831,40.88955],[-122.63124,40.91057],[-122.60655,40.95285],[-122.59614,40.97572],[-122.58904,40.99512],[-122.59614,41.02832],[-122.6011,41.0374],[-122.63831,41.04841],[-122.68049,41.07959],[-122.68855,41.0374],[-122.72859,40.95285],[-122.76756,40.91057],[-122.80701,40.88011],[-122.84105,40.86829],[-122.84918,40.857],[-122.85982,40.82602],[-122.89135,40.79287],[-122.93352,40.76897],[-122.9757,40.76496],[-123.00385,40.78374],[-123.03575,40.82602],[-123.06004,40.8498],[-123.08904,40.86829],[-123.10222,40.88408],[-123.12291,40.86829],[-123.14439,40.83616],[-123.14778,40.82602],[-123.18656,40.7896],[-123.22873,40.81262],[-123.27091,40.84078],[-123.31308,40.84064],[-123.35281,40.86829],[-123.32949,40.91057],[-123.31308,40.93162],[-123.29885,40.95285],[-123.28886,40.99512],[-123.31308,41.02284],[-123.35525,41.00628],[-123.36138,40.99512],[-123.40981,40.95285],[-123.4396,40.92968],[-123.48177,40.93863],[-123.49301,40.95285],[-123.47879,40.99512],[-123.48177,40.99993],[-123.49487,41.0374],[-123.52395,41.06468],[-123.54885,41.07967],[-123.55316,41.12195],[-123.53909,41.16423],[-123.52395,41.17403],[-123.48177,41.18568],[-123.46224,41.2065],[-123.46568,41.24878],[-123.45956,41.29106],[-123.4396,41.32121],[-123.39743,41.29311],[-123.35534,41.24878],[-123.29964,41.2065],[-123.27091,41.19276],[-123.22873,41.18086],[-123.18656,41.16249],[-123.14439,41.16086],[-123.1154,41.16423],[-123.14439,41.16956],[-123.15922,41.2065],[-123.19066,41.24878],[-123.1982,41.29106],[-123.22873,41.29818],[-123.27091,41.30546],[-123.31308,41.32903],[-123.31673,41.33333],[-123.33753,41.37561],[-123.31308,41.4161],[-123.26743,41.46016],[-123.27091,41.46557],[-123.31308,41.46924],[-123.39743,41.46451],[-123.44144,41.50244],[-123.44266,41.54472],[-123.4396,41.54864],[-123.39743,41.58932],[-123.36901,41.62927],[-123.35525,41.65273],[-123.31308,41.66876],[-123.30857,41.67154],[-123.29003,41.71382],[-123.27091,41.73506],[-123.2431,41.7561],[-123.22873,41.77274],[-123.18656,41.79918],[-123.14439,41.80628],[-123.10222,41.80295],[-123.0956,41.79837],[-123.06004,41.79037],[-123.01787,41.77337],[-122.99526,41.7561],[-122.9757,41.72398],[-122.92677,41.7561],[-122.93749,41.79837],[-122.93352,41.8014],[-122.89135,41.80724],[-122.84918,41.7982],[-122.80701,41.80548],[-122.76483,41.8301],[-122.72992,41.84065],[-122.72266,41.84418],[-122.71407,41.84065],[-122.68049,41.81627],[-122.64905,41.79837],[-122.63831,41.77896],[-122.63523,41.7561],[-122.64901,41.71382],[-122.63831,41.69849],[-122.6049,41.67154],[-122.59614,41.6681],[-122.55405,41.62927],[-122.54329,41.58699],[-122.54887,41.54472],[-122.51829,41.50244],[-122.46962,41.48756],[-122.42745,41.45454],[-122.38528,41.45587],[-122.3431,41.49306],[-122.33676,41.50244],[-122.29844,41.54472],[-122.27381,41.58699],[-122.29712,41.62927],[-122.30093,41.64856],[-122.30908,41.67154],[-122.30553,41.71382],[-122.32557,41.7561],[-122.3431,41.77915],[-122.35263,41.79837],[-122.36311,41.84065],[-122.36118,41.88293],[-122.3431,41.90091],[-122.32569,41.9252],[-122.30093,41.95461],[-122.28026,41.96748],[-122.29489,42.00976],[-122.30093,42.01318],[-122.3431,42.02277],[-122.38528,42.01835],[-122.42745,42.01608],[-122.44785,42.00976],[-122.46962,41.99102],[-122.50473,41.96748],[-122.51179,41.9647],[-122.55397,41.97764],[-122.59614,41.98692],[-122.60091,41.96748],[-122.59614,41.96203],[-122.57634,41.9252],[-122.56502,41.88293],[-122.59614,41.85263],[-122.63831,41.85871],[-122.68049,41.89616],[-122.72266,41.90051],[-122.76483,41.90653],[-122.80701,41.91503],[-122.84918,41.88894],[-122.85602,41.88293],[-122.89135,41.86408],[-122.93352,41.85958],[-122.9757,41.87068],[-123.01787,41.88676],[-123.06004,41.89382],[-123.10222,41.89689],[-123.14439,41.89041],[-123.18656,41.88747],[-123.22873,41.90096],[-123.27091,41.90976],[-123.31308,41.91103],[-123.35525,41.92189],[-123.36017,41.9252],[-123.4396,41.94383],[-123.46286,41.9252],[-123.48177,41.90614],[-123.50125,41.88293],[-123.48177,41.86633],[-123.4396,41.8476],[-123.43233,41.84065],[-123.43673,41.79837],[-123.4396,41.79481],[-123.48177,41.77044],[-123.52395,41.7664],[-123.57041,41.7561],[-123.56612,41.75451],[-123.53592,41.71382],[-123.51435,41.67154],[-123.52395,41.65517],[-123.56371,41.62927],[-123.56612,41.62842],[-123.60829,41.63341],[-123.61156,41.62927],[-123.61627,41.58699],[-123.60829,41.55539],[-123.60344,41.54472],[-123.60972,41.50244],[-123.56193,41.46016],[-123.55682,41.41789],[-123.56612,41.41243],[-123.60829,41.40475],[-123.64334,41.37561],[-123.65046,41.36223],[-123.66974,41.37561],[-123.67946,41.41789],[-123.66603,41.46016],[-123.67899,41.50244],[-123.69264,41.50984],[-123.73481,41.52585],[-123.77163,41.54472],[-123.82424,41.58699],[-123.81916,41.59512],[-123.77698,41.60757],[-123.74704,41.62927],[-123.73481,41.65362],[-123.72912,41.67154],[-123.73114,41.71382],[-123.73481,41.71663],[-123.77698,41.72378],[-123.78971,41.7561],[-123.77698,41.78505],[-123.76679,41.79837],[-123.70847,41.84065],[-123.69282,41.88293],[-123.67323,41.9252],[-123.65046,41.95823],[-123.633,41.96748],[-123.60829,41.97734],[-123.56981,42.00976],[-123.56612,42.01458],[-123.52395,42.05306],[-123.48177,42.07681],[-123.4396,42.08998],[-123.43442,42.09431],[-123.40583,42.13659],[-123.4238,42.17886],[-123.4396,42.19484],[-123.45533,42.22114],[-123.4396,42.23056],[-123.39743,42.25027],[-123.35525,42.27236],[-123.33936,42.26341],[-123.35196,42.22114],[-123.34862,42.17886],[-123.31308,42.17009],[-123.27091,42.16255],[-123.22873,42.14751],[-123.18656,42.14626],[-123.14439,42.16643],[-123.12992,42.13659],[-123.14439,42.10705],[-123.16074,42.09431],[-123.16118,42.05203],[-123.14678,42.00976],[-123.14439,42.00704],[-123.10222,42.00154],[-123.06917,42.00976],[-123.06004,42.01596],[-123.03114,42.05203],[-123.01787,42.07958],[-123.00501,42.09431],[-122.9757,42.10813],[-122.93352,42.11505],[-122.89135,42.12925],[-122.87485,42.13659],[-122.87307,42.17886],[-122.90068,42.22114],[-122.89135,42.22583],[-122.84918,42.22599],[-122.83895,42.22114],[-122.80701,42.20142],[-122.76483,42.19331],[-122.72266,42.18739],[-122.68049,42.16708],[-122.63831,42.15341],[-122.61422,42.13659],[-122.59614,42.12194],[-122.55397,42.10798],[-122.51553,42.13659],[-122.54758,42.17886],[-122.55397,42.19459],[-122.56812,42.22114],[-122.59614,42.2339],[-122.63831,42.24657],[-122.6633,42.26341],[-122.68049,42.28893],[-122.6983,42.30569],[-122.68049,42.32106],[-122.63831,42.32541],[-122.59614,42.34296],[-122.55397,42.34315],[-122.50936,42.34797],[-122.48353,42.39024],[-122.51179,42.44482],[-122.53414,42.4748],[-122.55397,42.50798],[-122.56276,42.51707],[-122.55397,42.5226],[-122.52249,42.51707],[-122.42745,42.48692],[-122.38536,42.51707],[-122.39423,42.55935],[-122.41863,42.60163],[-122.42745,42.62128],[-122.44851,42.60163],[-122.51179,42.58485],[-122.53977,42.60163],[-122.55397,42.61623],[-122.5729,42.6439],[-122.55397,42.69089],[-122.51179,42.71272],[-122.46962,42.70317],[-122.43661,42.68618],[-122.42745,42.6625],[-122.41345,42.68618],[-122.38192,42.72846],[-122.38706,42.77073],[-122.41309,42.81301],[-122.42745,42.85324],[-122.46962,42.89526],[-122.48666,42.85528],[-122.47666,42.81301],[-122.49769,42.77073],[-122.51179,42.75622],[-122.55397,42.75949],[-122.56345,42.77073],[-122.56291,42.81301],[-122.59614,42.84063],[-122.63831,42.85313],[-122.68049,42.84427],[-122.72266,42.8154],[-122.74007,42.81301],[-122.75535,42.77073],[-122.76483,42.76359],[-122.80701,42.76628],[-122.84918,42.76451],[-122.89135,42.74913],[-122.92866,42.72846],[-122.93352,42.72383],[-122.9757,42.7086],[-123.01787,42.72013],[-123.03445,42.72846],[-123.01062,42.77073],[-122.9757,42.79261],[-122.93352,42.81664],[-122.89135,42.81955],[-122.87102,42.81301],[-122.84918,42.78987],[-122.80701,42.7801],[-122.77001,42.81301],[-122.78077,42.85528],[-122.76797,42.89756],[-122.72266,42.93011],[-122.68049,42.93533],[-122.63831,42.95547],[-122.60857,42.98211],[-122.59614,43.01339],[-122.58884,43.02439],[-122.57186,43.06667],[-122.55397,43.08379],[-122.52451,43.10894],[-122.55397,43.14661],[-122.59614,43.13683],[-122.63831,43.13054],[-122.68049,43.13358],[-122.76483,43.14758],[-122.80701,43.13936],[-122.86768,43.10894],[-122.89135,43.08992],[-122.93352,43.10509],[-122.93645,43.10894],[-122.89332,43.15122],[-122.89658,43.1935],[-122.89135,43.19549],[-122.84918,43.20278],[-122.82271,43.1935],[-122.80701,43.17644],[-122.76483,43.15882],[-122.74503,43.1935],[-122.76483,43.22849],[-122.77024,43.23577],[-122.80701,43.26823],[-122.81431,43.27805],[-122.80701,43.28237],[-122.76483,43.2948],[-122.72266,43.29001],[-122.69218,43.27805],[-122.68049,43.27091],[-122.63831,43.26225],[-122.59614,43.25645],[-122.55397,43.25999],[-122.51179,43.24178],[-122.46962,43.24741],[-122.42745,43.24345],[-122.38528,43.26068],[-122.38045,43.27805],[-122.38528,43.28437],[-122.42745,43.30803],[-122.44086,43.32033],[-122.46962,43.34057],[-122.51179,43.33908],[-122.55397,43.35209],[-122.57103,43.3626],[-122.55397,43.37655],[-122.53796,43.40488],[-122.52154,43.44715],[-122.5251,43.48943],[-122.51179,43.51489],[-122.46962,43.5302],[-122.42745,43.49591],[-122.41704,43.48943],[-122.38528,43.47686],[-122.3431,43.46981],[-122.31358,43.48943],[-122.3694,43.53171],[-122.38528,43.54189],[-122.40472,43.57398],[-122.38528,43.60053],[-122.36959,43.61626],[-122.3431,43.65757],[-122.30093,43.6474],[-122.27614,43.65854],[-122.25876,43.67716],[-122.23277,43.70081],[-122.25876,43.71828],[-122.2921,43.74309],[-122.25876,43.77391],[-122.21658,43.77127],[-122.19511,43.78537],[-122.21658,43.79859],[-122.25876,43.80154],[-122.30093,43.83187],[-122.31793,43.86992],[-122.30093,43.88708],[-122.25876,43.89758],[-122.22854,43.9122],[-122.25876,43.92974],[-122.30093,43.94634],[-122.32815,43.95447],[-122.30093,44.0126],[-122.25876,44.07318],[-122.21658,44.04954],[-122.20372,44.03902],[-122.17441,44.00021],[-122.13999,44.03902],[-122.17095,44.0813],[-122.15231,44.12358],[-122.13224,44.13661],[-122.09006,44.14596],[-122.04789,44.14455],[-122.01948,44.12358],[-122.00572,44.10358],[-121.96589,44.12358],[-121.96664,44.16585],[-121.98022,44.25041],[-121.96706,44.33496],[-122.00572,44.35233],[-122.01768,44.33496],[-122.06399,44.29268],[-122.06518,44.25041],[-122.09006,44.21814],[-122.13071,44.25041],[-122.15063,44.29268],[-122.17441,44.31231],[-122.21658,44.3063],[-122.23685,44.29268],[-122.25876,44.27424],[-122.28419,44.25041],[-122.30093,44.23905],[-122.32604,44.25041],[-122.34134,44.29268],[-122.30093,44.3202],[-122.2915,44.33496],[-122.30093,44.35168],[-122.31238,44.37724],[-122.30093,44.38948],[-122.25876,44.39599],[-122.22079,44.37724],[-122.21658,44.37366],[-122.17441,44.37612],[-122.17354,44.37724],[-122.18155,44.41951],[-122.21658,44.45823],[-122.25876,44.45399],[-122.2758,44.46179],[-122.25876,44.47423],[-122.21658,44.47131],[-122.17441,44.49247],[-122.13224,44.46922],[-122.10331,44.50407],[-122.13224,44.54089],[-122.16973,44.54634],[-122.17441,44.5511],[-122.17968,44.54634],[-122.21658,44.53581],[-122.23251,44.54634],[-122.1907,44.58862],[-122.21658,44.60264],[-122.23754,44.63089],[-122.21658,44.66576],[-122.17441,44.64867],[-122.13224,44.64065],[-122.11842,44.63089],[-122.09006,44.61699],[-122.06991,44.63089],[-122.04789,44.66731],[-122.00572,44.67463],[-121.96355,44.69867],[-121.95156,44.67317],[-121.93538,44.63089],[-121.92137,44.61075],[-121.91166,44.63089],[-121.90386,44.67317],[-121.92137,44.69852],[-121.95169,44.71545],[-121.96355,44.72585],[-122.00572,44.7482],[-122.01738,44.75772],[-122.00572,44.76823],[-121.96355,44.77424],[-121.92137,44.79356],[-121.91533,44.8],[-121.92137,44.80329],[-121.96355,44.81934],[-122.00572,44.82888],[-122.04789,44.82931],[-122.09006,44.78891],[-122.13224,44.7831],[-122.17441,44.77305],[-122.21658,44.75979],[-122.25876,44.79271],[-122.27979,44.8],[-122.25876,44.81429],[-122.21658,44.83628],[-122.20235,44.84228],[-122.20843,44.88455],[-122.25344,44.92683],[-122.27885,44.96911],[-122.27924,45.01138],[-122.2847,45.05366],[-122.27263,45.09593],[-122.27186,45.13821],[-122.25876,45.14201],[-122.21658,45.14177],[-122.20146,45.13821],[-122.18951,45.09593],[-122.17441,45.05859],[-122.13224,45.05346],[-122.09158,45.01138],[-122.13224,44.98854],[-122.17355,44.96911],[-122.18213,44.92683],[-122.17441,44.91882],[-122.13224,44.92767],[-122.09006,44.95708],[-122.04789,44.94841],[-122.00572,44.9349],[-121.98796,44.96911],[-121.97015,45.01138],[-121.96355,45.02268],[-121.92137,45.03037],[-121.91082,45.01138],[-121.89529,44.96911],[-121.88663,44.92683],[-121.8792,44.91095],[-121.8715,44.92683],[-121.82475,44.96911],[-121.83708,45.01138],[-121.87317,45.05366],[-121.8792,45.08941],[-121.88505,45.09593],[-121.92137,45.09925],[-121.96355,45.0984],[-122.00572,45.12274],[-122.02074,45.13821],[-122.02218,45.18049],[-122.04975,45.22276],[-122.06081,45.26504],[-122.04789,45.28628],[-122.01324,45.30732],[-122.00572,45.30976],[-122.00194,45.30732],[-121.96099,45.26504],[-121.92137,45.24342],[-121.8792,45.24387],[-121.83703,45.28959],[-121.81613,45.30732],[-121.83703,45.32445],[-121.85441,45.34959],[-121.83703,45.3718],[-121.79554,45.39187],[-121.83703,45.43177],[-121.8426,45.43415],[-121.84315,45.5187],[-121.83703,45.52352],[-121.81545,45.5187],[-121.79485,45.50546],[-121.78243,45.47642],[-121.75268,45.45861],[-121.74075,45.47642],[-121.71051,45.50393],[-121.66833,45.50773],[-121.63417,45.47642],[-121.58399,45.45537],[-121.54182,45.45828],[-121.51839,45.47642],[-121.49964,45.52313],[-121.45747,45.54941],[-121.44085,45.5187],[-121.44478,45.47642],[-121.4153,45.45972],[-121.38207,45.43415],[-121.35893,45.34959],[-121.3864,45.30732],[-121.4153,45.27952],[-121.42856,45.26504],[-121.45747,45.21983],[-121.49964,45.18632],[-121.53486,45.18049],[-121.53624,45.13821],[-121.52835,45.09593],[-121.53544,45.05366],[-121.54182,45.04312],[-121.58399,45.0014],[-121.60909,44.96911],[-121.59352,44.92683],[-121.58399,44.91364],[-121.55491,44.88455],[-121.50809,44.8],[-121.49964,44.78067],[-121.48458,44.75772],[-121.49501,44.71545],[-121.49964,44.70918],[-121.56441,44.67317],[-121.54182,44.6672],[-121.49969,44.63089],[-121.48983,44.58862],[-121.46003,44.54634],[-121.41254,44.50407],[-121.45747,44.43012],[-121.49964,44.37399],[-121.54182,44.36133],[-121.57537,44.33496],[-121.54105,44.29268],[-121.49964,44.27651],[-121.45747,44.24673],[-121.4153,44.22337],[-121.37312,44.21957],[-121.34063,44.20813],[-121.28878,44.18238],[-121.20443,44.17032],[-121.14937,44.16585],[-121.12009,44.15842],[-121.07791,44.15178],[-121.06509,44.16585],[-121.04481,44.20813],[-120.99357,44.24531],[-120.97169,44.25041],[-120.95139,44.26428],[-120.90922,44.28345],[-120.86705,44.25245],[-120.82487,44.2657],[-120.77031,44.29268],[-120.74032,44.33496],[-120.7827,44.36637],[-120.79527,44.37724],[-120.82487,44.39386],[-120.86705,44.40217],[-120.90922,44.39977],[-120.95139,44.39398],[-120.99357,44.40517],[-121.03574,44.40724],[-121.07791,44.39738],[-121.12009,44.41752],[-121.12164,44.41951],[-121.12009,44.4324],[-121.10662,44.46179],[-121.07791,44.47584],[-121.03574,44.47321],[-120.99984,44.50407],[-121.00243,44.54634],[-120.98147,44.58862],[-120.95139,44.62973],[-120.90922,44.62423],[-120.90026,44.63089],[-120.87682,44.67317],[-120.86705,44.67992],[-120.83176,44.71545],[-120.82487,44.73451],[-120.7827,44.74545],[-120.74053,44.72118],[-120.72238,44.71545],[-120.69836,44.70395],[-120.69114,44.71545],[-120.68457,44.75772],[-120.6755,44.8],[-120.68792,44.84228],[-120.65158,44.88455],[-120.62895,44.92683],[-120.65618,44.96083],[-120.69836,44.96126],[-120.74053,44.95922],[-120.7827,44.96028],[-120.80726,44.96911],[-120.82487,44.98933],[-120.834,45.01138],[-120.79179,45.05366],[-120.7827,45.05878],[-120.76304,45.05366],[-120.7151,45.01138],[-120.69836,44.99852],[-120.65618,44.98393],[-120.61401,44.99626],[-120.57184,44.99708],[-120.56306,44.96911],[-120.55672,44.92683],[-120.5608,44.88455],[-120.57184,44.869],[-120.59753,44.84228],[-120.60353,44.8],[-120.57184,44.77758],[-120.52966,44.73123],[-120.48749,44.71322],[-120.44532,44.67812],[-120.40315,44.70099],[-120.36097,44.69201],[-120.34088,44.67317],[-120.35178,44.63089],[-120.3188,44.60266],[-120.27663,44.59541],[-120.26035,44.58862],[-120.23445,44.58079],[-120.19228,44.57213],[-120.15011,44.57468],[-120.12665,44.58862],[-120.13236,44.63089],[-120.17357,44.67317],[-120.15011,44.6885],[-120.10793,44.69682],[-120.08008,44.71545],[-120.06576,44.7211],[-120.02359,44.7044],[-120.01107,44.71545],[-119.96951,44.75772],[-119.93924,44.77613],[-119.89707,44.77575],[-119.8549,44.78705],[-119.81272,44.77961],[-119.77055,44.78338],[-119.72838,44.78329],[-119.6862,44.7649],[-119.67791,44.75772],[-119.65979,44.71545],[-119.6586,44.67317],[-119.65446,44.63089],[-119.65553,44.58862],[-119.68794,44.50407],[-119.64403,44.48983],[-119.60186,44.47917],[-119.55969,44.46495],[-119.51751,44.42993],[-119.47534,44.44783],[-119.43317,44.45187],[-119.39099,44.45007],[-119.34882,44.4456],[-119.30665,44.44517],[-119.26447,44.45325],[-119.24297,44.46179],[-119.30665,44.46832],[-119.39099,44.48435],[-119.43317,44.49874],[-119.44233,44.50407],[-119.47534,44.51319],[-119.55969,44.53319],[-119.58441,44.54634],[-119.5902,44.58862],[-119.58844,44.63089],[-119.60186,44.66716],[-119.60691,44.67317],[-119.61398,44.71545],[-119.60186,44.73515],[-119.55969,44.7577],[-119.51751,44.75173],[-119.49537,44.75772],[-119.47534,44.76592],[-119.44249,44.75772],[-119.43317,44.74918],[-119.39099,44.71877],[-119.3494,44.75772],[-119.34225,44.8],[-119.30518,44.84228],[-119.31358,44.88455],[-119.30665,44.88769],[-119.27718,44.88455],[-119.26447,44.88137],[-119.2223,44.85807],[-119.18013,44.85067],[-119.13796,44.8702],[-119.0943,44.88455],[-119.14202,44.92683],[-119.18013,44.94065],[-119.21458,44.96911],[-119.2423,45.01138],[-119.26447,45.01596],[-119.28677,45.01138],[-119.30665,44.99973],[-119.34882,44.98088],[-119.39099,44.98508],[-119.43317,44.98668],[-119.46396,44.96911],[-119.47534,44.95161],[-119.49656,44.92683],[-119.47534,44.91177],[-119.45263,44.88455],[-119.47534,44.87575],[-119.51751,44.86321],[-119.55969,44.8422],[-119.60186,44.83738],[-119.64403,44.84787],[-119.67876,44.88455],[-119.6862,44.90645],[-119.69893,44.92683],[-119.72838,44.93882],[-119.77055,44.93467],[-119.81272,44.93537],[-119.85735,44.92683],[-119.89707,44.91236],[-119.93924,44.90271],[-119.98142,44.88529],[-120.02359,44.88757],[-120.02925,44.88455],[-120.04667,44.84228],[-120.0925,44.8],[-120.10793,44.7906],[-120.1187,44.8],[-120.13327,44.84228],[-120.15011,44.85326],[-120.19228,44.85368],[-120.23445,44.84765],[-120.24288,44.88455],[-120.23445,44.90517],[-120.22136,44.92683],[-120.23445,44.93557],[-120.27663,44.94308],[-120.31229,44.96911],[-120.3188,45.00174],[-120.36097,44.99788],[-120.39193,45.01138],[-120.36097,45.0217],[-120.3188,45.01336],[-120.27663,45.02406],[-120.23445,45.00058],[-120.19228,44.98261],[-120.15903,45.01138],[-120.19228,45.04726],[-120.20578,45.05366],[-120.15011,45.07772],[-120.10793,45.0937],[-120.0902,45.09593],[-120.06576,45.10157],[-120.02359,45.14028],[-119.98142,45.16262],[-119.93924,45.15471],[-119.89707,45.13863],[-119.8549,45.16483],[-119.81272,45.16385],[-119.77055,45.16725],[-119.73624,45.18049],[-119.72838,45.18601],[-119.6862,45.19975],[-119.64403,45.209],[-119.60186,45.21251],[-119.55969,45.21142],[-119.51751,45.2142],[-119.49741,45.22276],[-119.48573,45.26504],[-119.43317,45.29614],[-119.39099,45.30058],[-119.35428,45.30732],[-119.34882,45.31024],[-119.31567,45.34959],[-119.30665,45.35676],[-119.26447,45.34853],[-119.2223,45.33719],[-119.18013,45.34178],[-119.13796,45.34385],[-119.09578,45.33701],[-119.05361,45.33214],[-119.01144,45.33867],[-118.96926,45.35179],[-118.92709,45.35396],[-118.88492,45.35913],[-118.84274,45.37268],[-118.80057,45.3883],[-118.7584,45.39855],[-118.71623,45.41573],[-118.69214,45.43415],[-118.67405,45.44496],[-118.63188,45.44762],[-118.58971,45.44754],[-118.54753,45.4516],[-118.50536,45.46488],[-118.49843,45.47642],[-118.50536,45.48817],[-118.5276,45.5187],[-118.50195,45.56098],[-118.50536,45.58336],[-118.51601,45.60325],[-118.46319,45.6189],[-118.37884,45.61526],[-118.33667,45.61466],[-118.2945,45.68876],[-118.25232,45.72673],[-118.23224,45.73008],[-118.25232,45.74091],[-118.28546,45.77236],[-118.25745,45.81463],[-118.21015,45.83942],[-118.16798,45.85127],[-118.16013,45.85691],[-118.14397,45.89919],[-118.15775,45.94146],[-118.1459,45.98374],[-118.1258,46.00303],[-118.08363,45.98988],[-118.04624,46.02602],[-118.0427,46.06829],[-117.99929,46.14315],[-117.95711,46.16196],[-117.92124,46.19512],[-117.91494,46.19846],[-117.87277,46.20885],[-117.83059,46.21499],[-117.81514,46.2374],[-117.8155,46.27967],[-117.78842,46.31402],[-117.74625,46.33171],[-117.70407,46.34472],[-117.66583,46.32195],[-117.6619,46.3172],[-117.61973,46.33674],[-117.60311,46.36423],[-117.57756,46.38725],[-117.53538,46.39608],[-117.49321,46.39195],[-117.43468,46.36423],[-117.40886,46.35752],[-117.36669,46.32626],[-117.36304,46.32195],[-117.357,46.27967],[-117.32452,46.25488],[-117.28234,46.2323],[-117.24017,46.22239],[-117.198,46.19794],[-117.15583,46.19033],[-117.11365,46.18952],[-117.07148,46.16725],[-117.05737,46.15285],[-117.03071,46.11057],[-117.07148,46.09976],[-117.11365,46.09448],[-117.15583,46.08622],[-117.24017,46.09416],[-117.28234,46.0892],[-117.32452,46.08203],[-117.36669,46.07224],[-117.37316,46.06829],[-117.41751,46.02602],[-117.45104,46.00026],[-117.49321,45.99552],[-117.53538,46.01489],[-117.57756,45.99897],[-117.59346,45.98374],[-117.57756,45.97554],[-117.53538,45.95811],[-117.51573,45.94146],[-117.53538,45.92484],[-117.57756,45.91444],[-117.61973,45.90203],[-117.6619,45.9011],[-117.66589,45.89919],[-117.6619,45.89231],[-117.63319,45.85691],[-117.61973,45.84624],[-117.57756,45.864],[-117.53538,45.87314],[-117.49321,45.8565],[-117.45104,45.85054],[-117.43609,45.85691],[-117.40886,45.88237],[-117.39819,45.89919],[-117.36669,45.94327],[-117.32452,45.97685],[-117.24017,46.00094],[-117.198,46.00312],[-117.15583,45.98793],[-117.14855,45.98374],[-117.15583,45.94132],[-117.11365,45.94839],[-117.07148,45.94871],[-117.02931,45.9534],[-116.99759,45.98374],[-116.98713,45.99044],[-116.94496,45.98779],[-116.89642,45.94146],[-116.88496,45.89919],[-116.86061,45.86989],[-116.81844,45.84598],[-116.78503,45.81463],[-116.77286,45.77236],[-116.79139,45.73008],[-116.81803,45.6878],[-116.82959,45.64553],[-116.81844,45.62396],[-116.80787,45.64553],[-116.77627,45.66013],[-116.7341,45.65925],[-116.70701,45.6878],[-116.67244,45.73008],[-116.64975,45.75333],[-116.60758,45.74928],[-116.5654,45.74035],[-116.55389,45.73008],[-116.54054,45.6878],[-116.52323,45.66594],[-116.50348,45.64553],[-116.50339,45.60325],[-116.52323,45.58666],[-116.54814,45.56098],[-116.55841,45.5187],[-116.5654,45.51485],[-116.58186,45.47642],[-116.5654,45.44078],[-116.52323,45.46658],[-116.51052,45.47642],[-116.51529,45.5187],[-116.48106,45.54941],[-116.46273,45.56098],[-116.43888,45.58674],[-116.42591,45.60325],[-116.41106,45.64553],[-116.43875,45.6878],[-116.47265,45.73008],[-116.4703,45.77236],[-116.48106,45.78765],[-116.52323,45.83434],[-116.60758,45.84098],[-116.64975,45.85272],[-116.65666,45.85691],[-116.66551,45.89919],[-116.66954,45.94146],[-116.64975,45.9617],[-116.60758,45.98002],[-116.58447,45.98374],[-116.5654,45.98851],[-116.56043,45.98374],[-116.52323,45.97052],[-116.48106,45.96672],[-116.44124,45.94146],[-116.41571,45.89919],[-116.39671,45.87372],[-116.35454,45.88048],[-116.31237,45.86757],[-116.2993,45.85691],[-116.31237,45.84274],[-116.32695,45.81463],[-116.3392,45.77236],[-116.34361,45.6878],[-116.31237,45.65752],[-116.30226,45.64553],[-116.2989,45.60325],[-116.31483,45.56098],[-116.31604,45.5187],[-116.32323,45.47642],[-116.35454,45.41325],[-116.3602,45.39187],[-116.35454,45.36643],[-116.34031,45.39187],[-116.27019,45.43061],[-116.25847,45.43415],[-116.29515,45.47642],[-116.27561,45.5187],[-116.27019,45.52098],[-116.26328,45.56098],[-116.22655,45.60325],[-116.19895,45.64553],[-116.22021,45.6878],[-116.21638,45.73008],[-116.20677,45.77236],[-116.20149,45.81463],[-116.22802,45.83151],[-116.2522,45.85691],[-116.26192,45.89919],[-116.22802,45.93559],[-116.20323,45.94146],[-116.18585,45.95628],[-116.14367,45.96792],[-116.1015,45.96757],[-116.05933,45.95611],[-116.01716,45.89582],[-116.0146,45.89919],[-115.97498,45.92299],[-115.92919,45.94146],[-115.89064,45.98076],[-115.88929,45.98374],[-115.84846,46.01856],[-115.82677,46.02602],[-115.80629,46.03899],[-115.76579,46.06829],[-115.74685,46.11057],[-115.72194,46.12625],[-115.67977,46.14022],[-115.6376,46.14087],[-115.59543,46.12095],[-115.55325,46.08908],[-115.51108,46.06257],[-115.49854,46.06829],[-115.46891,46.08571],[-115.42673,46.09474],[-115.39089,46.11057],[-115.42673,46.11655],[-115.46891,46.12097],[-115.51108,46.13169],[-115.53592,46.15285],[-115.52409,46.19512],[-115.51108,46.21373],[-115.46891,46.22799],[-115.42673,46.23283],[-115.4023,46.2374],[-115.42673,46.2466],[-115.51108,46.25845],[-115.55325,46.23824],[-115.59543,46.21494],[-115.6376,46.20258],[-115.65632,46.19512],[-115.67977,46.17955],[-115.72194,46.18839],[-115.76412,46.17991],[-115.78972,46.19512],[-115.80629,46.2347],[-115.80965,46.2374],[-115.80629,46.24239],[-115.76412,46.27624],[-115.75778,46.27967],[-115.76412,46.29627],[-115.80629,46.30439],[-115.82452,46.32195],[-115.83897,46.36423],[-115.82071,46.4065],[-115.85535,46.44878],[-115.85996,46.49106],[-115.84846,46.50294],[-115.82779,46.53333],[-115.84846,46.53915],[-115.89064,46.54261],[-115.97498,46.55889],[-116.00857,46.57561],[-115.97498,46.59381],[-115.93281,46.6039],[-115.90705,46.61789],[-115.89064,46.63352],[-115.84846,46.64986],[-115.80558,46.66016],[-115.80629,46.6621],[-115.84846,46.69917],[-115.89064,46.68888],[-115.90624,46.70244],[-115.89064,46.72117],[-115.87383,46.74472],[-115.8809,46.78699],[-115.84846,46.80255],[-115.80629,46.82947],[-115.76412,46.85083],[-115.67977,46.85284],[-115.63896,46.82927],[-115.6376,46.82736],[-115.59543,46.84891],[-115.58389,46.87154],[-115.59543,46.88195],[-115.6376,46.88422],[-115.72194,46.89338],[-115.76412,46.89569],[-115.80145,46.91382],[-115.80629,46.9188],[-115.84846,46.93866],[-115.93281,46.95211],[-115.97498,46.92754],[-115.9956,46.91382],[-115.97517,46.87154],[-115.99748,46.82927],[-116.01716,46.78737],[-116.05061,46.74472],[-116.05933,46.71509],[-116.08956,46.70244],[-116.1015,46.7],[-116.10452,46.70244],[-116.11776,46.74472],[-116.12278,46.78699],[-116.14367,46.81972],[-116.18585,46.80708],[-116.22802,46.80712],[-116.27019,46.80107],[-116.299,46.78699],[-116.31237,46.77716],[-116.34684,46.74472],[-116.32314,46.70244],[-116.35454,46.67719],[-116.39671,46.68763],[-116.4251,46.70244],[-116.39671,46.74128],[-116.38842,46.74472],[-116.37674,46.78699],[-116.32469,46.82927],[-116.31204,46.87154],[-116.33122,46.91382],[-116.33782,46.9561],[-116.35454,46.96346],[-116.39671,46.95933],[-116.43888,46.95263],[-116.47071,46.91382],[-116.48106,46.90338],[-116.52323,46.88525],[-116.5654,46.88117],[-116.60758,46.89301],[-116.63771,46.91382],[-116.60117,46.9561],[-116.58187,46.99837],[-116.60758,47.01227],[-116.63406,47.04065],[-116.64975,47.05483],[-116.69192,47.05312],[-116.72188,47.04065],[-116.72526,46.99837],[-116.7341,46.98978],[-116.77627,46.98494],[-116.79371,46.99837],[-116.80999,47.04065],[-116.77627,47.06004],[-116.74602,47.08293],[-116.73807,47.1252],[-116.77627,47.15394],[-116.79069,47.16748],[-116.82785,47.20976],[-116.81844,47.25381],[-116.81633,47.25203],[-116.7341,47.22634],[-116.71377,47.20976],[-116.68112,47.16748],[-116.65911,47.1252],[-116.64975,47.11576],[-116.60758,47.10046],[-116.5654,47.1083],[-116.55182,47.1252],[-116.52323,47.15404],[-116.48106,47.14423],[-116.43888,47.11113],[-116.39671,47.07183],[-116.35612,47.04065],[-116.35454,47.03636],[-116.31237,47.01831],[-116.28393,46.99837],[-116.27019,46.98036],[-116.22802,46.99375],[-116.22346,46.99837],[-116.19589,47.04065],[-116.22802,47.04978],[-116.27019,47.0687],[-116.28133,47.08293],[-116.31237,47.10759],[-116.33106,47.1252],[-116.35454,47.15345],[-116.36925,47.16748],[-116.39671,47.20523],[-116.40185,47.20976],[-116.41601,47.25203],[-116.39671,47.27234],[-116.35454,47.28378],[-116.31237,47.2722],[-116.27019,47.26862],[-116.22802,47.26033],[-116.18585,47.25893],[-116.05933,47.27305],[-116.0312,47.25203],[-116.01716,47.24533],[-115.96145,47.25203],[-115.97498,47.26128],[-116.00797,47.29431],[-116.01716,47.29672],[-116.05933,47.31769],[-116.1015,47.33384],[-116.14367,47.31769],[-116.18585,47.32762],[-116.22802,47.35032],[-116.27019,47.3605],[-116.35454,47.3491],[-116.39671,47.34921],[-116.43888,47.36579],[-116.46558,47.37886],[-116.48106,47.3847],[-116.52323,47.38902],[-116.5654,47.41696],[-116.56938,47.42114],[-116.52323,47.45559],[-116.51796,47.46341],[-116.48106,47.49693],[-116.43888,47.50508],[-116.39671,47.50707],[-116.35454,47.52468],[-116.31237,47.52766],[-116.27019,47.51291],[-116.22802,47.48598],[-116.2054,47.50569],[-116.18585,47.51968],[-116.14367,47.53803],[-116.1015,47.54166],[-116.05933,47.53223],[-116.01716,47.53966],[-115.99661,47.54797],[-116.01716,47.56242],[-116.05933,47.56893],[-116.1015,47.56369],[-116.13689,47.59024],[-116.14367,47.59863],[-116.16098,47.63252],[-116.14367,47.65103],[-116.1015,47.66545],[-116.05933,47.66115],[-116.01716,47.65876],[-115.97498,47.64765],[-115.95254,47.63252],[-115.93281,47.61227],[-115.89064,47.62268],[-115.88599,47.63252],[-115.87853,47.6748],[-115.89064,47.70939],[-115.93281,47.75999],[-115.97498,47.76509],[-115.9947,47.75935],[-115.97436,47.71707],[-116.01716,47.6984],[-116.05933,47.68682],[-116.1015,47.68674],[-116.14367,47.72317],[-116.15754,47.71707],[-116.18585,47.6908],[-116.22802,47.67686],[-116.27019,47.67478],[-116.31237,47.66207],[-116.32532,47.6748],[-116.35454,47.72357],[-116.35882,47.71707],[-116.39671,47.6746],[-116.43888,47.64043],[-116.48106,47.64054],[-116.52095,47.6748],[-116.55202,47.71707],[-116.5654,47.72574],[-116.60758,47.72965],[-116.64067,47.75935],[-116.60625,47.80163],[-116.59192,47.8439],[-116.60758,47.86387],[-116.63214,47.88618],[-116.60758,47.89602],[-116.5654,47.92014],[-116.55765,47.92846],[-116.52323,47.95369],[-116.43888,47.95368],[-116.41113,47.97073],[-116.40392,48.01301],[-116.40428,48.05528],[-116.39671,48.0693],[-116.36932,48.09756],[-116.35454,48.11944],[-116.31237,48.13037],[-116.27019,48.13863],[-116.22802,48.13865],[-116.18585,48.12984],[-116.13853,48.09756],[-116.1015,48.0753],[-116.05933,48.07385],[-116.01716,48.06677],[-116.00278,48.05528],[-115.98409,48.01301],[-115.97498,48.00899],[-115.9706,48.01301],[-115.93281,48.03442],[-115.89064,48.03868],[-115.84846,48.03737],[-115.80629,48.00618],[-115.76412,47.9814],[-115.7146,47.92846],[-115.72194,47.90748],[-115.74242,47.88618],[-115.72194,47.87676],[-115.66066,47.8439],[-115.6376,47.83428],[-115.5718,47.80163],[-115.55325,47.78518],[-115.52898,47.75935],[-115.50854,47.71707],[-115.46891,47.69154],[-115.42673,47.65812],[-115.40062,47.63252],[-115.40168,47.59024],[-115.38456,47.58615],[-115.34239,47.57894],[-115.30021,47.5744],[-115.25804,47.57356],[-115.22551,47.59024],[-115.30021,47.61358],[-115.32101,47.63252],[-115.34239,47.65277],[-115.3621,47.6748],[-115.37946,47.71707],[-115.4169,47.75935],[-115.42673,47.7724],[-115.46891,47.80831],[-115.50778,47.8439],[-115.51108,47.84875],[-115.55325,47.86537],[-115.57751,47.88618],[-115.59543,47.92737],[-115.6376,47.94943],[-115.6605,47.97073],[-115.67977,48.00809],[-115.68643,48.01301],[-115.72194,48.0221],[-115.76412,48.02957],[-115.80238,48.05528],[-115.80629,48.06223],[-115.89064,48.0733],[-115.93281,48.09326],[-115.93719,48.09756],[-115.97498,48.12063],[-116.01434,48.13984],[-116.05933,48.15095],[-116.1015,48.17103],[-116.11038,48.18211],[-116.14367,48.21187],[-116.18585,48.22356],[-116.22802,48.23992],[-116.26709,48.26667],[-116.27019,48.27145],[-116.30494,48.30894],[-116.31334,48.35122],[-116.27019,48.382],[-116.26369,48.3935],[-116.26048,48.43577],[-116.27019,48.45251],[-116.30617,48.47805],[-116.31237,48.48106],[-116.35454,48.50949],[-116.36406,48.52033],[-116.3243,48.5626],[-116.31237,48.57969],[-116.30307,48.60488],[-116.27019,48.6326],[-116.25058,48.64715],[-116.22802,48.66017],[-116.15476,48.68943],[-116.14367,48.69722],[-116.1015,48.66976],[-116.07877,48.64715],[-116.05933,48.62447],[-116.03796,48.60488],[-116.01716,48.57808],[-115.93281,48.497],[-115.91796,48.47805],[-115.92121,48.43577],[-115.88826,48.3935],[-115.88963,48.35122],[-115.886,48.30894],[-115.8579,48.26667],[-115.86427,48.22439],[-115.85532,48.18211],[-115.85074,48.13984],[-115.84846,48.13781],[-115.84188,48.13984],[-115.83899,48.18211],[-115.80629,48.20695],[-115.79403,48.22439],[-115.80629,48.24474],[-115.83296,48.26667],[-115.81291,48.35122],[-115.81432,48.3935],[-115.80629,48.40202],[-115.78876,48.43577],[-115.76412,48.47738],[-115.76027,48.47805],[-115.80629,48.49078],[-115.83647,48.52033],[-115.84846,48.53527],[-115.88446,48.5626],[-115.88627,48.60488],[-115.87712,48.64715],[-115.89064,48.65882],[-115.93281,48.63694],[-115.97498,48.67174],[-115.99233,48.68943],[-116.01716,48.71154],[-116.05933,48.76096],[-116.0748,48.77398],[-116.09723,48.81626],[-116.1015,48.83219],[-116.11863,48.85854],[-116.14076,48.90081],[-116.14234,48.94309],[-116.14018,48.98537],[-116.14367,48.99346],[-116.18585,49.00463],[-116.19248,48.98537],[-116.18585,48.98162],[-116.14663,48.94309],[-116.14622,48.90081],[-116.15503,48.85854],[-116.17075,48.81626],[-116.18585,48.78153],[-116.21284,48.81626],[-116.22802,48.82302],[-116.27019,48.86532],[-116.2978,48.90081],[-116.30883,48.94309],[-116.31237,48.9475],[-116.35454,48.9638],[-116.38226,48.98537],[-116.40536,49.02764],[-116.40844,49.06992],[-116.41673,49.1122],[-116.39671,49.1513],[-116.39306,49.15447],[-116.39671,49.15655],[-116.43888,49.16794],[-116.48106,49.16883],[-116.50045,49.19675],[-116.52323,49.21518],[-116.5654,49.24169],[-116.60661,49.2813],[-116.64021,49.32358],[-116.68472,49.36585],[-116.69192,49.3873],[-116.7341,49.48153],[-116.74072,49.49268],[-116.74328,49.53496],[-116.75958,49.57724],[-116.75794,49.61951],[-116.76415,49.66179],[-116.77543,49.70407],[-116.81252,49.74634],[-116.81818,49.78862],[-116.81707,49.83089],[-116.81844,49.8482],[-116.8218,49.87317],[-116.83277,49.91545],[-116.83378,49.95772],[-116.84103,50.0]]},"properties":{"elev":1000,"major":false}},{"type":"Feature","geometry":{"type":"LineString","coordinates":[[-121.96355,49.97086],[-121.97224,49.95772],[-121.96355,49.94007],[-121.92137,49.94994],[-121.8792,49.94201],[-121.83703,49.95223],[-121.82008,49.95772],[-121.83703,49.96885],[-121.8792,49.97367],[-121.92137,49.96347],[-121.96355,49.97086]]},"properties":{"elev":1000,"major":false}},{"type":"Feature","geometry":{"type":"LineString","coordinates":[[-122.00572,49.91891],[-122.01362,49.91545],[-122.00572,49.91191],[-121.99739,49.91545],[-122.00572,49.91891]]},"properties":{"elev":1000,"major":false}},{"type":"Feature","geometry":{"type":"LineString","coordinates":[[-113.4446,49.8875],[-113.40087,49.87317],[-113.40243,49.85313],[-113.4446,49.86151],[-113.46559,49.87317],[-113.4446,49.8875]]},"properties":{"elev":1000,"major":false}},{"type":"Feature","geometry":{"type":"LineString","coordinates":[[-108.84775,49.88],[-108.80558,49.89204],[-108.7634,49.89664],[-108.72123,49.88948],[-108.68561,49.87317],[-108.66799,49.83089],[-108.65857,49.78862],[-108.65662,49.74634],[-108.67138,49.70407],[-108.72123,49.64181],[-108.74099,49.61951],[-108.79714,49.57724],[-108.80558,49.56893],[-108.84775,49.54672],[-108.87315,49.53496],[-108.88137,49.49268],[-108.84775,49.47726],[-108.8334,49.45041],[-108.81929,49.40813],[-108.8157,49.36585],[-108.84775,49.33818],[-108.88992,49.32308],[-108.93209,49.31982],[-108.97427,49.32254],[-108.98062,49.32358],[-109.01644,49.33971],[-109.09562,49.40813],[-109.10079,49.41471],[-109.14296,49.44476],[-109.18513,49.4464],[-109.22849,49.45041],[-109.26948,49.4729],[-109.29629,49.45041],[-109.31165,49.44697],[-109.35876,49.45041],[-109.396,49.46481],[-109.42001,49.49268],[-109.43817,49.49424],[-109.48034,49.49323],[-109.52252,49.47296],[-109.56469,49.48607],[-109.60686,49.47211],[-109.63825,49.45041],[-109.68769,49.40813],[-109.73338,49.38438],[-109.77555,49.36626],[-109.81773,49.36141],[-109.8358,49.36585],[-109.8599,49.37744],[-109.87298,49.36585],[-109.90207,49.3491],[-109.94425,49.31979],[-109.98642,49.33041],[-110.02859,49.34859],[-110.07076,49.3432],[-110.11294,49.33063],[-110.12077,49.32358],[-110.15511,49.30309],[-110.19728,49.29566],[-110.23946,49.29346],[-110.3238,49.29607],[-110.36598,49.30298],[-110.40815,49.32587],[-110.45032,49.33684],[-110.481,49.32358],[-110.45003,49.2813],[-110.49249,49.27548],[-110.50869,49.2813],[-110.53467,49.28815],[-110.56277,49.32358],[-110.53467,49.35325],[-110.52033,49.36585],[-110.53467,49.37099],[-110.57684,49.40113],[-110.6069,49.45041],[-110.61901,49.45893],[-110.66119,49.47501],[-110.70336,49.49304],[-110.74553,49.51987],[-110.75903,49.53496],[-110.74553,49.55642],[-110.72497,49.57724],[-110.71441,49.61951],[-110.74553,49.63934],[-110.78771,49.6519],[-110.81246,49.66179],[-110.78771,49.69572],[-110.78387,49.70407],[-110.74553,49.72043],[-110.70336,49.74916],[-110.66119,49.76271],[-110.61901,49.76931],[-110.6063,49.78862],[-110.57684,49.80812],[-110.53467,49.81325],[-110.49249,49.80846],[-110.45032,49.81591],[-110.42775,49.83089],[-110.40815,49.83898],[-110.36598,49.83853],[-110.28163,49.81827],[-110.23946,49.81657],[-110.19728,49.81808],[-110.15511,49.82321],[-110.11294,49.82363],[-110.07076,49.79739],[-110.02859,49.77884],[-109.98642,49.78351],[-109.9732,49.78862],[-109.94425,49.80274],[-109.91485,49.78862],[-109.90207,49.78542],[-109.8599,49.77898],[-109.81773,49.76737],[-109.77184,49.74634],[-109.73338,49.73379],[-109.69121,49.71685],[-109.64904,49.72242],[-109.54817,49.74634],[-109.52252,49.75731],[-109.43817,49.76108],[-109.396,49.78171],[-109.37913,49.78862],[-109.31165,49.80965],[-109.26948,49.81667],[-109.22731,49.82085],[-109.18513,49.83164],[-109.14296,49.83179],[-109.10079,49.81943],[-109.05861,49.82001],[-109.01644,49.83681],[-108.97427,49.8475],[-108.93209,49.84839],[-108.88992,49.85926],[-108.86438,49.87317],[-108.84775,49.88]]},"properties":{"elev":1000,"major":false}},{"type":"Feature","geometry":{"type":"LineString","coordinates":[[-121.8792,49.83596],[-121.88135,49.83089],[-121.8792,49.82388],[-121.87581,49.83089],[-121.8792,49.83596]]},"properties":{"elev":1000,"major":false}},{"type":"Feature","geometry":{"type":"LineString","coordinates":[[-123.60829,49.62594],[-123.56612,49.63595],[-123.53232,49.61951],[-123.54925,49.57724],[-123.56612,49.5604],[-123.60829,49.57275],[-123.65046,49.5726],[-123.6558,49.57724],[-123.65046,49.59666],[-123.63718,49.61951],[-123.60829,49.62594]]},"properties":{"elev":1000,"major":false}},{"type":"Feature","geometry":{"type":"LineString","coordinates":[[-117.15583,49.62992],[-117.19397,49.61951],[-117.15583,49.60588],[-117.11365,49.61015],[-117.07148,49.61164],[-117.02931,49.61079],[-116.98713,49.61446],[-116.96331,49.61951],[-116.98713,49.63065],[-117.02931,49.63091],[-117.07148,49.62776],[-117.11365,49.63006],[-117.15583,49.62992]]},"properties":{"elev":1000,"major":false}},{"type":"Feature","geometry":{"type":"LineString","coordinates":[[-120.48749,49.59565],[-120.51993,49.57724],[-120.52373,49.53496],[-120.52966,49.52559],[-120.56114,49.49268],[-120.57184,49.47194],[-120.57675,49.45041],[-120.57338,49.40813],[-120.57184,49.40415],[-120.52966,49.37657],[-120.48749,49.39584],[-120.44532,49.40034],[-120.42715,49.40813],[-120.40315,49.43798],[-120.36097,49.44946],[-120.3188,49.44238],[-120.27663,49.44782],[-120.26753,49.45041],[-120.3188,49.46582],[-120.36097,49.46944],[-120.38246,49.49268],[-120.40237,49.53496],[-120.40315,49.53876],[-120.45508,49.57724],[-120.48749,49.59565]]},"properties":{"elev":1000,"major":false}},{"type":"Feature","geometry":{"type":"LineString","coordinates":[[-117.70407,49.60116],[-117.70749,49.57724],[-117.70407,49.57503],[-117.6619,49.56263],[-117.61973,49.53254],[-117.60909,49.53496],[-117.61206,49.57724],[-117.61973,49.58516],[-117.6619,49.59023],[-117.70407,49.60116]]},"properties":{"elev":1000,"major":false}},{"type":"Feature","geometry":{"type":"LineString","coordinates":[[-117.24017,49.58004],[-117.28234,49.54364],[-117.31308,49.53496],[-117.30964,49.49268],[-117.28234,49.49026],[-117.27706,49.49268],[-117.23641,49.53496],[-117.19012,49.57724],[-117.198,49.61193],[-117.24017,49.58004]]},"properties":{"elev":1000,"major":false}},{"type":"Feature","geometry":{"type":"LineString","coordinates":[[-108.42602,49.58327],[-108.38385,49.58829],[-108.34167,49.58258],[-108.33381,49.57724],[-108.29342,49.53496],[-108.33334,49.49268],[-108.33679,49.45041],[-108.34251,49.40813],[-108.38385,49.40205],[-108.42602,49.40511],[-108.43234,49.40813],[-108.46819,49.44382],[-108.47652,49.45041],[-108.48432,49.49268],[-108.47318,49.53496],[-108.44015,49.57724],[-108.42602,49.58327]]},"properties":{"elev":1000,"major":false}},{"type":"Feature","geometry":{"type":"LineString","coordinates":[[-122.3431,49.5457],[-122.30093,49.54643],[-122.2904,49.53496],[-122.30093,49.51763],[-122.3431,49.52465],[-122.3611,49.53496],[-122.3431,49.5457]]},"properties":{"elev":1000,"major":false}},{"type":"Feature","geometry":{"type":"LineString","coordinates":[[-124.95783,49.49527],[-124.9515,49.49268],[-124.95783,49.48978],[-124.9665,49.49268],[-124.95783,49.49527]]},"properties":{"elev":1000,"major":false}},{"type":"Feature","geometry":{"type":"LineString","coordinates":[[-119.05361,49.4977],[-119.05713,49.49268],[-119.05361,49.49074],[-119.05055,49.49268],[-119.05361,49.4977]]},"properties":{"elev":1000,"major":false}},{"type":"Feature","geometry":{"type":"LineString","coordinates":[[-122.3431,49.45584],[-122.3384,49.45041],[-122.3431,49.44522],[-122.34913,49.45041],[-122.3431,49.45584]]},"properties":{"elev":1000,"major":false}},{"type":"Feature","geometry":{"type":"LineString","coordinates":[[-119.6862,49.45212],[-119.64403,49.45181],[-119.64304,49.45041],[-119.64403,49.44838],[-119.6862,49.44869],[-119.68837,49.45041],[-119.6862,49.45212]]},"properties":{"elev":1000,"major":false}},{"type":"Feature","geometry":{"type":"LineString","coordinates":[[-121.92137,49.44298],[-121.90765,49.40813],[-121.92137,49.39694],[-121.92954,49.40813],[-121.92137,49.44298]]},"properties":{"elev":1000,"major":false}},{"type":"Feature","geometry":{"type":"LineString","coordinates":[[-120.19228,49.41129],[-120.20118,49.40813],[-120.19228,49.40356],[-120.17059,49.40813],[-120.19228,49.41129]]},"properties":{"elev":1000,"major":false}},{"type":"Feature","geometry":{"type":"LineString","coordinates":[[-117.57756,49.42041],[-117.56497,49.40813],[-117.57756,49.39316],[-117.6073,49.40813],[-117.57756,49.42041]]},"properties":{"elev":1000,"major":false}},{"type":"Feature","geometry":{"type":"LineString","coordinates":[[-120.06576,49.39417],[-120.08544,49.36585],[-120.06576,49.35533],[-120.03722,49.36585],[-120.06576,49.39417]]},"properties":{"elev":1000,"major":false}},{"type":"Feature","geometry":{"type":"LineString","coordinates":[[-120.02359,49.35354],[-120.03532,49.32358],[-120.028,49.2813],[-120.02359,49.27571],[-119.99028,49.2813],[-120.0055,49.32358],[-120.02359,49.35354]]},"properties":{"elev":1000,"major":false}},{"type":"Feature","geometry":{"type":"LineString","coordinates":[[-124.5361,49.25057],[-124.52384,49.23902],[-124.5361,49.22591],[-124.57573,49.23902],[-124.5361,49.25057]]},"properties":{"elev":1000,"major":false}},{"type":"Feature","geometry":{"type":"LineString","coordinates":[[-121.37312,49.25928],[-121.38028,49.23902],[-121.37312,49.22972],[-121.36716,49.23902],[-121.37312,49.25928]]},"properties":{"elev":1000,"major":false}},{"type":"Feature","geometry":{"type":"LineString","coordinates":[[-119.98142,49.27762],[-119.994,49.23902],[-119.98142,49.20251],[-119.93924,49.2372],[-119.92443,49.23902],[-119.93924,49.24066],[-119.98142,49.27762]]},"properties":{"elev":1000,"major":false}},{"type":"Feature","geometry":{"type":"LineString","coordinates":[[-109.22731,49.25087],[-109.18513,49.25226],[-109.14705,49.23902],[-109.16806,49.19675],[-109.18513,49.18989],[-109.22731,49.18575],[-109.25871,49.19675],[-109.26258,49.23902],[-109.22731,49.25087]]},"properties":{"elev":1000,"major":false}},{"type":"Feature","geometry":{"type":"LineString","coordinates":[[-117.28234,49.20783],[-117.29305,49.19675],[-117.28234,49.18909],[-117.25163,49.19675],[-117.28234,49.20783]]},"properties":{"elev":1000,"major":false}},{"type":"Feature","geometry":{"type":"LineString","coordinates":[[-116.31237,49.21331],[-116.3275,49.19675],[-116.31237,49.18927],[-116.29815,49.19675],[-116.31237,49.21331]]},"properties":{"elev":1000,"major":false}},{"type":"Feature","geometry":{"type":"LineString","coordinates":[[-124.45175,49.16505],[-124.42546,49.15447],[-124.45175,49.14689],[-124.46852,49.15447],[-124.45175,49.16505]]},"properties":{"elev":1000,"major":false}},{"type":"Feature","geometry":{"type":"LineString","coordinates":[[-121.16226,49.15566],[-121.16626,49.15447],[-121.16226,49.1519],[-121.13625,49.1122],[-121.12009,49.08123],[-121.08674,49.02764],[-121.09709,48.98537],[-121.09425,48.94309],[-121.07791,48.92926],[-121.05148,48.90081],[-121.03825,48.85854],[-121.07791,48.8223],[-121.11969,48.81626],[-121.07791,48.80207],[-121.06176,48.77398],[-121.07791,48.75945],[-121.12009,48.75263],[-121.16226,48.73902],[-121.16778,48.73171],[-121.16226,48.72689],[-121.12009,48.71516],[-121.07791,48.70174],[-121.03574,48.7155],[-121.01726,48.73171],[-120.99357,48.76417],[-120.99219,48.77398],[-120.99357,48.79803],[-120.99642,48.81626],[-120.99357,48.82013],[-120.96893,48.90081],[-120.99357,48.93472],[-121.00161,48.94309],[-121.02018,48.98537],[-121.01542,49.02764],[-121.02467,49.06992],[-121.03574,49.08388],[-121.06623,49.1122],[-121.07791,49.1207],[-121.12009,49.1572],[-121.16226,49.15566]]},"properties":{"elev":1000,"major":false}},{"type":"Feature","geometry":{"type":"LineString","coordinates":[[-121.45747,49.11693],[-121.49851,49.1122],[-121.45747,49.10852],[-121.44111,49.1122],[-121.45747,49.11693]]},"properties":{"elev":1000,"major":false}},{"type":"Feature","geometry":{"type":"LineString","coordinates":[[-117.45104,49.04397],[-117.40886,49.04958],[-117.38618,49.02764],[-117.35422,48.98537],[-117.35459,48.94309],[-117.36669,48.92248],[-117.37416,48.90081],[-117.40023,48.85854],[-117.40886,48.84941],[-117.43357,48.81626],[-117.45104,48.79551],[-117.4726,48.77398],[-117.478,48.73171],[-117.45455,48.68943],[-117.45104,48.68751],[-117.40678,48.64715],[-117.38863,48.60488],[-117.39747,48.5626],[-117.3942,48.52033],[-117.39817,48.47805],[-117.38272,48.43577],[-117.38209,48.3935],[-117.39888,48.35122],[-117.40886,48.33509],[-117.43994,48.30894],[-117.42664,48.26667],[-117.40886,48.259],[-117.37015,48.22439],[-117.40444,48.18211],[-117.40886,48.1806],[-117.49321,48.18892],[-117.53538,48.1949],[-117.55115,48.22439],[-117.57756,48.2553],[-117.59038,48.26667],[-117.61954,48.30894],[-117.60758,48.35122],[-117.6051,48.3935],[-117.59405,48.43577],[-117.60678,48.47805],[-117.61586,48.52033],[-117.61973,48.53063],[-117.6619,48.55805],[-117.69469,48.5626],[-117.74625,48.57398],[-117.76796,48.60488],[-117.74625,48.63153],[-117.70501,48.64715],[-117.74625,48.67833],[-117.79583,48.64715],[-117.83059,48.63348],[-117.8485,48.64715],[-117.86202,48.68943],[-117.86676,48.73171],[-117.83059,48.77367],[-117.78842,48.77626],[-117.7477,48.81626],[-117.74625,48.82395],[-117.72853,48.81626],[-117.70407,48.81456],[-117.67329,48.77398],[-117.6778,48.73171],[-117.6619,48.72264],[-117.63548,48.73171],[-117.61973,48.75225],[-117.60727,48.77398],[-117.57756,48.80836],[-117.57357,48.81626],[-117.56985,48.85854],[-117.55703,48.90081],[-117.53538,48.93448],[-117.53137,48.94309],[-117.51701,48.98537],[-117.49321,49.01242],[-117.45104,49.04397]]},"properties":{"elev":1000,"major":false}},{"type":"Feature","geometry":{"type":"LineString","coordinates":[[-118.42102,48.99983],[-118.37884,49.01102],[-118.33667,49.00929],[-118.2945,49.00951],[-118.25232,49.00577],[-118.23509,48.98537],[-118.24449,48.94309],[-118.23823,48.85854],[-118.23156,48.81626],[-118.19115,48.77398],[-118.18341,48.73171],[-118.16798,48.69961],[-118.14903,48.64715],[-118.16798,48.62726],[-118.21015,48.62498],[-118.25232,48.60842],[-118.27254,48.60488],[-118.25232,48.59847],[-118.22597,48.5626],[-118.25232,48.53325],[-118.2945,48.51885],[-118.32387,48.47805],[-118.33667,48.44181],[-118.35009,48.43577],[-118.33667,48.41268],[-118.33429,48.3935],[-118.33667,48.3843],[-118.35156,48.35122],[-118.37884,48.334],[-118.40931,48.30894],[-118.42257,48.26667],[-118.40262,48.22439],[-118.42102,48.18959],[-118.44712,48.18211],[-118.46319,48.18025],[-118.46477,48.18211],[-118.47005,48.22439],[-118.50536,48.23532],[-118.54753,48.23635],[-118.58252,48.22439],[-118.58971,48.18219],[-118.59368,48.22439],[-118.59142,48.26667],[-118.61288,48.30894],[-118.63188,48.32485],[-118.67414,48.35122],[-118.66136,48.3935],[-118.67529,48.43577],[-118.67463,48.47805],[-118.68721,48.5626],[-118.68993,48.60488],[-118.67405,48.62194],[-118.63188,48.65142],[-118.59846,48.68943],[-118.60739,48.73171],[-118.58971,48.75906],[-118.57104,48.77398],[-118.54753,48.79587],[-118.53704,48.81626],[-118.52939,48.85854],[-118.50536,48.89219],[-118.49559,48.90081],[-118.48201,48.94309],[-118.44964,48.98537],[-118.42102,48.99983]]},"properties":{"elev":1000,"major":false}},{"type":"Feature","geometry":{"type":"LineString","coordinates":[[-117.61973,48.95145],[-117.60573,48.94309],[-117.61156,48.90081],[-117.61973,48.89549],[-117.6619,48.89782],[-117.66386,48.90081],[-117.6619,48.92379],[-117.65586,48.94309],[-117.61973,48.95145]]},"properties":{"elev":1000,"major":false}},{"type":"Feature","geometry":{"type":"LineString","coordinates":[[-108.84775,48.9642],[-108.8303,48.94309],[-108.81563,48.90081],[-108.80558,48.89171],[-108.7634,48.87352],[-108.73938,48.85854],[-108.73741,48.81626],[-108.7634,48.78306],[-108.80558,48.79492],[-108.84775,48.80127],[-108.88744,48.81626],[-108.94144,48.85854],[-108.94319,48.90081],[-108.88992,48.93912],[-108.87816,48.94309],[-108.84775,48.9642]]},"properties":{"elev":1000,"major":false}},{"type":"Feature","geometry":{"type":"LineString","coordinates":[[-121.62616,48.9019],[-121.63248,48.90081],[-121.62616,48.89976],[-121.62499,48.90081],[-121.62616,48.9019]]},"properties":{"elev":1000,"major":false}},{"type":"Feature","geometry":{"type":"LineString","coordinates":[[-119.60186,48.75524],[-119.5938,48.73171],[-119.60186,48.71521],[-119.62546,48.73171],[-119.60186,48.75524]]},"properties":{"elev":1000,"major":false}},{"type":"Feature","geometry":{"type":"LineString","coordinates":[[-115.25804,48.57631],[-115.28927,48.5626],[-115.30021,48.54826],[-115.3128,48.52033],[-115.31806,48.47805],[-115.30931,48.43577],[-115.34239,48.40633],[-115.38456,48.39967],[-115.42129,48.43577],[-115.42673,48.44301],[-115.46891,48.45836],[-115.50706,48.47805],[-115.50681,48.52033],[-115.51108,48.52794],[-115.53188,48.52033],[-115.59543,48.5063],[-115.6376,48.48792],[-115.65043,48.47805],[-115.6376,48.44987],[-115.63334,48.43577],[-115.57563,48.35122],[-115.56831,48.30894],[-115.55325,48.28321],[-115.53117,48.26667],[-115.51108,48.2571],[-115.46891,48.24181],[-115.45182,48.26667],[-115.44512,48.30894],[-115.45768,48.35122],[-115.42673,48.37728],[-115.38456,48.38605],[-115.34239,48.37619],[-115.30562,48.35122],[-115.30021,48.3292],[-115.29618,48.35122],[-115.27326,48.3935],[-115.25679,48.43577],[-115.22909,48.47805],[-115.20612,48.52033],[-115.17805,48.5626],[-115.21587,48.59625],[-115.25804,48.57631]]},"properties":{"elev":1000,"major":false}},{"type":"Feature","geometry":{"type":"LineString","coordinates":[[-118.04146,48.56248],[-117.99929,48.53461],[-117.99267,48.52033],[-117.99929,48.51129],[-118.01869,48.47805],[-118.01818,48.43577],[-117.99929,48.40657],[-117.95711,48.40638],[-117.94426,48.3935],[-117.91334,48.35122],[-117.91494,48.34839],[-117.95711,48.33307],[-117.99929,48.3361],[-118.04146,48.35781],[-118.06434,48.3935],[-118.06189,48.43577],[-118.06613,48.47805],[-118.07784,48.52033],[-118.04146,48.56248]]},"properties":{"elev":1000,"major":false}},{"type":"Feature","geometry":{"type":"LineString","coordinates":[[-114.5411,48.54865],[-114.55378,48.52033],[-114.5411,48.50545],[-114.51285,48.47805],[-114.49893,48.47204],[-114.46526,48.43577],[-114.45675,48.40811],[-114.44752,48.3935],[-114.43959,48.35122],[-114.43628,48.30894],[-114.41481,48.26667],[-114.37241,48.20684],[-114.33024,48.19043],[-114.32156,48.18211],[-114.28806,48.1561],[-114.24589,48.11462],[-114.23209,48.09756],[-114.22485,48.05528],[-114.20372,48.0198],[-114.19761,48.01301],[-114.17955,47.97073],[-114.18983,47.92846],[-114.20372,47.9122],[-114.24589,47.88817],[-114.28806,47.8879],[-114.35347,47.8439],[-114.33024,47.82909],[-114.28806,47.81413],[-114.24589,47.82628],[-114.20372,47.82161],[-114.16754,47.80163],[-114.19291,47.75935],[-114.20372,47.74641],[-114.24589,47.7215],[-114.28806,47.70657],[-114.33024,47.73208],[-114.37241,47.75265],[-114.39901,47.71707],[-114.38817,47.6748],[-114.38109,47.63252],[-114.37241,47.62521],[-114.35363,47.59024],[-114.37241,47.55158],[-114.41458,47.54993],[-114.42544,47.59024],[-114.45675,47.61444],[-114.475,47.63252],[-114.49893,47.67418],[-114.5411,47.69619],[-114.5625,47.71707],[-114.55684,47.75935],[-114.55611,47.80163],[-114.5411,47.82801],[-114.53367,47.8439],[-114.5411,47.87942],[-114.58327,47.88407],[-114.62545,47.86806],[-114.65843,47.8439],[-114.6581,47.80163],[-114.66762,47.7854],[-114.67497,47.75935],[-114.66762,47.73217],[-114.66038,47.71707],[-114.66762,47.6983],[-114.67309,47.6748],[-114.66762,47.64451],[-114.66272,47.63252],[-114.62545,47.59621],[-114.60667,47.59024],[-114.62545,47.56426],[-114.62913,47.54797],[-114.66391,47.50569],[-114.6509,47.46341],[-114.62545,47.44331],[-114.5914,47.42114],[-114.59387,47.37886],[-114.58327,47.37137],[-114.49893,47.3627],[-114.48894,47.37886],[-114.49893,47.38765],[-114.5411,47.4182],[-114.55048,47.42114],[-114.55909,47.46341],[-114.56392,47.59024],[-114.5411,47.59718],[-114.52,47.59024],[-114.49893,47.55941],[-114.49538,47.54797],[-114.46431,47.50569],[-114.42917,47.46341],[-114.41458,47.45389],[-114.37241,47.45675],[-114.35577,47.42114],[-114.3444,47.37886],[-114.37241,47.3502],[-114.45675,47.33809],[-114.45965,47.33659],[-114.41458,47.33033],[-114.37241,47.32121],[-114.33024,47.32075],[-114.28806,47.30982],[-114.24988,47.29431],[-114.24589,47.29159],[-114.23914,47.29431],[-114.23591,47.33659],[-114.20372,47.35754],[-114.16154,47.33756],[-114.11937,47.31449],[-114.03503,47.32007],[-114.02227,47.33659],[-114.0235,47.37886],[-114.02176,47.42114],[-114.02388,47.46341],[-114.03503,47.56171],[-114.04938,47.59024],[-114.05802,47.63252],[-114.0593,47.6748],[-114.03503,47.69858],[-114.03237,47.71707],[-114.02242,47.75935],[-114.01736,47.80163],[-114.02501,47.8439],[-114.02666,47.88618],[-114.02537,47.92846],[-114.02759,47.97073],[-114.02632,48.01301],[-114.03503,48.03486],[-114.04728,48.05528],[-114.03503,48.07924],[-114.00761,48.05528],[-113.99285,48.05039],[-113.95068,48.04608],[-113.94572,48.05528],[-113.94939,48.09756],[-113.95068,48.10113],[-113.98107,48.13984],[-113.99285,48.15754],[-114.02507,48.18211],[-114.03503,48.18577],[-114.11378,48.26667],[-114.11937,48.28314],[-114.14182,48.30894],[-114.14695,48.35122],[-114.12656,48.3935],[-114.16154,48.41772],[-114.20372,48.42298],[-114.24772,48.43577],[-114.28806,48.43915],[-114.33024,48.44548],[-114.36224,48.43577],[-114.37057,48.3935],[-114.37241,48.39235],[-114.41458,48.42762],[-114.42766,48.43577],[-114.43069,48.47805],[-114.45675,48.51133],[-114.46983,48.52033],[-114.49893,48.52975],[-114.5411,48.54865]]},"properties":{"elev":1000,"major":false}},{"type":"Feature","geometry":{"type":"LineString","coordinates":[[-121.92137,48.48177],[-121.8792,48.48098],[-121.8646,48.47805],[-121.8792,48.46655],[-121.92137,48.46697],[-121.92851,48.47805],[-121.92137,48.48177]]},"properties":{"elev":1000,"major":false}},{"type":"Feature","geometry":{"type":"LineString","coordinates":[[-121.79485,48.4791],[-121.77368,48.47805],[-121.79485,48.46887],[-121.80252,48.47805],[-121.79485,48.4791]]},"properties":{"elev":1000,"major":false}},{"type":"Feature","geometry":{"type":"LineString","coordinates":[[-117.74625,48.44066],[-117.72559,48.43577],[-117.73528,48.3935],[-117.74625,48.38536],[-117.78238,48.3935],[-117.75401,48.43577],[-117.74625,48.44066]]},"properties":{"elev":1000,"major":false}},{"type":"Feature","geometry":{"type":"LineString","coordinates":[[-114.03503,48.46466],[-114.03503,48.43454],[-114.03377,48.43577],[-114.03503,48.46466]]},"properties":{"elev":1000,"major":false}},{"type":"Feature","geometry":{"type":"LineString","coordinates":[[-109.60686,48.44506],[-109.56469,48.46546],[-109.52252,48.45438],[-109.48034,48.43812],[-109.43817,48.42601],[-109.396,48.43721],[-109.35382,48.4449],[-109.32024,48.43577],[-109.26592,48.3935],[-109.22731,48.37266],[-109.18513,48.35747],[-109.14296,48.35404],[-109.10079,48.36238],[-109.05861,48.36228],[-109.01644,48.35377],[-108.99328,48.35122],[-108.98057,48.30894],[-108.95443,48.26667],[-108.93726,48.22439],[-108.93778,48.18211],[-108.95445,48.13984],[-109.02997,48.09756],[-109.05861,48.07948],[-109.10079,48.0677],[-109.11834,48.05528],[-109.112,48.01301],[-109.11322,47.97073],[-109.14296,47.94861],[-109.18513,47.96018],[-109.24402,47.92846],[-109.25935,47.88618],[-109.30385,47.8439],[-109.31165,47.84106],[-109.35382,47.83674],[-109.37476,47.8439],[-109.42322,47.88618],[-109.43817,47.8956],[-109.48034,47.89421],[-109.52252,47.90992],[-109.53825,47.92846],[-109.56469,47.94667],[-109.60686,47.93349],[-109.64904,47.92421],[-109.73338,47.89956],[-109.74212,47.92846],[-109.77555,47.96344],[-109.7807,47.97073],[-109.81773,48.00392],[-109.8599,48.00755],[-109.90207,48.00782],[-109.94474,48.01301],[-109.96089,48.05528],[-109.9524,48.09756],[-109.95305,48.13984],[-109.9568,48.18211],[-109.94425,48.19509],[-109.9217,48.22439],[-109.897,48.26667],[-109.8599,48.30482],[-109.85265,48.30894],[-109.82891,48.35122],[-109.77552,48.3935],[-109.73338,48.41706],[-109.69121,48.42842],[-109.64904,48.43567],[-109.60686,48.44506]]},"properties":{"elev":1000,"major":false}},{"type":"Feature","geometry":{"type":"LineString","coordinates":[[-121.71051,48.41056],[-121.66833,48.39725],[-121.66647,48.3935],[-121.66833,48.38846],[-121.71,48.35122],[-121.75268,48.35003],[-121.75889,48.35122],[-121.75268,48.36475],[-121.73634,48.3935],[-121.71051,48.41056]]},"properties":{"elev":1000,"major":false}},{"type":"Feature","geometry":{"type":"LineString","coordinates":[[-120.82487,48.40507],[-120.83364,48.3935],[-120.82487,48.38806],[-120.7827,48.38354],[-120.74053,48.38264],[-120.72793,48.3935],[-120.74053,48.39811],[-120.7827,48.40274],[-120.82487,48.40507]]},"properties":{"elev":1000,"major":false}},{"type":"Feature","geometry":{"type":"LineString","coordinates":[[-115.04718,48.30948],[-115.04629,48.30894],[-115.04718,48.30948]]},"properties":{"elev":1000,"major":false}},{"type":"Feature","geometry":{"type":"LineString","coordinates":[[-118.04146,48.30096],[-118.01529,48.26667],[-117.99929,48.25454],[-117.97692,48.26667],[-117.95711,48.27416],[-117.91494,48.28661],[-117.88596,48.26667],[-117.8875,48.22439],[-117.89303,48.18211],[-117.91494,48.16411],[-117.93313,48.13984],[-117.95711,48.12133],[-117.99196,48.09756],[-117.99689,48.05528],[-117.99929,48.04624],[-118.04108,48.01301],[-118.08363,48.00959],[-118.1046,48.01301],[-118.10384,48.05528],[-118.08762,48.09756],[-118.08363,48.10268],[-118.04146,48.12369],[-118.02911,48.13984],[-118.02873,48.18211],[-118.0322,48.22439],[-118.04146,48.23706],[-118.05743,48.26667],[-118.04146,48.30096]]},"properties":{"elev":1000,"major":false}},{"type":"Feature","geometry":{"type":"LineString","coordinates":[[-115.30021,48.27928],[-115.30128,48.26667],[-115.30021,48.26484],[-115.2888,48.26667],[-115.30021,48.27928]]},"properties":{"elev":1000,"major":false}},{"type":"Feature","geometry":{"type":"LineString","coordinates":[[-121.66833,48.23518],[-121.63943,48.22439],[-121.62616,48.19291],[-121.61492,48.18211],[-121.62616,48.15847],[-121.66833,48.14338],[-121.71773,48.18211],[-121.71051,48.19077],[-121.69666,48.22439],[-121.66833,48.23518]]},"properties":{"elev":1000,"major":false}},{"type":"Feature","geometry":{"type":"LineString","coordinates":[[-115.25804,48.25099],[-115.26526,48.22439],[-115.25804,48.20923],[-115.25208,48.22439],[-115.25804,48.25099]]},"properties":{"elev":1000,"major":false}},{"type":"Feature","geometry":{"type":"LineString","coordinates":[[-118.7584,48.1462],[-118.75732,48.13984],[-118.7584,48.13312],[-118.76682,48.13984],[-118.7584,48.1462]]},"properties":{"elev":1000,"major":false}},{"type":"Feature","geometry":{"type":"LineString","coordinates":[[-116.90279,48.15032],[-116.88146,48.13984],[-116.87497,48.09756],[-116.90279,48.07094],[-116.94496,48.0805],[-116.96002,48.09756],[-116.94496,48.12409],[-116.92844,48.13984],[-116.90279,48.15032]]},"properties":{"elev":1000,"major":false}},{"type":"Feature","geometry":{"type":"LineString","coordinates":[[-116.52323,48.14197],[-116.51785,48.13984],[-116.52323,48.1357],[-116.52622,48.13984],[-116.52323,48.14197]]},"properties":{"elev":1000,"major":false}},{"type":"Feature","geometry":{"type":"LineString","coordinates":[[-115.76412,48.14022],[-115.76515,48.13984],[-115.76412,48.12529],[-115.76412,48.14022]]},"properties":{"elev":1000,"major":false}},{"type":"Feature","geometry":{"type":"LineString","coordinates":[[-116.69192,48.0999],[-116.69066,48.09756],[-116.69192,48.09703],[-116.69192,48.0999]]},"properties":{"elev":1000,"major":false}},{"type":"Feature","geometry":{"type":"LineString","coordinates":[[-108.55254,48.09892],[-108.51036,48.11595],[-108.49052,48.09756],[-108.46819,48.07265],[-108.45534,48.05528],[-108.42602,48.0437],[-108.38526,48.01301],[-108.36638,47.97073],[-108.3897,47.92846],[-108.38385,47.9055],[-108.36993,47.88618],[-108.42602,47.84957],[-108.46819,47.84837],[-108.51036,47.84477],[-108.55254,47.8454],[-108.57559,47.8439],[-108.59471,47.83929],[-108.63688,47.83497],[-108.72123,47.8363],[-108.734,47.8439],[-108.80558,47.87416],[-108.82476,47.88618],[-108.86045,47.92846],[-108.88992,47.95746],[-108.92333,47.97073],[-108.88992,47.98989],[-108.84775,47.99897],[-108.81362,48.01301],[-108.80558,48.01749],[-108.7744,48.05528],[-108.7634,48.06261],[-108.72123,48.07161],[-108.67906,48.07292],[-108.63688,48.08288],[-108.55254,48.09892]]},"properties":{"elev":1000,"major":false}},{"type":"Feature","geometry":{"type":"LineString","coordinates":[[-121.45747,48.05636],[-121.46036,48.05528],[-121.44142,48.05528],[-121.45747,48.05636]]},"properties":{"elev":1000,"major":false}},{"type":"Feature","geometry":{"type":"LineString","coordinates":[[-118.80057,48.06128],[-118.79893,48.05528],[-118.80057,48.05453],[-118.80187,48.05528],[-118.80057,48.06128]]},"properties":{"elev":1000,"major":false}},{"type":"Feature","geometry":{"type":"LineString","coordinates":[[-123.77698,48.01477],[-123.73481,48.03651],[-123.69264,48.04539],[-123.65046,48.03811],[-123.63943,48.01301],[-123.63229,47.97073],[-123.60829,47.96203],[-123.56612,47.94052],[-123.53856,47.92846],[-123.48177,47.89638],[-123.45501,47.88618],[-123.48177,47.85778],[-123.48617,47.8439],[-123.44075,47.80163],[-123.4396,47.78308],[-123.43755,47.80163],[-123.41986,47.8439],[-123.43578,47.88618],[-123.4396,47.90035],[-123.45084,47.92846],[-123.47198,47.97073],[-123.52395,48.00671],[-123.52899,48.01301],[-123.52395,48.0186],[-123.48177,48.03052],[-123.4396,48.03826],[-123.39743,48.03087],[-123.37014,48.01301],[-123.35525,47.99769],[-123.31308,47.98687],[-123.27091,47.98782],[-123.22873,47.98449],[-123.19888,47.97073],[-123.18656,47.95945],[-123.14439,47.95001],[-123.06004,47.92179],[-123.01787,47.9216],[-122.98472,47.88618],[-122.99969,47.8439],[-123.01295,47.80163],[-123.06004,47.77563],[-123.09456,47.75935],[-123.10222,47.74679],[-123.13138,47.71707],[-123.10222,47.70171],[-123.06886,47.6748],[-123.10222,47.6559],[-123.14439,47.6429],[-123.18656,47.60732],[-123.20965,47.59024],[-123.20399,47.54797],[-123.22873,47.53984],[-123.27091,47.5393],[-123.28986,47.54797],[-123.31308,47.56541],[-123.35525,47.6031],[-123.39743,47.6095],[-123.40196,47.63252],[-123.4396,47.64959],[-123.48177,47.63974],[-123.52395,47.66134],[-123.56612,47.66411],[-123.60829,47.69383],[-123.65046,47.69796],[-123.67633,47.71707],[-123.65046,47.73838],[-123.63692,47.75935],[-123.65046,47.76704],[-123.69264,47.76627],[-123.71394,47.75935],[-123.73481,47.74851],[-123.77698,47.75223],[-123.79984,47.75935],[-123.77698,47.78483],[-123.77251,47.80163],[-123.77435,47.8439],[-123.73481,47.87334],[-123.69264,47.8785],[-123.67532,47.88618],[-123.69264,47.89717],[-123.77698,47.90911],[-123.82095,47.92846],[-123.78904,47.97073],[-123.77954,48.01301],[-123.77698,48.01477]]},"properties":{"elev":1000,"major":false}},{"type":"Feature","geometry":{"type":"LineString","coordinates":[[-118.46319,48.02529],[-118.45553,48.01301],[-118.46319,47.99807],[-118.48119,48.01301],[-118.46319,48.02529]]},"properties":{"elev":1000,"major":false}},{"type":"Feature","geometry":{"type":"LineString","coordinates":[[-117.11365,47.98915],[-117.07148,47.98895],[-117.02931,47.98204],[-116.97532,47.97073],[-116.98713,47.95782],[-116.99978,47.92846],[-116.98713,47.91032],[-116.94732,47.88618],[-116.98713,47.87282],[-117.02931,47.86147],[-117.07148,47.86545],[-117.11365,47.88261],[-117.15583,47.91128],[-117.16758,47.92846],[-117.15583,47.95212],[-117.13767,47.97073],[-117.11365,47.98915]]},"properties":{"elev":1000,"major":false}},{"type":"Feature","geometry":{"type":"LineString","coordinates":[[-111.4203,47.97498],[-111.43195,47.97073],[-111.4203,47.96667],[-111.41032,47.97073],[-111.4203,47.97498]]},"properties":{"elev":1000,"major":false}},{"type":"Feature","geometry":{"type":"LineString","coordinates":[[-113.82416,47.92969],[-113.82951,47.92846],[-113.82767,47.88618],[-113.82416,47.86504],[-113.82002,47.88618],[-113.8226,47.92846],[-113.82416,47.92969]]},"properties":{"elev":1000,"major":false}},{"type":"Feature","geometry":{"type":"LineString","coordinates":[[-121.37312,47.90105],[-121.33095,47.90235],[-121.3185,47.88618],[-121.30059,47.8439],[-121.32091,47.80163],[-121.33095,47.79477],[-121.37312,47.78349],[-121.4153,47.79928],[-121.418,47.80163],[-121.44169,47.8439],[-121.4153,47.86197],[-121.37312,47.90105]]},"properties":{"elev":1000,"major":false}},{"type":"Feature","geometry":{"type":"LineString","coordinates":[[-123.48177,47.76556],[-123.49358,47.75935],[-123.48177,47.75347],[-123.44687,47.75935],[-123.48177,47.76556]]},"properties":{"elev":1000,"major":false}},{"type":"Feature","geometry":{"type":"LineString","coordinates":[[-109.22731,47.7174],[-109.18513,47.71975],[-109.181,47.71707],[-109.18513,47.70321],[-109.22731,47.7174]]},"properties":{"elev":1000,"major":false}},{"type":"Feature","geometry":{"type":"LineString","coordinates":[[-123.69264,47.6792],[-123.69023,47.6748],[-123.69264,47.67091],[-123.6948,47.6748],[-123.69264,47.6792]]},"properties":{"elev":1000,"major":false}},{"type":"Feature","geometry":{"type":"LineString","coordinates":[[-116.94496,47.67593],[-116.94234,47.6748],[-116.93127,47.63252],[-116.93936,47.59024],[-116.94496,47.58398],[-116.98713,47.57315],[-117.02931,47.57216],[-117.07148,47.5732],[-117.09425,47.59024],[-117.07148,47.6027],[-117.02931,47.62294],[-117.02133,47.63252],[-116.98713,47.66026],[-116.94496,47.67593]]},"properties":{"elev":1000,"major":false}},{"type":"Feature","geometry":{"type":"LineString","coordinates":[[-123.4396,47.60193],[-123.40623,47.59024],[-123.43169,47.54797],[-123.4396,47.54195],[-123.48177,47.5314],[-123.52601,47.54797],[-123.48177,47.56987],[-123.45872,47.59024],[-123.4396,47.60193]]},"properties":{"elev":1000,"major":false}},{"type":"Feature","geometry":{"type":"LineString","coordinates":[[-120.15011,47.6109],[-120.10793,47.62198],[-120.06576,47.60312],[-120.05521,47.59024],[-120.04367,47.54797],[-120.06576,47.53943],[-120.10793,47.54871],[-120.15011,47.52982],[-120.18424,47.54797],[-120.17054,47.59024],[-120.15011,47.6109]]},"properties":{"elev":1000,"major":false}},{"type":"Feature","geometry":{"type":"LineString","coordinates":[[-116.64975,47.5952],[-116.60296,47.59024],[-116.60758,47.58703],[-116.64975,47.57715],[-116.66696,47.59024],[-116.64975,47.5952]]},"properties":{"elev":1000,"major":false}},{"type":"Feature","geometry":{"type":"LineString","coordinates":[[-109.94425,47.6227],[-109.90207,47.60806],[-109.89572,47.59024],[-109.90207,47.58034],[-109.94425,47.54997],[-109.9453,47.54797],[-109.98642,47.52675],[-110.02859,47.53246],[-110.06514,47.54797],[-110.02859,47.57706],[-109.98642,47.5864],[-109.97957,47.59024],[-109.94425,47.6227]]},"properties":{"elev":1000,"major":false}},{"type":"Feature","geometry":{"type":"LineString","coordinates":[[-115.005,47.54861],[-115.00776,47.54797],[-115.005,47.5458],[-114.98894,47.50569],[-114.96283,47.47875],[-114.94124,47.46341],[-114.92066,47.45219],[-114.87848,47.438],[-114.83631,47.44751],[-114.82069,47.46341],[-114.83631,47.52359],[-114.86892,47.54797],[-114.87848,47.55308],[-114.88882,47.54797],[-114.92066,47.54095],[-114.96283,47.55666],[-115.005,47.54861]]},"properties":{"elev":1000,"major":false}},{"type":"Feature","geometry":{"type":"LineString","coordinates":[[-121.58399,47.34394],[-121.55815,47.33659],[-121.58399,47.31457],[-121.60644,47.33659],[-121.58399,47.34394]]},"properties":{"elev":1000,"major":false}},{"type":"Feature","geometry":{"type":"LineString","coordinates":[[-115.04718,47.34299],[-115.07908,47.33659],[-115.05893,47.29431],[-115.04718,47.29211],[-115.04405,47.29431],[-115.03706,47.33659],[-115.04718,47.34299]]},"properties":{"elev":1000,"major":false}},{"type":"Feature","geometry":{"type":"LineString","coordinates":[[-121.62616,47.30743],[-121.61348,47.29431],[-121.62616,47.29213],[-121.63032,47.29431],[-121.62616,47.30743]]},"properties":{"elev":1000,"major":false}},{"type":"Feature","geometry":{"type":"LineString","coordinates":[[-116.64975,47.30603],[-116.61161,47.29431],[-116.64312,47.25203],[-116.64975,47.2454],[-116.69192,47.24284],[-116.69874,47.25203],[-116.69192,47.25801],[-116.6722,47.29431],[-116.64975,47.30603]]},"properties":{"elev":1000,"major":false}},{"type":"Feature","geometry":{"type":"LineString","coordinates":[[-115.005,47.25342],[-115.00596,47.25203],[-115.005,47.25153],[-114.99967,47.25203],[-115.005,47.25342]]},"properties":{"elev":1000,"major":false}},{"type":"Feature","geometry":{"type":"LineString","coordinates":[[-114.16154,47.28644],[-114.18386,47.25203],[-114.16154,47.23743],[-114.13734,47.25203],[-114.16154,47.28644]]},"properties":{"elev":1000,"major":false}},{"type":"Feature","geometry":{"type":"LineString","coordinates":[[-114.0772,47.21538],[-114.10574,47.20976],[-114.0772,47.19079],[-114.07121,47.20976],[-114.0772,47.21538]]},"properties":{"elev":1000,"major":false}},{"type":"Feature","geometry":{"type":"LineString","coordinates":[[-105.55826,47.13411],[-105.51608,47.13635],[-105.47723,47.1252],[-105.51608,47.11655],[-105.55826,47.11722],[-105.59226,47.1252],[-105.55826,47.13411]]},"properties":{"elev":1000,"major":false}},{"type":"Feature","geometry":{"type":"LineString","coordinates":[[-116.94496,47.08992],[-116.90279,47.09354],[-116.87895,47.08293],[-116.90279,47.07203],[-116.94496,47.07655],[-116.94937,47.08293],[-116.94496,47.08992]]},"properties":{"elev":1000,"major":false}},{"type":"Feature","geometry":{"type":"LineString","coordinates":[[-114.24589,47.04117],[-114.25617,47.04065],[-114.24589,47.03912],[-114.24321,47.04065],[-114.24589,47.04117]]},"properties":{"elev":1000,"major":false}},{"type":"Feature","geometry":{"type":"LineString","coordinates":[[-107.41387,47.07603],[-107.37169,47.06841],[-107.28735,47.06545],[-107.26209,46.99837],[-107.24518,46.98637],[-107.2184,46.99837],[-107.16083,47.00914],[-107.11866,47.00128],[-107.07648,46.98519],[-107.03431,46.97722],[-106.994,46.9561],[-107.03431,46.92508],[-107.07648,46.91765],[-107.11866,46.92302],[-107.24518,46.94255],[-107.28735,46.94566],[-107.32952,46.94203],[-107.37169,46.94412],[-107.41387,46.9575],[-107.45604,46.98668],[-107.46759,46.99837],[-107.45604,47.01773],[-107.43826,47.04065],[-107.41387,47.07603]]},"properties":{"elev":1000,"major":false}},{"type":"Feature","geometry":{"type":"LineString","coordinates":[[-121.12009,47.01968],[-121.12725,46.99837],[-121.12009,46.99276],[-121.07791,46.96968],[-121.0641,46.99837],[-121.07791,47.0084],[-121.12009,47.01968]]},"properties":{"elev":1000,"major":false}},{"type":"Feature","geometry":{"type":"LineString","coordinates":[[-114.20372,47.01353],[-114.21366,46.99837],[-114.20372,46.98266],[-114.17851,46.9561],[-114.13392,46.91382],[-114.11937,46.90279],[-114.08629,46.87154],[-114.0772,46.84734],[-114.03503,46.84997],[-113.9979,46.87154],[-114.02622,46.91382],[-114.0772,46.93314],[-114.1028,46.9561],[-114.15972,46.99837],[-114.20372,47.01353]]},"properties":{"elev":1000,"major":false}},{"type":"Feature","geometry":{"type":"LineString","coordinates":[[-120.61401,46.87473],[-120.60913,46.87154],[-120.61401,46.86966],[-120.62885,46.87154],[-120.61401,46.87473]]},"properties":{"elev":1000,"major":false}},{"type":"Feature","geometry":{"type":"LineString","coordinates":[[-116.90279,46.84933],[-116.86061,46.85758],[-116.81844,46.85132],[-116.77707,46.82927],[-116.81844,46.80724],[-116.86061,46.80305],[-116.90279,46.8148],[-116.93152,46.82927],[-116.90279,46.84933]]},"properties":{"elev":1000,"major":false}},{"type":"Feature","geometry":{"type":"LineString","coordinates":[[-107.03431,46.83205],[-107.02577,46.82927],[-107.03431,46.82825],[-107.03708,46.82927],[-107.03431,46.83205]]},"properties":{"elev":1000,"major":false}},{"type":"Feature","geometry":{"type":"LineString","coordinates":[[-115.46891,46.81651],[-115.47838,46.78699],[-115.46891,46.7813],[-115.46043,46.78699],[-115.46891,46.81651]]},"properties":{"elev":1000,"major":false}},{"type":"Feature","geometry":{"type":"LineString","coordinates":[[-115.55325,46.74497],[-115.55325,46.74226],[-115.5522,46.74472],[-115.55325,46.74497]]},"properties":{"elev":1000,"major":false}},{"type":"Feature","geometry":{"type":"LineString","coordinates":[[-114.03503,46.6928],[-114.03782,46.66016],[-114.03503,46.63135],[-114.03317,46.66016],[-114.03503,46.6928]]},"properties":{"elev":1000,"major":false}},{"type":"Feature","geometry":{"type":"LineString","coordinates":[[-120.06576,46.62162],[-120.05827,46.61789],[-120.06576,46.61659],[-120.06881,46.61789],[-120.06576,46.62162]]},"properties":{"elev":1000,"major":false}},{"type":"Feature","geometry":{"type":"LineString","coordinates":[[-107.6669,46.58731],[-107.62473,46.57916],[-107.62232,46.57561],[-107.6239,46.53333],[-107.59755,46.49106],[-107.62473,46.47395],[-107.6669,46.49502],[-107.70908,46.50087],[-107.75125,46.51268],[-107.76157,46.53333],[-107.68927,46.57561],[-107.6669,46.58731]]},"properties":{"elev":1000,"major":false}},{"type":"Feature","geometry":{"type":"LineString","coordinates":[[-116.52323,46.41256],[-116.48106,46.41214],[-116.46426,46.4065],[-116.47052,46.36423],[-116.43888,46.34612],[-116.39671,46.33091],[-116.34996,46.32195],[-116.31237,46.308],[-116.22802,46.24072],[-116.22667,46.2374],[-116.22802,46.23543],[-116.26232,46.19512],[-116.24673,46.15285],[-116.22578,46.11057],[-116.22802,46.10661],[-116.2637,46.06829],[-116.26716,46.02602],[-116.25922,45.98374],[-116.27019,45.97938],[-116.27318,45.98374],[-116.31237,46.00557],[-116.35454,45.9839],[-116.39671,45.98389],[-116.43888,46.00445],[-116.48106,46.00252],[-116.52323,46.01058],[-116.5654,46.05407],[-116.58363,46.06829],[-116.60758,46.07972],[-116.69192,46.05638],[-116.7341,46.03449],[-116.74387,46.02602],[-116.76956,45.98374],[-116.77627,45.96497],[-116.81844,45.98025],[-116.84378,46.02602],[-116.86061,46.0488],[-116.8729,46.06829],[-116.88599,46.11057],[-116.86061,46.14359],[-116.85085,46.15285],[-116.85783,46.19512],[-116.83152,46.2374],[-116.81844,46.24584],[-116.77627,46.26778],[-116.7472,46.27967],[-116.7341,46.28405],[-116.69192,46.2933],[-116.64912,46.32195],[-116.57126,46.36423],[-116.52323,46.41256]]},"properties":{"elev":1000,"major":false}},{"type":"Feature","geometry":{"type":"LineString","coordinates":[[-120.90922,46.23924],[-120.82487,46.24482],[-120.7827,46.24618],[-120.74053,46.24382],[-120.7273,46.2374],[-120.74053,46.21275],[-120.75748,46.19512],[-120.74053,46.1702],[-120.73372,46.15285],[-120.70258,46.11057],[-120.66093,46.06829],[-120.63685,46.02602],[-120.61401,46.00526],[-120.57477,46.02602],[-120.52966,46.03667],[-120.48749,46.06472],[-120.44532,46.07961],[-120.40315,46.07456],[-120.36097,46.06115],[-120.3188,46.03429],[-120.30964,46.02602],[-120.3188,46.01889],[-120.36097,45.99148],[-120.37998,45.98374],[-120.40315,45.97777],[-120.44532,45.97255],[-120.48749,45.97062],[-120.57184,45.96258],[-120.65618,45.97898],[-120.69836,45.97305],[-120.74053,45.95144],[-120.7827,45.93911],[-120.82487,45.94743],[-120.90922,46.00099],[-120.95791,46.02602],[-120.95139,46.03956],[-120.94326,46.06829],[-120.93943,46.15285],[-120.95139,46.17876],[-120.96533,46.19512],[-120.95139,46.21689],[-120.92279,46.2374],[-120.90922,46.23924]]},"properties":{"elev":1000,"major":false}},{"type":"Feature","geometry":{"type":"LineString","coordinates":[[-114.87848,46.19849],[-114.88608,46.19512],[-114.87848,46.18213],[-114.87006,46.19512],[-114.87848,46.19849]]},"properties":{"elev":1000,"major":false}},{"type":"Feature","geometry":{"type":"LineString","coordinates":[[-115.08935,46.11302],[-115.09479,46.11057],[-115.08935,46.10892],[-115.04718,46.10754],[-115.03409,46.11057],[-115.04718,46.11663],[-115.08935,46.11302]]},"properties":{"elev":1000,"major":false}},{"type":"Feature","geometry":{"type":"LineString","coordinates":[[-115.34239,46.07483],[-115.35247,46.06829],[-115.30021,46.05989],[-115.28527,46.06829],[-115.30021,46.08165],[-115.34239,46.07483]]},"properties":{"elev":1000,"major":false}},{"type":"Feature","geometry":{"type":"LineString","coordinates":[[-107.6669,46.04371],[-107.63286,46.02602],[-107.63545,45.98374],[-107.67194,45.94146],[-107.70908,45.88792],[-107.7358,45.85691],[-107.75125,45.83441],[-107.76929,45.81463],[-107.79342,45.79259],[-107.8356,45.77496],[-107.87777,45.77276],[-107.90848,45.81463],[-107.91994,45.85877],[-107.93433,45.89919],[-107.91524,45.94146],[-107.87777,45.96894],[-107.8356,45.97919],[-107.79342,46.00051],[-107.75125,46.01862],[-107.70908,46.02513],[-107.6669,46.04371]]},"properties":{"elev":1000,"major":false}},{"type":"Feature","geometry":{"type":"LineString","coordinates":[[-68.95211,45.94264],[-68.9503,45.94146],[-68.95211,45.9401],[-68.95596,45.94146],[-68.95211,45.94264]]},"properties":{"elev":1000,"major":false}},{"type":"Feature","geometry":{"type":"LineString","coordinates":[[-122.04789,45.92423],[-122.04159,45.89919],[-122.04789,45.88919],[-122.06024,45.89919],[-122.04789,45.92423]]},"properties":{"elev":1000,"major":false}},{"type":"Feature","geometry":{"type":"LineString","coordinates":[[-103.66047,45.90071],[-103.65695,45.89919],[-103.66047,45.898],[-103.66328,45.89919],[-103.66047,45.90071]]},"properties":{"elev":1000,"major":false}},{"type":"Feature","geometry":{"type":"LineString","coordinates":[[-117.87277,45.77173],[-117.89493,45.73008],[-117.90235,45.6878],[-117.90773,45.64553],[-117.91494,45.64141],[-117.94407,45.60325],[-117.95711,45.56749],[-117.99929,45.57232],[-118.04146,45.56396],[-118.0427,45.56098],[-118.04556,45.5187],[-118.04146,45.48154],[-118.03985,45.47642],[-118.04146,45.46685],[-118.04331,45.43415],[-118.06278,45.39187],[-118.08363,45.36623],[-118.10476,45.34959],[-118.08363,45.33453],[-118.05442,45.30732],[-118.04146,45.29756],[-117.99929,45.24538],[-117.95711,45.24962],[-117.91494,45.2371],[-117.8964,45.22276],[-117.87277,45.20178],[-117.83059,45.19859],[-117.79465,45.22276],[-117.80668,45.26504],[-117.78842,45.29248],[-117.78397,45.30732],[-117.78842,45.33195],[-117.7939,45.34959],[-117.83059,45.4016],[-117.87277,45.41444],[-117.89329,45.43415],[-117.89758,45.47642],[-117.87277,45.50934],[-117.84901,45.5187],[-117.8305,45.56098],[-117.81906,45.60325],[-117.81169,45.64553],[-117.78842,45.68663],[-117.74625,45.66664],[-117.72916,45.6878],[-117.74625,45.70651],[-117.76383,45.73008],[-117.78842,45.74384],[-117.83059,45.74725],[-117.87277,45.77173]]},"properties":{"elev":1000,"major":false}},{"type":"Feature","geometry":{"type":"LineString","coordinates":[[-121.75268,45.65523],[-121.71051,45.65551],[-121.68117,45.64553],[-121.71051,45.6031],[-121.75268,45.57823],[-121.78473,45.56098],[-121.79485,45.53207],[-121.80371,45.56098],[-121.79922,45.60325],[-121.77088,45.64553],[-121.75268,45.65523]]},"properties":{"elev":1000,"major":false}},{"type":"Feature","geometry":{"type":"LineString","coordinates":[[-117.53538,45.6511],[-117.55409,45.64553],[-117.55985,45.60325],[-117.53538,45.59036],[-117.49895,45.56098],[-117.49321,45.55802],[-117.45104,45.55431],[-117.44117,45.56098],[-117.48627,45.60325],[-117.49321,45.61737],[-117.5184,45.64553],[-117.53538,45.6511]]},"properties":{"elev":1000,"major":false}},{"type":"Feature","geometry":{"type":"LineString","coordinates":[[-118.2945,45.60582],[-118.30221,45.60325],[-118.2945,45.59324],[-118.29331,45.60325],[-118.2945,45.60582]]},"properties":{"elev":1000,"major":false}},{"type":"Feature","geometry":{"type":"LineString","coordinates":[[-116.81844,45.58915],[-116.84146,45.56098],[-116.81844,45.53121],[-116.80888,45.56098],[-116.81844,45.58915]]},"properties":{"elev":1000,"major":false}},{"type":"Feature","geometry":{"type":"LineString","coordinates":[[-103.19657,45.48773],[-103.15787,45.47642],[-103.1544,45.46908],[-103.15173,45.43415],[-103.12552,45.39187],[-103.1544,45.38425],[-103.19149,45.39187],[-103.19657,45.39729],[-103.21231,45.43415],[-103.2013,45.47642],[-103.19657,45.48773]]},"properties":{"elev":1000,"major":false}},{"type":"Feature","geometry":{"type":"LineString","coordinates":[[-116.14367,45.44063],[-116.15074,45.43415],[-116.14367,45.42858],[-116.1233,45.43415],[-116.14367,45.44063]]},"properties":{"elev":1000,"major":false}},{"type":"Feature","geometry":{"type":"LineString","coordinates":[[-105.6426,45.26622],[-105.64578,45.26504],[-105.6426,45.26405],[-105.64005,45.26504],[-105.6426,45.26622]]},"properties":{"elev":1000,"major":false}},{"type":"Feature","geometry":{"type":"LineString","coordinates":[[-116.7341,45.14518],[-116.752,45.13821],[-116.7341,45.12241],[-116.72463,45.13821],[-116.7341,45.14518]]},"properties":{"elev":1000,"major":false}},{"type":"Feature","geometry":{"type":"LineString","coordinates":[[-116.77627,45.10504],[-116.77952,45.09593],[-116.77627,45.07012],[-116.7686,45.09593],[-116.77627,45.10504]]},"properties":{"elev":1000,"major":false}},{"type":"Feature","geometry":{"type":"LineString","coordinates":[[-116.81844,45.05947],[-116.82673,45.05366],[-116.86014,45.01138],[-116.89738,44.96911],[-116.90279,44.95365],[-116.94496,44.95349],[-117.07148,44.94433],[-117.11365,44.9375],[-117.12971,44.92683],[-117.12008,44.88455],[-117.11365,44.86809],[-117.09582,44.84228],[-117.11365,44.83386],[-117.15583,44.836],[-117.18253,44.84228],[-117.198,44.84757],[-117.24017,44.83978],[-117.28234,44.82994],[-117.31968,44.8],[-117.28234,44.77993],[-117.25663,44.75772],[-117.15583,44.71671],[-117.14946,44.71545],[-117.11365,44.6942],[-117.09461,44.67317],[-117.07148,44.65232],[-117.05822,44.67317],[-117.03607,44.71545],[-116.98713,44.75149],[-116.97019,44.75772],[-116.94496,44.7781],[-116.90279,44.78262],[-116.89208,44.8],[-116.86061,44.83844],[-116.80867,44.88455],[-116.80159,44.92683],[-116.78941,44.96911],[-116.79036,45.01138],[-116.78683,45.05366],[-116.81844,45.05947]]},"properties":{"elev":1000,"major":false}},{"type":"Feature","geometry":{"type":"LineString","coordinates":[[-104.12437,45.01393],[-104.1331,45.01138],[-104.12437,44.99048],[-104.11898,45.01138],[-104.12437,45.01393]]},"properties":{"elev":1000,"major":false}},{"type":"Feature","geometry":{"type":"LineString","coordinates":[[-121.20443,44.9923],[-121.16226,44.98611],[-121.14078,44.96911],[-121.16226,44.95444],[-121.20443,44.94083],[-121.22832,44.96911],[-121.20443,44.9923]]},"properties":{"elev":1000,"major":false}},{"type":"Feature","geometry":{"type":"LineString","coordinates":[[-117.6619,44.98013],[-117.67464,44.96911],[-117.69477,44.92683],[-117.67911,44.88455],[-117.62813,44.84228],[-117.61973,44.8247],[-117.57756,44.80174],[-117.49321,44.79491],[-117.45104,44.79276],[-117.41347,44.8],[-117.40886,44.80208],[-117.36669,44.83217],[-117.3486,44.84228],[-117.36669,44.84706],[-117.40886,44.86433],[-117.45104,44.88961],[-117.49321,44.91018],[-117.53538,44.92267],[-117.54448,44.92683],[-117.57756,44.93769],[-117.61973,44.96437],[-117.63711,44.96911],[-117.6619,44.98013]]},"properties":{"elev":1000,"major":false}},{"type":"Feature","geometry":{"type":"LineString","coordinates":[[-103.99786,44.84438],[-103.99443,44.84228],[-103.99786,44.84082],[-104.00337,44.84228],[-103.99786,44.84438]]},"properties":{"elev":1000,"major":false}},{"type":"Feature","geometry":{"type":"LineString","coordinates":[[-116.98713,44.80448],[-116.98369,44.8],[-116.98713,44.79474],[-116.99925,44.8],[-116.98713,44.80448]]},"properties":{"elev":1000,"major":false}},{"type":"Feature","geometry":{"type":"LineString","coordinates":[[-116.43888,44.82227],[-116.4769,44.8],[-116.45854,44.75772],[-116.48922,44.71545],[-116.52323,44.69348],[-116.57405,44.67317],[-116.60758,44.65151],[-116.69192,44.63761],[-116.72416,44.63089],[-116.7341,44.6133],[-116.73922,44.58862],[-116.77447,44.54634],[-116.78945,44.50407],[-116.81844,44.44919],[-116.86061,44.43173],[-116.90279,44.41034],[-116.94496,44.3766],[-116.98713,44.36478],[-117.02931,44.37308],[-117.07148,44.38729],[-117.11365,44.39083],[-117.15583,44.38888],[-117.198,44.40794],[-117.24017,44.42305],[-117.28234,44.43033],[-117.29726,44.41951],[-117.31576,44.37724],[-117.31136,44.33496],[-117.3214,44.29268],[-117.32452,44.28817],[-117.36669,44.26733],[-117.40886,44.26362],[-117.45104,44.27293],[-117.52207,44.29268],[-117.53538,44.29899],[-117.54373,44.29268],[-117.56585,44.25041],[-117.53793,44.20813],[-117.50238,44.16585],[-117.49321,44.15011],[-117.47489,44.12358],[-117.47074,44.0813],[-117.52154,44.03902],[-117.53538,44.02092],[-117.57756,44.01335],[-117.61973,44.01363],[-117.70407,44.03889],[-117.74625,44.00318],[-117.74785,43.99675],[-117.70407,43.93998],[-117.69222,43.9122],[-117.68599,43.86992],[-117.6975,43.82764],[-117.70407,43.81781],[-117.74625,43.79457],[-117.77231,43.78537],[-117.74625,43.77634],[-117.70407,43.74563],[-117.6619,43.75537],[-117.61973,43.76319],[-117.57756,43.77593],[-117.53538,43.8062],[-117.49321,43.82688],[-117.45104,43.79558],[-117.44118,43.78537],[-117.40886,43.75889],[-117.36669,43.75291],[-117.32452,43.79899],[-117.28234,43.80836],[-117.24017,43.78655],[-117.23917,43.78537],[-117.24017,43.78111],[-117.25895,43.74309],[-117.27399,43.70081],[-117.25779,43.65854],[-117.24017,43.64755],[-117.21045,43.65854],[-117.198,43.66189],[-117.15583,43.6695],[-117.14171,43.65854],[-117.13303,43.61626],[-117.13417,43.57398],[-117.13142,43.53171],[-117.11365,43.50894],[-117.07148,43.5104],[-117.02931,43.52286],[-116.98713,43.51849],[-116.94496,43.49951],[-116.92844,43.48943],[-116.90279,43.47668],[-116.86061,43.46178],[-116.81844,43.43381],[-116.77627,43.41368],[-116.7635,43.40488],[-116.69192,43.33085],[-116.62848,43.27805],[-116.60758,43.24947],[-116.59469,43.23577],[-116.5654,43.19216],[-116.52323,43.16359],[-116.49782,43.15122],[-116.48106,43.13361],[-116.46455,43.10894],[-116.44681,43.06667],[-116.43846,43.02439],[-116.35454,42.95323],[-116.32215,42.93984],[-116.31237,42.93698],[-116.27019,42.932],[-116.22802,42.91474],[-116.19235,42.89756],[-116.18585,42.89306],[-116.1015,42.81824],[-116.05933,42.80139],[-116.02732,42.77073],[-116.01716,42.76563],[-115.93281,42.73531],[-115.89064,42.72804],[-115.84846,42.72471],[-115.8369,42.72846],[-115.80629,42.74529],[-115.76412,42.72837],[-115.72194,42.72722],[-115.67977,42.73634],[-115.64408,42.77073],[-115.6376,42.78537],[-115.59543,42.79665],[-115.55325,42.80136],[-115.51108,42.79467],[-115.46891,42.78102],[-115.42673,42.7628],[-115.34239,42.74511],[-115.30021,42.73072],[-115.28879,42.72846],[-115.21587,42.72104],[-115.1737,42.71331],[-115.14896,42.72846],[-115.14487,42.77073],[-115.13152,42.7843],[-115.08935,42.82216],[-115.06592,42.85528],[-115.04718,42.865],[-115.005,42.87352],[-114.96283,42.86881],[-114.94481,42.85528],[-114.95236,42.81301],[-114.9451,42.77073],[-114.92066,42.74797],[-114.88436,42.72846],[-114.87848,42.72279],[-114.85167,42.68618],[-114.83631,42.67357],[-114.79414,42.65429],[-114.75197,42.66639],[-114.70979,42.68281],[-114.69429,42.68618],[-114.74512,42.72846],[-114.76824,42.77073],[-114.79414,42.79174],[-114.80825,42.81301],[-114.82387,42.85528],[-114.84653,42.89756],[-114.87848,42.92348],[-114.92066,42.95057],[-114.96283,42.96368],[-114.99544,42.98211],[-114.97989,43.02439],[-115.08935,43.04183],[-115.1737,43.05272],[-115.21587,43.05393],[-115.25804,43.04654],[-115.30021,43.03606],[-115.34239,43.04558],[-115.38456,43.06477],[-115.42673,43.07793],[-115.55325,43.10417],[-115.56436,43.10894],[-115.59543,43.11721],[-115.6376,43.14243],[-115.67977,43.18579],[-115.72194,43.19376],[-115.76412,43.2052],[-115.79503,43.23577],[-115.80629,43.2554],[-115.83071,43.27805],[-115.84846,43.29155],[-115.88727,43.32033],[-115.93281,43.3395],[-115.97079,43.3626],[-116.01716,43.38712],[-116.05933,43.42235],[-116.08448,43.44715],[-116.1127,43.48943],[-116.05933,43.52024],[-116.04675,43.53171],[-116.05933,43.53766],[-116.08658,43.57398],[-116.12651,43.61626],[-116.14367,43.64135],[-116.15744,43.65854],[-116.18585,43.68996],[-116.2007,43.70081],[-116.22802,43.74677],[-116.27019,43.77303],[-116.31237,43.79369],[-116.34995,43.82764],[-116.35454,43.83769],[-116.37877,43.86992],[-116.35454,43.88662],[-116.31237,43.90719],[-116.27019,43.90909],[-116.24229,43.9122],[-116.25817,43.95447],[-116.28099,44.03902],[-116.31237,44.05708],[-116.31711,44.03902],[-116.34622,43.99675],[-116.35454,43.98759],[-116.39671,43.96375],[-116.43888,43.97625],[-116.46109,43.99675],[-116.47015,44.03902],[-116.47454,44.0813],[-116.48106,44.09108],[-116.52582,44.12358],[-116.55857,44.16585],[-116.5654,44.17797],[-116.60758,44.20196],[-116.64975,44.22056],[-116.67766,44.25041],[-116.68992,44.29268],[-116.71538,44.33496],[-116.7341,44.35215],[-116.7532,44.37724],[-116.7341,44.40132],[-116.69192,44.41892],[-116.64975,44.42572],[-116.58318,44.46179],[-116.5654,44.46858],[-116.5281,44.50407],[-116.52323,44.50705],[-116.48106,44.514],[-116.43888,44.51662],[-116.39671,44.53372],[-116.39249,44.54634],[-116.38741,44.58862],[-116.3932,44.63089],[-116.39671,44.64387],[-116.41088,44.67317],[-116.41771,44.75772],[-116.4191,44.8],[-116.43888,44.82227]]},"properties":{"elev":1000,"major":false}},{"type":"Feature","geometry":{"type":"LineString","coordinates":[[-122.30093,44.7249],[-122.27591,44.71545],[-122.28212,44.67317],[-122.30093,44.66693],[-122.34123,44.67317],[-122.31703,44.71545],[-122.30093,44.7249]]},"properties":{"elev":1000,"major":false}},{"type":"Feature","geometry":{"type":"LineString","coordinates":[[-120.19228,44.71587],[-120.19137,44.71545],[-120.19228,44.7135],[-120.19228,44.71587]]},"properties":{"elev":1000,"major":false}},{"type":"Feature","geometry":{"type":"LineString","coordinates":[[-122.42745,44.63334],[-122.42302,44.63089],[-122.42745,44.62567],[-122.43539,44.63089],[-122.42745,44.63334]]},"properties":{"elev":1000,"major":false}},{"type":"Feature","geometry":{"type":"LineString","coordinates":[[-117.49321,44.63169],[-117.50396,44.58862],[-117.49321,44.58313],[-117.45104,44.56977],[-117.40886,44.5542],[-117.38784,44.58862],[-117.40886,44.61445],[-117.45104,44.64279],[-117.49321,44.63169]]},"properties":{"elev":1000,"major":false}},{"type":"Feature","geometry":{"type":"LineString","coordinates":[[-121.62616,44.60073],[-121.63892,44.58862],[-121.65352,44.54634],[-121.66833,44.53275],[-121.68344,44.50407],[-121.68301,44.46179],[-121.66833,44.43928],[-121.62616,44.45588],[-121.62043,44.46179],[-121.61787,44.50407],[-121.61887,44.54634],[-121.61671,44.58862],[-121.62616,44.60073]]},"properties":{"elev":1000,"major":false}},{"type":"Feature","geometry":{"type":"LineString","coordinates":[[-117.11365,44.60938],[-117.12326,44.58862],[-117.15583,44.56501],[-117.18574,44.54634],[-117.22514,44.50407],[-117.21004,44.46179],[-117.198,44.44067],[-117.15583,44.44225],[-117.13955,44.46179],[-117.13841,44.50407],[-117.11365,44.5392],[-117.11065,44.54634],[-117.10209,44.58862],[-117.11365,44.60938]]},"properties":{"elev":1000,"major":false}},{"type":"Feature","geometry":{"type":"LineString","coordinates":[[-117.36669,44.54861],[-117.37511,44.54634],[-117.36669,44.54439],[-117.36536,44.54634],[-117.36669,44.54861]]},"properties":{"elev":1000,"major":false}},{"type":"Feature","geometry":{"type":"LineString","coordinates":[[-117.32452,44.49681],[-117.34566,44.46179],[-117.32452,44.4343],[-117.3018,44.46179],[-117.32452,44.49681]]},"properties":{"elev":1000,"major":false}},{"type":"Feature","geometry":{"type":"LineString","coordinates":[[-119.18013,44.43809],[-119.21735,44.41951],[-119.13796,44.41443],[-119.09578,44.41438],[-119.04694,44.41951],[-119.05361,44.42128],[-119.18013,44.43809]]},"properties":{"elev":1000,"major":false}},{"type":"Feature","geometry":{"type":"LineString","coordinates":[[-71.3138,44.34523],[-71.2949,44.33496],[-71.2856,44.29268],[-71.29168,44.25041],[-71.3138,44.2334],[-71.35597,44.22756],[-71.37664,44.25041],[-71.37352,44.29268],[-71.35597,44.32536],[-71.34539,44.33496],[-71.3138,44.34523]]},"properties":{"elev":1000,"major":false}},{"type":"Feature","geometry":{"type":"LineString","coordinates":[[-71.56683,44.21057],[-71.55775,44.20813],[-71.56683,44.19065],[-71.57539,44.20813],[-71.56683,44.21057]]},"properties":{"elev":1000,"major":false}},{"type":"Feature","geometry":{"type":"LineString","coordinates":[[-116.27019,44.18447],[-116.27476,44.16585],[-116.27019,44.14196],[-116.26841,44.16585],[-116.27019,44.18447]]},"properties":{"elev":1000,"major":false}},{"type":"Feature","geometry":{"type":"LineString","coordinates":[[-73.92852,44.17017],[-73.91185,44.16585],[-73.88635,44.13695],[-73.88109,44.12358],[-73.92852,44.10051],[-73.97069,44.09516],[-74.00114,44.12358],[-73.97069,44.15212],[-73.92852,44.17017]]},"properties":{"elev":1000,"major":false}},{"type":"Feature","geometry":{"type":"LineString","coordinates":[[-122.25876,44.12605],[-122.25489,44.12358],[-122.25876,44.10052],[-122.26276,44.12358],[-122.25876,44.12605]]},"properties":{"elev":1000,"major":false}},{"type":"Feature","geometry":{"type":"LineString","coordinates":[[-116.14367,43.96292],[-116.17508,43.95447],[-116.14367,43.94957],[-116.14137,43.95447],[-116.14367,43.96292]]},"properties":{"elev":1000,"major":false}},{"type":"Feature","geometry":{"type":"LineString","coordinates":[[-122.46962,43.92662],[-122.43118,43.9122],[-122.44654,43.86992],[-122.46962,43.85412],[-122.48667,43.86992],[-122.50034,43.9122],[-122.46962,43.92662]]},"properties":{"elev":1000,"major":false}},{"type":"Feature","geometry":{"type":"LineString","coordinates":[[-116.18585,43.95124],[-116.22166,43.9122],[-116.18585,43.89898],[-116.171,43.9122],[-116.18585,43.95124]]},"properties":{"elev":1000,"major":false}},{"type":"Feature","geometry":{"type":"LineString","coordinates":[[-118.08363,43.76227],[-118.10116,43.74309],[-118.08363,43.72917],[-118.0661,43.74309],[-118.08363,43.76227]]},"properties":{"elev":1000,"major":false}},{"type":"Feature","geometry":{"type":"LineString","coordinates":[[-122.59614,43.71736],[-122.55397,43.72987],[-122.50832,43.70081],[-122.49838,43.65854],[-122.48548,43.61626],[-122.49666,43.57398],[-122.51179,43.54901],[-122.55397,43.5569],[-122.59614,43.5484],[-122.63831,43.53606],[-122.68049,43.54819],[-122.68091,43.57398],[-122.6879,43.61626],[-122.68049,43.6279],[-122.63831,43.6402],[-122.61099,43.65854],[-122.61128,43.70081],[-122.59614,43.71736]]},"properties":{"elev":1000,"major":false}},{"type":"Feature","geometry":{"type":"LineString","coordinates":[[-117.32452,43.62442],[-117.35926,43.61626],[-117.36669,43.612],[-117.40504,43.57398],[-117.36669,43.53608],[-117.36024,43.53171],[-117.35443,43.48943],[-117.36669,43.46016],[-117.37051,43.44715],[-117.33978,43.40488],[-117.32452,43.37798],[-117.28234,43.36562],[-117.24798,43.40488],[-117.28234,43.43813],[-117.28919,43.44715],[-117.30778,43.48943],[-117.31423,43.53171],[-117.31358,43.57398],[-117.29256,43.61626],[-117.32452,43.62442]]},"properties":{"elev":1000,"major":false}},{"type":"Feature","geometry":{"type":"LineString","coordinates":[[-122.89135,43.53938],[-122.84918,43.53929],[-122.8094,43.53171],[-122.84918,43.51348],[-122.89135,43.5146],[-122.91229,43.53171],[-122.89135,43.53938]]},"properties":{"elev":1000,"major":false}},{"type":"Feature","geometry":{"type":"LineString","coordinates":[[-122.68049,43.4601],[-122.67065,43.44715],[-122.68049,43.43219],[-122.69788,43.44715],[-122.68049,43.4601]]},"properties":{"elev":1000,"major":false}},{"type":"Feature","geometry":{"type":"LineString","coordinates":[[-117.45104,43.36957],[-117.45632,43.3626],[-117.46784,43.32033],[-117.45283,43.27805],[-117.45104,43.27725],[-117.40886,43.29339],[-117.36669,43.31199],[-117.32694,43.32033],[-117.36669,43.33314],[-117.40886,43.35826],[-117.45104,43.36957]]},"properties":{"elev":1000,"major":false}},{"type":"Feature","geometry":{"type":"LineString","coordinates":[[-116.18585,43.28431],[-116.14367,43.29163],[-116.1015,43.28734],[-116.0893,43.27805],[-116.1015,43.24333],[-116.11785,43.23577],[-116.14367,43.23337],[-116.17281,43.23577],[-116.18585,43.2426],[-116.19538,43.27805],[-116.18585,43.28431]]},"properties":{"elev":1000,"major":false}},{"type":"Feature","geometry":{"type":"LineString","coordinates":[[-123.10222,42.77732],[-123.0828,42.77073],[-123.10222,42.7538],[-123.11671,42.77073],[-123.10222,42.77732]]},"properties":{"elev":1000,"major":false}},{"type":"Feature","geometry":{"type":"LineString","coordinates":[[-123.18656,42.73889],[-123.14439,42.74803],[-123.12229,42.72846],[-123.14439,42.70377],[-123.17679,42.68618],[-123.18656,42.68296],[-123.22407,42.68618],[-123.21205,42.72846],[-123.18656,42.73889]]},"properties":{"elev":1000,"major":false}},{"type":"Feature","geometry":{"type":"LineString","coordinates":[[-123.81916,42.65766],[-123.77698,42.64512],[-123.76057,42.60163],[-123.73481,42.57455],[-123.69832,42.55935],[-123.69264,42.55526],[-123.68266,42.51707],[-123.69264,42.47983],[-123.73481,42.5004],[-123.7419,42.51707],[-123.77698,42.5611],[-123.81916,42.58122],[-123.86133,42.56577],[-123.86792,42.55935],[-123.9035,42.54704],[-123.9132,42.55935],[-123.9035,42.58642],[-123.88865,42.60163],[-123.85178,42.6439],[-123.81916,42.65766]]},"properties":{"elev":1000,"major":false}},{"type":"Feature","geometry":{"type":"LineString","coordinates":[[-123.77698,42.4389],[-123.76412,42.43252],[-123.77698,42.42981],[-123.78166,42.43252],[-123.77698,42.4389]]},"properties":{"elev":1000,"major":false}},{"type":"Feature","geometry":{"type":"LineString","coordinates":[[-123.65046,42.36876],[-123.64288,42.34797],[-123.65046,42.34232],[-123.66146,42.34797],[-123.65046,42.36876]]},"properties":{"elev":1000,"major":false}},{"type":"Feature","geometry":{"type":"LineString","coordinates":[[-123.81916,42.32266],[-123.8122,42.30569],[-123.81916,42.29334],[-123.83668,42.30569],[-123.81916,42.32266]]},"properties":{"elev":1000,"major":false}},{"type":"Feature","geometry":{"type":"LineString","coordinates":[[-123.77698,42.25321],[-123.76303,42.22114],[-123.75436,42.17886],[-123.77343,42.13659],[-123.81916,42.12431],[-123.86133,42.12664],[-123.9035,42.12698],[-123.91156,42.13659],[-123.9035,42.1502],[-123.86133,42.14743],[-123.8271,42.17886],[-123.81916,42.20544],[-123.81246,42.22114],[-123.77698,42.25321]]},"properties":{"elev":1000,"major":false}},{"type":"Feature","geometry":{"type":"LineString","coordinates":[[-123.81916,42.05711],[-123.81272,42.05203],[-123.81916,42.04844],[-123.82191,42.05203],[-123.81916,42.05711]]},"properties":{"elev":1000,"major":false}},{"type":"Feature","geometry":{"type":"LineString","coordinates":[[-122.93352,41.6455],[-122.9547,41.62927],[-122.94231,41.58699],[-122.93352,41.56358],[-122.92198,41.54472],[-122.88907,41.50244],[-122.862,41.46016],[-122.84918,41.4127],[-122.80701,41.40431],[-122.7988,41.41789],[-122.80079,41.46016],[-122.78878,41.50244],[-122.78958,41.54472],[-122.76273,41.58699],[-122.77293,41.62927],[-122.80701,41.64657],[-122.84918,41.66073],[-122.89135,41.64965],[-122.93352,41.6455]]},"properties":{"elev":1000,"major":false}},{"type":"Feature","geometry":{"type":"LineString","coordinates":[[-123.73481,41.43036],[-123.70238,41.41789],[-123.70995,41.37561],[-123.73481,41.35804],[-123.75444,41.37561],[-123.75774,41.41789],[-123.73481,41.43036]]},"properties":{"elev":1000,"major":false}},{"type":"Feature","geometry":{"type":"LineString","coordinates":[[-101.76269,41.25001],[-101.79263,41.24878],[-101.76269,41.24743],[-101.73842,41.24878],[-101.76269,41.25001]]},"properties":{"elev":1000,"major":false}},{"type":"Feature","geometry":{"type":"LineString","coordinates":[[-121.66833,41.04277],[-121.67413,41.0374],[-121.66833,41.01647],[-121.65321,40.99512],[-121.64801,40.95285],[-121.65959,40.91057],[-121.62616,40.9022],[-121.58399,40.90319],[-121.54182,40.90114],[-121.52229,40.91057],[-121.49964,40.94516],[-121.49703,40.95285],[-121.50818,40.99512],[-121.54182,41.02031],[-121.56891,41.0374],[-121.62616,41.06467],[-121.66833,41.04277]]},"properties":{"elev":1000,"major":false}},{"type":"Feature","geometry":{"type":"LineString","coordinates":[[-123.69264,40.87997],[-123.67728,40.86829],[-123.65046,40.84371],[-123.62029,40.82602],[-123.60829,40.80959],[-123.59951,40.78374],[-123.60829,40.7594],[-123.62477,40.74146],[-123.60829,40.71452],[-123.59637,40.69919],[-123.56612,40.69176],[-123.52395,40.66714],[-123.5151,40.65691],[-123.48177,40.5954],[-123.46584,40.57236],[-123.4396,40.52478],[-123.41265,40.4878],[-123.40065,40.44553],[-123.39743,40.41477],[-123.39476,40.44553],[-123.35525,40.48387],[-123.35277,40.4878],[-123.39386,40.53008],[-123.37173,40.57236],[-123.35525,40.58654],[-123.31308,40.59777],[-123.27091,40.58435],[-123.25537,40.57236],[-123.22394,40.53008],[-123.18656,40.49499],[-123.17566,40.4878],[-123.14439,40.44534],[-123.10037,40.44553],[-123.06004,40.48464],[-123.05798,40.4878],[-123.06004,40.49484],[-123.07866,40.53008],[-123.06004,40.54326],[-123.04154,40.57236],[-123.06004,40.59499],[-123.10222,40.60275],[-123.14439,40.59857],[-123.18656,40.59698],[-123.22873,40.62246],[-123.26534,40.65691],[-123.27091,40.66841],[-123.31308,40.68196],[-123.35525,40.68887],[-123.39743,40.68544],[-123.4244,40.69919],[-123.4396,40.70842],[-123.46887,40.74146],[-123.4396,40.7625],[-123.39743,40.76367],[-123.31308,40.75011],[-123.29738,40.74146],[-123.27091,40.7136],[-123.22873,40.70676],[-123.18656,40.70988],[-123.14439,40.72546],[-123.10222,40.73757],[-123.06004,40.70533],[-123.05414,40.69919],[-123.03676,40.65691],[-123.01787,40.62705],[-123.00092,40.61463],[-122.9757,40.60159],[-122.9345,40.57236],[-122.93352,40.57],[-122.89135,40.53444],[-122.84918,40.56744],[-122.80701,40.61154],[-122.80023,40.61463],[-122.80701,40.64348],[-122.80899,40.65691],[-122.80701,40.65777],[-122.80028,40.65691],[-122.76483,40.6434],[-122.68049,40.64067],[-122.63831,40.63136],[-122.60415,40.61463],[-122.59614,40.59158],[-122.59131,40.57236],[-122.59614,40.56717],[-122.63831,40.55098],[-122.68049,40.54015],[-122.69486,40.53008],[-122.72266,40.50086],[-122.75114,40.4878],[-122.80701,40.47383],[-122.84918,40.46132],[-122.86923,40.44553],[-122.90484,40.40325],[-122.93352,40.37448],[-122.95678,40.36098],[-122.95536,40.3187],[-122.93352,40.30717],[-122.89135,40.29307],[-122.84918,40.28336],[-122.84283,40.27642],[-122.81229,40.23415],[-122.79411,40.19187],[-122.76483,40.16845],[-122.74595,40.14959],[-122.72266,40.11499],[-122.71565,40.10732],[-122.68049,40.07731],[-122.67104,40.06504],[-122.65908,40.02276],[-122.64464,39.93821],[-122.6599,39.89593],[-122.68049,39.87114],[-122.69905,39.85366],[-122.68049,39.83875],[-122.65329,39.81138],[-122.62948,39.76911],[-122.63831,39.7566],[-122.68049,39.76025],[-122.72266,39.77082],[-122.73079,39.76911],[-122.73572,39.72683],[-122.72266,39.70301],[-122.7073,39.68455],[-122.66557,39.64228],[-122.63831,39.58277],[-122.63167,39.55772],[-122.62332,39.51545],[-122.6418,39.47317],[-122.62669,39.43089],[-122.63831,39.41478],[-122.65423,39.38862],[-122.66184,39.34634],[-122.63831,39.3055],[-122.63556,39.30407],[-122.63228,39.26179],[-122.62374,39.21951],[-122.63831,39.21215],[-122.65881,39.21951],[-122.68049,39.22472],[-122.72266,39.23792],[-122.75757,39.26179],[-122.7782,39.30407],[-122.79694,39.34634],[-122.80701,39.35769],[-122.83004,39.38862],[-122.8262,39.43089],[-122.82599,39.47317],[-122.84918,39.4841],[-122.89135,39.479],[-122.93352,39.48646],[-122.9757,39.48665],[-123.01787,39.43488],[-123.06004,39.42963],[-123.06173,39.43089],[-123.08209,39.47317],[-123.11496,39.51545],[-123.14439,39.54703],[-123.16147,39.55772],[-123.14439,39.57233],[-123.10222,39.57117],[-123.01787,39.54319],[-122.9953,39.55772],[-123.00604,39.6],[-123.01787,39.62884],[-123.02537,39.64228],[-123.02935,39.68455],[-123.05568,39.72683],[-123.06155,39.76911],[-123.06004,39.77079],[-123.01787,39.78432],[-122.99556,39.81138],[-123.01787,39.85562],[-123.06004,39.87317],[-123.10222,39.88343],[-123.14509,39.89593],[-123.18656,39.90991],[-123.20657,39.93821],[-123.19306,39.98049],[-123.20009,40.02276],[-123.2252,40.06504],[-123.22873,40.07408],[-123.24744,40.10732],[-123.25094,40.14959],[-123.22635,40.19187],[-123.27091,40.20879],[-123.2952,40.23415],[-123.31308,40.25558],[-123.35525,40.26283],[-123.39743,40.24181],[-123.40015,40.23415],[-123.4396,40.19971],[-123.48177,40.22442],[-123.49196,40.23415],[-123.54541,40.27642],[-123.56612,40.29891],[-123.58029,40.3187],[-123.59396,40.36098],[-123.5998,40.40325],[-123.61017,40.44553],[-123.60829,40.44877],[-123.56612,40.47676],[-123.52395,40.45837],[-123.51435,40.4878],[-123.52395,40.50224],[-123.55414,40.53008],[-123.56612,40.55773],[-123.58104,40.57236],[-123.60829,40.58656],[-123.66926,40.65691],[-123.69264,40.67054],[-123.73481,40.68244],[-123.76909,40.69919],[-123.77288,40.74146],[-123.73481,40.77157],[-123.69765,40.78374],[-123.71405,40.86829],[-123.69264,40.87997]]},"properties":{"elev":1000,"major":false}},{"type":"Feature","geometry":{"type":"LineString","coordinates":[[-123.69264,40.57537],[-123.6872,40.57236],[-123.69264,40.57111],[-123.6945,40.57236],[-123.69264,40.57537]]},"properties":{"elev":1000,"major":false}},{"type":"Feature","geometry":{"type":"LineString","coordinates":[[-123.48177,40.45105],[-123.5045,40.44553],[-123.48177,40.41751],[-123.47147,40.44553],[-123.48177,40.45105]]},"properties":{"elev":1000,"major":false}},{"type":"Feature","geometry":{"type":"LineString","coordinates":[[-123.39743,40.32634],[-123.40062,40.3187],[-123.39743,40.31298],[-123.38132,40.3187],[-123.39743,40.32634]]},"properties":{"elev":1000,"major":false}},{"type":"Feature","geometry":{"type":"LineString","coordinates":[[-121.71051,40.02475],[-121.64566,40.02276],[-121.66833,40.02209],[-121.71051,40.01815],[-121.71191,40.02276],[-121.71051,40.02475]]},"properties":{"elev":1000,"major":false}},{"type":"Feature","geometry":{"type":"LineString","coordinates":[[-122.80701,39.23496],[-122.7952,39.21951],[-122.80701,39.21517],[-122.81106,39.21951],[-122.80701,39.23496]]},"properties":{"elev":1000,"major":false}},{"type":"Feature","geometry":{"type":"LineString","coordinates":[[-122.76483,39.20307],[-122.7405,39.17724],[-122.76483,39.16322],[-122.77817,39.17724],[-122.76483,39.20307]]},"properties":{"elev":1000,"major":false}},{"type":"Feature","geometry":{"type":"LineString","coordinates":[[-79.36883,39.20224],[-79.32666,39.21417],[-79.28449,39.19056],[-79.28062,39.17724],[-79.30765,39.13496],[-79.31159,39.09268],[-79.3178,39.05041],[-79.32666,39.03365],[-79.34467,39.00813],[-79.36546,38.96585],[-79.38297,38.92358],[-79.41101,38.9002],[-79.45318,38.89206],[-79.49535,38.89531],[-79.51286,38.92358],[-79.49535,38.93948],[-79.45992,38.96585],[-79.46175,39.00813],[-79.49535,39.03699],[-79.52741,39.05041],[-79.52449,39.09268],[-79.49535,39.11338],[-79.45318,39.12573],[-79.41101,39.12806],[-79.40646,39.13496],[-79.40259,39.17724],[-79.36883,39.20224]]},"properties":{"elev":1000,"major":false}},{"type":"Feature","geometry":{"type":"LineString","coordinates":[[-69.79557,39.12177],[-69.75682,39.09268],[-69.79557,39.0636],[-69.82458,39.09268],[-69.79557,39.12177]]},"properties":{"elev":1000,"major":false}},{"type":"Feature","geometry":{"type":"LineString","coordinates":[[-79.53753,38.88398],[-79.53073,38.8813],[-79.53753,38.87048],[-79.54503,38.8813],[-79.53753,38.88398]]},"properties":{"elev":1000,"major":false}},{"type":"Feature","geometry":{"type":"LineString","coordinates":[[-79.79056,38.80341],[-79.74839,38.77173],[-79.70622,38.77772],[-79.65626,38.79675],[-79.62187,38.81936],[-79.5797,38.81872],[-79.53753,38.82937],[-79.49535,38.82161],[-79.48083,38.79675],[-79.49312,38.75447],[-79.51665,38.7122],[-79.53753,38.68335],[-79.552,38.66992],[-79.5797,38.63561],[-79.58846,38.62764],[-79.60048,38.58537],[-79.60474,38.54309],[-79.62187,38.51524],[-79.62606,38.50081],[-79.63356,38.45854],[-79.66808,38.41626],[-79.70622,38.38465],[-79.71707,38.37398],[-79.74839,38.35314],[-79.78831,38.33171],[-79.79056,38.32868],[-79.79916,38.33171],[-79.8077,38.37398],[-79.79292,38.41626],[-79.78556,38.45854],[-79.76929,38.50081],[-79.75597,38.54309],[-79.79056,38.56362],[-79.83274,38.58205],[-79.84527,38.54309],[-79.87491,38.50485],[-79.89998,38.45854],[-79.95926,38.40438],[-80.00143,38.37036],[-80.0436,38.35722],[-80.0621,38.33171],[-80.08578,38.318],[-80.12795,38.31097],[-80.15703,38.28943],[-80.15579,38.24715],[-80.17012,38.2288],[-80.19617,38.20488],[-80.21229,38.19531],[-80.25447,38.18256],[-80.29647,38.1626],[-80.33881,38.13449],[-80.42316,38.10854],[-80.46533,38.06906],[-80.5205,38.03577],[-80.59185,37.98428],[-80.60624,37.9935],[-80.6323,38.03577],[-80.63402,38.03672],[-80.66381,38.07805],[-80.63733,38.12033],[-80.63402,38.12344],[-80.59185,38.13477],[-80.54968,38.13782],[-80.52421,38.1626],[-80.50751,38.17365],[-80.46533,38.19774],[-80.46294,38.20488],[-80.45906,38.24715],[-80.46533,38.26095],[-80.47245,38.28943],[-80.46533,38.29989],[-80.42316,38.30332],[-80.38099,38.31832],[-80.35363,38.33171],[-80.33519,38.37398],[-80.29664,38.39418],[-80.26928,38.41626],[-80.25447,38.43235],[-80.23964,38.45854],[-80.21229,38.48828],[-80.18924,38.50081],[-80.17012,38.5173],[-80.14053,38.50081],[-80.13433,38.45854],[-80.13539,38.41626],[-80.12795,38.40063],[-80.10153,38.41626],[-80.10353,38.45854],[-80.08578,38.47225],[-80.0436,38.48645],[-80.03388,38.50081],[-80.01149,38.54309],[-80.00143,38.55683],[-79.9866,38.58537],[-79.95691,38.62764],[-79.93009,38.66992],[-79.91708,38.68687],[-79.87491,38.73069],[-79.84841,38.75447],[-79.83274,38.77087],[-79.79449,38.79675],[-79.79056,38.80341]]},"properties":{"elev":1000,"major":false}},{"type":"Feature","geometry":{"type":"LineString","coordinates":[[-80.17012,38.64498],[-80.12795,38.6698],[-80.10566,38.62764],[-80.11617,38.58537],[-80.12795,38.55948],[-80.17012,38.56867],[-80.1874,38.58537],[-80.19749,38.62764],[-80.17012,38.64498]]},"properties":{"elev":1000,"major":false}},{"type":"Feature","geometry":{"type":"LineString","coordinates":[[-69.79557,38.65431],[-69.76897,38.62764],[-69.79557,38.60098],[-69.82217,38.62764],[-69.79557,38.65431]]},"properties":{"elev":1000,"major":false}},{"type":"Feature","geometry":{"type":"LineString","coordinates":[[-79.49535,38.61735],[-79.48788,38.58537],[-79.49535,38.5732],[-79.51697,38.58537],[-79.49535,38.61735]]},"properties":{"elev":1000,"major":false}},{"type":"Feature","geometry":{"type":"LineString","coordinates":[[-69.03645,38.61175],[-69.01013,38.58537],[-69.03645,38.55898],[-69.06277,38.58537],[-69.03645,38.61175]]},"properties":{"elev":1000,"major":false}},{"type":"Feature","geometry":{"type":"LineString","coordinates":[[-79.53753,38.55353],[-79.53281,38.54309],[-79.53753,38.53995],[-79.54653,38.54309],[-79.53753,38.55353]]},"properties":{"elev":1000,"major":false}},{"type":"Feature","geometry":{"type":"LineString","coordinates":[[-79.53753,38.42313],[-79.52899,38.41626],[-79.53753,38.40833],[-79.55208,38.41626],[-79.53753,38.42313]]},"properties":{"elev":1000,"major":false}},{"type":"Feature","geometry":{"type":"LineString","coordinates":[[-79.83274,38.30398],[-79.82697,38.28943],[-79.82283,38.24715],[-79.83274,38.23935],[-79.85241,38.24715],[-79.83639,38.28943],[-79.83274,38.30398]]},"properties":{"elev":1000,"major":false}},{"type":"Feature","geometry":{"type":"LineString","coordinates":[[-120.15011,37.78712],[-120.13083,37.78211],[-120.15011,37.78055],[-120.152,37.78211],[-120.15011,37.78712]]},"properties":{"elev":1000,"major":false}},{"type":"Feature","geometry":{"type":"LineString","coordinates":[[-66.50608,37.81635],[-66.47193,37.78211],[-66.50608,37.74788],[-66.54023,37.78211],[-66.50608,37.81635]]},"properties":{"elev":1000,"major":false}},{"type":"Feature","geometry":{"type":"LineString","coordinates":[[-68.74124,37.50413],[-68.72333,37.48618],[-68.74124,37.46823],[-68.75762,37.48618],[-68.74124,37.50413]]},"properties":{"elev":1000,"major":false}},{"type":"Feature","geometry":{"type":"LineString","coordinates":[[-70.09078,37.47864],[-70.05613,37.4439],[-70.09078,37.40916],[-70.12543,37.4439],[-70.09078,37.47864]]},"properties":{"elev":1000,"major":false}},{"type":"Feature","geometry":{"type":"LineString","coordinates":[[-80.54968,37.41259],[-80.51624,37.40163],[-80.53322,37.35935],[-80.54968,37.35141],[-80.58239,37.35935],[-80.57267,37.40163],[-80.54968,37.41259]]},"properties":{"elev":1000,"major":false}},{"type":"Feature","geometry":{"type":"LineString","coordinates":[[-117.78842,37.22779],[-117.81081,37.19024],[-117.78842,37.15796],[-117.77902,37.14797],[-117.74625,37.13392],[-117.71799,37.10569],[-117.70407,37.08763],[-117.6619,37.07482],[-117.65244,37.10569],[-117.6619,37.11818],[-117.70407,37.14912],[-117.74198,37.19024],[-117.74625,37.20162],[-117.78842,37.22779]]},"properties":{"elev":1000,"major":false}},{"type":"Feature","geometry":{"type":"LineString","coordinates":[[-81.43531,37.12745],[-81.39314,37.11616],[-81.37882,37.10569],[-81.39031,37.06341],[-81.43531,37.05239],[-81.46062,37.06341],[-81.44998,37.10569],[-81.43531,37.12745]]},"properties":{"elev":1000,"major":false}},{"type":"Feature","geometry":{"type":"LineString","coordinates":[[-115.21587,37.02435],[-115.24449,37.02114],[-115.25804,37.01432],[-115.27241,36.97886],[-115.25804,36.9702],[-115.21587,36.96216],[-115.20918,36.97886],[-115.21387,37.02114],[-115.21587,37.02435]]},"properties":{"elev":1000,"major":false}},{"type":"Feature","geometry":{"type":"LineString","coordinates":[[-81.89921,36.93705],[-81.85704,36.93992],[-81.81487,36.94961],[-81.77876,36.93659],[-81.81487,36.92983],[-81.89921,36.93566],[-81.89921,36.93705]]},"properties":{"elev":1000,"major":false}},{"type":"Feature","geometry":{"type":"LineString","coordinates":[[-117.87277,36.90485],[-117.8832,36.89431],[-117.90397,36.85203],[-117.89638,36.80976],[-117.88361,36.76748],[-117.87277,36.74887],[-117.85557,36.7252],[-117.83171,36.68293],[-117.78842,36.64952],[-117.74625,36.63123],[-117.70407,36.62528],[-117.6619,36.61692],[-117.61973,36.59992],[-117.58135,36.64065],[-117.5867,36.68293],[-117.60105,36.7252],[-117.61973,36.74186],[-117.6619,36.76299],[-117.66647,36.76748],[-117.6929,36.80976],[-117.66925,36.85203],[-117.70407,36.87078],[-117.74625,36.86685],[-117.78842,36.8952],[-117.83059,36.90767],[-117.87277,36.90485]]},"properties":{"elev":1000,"major":false}},{"type":"Feature","geometry":{"type":"LineString","coordinates":[[-115.93281,36.85268],[-115.9366,36.85203],[-115.97498,36.8294],[-115.98564,36.80976],[-115.98698,36.76748],[-115.97498,36.75996],[-115.93281,36.76377],[-115.87621,36.80976],[-115.89064,36.8519],[-115.93281,36.85268]]},"properties":{"elev":1000,"major":false}},{"type":"Feature","geometry":{"type":"LineString","coordinates":[[-82.06791,36.85311],[-82.06231,36.85203],[-82.06791,36.85034],[-82.0705,36.85203],[-82.06791,36.85311]]},"properties":{"elev":1000,"major":false}},{"type":"Feature","geometry":{"type":"LineString","coordinates":[[-81.39314,36.73839],[-81.35096,36.74965],[-81.30879,36.74158],[-81.26662,36.70729],[-81.21887,36.68293],[-81.22445,36.67577],[-81.26662,36.66127],[-81.2986,36.68293],[-81.30879,36.6965],[-81.35096,36.70527],[-81.39314,36.70854],[-81.4338,36.7252],[-81.39314,36.73839]]},"properties":{"elev":1000,"major":false}},{"type":"Feature","geometry":{"type":"LineString","coordinates":[[-114.83631,36.68971],[-114.82926,36.68293],[-114.82529,36.64065],[-114.83631,36.61919],[-114.87848,36.60839],[-114.89767,36.64065],[-114.85433,36.68293],[-114.83631,36.68971]]},"properties":{"elev":1000,"major":false}},{"type":"Feature","geometry":{"type":"LineString","coordinates":[[-81.604,36.70703],[-81.56183,36.72224],[-81.51966,36.72402],[-81.47748,36.72389],[-81.43531,36.71256],[-81.43306,36.68293],[-81.43531,36.67753],[-81.43983,36.64065],[-81.47403,36.59837],[-81.51966,36.57274],[-81.56183,36.55824],[-81.56492,36.5561],[-81.58576,36.51382],[-81.604,36.48972],[-81.64143,36.47154],[-81.56183,36.44591],[-81.52812,36.42927],[-81.51966,36.41496],[-81.49464,36.38699],[-81.5088,36.34472],[-81.51966,36.33433],[-81.56183,36.31628],[-81.58786,36.30244],[-81.604,36.2838],[-81.62938,36.26016],[-81.64025,36.21789],[-81.62729,36.17561],[-81.64618,36.14925],[-81.67005,36.13333],[-81.68835,36.1299],[-81.73052,36.13225],[-81.77269,36.11772],[-81.78792,36.09106],[-81.81487,36.07022],[-81.84766,36.04878],[-81.87735,36.0065],[-81.88526,35.96423],[-81.89921,35.94274],[-81.94139,35.94897],[-81.97021,35.96423],[-81.98356,35.97478],[-82.02573,35.99829],[-82.04345,35.96423],[-82.06791,35.94457],[-82.10043,35.96423],[-82.10493,36.0065],[-82.11008,36.01157],[-82.15225,36.04188],[-82.17031,36.04878],[-82.19442,36.06333],[-82.22675,36.09106],[-82.2366,36.10221],[-82.26249,36.09106],[-82.27877,36.08775],[-82.29403,36.09106],[-82.32094,36.10572],[-82.33333,36.13333],[-82.32094,36.14258],[-82.27877,36.15105],[-82.2366,36.15521],[-82.20848,36.17561],[-82.15225,36.19687],[-82.11008,36.16921],[-82.06791,36.16561],[-82.0423,36.17561],[-82.06791,36.20896],[-82.09725,36.21789],[-82.07932,36.26016],[-82.06791,36.26281],[-82.02573,36.22303],[-82.0149,36.21789],[-81.98356,36.17731],[-81.96742,36.21789],[-81.94139,36.24323],[-81.89921,36.24583],[-81.85704,36.24278],[-81.82253,36.21789],[-81.81487,36.20751],[-81.77758,36.17561],[-81.77269,36.16805],[-81.76698,36.17561],[-81.75071,36.21789],[-81.76457,36.26016],[-81.77269,36.29447],[-81.81487,36.29902],[-81.82046,36.30244],[-81.83936,36.34472],[-81.81487,36.37071],[-81.77269,36.38042],[-81.76679,36.38699],[-81.7399,36.42927],[-81.73263,36.47154],[-81.74775,36.51382],[-81.73846,36.5561],[-81.71943,36.59837],[-81.67878,36.64065],[-81.64618,36.67749],[-81.63993,36.68293],[-81.604,36.70703]]},"properties":{"elev":1000,"major":false}},{"type":"Feature","geometry":{"type":"LineString","coordinates":[[-116.01716,36.59884],[-116.01863,36.59837],[-116.01716,36.59884]]},"properties":{"elev":1000,"major":false}},{"type":"Feature","geometry":{"type":"LineString","coordinates":[[-116.69192,36.58715],[-116.64975,36.57684],[-116.62691,36.5561],[-116.60758,36.53406],[-116.59481,36.51382],[-116.57574,36.47154],[-116.5524,36.42927],[-116.52323,36.39493],[-116.51404,36.38699],[-116.51075,36.34472],[-116.52323,36.33773],[-116.5654,36.32343],[-116.57993,36.30244],[-116.5654,36.28314],[-116.55382,36.26016],[-116.52323,36.22494],[-116.48106,36.19658],[-116.43888,36.14284],[-116.39671,36.10985],[-116.35951,36.09106],[-116.39649,36.04878],[-116.43888,36.07698],[-116.48106,36.06198],[-116.50258,36.04878],[-116.49458,36.0065],[-116.52323,35.9784],[-116.5654,35.97385],[-116.60758,35.97284],[-116.64975,35.98883],[-116.67281,36.0065],[-116.6639,36.04878],[-116.66549,36.09106],[-116.67727,36.13333],[-116.69535,36.17561],[-116.70996,36.21789],[-116.70291,36.30244],[-116.69192,36.31596],[-116.64975,36.31004],[-116.61683,36.34472],[-116.64975,36.39587],[-116.67722,36.42927],[-116.69192,36.43892],[-116.72492,36.47154],[-116.73599,36.51382],[-116.7341,36.53476],[-116.73014,36.5561],[-116.69192,36.58715]]},"properties":{"elev":1000,"major":false}},{"type":"Feature","geometry":{"type":"LineString","coordinates":[[-71.01858,36.57683],[-70.99791,36.5561],[-71.01858,36.53537],[-71.03926,36.5561],[-71.01858,36.57683]]},"properties":{"elev":1000,"major":false}},{"type":"Feature","geometry":{"type":"LineString","coordinates":[[-81.22445,36.47253],[-81.21826,36.47154],[-81.22445,36.46759],[-81.22684,36.47154],[-81.22445,36.47253]]},"properties":{"elev":1000,"major":false}},{"type":"Feature","geometry":{"type":"LineString","coordinates":[[-81.64618,36.46475],[-81.67302,36.42927],[-81.64618,36.42415],[-81.63747,36.42927],[-81.64618,36.46475]]},"properties":{"elev":1000,"major":false}},{"type":"Feature","geometry":{"type":"LineString","coordinates":[[-120.69836,36.40124],[-120.65618,36.40802],[-120.61401,36.40223],[-120.58695,36.38699],[-120.52966,36.35086],[-120.51547,36.34472],[-120.52966,36.31117],[-120.5412,36.30244],[-120.57184,36.29793],[-120.61401,36.29542],[-120.65618,36.29624],[-120.6743,36.30244],[-120.69836,36.31446],[-120.72079,36.34472],[-120.72902,36.38699],[-120.69836,36.40124]]},"properties":{"elev":1000,"major":false}},{"type":"Feature","geometry":{"type":"LineString","coordinates":[[-114.62545,36.39185],[-114.61183,36.38699],[-114.62545,36.37998],[-114.63337,36.38699],[-114.62545,36.39185]]},"properties":{"elev":1000,"major":false}},{"type":"Feature","geometry":{"type":"LineString","coordinates":[[-114.20372,36.34947],[-114.16154,36.37758],[-114.11937,36.3412],[-114.0772,36.30827],[-114.07456,36.30244],[-114.073,36.26016],[-114.0772,36.24651],[-114.09396,36.21789],[-114.11937,36.20239],[-114.16154,36.15663],[-114.20372,36.14473],[-114.24589,36.16459],[-114.24907,36.17561],[-114.23747,36.21789],[-114.23682,36.26016],[-114.23062,36.30244],[-114.21038,36.34472],[-114.20372,36.34947]]},"properties":{"elev":1000,"major":false}},{"type":"Feature","geometry":{"type":"LineString","coordinates":[[-121.62616,36.30439],[-121.58399,36.3223],[-121.54182,36.32178],[-121.52406,36.30244],[-121.54182,36.26258],[-121.58399,36.25835],[-121.62616,36.29497],[-121.63129,36.30244],[-121.62616,36.30439]]},"properties":{"elev":1000,"major":false}},{"type":"Feature","geometry":{"type":"LineString","coordinates":[[-120.74053,36.30824],[-120.72954,36.30244],[-120.74053,36.30017],[-120.74915,36.30244],[-120.74053,36.30824]]},"properties":{"elev":1000,"major":false}},{"type":"Feature","geometry":{"type":"LineString","coordinates":[[-114.70979,36.33587],[-114.66762,36.33506],[-114.65578,36.30244],[-114.66762,36.28597],[-114.70979,36.28172],[-114.73636,36.30244],[-114.70979,36.33587]]},"properties":{"elev":1000,"major":false}},{"type":"Feature","geometry":{"type":"LineString","coordinates":[[-116.22802,36.27434],[-116.2138,36.26016],[-116.22311,36.21789],[-116.18585,36.19661],[-116.17228,36.17561],[-116.16061,36.13333],[-116.18585,36.11802],[-116.20021,36.13333],[-116.22802,36.16874],[-116.23159,36.17561],[-116.23105,36.21789],[-116.24567,36.26016],[-116.22802,36.27434]]},"properties":{"elev":1000,"major":false}},{"type":"Feature","geometry":{"type":"LineString","coordinates":[[-121.4153,36.18026],[-121.37312,36.1795],[-121.36712,36.17561],[-121.36046,36.13333],[-121.37312,36.12821],[-121.4153,36.12707],[-121.42949,36.13333],[-121.42617,36.17561],[-121.4153,36.18026]]},"properties":{"elev":1000,"major":false}},{"type":"Feature","geometry":{"type":"LineString","coordinates":[[-121.49964,36.1029],[-121.47603,36.09106],[-121.49964,36.08089],[-121.50582,36.09106],[-121.49964,36.1029]]},"properties":{"elev":1000,"major":false}},{"type":"Feature","geometry":{"type":"LineString","coordinates":[[-116.1015,36.10885],[-116.08351,36.09106],[-116.05933,36.07062],[-116.03925,36.04878],[-116.01329,36.0065],[-115.99901,35.96423],[-116.01716,35.92377],[-116.05933,35.91847],[-116.08224,35.96423],[-116.09266,36.0065],[-116.1015,36.03625],[-116.10798,36.04878],[-116.13535,36.09106],[-116.1015,36.10885]]},"properties":{"elev":1000,"major":false}},{"type":"Feature","geometry":{"type":"LineString","coordinates":[[-113.27591,36.09905],[-113.29408,36.09106],[-113.27591,36.08744],[-113.23374,36.08701],[-113.22679,36.09106],[-113.23374,36.10868],[-113.27591,36.09905]]},"properties":{"elev":1000,"major":false}},{"type":"Feature","geometry":{"type":"LineString","coordinates":[[-82.65833,36.05857],[-82.61615,36.06894],[-82.59456,36.04878],[-82.61615,36.02361],[-82.65833,36.03453],[-82.69484,36.04878],[-82.65833,36.05857]]},"properties":{"elev":1000,"major":false}},{"type":"Feature","geometry":{"type":"LineString","coordinates":[[-114.58327,36.03274],[-114.57118,36.0065],[-114.58327,35.96464],[-114.61142,36.0065],[-114.58327,36.03274]]},"properties":{"elev":1000,"major":false}},{"type":"Feature","geometry":{"type":"LineString","coordinates":[[-82.48964,36.0246],[-82.44746,36.03747],[-82.43147,36.0065],[-82.43905,35.96423],[-82.44746,35.94017],[-82.4574,35.92195],[-82.48964,35.90807],[-82.53181,35.90269],[-82.57398,35.90745],[-82.59011,35.92195],[-82.61615,35.94132],[-82.63542,35.96423],[-82.61615,35.987],[-82.57398,35.98154],[-82.53181,35.99745],[-82.5208,36.0065],[-82.48964,36.0246]]},"properties":{"elev":1000,"major":false}},{"type":"Feature","geometry":{"type":"LineString","coordinates":[[-113.31808,35.99448],[-113.3374,35.96423],[-113.32313,35.92195],[-113.32836,35.87967],[-113.3411,35.8374],[-113.35753,35.79512],[-113.40243,35.76397],[-113.4446,35.76249],[-113.48678,35.75725],[-113.49055,35.75285],[-113.36026,35.72976],[-113.31705,35.75285],[-113.29089,35.8374],[-113.29019,35.87967],[-113.2961,35.92195],[-113.29848,35.96423],[-113.31808,35.99448]]},"properties":{"elev":1000,"major":false}},{"type":"Feature","geometry":{"type":"LineString","coordinates":[[-115.04718,35.93519],[-115.02808,35.92195],[-115.03779,35.87967],[-115.04718,35.86474],[-115.0679,35.8374],[-115.08935,35.81687],[-115.12263,35.79512],[-115.13152,35.7754],[-115.14778,35.79512],[-115.14712,35.8374],[-115.13152,35.86839],[-115.12493,35.87967],[-115.08935,35.89168],[-115.06206,35.92195],[-115.04718,35.93519]]},"properties":{"elev":1000,"major":false}},{"type":"Feature","geometry":{"type":"LineString","coordinates":[[-67.60257,35.95736],[-67.56726,35.92195],[-67.60257,35.88655],[-67.63789,35.92195],[-67.60257,35.95736]]},"properties":{"elev":1000,"major":false}},{"type":"Feature","geometry":{"type":"LineString","coordinates":[[-116.39671,35.88797],[-116.39341,35.87967],[-116.39671,35.87145],[-116.40222,35.87967],[-116.39671,35.88797]]},"properties":{"elev":1000,"major":false}},{"type":"Feature","geometry":{"type":"LineString","coordinates":[[-82.27877,35.90486],[-82.2366,35.87444],[-82.21021,35.8374],[-82.19822,35.79512],[-82.19986,35.75285],[-82.2184,35.71057],[-82.2366,35.69921],[-82.27877,35.66733],[-82.32094,35.65852],[-82.36312,35.66039],[-82.40529,35.64674],[-82.44746,35.65747],[-82.46659,35.66829],[-82.4667,35.71057],[-82.44746,35.72787],[-82.4094,35.75285],[-82.42005,35.79512],[-82.42474,35.8374],[-82.40529,35.85939],[-82.36312,35.87801],[-82.32094,35.86513],[-82.30909,35.87967],[-82.27877,35.90486]]},"properties":{"elev":1000,"major":false}},{"type":"Feature","geometry":{"type":"LineString","coordinates":[[-82.99571,35.80306],[-82.95354,35.83637],[-82.91137,35.75577],[-82.86919,35.73323],[-82.84505,35.71057],[-82.86117,35.66829],[-82.82702,35.63483],[-82.81431,35.62602],[-82.81936,35.58374],[-82.82702,35.58068],[-82.86919,35.58073],[-82.8748,35.58374],[-82.92148,35.62602],[-82.95138,35.66829],[-82.97282,35.71057],[-82.99571,35.74601],[-82.99889,35.75285],[-83.00997,35.79512],[-82.99571,35.80306]]},"properties":{"elev":1000,"major":false}},{"type":"Feature","geometry":{"type":"LineString","coordinates":[[-118.42102,35.72635],[-118.42973,35.71057],[-118.46319,35.66269],[-118.48019,35.62602],[-118.50536,35.59805],[-118.52093,35.58374],[-118.50536,35.57153],[-118.46087,35.58374],[-118.42988,35.62602],[-118.42102,35.63179],[-118.40502,35.62602],[-118.37884,35.62151],[-118.33667,35.6253],[-118.2945,35.64898],[-118.25232,35.63691],[-118.22842,35.66829],[-118.25232,35.67994],[-118.33667,35.68728],[-118.37266,35.71057],[-118.37884,35.71575],[-118.42102,35.72635]]},"properties":{"elev":1000,"major":false}},{"type":"Feature","geometry":{"type":"LineString","coordinates":[[-117.15583,35.73673],[-117.14148,35.66829],[-117.11365,35.64831],[-117.09827,35.62602],[-117.11365,35.60799],[-117.15583,35.57883],[-117.198,35.57676],[-117.20783,35.58374],[-117.21301,35.62602],[-117.198,35.64516],[-117.16522,35.66829],[-117.1634,35.71057],[-117.15583,35.73673]]},"properties":{"elev":1000,"major":false}},{"type":"Feature","geometry":{"type":"LineString","coordinates":[[-83.3331,35.72056],[-83.29092,35.74058],[-83.20658,35.74835],[-83.1644,35.74586],[-83.12223,35.7265],[-83.09853,35.71057],[-83.08006,35.64394],[-83.05616,35.62602],[-83.04464,35.58374],[-83.04349,35.54146],[-83.03542,35.49919],[-82.99571,35.464],[-82.95354,35.46939],[-82.91137,35.4484],[-82.86919,35.45185],[-82.83669,35.45691],[-82.82702,35.46247],[-82.78485,35.46358],[-82.77562,35.45691],[-82.74267,35.44773],[-82.70785,35.41463],[-82.71625,35.37236],[-82.74267,35.34529],[-82.76927,35.33008],[-82.78485,35.32267],[-82.82531,35.2878],[-82.82702,35.28389],[-82.86618,35.24553],[-82.91137,35.2208],[-82.94888,35.20325],[-82.95732,35.16098],[-82.9799,35.1187],[-82.99571,35.10692],[-83.03788,35.07052],[-83.08006,35.05232],[-83.12223,35.06136],[-83.18908,35.03415],[-83.20658,35.02952],[-83.24875,35.02401],[-83.29092,35.00666],[-83.32693,35.03415],[-83.30902,35.07642],[-83.29092,35.09322],[-83.26906,35.1187],[-83.264,35.20325],[-83.28785,35.24553],[-83.24875,35.25721],[-83.20658,35.24223],[-83.1644,35.22027],[-83.12223,35.22203],[-83.08006,35.23094],[-83.05359,35.24553],[-83.08006,35.2898],[-83.12363,35.33008],[-83.144,35.37236],[-83.15715,35.41463],[-83.1644,35.41567],[-83.20658,35.41196],[-83.24347,35.41463],[-83.24875,35.42901],[-83.24967,35.45691],[-83.2568,35.54146],[-83.29092,35.56338],[-83.3331,35.55736],[-83.34459,35.54146],[-83.37527,35.51452],[-83.41744,35.51389],[-83.45961,35.50551],[-83.47322,35.49919],[-83.50179,35.48947],[-83.54396,35.49957],[-83.58613,35.50114],[-83.62831,35.48436],[-83.67048,35.49775],[-83.71265,35.51867],[-83.75482,35.52191],[-83.797,35.53142],[-83.8155,35.54146],[-83.797,35.54911],[-83.75482,35.56969],[-83.73274,35.58374],[-83.71265,35.58988],[-83.67048,35.59739],[-83.62831,35.62645],[-83.58613,35.63291],[-83.54396,35.63254],[-83.50179,35.6591],[-83.49267,35.66829],[-83.45961,35.68632],[-83.41744,35.68258],[-83.37527,35.68994],[-83.3331,35.72056]]},"properties":{"elev":1000,"major":false}},{"type":"Feature","geometry":{"type":"LineString","coordinates":[[-116.98713,35.67289],[-116.94496,35.67468],[-116.90279,35.6813],[-116.86061,35.67894],[-116.85357,35.66829],[-116.77745,35.62602],[-116.79255,35.58374],[-116.77627,35.56168],[-116.76431,35.54146],[-116.7341,35.51774],[-116.69192,35.50966],[-116.64975,35.50271],[-116.60758,35.50806],[-116.54071,35.54146],[-116.52323,35.54591],[-116.48106,35.54604],[-116.43888,35.54819],[-116.39671,35.55678],[-116.35454,35.55927],[-116.31237,35.55317],[-116.28936,35.54146],[-116.27019,35.5247],[-116.25314,35.49919],[-116.25892,35.45691],[-116.27019,35.44578],[-116.31237,35.43215],[-116.35454,35.43425],[-116.39671,35.42944],[-116.43997,35.41463],[-116.48106,35.40913],[-116.52323,35.39836],[-116.5654,35.3916],[-116.60758,35.39622],[-116.63903,35.41463],[-116.64975,35.42352],[-116.69192,35.43383],[-116.7281,35.45691],[-116.7341,35.462],[-116.77627,35.4559],[-116.81566,35.41463],[-116.7341,35.39854],[-116.70056,35.37236],[-116.7076,35.33008],[-116.7341,35.30745],[-116.76534,35.2878],[-116.74543,35.24553],[-116.75639,35.20325],[-116.77627,35.1946],[-116.81844,35.18221],[-116.86061,35.18362],[-116.88481,35.16098],[-116.91272,35.1187],[-116.91199,35.07642],[-116.94275,35.03415],[-116.98713,35.02615],[-117.01406,35.03415],[-117.02931,35.04302],[-117.04979,35.07642],[-117.04509,35.1187],[-117.05549,35.16098],[-116.98713,35.18544],[-116.97377,35.20325],[-116.94496,35.22551],[-116.91452,35.24553],[-116.9001,35.2878],[-116.86061,35.32519],[-116.85757,35.33008],[-116.8569,35.37236],[-116.86061,35.3939],[-116.87984,35.37236],[-116.90279,35.33535],[-116.90419,35.33008],[-116.94496,35.30453],[-116.98713,35.31489],[-117.01937,35.33008],[-117.02931,35.33202],[-117.07148,35.33593],[-117.09635,35.33008],[-117.11365,35.30179],[-117.11605,35.2878],[-117.14403,35.24553],[-117.15583,35.23313],[-117.198,35.22052],[-117.24017,35.21167],[-117.26317,35.20325],[-117.28234,35.1997],[-117.30439,35.20325],[-117.32452,35.22118],[-117.34377,35.2878],[-117.35346,35.33008],[-117.33816,35.37236],[-117.32452,35.38123],[-117.29144,35.41463],[-117.28234,35.41995],[-117.24017,35.43686],[-117.198,35.45174],[-117.15583,35.4576],[-117.11365,35.453],[-117.07148,35.46366],[-117.02931,35.47052],[-116.99513,35.45691],[-116.98713,35.45155],[-116.91117,35.41463],[-116.90279,35.39931],[-116.88535,35.41463],[-116.90279,35.42675],[-116.91517,35.45691],[-116.9238,35.49919],[-116.9037,35.54146],[-116.90659,35.58374],[-116.94496,35.60141],[-116.98427,35.62602],[-116.99133,35.66829],[-116.98713,35.67289]]},"properties":{"elev":1000,"major":false}},{"type":"Feature","geometry":{"type":"LineString","coordinates":[[-117.83059,35.52902],[-117.78842,35.51864],[-117.75069,35.49919],[-117.74625,35.45865],[-117.73453,35.49919],[-117.6619,35.51604],[-117.61973,35.50487],[-117.61612,35.49919],[-117.57756,35.47038],[-117.53538,35.47446],[-117.49321,35.45931],[-117.48851,35.45691],[-117.45104,35.42355],[-117.43391,35.41463],[-117.45104,35.38714],[-117.49321,35.38744],[-117.52349,35.37236],[-117.53538,35.35635],[-117.54903,35.33008],[-117.57756,35.30306],[-117.61973,35.2889],[-117.6619,35.27079],[-117.70407,35.26051],[-117.74625,35.27524],[-117.75081,35.2878],[-117.70407,35.33552],[-117.6619,35.36787],[-117.65252,35.37236],[-117.61973,35.39422],[-117.5853,35.41463],[-117.61973,35.45365],[-117.6619,35.44304],[-117.70407,35.44684],[-117.74625,35.45684],[-117.79545,35.41463],[-117.83059,35.40445],[-117.87277,35.40688],[-117.89271,35.41463],[-117.90681,35.45691],[-117.87256,35.49919],[-117.83059,35.52902]]},"properties":{"elev":1000,"major":false}},{"type":"Feature","geometry":{"type":"LineString","coordinates":[[-84.05004,35.38798],[-84.00786,35.39809],[-83.96569,35.39],[-83.94722,35.37236],[-83.95522,35.33008],[-83.94628,35.2878],[-83.94184,35.24553],[-83.96569,35.23129],[-84.00786,35.22381],[-84.05004,35.23309],[-84.07159,35.24553],[-84.07937,35.2878],[-84.08127,35.33008],[-84.06475,35.37236],[-84.05004,35.38798]]},"properties":{"elev":1000,"major":false}},{"type":"Feature","geometry":{"type":"LineString","coordinates":[[-83.41744,35.37543],[-83.38845,35.37236],[-83.37527,35.36855],[-83.32777,35.33008],[-83.3331,35.3175],[-83.37527,35.31201],[-83.41752,35.33008],[-83.42284,35.37236],[-83.41744,35.37543]]},"properties":{"elev":1000,"major":false}},{"type":"Feature","geometry":{"type":"LineString","coordinates":[[-114.75197,35.29764],[-114.70979,35.29109],[-114.70534,35.2878],[-114.69331,35.24553],[-114.70979,35.2197],[-114.75197,35.20287],[-114.78356,35.24553],[-114.76608,35.2878],[-114.75197,35.29764]]},"properties":{"elev":1000,"major":false}},{"type":"Feature","geometry":{"type":"LineString","coordinates":[[-83.62831,35.25491],[-83.58613,35.27979],[-83.54216,35.24553],[-83.54571,35.20325],[-83.53849,35.16098],[-83.53519,35.1187],[-83.48357,35.07642],[-83.45961,35.04922],[-83.45025,35.03415],[-83.45961,35.01469],[-83.4743,34.99187],[-83.50179,34.9728],[-83.54396,34.97297],[-83.59407,34.99187],[-83.61867,35.03415],[-83.62831,35.04823],[-83.67048,35.06995],[-83.67835,35.07642],[-83.71265,35.1151],[-83.75482,35.10775],[-83.79019,35.1187],[-83.77448,35.16098],[-83.75482,35.18501],[-83.72932,35.20325],[-83.71265,35.22902],[-83.67048,35.21073],[-83.62831,35.25491]]},"properties":{"elev":1000,"major":false}},{"type":"Feature","geometry":{"type":"LineString","coordinates":[[-119.72838,35.03868],[-119.71971,35.03415],[-119.72838,35.03117],[-119.73784,35.03415],[-119.72838,35.03868]]},"properties":{"elev":1000,"major":false}},{"type":"Feature","geometry":{"type":"LineString","coordinates":[[-117.53538,34.7447],[-117.52368,34.73821],[-117.51475,34.69593],[-117.53538,34.68288],[-117.55635,34.69593],[-117.55922,34.73821],[-117.53538,34.7447]]},"properties":{"elev":1000,"major":false}},{"type":"Feature","geometry":{"type":"LineString","coordinates":[[-116.31237,34.57478],[-116.27019,34.5708],[-116.26462,34.56911],[-116.22802,34.54958],[-116.20437,34.52683],[-116.18585,34.49094],[-116.1441,34.48455],[-116.18585,34.48153],[-116.22802,34.48575],[-116.31237,34.51561],[-116.33871,34.52683],[-116.33821,34.56911],[-116.31237,34.57478]]},"properties":{"elev":1000,"major":false}},{"type":"Feature","geometry":{"type":"LineString","coordinates":[[-115.21587,34.58498],[-115.1737,34.60125],[-115.13152,34.59684],[-115.11488,34.56911],[-115.10446,34.52683],[-115.12255,34.48455],[-115.13152,34.47767],[-115.1737,34.47891],[-115.21587,34.54055],[-115.23055,34.56911],[-115.21587,34.58498]]},"properties":{"elev":1000,"major":false}},{"type":"Feature","geometry":{"type":"LineString","coordinates":[[-114.20372,34.57023],[-114.16154,34.57025],[-114.15928,34.56911],[-114.14059,34.52683],[-114.16154,34.52122],[-114.17263,34.52683],[-114.20372,34.56704],[-114.20481,34.56911],[-114.20372,34.57023]]},"properties":{"elev":1000,"major":false}},{"type":"Feature","geometry":{"type":"LineString","coordinates":[[-111.84203,34.58099],[-111.85021,34.56911],[-111.8436,34.52683],[-111.79986,34.48301],[-111.79097,34.48455],[-111.78645,34.52683],[-111.79986,34.53389],[-111.83726,34.56911],[-111.84203,34.58099]]},"properties":{"elev":1000,"major":false}},{"type":"Feature","geometry":{"type":"LineString","coordinates":[[-113.40243,34.44414],[-113.36026,34.44622],[-113.31808,34.44519],[-113.30972,34.4],[-113.31808,34.39669],[-113.36026,34.39265],[-113.40243,34.39897],[-113.40416,34.4],[-113.41649,34.44228],[-113.40243,34.44414]]},"properties":{"elev":1000,"major":false}},{"type":"Feature","geometry":{"type":"LineString","coordinates":[[-69.03645,34.18312],[-68.99977,34.14634],[-69.03645,34.10956],[-69.07314,34.14634],[-69.03645,34.18312]]},"properties":{"elev":1000,"major":false}},{"type":"Feature","geometry":{"type":"LineString","coordinates":[[-113.36026,34.07919],[-113.31808,34.07783],[-113.29477,34.06179],[-113.31808,34.04869],[-113.36026,34.03762],[-113.40243,34.01861],[-113.4446,34.01039],[-113.4546,34.01951],[-113.4446,34.02606],[-113.40243,34.03414],[-113.39964,34.06179],[-113.36026,34.07919]]},"properties":{"elev":1000,"major":false}},{"type":"Feature","geometry":{"type":"LineString","coordinates":[[-69.83774,34.05576],[-69.8034,34.01951],[-69.83774,33.98509],[-69.87208,34.01951],[-69.83774,34.05576]]},"properties":{"elev":1000,"major":false}},{"type":"Feature","geometry":{"type":"LineString","coordinates":[[-116.86061,33.86677],[-116.81844,33.87728],[-116.77627,33.87538],[-116.7341,33.88006],[-116.69192,33.87948],[-116.60758,33.85461],[-116.60261,33.85041],[-116.56919,33.80813],[-116.56496,33.76585],[-116.5552,33.72358],[-116.52323,33.68756],[-116.51259,33.6813],[-116.48106,33.65219],[-116.43888,33.65624],[-116.39671,33.61292],[-116.35454,33.60253],[-116.31237,33.57831],[-116.292,33.55447],[-116.28491,33.5122],[-116.27019,33.4939],[-116.22802,33.4595],[-116.19223,33.42764],[-116.18585,33.41816],[-116.16916,33.38537],[-116.18585,33.36468],[-116.20526,33.38537],[-116.22802,33.4031],[-116.27019,33.42097],[-116.30842,33.42764],[-116.35454,33.43764],[-116.43888,33.43486],[-116.48106,33.44285],[-116.52323,33.43634],[-116.52637,33.42764],[-116.4957,33.38537],[-116.47476,33.34309],[-116.43967,33.30081],[-116.4363,33.25854],[-116.43671,33.21626],[-116.42393,33.17398],[-116.43888,33.16443],[-116.48106,33.15365],[-116.52323,33.14631],[-116.52994,33.13171],[-116.53214,33.08943],[-116.52323,33.07611],[-116.48106,33.05331],[-116.46484,33.04715],[-116.45932,33.00488],[-116.45068,32.9626],[-116.40738,32.92033],[-116.35454,32.88522],[-116.34109,32.87805],[-116.31237,32.85516],[-116.29334,32.83577],[-116.27019,32.80392],[-116.24425,32.75122],[-116.21432,32.70894],[-116.20968,32.66667],[-116.21801,32.62439],[-116.21691,32.58211],[-116.18585,32.55482],[-116.14367,32.55603],[-116.1261,32.58211],[-116.11269,32.62439],[-116.1015,32.6315],[-116.05933,32.62797],[-116.05572,32.62439],[-116.03247,32.58211],[-116.01716,32.55943],[-116.0065,32.53984],[-115.97498,32.49935],[-115.93281,32.49402],[-115.89064,32.47137],[-115.87953,32.45528],[-115.86293,32.41301],[-115.85471,32.37073],[-115.85311,32.32846],[-115.86545,32.2439],[-115.84846,32.22548],[-115.82967,32.20163],[-115.80523,32.15935],[-115.78614,32.11707],[-115.77189,32.0748],[-115.76098,32.03252],[-115.75278,31.99024],[-115.75099,31.94797],[-115.74418,31.90569],[-115.72668,31.86341],[-115.72194,31.85867],[-115.67977,31.83058],[-115.668,31.82114],[-115.64334,31.77886],[-115.62664,31.73659],[-115.63829,31.69431],[-115.63399,31.65203],[-115.59543,31.6343],[-115.55325,31.61082],[-115.51108,31.57746],[-115.5018,31.56748],[-115.47586,31.5252],[-115.46891,31.50326],[-115.45545,31.48293],[-115.44597,31.44065],[-115.41968,31.39837],[-115.42241,31.3561],[-115.45497,31.31382],[-115.4556,31.27154],[-115.44947,31.22927],[-115.45254,31.18699],[-115.42954,31.14472],[-115.38456,31.08489],[-115.35564,31.06016],[-115.30021,31.02716],[-115.29027,31.01789],[-115.25827,30.97561],[-115.2581,30.89106],[-115.24742,30.84878],[-115.2282,30.8065],[-115.19981,30.76423],[-115.18759,30.72195],[-115.18675,30.67967],[-115.20424,30.6374],[-115.15365,30.59512],[-115.13152,30.54538],[-115.10775,30.51057],[-115.08935,30.47582],[-115.08413,30.46829],[-115.04718,30.43641],[-115.01797,30.42602],[-115.005,30.41354],[-114.98909,30.38374],[-114.97829,30.34146],[-115.005,30.29944],[-115.04718,30.309],[-115.08935,30.31416],[-115.13152,30.32421],[-115.1771,30.34146],[-115.21587,30.37335],[-115.249,30.42602],[-115.25804,30.44417],[-115.30021,30.48247],[-115.31907,30.51057],[-115.34239,30.52457],[-115.38456,30.55356],[-115.42673,30.55598],[-115.46891,30.58936],[-115.46955,30.59512],[-115.46545,30.6374],[-115.51108,30.66277],[-115.55325,30.66464],[-115.59264,30.67967],[-115.59543,30.6833],[-115.61088,30.72195],[-115.59543,30.73495],[-115.55325,30.75194],[-115.54642,30.76423],[-115.57421,30.8065],[-115.59543,30.82546],[-115.62607,30.84878],[-115.6376,30.8842],[-115.67977,30.90584],[-115.68822,30.93333],[-115.68302,30.97561],[-115.69734,31.01789],[-115.72194,31.0564],[-115.72561,31.06016],[-115.71591,31.10244],[-115.72194,31.11735],[-115.74234,31.14472],[-115.76412,31.15895],[-115.7884,31.18699],[-115.80629,31.21549],[-115.82219,31.22927],[-115.80629,31.25994],[-115.79565,31.27154],[-115.76412,31.28294],[-115.72194,31.28044],[-115.67977,31.27189],[-115.6376,31.29948],[-115.62752,31.31382],[-115.6016,31.3561],[-115.6376,31.37997],[-115.67977,31.429],[-115.72194,31.42695],[-115.76412,31.41331],[-115.80629,31.40384],[-115.84846,31.40664],[-115.90567,31.44065],[-115.93281,31.45333],[-115.97498,31.4706],[-116.01716,31.48197],[-116.05933,31.46891],[-116.1015,31.47488],[-116.128,31.48293],[-116.16839,31.5252],[-116.14844,31.56748],[-116.18585,31.59969],[-116.22802,31.60807],[-116.22802,31.61045],[-116.18585,31.62934],[-116.14367,31.65552],[-116.1015,31.67837],[-116.08611,31.69431],[-116.0855,31.73659],[-116.09704,31.77886],[-116.08177,31.82114],[-116.08828,31.86341],[-116.11052,31.90569],[-116.11857,31.94797],[-116.14277,31.99024],[-116.18585,32.00935],[-116.22224,32.03252],[-116.22802,32.03769],[-116.27019,32.06372],[-116.31237,32.06759],[-116.3183,32.0748],[-116.31237,32.09068],[-116.28188,32.11707],[-116.31105,32.15935],[-116.33283,32.20163],[-116.33938,32.2439],[-116.3234,32.28618],[-116.31237,32.30699],[-116.29113,32.32846],[-116.30188,32.37073],[-116.29152,32.41301],[-116.30553,32.45528],[-116.30561,32.49756],[-116.31237,32.51692],[-116.32781,32.53984],[-116.35454,32.55454],[-116.38971,32.58211],[-116.3719,32.62439],[-116.39671,32.6618],[-116.43888,32.67862],[-116.48106,32.69345],[-116.52323,32.69266],[-116.5654,32.70345],[-116.57101,32.70894],[-116.59226,32.75122],[-116.60598,32.7935],[-116.62722,32.83577],[-116.62824,32.87805],[-116.63266,32.92033],[-116.64301,32.9626],[-116.64844,33.04715],[-116.6535,33.08943],[-116.69192,33.13885],[-116.7341,33.1655],[-116.74977,33.17398],[-116.7341,33.20086],[-116.69192,33.19359],[-116.65384,33.21626],[-116.64975,33.22023],[-116.6253,33.25854],[-116.64707,33.30081],[-116.64975,33.30342],[-116.69192,33.31355],[-116.70973,33.30081],[-116.76127,33.25854],[-116.77627,33.21883],[-116.81844,33.24957],[-116.82213,33.25854],[-116.86061,33.27442],[-116.88868,33.30081],[-116.90279,33.31125],[-116.93852,33.34309],[-116.94496,33.35693],[-116.9631,33.38537],[-116.94496,33.40594],[-116.90279,33.40434],[-116.86061,33.4005],[-116.81844,33.40096],[-116.77627,33.3842],[-116.76498,33.38537],[-116.77595,33.42764],[-116.78892,33.46992],[-116.79512,33.5122],[-116.82507,33.55447],[-116.84873,33.59675],[-116.83808,33.63902],[-116.81844,33.65198],[-116.79343,33.6813],[-116.7844,33.72358],[-116.80613,33.76585],[-116.81844,33.78474],[-116.84816,33.80813],[-116.87636,33.85041],[-116.86061,33.86677]]},"properties":{"elev":1000,"major":false}},{"type":"Feature","geometry":{"type":"LineString","coordinates":[[-113.36026,33.81427],[-113.31808,33.83227],[-113.27591,33.82582],[-113.26917,33.80813],[-113.27591,33.80215],[-113.31808,33.78125],[-113.36026,33.79537],[-113.36785,33.80813],[-113.36026,33.81427]]},"properties":{"elev":1000,"major":false}},{"type":"Feature","geometry":{"type":"LineString","coordinates":[[-115.76412,33.76807],[-115.72194,33.77011],[-115.71204,33.76585],[-115.70426,33.72358],[-115.72194,33.71566],[-115.76849,33.72358],[-115.77156,33.76585],[-115.76412,33.76807]]},"properties":{"elev":1000,"major":false}},{"type":"Feature","geometry":{"type":"LineString","coordinates":[[-117.53538,33.73048],[-117.5231,33.72358],[-117.53538,33.7172],[-117.54148,33.72358],[-117.53538,33.73048]]},"properties":{"elev":1000,"major":false}},{"type":"Feature","geometry":{"type":"LineString","coordinates":[[-123.77698,33.71039],[-123.73823,33.6813],[-123.77698,33.65222],[-123.806,33.6813],[-123.77698,33.71039]]},"properties":{"elev":1000,"major":false}},{"type":"Feature","geometry":{"type":"LineString","coordinates":[[-75.19371,33.71039],[-75.15496,33.6813],[-75.19371,33.65222],[-75.22272,33.6813],[-75.19371,33.71039]]},"properties":{"elev":1000,"major":false}},{"type":"Feature","geometry":{"type":"LineString","coordinates":[[-69.79557,33.71039],[-69.75682,33.6813],[-69.79557,33.65222],[-69.82458,33.6813],[-69.79557,33.71039]]},"properties":{"elev":1000,"major":false}},{"type":"Feature","geometry":{"type":"LineString","coordinates":[[-123.77698,33.24293],[-123.75038,33.21626],[-123.77698,33.18959],[-123.80358,33.21626],[-123.77698,33.24293]]},"properties":{"elev":1000,"major":false}},{"type":"Feature","geometry":{"type":"LineString","coordinates":[[-75.19371,33.24293],[-75.16711,33.21626],[-75.19371,33.18959],[-75.22031,33.21626],[-75.19371,33.24293]]},"properties":{"elev":1000,"major":false}},{"type":"Feature","geometry":{"type":"LineString","coordinates":[[-69.79557,33.24293],[-69.76897,33.21626],[-69.79557,33.18959],[-69.82217,33.21626],[-69.79557,33.24293]]},"properties":{"elev":1000,"major":false}},{"type":"Feature","geometry":{"type":"LineString","coordinates":[[-123.01787,33.20037],[-122.99155,33.17398],[-123.01787,33.1476],[-123.04419,33.17398],[-123.01787,33.20037]]},"properties":{"elev":1000,"major":false}},{"type":"Feature","geometry":{"type":"LineString","coordinates":[[-74.4346,33.20037],[-74.40828,33.17398],[-74.4346,33.1476],[-74.46092,33.17398],[-74.4346,33.20037]]},"properties":{"elev":1000,"major":false}},{"type":"Feature","geometry":{"type":"LineString","coordinates":[[-69.03645,33.20037],[-69.01013,33.17398],[-69.03645,33.1476],[-69.06277,33.17398],[-69.03645,33.20037]]},"properties":{"elev":1000,"major":false}},{"type":"Feature","geometry":{"type":"LineString","coordinates":[[-110.82988,33.10947],[-110.80656,33.08943],[-110.82988,33.08628],[-110.8351,33.08943],[-110.82988,33.10947]]},"properties":{"elev":1000,"major":false}},{"type":"Feature","geometry":{"type":"LineString","coordinates":[[-116.31237,33.05334],[-116.28422,33.04715],[-116.31237,33.02428],[-116.33569,33.04715],[-116.31237,33.05334]]},"properties":{"elev":1000,"major":false}},{"type":"Feature","geometry":{"type":"LineString","coordinates":[[-104.37741,32.586],[-104.3793,32.58211],[-104.37741,32.5704],[-104.37029,32.58211],[-104.37741,32.586]]},"properties":{"elev":1000,"major":false}},{"type":"Feature","geometry":{"type":"LineString","coordinates":[[-103.99786,32.60045],[-104.02019,32.58211],[-103.99786,32.56282],[-103.95568,32.56356],[-103.94385,32.58211],[-103.95568,32.62247],[-103.99786,32.60045]]},"properties":{"elev":1000,"major":false}},{"type":"Feature","geometry":{"type":"LineString","coordinates":[[-120.48749,32.40497],[-120.45334,32.37073],[-120.48749,32.3365],[-120.52164,32.37073],[-120.48749,32.40497]]},"properties":{"elev":1000,"major":false}},{"type":"Feature","geometry":{"type":"LineString","coordinates":[[-71.90422,32.40497],[-71.87007,32.37073],[-71.90422,32.3365],[-71.93837,32.37073],[-71.90422,32.40497]]},"properties":{"elev":1000,"major":false}},{"type":"Feature","geometry":{"type":"LineString","coordinates":[[-66.50608,32.40497],[-66.47193,32.37073],[-66.50608,32.3365],[-66.54023,32.37073],[-66.50608,32.40497]]},"properties":{"elev":1000,"major":false}},{"type":"Feature","geometry":{"type":"LineString","coordinates":[[-111.79986,32.13131],[-111.77296,32.11707],[-111.79986,32.08692],[-111.81912,32.11707],[-111.79986,32.13131]]},"properties":{"elev":1000,"major":false}},{"type":"Feature","geometry":{"type":"LineString","coordinates":[[-122.72266,32.09275],[-122.70475,32.0748],[-122.72266,32.05684],[-122.73904,32.0748],[-122.72266,32.09275]]},"properties":{"elev":1000,"major":false}},{"type":"Feature","geometry":{"type":"LineString","coordinates":[[-119.89707,32.0933],[-119.87861,32.0748],[-119.89707,32.0563],[-119.91552,32.0748],[-119.89707,32.0933]]},"properties":{"elev":1000,"major":false}},{"type":"Feature","geometry":{"type":"LineString","coordinates":[[-74.13939,32.09275],[-74.12148,32.0748],[-74.13939,32.05684],[-74.15577,32.0748],[-74.13939,32.09275]]},"properties":{"elev":1000,"major":false}},{"type":"Feature","geometry":{"type":"LineString","coordinates":[[-71.3138,32.0933],[-71.29534,32.0748],[-71.3138,32.0563],[-71.33225,32.0748],[-71.3138,32.0933]]},"properties":{"elev":1000,"major":false}},{"type":"Feature","geometry":{"type":"LineString","coordinates":[[-68.74124,32.09275],[-68.72333,32.0748],[-68.74124,32.05684],[-68.75762,32.0748],[-68.74124,32.09275]]},"properties":{"elev":1000,"major":false}},{"type":"Feature","geometry":{"type":"LineString","coordinates":[[-124.07219,32.06726],[-124.03754,32.03252],[-124.07219,31.99778],[-124.10685,32.03252],[-124.07219,32.06726]]},"properties":{"elev":1000,"major":false}},{"type":"Feature","geometry":{"type":"LineString","coordinates":[[-111.79986,32.05422],[-111.78728,32.03252],[-111.79986,32.01434],[-111.83441,32.03252],[-111.79986,32.05422]]},"properties":{"elev":1000,"major":false}},{"type":"Feature","geometry":{"type":"LineString","coordinates":[[-75.48892,32.06726],[-75.45427,32.03252],[-75.48892,31.99778],[-75.52357,32.03252],[-75.48892,32.06726]]},"properties":{"elev":1000,"major":false}},{"type":"Feature","geometry":{"type":"LineString","coordinates":[[-70.09078,32.06726],[-70.05613,32.03252],[-70.09078,31.99778],[-70.12543,32.03252],[-70.09078,32.06726]]},"properties":{"elev":1000,"major":false}},{"type":"Feature","geometry":{"type":"LineString","coordinates":[[-115.89064,31.53214],[-115.89574,31.5252],[-115.89945,31.48293],[-115.89064,31.46066],[-115.85327,31.5252],[-115.89064,31.53214]]},"properties":{"elev":1000,"major":false}},{"type":"Feature","geometry":{"type":"LineString","coordinates":[[-111.92638,31.28906],[-111.8842,31.27754],[-111.87687,31.27154],[-111.85672,31.22927],[-111.8842,31.20583],[-111.92638,31.19704],[-111.9463,31.22927],[-111.93973,31.27154],[-111.92638,31.28906]]},"properties":{"elev":1000,"major":false}},{"type":"Feature","geometry":{"type":"LineString","coordinates":[[-76.41673,31.16545],[-76.39605,31.14472],[-76.41673,31.12399],[-76.43741,31.14472],[-76.41673,31.16545]]},"properties":{"elev":1000,"major":false}},{"type":"Feature","geometry":{"type":"LineString","coordinates":[[-71.01858,31.16545],[-70.99791,31.14472],[-71.01858,31.12399],[-71.03926,31.14472],[-71.01858,31.16545]]},"properties":{"elev":1000,"major":false}},{"type":"Feature","geometry":{"type":"LineString","coordinates":[[-111.63117,31.1255],[-111.54682,31.08323],[-111.52471,31.06016],[-111.53533,31.01789],[-111.54682,31.0098],[-111.58899,30.99969],[-111.62233,31.01789],[-111.63117,31.0255],[-111.65506,31.06016],[-111.65456,31.10244],[-111.63117,31.1255]]},"properties":{"elev":1000,"major":false}},{"type":"Feature","geometry":{"type":"LineString","coordinates":[[-109.26948,31.07442],[-109.28128,31.06016],[-109.27972,31.01789],[-109.28937,30.93333],[-109.27941,30.89106],[-109.26199,30.84878],[-109.27408,30.8065],[-109.28878,30.76423],[-109.26948,30.73275],[-109.22572,30.76423],[-109.18513,30.79855],[-109.15959,30.8065],[-109.15603,30.84878],[-109.17429,30.89106],[-109.18513,30.91064],[-109.2014,30.93333],[-109.21743,30.97561],[-109.22731,31.02103],[-109.25931,31.06016],[-109.26948,31.07442]]},"properties":{"elev":1000,"major":false}},{"type":"Feature","geometry":{"type":"LineString","coordinates":[[-105.09435,30.72379],[-105.10266,30.72195],[-105.09435,30.68976],[-105.09182,30.72195],[-105.09435,30.72379]]},"properties":{"elev":1000,"major":false}},{"type":"Feature","geometry":{"type":"LineString","coordinates":[[-105.05218,30.68752],[-105.09094,30.67967],[-105.05218,30.66579],[-105.04124,30.67967],[-105.05218,30.68752]]},"properties":{"elev":1000,"major":false}},{"type":"Feature","geometry":{"type":"LineString","coordinates":[[-104.92566,30.60434],[-104.9313,30.59512],[-104.92566,30.58994],[-104.91029,30.59512],[-104.92566,30.60434]]},"properties":{"elev":1000,"major":false}},{"type":"Feature","geometry":{"type":"LineString","coordinates":[[-104.88349,30.56009],[-104.88551,30.55285],[-104.88349,30.5508],[-104.88043,30.55285],[-104.88349,30.56009]]},"properties":{"elev":1000,"major":false}},{"type":"Feature","geometry":{"type":"LineString","coordinates":[[-121.58399,30.54597],[-121.54867,30.51057],[-121.58399,30.47516],[-121.61931,30.51057],[-121.58399,30.54597]]},"properties":{"elev":1000,"major":false}},{"type":"Feature","geometry":{"type":"LineString","coordinates":[[-104.84132,30.51073],[-104.85471,30.42602],[-104.85977,30.38374],[-104.84343,30.34146],[-104.84132,30.33946],[-104.79914,30.32828],[-104.76886,30.29919],[-104.75697,30.26322],[-104.72164,30.29919],[-104.7353,30.34146],[-104.78144,30.38374],[-104.82479,30.42602],[-104.82953,30.46829],[-104.84132,30.51073]]},"properties":{"elev":1000,"major":false}},{"type":"Feature","geometry":{"type":"LineString","coordinates":[[-73.00071,30.54597],[-72.9654,30.51057],[-73.00071,30.47516],[-73.03603,30.51057],[-73.00071,30.54597]]},"properties":{"elev":1000,"major":false}},{"type":"Feature","geometry":{"type":"LineString","coordinates":[[-67.60257,30.54597],[-67.56726,30.51057],[-67.60257,30.47516],[-67.63789,30.51057],[-67.60257,30.54597]]},"properties":{"elev":1000,"major":false}},{"type":"Feature","geometry":{"type":"LineString","coordinates":[[-110.02859,30.46948],[-110.05442,30.42602],[-110.07019,30.38374],[-110.02859,30.36879],[-109.9996,30.38374],[-109.98642,30.41646],[-109.97705,30.46829],[-109.98642,30.48437],[-110.02859,30.46948]]},"properties":{"elev":1000,"major":false}},{"type":"Feature","geometry":{"type":"LineString","coordinates":[[-110.57684,30.34421],[-110.5812,30.34146],[-110.57684,30.3394],[-110.56795,30.34146],[-110.57684,30.34421]]},"properties":{"elev":1000,"major":false}},{"type":"Feature","geometry":{"type":"LineString","coordinates":[[-111.67334,30.15007],[-111.66913,30.13008],[-111.67334,30.12757],[-111.67435,30.13008],[-111.67334,30.15007]]},"properties":{"elev":1000,"major":false}},{"type":"Feature","geometry":{"type":"LineString","coordinates":[[-111.63117,30.11336],[-111.61077,30.0878],[-111.59467,30.04553],[-111.63117,30.02591],[-111.64187,30.04553],[-111.65078,30.0878],[-111.63117,30.11336]]},"properties":{"elev":1000,"major":false}},{"type":"Feature","geometry":{"type":"LineString","coordinates":[[-111.37813,30.11055],[-111.36072,30.0878],[-111.37813,30.07399],[-111.40473,30.0878],[-111.37813,30.11055]]},"properties":{"elev":1000,"major":false}},{"type":"Feature","geometry":{"type":"LineString","coordinates":[[-110.74553,30.00711],[-110.74464,30.00325],[-110.70436,29.96098],[-110.74553,29.95414],[-110.75267,29.96098],[-110.74708,30.00325],[-110.74553,30.00711]]},"properties":{"elev":1000,"major":false}},{"type":"Feature","geometry":{"type":"LineString","coordinates":[[-109.35382,29.63184],[-109.31165,29.64272],[-109.2883,29.62276],[-109.2661,29.58049],[-109.29076,29.53821],[-109.31165,29.51882],[-109.35382,29.51405],[-109.37177,29.53821],[-109.38164,29.58049],[-109.36149,29.62276],[-109.35382,29.63184]]},"properties":{"elev":1000,"major":false}},{"type":"Feature","geometry":{"type":"LineString","coordinates":[[-104.92566,29.58411],[-104.93804,29.58049],[-104.96783,29.55941],[-104.97609,29.53821],[-104.94801,29.49593],[-104.92566,29.47243],[-104.91056,29.45366],[-104.91341,29.41138],[-104.92566,29.3825],[-104.9298,29.36911],[-104.95355,29.32683],[-104.96783,29.30652],[-105.01001,29.3001],[-105.02541,29.28455],[-105.01001,29.24246],[-104.96783,29.27467],[-104.88349,29.29702],[-104.85022,29.36911],[-104.85192,29.41138],[-104.86861,29.49593],[-104.84132,29.51964],[-104.82549,29.53821],[-104.82763,29.58049],[-104.84132,29.60099],[-104.88349,29.58878],[-104.92566,29.58411]]},"properties":{"elev":1000,"major":false}},{"type":"Feature","geometry":{"type":"LineString","coordinates":[[-102.64832,29.60688],[-102.60615,29.58674],[-102.56397,29.55409],[-102.54071,29.53821],[-102.53856,29.49593],[-102.56397,29.47657],[-102.60615,29.49216],[-102.67174,29.53821],[-102.66186,29.58049],[-102.64832,29.60688]]},"properties":{"elev":1000,"major":false}},{"type":"Feature","geometry":{"type":"LineString","coordinates":[[-103.02788,29.54078],[-102.9857,29.53769],[-102.94353,29.51747],[-102.92503,29.49593],[-102.91281,29.45366],[-102.91391,29.41138],[-102.91789,29.36911],[-102.91839,29.32683],[-102.93951,29.28455],[-102.94353,29.28107],[-102.9857,29.30355],[-103.02788,29.3418],[-103.05063,29.36911],[-103.05811,29.41138],[-103.06381,29.45366],[-103.07005,29.48447],[-103.07486,29.49593],[-103.07005,29.52958],[-103.06116,29.53821],[-103.02788,29.54078]]},"properties":{"elev":1000,"major":false}},{"type":"Feature","geometry":{"type":"LineString","coordinates":[[-109.73338,29.52461],[-109.71833,29.49593],[-109.73338,29.46907],[-109.74275,29.49593],[-109.73338,29.52461]]},"properties":{"elev":1000,"major":false}},{"type":"Feature","geometry":{"type":"LineString","coordinates":[[-102.31094,29.46735],[-102.3192,29.45366],[-102.31094,29.4438],[-102.29379,29.45366],[-102.31094,29.46735]]},"properties":{"elev":1000,"major":false}},{"type":"Feature","geometry":{"type":"LineString","coordinates":[[-110.11294,29.41614],[-110.10744,29.41138],[-110.0913,29.36911],[-110.11294,29.35788],[-110.12863,29.36911],[-110.12169,29.41138],[-110.11294,29.41614]]},"properties":{"elev":1000,"major":false}},{"type":"Feature","geometry":{"type":"LineString","coordinates":[[-109.396,29.45306],[-109.35382,29.40671],[-109.33224,29.36911],[-109.35382,29.3286],[-109.396,29.33571],[-109.43817,29.33599],[-109.4614,29.36911],[-109.436,29.41138],[-109.396,29.45306]]},"properties":{"elev":1000,"major":false}},{"type":"Feature","geometry":{"type":"LineString","coordinates":[[-114.0772,29.40777],[-114.03503,29.3737],[-114.03258,29.36911],[-114.02517,29.32683],[-114.01317,29.28455],[-114.02819,29.24228],[-114.03503,29.23703],[-114.04322,29.24228],[-114.0772,29.25795],[-114.10012,29.28455],[-114.1063,29.36911],[-114.0772,29.40777]]},"properties":{"elev":1000,"major":false}},{"type":"Feature","geometry":{"type":"LineString","coordinates":[[-109.48034,29.32213],[-109.45233,29.28455],[-109.43817,29.26872],[-109.42262,29.24228],[-109.43817,29.22886],[-109.48034,29.23092],[-109.49144,29.24228],[-109.49715,29.28455],[-109.48034,29.32213]]},"properties":{"elev":1000,"major":false}},{"type":"Feature","geometry":{"type":"LineString","coordinates":[[-109.18513,29.28569],[-109.17091,29.28455],[-109.18513,29.28237],[-109.18609,29.28455],[-109.18513,29.28569]]},"properties":{"elev":1000,"major":false}},{"type":"Feature","geometry":{"type":"LineString","coordinates":[[-109.90207,29.22681],[-109.8599,29.23367],[-109.84515,29.2],[-109.83825,29.15772],[-109.84125,29.11545],[-109.8599,29.08635],[-109.87975,29.11545],[-109.88805,29.15772],[-109.90207,29.17795],[-109.91246,29.2],[-109.90207,29.22681]]},"properties":{"elev":1000,"major":false}},{"type":"Feature","geometry":{"type":"LineString","coordinates":[[-110.19728,29.12103],[-110.15511,29.13022],[-110.14331,29.11545],[-110.14502,29.07317],[-110.15511,29.06243],[-110.19728,29.06383],[-110.21035,29.07317],[-110.20266,29.11545],[-110.19728,29.12103]]},"properties":{"elev":1000,"major":false}},{"type":"Feature","geometry":{"type":"LineString","coordinates":[[-105.09435,29.11602],[-105.09435,29.11186],[-105.09277,29.11545],[-105.09435,29.11602]]},"properties":{"elev":1000,"major":false}},{"type":"Feature","geometry":{"type":"LineString","coordinates":[[-103.6183,29.08903],[-103.57613,29.09001],[-103.53395,29.05164],[-103.52164,29.03089],[-103.51725,28.98862],[-103.53395,28.97727],[-103.55134,28.98862],[-103.57613,29.02507],[-103.58364,29.03089],[-103.6183,29.05508],[-103.65888,29.07317],[-103.6183,29.08903]]},"properties":{"elev":1000,"major":false}},{"type":"Feature","geometry":{"type":"LineString","coordinates":[[-109.73338,29.03352],[-109.7297,29.03089],[-109.73338,29.02497],[-109.74262,29.03089],[-109.73338,29.03352]]},"properties":{"elev":1000,"major":false}},{"type":"Feature","geometry":{"type":"LineString","coordinates":[[-109.56469,29.06755],[-109.52787,29.03089],[-109.48227,28.98862],[-109.49427,28.94634],[-109.48034,28.92085],[-109.47685,28.90407],[-109.44951,28.86179],[-109.43817,28.82608],[-109.43491,28.81951],[-109.43817,28.80994],[-109.48034,28.78609],[-109.50821,28.81951],[-109.52252,28.8492],[-109.52512,28.86179],[-109.52291,28.90407],[-109.53094,28.94634],[-109.56469,28.9726],[-109.57781,28.98862],[-109.59704,29.03089],[-109.56469,29.06755]]},"properties":{"elev":1000,"major":false}},{"type":"Feature","geometry":{"type":"LineString","coordinates":[[-108.72123,29.06285],[-108.75005,29.03089],[-108.77749,28.94634],[-108.7634,28.90638],[-108.76107,28.90407],[-108.72123,28.88631],[-108.67906,28.861],[-108.6755,28.90407],[-108.66846,28.94634],[-108.67906,28.99211],[-108.70114,29.03089],[-108.72123,29.06285]]},"properties":{"elev":1000,"major":false}},{"type":"Feature","geometry":{"type":"LineString","coordinates":[[-113.6133,28.86754],[-113.60834,28.86179],[-113.60155,28.81951],[-113.60906,28.77724],[-113.6133,28.76661],[-113.61663,28.77724],[-113.63592,28.81951],[-113.6211,28.86179],[-113.6133,28.86754]]},"properties":{"elev":1000,"major":false}},{"type":"Feature","geometry":{"type":"LineString","coordinates":[[-109.31165,28.87937],[-109.26948,28.86619],[-109.26633,28.86179],[-109.25124,28.81951],[-109.2467,28.77724],[-109.22578,28.73496],[-109.18513,28.7011],[-109.17725,28.69268],[-109.15646,28.65041],[-109.16021,28.60813],[-109.16214,28.56585],[-109.18513,28.52801],[-109.22731,28.49452],[-109.25287,28.4813],[-109.26948,28.47719],[-109.31369,28.4813],[-109.31512,28.52358],[-109.32533,28.56585],[-109.35382,28.60574],[-109.36651,28.65041],[-109.3877,28.69268],[-109.396,28.701],[-109.4135,28.73496],[-109.396,28.75335],[-109.35382,28.75804],[-109.32842,28.77724],[-109.33369,28.81951],[-109.32719,28.86179],[-109.31165,28.87937]]},"properties":{"elev":1000,"major":false}},{"type":"Feature","geometry":{"type":"LineString","coordinates":[[-123.01787,28.77174],[-122.98118,28.73496],[-123.01787,28.69818],[-123.05456,28.73496],[-123.01787,28.77174]]},"properties":{"elev":1000,"major":false}},{"type":"Feature","geometry":{"type":"LineString","coordinates":[[-109.31165,28.73594],[-109.31165,28.73373],[-109.31081,28.73496],[-109.31165,28.73594]]},"properties":{"elev":1000,"major":false}},{"type":"Feature","geometry":{"type":"LineString","coordinates":[[-74.4346,28.77174],[-74.39791,28.73496],[-74.4346,28.69818],[-74.47128,28.73496],[-74.4346,28.77174]]},"properties":{"elev":1000,"major":false}},{"type":"Feature","geometry":{"type":"LineString","coordinates":[[-69.03645,28.77174],[-68.99977,28.73496],[-69.03645,28.69818],[-69.07314,28.73496],[-69.03645,28.77174]]},"properties":{"elev":1000,"major":false}},{"type":"Feature","geometry":{"type":"LineString","coordinates":[[-113.57112,28.71239],[-113.5676,28.69268],[-113.55695,28.65041],[-113.55573,28.60813],[-113.54974,28.56585],[-113.54747,28.52358],[-113.52895,28.45854],[-113.51236,28.43902],[-113.52895,28.41365],[-113.57112,28.39805],[-113.61263,28.43902],[-113.63603,28.4813],[-113.64999,28.52358],[-113.65547,28.52751],[-113.68776,28.56585],[-113.66506,28.60813],[-113.65547,28.61541],[-113.62127,28.65041],[-113.6133,28.66261],[-113.58109,28.69268],[-113.57112,28.71239]]},"properties":{"elev":1000,"major":false}},{"type":"Feature","geometry":{"type":"LineString","coordinates":[[-123.81916,28.64438],[-123.78482,28.60813],[-123.81916,28.57371],[-123.8535,28.60813],[-123.81916,28.64438]]},"properties":{"elev":1000,"major":false}},{"type":"Feature","geometry":{"type":"LineString","coordinates":[[-75.23588,28.64438],[-75.20154,28.60813],[-75.23588,28.57371],[-75.27022,28.60813],[-75.23588,28.64438]]},"properties":{"elev":1000,"major":false}},{"type":"Feature","geometry":{"type":"LineString","coordinates":[[-69.83774,28.64438],[-69.8034,28.60813],[-69.83774,28.57371],[-69.87208,28.60813],[-69.83774,28.64438]]},"properties":{"elev":1000,"major":false}},{"type":"Feature","geometry":{"type":"LineString","coordinates":[[-113.48678,28.4112],[-113.4446,28.41592],[-113.41296,28.39675],[-113.4446,28.3706],[-113.48678,28.38877],[-113.50979,28.39675],[-113.48678,28.4112]]},"properties":{"elev":1000,"major":false}},{"type":"Feature","geometry":{"type":"LineString","coordinates":[[-101.84703,28.35316],[-101.82636,28.3122],[-101.81492,28.26992],[-101.84703,28.23106],[-101.87541,28.26992],[-101.87568,28.3122],[-101.84703,28.35316]]},"properties":{"elev":1000,"major":false}},{"type":"Feature","geometry":{"type":"LineString","coordinates":[[-123.77698,28.299],[-123.73823,28.26992],[-123.77698,28.24083],[-123.806,28.26992],[-123.77698,28.299]]},"properties":{"elev":1000,"major":false}},{"type":"Feature","geometry":{"type":"LineString","coordinates":[[-91.38813,28.299],[-91.34938,28.26992],[-91.38813,28.24083],[-91.41715,28.26992],[-91.38813,28.299]]},"properties":{"elev":1000,"major":false}},{"type":"Feature","geometry":{"type":"LineString","coordinates":[[-75.19371,28.299],[-75.15496,28.26992],[-75.19371,28.24083],[-75.22272,28.26992],[-75.19371,28.299]]},"properties":{"elev":1000,"major":false}},{"type":"Feature","geometry":{"type":"LineString","coordinates":[[-69.79557,28.299],[-69.75682,28.26992],[-69.79557,28.24083],[-69.82458,28.26992],[-69.79557,28.299]]},"properties":{"elev":1000,"major":false}},{"type":"Feature","geometry":{"type":"LineString","coordinates":[[-108.51036,28.19459],[-108.52462,28.18537],[-108.52709,28.14309],[-108.52315,28.10081],[-108.51036,28.06475],[-108.50664,28.05854],[-108.51036,28.04573],[-108.55254,28.0315],[-108.57668,28.01626],[-108.59471,27.99722],[-108.60794,27.97398],[-108.59471,27.96468],[-108.55254,27.96009],[-108.51036,27.96723],[-108.50226,27.97398],[-108.48963,28.01626],[-108.46819,28.02419],[-108.42602,28.01187],[-108.42037,28.01626],[-108.42602,28.02303],[-108.44165,28.05854],[-108.46819,28.08653],[-108.48825,28.10081],[-108.50518,28.18537],[-108.51036,28.19459]]},"properties":{"elev":1000,"major":false}},{"type":"Feature","geometry":{"type":"LineString","coordinates":[[-109.14296,27.87806],[-109.12384,27.84715],[-109.14296,27.82663],[-109.15317,27.84715],[-109.14296,27.87806]]},"properties":{"elev":1000,"major":false}},{"type":"Feature","geometry":{"type":"LineString","coordinates":[[-123.77698,27.83154],[-123.75038,27.80488],[-123.77698,27.77821],[-123.80358,27.80488],[-123.77698,27.83154]]},"properties":{"elev":1000,"major":false}},{"type":"Feature","geometry":{"type":"LineString","coordinates":[[-91.38813,27.83154],[-91.36153,27.80488],[-91.38813,27.77821],[-91.41474,27.80488],[-91.38813,27.83154]]},"properties":{"elev":1000,"major":false}},{"type":"Feature","geometry":{"type":"LineString","coordinates":[[-75.19371,27.83154],[-75.16711,27.80488],[-75.19371,27.77821],[-75.22031,27.80488],[-75.19371,27.83154]]},"properties":{"elev":1000,"major":false}},{"type":"Feature","geometry":{"type":"LineString","coordinates":[[-69.79557,27.83154],[-69.76897,27.80488],[-69.79557,27.77821],[-69.82217,27.80488],[-69.79557,27.83154]]},"properties":{"elev":1000,"major":false}},{"type":"Feature","geometry":{"type":"LineString","coordinates":[[-123.01787,27.78899],[-122.99155,27.7626],[-123.01787,27.73622],[-123.04419,27.7626],[-123.01787,27.78899]]},"properties":{"elev":1000,"major":false}},{"type":"Feature","geometry":{"type":"LineString","coordinates":[[-90.62902,27.78899],[-90.6027,27.7626],[-90.62902,27.73622],[-90.65534,27.7626],[-90.62902,27.78899]]},"properties":{"elev":1000,"major":false}},{"type":"Feature","geometry":{"type":"LineString","coordinates":[[-74.4346,27.78899],[-74.40828,27.7626],[-74.4346,27.73622],[-74.46092,27.7626],[-74.4346,27.78899]]},"properties":{"elev":1000,"major":false}},{"type":"Feature","geometry":{"type":"LineString","coordinates":[[-69.03645,27.78899],[-69.01013,27.7626],[-69.03645,27.73622],[-69.06277,27.7626],[-69.03645,27.78899]]},"properties":{"elev":1000,"major":false}},{"type":"Feature","geometry":{"type":"LineString","coordinates":[[-101.50965,27.73501],[-101.5052,27.72033],[-101.50965,27.71314],[-101.51785,27.72033],[-101.50965,27.73501]]},"properties":{"elev":1000,"major":false}},{"type":"Feature","geometry":{"type":"LineString","coordinates":[[-113.02287,27.60866],[-113.00338,27.5935],[-113.02287,27.56577],[-113.04648,27.5935],[-113.02287,27.60866]]},"properties":{"elev":1000,"major":false}},{"type":"Feature","geometry":{"type":"LineString","coordinates":[[-107.87777,27.21624],[-107.88057,27.21301],[-107.89179,27.17073],[-107.87777,27.11758],[-107.87152,27.12846],[-107.87111,27.17073],[-107.87777,27.21624]]},"properties":{"elev":1000,"major":false}},{"type":"Feature","geometry":{"type":"LineString","coordinates":[[-112.55897,27.05831],[-112.5168,27.06075],[-112.47263,27.0439],[-112.46276,27.00163],[-112.43245,26.97579],[-112.41765,26.95935],[-112.40779,26.91707],[-112.41136,26.8748],[-112.3865,26.83252],[-112.38524,26.79024],[-112.39028,26.78184],[-112.43245,26.77658],[-112.47462,26.77605],[-112.50643,26.79024],[-112.5168,26.82215],[-112.51858,26.83252],[-112.47702,26.8748],[-112.47782,26.91707],[-112.50084,26.95935],[-112.5168,26.98156],[-112.55897,27.00502],[-112.57243,27.0439],[-112.55897,27.05831]]},"properties":{"elev":1000,"major":false}},{"type":"Feature","geometry":{"type":"LineString","coordinates":[[-100.87706,27.00749],[-100.87315,27.00163],[-100.87706,26.98876],[-100.88855,27.00163],[-100.87706,27.00749]]},"properties":{"elev":1000,"major":false}},{"type":"Feature","geometry":{"type":"LineString","coordinates":[[-120.48749,26.99358],[-120.45334,26.95935],[-120.48749,26.92512],[-120.52164,26.95935],[-120.48749,26.99358]]},"properties":{"elev":1000,"major":false}},{"type":"Feature","geometry":{"type":"LineString","coordinates":[[-88.09864,26.99358],[-88.06449,26.95935],[-88.09864,26.92512],[-88.13279,26.95935],[-88.09864,26.99358]]},"properties":{"elev":1000,"major":false}},{"type":"Feature","geometry":{"type":"LineString","coordinates":[[-71.90422,26.99358],[-71.87007,26.95935],[-71.90422,26.92512],[-71.93837,26.95935],[-71.90422,26.99358]]},"properties":{"elev":1000,"major":false}},{"type":"Feature","geometry":{"type":"LineString","coordinates":[[-66.50608,26.99358],[-66.47193,26.95935],[-66.50608,26.92512],[-66.54023,26.95935],[-66.50608,26.99358]]},"properties":{"elev":1000,"major":false}},{"type":"Feature","geometry":{"type":"LineString","coordinates":[[-101.34096,26.84907],[-101.29878,26.8644],[-101.25661,26.86312],[-101.21444,26.84308],[-101.20168,26.83252],[-101.15788,26.79024],[-101.10976,26.74797],[-101.08792,26.724],[-101.06771,26.70569],[-101.04575,26.67909],[-101.02705,26.66341],[-101.01287,26.62114],[-101.04575,26.58549],[-101.13009,26.59696],[-101.17227,26.5922],[-101.21444,26.58263],[-101.25661,26.58474],[-101.29451,26.62114],[-101.31378,26.70569],[-101.33937,26.74797],[-101.37122,26.79024],[-101.36383,26.83252],[-101.34096,26.84907]]},"properties":{"elev":1000,"major":false}},{"type":"Feature","geometry":{"type":"LineString","coordinates":[[-102.14224,26.72688],[-102.14764,26.70569],[-102.15549,26.66341],[-102.1421,26.62114],[-102.10007,26.60908],[-102.0579,26.60409],[-102.01573,26.58947],[-102.00973,26.62114],[-102.01573,26.62775],[-102.0579,26.66469],[-102.10007,26.67506],[-102.13831,26.70569],[-102.14224,26.72688]]},"properties":{"elev":1000,"major":false}},{"type":"Feature","geometry":{"type":"LineString","coordinates":[[-122.72266,26.68137],[-122.70475,26.66341],[-122.72266,26.64546],[-122.73904,26.66341],[-122.72266,26.68137]]},"properties":{"elev":1000,"major":false}},{"type":"Feature","geometry":{"type":"LineString","coordinates":[[-119.89707,26.68191],[-119.87861,26.66341],[-119.89707,26.64491],[-119.91552,26.66341],[-119.89707,26.68191]]},"properties":{"elev":1000,"major":false}},{"type":"Feature","geometry":{"type":"LineString","coordinates":[[-102.60615,26.67789],[-102.63252,26.66341],[-102.64832,26.63162],[-102.65113,26.62114],[-102.64832,26.61762],[-102.60615,26.59831],[-102.589,26.57886],[-102.56702,26.53659],[-102.59539,26.45203],[-102.5992,26.40976],[-102.60615,26.38971],[-102.64832,26.3902],[-102.6757,26.40976],[-102.69049,26.41854],[-102.72454,26.45203],[-102.73267,26.47373],[-102.7471,26.49431],[-102.77484,26.52816],[-102.81861,26.49431],[-102.83914,26.45203],[-102.84538,26.40976],[-102.83952,26.36748],[-102.79079,26.24065],[-102.77484,26.18869],[-102.74964,26.1561],[-102.73267,26.14508],[-102.69049,26.13745],[-102.64832,26.11234],[-102.64333,26.11382],[-102.6299,26.1561],[-102.62924,26.19837],[-102.60543,26.28293],[-102.60141,26.3252],[-102.56397,26.3639],[-102.5218,26.39031],[-102.50637,26.40976],[-102.4765,26.45203],[-102.44279,26.49431],[-102.39528,26.52466],[-102.37185,26.53659],[-102.35311,26.54541],[-102.31094,26.5565],[-102.26876,26.55566],[-102.22659,26.54227],[-102.18442,26.52079],[-102.14224,26.51874],[-102.14084,26.53659],[-102.16473,26.57886],[-102.14254,26.62114],[-102.18442,26.63067],[-102.31094,26.63948],[-102.35311,26.64998],[-102.37957,26.66341],[-102.43746,26.68031],[-102.47963,26.68957],[-102.5218,26.68956],[-102.56397,26.68663],[-102.60615,26.67789]]},"properties":{"elev":1000,"major":false}},{"type":"Feature","geometry":{"type":"LineString","coordinates":[[-90.33381,26.68137],[-90.3159,26.66341],[-90.33381,26.64546],[-90.35019,26.66341],[-90.33381,26.68137]]},"properties":{"elev":1000,"major":false}},{"type":"Feature","geometry":{"type":"LineString","coordinates":[[-87.50822,26.68191],[-87.48977,26.66341],[-87.50822,26.64491],[-87.52668,26.66341],[-87.50822,26.68191]]},"properties":{"elev":1000,"major":false}},{"type":"Feature","geometry":{"type":"LineString","coordinates":[[-74.13939,26.68137],[-74.12148,26.66341],[-74.13939,26.64546],[-74.15577,26.66341],[-74.13939,26.68137]]},"properties":{"elev":1000,"major":false}},{"type":"Feature","geometry":{"type":"LineString","coordinates":[[-71.3138,26.68191],[-71.29534,26.66341],[-71.3138,26.64491],[-71.33225,26.66341],[-71.3138,26.68191]]},"properties":{"elev":1000,"major":false}},{"type":"Feature","geometry":{"type":"LineString","coordinates":[[-68.74124,26.68137],[-68.72333,26.66341],[-68.74124,26.64546],[-68.75762,26.66341],[-68.74124,26.68137]]},"properties":{"elev":1000,"major":false}},{"type":"Feature","geometry":{"type":"LineString","coordinates":[[-124.07219,26.65588],[-124.03754,26.62114],[-124.07219,26.5864],[-124.10685,26.62114],[-124.07219,26.65588]]},"properties":{"elev":1000,"major":false}},{"type":"Feature","geometry":{"type":"LineString","coordinates":[[-91.68335,26.65588],[-91.64869,26.62114],[-91.68335,26.5864],[-91.718,26.62114],[-91.68335,26.65588]]},"properties":{"elev":1000,"major":false}},{"type":"Feature","geometry":{"type":"LineString","coordinates":[[-75.48892,26.65588],[-75.45427,26.62114],[-75.48892,26.5864],[-75.52357,26.62114],[-75.48892,26.65588]]},"properties":{"elev":1000,"major":false}},{"type":"Feature","geometry":{"type":"LineString","coordinates":[[-70.09078,26.65588],[-70.05613,26.62114],[-70.09078,26.5864],[-70.12543,26.62114],[-70.09078,26.65588]]},"properties":{"elev":1000,"major":false}},{"type":"Feature","geometry":{"type":"LineString","coordinates":[[-100.53967,26.4621],[-100.53031,26.45203],[-100.4975,26.44527],[-100.47824,26.40976],[-100.46393,26.36748],[-100.45533,26.35894],[-100.43268,26.3252],[-100.42388,26.28293],[-100.43051,26.24065],[-100.45533,26.22391],[-100.47116,26.24065],[-100.50138,26.28293],[-100.52137,26.3252],[-100.53243,26.36748],[-100.53917,26.40976],[-100.54139,26.45203],[-100.53967,26.4621]]},"properties":{"elev":1000,"major":false}},{"type":"Feature","geometry":{"type":"LineString","coordinates":[[-100.66619,26.3299],[-100.65311,26.3252],[-100.66619,26.30777],[-100.67255,26.3252],[-100.66619,26.3299]]},"properties":{"elev":1000,"major":false}},{"type":"Feature","geometry":{"type":"LineString","coordinates":[[-100.62402,26.3045],[-100.60542,26.28293],[-100.62402,26.27008],[-100.65013,26.28293],[-100.62402,26.3045]]},"properties":{"elev":1000,"major":false}},{"type":"Feature","geometry":{"type":"LineString","coordinates":[[-100.83488,26.18293],[-100.79271,26.1943],[-100.75054,26.1609],[-100.74698,26.1561],[-100.75054,26.14547],[-100.79271,26.12381],[-100.83488,26.14101],[-100.85265,26.1561],[-100.83488,26.18293]]},"properties":{"elev":1000,"major":false}},{"type":"Feature","geometry":{"type":"LineString","coordinates":[[-100.9614,26.14054],[-100.91923,26.15433],[-100.89624,26.11382],[-100.94066,26.07154],[-100.95293,26.02927],[-100.9614,26.02275],[-101.00357,26.01358],[-101.04,26.02927],[-101.04575,26.05734],[-101.05487,26.07154],[-101.04575,26.07542],[-100.9614,26.14054]]},"properties":{"elev":1000,"major":false}},{"type":"Feature","geometry":{"type":"LineString","coordinates":[[-100.62402,26.12406],[-100.58184,26.14662],[-100.53967,26.14127],[-100.50529,26.11382],[-100.4975,26.09505],[-100.47813,26.07154],[-100.4975,26.05123],[-100.53967,26.04986],[-100.58184,26.07422],[-100.63304,26.11382],[-100.62402,26.12406]]},"properties":{"elev":1000,"major":false}},{"type":"Feature","geometry":{"type":"LineString","coordinates":[[-99.94925,26.1236],[-99.94034,26.11382],[-99.90708,26.08564],[-99.89535,26.07154],[-99.89307,26.02927],[-99.90708,26.00099],[-99.92322,26.02927],[-99.94925,26.05779],[-99.95611,26.07154],[-99.96256,26.11382],[-99.94925,26.1236]]},"properties":{"elev":1000,"major":false}},{"type":"Feature","geometry":{"type":"LineString","coordinates":[[-107.203,25.99593],[-107.20645,25.98699],[-107.203,25.95475],[-107.20066,25.98699],[-107.203,25.99593]]},"properties":{"elev":1000,"major":false}},{"type":"Feature","geometry":{"type":"LineString","coordinates":[[-99.8649,25.99267],[-99.86187,25.98699],[-99.8649,25.98233],[-99.88121,25.98699],[-99.8649,25.99267]]},"properties":{"elev":1000,"major":false}},{"type":"Feature","geometry":{"type":"LineString","coordinates":[[-100.53967,25.91071],[-100.4975,25.92897],[-100.45533,25.90858],[-100.44531,25.90244],[-100.44185,25.86016],[-100.45533,25.84471],[-100.4975,25.82508],[-100.53967,25.83492],[-100.58184,25.82831],[-100.62402,25.83683],[-100.64205,25.86016],[-100.62402,25.87083],[-100.58184,25.88394],[-100.53967,25.91071]]},"properties":{"elev":1000,"major":false}},{"type":"Feature","geometry":{"type":"LineString","coordinates":[[-92.61115,25.75406],[-92.59047,25.73333],[-92.61115,25.7126],[-92.63183,25.73333],[-92.61115,25.75406]]},"properties":{"elev":1000,"major":false}},{"type":"Feature","geometry":{"type":"LineString","coordinates":[[-76.41673,25.75406],[-76.39605,25.73333],[-76.41673,25.7126],[-76.43741,25.73333],[-76.41673,25.75406]]},"properties":{"elev":1000,"major":false}},{"type":"Feature","geometry":{"type":"LineString","coordinates":[[-71.01858,25.75406],[-70.99791,25.73333],[-71.01858,25.7126],[-71.03926,25.73333],[-71.01858,25.75406]]},"properties":{"elev":1000,"major":false}},{"type":"Feature","geometry":{"type":"LineString","coordinates":[[-100.41315,25.69734],[-100.40661,25.69106],[-100.41315,25.68441],[-100.43288,25.69106],[-100.41315,25.69734]]},"properties":{"elev":1000,"major":false}},{"type":"Feature","geometry":{"type":"LineString","coordinates":[[-106.86562,25.31259],[-106.87197,25.31057],[-106.86562,25.30458],[-106.82345,25.30939],[-106.79995,25.31057],[-106.86562,25.31259]]},"properties":{"elev":1000,"major":false}},{"type":"Feature","geometry":{"type":"LineString","coordinates":[[-121.58399,25.13459],[-121.54867,25.09919],[-121.58399,25.06378],[-121.61931,25.09919],[-121.58399,25.13459]]},"properties":{"elev":1000,"major":false}},{"type":"Feature","geometry":{"type":"LineString","coordinates":[[-89.19514,25.13459],[-89.15982,25.09919],[-89.19514,25.06378],[-89.23046,25.09919],[-89.19514,25.13459]]},"properties":{"elev":1000,"major":false}},{"type":"Feature","geometry":{"type":"LineString","coordinates":[[-73.00071,25.13459],[-72.9654,25.09919],[-73.00071,25.06378],[-73.03603,25.09919],[-73.00071,25.13459]]},"properties":{"elev":1000,"major":false}},{"type":"Feature","geometry":{"type":"LineString","coordinates":[[-67.60257,25.13459],[-67.56726,25.09919],[-67.60257,25.06378],[-67.63789,25.09919],[-67.60257,25.13459]]},"properties":{"elev":1000,"major":false}},{"type":"Feature","geometry":{"type":"LineString","coordinates":[[-106.2752,24.84626],[-106.2752,24.84324],[-106.2724,24.84553],[-106.2752,24.84626]]},"properties":{"elev":1000,"major":false}},{"type":"Feature","geometry":{"type":"LineString","coordinates":[[-99.06362,24.55674],[-99.06227,24.54959],[-99.06362,24.54865],[-99.06499,24.54959],[-99.06362,24.55674]]},"properties":{"elev":1000,"major":false}},{"type":"Feature","geometry":{"type":"LineString","coordinates":[[-122.63573,50.0],[-122.68049,49.99479],[-122.68837,50.0]]},"properties":{"elev":2000,"major":true}},{"type":"Feature","geometry":{"type":"LineString","coordinates":[[-117.49077,50.0],[-117.49321,49.99187],[-117.53538,49.97465],[-117.55539,49.95772],[-117.53538,49.94201],[-117.51911,49.91545],[-117.53538,49.91004],[-117.57756,49.90884],[-117.61468,49.91545],[-117.61973,49.91912],[-117.64014,49.95772],[-117.60598,50.0]]},"properties":{"elev":2000,"major":true}},{"type":"Feature","geometry":{"type":"LineString","coordinates":[[-116.08745,50.0],[-116.092,49.95772],[-116.08532,49.91545],[-116.05933,49.89185],[-116.05056,49.91545],[-116.01716,49.94885],[-115.97498,49.93335],[-115.9631,49.91545],[-115.97,49.87317],[-115.97498,49.85492],[-115.99128,49.83089],[-116.01716,49.81711],[-116.06191,49.78862],[-116.1015,49.77214],[-116.14367,49.76461],[-116.1672,49.74634],[-116.16252,49.70407],[-116.18585,49.6972],[-116.22802,49.68045],[-116.27019,49.69818],[-116.27582,49.70407],[-116.26968,49.74634],[-116.2385,49.78862],[-116.22225,49.83089],[-116.24239,49.87317],[-116.27019,49.89973],[-116.31237,49.91269],[-116.32954,49.87317],[-116.31237,49.85237],[-116.29906,49.83089],[-116.31237,49.81754],[-116.35454,49.82048],[-116.37991,49.83089],[-116.39671,49.85238],[-116.40664,49.87317],[-116.41936,49.91545],[-116.43888,49.94467],[-116.45722,49.95772],[-116.48106,49.97837],[-116.51266,49.95772],[-116.51267,49.91545],[-116.51462,49.87317],[-116.52323,49.84853],[-116.53393,49.87317],[-116.54863,49.91545],[-116.5654,49.92205],[-116.58098,49.91545],[-116.60758,49.89923],[-116.62748,49.87317],[-116.64975,49.83049],[-116.69192,49.81266],[-116.70859,49.83089],[-116.70574,49.87317],[-116.70111,49.91545],[-116.69192,49.93362],[-116.66376,49.95772],[-116.69192,49.96512],[-116.7341,49.97889],[-116.7576,50.0]]},"properties":{"elev":2000,"major":true}},{"type":"Feature","geometry":{"type":"LineString","coordinates":[[-115.17164,50.0],[-115.1881,49.95772],[-115.19903,49.91545],[-115.21587,49.90651],[-115.22405,49.91545],[-115.25804,49.9365],[-115.30021,49.93346],[-115.31854,49.91545],[-115.30223,49.87317],[-115.33267,49.83089],[-115.34239,49.82418],[-115.38456,49.81374],[-115.42221,49.78862],[-115.39835,49.74634],[-115.42673,49.72605],[-115.45253,49.74634],[-115.43952,49.78862],[-115.46891,49.81112],[-115.51108,49.82357],[-115.55325,49.84453],[-115.5662,49.87317],[-115.56347,49.91545],[-115.55325,49.95489],[-115.51108,49.94206],[-115.48913,49.91545],[-115.46891,49.8825],[-115.42673,49.89299],[-115.40573,49.91545],[-115.38941,49.95772],[-115.40091,50.0]]},"properties":{"elev":2000,"major":true}},{"type":"Feature","geometry":{"type":"LineString","coordinates":[[-114.98486,50.0],[-114.98007,49.95772],[-115.005,49.93403],[-115.04718,49.92656],[-115.07798,49.95772],[-115.06936,50.0]]},"properties":{"elev":2000,"major":true}},{"type":"Feature","geometry":{"type":"LineString","coordinates":[[-114.58755,50.0],[-114.58327,49.98522],[-114.56694,49.95772],[-114.62545,49.92541],[-114.63925,49.91545],[-114.6175,49.87317],[-114.60329,49.83089],[-114.60131,49.78862],[-114.60103,49.74634],[-114.62545,49.73605],[-114.63394,49.74634],[-114.65004,49.78862],[-114.66331,49.83089],[-114.70107,49.87317],[-114.69356,49.91545],[-114.69923,49.95772],[-114.70979,49.98816],[-114.75197,49.99073],[-114.7934,50.0]]},"properties":{"elev":2000,"major":true}},{"type":"Feature","geometry":{"type":"LineString","coordinates":[[-66.56148,39.03714],[-66.56134,39.00813],[-66.59042,38.97898],[-66.6195,39.00813]]},"properties":{"elev":2000,"major":true}},{"type":"Feature","geometry":{"type":"LineString","coordinates":[[-66.47343,39.04085],[-66.47343,39.00813],[-66.50608,38.97541],[-66.53872,39.00813],[-66.53861,39.04074]]},"properties":{"elev":2000,"major":true}},{"type":"Feature","geometry":{"type":"LineString","coordinates":[[-70.44292,38.99334],[-70.44292,39.00813],[-70.42816,39.02292],[-70.41341,39.00813]]},"properties":{"elev":2000,"major":true}},{"type":"Feature","geometry":{"type":"LineString","coordinates":[[-66.06811,37.88294],[-66.06811,37.86667],[-66.08435,37.85039],[-66.10058,37.86667]]},"properties":{"elev":2000,"major":true}},{"type":"Feature","geometry":{"type":"LineString","coordinates":[[-68.25285,37.63073],[-68.23517,37.63073],[-68.21751,37.61301],[-68.23517,37.59529],[-68.25285,37.59529]]},"properties":{"elev":2000,"major":true}},{"type":"Feature","geometry":{"type":"LineString","coordinates":[[-70.86435,36.66843],[-70.86435,36.64065],[-70.89207,36.61287],[-70.91978,36.61287]]},"properties":{"elev":2000,"major":true}},{"type":"Feature","geometry":{"type":"LineString","coordinates":[[-67.89778,36.62103],[-67.91736,36.64065],[-67.89778,36.66027],[-67.87821,36.66027]]},"properties":{"elev":2000,"major":true}},{"type":"Feature","geometry":{"type":"LineString","coordinates":[[-67.25049,36.58363],[-67.22302,36.58363],[-67.19555,36.5561],[-67.22302,36.52856],[-67.25049,36.52856]]},"properties":{"elev":2000,"major":true}},{"type":"Feature","geometry":{"type":"LineString","coordinates":[[-66.243,36.37693],[-66.21086,36.37693],[-66.17873,36.34472],[-66.17873,36.3125]]},"properties":{"elev":2000,"major":true}},{"type":"Feature","geometry":{"type":"LineString","coordinates":[[-70.33307,36.31321],[-70.33307,36.34472],[-70.30164,36.37622],[-70.27022,36.34472]]},"properties":{"elev":2000,"major":true}},{"type":"Feature","geometry":{"type":"LineString","coordinates":[[-70.61889,36.15542],[-70.63903,36.15542],[-70.65916,36.17561],[-70.63903,36.1958]]},"properties":{"elev":2000,"major":true}},{"type":"Feature","geometry":{"type":"LineString","coordinates":[[-69.33167,36.11106],[-69.31171,36.09106],[-69.33167,36.07105],[-69.35162,36.07105]]},"properties":{"elev":2000,"major":true}},{"type":"Feature","geometry":{"type":"LineString","coordinates":[[-69.14473,36.11505],[-69.16297,36.11505],[-69.18121,36.13333],[-69.18121,36.15162]]},"properties":{"elev":2000,"major":true}},{"type":"Feature","geometry":{"type":"LineString","coordinates":[[-66.81422,36.12037],[-66.81422,36.13333],[-66.80129,36.14629],[-66.78836,36.14629]]},"properties":{"elev":2000,"major":true}},{"type":"Feature","geometry":{"type":"LineString","coordinates":[[-70.62862,35.97466],[-70.62862,36.0065],[-70.59685,36.03835],[-70.56509,36.03835]]},"properties":{"elev":2000,"major":true}},{"type":"Feature","geometry":{"type":"LineString","coordinates":[[-67.11859,35.7307],[-67.11859,35.75285],[-67.0965,35.77499],[-67.0744,35.75285]]},"properties":{"elev":2000,"major":true}},{"type":"Feature","geometry":{"type":"LineString","coordinates":[[-70.70627,35.47405],[-70.70627,35.45691],[-70.66434,35.41463],[-70.66434,35.39773]]},"properties":{"elev":2000,"major":true}},{"type":"Feature","geometry":{"type":"LineString","coordinates":[[-69.63895,34.9617],[-69.66905,34.9617],[-69.69915,34.99187],[-69.69915,35.02204]]},"properties":{"elev":2000,"major":true}},{"type":"Feature","geometry":{"type":"LineString","coordinates":[[-70.10258,34.93776],[-70.10258,34.90732],[-70.13295,34.87688],[-70.16332,34.87688]]},"properties":{"elev":2000,"major":true}},{"type":"Feature","geometry":{"type":"LineString","coordinates":[[-70.56883,34.87923],[-70.59685,34.87923],[-70.62488,34.90732],[-70.59685,34.93541]]},"properties":{"elev":2000,"major":true}},{"type":"Feature","geometry":{"type":"LineString","coordinates":[[-120.54289,33.62576],[-120.54276,33.59675],[-120.57184,33.5676],[-120.60091,33.59675]]},"properties":{"elev":2000,"major":true}},{"type":"Feature","geometry":{"type":"LineString","coordinates":[[-120.45485,33.62947],[-120.45485,33.59675],[-120.48749,33.56403],[-120.52013,33.59675],[-120.52002,33.62936]]},"properties":{"elev":2000,"major":true}},{"type":"Feature","geometry":{"type":"LineString","coordinates":[[-71.95962,33.62576],[-71.95949,33.59675],[-71.98856,33.5676],[-72.01764,33.59675]]},"properties":{"elev":2000,"major":true}},{"type":"Feature","geometry":{"type":"LineString","coordinates":[[-71.87158,33.62947],[-71.87158,33.59675],[-71.90422,33.56403],[-71.93686,33.59675],[-71.93675,33.62936]]},"properties":{"elev":2000,"major":true}},{"type":"Feature","geometry":{"type":"LineString","coordinates":[[-66.56148,33.62576],[-66.56134,33.59675],[-66.59042,33.5676],[-66.6195,33.59675]]},"properties":{"elev":2000,"major":true}},{"type":"Feature","geometry":{"type":"LineString","coordinates":[[-66.47343,33.62947],[-66.47343,33.59675],[-66.50608,33.56403],[-66.53872,33.59675],[-66.53861,33.62936]]},"properties":{"elev":2000,"major":true}},{"type":"Feature","geometry":{"type":"LineString","coordinates":[[-124.42433,33.58196],[-124.42433,33.59675],[-124.40958,33.61154],[-124.39482,33.59675]]},"properties":{"elev":2000,"major":true}},{"type":"Feature","geometry":{"type":"LineString","coordinates":[[-75.84106,33.58196],[-75.84106,33.59675],[-75.8263,33.61154],[-75.81155,33.59675]]},"properties":{"elev":2000,"major":true}},{"type":"Feature","geometry":{"type":"LineString","coordinates":[[-70.44292,33.58196],[-70.44292,33.59675],[-70.42816,33.61154],[-70.41341,33.59675]]},"properties":{"elev":2000,"major":true}},{"type":"Feature","geometry":{"type":"LineString","coordinates":[[-119.66205,32.98067],[-119.6862,32.98067],[-119.71036,33.00488],[-119.6862,33.0291],[-119.66205,33.02909]]},"properties":{"elev":2000,"major":true}},{"type":"Feature","geometry":{"type":"LineString","coordinates":[[-71.07878,32.98067],[-71.10293,32.98067],[-71.12708,33.00488],[-71.10293,33.0291],[-71.07878,33.02909]]},"properties":{"elev":2000,"major":true}},{"type":"Feature","geometry":{"type":"LineString","coordinates":[[-120.04952,32.47156],[-120.04952,32.45528],[-120.06576,32.43901],[-120.082,32.45528]]},"properties":{"elev":2000,"major":true}},{"type":"Feature","geometry":{"type":"LineString","coordinates":[[-71.46625,32.47156],[-71.46625,32.45528],[-71.48249,32.43901],[-71.49873,32.45528]]},"properties":{"elev":2000,"major":true}},{"type":"Feature","geometry":{"type":"LineString","coordinates":[[-66.06811,32.47156],[-66.06811,32.45528],[-66.08435,32.43901],[-66.10058,32.45528]]},"properties":{"elev":2000,"major":true}},{"type":"Feature","geometry":{"type":"LineString","coordinates":[[-122.23426,32.21935],[-122.21658,32.21935],[-122.19892,32.20163],[-122.21658,32.1839],[-122.23426,32.1839]]},"properties":{"elev":2000,"major":true}},{"type":"Feature","geometry":{"type":"LineString","coordinates":[[-73.65099,32.21935],[-73.63331,32.21935],[-73.61565,32.20163],[-73.63331,32.1839],[-73.65099,32.1839]]},"properties":{"elev":2000,"major":true}},{"type":"Feature","geometry":{"type":"LineString","coordinates":[[-68.25285,32.21935],[-68.23517,32.21935],[-68.21751,32.20163],[-68.23517,32.1839],[-68.25285,32.1839]]},"properties":{"elev":2000,"major":true}},{"type":"Feature","geometry":{"type":"LineString","coordinates":[[-124.84577,31.25705],[-124.84577,31.22927],[-124.87348,31.20149],[-124.90119,31.20149]]},"properties":{"elev":2000,"major":true}},{"type":"Feature","geometry":{"type":"LineString","coordinates":[[-76.2625,31.25705],[-76.2625,31.22927],[-76.29021,31.20149],[-76.31792,31.20149]]},"properties":{"elev":2000,"major":true}},{"type":"Feature","geometry":{"type":"LineString","coordinates":[[-70.86435,31.25705],[-70.86435,31.22927],[-70.89207,31.20149],[-70.91978,31.20149]]},"properties":{"elev":2000,"major":true}},{"type":"Feature","geometry":{"type":"LineString","coordinates":[[-121.8792,31.20965],[-121.89877,31.22927],[-121.8792,31.24889],[-121.85963,31.24889]]},"properties":{"elev":2000,"major":true}},{"type":"Feature","geometry":{"type":"LineString","coordinates":[[-73.29593,31.20965],[-73.3155,31.22927],[-73.29593,31.24889],[-73.27635,31.24889]]},"properties":{"elev":2000,"major":true}},{"type":"Feature","geometry":{"type":"LineString","coordinates":[[-67.89778,31.20965],[-67.91736,31.22927],[-67.89778,31.24889],[-67.87821,31.24889]]},"properties":{"elev":2000,"major":true}},{"type":"Feature","geometry":{"type":"LineString","coordinates":[[-121.2319,31.17225],[-121.20443,31.17225],[-121.17696,31.14472],[-121.20443,31.11718],[-121.2319,31.11718]]},"properties":{"elev":2000,"major":true}},{"type":"Feature","geometry":{"type":"LineString","coordinates":[[-72.64863,31.17225],[-72.62116,31.17225],[-72.59369,31.14472],[-72.62116,31.11718],[-72.64863,31.11718]]},"properties":{"elev":2000,"major":true}},{"type":"Feature","geometry":{"type":"LineString","coordinates":[[-67.25049,31.17225],[-67.22302,31.17225],[-67.19555,31.14472],[-67.22302,31.11718],[-67.25049,31.11718]]},"properties":{"elev":2000,"major":true}},{"type":"Feature","geometry":{"type":"LineString","coordinates":[[-120.22441,30.96554],[-120.19228,30.96554],[-120.16015,30.93333],[-120.16015,30.90112]]},"properties":{"elev":2000,"major":true}},{"type":"Feature","geometry":{"type":"LineString","coordinates":[[-71.64114,30.96554],[-71.60901,30.96554],[-71.57687,30.93333],[-71.57687,30.90112]]},"properties":{"elev":2000,"major":true}},{"type":"Feature","geometry":{"type":"LineString","coordinates":[[-66.243,30.96554],[-66.21086,30.96554],[-66.17873,30.93333],[-66.17873,30.90112]]},"properties":{"elev":2000,"major":true}},{"type":"Feature","geometry":{"type":"LineString","coordinates":[[-124.31449,30.90183],[-124.31449,30.93333],[-124.28306,30.96484],[-124.25163,30.93333]]},"properties":{"elev":2000,"major":true}},{"type":"Feature","geometry":{"type":"LineString","coordinates":[[-75.73121,30.90183],[-75.73121,30.93333],[-75.69979,30.96484],[-75.66836,30.93333]]},"properties":{"elev":2000,"major":true}},{"type":"Feature","geometry":{"type":"LineString","coordinates":[[-70.33307,30.90183],[-70.33307,30.93333],[-70.30164,30.96484],[-70.27022,30.93333]]},"properties":{"elev":2000,"major":true}},{"type":"Feature","geometry":{"type":"LineString","coordinates":[[-124.6003,30.74404],[-124.62044,30.74404],[-124.64058,30.76423],[-124.62044,30.78442]]},"properties":{"elev":2000,"major":true}},{"type":"Feature","geometry":{"type":"LineString","coordinates":[[-76.01703,30.74404],[-76.03717,30.74404],[-76.0573,30.76423],[-76.03717,30.78442]]},"properties":{"elev":2000,"major":true}},{"type":"Feature","geometry":{"type":"LineString","coordinates":[[-70.61889,30.74404],[-70.63903,30.74404],[-70.65916,30.76423],[-70.63903,30.78442]]},"properties":{"elev":2000,"major":true}},{"type":"Feature","geometry":{"type":"LineString","coordinates":[[-123.31308,30.69968],[-123.29313,30.67967],[-123.31308,30.65967],[-123.33304,30.65967]]},"properties":{"elev":2000,"major":true}},{"type":"Feature","geometry":{"type":"LineString","coordinates":[[-123.12615,30.70367],[-123.14439,30.70367],[-123.16263,30.72195],[-123.16263,30.74024]]},"properties":{"elev":2000,"major":true}},{"type":"Feature","geometry":{"type":"LineString","coordinates":[[-120.79563,30.70899],[-120.79563,30.72195],[-120.7827,30.73491],[-120.76977,30.73491]]},"properties":{"elev":2000,"major":true}},{"type":"Feature","geometry":{"type":"LineString","coordinates":[[-74.72981,30.69968],[-74.70985,30.67967],[-74.72981,30.65967],[-74.74976,30.65967]]},"properties":{"elev":2000,"major":true}},{"type":"Feature","geometry":{"type":"LineString","coordinates":[[-74.54288,30.70367],[-74.56112,30.70367],[-74.57936,30.72195],[-74.57936,30.74024]]},"properties":{"elev":2000,"major":true}},{"type":"Feature","geometry":{"type":"LineString","coordinates":[[-72.21236,30.70899],[-72.21236,30.72195],[-72.19943,30.73491],[-72.1865,30.73491]]},"properties":{"elev":2000,"major":true}},{"type":"Feature","geometry":{"type":"LineString","coordinates":[[-69.33167,30.69968],[-69.31171,30.67967],[-69.33167,30.65967],[-69.35162,30.65967]]},"properties":{"elev":2000,"major":true}},{"type":"Feature","geometry":{"type":"LineString","coordinates":[[-69.14473,30.70367],[-69.16297,30.70367],[-69.18121,30.72195],[-69.18121,30.74024]]},"properties":{"elev":2000,"major":true}},{"type":"Feature","geometry":{"type":"LineString","coordinates":[[-66.81422,30.70899],[-66.81422,30.72195],[-66.80129,30.73491],[-66.78836,30.73491]]},"properties":{"elev":2000,"major":true}},{"type":"Feature","geometry":{"type":"LineString","coordinates":[[-124.61004,30.56328],[-124.61004,30.59512],[-124.57827,30.62697],[-124.5465,30.62697]]},"properties":{"elev":2000,"major":true}},{"type":"Feature","geometry":{"type":"LineString","coordinates":[[-76.02676,30.56328],[-76.02676,30.59512],[-75.995,30.62697],[-75.96323,30.62697]]},"properties":{"elev":2000,"major":true}},{"type":"Feature","geometry":{"type":"LineString","coordinates":[[-70.62862,30.56328],[-70.62862,30.59512],[-70.59685,30.62697],[-70.56509,30.62697]]},"properties":{"elev":2000,"major":true}},{"type":"Feature","geometry":{"type":"LineString","coordinates":[[-121.10001,30.31932],[-121.10001,30.34146],[-121.07791,30.36361],[-121.05582,30.34146]]},"properties":{"elev":2000,"major":true}},{"type":"Feature","geometry":{"type":"LineString","coordinates":[[-72.51673,30.31932],[-72.51673,30.34146],[-72.49464,30.36361],[-72.47255,30.34146]]},"properties":{"elev":2000,"major":true}},{"type":"Feature","geometry":{"type":"LineString","coordinates":[[-67.11859,30.31932],[-67.11859,30.34146],[-67.0965,30.36361],[-67.0744,30.34146]]},"properties":{"elev":2000,"major":true}},{"type":"Feature","geometry":{"type":"LineString","coordinates":[[-124.68769,30.06267],[-124.68769,30.04553],[-124.64575,30.00325],[-124.64575,29.98635]]},"properties":{"elev":2000,"major":true}},{"type":"Feature","geometry":{"type":"LineString","coordinates":[[-76.10441,30.06267],[-76.10441,30.04553],[-76.06248,30.00325],[-76.06248,29.98635]]},"properties":{"elev":2000,"major":true}},{"type":"Feature","geometry":{"type":"LineString","coordinates":[[-70.70627,30.06267],[-70.70627,30.04553],[-70.66434,30.00325],[-70.66434,29.98635]]},"properties":{"elev":2000,"major":true}},{"type":"Feature","geometry":{"type":"LineString","coordinates":[[-123.62037,29.55032],[-123.65046,29.55032],[-123.68056,29.58049],[-123.68056,29.61066]]},"properties":{"elev":2000,"major":true}},{"type":"Feature","geometry":{"type":"LineString","coordinates":[[-75.03709,29.55032],[-75.06719,29.55032],[-75.09729,29.58049],[-75.09729,29.61066]]},"properties":{"elev":2000,"major":true}},{"type":"Feature","geometry":{"type":"LineString","coordinates":[[-69.63895,29.55032],[-69.66905,29.55032],[-69.69915,29.58049],[-69.69915,29.61066]]},"properties":{"elev":2000,"major":true}},{"type":"Feature","geometry":{"type":"LineString","coordinates":[[-124.084,29.52638],[-124.084,29.49593],[-124.11437,29.46549],[-124.14473,29.46549]]},"properties":{"elev":2000,"major":true}},{"type":"Feature","geometry":{"type":"LineString","coordinates":[[-75.50073,29.52638],[-75.50073,29.49593],[-75.53109,29.46549],[-75.56146,29.46549]]},"properties":{"elev":2000,"major":true}},{"type":"Feature","geometry":{"type":"LineString","coordinates":[[-70.10258,29.52638],[-70.10258,29.49593],[-70.13295,29.46549],[-70.16332,29.46549]]},"properties":{"elev":2000,"major":true}},{"type":"Feature","geometry":{"type":"LineString","coordinates":[[-124.55025,29.46784],[-124.57827,29.46785],[-124.60629,29.49593],[-124.57827,29.52403]]},"properties":{"elev":2000,"major":true}},{"type":"Feature","geometry":{"type":"LineString","coordinates":[[-75.96697,29.46784],[-75.995,29.46785],[-76.02302,29.49593],[-75.995,29.52403]]},"properties":{"elev":2000,"major":true}},{"type":"Feature","geometry":{"type":"LineString","coordinates":[[-70.56883,29.46784],[-70.59685,29.46785],[-70.62488,29.49593],[-70.59685,29.52403]]},"properties":{"elev":2000,"major":true}},{"type":"Feature","geometry":{"type":"LineString","coordinates":[[-120.54289,28.21438],[-120.54276,28.18537],[-120.57184,28.15622],[-120.60091,28.18537]]},"properties":{"elev":2000,"major":true}},{"type":"Feature","geometry":{"type":"LineString","coordinates":[[-120.45485,28.21809],[-120.45485,28.18537],[-120.48749,28.15264],[-120.52013,28.18537],[-120.52002,28.21798]]},"properties":{"elev":2000,"major":true}},{"type":"Feature","geometry":{"type":"LineString","coordinates":[[-88.15405,28.21438],[-88.15391,28.18537],[-88.18299,28.15622],[-88.21206,28.18537]]},"properties":{"elev":2000,"major":true}},{"type":"Feature","geometry":{"type":"LineString","coordinates":[[-88.066,28.21809],[-88.066,28.18537],[-88.09864,28.15264],[-88.13128,28.18537],[-88.13117,28.21798]]},"properties":{"elev":2000,"major":true}},{"type":"Feature","geometry":{"type":"LineString","coordinates":[[-71.95962,28.21438],[-71.95949,28.18537],[-71.98856,28.15622],[-72.01764,28.18537]]},"properties":{"elev":2000,"major":true}},{"type":"Feature","geometry":{"type":"LineString","coordinates":[[-71.87158,28.21809],[-71.87158,28.18537],[-71.90422,28.15264],[-71.93686,28.18537],[-71.93675,28.21798]]},"properties":{"elev":2000,"major":true}},{"type":"Feature","geometry":{"type":"LineString","coordinates":[[-66.56148,28.21438],[-66.56134,28.18537],[-66.59042,28.15622],[-66.6195,28.18537]]},"properties":{"elev":2000,"major":true}},{"type":"Feature","geometry":{"type":"LineString","coordinates":[[-66.47343,28.21809],[-66.47343,28.18537],[-66.50608,28.15264],[-66.53872,28.18537],[-66.53861,28.21798]]},"properties":{"elev":2000,"major":true}},{"type":"Feature","geometry":{"type":"LineString","coordinates":[[-124.42433,28.17057],[-124.42433,28.18537],[-124.40958,28.20016],[-124.39482,28.18537]]},"properties":{"elev":2000,"major":true}},{"type":"Feature","geometry":{"type":"LineString","coordinates":[[-92.03548,28.17057],[-92.03548,28.18537],[-92.02073,28.20016],[-92.00597,28.18537]]},"properties":{"elev":2000,"major":true}},{"type":"Feature","geometry":{"type":"LineString","coordinates":[[-75.84106,28.17057],[-75.84106,28.18537],[-75.8263,28.20016],[-75.81155,28.18537]]},"properties":{"elev":2000,"major":true}},{"type":"Feature","geometry":{"type":"LineString","coordinates":[[-70.44292,28.17057],[-70.44292,28.18537],[-70.42816,28.20016],[-70.41341,28.18537]]},"properties":{"elev":2000,"major":true}},{"type":"Feature","geometry":{"type":"LineString","coordinates":[[-119.66205,27.56928],[-119.6862,27.56928],[-119.71036,27.5935],[-119.6862,27.61771],[-119.66205,27.61771]]},"properties":{"elev":2000,"major":true}},{"type":"Feature","geometry":{"type":"LineString","coordinates":[[-87.2732,27.56928],[-87.29736,27.56928],[-87.32151,27.5935],[-87.29736,27.61771],[-87.2732,27.61771]]},"properties":{"elev":2000,"major":true}},{"type":"Feature","geometry":{"type":"LineString","coordinates":[[-71.07878,27.56928],[-71.10293,27.56928],[-71.12708,27.5935],[-71.10293,27.61771],[-71.07878,27.61771]]},"properties":{"elev":2000,"major":true}},{"type":"Feature","geometry":{"type":"LineString","coordinates":[[-120.04952,27.06018],[-120.04952,27.0439],[-120.06576,27.02762],[-120.082,27.0439]]},"properties":{"elev":2000,"major":true}},{"type":"Feature","geometry":{"type":"LineString","coordinates":[[-87.66067,27.06018],[-87.66067,27.0439],[-87.67691,27.02762],[-87.69315,27.0439]]},"properties":{"elev":2000,"major":true}},{"type":"Feature","geometry":{"type":"LineString","coordinates":[[-71.46625,27.06018],[-71.46625,27.0439],[-71.48249,27.02762],[-71.49873,27.0439]]},"properties":{"elev":2000,"major":true}},{"type":"Feature","geometry":{"type":"LineString","coordinates":[[-66.06811,27.06018],[-66.06811,27.0439],[-66.08435,27.02762],[-66.10058,27.0439]]},"properties":{"elev":2000,"major":true}},{"type":"Feature","geometry":{"type":"LineString","coordinates":[[-122.23426,26.80797],[-122.21658,26.80797],[-122.19892,26.79024],[-122.21658,26.77252],[-122.23426,26.77252]]},"properties":{"elev":2000,"major":true}},{"type":"Feature","geometry":{"type":"LineString","coordinates":[[-89.84541,26.80797],[-89.82773,26.80797],[-89.81008,26.79024],[-89.82773,26.77252],[-89.84541,26.77252]]},"properties":{"elev":2000,"major":true}},{"type":"Feature","geometry":{"type":"LineString","coordinates":[[-73.65099,26.80797],[-73.63331,26.80797],[-73.61565,26.79024],[-73.63331,26.77252],[-73.65099,26.77252]]},"properties":{"elev":2000,"major":true}},{"type":"Feature","geometry":{"type":"LineString","coordinates":[[-68.25285,26.80797],[-68.23517,26.80797],[-68.21751,26.79024],[-68.23517,26.77252],[-68.25285,26.77252]]},"properties":{"elev":2000,"major":true}},{"type":"Feature","geometry":{"type":"LineString","coordinates":[[-124.84577,25.84567],[-124.84577,25.81789],[-124.87348,25.79011],[-124.90119,25.79011]]},"properties":{"elev":2000,"major":true}},{"type":"Feature","geometry":{"type":"LineString","coordinates":[[-92.45692,25.84567],[-92.45692,25.81789],[-92.48463,25.79011],[-92.51234,25.79011]]},"properties":{"elev":2000,"major":true}},{"type":"Feature","geometry":{"type":"LineString","coordinates":[[-76.2625,25.84567],[-76.2625,25.81789],[-76.29021,25.79011],[-76.31792,25.79011]]},"properties":{"elev":2000,"major":true}},{"type":"Feature","geometry":{"type":"LineString","coordinates":[[-70.86435,25.84567],[-70.86435,25.81789],[-70.89207,25.79011],[-70.91978,25.79011]]},"properties":{"elev":2000,"major":true}},{"type":"Feature","geometry":{"type":"LineString","coordinates":[[-121.8792,25.79827],[-121.89877,25.81789],[-121.8792,25.83751],[-121.85963,25.83751]]},"properties":{"elev":2000,"major":true}},{"type":"Feature","geometry":{"type":"LineString","coordinates":[[-89.49035,25.79827],[-89.50992,25.81789],[-89.49035,25.83751],[-89.47078,25.83751]]},"properties":{"elev":2000,"major":true}},{"type":"Feature","geometry":{"type":"LineString","coordinates":[[-73.29593,25.79827],[-73.3155,25.81789],[-73.29593,25.83751],[-73.27635,25.83751]]},"properties":{"elev":2000,"major":true}},{"type":"Feature","geometry":{"type":"LineString","coordinates":[[-67.89778,25.79827],[-67.91736,25.81789],[-67.89778,25.83751],[-67.87821,25.83751]]},"properties":{"elev":2000,"major":true}},{"type":"Feature","geometry":{"type":"LineString","coordinates":[[-121.2319,25.76087],[-121.20443,25.76087],[-121.17696,25.73333],[-121.20443,25.7058],[-121.2319,25.7058]]},"properties":{"elev":2000,"major":true}},{"type":"Feature","geometry":{"type":"LineString","coordinates":[[-88.84305,25.76087],[-88.81558,25.76087],[-88.78811,25.73333],[-88.81558,25.7058],[-88.84305,25.7058]]},"properties":{"elev":2000,"major":true}},{"type":"Feature","geometry":{"type":"LineString","coordinates":[[-72.64863,25.76087],[-72.62116,25.76087],[-72.59369,25.73333],[-72.62116,25.7058],[-72.64863,25.7058]]},"properties":{"elev":2000,"major":true}},{"type":"Feature","geometry":{"type":"LineString","coordinates":[[-67.25049,25.76087],[-67.22302,25.76087],[-67.19555,25.73333],[-67.22302,25.7058],[-67.25049,25.7058]]},"properties":{"elev":2000,"major":true}},{"type":"Feature","geometry":{"type":"LineString","coordinates":[[-120.22441,25.55416],[-120.19228,25.55416],[-120.16015,25.52195],[-120.16015,25.48974]]},"properties":{"elev":2000,"major":true}},{"type":"Feature","geometry":{"type":"LineString","coordinates":[[-87.83556,25.55416],[-87.80343,25.55416],[-87.7713,25.52195],[-87.7713,25.48974]]},"properties":{"elev":2000,"major":true}},{"type":"Feature","geometry":{"type":"LineString","coordinates":[[-71.64114,25.55416],[-71.60901,25.55416],[-71.57687,25.52195],[-71.57687,25.48974]]},"properties":{"elev":2000,"major":true}},{"type":"Feature","geometry":{"type":"LineString","coordinates":[[-66.243,25.55416],[-66.21086,25.55416],[-66.17873,25.52195],[-66.17873,25.48974]]},"properties":{"elev":2000,"major":true}},{"type":"Feature","geometry":{"type":"LineString","coordinates":[[-124.31449,25.49045],[-124.31449,25.52195],[-124.28306,25.55345],[-124.25163,25.52195]]},"properties":{"elev":2000,"major":true}},{"type":"Feature","geometry":{"type":"LineString","coordinates":[[-91.92564,25.49045],[-91.92564,25.52195],[-91.89421,25.55345],[-91.86278,25.52195]]},"properties":{"elev":2000,"major":true}},{"type":"Feature","geometry":{"type":"LineString","coordinates":[[-75.73121,25.49045],[-75.73121,25.52195],[-75.69979,25.55345],[-75.66836,25.52195]]},"properties":{"elev":2000,"major":true}},{"type":"Feature","geometry":{"type":"LineString","coordinates":[[-70.33307,25.49045],[-70.33307,25.52195],[-70.30164,25.55345],[-70.27022,25.52195]]},"properties":{"elev":2000,"major":true}},{"type":"Feature","geometry":{"type":"LineString","coordinates":[[-124.6003,25.33266],[-124.62044,25.33266],[-124.64058,25.35285],[-124.62044,25.37304]]},"properties":{"elev":2000,"major":true}},{"type":"Feature","geometry":{"type":"LineString","coordinates":[[-92.21145,25.33266],[-92.23159,25.33266],[-92.25173,25.35285],[-92.23159,25.37304]]},"properties":{"elev":2000,"major":true}},{"type":"Feature","geometry":{"type":"LineString","coordinates":[[-76.01703,25.33266],[-76.03717,25.33266],[-76.0573,25.35285],[-76.03717,25.37304]]},"properties":{"elev":2000,"major":true}},{"type":"Feature","geometry":{"type":"LineString","coordinates":[[-70.61889,25.33266],[-70.63903,25.33266],[-70.65916,25.35285],[-70.63903,25.37304]]},"properties":{"elev":2000,"major":true}},{"type":"Feature","geometry":{"type":"LineString","coordinates":[[-123.31308,25.2883],[-123.29313,25.26829],[-123.31308,25.24829],[-123.33304,25.24829]]},"properties":{"elev":2000,"major":true}},{"type":"Feature","geometry":{"type":"LineString","coordinates":[[-123.12615,25.29228],[-123.14439,25.29228],[-123.16263,25.31057],[-123.16263,25.32885]]},"properties":{"elev":2000,"major":true}},{"type":"Feature","geometry":{"type":"LineString","coordinates":[[-120.79563,25.29761],[-120.79563,25.31057],[-120.7827,25.32353],[-120.76977,25.32353]]},"properties":{"elev":2000,"major":true}},{"type":"Feature","geometry":{"type":"LineString","coordinates":[[-90.92423,25.2883],[-90.90428,25.26829],[-90.92423,25.24829],[-90.94419,25.24829]]},"properties":{"elev":2000,"major":true}},{"type":"Feature","geometry":{"type":"LineString","coordinates":[[-90.7373,25.29228],[-90.75554,25.29228],[-90.77378,25.31057],[-90.77378,25.32885]]},"properties":{"elev":2000,"major":true}},{"type":"Feature","geometry":{"type":"LineString","coordinates":[[-88.40678,25.29761],[-88.40678,25.31057],[-88.39385,25.32353],[-88.38092,25.32353]]},"properties":{"elev":2000,"major":true}},{"type":"Feature","geometry":{"type":"LineString","coordinates":[[-74.72981,25.2883],[-74.70985,25.26829],[-74.72981,25.24829],[-74.74976,25.24829]]},"properties":{"elev":2000,"major":true}},{"type":"Feature","geometry":{"type":"LineString","coordinates":[[-74.54288,25.29228],[-74.56112,25.29228],[-74.57936,25.31057],[-74.57936,25.32885]]},"properties":{"elev":2000,"major":true}},{"type":"Feature","geometry":{"type":"LineString","coordinates":[[-72.21236,25.29761],[-72.21236,25.31057],[-72.19943,25.32353],[-72.1865,25.32353]]},"properties":{"elev":2000,"major":true}},{"type":"Feature","geometry":{"type":"LineString","coordinates":[[-69.33167,25.2883],[-69.31171,25.26829],[-69.33167,25.24829],[-69.35162,25.24829]]},"properties":{"elev":2000,"major":true}},{"type":"Feature","geometry":{"type":"LineString","coordinates":[[-69.14473,25.29228],[-69.16297,25.29228],[-69.18121,25.31057],[-69.18121,25.32885]]},"properties":{"elev":2000,"major":true}},{"type":"Feature","geometry":{"type":"LineString","coordinates":[[-66.81422,25.29761],[-66.81422,25.31057],[-66.80129,25.32353],[-66.78836,25.32353]]},"properties":{"elev":2000,"major":true}},{"type":"Feature","geometry":{"type":"LineString","coordinates":[[-124.61004,25.1519],[-124.61004,25.18374],[-124.57827,25.21558],[-124.5465,25.21558]]},"properties":{"elev":2000,"major":true}},{"type":"Feature","geometry":{"type":"LineString","coordinates":[[-92.22119,25.1519],[-92.22119,25.18374],[-92.18942,25.21558],[-92.15766,25.21558]]},"properties":{"elev":2000,"major":true}},{"type":"Feature","geometry":{"type":"LineString","coordinates":[[-76.02676,25.1519],[-76.02676,25.18374],[-75.995,25.21558],[-75.96323,25.21558]]},"properties":{"elev":2000,"major":true}},{"type":"Feature","geometry":{"type":"LineString","coordinates":[[-70.62862,25.1519],[-70.62862,25.18374],[-70.59685,25.21558],[-70.56509,25.21558]]},"properties":{"elev":2000,"major":true}},{"type":"Feature","geometry":{"type":"LineString","coordinates":[[-121.10001,24.90793],[-121.10001,24.93008],[-121.07791,24.95223],[-121.05582,24.93008]]},"properties":{"elev":2000,"major":true}},{"type":"Feature","geometry":{"type":"LineString","coordinates":[[-88.71116,24.90793],[-88.71116,24.93008],[-88.68906,24.95223],[-88.66697,24.93008]]},"properties":{"elev":2000,"major":true}},{"type":"Feature","geometry":{"type":"LineString","coordinates":[[-72.51673,24.90793],[-72.51673,24.93008],[-72.49464,24.95223],[-72.47255,24.93008]]},"properties":{"elev":2000,"major":true}},{"type":"Feature","geometry":{"type":"LineString","coordinates":[[-67.11859,24.90793],[-67.11859,24.93008],[-67.0965,24.95223],[-67.0744,24.93008]]},"properties":{"elev":2000,"major":true}},{"type":"Feature","geometry":{"type":"LineString","coordinates":[[-124.68769,24.65129],[-124.68769,24.63415],[-124.64575,24.59187],[-124.64575,24.57497]]},"properties":{"elev":2000,"major":true}},{"type":"Feature","geometry":{"type":"LineString","coordinates":[[-92.29884,24.65129],[-92.29884,24.63415],[-92.25691,24.59187],[-92.25691,24.57497]]},"properties":{"elev":2000,"major":true}},{"type":"Feature","geometry":{"type":"LineString","coordinates":[[-76.10441,24.65129],[-76.10441,24.63415],[-76.06248,24.59187],[-76.06248,24.57497]]},"properties":{"elev":2000,"major":true}},{"type":"Feature","geometry":{"type":"LineString","coordinates":[[-70.70627,24.65129],[-70.70627,24.63415],[-70.66434,24.59187],[-70.66434,24.57497]]},"properties":{"elev":2000,"major":true}},{"type":"Feature","geometry":{"type":"LineString","coordinates":[[-123.62037,24.13893],[-123.65046,24.13893],[-123.68056,24.16911],[-123.68056,24.19928]]},"properties":{"elev":2000,"major":true}},{"type":"Feature","geometry":{"type":"LineString","coordinates":[[-91.23152,24.13893],[-91.26162,24.13893],[-91.29171,24.16911],[-91.29171,24.19928]]},"properties":{"elev":2000,"major":true}},{"type":"Feature","geometry":{"type":"LineString","coordinates":[[-75.03709,24.13893],[-75.06719,24.13893],[-75.09729,24.16911],[-75.09729,24.19928]]},"properties":{"elev":2000,"major":true}},{"type":"Feature","geometry":{"type":"LineString","coordinates":[[-69.63895,24.13893],[-69.66905,24.13893],[-69.69915,24.16911],[-69.69915,24.19928]]},"properties":{"elev":2000,"major":true}},{"type":"Feature","geometry":{"type":"LineString","coordinates":[[-124.084,24.11499],[-124.084,24.08455],[-124.11437,24.05411],[-124.14473,24.05411]]},"properties":{"elev":2000,"major":true}},{"type":"Feature","geometry":{"type":"LineString","coordinates":[[-91.69515,24.11499],[-91.69515,24.08455],[-91.72552,24.05411],[-91.75588,24.05411]]},"properties":{"elev":2000,"major":true}},{"type":"Feature","geometry":{"type":"LineString","coordinates":[[-75.50073,24.11499],[-75.50073,24.08455],[-75.53109,24.05411],[-75.56146,24.05411]]},"properties":{"elev":2000,"major":true}},{"type":"Feature","geometry":{"type":"LineString","coordinates":[[-70.10258,24.11499],[-70.10258,24.08455],[-70.13295,24.05411],[-70.16332,24.05411]]},"properties":{"elev":2000,"major":true}},{"type":"Feature","geometry":{"type":"LineString","coordinates":[[-124.55025,24.05646],[-124.57827,24.05647],[-124.60629,24.08455],[-124.57827,24.11264]]},"properties":{"elev":2000,"major":true}},{"type":"Feature","geometry":{"type":"LineString","coordinates":[[-92.1614,24.05646],[-92.18942,24.05647],[-92.21744,24.08455],[-92.18942,24.11264]]},"properties":{"elev":2000,"major":true}},{"type":"Feature","geometry":{"type":"LineString","coordinates":[[-75.96697,24.05646],[-75.995,24.05647],[-76.02302,24.08455],[-75.995,24.11264]]},"properties":{"elev":2000,"major":true}},{"type":"Feature","geometry":{"type":"LineString","coordinates":[[-70.56883,24.05646],[-70.59685,24.05647],[-70.62488,24.08455],[-70.59685,24.11264]]},"properties":{"elev":2000,"major":true}},{"type":"Feature","geometry":{"type":"LineString","coordinates":[[-105.81876,24.0],[-105.82415,24.04228],[-105.81129,24.05583],[-105.79441,24.08455],[-105.76912,24.11409],[-105.74783,24.12683],[-105.72695,24.14184],[-105.68477,24.14733],[-105.64261,24.16911],[-105.65422,24.21138],[-105.68477,24.22624],[-105.72695,24.20933],[-105.81129,24.23133],[-105.85347,24.22746],[-105.89564,24.25049],[-105.92076,24.21138],[-105.93781,24.18884],[-105.97999,24.18706],[-106.02216,24.19695],[-106.06433,24.15637],[-106.10523,24.16911],[-106.08581,24.21138],[-106.06855,24.25366],[-106.06851,24.29593],[-106.1065,24.33981],[-106.10703,24.33821],[-106.14868,24.30056],[-106.19085,24.3124],[-106.23276,24.33821],[-106.23139,24.38049],[-106.20204,24.42276],[-106.23302,24.45817],[-106.24244,24.46504],[-106.23302,24.47689],[-106.19085,24.4823],[-106.17277,24.46504],[-106.14868,24.44751],[-106.1065,24.44715],[-106.06433,24.46078],[-106.05812,24.46504],[-106.02216,24.47775],[-105.97999,24.48862],[-105.93781,24.47356],[-105.89564,24.48387],[-105.85347,24.49075],[-105.81129,24.50223],[-105.80449,24.50732],[-105.77844,24.54959],[-105.78177,24.59187],[-105.80878,24.63415],[-105.81129,24.64114],[-105.81423,24.63415],[-105.85347,24.60128],[-105.85736,24.59187],[-105.89564,24.55423],[-105.93781,24.5605],[-105.97999,24.58381],[-106.02216,24.58075],[-106.06433,24.55153],[-106.09743,24.59187],[-106.06433,24.61331],[-106.02216,24.59864],[-105.99656,24.63415],[-105.97999,24.66286],[-105.97402,24.67642],[-105.98126,24.7187],[-105.97208,24.76098],[-105.97999,24.76746],[-106.02216,24.77486],[-106.06433,24.76793],[-106.1065,24.74057],[-106.13155,24.7187],[-106.14868,24.71163],[-106.19619,24.67642],[-106.23302,24.66145],[-106.25538,24.67642],[-106.26673,24.7187],[-106.23302,24.74965],[-106.19085,24.75475],[-106.17258,24.76098],[-106.14868,24.76684],[-106.1065,24.7823],[-106.09083,24.80325],[-106.07285,24.84553],[-106.08378,24.8878],[-106.08948,24.93008],[-106.1065,24.94078],[-106.14868,24.95469],[-106.19085,24.95334],[-106.208,24.93008],[-106.23302,24.91131],[-106.27591,24.93008],[-106.31737,24.96512],[-106.31905,24.97236],[-106.35404,25.01463],[-106.35954,25.01923],[-106.40172,25.01311],[-106.44389,25.02428],[-106.48606,25.02401],[-106.50242,25.09919],[-106.52823,25.1569],[-106.54885,25.18374],[-106.57041,25.20117],[-106.61258,25.19668],[-106.65408,25.22602],[-106.59435,25.26829],[-106.57041,25.27697],[-106.48606,25.23198],[-106.44389,25.2055],[-106.40172,25.22242],[-106.36856,25.22602],[-106.40172,25.23135],[-106.44389,25.2577],[-106.45165,25.26829],[-106.44389,25.27876],[-106.40172,25.28395],[-106.36627,25.26829],[-106.35954,25.23326],[-106.31737,25.22628],[-106.29863,25.26829],[-106.31737,25.29815],[-106.33716,25.31057],[-106.35954,25.32176],[-106.38195,25.35285],[-106.40172,25.37535],[-106.41448,25.39512],[-106.42995,25.4374],[-106.44389,25.45128],[-106.48606,25.44112],[-106.4944,25.4374],[-106.52823,25.42985],[-106.54376,25.4374],[-106.52929,25.47967],[-106.57112,25.52195],[-106.57497,25.56423],[-106.57041,25.5699],[-106.53065,25.6065],[-106.49835,25.64878],[-106.48606,25.67307],[-106.4753,25.69106],[-106.48606,25.7016],[-106.52823,25.71381],[-106.57041,25.6744],[-106.59953,25.64878],[-106.61258,25.63915],[-106.65475,25.63333],[-106.67667,25.64878],[-106.69693,25.66712],[-106.7391,25.6504],[-106.7728,25.6065],[-106.78127,25.59295],[-106.80692,25.56423],[-106.78127,25.52284],[-106.7391,25.52378],[-106.72811,25.52195],[-106.71919,25.47967],[-106.7391,25.43369],[-106.76781,25.39512],[-106.78127,25.39079],[-106.8236,25.39512],[-106.86562,25.40254],[-106.90779,25.39088],[-106.94996,25.389],[-106.99338,25.39512],[-106.98566,25.4374],[-106.99214,25.45339],[-107.00029,25.47967],[-107.01865,25.52195],[-107.02904,25.56423],[-107.06823,25.6065],[-107.05669,25.64878],[-107.05002,25.69106],[-107.03431,25.70582],[-106.99214,25.69798],[-106.94996,25.68836],[-106.94124,25.69106],[-106.90779,25.72033],[-106.89894,25.73333],[-106.90779,25.74367],[-106.94996,25.76213],[-106.96362,25.77561],[-106.99214,25.80788],[-106.99923,25.81789],[-107.0228,25.86016],[-107.03431,25.87569],[-107.06258,25.90244],[-107.07648,25.91745],[-107.09377,25.94472],[-107.09675,25.98699],[-107.09782,26.02927],[-107.09455,26.07154],[-107.07935,26.11382],[-107.09538,26.1561],[-107.11866,26.18665],[-107.1313,26.19837],[-107.14431,26.24065],[-107.16083,26.26201],[-107.203,26.28768],[-107.23027,26.28293],[-107.24248,26.24065],[-107.24518,26.23831],[-107.28735,26.26909],[-107.32952,26.30817],[-107.34467,26.3252],[-107.35289,26.36748],[-107.37169,26.39756],[-107.37766,26.40976],[-107.41387,26.45173],[-107.42916,26.49431],[-107.41387,26.532],[-107.37169,26.50816],[-107.34181,26.53659],[-107.33137,26.57886],[-107.32952,26.58004],[-107.28735,26.58598],[-107.26915,26.57886],[-107.24518,26.56267],[-107.21743,26.53659],[-107.2158,26.49431],[-107.19491,26.45203],[-107.16742,26.40976],[-107.14679,26.36748],[-107.11866,26.33714],[-107.09937,26.3252],[-107.07648,26.30175],[-107.036,26.28293],[-107.03431,26.27999],[-107.03309,26.28293],[-107.03167,26.3252],[-107.04702,26.36748],[-107.07487,26.40976],[-107.0832,26.45203],[-107.08168,26.49431],[-107.10017,26.53659],[-107.10241,26.57886],[-107.07648,26.6036],[-107.03431,26.62415],[-106.99214,26.62101],[-106.94996,26.60741],[-106.92418,26.57886],[-106.91237,26.53659],[-106.90779,26.52806],[-106.86917,26.49431],[-106.85093,26.45203],[-106.82345,26.41041],[-106.78127,26.41386],[-106.76912,26.45203],[-106.77661,26.49431],[-106.79622,26.53659],[-106.81932,26.57886],[-106.86562,26.60754],[-106.88338,26.62114],[-106.90779,26.63642],[-106.94996,26.64871],[-106.96044,26.66341],[-106.99214,26.67708],[-107.03431,26.69045],[-107.07648,26.6882],[-107.11866,26.67282],[-107.13784,26.66341],[-107.16083,26.6549],[-107.203,26.64968],[-107.24518,26.65617],[-107.25506,26.66341],[-107.28735,26.69616],[-107.29997,26.70569],[-107.32952,26.73344],[-107.37169,26.74277],[-107.38401,26.74797],[-107.41387,26.76844],[-107.45886,26.79024],[-107.49821,26.82747],[-107.54039,26.87156],[-107.58256,26.8591],[-107.59446,26.8748],[-107.59674,26.91707],[-107.5971,26.95935],[-107.61611,27.00163],[-107.62473,27.03465],[-107.62599,27.0439],[-107.62473,27.04602],[-107.58256,27.0658],[-107.54039,27.06573],[-107.49821,27.07081],[-107.45604,27.08208],[-107.44979,27.08618],[-107.4379,27.12846],[-107.45604,27.15601],[-107.49821,27.16447],[-107.54039,27.1628],[-107.58225,27.17073],[-107.62473,27.18373],[-107.64724,27.21301],[-107.6669,27.24283],[-107.67932,27.25528],[-107.70908,27.30131],[-107.72567,27.33984],[-107.73924,27.38211],[-107.73608,27.42439],[-107.70908,27.44039],[-107.6669,27.43035],[-107.65016,27.42439],[-107.62473,27.41308],[-107.58256,27.40441],[-107.54039,27.38327],[-107.49821,27.33837],[-107.45604,27.33359],[-107.43893,27.33984],[-107.44907,27.38211],[-107.45604,27.39561],[-107.47943,27.42439],[-107.49821,27.4431],[-107.58256,27.44668],[-107.59799,27.46667],[-107.62473,27.48995],[-107.65261,27.50894],[-107.6669,27.53001],[-107.70908,27.56879],[-107.75125,27.57035],[-107.7752,27.55122],[-107.79342,27.53887],[-107.81971,27.50894],[-107.82884,27.46667],[-107.8356,27.45724],[-107.86458,27.42439],[-107.87683,27.38211],[-107.87777,27.36989],[-107.88576,27.33984],[-107.91994,27.30299],[-107.96212,27.2996],[-107.99188,27.38211],[-107.97633,27.42439],[-108.00429,27.45363],[-108.02327,27.46667],[-108.04646,27.48564],[-108.08863,27.53233],[-108.12214,27.55122],[-108.13081,27.55769],[-108.16328,27.5935],[-108.17298,27.60149],[-108.21515,27.6007],[-108.24754,27.5935],[-108.25733,27.59236],[-108.25824,27.5935],[-108.26527,27.63577],[-108.25733,27.65374],[-108.24213,27.67805],[-108.23286,27.72033],[-108.21515,27.72843],[-108.17298,27.73267],[-108.13081,27.73278],[-108.1102,27.72033],[-108.08863,27.69636],[-108.05001,27.67805],[-108.04646,27.67458],[-108.00429,27.59871],[-107.96212,27.55516],[-107.91994,27.55795],[-107.88774,27.5935],[-107.91994,27.63279],[-107.93991,27.67805],[-107.94062,27.72033],[-107.9475,27.7626],[-107.91994,27.78866],[-107.91484,27.80488],[-107.94428,27.84715],[-107.96212,27.86344],[-108.00429,27.86595],[-108.04646,27.87312],[-108.06548,27.88943],[-108.08179,27.93171],[-108.08863,27.93803],[-108.09228,27.93171],[-108.10554,27.88943],[-108.13081,27.85946],[-108.17298,27.88109],[-108.18506,27.88943],[-108.21515,27.91355],[-108.23496,27.93171],[-108.24467,27.97398],[-108.24191,28.01626],[-108.21815,28.10081],[-108.25733,28.13651],[-108.2995,28.11473],[-108.34167,28.14122],[-108.36903,28.18537],[-108.37322,28.22764],[-108.34167,28.26114],[-108.32571,28.26992],[-108.2995,28.31598],[-108.26697,28.35447],[-108.29459,28.39675],[-108.31746,28.43902],[-108.30784,28.4813],[-108.27232,28.52358],[-108.2995,28.56761],[-108.34472,28.60813],[-108.36049,28.65041],[-108.37199,28.69268],[-108.36017,28.73496],[-108.34347,28.77724],[-108.35,28.81951],[-108.36086,28.86179],[-108.35917,28.90407],[-108.35203,28.94634],[-108.34167,28.96849],[-108.32502,28.98862],[-108.34167,29.00066],[-108.36839,29.03089],[-108.39397,29.07317],[-108.42602,29.11027],[-108.42902,29.11545],[-108.4425,29.2],[-108.45174,29.24228],[-108.46763,29.28455],[-108.42602,29.31553],[-108.39997,29.28455],[-108.40814,29.24228],[-108.41017,29.2],[-108.38385,29.16153],[-108.34805,29.11545],[-108.34167,29.10422],[-108.33055,29.07317],[-108.30673,29.03089],[-108.2995,29.02019],[-108.28662,28.98862],[-108.26082,28.94634],[-108.25733,28.94327],[-108.21515,28.92282],[-108.19456,28.90407],[-108.18425,28.86179],[-108.15366,28.77724],[-108.15149,28.73496],[-108.15379,28.69268],[-108.13899,28.65041],[-108.13081,28.64651],[-108.08863,28.64482],[-108.01528,28.60813],[-108.00429,28.59609],[-107.96212,28.59181],[-107.91994,28.57398],[-107.91265,28.56585],[-107.88566,28.52358],[-107.87777,28.51316],[-107.84559,28.4813],[-107.8356,28.46547],[-107.79342,28.43915],[-107.77761,28.4813],[-107.81032,28.52358],[-107.82767,28.56585],[-107.82471,28.60813],[-107.81917,28.65041],[-107.81837,28.69268],[-107.83687,28.73496],[-107.87777,28.78197],[-107.91994,28.8103],[-107.93009,28.81951],[-107.96212,28.84077],[-108.00429,28.80905],[-108.04646,28.81006],[-108.05446,28.81951],[-108.07461,28.86179],[-108.08863,28.88261],[-108.09732,28.90407],[-108.10853,28.94634],[-108.12536,28.98862],[-108.17298,29.04138],[-108.20573,29.07317],[-108.21515,29.0846],[-108.23052,29.11545],[-108.24574,29.15772],[-108.25621,29.2],[-108.25377,29.24228],[-108.27466,29.28455],[-108.26913,29.32683],[-108.24893,29.36911],[-108.2368,29.41138],[-108.23453,29.45366],[-108.2351,29.49593],[-108.25733,29.52769],[-108.28061,29.49593],[-108.2995,29.479],[-108.34167,29.45807],[-108.34714,29.45366],[-108.38385,29.41422],[-108.42602,29.42575],[-108.45421,29.45366],[-108.46819,29.47732],[-108.51036,29.47295],[-108.52492,29.49593],[-108.54623,29.53821],[-108.54924,29.58049],[-108.54664,29.62276],[-108.51036,29.64187],[-108.50119,29.66504],[-108.50388,29.70732],[-108.49779,29.74959],[-108.47095,29.79187],[-108.48075,29.83415],[-108.49437,29.87642],[-108.51036,29.89614],[-108.52605,29.9187],[-108.53384,29.96098],[-108.51036,29.98236],[-108.47294,30.00325],[-108.42715,30.04553],[-108.44565,30.0878],[-108.45927,30.13008],[-108.46819,30.14271],[-108.51036,30.14357],[-108.53015,30.13008],[-108.55254,30.10839],[-108.59471,30.09878],[-108.60577,30.13008],[-108.63688,30.15499],[-108.66849,30.17236],[-108.65208,30.21463],[-108.63688,30.23571],[-108.60244,30.25691],[-108.61346,30.29919],[-108.63688,30.32904],[-108.64187,30.34146],[-108.62542,30.38374],[-108.59471,30.41988],[-108.57771,30.42602],[-108.56303,30.46829],[-108.59471,30.48288],[-108.63688,30.49112],[-108.65449,30.51057],[-108.65726,30.55285],[-108.63688,30.58119],[-108.59471,30.59647],[-108.55254,30.56918],[-108.53512,30.55285],[-108.52133,30.51057],[-108.53267,30.46829],[-108.5353,30.42602],[-108.52525,30.38374],[-108.52184,30.34146],[-108.51036,30.31749],[-108.46819,30.30848],[-108.44996,30.34146],[-108.44242,30.38374],[-108.42215,30.42602],[-108.40966,30.46829],[-108.39249,30.51057],[-108.38385,30.52809],[-108.34167,30.53456],[-108.2995,30.51756],[-108.28536,30.51057],[-108.25392,30.46829],[-108.2917,30.38374],[-108.27774,30.34146],[-108.28581,30.29919],[-108.2995,30.28575],[-108.32506,30.25691],[-108.33199,30.21463],[-108.32474,30.17236],[-108.2995,30.09538],[-108.29234,30.13008],[-108.28042,30.17236],[-108.25793,30.21463],[-108.21515,30.25246],[-108.17298,30.23787],[-108.13081,30.21301],[-108.11958,30.17236],[-108.11287,30.13008],[-108.10227,30.0878],[-108.08824,30.04553],[-108.08387,30.00325],[-108.06144,29.96098],[-108.06196,29.9187],[-108.07927,29.87642],[-108.08534,29.83415],[-108.04646,29.79871],[-108.00429,29.80237],[-107.98803,29.79187],[-107.96212,29.76148],[-107.94303,29.74959],[-107.91994,29.74245],[-107.88596,29.74959],[-107.91422,29.79187],[-107.91994,29.79548],[-107.95543,29.83415],[-107.95012,29.87642],[-107.94747,29.9187],[-107.94296,29.96098],[-107.94205,30.00325],[-107.93203,30.04553],[-107.91994,30.05662],[-107.87777,30.07357],[-107.84573,30.04553],[-107.83437,30.00325],[-107.80261,29.96098],[-107.79342,29.95054],[-107.75125,29.95877],[-107.70908,29.92545],[-107.70218,29.9187],[-107.6669,29.87478],[-107.609,29.83415],[-107.58256,29.80425],[-107.5695,29.79187],[-107.54886,29.74959],[-107.54045,29.70732],[-107.54186,29.66504],[-107.54039,29.66049],[-107.51049,29.62276],[-107.4947,29.58049],[-107.47226,29.53821],[-107.4661,29.49593],[-107.46647,29.45366],[-107.45602,29.41138],[-107.45675,29.36911],[-107.47529,29.32683],[-107.46531,29.28455],[-107.45147,29.24228],[-107.45517,29.2],[-107.47097,29.15772],[-107.49821,29.12555],[-107.5107,29.11545],[-107.54039,29.07672],[-107.54199,29.07317],[-107.54622,29.03089],[-107.54869,28.98862],[-107.55825,28.94634],[-107.55988,28.90407],[-107.54039,28.87081],[-107.52,28.86179],[-107.49821,28.85583],[-107.45604,28.86555],[-107.41387,28.87885],[-107.37169,28.88031],[-107.32952,28.84839],[-107.28735,28.81397],[-107.25948,28.81951],[-107.27173,28.86179],[-107.28735,28.87534],[-107.31386,28.90407],[-107.32952,28.9175],[-107.35218,28.94634],[-107.36871,28.98862],[-107.37398,29.03089],[-107.33916,29.11545],[-107.32952,29.12788],[-107.28735,29.13556],[-107.25923,29.15772],[-107.26392,29.2],[-107.27816,29.24228],[-107.28735,29.27737],[-107.29642,29.28455],[-107.32952,29.3185],[-107.33448,29.32683],[-107.28735,29.37453],[-107.27683,29.41138],[-107.27911,29.45366],[-107.29515,29.49593],[-107.30523,29.53821],[-107.2998,29.58049],[-107.27785,29.62276],[-107.26537,29.66504],[-107.24726,29.70732],[-107.24854,29.74959],[-107.24518,29.78164],[-107.203,29.79029],[-107.17951,29.74959],[-107.16571,29.70732],[-107.16083,29.68814],[-107.15774,29.66504],[-107.15816,29.62276],[-107.1468,29.58049],[-107.14114,29.53821],[-107.13715,29.49593],[-107.12884,29.45366],[-107.11866,29.43883],[-107.09612,29.41138],[-107.07006,29.36911],[-107.07106,29.32683],[-107.07864,29.28455],[-107.08955,29.24228],[-107.09371,29.2],[-107.08233,29.15772],[-107.07648,29.14887],[-107.0411,29.11545],[-107.03431,29.10723],[-106.99214,29.09488],[-106.94996,29.11347],[-106.94152,29.11545],[-106.90779,29.13114],[-106.87751,29.15772],[-106.88921,29.24228],[-106.92386,29.28455],[-106.91914,29.32683],[-106.9241,29.36911],[-106.94996,29.40344],[-106.98367,29.49593],[-106.98636,29.53821],[-106.98126,29.58049],[-106.98265,29.62276],[-106.99214,29.63973],[-107.00194,29.66504],[-107.00233,29.70732],[-106.99214,29.72539],[-106.94996,29.73741],[-106.91469,29.70732],[-106.88849,29.66504],[-106.86562,29.64508],[-106.82345,29.62438],[-106.78127,29.61765],[-106.7391,29.59997],[-106.69693,29.55416],[-106.67901,29.53821],[-106.65475,29.52327],[-106.61258,29.51129],[-106.57343,29.49593],[-106.52823,29.47399],[-106.50072,29.45366],[-106.48606,29.43472],[-106.47609,29.41138],[-106.48606,29.3852],[-106.52595,29.36911],[-106.50807,29.32683],[-106.48606,29.31939],[-106.44389,29.29018],[-106.44052,29.28455],[-106.43692,29.24228],[-106.44652,29.2],[-106.44567,29.15772],[-106.46098,29.11545],[-106.48413,29.07317],[-106.4868,29.03089],[-106.45117,28.98862],[-106.41835,28.94634],[-106.42594,28.90407],[-106.44062,28.86179],[-106.43501,28.81951],[-106.41636,28.77724],[-106.36705,28.69268],[-106.35954,28.67645],[-106.31543,28.65041],[-106.28823,28.60813],[-106.30952,28.56585],[-106.31794,28.52358],[-106.33199,28.4813],[-106.35954,28.45994],[-106.39558,28.4813],[-106.40172,28.48608],[-106.43411,28.52358],[-106.45085,28.56585],[-106.47079,28.60813],[-106.48606,28.65165],[-106.52823,28.66048],[-106.60442,28.60813],[-106.60152,28.56585],[-106.57797,28.52358],[-106.54387,28.4813],[-106.52823,28.46924],[-106.5084,28.43902],[-106.51937,28.39675],[-106.52823,28.38941],[-106.57041,28.38556],[-106.61258,28.39005],[-106.65475,28.37653],[-106.69693,28.37797],[-106.7391,28.37734],[-106.75074,28.35447],[-106.74175,28.3122],[-106.78127,28.28264],[-106.78606,28.26992],[-106.78567,28.22764],[-106.78127,28.2169],[-106.7391,28.203],[-106.69693,28.1872],[-106.65475,28.12807],[-106.6225,28.10081],[-106.61258,28.0907],[-106.59136,28.05854],[-106.61258,28.01386],[-106.65475,28.03613],[-106.67929,28.05854],[-106.69693,28.0727],[-106.7391,28.10074],[-106.78127,28.11518],[-106.78794,28.10081],[-106.78401,28.05854],[-106.79479,28.01626],[-106.83831,27.97398],[-106.85282,27.93171],[-106.83124,27.88943],[-106.84263,27.84715],[-106.81072,27.80488],[-106.78127,27.77579],[-106.7391,27.7566],[-106.69884,27.72033],[-106.67888,27.67805],[-106.69594,27.63577],[-106.7391,27.60382],[-106.78127,27.60656],[-106.81099,27.5935],[-106.82345,27.59047],[-106.86562,27.5744],[-106.90779,27.56028],[-106.92271,27.55122],[-106.90779,27.5306],[-106.89797,27.50894],[-106.86562,27.47521],[-106.85921,27.46667],[-106.84967,27.42439],[-106.82758,27.38211],[-106.81636,27.33984],[-106.82613,27.29756],[-106.8047,27.25528],[-106.79537,27.21301],[-106.78127,27.19204],[-106.7391,27.18843],[-106.72252,27.21301],[-106.7045,27.25528],[-106.69437,27.33984],[-106.65475,27.37542],[-106.64435,27.38211],[-106.61596,27.42439],[-106.61258,27.43351],[-106.59769,27.42439],[-106.57041,27.41827],[-106.52823,27.37975],[-106.50755,27.33984],[-106.49134,27.25528],[-106.51663,27.21301],[-106.51099,27.17073],[-106.49536,27.12846],[-106.52454,27.08618],[-106.49544,27.0439],[-106.48606,27.03255],[-106.4754,27.00163],[-106.47909,26.95935],[-106.4792,26.91707],[-106.48387,26.8748],[-106.48606,26.8641],[-106.49788,26.83252],[-106.48606,26.81006],[-106.44389,26.79058],[-106.42459,26.74797],[-106.40172,26.73562],[-106.35954,26.7338],[-106.3161,26.70569],[-106.2752,26.69161],[-106.24886,26.66341],[-106.24757,26.62114],[-106.23968,26.57886],[-106.23302,26.56539],[-106.22442,26.57886],[-106.19085,26.61154],[-106.16537,26.62114],[-106.14868,26.63369],[-106.13456,26.66341],[-106.13734,26.70569],[-106.14868,26.74168],[-106.19085,26.73045],[-106.23302,26.74754],[-106.22249,26.79024],[-106.19762,26.83252],[-106.15012,26.8748],[-106.15275,26.91707],[-106.14868,26.93415],[-106.1065,26.93215],[-106.06433,26.89408],[-106.04306,26.91707],[-106.03129,26.95935],[-106.02216,26.99789],[-105.97999,26.98994],[-105.9681,26.95935],[-105.94772,26.91707],[-105.93781,26.90006],[-105.89564,26.86792],[-105.85347,26.86132],[-105.81958,26.83252],[-105.79687,26.79024],[-105.74756,26.74797],[-105.74562,26.70569],[-105.72695,26.69834],[-105.68477,26.68685],[-105.6599,26.66341],[-105.66407,26.62114],[-105.68477,26.59245],[-105.70493,26.57886],[-105.72695,26.5673],[-105.76912,26.57032],[-105.78107,26.57886],[-105.81129,26.5934],[-105.84512,26.62114],[-105.85347,26.62412],[-105.89583,26.62114],[-105.86186,26.57886],[-105.85347,26.57481],[-105.81129,26.52765],[-105.76912,26.49439],[-105.73144,26.45203],[-105.73803,26.40976],[-105.74057,26.36748],[-105.73947,26.3252],[-105.73632,26.28293],[-105.74177,26.24065],[-105.74966,26.19837],[-105.76876,26.1561],[-105.76114,26.11382],[-105.72695,26.09038],[-105.65902,26.02927],[-105.6426,26.00935],[-105.6273,25.98699],[-105.61283,25.94472],[-105.61133,25.90244],[-105.59184,25.86016],[-105.55826,25.8376],[-105.53425,25.81789],[-105.51608,25.79355],[-105.49154,25.77561],[-105.47391,25.7491],[-105.43174,25.74098],[-105.42082,25.73333],[-105.43363,25.69106],[-105.44885,25.64878],[-105.46046,25.6065],[-105.4767,25.56423],[-105.47096,25.52195],[-105.45083,25.47967],[-105.43174,25.42214],[-105.41425,25.39512],[-105.41557,25.35285],[-105.45494,25.26829],[-105.47391,25.25614],[-105.51608,25.23518],[-105.55826,25.25609],[-105.57043,25.26829],[-105.60043,25.28797],[-105.6426,25.32367],[-105.68477,25.34671],[-105.72695,25.37983],[-105.75434,25.39512],[-105.76912,25.4059],[-105.78221,25.39512],[-105.81129,25.3752],[-105.85136,25.35285],[-105.81826,25.31057],[-105.7717,25.26829],[-105.72695,25.25294],[-105.68477,25.24133],[-105.6426,25.22727],[-105.60729,25.18374],[-105.52553,25.09919],[-105.51608,25.07239],[-105.50722,25.05691],[-105.49607,25.01463],[-105.47816,24.97236],[-105.40539,24.8878],[-105.38956,24.85877],[-105.37689,24.84553],[-105.35382,24.76098],[-105.34739,24.74839],[-105.30522,24.71596],[-105.30289,24.7187],[-105.29027,24.76098],[-105.29743,24.80325],[-105.30522,24.83679],[-105.3102,24.84553],[-105.32309,24.8878],[-105.31746,24.93008],[-105.31695,24.97236],[-105.34739,25.04165],[-105.35223,25.05691],[-105.35608,25.09919],[-105.36193,25.14146],[-105.3584,25.18374],[-105.37852,25.22602],[-105.34739,25.23241],[-105.30522,25.20716],[-105.26305,25.20844],[-105.22087,25.25761],[-105.21007,25.26829],[-105.1787,25.31319],[-105.13653,25.31978],[-105.09435,25.30319],[-105.05218,25.27823],[-105.04092,25.26829],[-105.01705,25.22602],[-105.0169,25.18374],[-105.01001,25.17203],[-104.96783,25.1606],[-104.9492,25.18374],[-104.94193,25.22602],[-104.96085,25.26829],[-104.92566,25.30028],[-104.88349,25.29013],[-104.79914,25.2567],[-104.75697,25.2202],[-104.72368,25.18374],[-104.71009,25.14146],[-104.70931,25.09919],[-104.71277,25.05691],[-104.67709,25.01463],[-104.71975,24.97236],[-104.72233,24.93008],[-104.7148,24.91613],[-104.69169,24.8878],[-104.67262,24.85809],[-104.6627,24.84553],[-104.64299,24.80325],[-104.64657,24.76098],[-104.65942,24.7187],[-104.67262,24.68899],[-104.7148,24.69129],[-104.74845,24.7187],[-104.75697,24.72209],[-104.79859,24.76098],[-104.82729,24.80325],[-104.83156,24.84553],[-104.84178,24.8878],[-104.88908,24.93008],[-104.92566,24.94051],[-104.96262,24.97236],[-104.96783,24.97492],[-105.01001,24.9796],[-105.09435,24.98017],[-105.10324,24.97236],[-105.09435,24.92579],[-105.07502,24.8878],[-105.0575,24.84553],[-105.05218,24.8399],[-105.01001,24.82943],[-104.96783,24.80667],[-104.92566,24.75951],[-104.88512,24.7187],[-104.84132,24.69379],[-104.79914,24.6611],[-104.75697,24.6474],[-104.7148,24.65334],[-104.67262,24.65176],[-104.64224,24.63415],[-104.67262,24.62452],[-104.7148,24.60072],[-104.71833,24.59187],[-104.75697,24.53903],[-104.76512,24.50732],[-104.75998,24.46504],[-104.75791,24.42276],[-104.75886,24.38049],[-104.76671,24.33821],[-104.76755,24.29593],[-104.75697,24.27999],[-104.73271,24.25366],[-104.72073,24.21138],[-104.73216,24.16911],[-104.7255,24.12683],[-104.7148,24.11314],[-104.67739,24.08455],[-104.70209,24.04228],[-104.7148,24.02495],[-104.72743,24.0]]},"properties":{"elev":2000,"major":true}},{"type":"Feature","geometry":{"type":"LineString","coordinates":[[-103.99169,24.0],[-104.04003,24.02292],[-104.0822,24.04053],[-104.1157,24.08455],[-104.1019,24.12683],[-104.11684,24.16911],[-104.15044,24.21138],[-104.15738,24.25366],[-104.14785,24.29593],[-104.12437,24.32904],[-104.07995,24.33821],[-104.04003,24.35716],[-103.99786,24.39207],[-103.97813,24.42276],[-103.95568,24.44081],[-103.91351,24.47856],[-103.8924,24.50732],[-103.87134,24.52264],[-103.82233,24.54959],[-103.81508,24.59187],[-103.78699,24.63013],[-103.74482,24.63454],[-103.70264,24.62671],[-103.66866,24.63415],[-103.66047,24.63807],[-103.63628,24.67642],[-103.6183,24.68527],[-103.57613,24.69438],[-103.5469,24.7187],[-103.53395,24.7254],[-103.49092,24.7187],[-103.45922,24.67642],[-103.49178,24.65687],[-103.53395,24.66012],[-103.54296,24.63415],[-103.55115,24.59187],[-103.57613,24.55655],[-103.58577,24.54959],[-103.62276,24.50732],[-103.61956,24.46504],[-103.57613,24.4071],[-103.55154,24.38049],[-103.51664,24.33821],[-103.49843,24.29593],[-103.49178,24.28916],[-103.44961,24.26489],[-103.40743,24.2654],[-103.36526,24.2913],[-103.32309,24.31928],[-103.28091,24.3256],[-103.23874,24.3363],[-103.20563,24.38049],[-103.22119,24.42276],[-103.23874,24.46254],[-103.25282,24.46504],[-103.19657,24.46912],[-103.1544,24.46278],[-103.11804,24.42276],[-103.0894,24.38049],[-103.07005,24.36805],[-103.0493,24.33821],[-103.03791,24.29593],[-103.04109,24.25366],[-103.08949,24.16911],[-103.07005,24.15478],[-103.02788,24.10448],[-103.0096,24.08455],[-103.01426,24.04228],[-103.02788,24.02459],[-103.05587,24.0]]},"properties":{"elev":2000,"major":true}},{"type":"Feature","geometry":{"type":"LineString","coordinates":[[-102.81743,24.0],[-102.81995,24.04228],[-102.80722,24.08455],[-102.80228,24.12683],[-102.77484,24.14804],[-102.73267,24.16129],[-102.69049,24.16356],[-102.64832,24.14823],[-102.61876,24.12683],[-102.57381,24.08455],[-102.56397,24.07269],[-102.49561,24.0]]},"properties":{"elev":2000,"major":true}},{"type":"Feature","geometry":{"type":"LineString","coordinates":[[-101.68693,24.0],[-101.67834,24.01022],[-101.63617,24.03921],[-101.61795,24.04228],[-101.594,24.04865],[-101.50965,24.06244],[-101.46748,24.05574],[-101.38313,24.02062],[-101.34096,24.01137],[-101.3204,24.0]]},"properties":{"elev":2000,"major":true}},{"type":"Feature","geometry":{"type":"LineString","coordinates":[[-100.74169,24.0],[-100.73666,24.04228],[-100.70836,24.07039],[-100.69177,24.08455],[-100.66619,24.0956],[-100.60354,24.12683],[-100.58184,24.15348],[-100.56161,24.12683],[-100.58184,24.09865],[-100.58756,24.08455],[-100.59837,24.04228],[-100.62998,24.0]]},"properties":{"elev":2000,"major":true}},{"type":"Feature","geometry":{"type":"LineString","coordinates":[[-99.75167,24.0],[-99.73838,24.0172],[-99.69621,24.01102],[-99.68055,24.0]]},"properties":{"elev":2000,"major":true}},{"type":"Feature","geometry":{"type":"LineString","coordinates":[[-117.15583,49.95791],[-117.11365,49.98524],[-117.09149,49.95772],[-117.11365,49.94842],[-117.15583,49.95791]]},"properties":{"elev":2000,"major":true}},{"type":"Feature","geometry":{"type":"LineString","coordinates":[[-116.18585,49.96547],[-116.19918,49.95772],[-116.18585,49.94665],[-116.1612,49.95772],[-116.18585,49.96547]]},"properties":{"elev":2000,"major":true}},{"type":"Feature","geometry":{"type":"LineString","coordinates":[[-117.70407,49.92178],[-117.6655,49.91545],[-117.6619,49.91239],[-117.65194,49.87317],[-117.65378,49.83089],[-117.61973,49.80887],[-117.60296,49.78862],[-117.61973,49.77696],[-117.6619,49.78008],[-117.70407,49.78718],[-117.74625,49.8134],[-117.78842,49.80913],[-117.80526,49.83089],[-117.78842,49.84327],[-117.75582,49.87317],[-117.74625,49.89589],[-117.72294,49.91545],[-117.70407,49.92178]]},"properties":{"elev":2000,"major":true}},{"type":"Feature","geometry":{"type":"LineString","coordinates":[[-117.91494,49.87387],[-117.89854,49.83089],[-117.91494,49.81024],[-117.94038,49.83089],[-117.94434,49.87317],[-117.91494,49.87387]]},"properties":{"elev":2000,"major":true}},{"type":"Feature","geometry":{"type":"LineString","coordinates":[[-117.198,49.88144],[-117.18839,49.87317],[-117.198,49.8595],[-117.23201,49.87317],[-117.198,49.88144]]},"properties":{"elev":2000,"major":true}},{"type":"Feature","geometry":{"type":"LineString","coordinates":[[-117.07148,49.87405],[-117.02931,49.88557],[-116.98713,49.87536],[-116.98465,49.87317],[-116.98713,49.8701],[-117.02931,49.85445],[-117.05812,49.83089],[-117.04674,49.78862],[-117.07148,49.75177],[-117.07866,49.74634],[-117.11365,49.73666],[-117.15583,49.73728],[-117.19636,49.74634],[-117.22066,49.78862],[-117.198,49.80411],[-117.15583,49.80997],[-117.11365,49.83601],[-117.07148,49.87405]]},"properties":{"elev":2000,"major":true}},{"type":"Feature","geometry":{"type":"LineString","coordinates":[[-116.1015,49.88968],[-116.11101,49.87317],[-116.1015,49.86735],[-116.08737,49.87317],[-116.1015,49.88968]]},"properties":{"elev":2000,"major":true}},{"type":"Feature","geometry":{"type":"LineString","coordinates":[[-115.08935,49.87563],[-115.04718,49.90667],[-115.005,49.89151],[-114.98753,49.87317],[-115.02338,49.83089],[-115.02872,49.78862],[-115.04718,49.78025],[-115.07681,49.78862],[-115.07496,49.83089],[-115.08935,49.8657],[-115.09104,49.87317],[-115.08935,49.87563]]},"properties":{"elev":2000,"major":true}},{"type":"Feature","geometry":{"type":"LineString","coordinates":[[-114.5411,49.76167],[-114.51719,49.74634],[-114.5411,49.73987],[-114.56484,49.74634],[-114.5411,49.76167]]},"properties":{"elev":2000,"major":true}},{"type":"Feature","geometry":{"type":"LineString","coordinates":[[-117.99929,49.66668],[-117.994,49.66179],[-117.99929,49.65247],[-118.00035,49.66179],[-117.99929,49.66668]]},"properties":{"elev":2000,"major":true}},{"type":"Feature","geometry":{"type":"LineString","coordinates":[[-116.64975,49.66387],[-116.60758,49.66618],[-116.60556,49.66179],[-116.60758,49.65016],[-116.64975,49.64601],[-116.65168,49.66179],[-116.64975,49.66387]]},"properties":{"elev":2000,"major":true}},{"type":"Feature","geometry":{"type":"LineString","coordinates":[[-115.46891,49.69507],[-115.42673,49.6635],[-115.40875,49.61951],[-115.42673,49.61667],[-115.47726,49.66179],[-115.46891,49.69507]]},"properties":{"elev":2000,"major":true}},{"type":"Feature","geometry":{"type":"LineString","coordinates":[[-116.43888,49.63515],[-116.39671,49.62896],[-116.37767,49.61951],[-116.39671,49.60392],[-116.43888,49.59199],[-116.45277,49.57724],[-116.43888,49.53798],[-116.43409,49.53496],[-116.48106,49.51513],[-116.49763,49.49268],[-116.50934,49.45041],[-116.52323,49.43615],[-116.53928,49.45041],[-116.5654,49.4665],[-116.59241,49.45041],[-116.60758,49.44747],[-116.61209,49.45041],[-116.61933,49.49268],[-116.60758,49.50393],[-116.5654,49.52068],[-116.55978,49.53496],[-116.53937,49.57724],[-116.52323,49.59566],[-116.48106,49.61141],[-116.47239,49.61951],[-116.43888,49.63515]]},"properties":{"elev":2000,"major":true}},{"type":"Feature","geometry":{"type":"LineString","coordinates":[[-117.87277,49.57899],[-117.86139,49.57724],[-117.87277,49.57338],[-117.87553,49.57724],[-117.87277,49.57899]]},"properties":{"elev":2000,"major":true}},{"type":"Feature","geometry":{"type":"LineString","coordinates":[[-116.27019,49.58137],[-116.25258,49.57724],[-116.27019,49.55035],[-116.2807,49.57724],[-116.27019,49.58137]]},"properties":{"elev":2000,"major":true}},{"type":"Feature","geometry":{"type":"LineString","coordinates":[[-114.62545,49.58562],[-114.58327,49.59459],[-114.54043,49.57724],[-114.56102,49.53496],[-114.57267,49.49268],[-114.57563,49.45041],[-114.58327,49.43357],[-114.59952,49.45041],[-114.60238,49.49268],[-114.59994,49.53496],[-114.63585,49.57724],[-114.62545,49.58562]]},"properties":{"elev":2000,"major":true}},{"type":"Feature","geometry":{"type":"LineString","coordinates":[[-117.83059,49.54723],[-117.81514,49.53496],[-117.83059,49.53242],[-117.83481,49.53496],[-117.83059,49.54723]]},"properties":{"elev":2000,"major":true}},{"type":"Feature","geometry":{"type":"LineString","coordinates":[[-116.14367,49.53516],[-116.14235,49.53496],[-116.13308,49.49268],[-116.14367,49.47743],[-116.15519,49.49268],[-116.14367,49.53516]]},"properties":{"elev":2000,"major":true}},{"type":"Feature","geometry":{"type":"LineString","coordinates":[[-114.16154,49.28476],[-114.11937,49.29868],[-114.0772,49.27308],[-114.03932,49.23902],[-114.03503,49.23394],[-113.99285,49.20433],[-113.98498,49.19675],[-113.99285,49.18756],[-114.03503,49.18076],[-114.0772,49.16112],[-114.1114,49.19675],[-114.11937,49.21287],[-114.14813,49.23902],[-114.16972,49.2813],[-114.16154,49.28476]]},"properties":{"elev":2000,"major":true}},{"type":"Feature","geometry":{"type":"LineString","coordinates":[[-114.75197,49.24659],[-114.70979,49.24887],[-114.70488,49.23902],[-114.70979,49.22407],[-114.75197,49.23125],[-114.76164,49.23902],[-114.75197,49.24659]]},"properties":{"elev":2000,"major":true}},{"type":"Feature","geometry":{"type":"LineString","coordinates":[[-114.37241,49.24868],[-114.36352,49.23902],[-114.36238,49.19675],[-114.37241,49.19472],[-114.37441,49.19675],[-114.37976,49.23902],[-114.37241,49.24868]]},"properties":{"elev":2000,"major":true}},{"type":"Feature","geometry":{"type":"LineString","coordinates":[[-119.89707,49.15892],[-119.87248,49.15447],[-119.8549,49.13999],[-119.84791,49.1122],[-119.81808,49.06992],[-119.85103,49.02764],[-119.86414,48.98537],[-119.89707,48.96392],[-119.9257,48.94309],[-119.93924,48.92959],[-119.98142,48.94176],[-120.02359,48.97702],[-120.06399,48.98537],[-120.02359,48.99932],[-119.98142,49.01032],[-119.969,49.02764],[-119.91511,49.06992],[-119.91166,49.1122],[-119.90107,49.15447],[-119.89707,49.15892]]},"properties":{"elev":2000,"major":true}},{"type":"Feature","geometry":{"type":"LineString","coordinates":[[-120.19228,49.11355],[-120.18455,49.1122],[-120.15011,49.10069],[-120.10793,49.09441],[-120.07158,49.06992],[-120.077,49.02764],[-120.06678,48.98537],[-120.10793,48.95977],[-120.13123,48.94309],[-120.15011,48.92831],[-120.17976,48.90081],[-120.19228,48.89454],[-120.23445,48.89476],[-120.26598,48.85854],[-120.27663,48.82839],[-120.3054,48.85854],[-120.36097,48.9036],[-120.38439,48.94309],[-120.38569,48.98537],[-120.36097,49.02219],[-120.34461,48.98537],[-120.3188,48.95649],[-120.30165,48.94309],[-120.27663,48.92071],[-120.25638,48.94309],[-120.25625,48.98537],[-120.23315,49.02764],[-120.24138,49.06992],[-120.23445,49.09387],[-120.20513,49.1122],[-120.19228,49.11355]]},"properties":{"elev":2000,"major":true}},{"type":"Feature","geometry":{"type":"LineString","coordinates":[[-114.33024,49.11307],[-114.32687,49.1122],[-114.33024,49.11128],[-114.33141,49.1122],[-114.33024,49.11307]]},"properties":{"elev":2000,"major":true}},{"type":"Feature","geometry":{"type":"LineString","coordinates":[[-114.11937,49.14798],[-114.0772,49.14409],[-114.03503,49.13202],[-114.00088,49.1122],[-114.01621,49.06992],[-114.03503,49.05641],[-114.0772,49.04166],[-114.08834,49.06992],[-114.11937,49.10203],[-114.12617,49.1122],[-114.11937,49.14798]]},"properties":{"elev":2000,"major":true}},{"type":"Feature","geometry":{"type":"LineString","coordinates":[[-114.20372,49.0473],[-114.16154,49.0424],[-114.14464,49.02764],[-114.16154,49.01694],[-114.20372,49.0165],[-114.2399,49.02764],[-114.20372,49.0473]]},"properties":{"elev":2000,"major":true}},{"type":"Feature","geometry":{"type":"LineString","coordinates":[[-113.78199,49.03338],[-113.77372,49.02764],[-113.73981,48.99291],[-113.73494,48.98537],[-113.73981,48.97758],[-113.78199,48.96435],[-113.79564,48.94309],[-113.82416,48.90927],[-113.84204,48.94309],[-113.82941,48.98537],[-113.82416,49.0274],[-113.78199,49.03338]]},"properties":{"elev":2000,"major":true}},{"type":"Feature","geometry":{"type":"LineString","coordinates":[[-114.0772,49.00815],[-114.03503,48.9962],[-113.99285,48.98047],[-113.96397,48.94309],[-113.99285,48.9089],[-114.01549,48.90081],[-113.99285,48.89251],[-113.96981,48.85854],[-113.99285,48.84736],[-114.01946,48.85854],[-114.03503,48.88961],[-114.0772,48.88356],[-114.089,48.90081],[-114.0772,48.91415],[-114.03503,48.91045],[-114.01779,48.94309],[-114.03503,48.97328],[-114.0772,48.98202],[-114.08234,48.98537],[-114.0772,49.00815]]},"properties":{"elev":2000,"major":true}},{"type":"Feature","geometry":{"type":"LineString","coordinates":[[-114.20372,48.95608],[-114.16154,48.96312],[-114.12929,48.94309],[-114.16154,48.9271],[-114.20372,48.93269],[-114.21837,48.94309],[-114.20372,48.95608]]},"properties":{"elev":2000,"major":true}},{"type":"Feature","geometry":{"type":"LineString","coordinates":[[-113.6133,48.94986],[-113.59768,48.94309],[-113.57112,48.92602],[-113.54827,48.90081],[-113.60281,48.85854],[-113.6133,48.85177],[-113.65547,48.8417],[-113.69764,48.85177],[-113.71213,48.85854],[-113.69764,48.872],[-113.6853,48.90081],[-113.65547,48.93542],[-113.63912,48.94309],[-113.6133,48.94986]]},"properties":{"elev":2000,"major":true}},{"type":"Feature","geometry":{"type":"LineString","coordinates":[[-113.86633,48.90141],[-113.8633,48.90081],[-113.86633,48.89913],[-113.86633,48.90141]]},"properties":{"elev":2000,"major":true}},{"type":"Feature","geometry":{"type":"LineString","coordinates":[[-120.52966,48.87874],[-120.48749,48.87032],[-120.46603,48.85854],[-120.48594,48.81626],[-120.48986,48.81626],[-120.52966,48.83721],[-120.54739,48.85854],[-120.52966,48.87874]]},"properties":{"elev":2000,"major":true}},{"type":"Feature","geometry":{"type":"LineString","coordinates":[[-113.78199,48.89358],[-113.75526,48.85854],[-113.78199,48.84455],[-113.81576,48.85854],[-113.78199,48.89358]]},"properties":{"elev":2000,"major":true}},{"type":"Feature","geometry":{"type":"LineString","coordinates":[[-121.79485,48.82097],[-121.7869,48.81626],[-121.78837,48.77398],[-121.79485,48.76944],[-121.81038,48.77398],[-121.80281,48.81626],[-121.79485,48.82097]]},"properties":{"elev":2000,"major":true}},{"type":"Feature","geometry":{"type":"LineString","coordinates":[[-120.23445,48.82503],[-120.22626,48.81626],[-120.23445,48.80976],[-120.26221,48.81626],[-120.23445,48.82503]]},"properties":{"elev":2000,"major":true}},{"type":"Feature","geometry":{"type":"LineString","coordinates":[[-113.73981,48.82096],[-113.73797,48.81626],[-113.73981,48.81463],[-113.74127,48.81626],[-113.73981,48.82096]]},"properties":{"elev":2000,"major":true}},{"type":"Feature","geometry":{"type":"LineString","coordinates":[[-120.3188,48.77503],[-120.3188,48.77309],[-120.3188,48.77503]]},"properties":{"elev":2000,"major":true}},{"type":"Feature","geometry":{"type":"LineString","coordinates":[[-113.65547,48.78446],[-113.6133,48.78623],[-113.57112,48.78315],[-113.52895,48.78592],[-113.4952,48.77398],[-113.52895,48.74604],[-113.542,48.73171],[-113.57112,48.71519],[-113.6133,48.71199],[-113.65547,48.71165],[-113.69764,48.69161],[-113.70295,48.73171],[-113.69764,48.75045],[-113.67791,48.77398],[-113.65547,48.78446]]},"properties":{"elev":2000,"major":true}},{"type":"Feature","geometry":{"type":"LineString","coordinates":[[-119.93924,48.69586],[-119.89707,48.7122],[-119.88921,48.68943],[-119.89707,48.66811],[-119.93924,48.68523],[-119.94363,48.68943],[-119.93924,48.69586]]},"properties":{"elev":2000,"major":true}},{"type":"Feature","geometry":{"type":"LineString","coordinates":[[-113.73981,48.69054],[-113.70712,48.68943],[-113.71157,48.64715],[-113.69764,48.61217],[-113.65547,48.63223],[-113.63648,48.64715],[-113.6133,48.65668],[-113.57112,48.65732],[-113.5611,48.64715],[-113.57112,48.62937],[-113.6133,48.61501],[-113.62061,48.60488],[-113.65547,48.58248],[-113.69764,48.59952],[-113.73981,48.59846],[-113.7479,48.60488],[-113.77035,48.64715],[-113.73981,48.69054]]},"properties":{"elev":2000,"major":true}},{"type":"Feature","geometry":{"type":"LineString","coordinates":[[-113.4446,48.65974],[-113.40243,48.67465],[-113.37968,48.64715],[-113.40243,48.61741],[-113.43913,48.60488],[-113.40243,48.59552],[-113.36026,48.58673],[-113.33929,48.5626],[-113.36026,48.53659],[-113.38116,48.52033],[-113.40243,48.50015],[-113.4446,48.4862],[-113.46111,48.52033],[-113.47015,48.5626],[-113.52749,48.60488],[-113.48678,48.62378],[-113.46659,48.64715],[-113.4446,48.65974]]},"properties":{"elev":2000,"major":true}},{"type":"Feature","geometry":{"type":"LineString","coordinates":[[-120.48749,48.52802],[-120.46189,48.52033],[-120.48749,48.50612],[-120.50185,48.52033],[-120.48749,48.52802]]},"properties":{"elev":2000,"major":true}},{"type":"Feature","geometry":{"type":"LineString","coordinates":[[-113.57112,48.49281],[-113.56969,48.47805],[-113.57112,48.47736],[-113.57368,48.47805],[-113.57112,48.49281]]},"properties":{"elev":2000,"major":true}},{"type":"Feature","geometry":{"type":"LineString","coordinates":[[-113.31808,48.49046],[-113.30214,48.47805],[-113.31808,48.44657],[-113.3314,48.43577],[-113.36026,48.41778],[-113.40243,48.43207],[-113.41018,48.43577],[-113.35852,48.47805],[-113.31808,48.49046]]},"properties":{"elev":2000,"major":true}},{"type":"Feature","geometry":{"type":"LineString","coordinates":[[-120.44532,48.3129],[-120.40592,48.30894],[-120.36097,48.27552],[-120.3188,48.26994],[-120.31448,48.26667],[-120.30367,48.22439],[-120.30514,48.18211],[-120.3188,48.16359],[-120.36097,48.1698],[-120.3659,48.18211],[-120.36894,48.22439],[-120.40315,48.25441],[-120.44532,48.25728],[-120.45281,48.26667],[-120.4594,48.30894],[-120.44532,48.3129]]},"properties":{"elev":2000,"major":true}},{"type":"Feature","geometry":{"type":"LineString","coordinates":[[-113.10722,48.31493],[-113.09458,48.30894],[-113.10722,48.30217],[-113.12096,48.30894],[-113.10722,48.31493]]},"properties":{"elev":2000,"major":true}},{"type":"Feature","geometry":{"type":"LineString","coordinates":[[-113.19157,48.22631],[-113.18667,48.22439],[-113.19157,48.22347],[-113.20291,48.22439],[-113.19157,48.22631]]},"properties":{"elev":2000,"major":true}},{"type":"Feature","geometry":{"type":"LineString","coordinates":[[-113.02287,48.20064],[-112.9807,48.2116],[-112.9686,48.18211],[-112.91176,48.09756],[-112.89635,48.09015],[-112.85418,48.07998],[-112.81201,48.08604],[-112.77524,48.05528],[-112.76984,48.04791],[-112.72766,48.01925],[-112.72295,48.01301],[-112.70496,47.97073],[-112.72766,47.96163],[-112.74542,47.97073],[-112.76984,47.99205],[-112.79593,47.97073],[-112.78692,47.92846],[-112.7677,47.88618],[-112.72766,47.86139],[-112.68549,47.85778],[-112.6713,47.8439],[-112.67693,47.80163],[-112.68549,47.78371],[-112.70748,47.75935],[-112.6968,47.71707],[-112.72766,47.70736],[-112.76984,47.69006],[-112.81201,47.70651],[-112.81832,47.71707],[-112.82579,47.75935],[-112.839,47.80163],[-112.87486,47.88618],[-112.89635,47.91378],[-112.93853,47.95771],[-112.95578,47.97073],[-112.94114,48.01301],[-112.96035,48.05528],[-112.9807,48.08786],[-112.99367,48.09756],[-113.02287,48.12665],[-113.03122,48.13984],[-113.04108,48.18211],[-113.02287,48.20064]]},"properties":{"elev":2000,"major":true}},{"type":"Feature","geometry":{"type":"LineString","coordinates":[[-121.07791,48.151],[-121.06279,48.13984],[-121.06717,48.09756],[-121.07791,48.09334],[-121.0859,48.09756],[-121.11649,48.13984],[-121.07791,48.151]]},"properties":{"elev":2000,"major":true}},{"type":"Feature","geometry":{"type":"LineString","coordinates":[[-113.14939,47.97945],[-113.10722,47.99892],[-113.06505,47.97759],[-113.04798,47.97073],[-113.02287,47.94779],[-113.01054,47.92846],[-113.00112,47.88618],[-112.99744,47.80163],[-113.01627,47.75935],[-112.94796,47.6748],[-112.9406,47.63252],[-112.9807,47.59068],[-113.02287,47.60227],[-113.0649,47.59024],[-113.02287,47.55912],[-113.00335,47.54797],[-112.9807,47.54269],[-112.93711,47.50569],[-112.9162,47.46341],[-112.89635,47.44963],[-112.85418,47.42836],[-112.81201,47.44083],[-112.78285,47.46341],[-112.81269,47.50569],[-112.84685,47.54797],[-112.81201,47.56935],[-112.77184,47.54797],[-112.73343,47.50569],[-112.75963,47.46341],[-112.75512,47.42114],[-112.72766,47.39022],[-112.72208,47.37886],[-112.7192,47.33659],[-112.65294,47.25203],[-112.64332,47.24658],[-112.60114,47.24357],[-112.55897,47.237],[-112.51795,47.20976],[-112.5168,47.20778],[-112.47462,47.18758],[-112.46496,47.16748],[-112.47462,47.16089],[-112.5168,47.14196],[-112.55897,47.15083],[-112.60114,47.16426],[-112.64332,47.16921],[-112.6494,47.16748],[-112.65686,47.1252],[-112.65225,47.08293],[-112.68549,47.06621],[-112.72766,47.06056],[-112.76984,47.06326],[-112.81201,47.06925],[-112.82429,47.08293],[-112.86994,47.1252],[-112.89635,47.16355],[-112.91239,47.16748],[-112.89635,47.17129],[-112.85418,47.18449],[-112.82735,47.16748],[-112.81201,47.15274],[-112.76984,47.15525],[-112.74411,47.16748],[-112.76984,47.17773],[-112.8069,47.20976],[-112.81201,47.21832],[-112.85418,47.24483],[-112.86186,47.25203],[-112.89635,47.26984],[-112.93578,47.29431],[-112.93853,47.29826],[-112.95224,47.33659],[-112.95771,47.37886],[-112.97929,47.42114],[-113.02082,47.46341],[-113.06505,47.48204],[-113.10722,47.48822],[-113.13829,47.50569],[-113.17456,47.54797],[-113.14939,47.57906],[-113.13781,47.59024],[-113.14939,47.60315],[-113.17044,47.63252],[-113.19157,47.67247],[-113.23374,47.69844],[-113.2473,47.71707],[-113.25582,47.75935],[-113.25752,47.80163],[-113.23694,47.8439],[-113.23374,47.84499],[-113.22805,47.8439],[-113.19157,47.82956],[-113.14939,47.81867],[-113.10722,47.82433],[-113.08476,47.8439],[-113.0846,47.88618],[-113.10722,47.91115],[-113.12919,47.92846],[-113.14939,47.96503],[-113.15379,47.97073],[-113.14939,47.97945]]},"properties":{"elev":2000,"major":true}},{"type":"Feature","geometry":{"type":"LineString","coordinates":[[-113.65547,47.7791],[-113.62288,47.75935],[-113.6133,47.74988],[-113.54475,47.71707],[-113.57112,47.69891],[-113.59967,47.6748],[-113.57112,47.65257],[-113.52895,47.64619],[-113.48678,47.64728],[-113.4504,47.63252],[-113.48678,47.61895],[-113.52895,47.59182],[-113.53734,47.54797],[-113.52895,47.53136],[-113.48678,47.53213],[-113.4742,47.54797],[-113.4446,47.55987],[-113.40243,47.56083],[-113.36026,47.54933],[-113.35917,47.54797],[-113.36026,47.53941],[-113.3699,47.50569],[-113.36026,47.4987],[-113.31808,47.48682],[-113.28753,47.46341],[-113.31808,47.43615],[-113.36026,47.42937],[-113.40243,47.43046],[-113.4446,47.44002],[-113.4501,47.42114],[-113.40243,47.40753],[-113.38311,47.37886],[-113.36026,47.37032],[-113.28605,47.33659],[-113.27591,47.3201],[-113.26845,47.33659],[-113.19157,47.36525],[-113.14939,47.37303],[-113.10722,47.3669],[-113.07867,47.33659],[-113.06505,47.31524],[-113.04798,47.29431],[-113.0245,47.25203],[-113.02287,47.22873],[-113.01617,47.20976],[-113.02287,47.20664],[-113.06505,47.16811],[-113.07872,47.20976],[-113.10722,47.23833],[-113.11828,47.25203],[-113.14939,47.27874],[-113.19157,47.28643],[-113.21225,47.25203],[-113.23374,47.23767],[-113.27591,47.22322],[-113.31808,47.22557],[-113.36026,47.27324],[-113.38897,47.29431],[-113.40243,47.30258],[-113.48678,47.36662],[-113.49294,47.37886],[-113.49938,47.42114],[-113.5099,47.46341],[-113.52895,47.4799],[-113.54755,47.50569],[-113.57112,47.51952],[-113.58717,47.54797],[-113.62311,47.59024],[-113.63815,47.63252],[-113.62583,47.6748],[-113.64633,47.71707],[-113.65547,47.72637],[-113.66759,47.75935],[-113.65547,47.7791]]},"properties":{"elev":2000,"major":true}},{"type":"Feature","geometry":{"type":"LineString","coordinates":[[-113.48678,47.71835],[-113.47013,47.71707],[-113.48678,47.71567],[-113.49309,47.71707],[-113.48678,47.71835]]},"properties":{"elev":2000,"major":true}},{"type":"Feature","geometry":{"type":"LineString","coordinates":[[-113.95068,47.6764],[-113.94903,47.6748],[-113.93765,47.63252],[-113.95068,47.6251],[-113.9529,47.63252],[-113.95068,47.6764]]},"properties":{"elev":2000,"major":true}},{"type":"Feature","geometry":{"type":"LineString","coordinates":[[-113.90851,47.59939],[-113.89073,47.54797],[-113.89158,47.50569],[-113.87436,47.46341],[-113.86633,47.4607],[-113.83152,47.42114],[-113.82416,47.40955],[-113.80815,47.37886],[-113.8071,47.33659],[-113.78199,47.29654],[-113.77356,47.29431],[-113.78199,47.29296],[-113.82416,47.27996],[-113.86633,47.28776],[-113.87976,47.29431],[-113.90851,47.31563],[-113.92142,47.33659],[-113.94312,47.37886],[-113.91296,47.42114],[-113.91563,47.46341],[-113.92918,47.54797],[-113.91341,47.59024],[-113.90851,47.59939]]},"properties":{"elev":2000,"major":true}},{"type":"Feature","geometry":{"type":"LineString","coordinates":[[-120.7827,47.50831],[-120.77132,47.50569],[-120.7827,47.5023],[-120.79461,47.50569],[-120.7827,47.50831]]},"properties":{"elev":2000,"major":true}},{"type":"Feature","geometry":{"type":"LineString","coordinates":[[-113.31808,47.30257],[-113.32486,47.29431],[-113.31808,47.28912],[-113.30421,47.29431],[-113.31808,47.30257]]},"properties":{"elev":2000,"major":true}},{"type":"Feature","geometry":{"type":"LineString","coordinates":[[-113.90851,47.14355],[-113.86633,47.16589],[-113.83488,47.1252],[-113.81737,47.08293],[-113.82416,47.07936],[-113.86633,47.07654],[-113.89008,47.04065],[-113.90851,47.02745],[-113.93236,47.04065],[-113.95068,47.05394],[-113.96562,47.08293],[-113.90851,47.14355]]},"properties":{"elev":2000,"major":true}},{"type":"Feature","geometry":{"type":"LineString","coordinates":[[-110.57684,47.08775],[-110.53467,47.06858],[-110.52242,47.04065],[-110.49249,47.00075],[-110.45032,47.01427],[-110.42549,46.99837],[-110.40815,46.96943],[-110.36598,46.96095],[-110.36079,46.9561],[-110.40499,46.91382],[-110.40815,46.90559],[-110.43697,46.87154],[-110.45032,46.80772],[-110.45718,46.78699],[-110.45032,46.78093],[-110.44318,46.78699],[-110.40815,46.80234],[-110.37685,46.78699],[-110.40016,46.74472],[-110.36598,46.72622],[-110.3238,46.72759],[-110.28163,46.74856],[-110.23946,46.7806],[-110.19728,46.78904],[-110.15511,46.77244],[-110.11294,46.76175],[-110.07076,46.75461],[-110.03424,46.74472],[-110.07076,46.72352],[-110.0881,46.70244],[-110.11294,46.68932],[-110.19728,46.65584],[-110.23946,46.6547],[-110.28163,46.65721],[-110.3238,46.65809],[-110.3418,46.66016],[-110.36598,46.6702],[-110.40815,46.68512],[-110.45032,46.69031],[-110.49249,46.68918],[-110.53467,46.69939],[-110.57684,46.71692],[-110.66119,46.73241],[-110.70336,46.73705],[-110.74553,46.73922],[-110.75764,46.74472],[-110.74553,46.77265],[-110.74063,46.78699],[-110.78771,46.80871],[-110.82988,46.82568],[-110.87205,46.85894],[-110.9564,46.8996],[-110.98133,46.91382],[-110.95716,46.9561],[-110.98357,46.99837],[-110.9564,47.02012],[-110.9248,47.04065],[-110.91422,47.04402],[-110.87205,47.0462],[-110.86737,47.04065],[-110.85093,46.99837],[-110.82988,46.98806],[-110.78771,46.97274],[-110.74553,46.94917],[-110.72947,46.9561],[-110.70336,46.99867],[-110.66119,47.02886],[-110.61901,47.03935],[-110.60902,47.04065],[-110.57684,47.08775]]},"properties":{"elev":2000,"major":true}},{"type":"Feature","geometry":{"type":"LineString","coordinates":[[-121.79485,46.91911],[-121.75268,46.93142],[-121.71051,46.92219],[-121.69065,46.91382],[-121.66833,46.9025],[-121.63939,46.87154],[-121.66833,46.83548],[-121.67557,46.82927],[-121.71051,46.81511],[-121.75268,46.81699],[-121.78676,46.82927],[-121.79485,46.83403],[-121.82191,46.87154],[-121.80019,46.91382],[-121.79485,46.91911]]},"properties":{"elev":2000,"major":true}},{"type":"Feature","geometry":{"type":"LineString","coordinates":[[-111.71551,46.91976],[-111.70869,46.91382],[-111.71551,46.91175],[-111.72181,46.91382],[-111.71551,46.91976]]},"properties":{"elev":2000,"major":true}},{"type":"Feature","geometry":{"type":"LineString","coordinates":[[-111.58899,46.91394],[-111.58785,46.91382],[-111.58899,46.91291],[-111.59615,46.91382],[-111.58899,46.91394]]},"properties":{"elev":2000,"major":true}},{"type":"Feature","geometry":{"type":"LineString","coordinates":[[-112.5168,46.8477],[-112.50264,46.82927],[-112.49973,46.78699],[-112.47462,46.75244],[-112.46412,46.74472],[-112.47462,46.73564],[-112.5168,46.7269],[-112.55026,46.74472],[-112.55155,46.78699],[-112.544,46.82927],[-112.5168,46.8477]]},"properties":{"elev":2000,"major":true}},{"type":"Feature","geometry":{"type":"LineString","coordinates":[[-109.35382,46.83494],[-109.31165,46.83105],[-109.26948,46.8136],[-109.2327,46.78699],[-109.2102,46.74472],[-109.22731,46.72809],[-109.26948,46.71824],[-109.31165,46.72821],[-109.35382,46.745],[-109.43817,46.74738],[-109.52252,46.76848],[-109.56237,46.78699],[-109.52252,46.81364],[-109.43817,46.82333],[-109.396,46.82686],[-109.35382,46.83494]]},"properties":{"elev":2000,"major":true}},{"type":"Feature","geometry":{"type":"LineString","coordinates":[[-111.50465,46.80094],[-111.47684,46.78699],[-111.50465,46.77909],[-111.51835,46.78699],[-111.50465,46.80094]]},"properties":{"elev":2000,"major":true}},{"type":"Feature","geometry":{"type":"LineString","coordinates":[[-112.85418,46.75225],[-112.83841,46.74472],[-112.85418,46.73506],[-112.86342,46.74472],[-112.85418,46.75225]]},"properties":{"elev":2000,"major":true}},{"type":"Feature","geometry":{"type":"LineString","coordinates":[[-114.24589,46.70799],[-114.20372,46.71955],[-114.16154,46.70974],[-114.15161,46.70244],[-114.16154,46.65972],[-114.18132,46.61789],[-114.20372,46.58722],[-114.22786,46.57561],[-114.20372,46.553],[-114.1989,46.53333],[-114.20372,46.52643],[-114.28806,46.50419],[-114.33028,46.49106],[-114.28806,46.47707],[-114.26744,46.44878],[-114.28806,46.43055],[-114.33024,46.41251],[-114.33644,46.4065],[-114.33024,46.39669],[-114.2984,46.36423],[-114.28806,46.3461],[-114.28146,46.32195],[-114.28806,46.28977],[-114.29421,46.27967],[-114.29058,46.2374],[-114.28806,46.23635],[-114.25721,46.19512],[-114.28298,46.15285],[-114.28806,46.14998],[-114.33024,46.13625],[-114.35456,46.11057],[-114.33024,46.07957],[-114.32675,46.06829],[-114.29869,46.02602],[-114.28806,46.01543],[-114.24589,45.99473],[-114.23691,45.98374],[-114.24296,45.94146],[-114.23005,45.89919],[-114.24589,45.87992],[-114.2812,45.85691],[-114.28806,45.8509],[-114.33024,45.82928],[-114.37241,45.82161],[-114.39445,45.81463],[-114.41458,45.80613],[-114.45675,45.79598],[-114.49893,45.78103],[-114.53464,45.77236],[-114.5411,45.76861],[-114.54646,45.77236],[-114.57955,45.81463],[-114.57316,45.85691],[-114.5411,45.86317],[-114.49893,45.87703],[-114.44561,45.89919],[-114.45675,45.90613],[-114.48845,45.94146],[-114.4405,45.98374],[-114.45675,45.99819],[-114.49893,46.0016],[-114.51831,45.98374],[-114.5411,45.96973],[-114.58327,45.96343],[-114.62545,45.98151],[-114.62713,45.98374],[-114.58327,46.02652],[-114.5411,46.03519],[-114.50031,46.06829],[-114.51684,46.11057],[-114.51309,46.15285],[-114.5411,46.17956],[-114.58327,46.19164],[-114.62545,46.18771],[-114.63296,46.19512],[-114.62545,46.2028],[-114.58327,46.21243],[-114.5411,46.21181],[-114.49893,46.21419],[-114.46324,46.2374],[-114.48829,46.27967],[-114.45675,46.31748],[-114.45082,46.32195],[-114.47108,46.36423],[-114.45675,46.37164],[-114.41604,46.4065],[-114.41288,46.44878],[-114.42535,46.49106],[-114.40025,46.53333],[-114.37123,46.57561],[-114.35015,46.61789],[-114.33699,46.66016],[-114.33024,46.66496],[-114.28806,46.66553],[-114.25661,46.70244],[-114.24589,46.70799]]},"properties":{"elev":2000,"major":true}},{"type":"Feature","geometry":{"type":"LineString","coordinates":[[-113.52895,46.58704],[-113.48678,46.58316],[-113.46659,46.57561],[-113.4446,46.56549],[-113.42296,46.53333],[-113.43828,46.49106],[-113.4446,46.46878],[-113.44771,46.49106],[-113.47791,46.53333],[-113.48678,46.5536],[-113.52895,46.55105],[-113.5398,46.57561],[-113.52895,46.58704]]},"properties":{"elev":2000,"major":true}},{"type":"Feature","geometry":{"type":"LineString","coordinates":[[-111.37813,46.58748],[-111.33595,46.61766],[-111.29378,46.61619],[-111.25161,46.58783],[-111.23975,46.57561],[-111.20916,46.53333],[-111.16726,46.50916],[-111.12509,46.48749],[-111.08329,46.44878],[-111.12509,46.41126],[-111.16726,46.40389],[-111.20944,46.41011],[-111.25161,46.43086],[-111.2677,46.44878],[-111.26941,46.49106],[-111.29378,46.5159],[-111.33595,46.52743],[-111.34789,46.53333],[-111.37813,46.56184],[-111.38532,46.57561],[-111.37813,46.58748]]},"properties":{"elev":2000,"major":true}},{"type":"Feature","geometry":{"type":"LineString","coordinates":[[-113.65547,46.53794],[-113.64685,46.53333],[-113.6133,46.50032],[-113.57112,46.52622],[-113.52895,46.51307],[-113.52443,46.49106],[-113.54789,46.44878],[-113.57112,46.42507],[-113.6133,46.43721],[-113.65547,46.45386],[-113.69764,46.47597],[-113.71022,46.49106],[-113.69764,46.51079],[-113.66806,46.53333],[-113.65547,46.53794]]},"properties":{"elev":2000,"major":true}},{"type":"Feature","geometry":{"type":"LineString","coordinates":[[-110.74553,46.54978],[-110.70336,46.54837],[-110.66119,46.54389],[-110.63071,46.53333],[-110.61947,46.49106],[-110.66119,46.46453],[-110.70336,46.43038],[-110.74553,46.42302],[-110.78771,46.44477],[-110.79253,46.44878],[-110.81307,46.49106],[-110.78771,46.52521],[-110.74553,46.54978]]},"properties":{"elev":2000,"major":true}},{"type":"Feature","geometry":{"type":"LineString","coordinates":[[-113.06505,46.50294],[-113.02287,46.49627],[-112.9807,46.481],[-112.93853,46.45235],[-112.89635,46.41631],[-112.88892,46.4065],[-112.88217,46.36423],[-112.89635,46.3432],[-112.95375,46.27967],[-112.94368,46.2374],[-112.9807,46.20355],[-113.00359,46.19512],[-113.02287,46.17954],[-113.04272,46.15285],[-113.02287,46.14623],[-112.9807,46.12386],[-112.96302,46.11057],[-112.96373,46.06829],[-112.93853,46.04428],[-112.89635,46.03779],[-112.86788,46.02602],[-112.85418,46.0161],[-112.8269,45.98374],[-112.81201,45.97507],[-112.76984,45.95762],[-112.74557,45.94146],[-112.74925,45.89919],[-112.73517,45.85691],[-112.75036,45.81463],[-112.76984,45.79812],[-112.81201,45.77611],[-112.83108,45.77236],[-112.81201,45.77016],[-112.76984,45.73628],[-112.76508,45.73008],[-112.76984,45.71783],[-112.78857,45.6878],[-112.78748,45.64553],[-112.77079,45.60325],[-112.76781,45.56098],[-112.76315,45.5187],[-112.76984,45.49509],[-112.78302,45.47642],[-112.79434,45.43415],[-112.78922,45.39187],[-112.78778,45.34959],[-112.81201,45.32503],[-112.84969,45.30732],[-112.89635,45.27389],[-112.90699,45.26504],[-112.91508,45.22276],[-112.93853,45.20541],[-112.95154,45.22276],[-112.9807,45.25346],[-112.9942,45.26504],[-113.02287,45.27328],[-113.06505,45.28841],[-113.09498,45.30732],[-113.10722,45.33504],[-113.11635,45.30732],[-113.11291,45.26504],[-113.11227,45.22276],[-113.10795,45.13821],[-113.14939,45.09827],[-113.19157,45.08901],[-113.23374,45.07004],[-113.26123,45.05366],[-113.30354,45.01138],[-113.29455,44.96911],[-113.27591,44.94848],[-113.23374,44.95916],[-113.22228,44.96911],[-113.19157,44.9836],[-113.14939,44.99157],[-113.10722,44.9799],[-113.09293,44.96911],[-113.06505,44.93666],[-113.05342,44.92683],[-113.02287,44.89102],[-112.99176,44.92683],[-112.9807,44.934],[-112.93853,44.95324],[-112.89635,44.94272],[-112.8744,44.92683],[-112.83342,44.88455],[-112.81201,44.85148],[-112.80457,44.84228],[-112.7885,44.8],[-112.76984,44.77447],[-112.75488,44.75772],[-112.71072,44.71545],[-112.68549,44.68138],[-112.67445,44.67317],[-112.64332,44.65491],[-112.60114,44.63614],[-112.55897,44.64661],[-112.5168,44.65539],[-112.47462,44.65461],[-112.46679,44.67317],[-112.47462,44.67784],[-112.5168,44.67849],[-112.55897,44.68569],[-112.5869,44.71545],[-112.56283,44.75772],[-112.60114,44.76087],[-112.64332,44.78133],[-112.66065,44.8],[-112.68549,44.82097],[-112.72766,44.86682],[-112.74189,44.88455],[-112.76955,44.92683],[-112.78819,44.96911],[-112.77416,45.01138],[-112.76984,45.0185],[-112.74154,45.05366],[-112.72766,45.06401],[-112.68549,45.07632],[-112.64332,45.07027],[-112.60114,45.06649],[-112.55897,45.04993],[-112.5168,45.0297],[-112.48932,45.01138],[-112.47462,45.00365],[-112.43245,44.98643],[-112.39028,44.95628],[-112.34811,44.93053],[-112.32384,44.96911],[-112.34012,45.01138],[-112.34811,45.018],[-112.39028,45.04498],[-112.40097,45.05366],[-112.47462,45.07635],[-112.49968,45.09593],[-112.51164,45.13821],[-112.47462,45.16636],[-112.43245,45.17458],[-112.41858,45.18049],[-112.39028,45.20409],[-112.36325,45.22276],[-112.34811,45.23903],[-112.33925,45.26504],[-112.30593,45.30176],[-112.29877,45.30732],[-112.26594,45.34959],[-112.22159,45.38442],[-112.17941,45.35103],[-112.15362,45.30732],[-112.15548,45.26504],[-112.18643,45.22276],[-112.22159,45.19057],[-112.23759,45.18049],[-112.23921,45.13821],[-112.26376,45.10836],[-112.27636,45.09593],[-112.26376,45.07974],[-112.23589,45.05366],[-112.22159,45.04819],[-112.17941,45.05761],[-112.13724,45.02844],[-112.09507,45.02356],[-112.05289,45.04737],[-112.03896,45.05366],[-112.01072,45.08831],[-112.00758,45.09593],[-112.04701,45.13821],[-112.05289,45.1483],[-112.06521,45.18049],[-112.05193,45.22276],[-112.01942,45.26504],[-112.01072,45.27168],[-111.92638,45.29148],[-111.90808,45.30732],[-111.90432,45.34959],[-111.92638,45.37855],[-111.96855,45.38533],[-112.01072,45.41404],[-112.03528,45.43415],[-112.05289,45.44427],[-112.09507,45.47861],[-112.12809,45.5187],[-112.13724,45.52495],[-112.17941,45.54599],[-112.19361,45.56098],[-112.19099,45.60325],[-112.17941,45.62059],[-112.16512,45.64553],[-112.13724,45.67093],[-112.11187,45.6878],[-112.09507,45.71155],[-112.07995,45.73008],[-112.05289,45.75516],[-112.01072,45.7695],[-111.98324,45.73008],[-111.92638,45.70119],[-111.89381,45.64553],[-111.8842,45.63362],[-111.83897,45.60325],[-111.83017,45.56098],[-111.8342,45.5187],[-111.8312,45.47642],[-111.8207,45.43415],[-111.84203,45.39382],[-111.84618,45.39187],[-111.87225,45.34959],[-111.84462,45.30732],[-111.84203,45.30049],[-111.83698,45.26504],[-111.81671,45.22276],[-111.79986,45.19247],[-111.79103,45.18049],[-111.75768,45.12409],[-111.7365,45.09593],[-111.7208,45.05366],[-111.71551,45.04981],[-111.68393,45.01138],[-111.67334,44.99368],[-111.63117,44.94732],[-111.60485,44.92683],[-111.58899,44.89183],[-111.57878,44.88455],[-111.56658,44.84228],[-111.54682,44.8191],[-111.51942,44.8],[-111.50465,44.79191],[-111.46247,44.79844],[-111.46178,44.8],[-111.48801,44.84228],[-111.50465,44.85082],[-111.54086,44.88455],[-111.54682,44.90346],[-111.56563,44.92683],[-111.57676,44.96911],[-111.58073,45.01138],[-111.58274,45.05366],[-111.56389,45.09593],[-111.5672,45.13821],[-111.5563,45.18049],[-111.58228,45.22276],[-111.59715,45.26504],[-111.58638,45.30732],[-111.54713,45.34959],[-111.56588,45.39187],[-111.59085,45.43415],[-111.59932,45.47642],[-111.58899,45.50929],[-111.57974,45.5187],[-111.54682,45.53114],[-111.50465,45.5249],[-111.46247,45.50621],[-111.4203,45.49027],[-111.39505,45.47642],[-111.37813,45.47093],[-111.33595,45.47195],[-111.29378,45.47764],[-111.25161,45.46449],[-111.2252,45.47642],[-111.20944,45.48891],[-111.18455,45.5187],[-111.16726,45.52518],[-111.12509,45.53428],[-111.08292,45.54519],[-111.04074,45.55902],[-110.99857,45.56254],[-110.9564,45.57375],[-110.92291,45.60325],[-110.91422,45.60517],[-110.87205,45.60351],[-110.82988,45.58883],[-110.79694,45.56098],[-110.78771,45.55694],[-110.74958,45.5187],[-110.75634,45.47642],[-110.772,45.43415],[-110.78771,45.41168],[-110.80798,45.39187],[-110.82988,45.37561],[-110.87554,45.34959],[-110.90216,45.30732],[-110.90176,45.26504],[-110.91422,45.25071],[-110.94318,45.22276],[-110.91953,45.18049],[-110.87205,45.17328],[-110.84675,45.13821],[-110.82988,45.10934],[-110.81568,45.09593],[-110.78771,45.07497],[-110.7733,45.05366],[-110.74553,45.03613],[-110.70336,45.014],[-110.69634,45.01138],[-110.66119,44.99111],[-110.63627,45.01138],[-110.63896,45.05366],[-110.66119,45.06238],[-110.70336,45.06815],[-110.74337,45.09593],[-110.76964,45.13821],[-110.78771,45.17915],[-110.82988,45.2134],[-110.83385,45.22276],[-110.78771,45.24934],[-110.74553,45.27586],[-110.70336,45.31306],[-110.66119,45.33495],[-110.61901,45.34504],[-110.58589,45.34959],[-110.57684,45.35621],[-110.55805,45.43415],[-110.53095,45.47642],[-110.5059,45.5187],[-110.48583,45.56098],[-110.4752,45.60325],[-110.45032,45.62127],[-110.40815,45.62263],[-110.36053,45.60325],[-110.3238,45.57595],[-110.30677,45.56098],[-110.28163,45.55239],[-110.23946,45.55832],[-110.20304,45.5187],[-110.19728,45.50599],[-110.1932,45.5187],[-110.15511,45.55388],[-110.07076,45.54563],[-110.05179,45.56098],[-110.02859,45.5891],[-109.98642,45.59465],[-109.94425,45.59282],[-109.90207,45.56781],[-109.88594,45.56098],[-109.90207,45.53243],[-109.9055,45.5187],[-109.93078,45.47642],[-109.90979,45.43415],[-109.90207,45.4274],[-109.86967,45.39187],[-109.8599,45.38738],[-109.81773,45.41127],[-109.77555,45.40652],[-109.73338,45.38897],[-109.69121,45.36951],[-109.66234,45.34959],[-109.64904,45.33597],[-109.60686,45.29868],[-109.56469,45.27009],[-109.5405,45.26504],[-109.52252,45.26367],[-109.48034,45.25383],[-109.43817,45.24563],[-109.396,45.24002],[-109.35382,45.22978],[-109.33957,45.22276],[-109.31165,45.19927],[-109.29371,45.18049],[-109.26948,45.15161],[-109.255,45.13821],[-109.22731,45.11797],[-109.21496,45.09593],[-109.22329,45.05366],[-109.22731,45.04825],[-109.26394,45.01138],[-109.26948,45.00212],[-109.31165,44.86634],[-109.32449,44.84228],[-109.35382,44.80804],[-109.396,44.80626],[-109.41034,44.8],[-109.396,44.78789],[-109.35382,44.79356],[-109.31165,44.77912],[-109.3037,44.75772],[-109.29796,44.71545],[-109.26948,44.68702],[-109.24997,44.67317],[-109.22731,44.64213],[-109.21274,44.63089],[-109.19804,44.58862],[-109.16532,44.54634],[-109.18513,44.52802],[-109.22731,44.52678],[-109.26948,44.5348],[-109.31165,44.53411],[-109.35382,44.52782],[-109.396,44.51793],[-109.43482,44.50407],[-109.43817,44.49961],[-109.48034,44.4792],[-109.53423,44.46179],[-109.43817,44.45608],[-109.396,44.45144],[-109.35393,44.46179],[-109.31165,44.47613],[-109.2866,44.46179],[-109.31165,44.43674],[-109.32505,44.41951],[-109.35382,44.39123],[-109.36521,44.37724],[-109.396,44.34563],[-109.41976,44.33496],[-109.396,44.32608],[-109.35382,44.33197],[-109.31165,44.35525],[-109.26948,44.36786],[-109.22731,44.37442],[-109.18513,44.37658],[-109.14296,44.37232],[-109.10075,44.33496],[-109.05861,44.3017],[-109.01988,44.29268],[-109.01644,44.29073],[-108.9781,44.25041],[-109.01656,44.20813],[-109.03526,44.16585],[-109.05114,44.12358],[-109.01712,44.0813],[-108.97427,44.0637],[-108.93209,44.07082],[-108.88992,44.07289],[-108.87179,44.03902],[-108.84421,43.99675],[-108.80558,43.95279],[-108.7634,43.91714],[-108.75601,43.9122],[-108.7501,43.86992],[-108.76627,43.82764],[-108.81195,43.78537],[-108.82126,43.74309],[-108.83459,43.70081],[-108.80558,43.68952],[-108.7634,43.68125],[-108.72123,43.67679],[-108.67906,43.67521],[-108.63688,43.66839],[-108.61018,43.65854],[-108.59471,43.65119],[-108.55716,43.61626],[-108.51036,43.57569],[-108.48586,43.53171],[-108.51036,43.49282],[-108.55254,43.50655],[-108.59471,43.51279],[-108.63688,43.51601],[-108.67906,43.52404],[-108.70053,43.53171],[-108.72123,43.53586],[-108.7634,43.53967],[-108.80558,43.54596],[-108.84775,43.55833],[-108.88992,43.55152],[-108.9233,43.53171],[-108.92716,43.48943],[-108.93209,43.48339],[-108.97427,43.4474],[-109.01644,43.44978],[-109.05861,43.45842],[-109.10059,43.44715],[-109.14296,43.42569],[-109.18513,43.42227],[-109.22731,43.43617],[-109.26948,43.45209],[-109.31165,43.45992],[-109.35382,43.45388],[-109.38491,43.44715],[-109.35382,43.43049],[-109.33179,43.40488],[-109.31165,43.38676],[-109.29381,43.3626],[-109.22731,43.29109],[-109.20945,43.27805],[-109.18513,43.26515],[-109.13839,43.23577],[-109.17168,43.1935],[-109.14296,43.18021],[-109.10079,43.15558],[-109.09628,43.15122],[-109.06992,43.10894],[-109.05861,43.09837],[-109.01644,43.08115],[-109.00262,43.06667],[-109.01256,43.02439],[-108.98371,42.98211],[-108.89599,42.89756],[-108.85991,42.85528],[-108.84775,42.84319],[-108.82309,42.81301],[-108.80558,42.79458],[-108.7634,42.76456],[-108.72123,42.72588],[-108.6896,42.68618],[-108.67906,42.67495],[-108.63688,42.64248],[-108.59471,42.62637],[-108.55254,42.61731],[-108.51036,42.61104],[-108.46819,42.6074],[-108.42602,42.60828],[-108.42074,42.60163],[-108.38385,42.56904],[-108.34167,42.57908],[-108.2995,42.58673],[-108.25733,42.611],[-108.23213,42.6439],[-108.18351,42.68618],[-108.15757,42.72846],[-108.13081,42.75894],[-108.11978,42.77073],[-108.08863,42.79339],[-108.04646,42.79451],[-108.00429,42.78189],[-107.98211,42.77073],[-107.96212,42.75875],[-107.87777,42.77669],[-107.8356,42.77322],[-107.79342,42.75806],[-107.75125,42.72369],[-107.70908,42.73243],[-107.6669,42.76418],[-107.66193,42.77073],[-107.62473,42.79945],[-107.58806,42.81301],[-107.58256,42.81623],[-107.54039,42.84942],[-107.53597,42.85528],[-107.51429,42.89756],[-107.49821,42.93563],[-107.45604,42.93934],[-107.41387,42.92705],[-107.3729,42.89756],[-107.32952,42.8796],[-107.29509,42.85528],[-107.28735,42.85133],[-107.24518,42.83934],[-107.19722,42.81301],[-107.11866,42.79623],[-107.07648,42.77416],[-107.03431,42.76072],[-106.99214,42.75835],[-106.94996,42.7465],[-106.8691,42.72846],[-106.90779,42.7043],[-106.94996,42.70198],[-106.99214,42.69524],[-107.03431,42.69249],[-107.05197,42.68618],[-107.07648,42.6694],[-107.10897,42.6439],[-107.11866,42.64009],[-107.16083,42.63583],[-107.24518,42.65479],[-107.28735,42.62726],[-107.31427,42.60163],[-107.32952,42.58265],[-107.35642,42.55935],[-107.37169,42.55147],[-107.41387,42.53723],[-107.45604,42.52661],[-107.49821,42.50511],[-107.54039,42.50157],[-107.56531,42.51707],[-107.5673,42.55935],[-107.53592,42.60163],[-107.58256,42.62191],[-107.62473,42.62734],[-107.6669,42.62777],[-107.70908,42.61432],[-107.79342,42.591],[-107.8356,42.57581],[-107.84436,42.55935],[-107.87777,42.54707],[-107.91994,42.57226],[-107.96212,42.58963],[-107.99892,42.55935],[-108.00429,42.55172],[-108.04646,42.52951],[-108.08863,42.52159],[-108.09128,42.51707],[-108.04646,42.49867],[-107.96212,42.48267],[-107.91994,42.47771],[-107.91342,42.4748],[-107.87777,42.46484],[-107.8356,42.44477],[-107.79342,42.45496],[-107.75125,42.4553],[-107.64141,42.43252],[-107.58256,42.4256],[-107.54039,42.41819],[-107.49821,42.39655],[-107.49269,42.39024],[-107.45604,42.32661],[-107.42321,42.34797],[-107.37169,42.36212],[-107.32952,42.36609],[-107.28735,42.36637],[-107.203,42.36141],[-107.16083,42.35663],[-107.14033,42.34797],[-107.11866,42.33617],[-107.10258,42.30569],[-107.07648,42.27458],[-107.05737,42.26341],[-107.03431,42.25838],[-106.99214,42.25204],[-106.94996,42.23683],[-106.90779,42.20778],[-106.86562,42.194],[-106.82345,42.20243],[-106.78702,42.22114],[-106.74257,42.26341],[-106.78127,42.28362],[-106.82345,42.28922],[-106.85437,42.30569],[-106.86562,42.32101],[-106.8788,42.34797],[-106.86562,42.36178],[-106.82345,42.38479],[-106.79169,42.39024],[-106.78127,42.39586],[-106.7391,42.42796],[-106.7357,42.43252],[-106.6712,42.4748],[-106.65475,42.47943],[-106.57041,42.46816],[-106.52823,42.46915],[-106.48606,42.45699],[-106.44389,42.43006],[-106.40172,42.4187],[-106.39021,42.43252],[-106.40172,42.45276],[-106.41218,42.4748],[-106.40172,42.49776],[-106.39516,42.51707],[-106.35954,42.5429],[-106.3304,42.55935],[-106.34079,42.60163],[-106.35954,42.64272],[-106.37488,42.68618],[-106.40172,42.71881],[-106.41831,42.72846],[-106.37719,42.77073],[-106.35954,42.77531],[-106.31737,42.78105],[-106.2752,42.78029],[-106.23302,42.77374],[-106.22403,42.77073],[-106.19085,42.73372],[-106.18863,42.72846],[-106.16072,42.68618],[-106.14868,42.67643],[-106.1065,42.69058],[-106.06433,42.69858],[-106.02216,42.70165],[-105.97999,42.71116],[-105.93781,42.71623],[-105.89564,42.73136],[-105.85098,42.72846],[-105.81129,42.68549],[-105.76912,42.6866],[-105.72695,42.64473],[-105.73019,42.60163],[-105.72695,42.59817],[-105.68477,42.59123],[-105.6426,42.58594],[-105.61918,42.55935],[-105.57301,42.51707],[-105.53726,42.4748],[-105.51608,42.43845],[-105.51115,42.43252],[-105.47391,42.40982],[-105.43174,42.39238],[-105.38956,42.37144],[-105.35832,42.34797],[-105.34739,42.32738],[-105.32548,42.26341],[-105.34142,42.22114],[-105.34447,42.17886],[-105.31718,42.13659],[-105.31047,42.09431],[-105.31629,42.05203],[-105.34739,42.01658],[-105.35468,42.00976],[-105.35456,41.96748],[-105.39276,41.9252],[-105.38159,41.88293],[-105.36791,41.84065],[-105.37115,41.79837],[-105.37609,41.7561],[-105.30522,41.72786],[-105.26305,41.73337],[-105.22087,41.73379],[-105.16483,41.71382],[-105.16773,41.67154],[-105.1787,41.64292],[-105.18208,41.62927],[-105.20059,41.58699],[-105.23832,41.54472],[-105.22087,41.53389],[-105.19686,41.54472],[-105.1787,41.56173],[-105.13653,41.57577],[-105.09435,41.57768],[-105.06956,41.54472],[-105.04513,41.50244],[-105.0362,41.46016],[-105.04255,41.41789],[-105.01001,41.40053],[-104.97374,41.37561],[-104.9717,41.33333],[-104.95849,41.29106],[-104.96029,41.24878],[-105.00139,41.2065],[-105.01001,41.19264],[-105.03694,41.16423],[-105.01001,41.15249],[-104.97709,41.12195],[-104.97376,41.07967],[-104.99173,41.0374],[-105.05248,40.99512],[-105.09435,40.97621],[-105.13653,40.96425],[-105.16111,40.95285],[-105.1787,40.93364],[-105.19303,40.91057],[-105.22087,40.88778],[-105.26305,40.88728],[-105.30522,40.87929],[-105.3285,40.86829],[-105.34739,40.84218],[-105.35015,40.82602],[-105.34981,40.78374],[-105.34739,40.77976],[-105.30522,40.75409],[-105.28984,40.74146],[-105.30183,40.69919],[-105.26305,40.66604],[-105.23073,40.61463],[-105.22642,40.57236],[-105.26305,40.53911],[-105.26833,40.53008],[-105.26572,40.4878],[-105.27083,40.44553],[-105.27228,40.40325],[-105.27043,40.36098],[-105.29442,40.3187],[-105.30522,40.30611],[-105.32247,40.27642],[-105.3334,40.23415],[-105.31305,40.19187],[-105.30502,40.14959],[-105.3207,40.06504],[-105.33666,40.02276],[-105.30522,39.99792],[-105.28815,39.98049],[-105.27316,39.93821],[-105.26305,39.91734],[-105.25006,39.89593],[-105.24661,39.85366],[-105.24489,39.81138],[-105.24552,39.76911],[-105.21531,39.72683],[-105.19846,39.68455],[-105.19798,39.64228],[-105.175,39.6],[-105.15936,39.55772],[-105.1324,39.51545],[-105.11661,39.47317],[-105.09435,39.43998],[-105.07659,39.43089],[-105.05218,39.42222],[-105.01115,39.38862],[-104.97707,39.30407],[-104.96783,39.28556],[-104.92566,39.29687],[-104.92107,39.30407],[-104.88349,39.32894],[-104.84132,39.33591],[-104.80826,39.34634],[-104.79914,39.35071],[-104.75697,39.33975],[-104.7148,39.33985],[-104.70442,39.34634],[-104.67262,39.37643],[-104.63911,39.38862],[-104.63045,39.39556],[-104.62454,39.38862],[-104.58828,39.3678],[-104.5461,39.37793],[-104.50489,39.34634],[-104.46176,39.30907],[-104.41959,39.32074],[-104.41268,39.30407],[-104.40986,39.26179],[-104.4089,39.21951],[-104.41422,39.17724],[-104.37741,39.15016],[-104.34696,39.13496],[-104.35524,39.09268],[-104.33524,39.06115],[-104.32372,39.05041],[-104.29307,39.04059],[-104.25089,39.03797],[-104.20872,39.04544],[-104.1847,39.00813],[-104.19363,38.96585],[-104.20872,38.93046],[-104.25089,38.92976],[-104.29307,38.9415],[-104.33433,38.96585],[-104.37741,38.99935],[-104.41959,38.98489],[-104.46176,38.95867],[-104.5461,38.88592],[-104.56099,38.8813],[-104.58828,38.87742],[-104.67262,38.88697],[-104.7148,38.89373],[-104.75697,38.91473],[-104.76826,38.92358],[-104.79914,38.95874],[-104.83298,38.92358],[-104.84132,38.91823],[-104.85859,38.8813],[-104.86206,38.83902],[-104.84558,38.79675],[-104.81502,38.75447],[-104.8217,38.7122],[-104.85944,38.62764],[-104.88349,38.60248],[-104.92566,38.57944],[-104.96783,38.5596],[-105.01001,38.55693],[-105.05218,38.54465],[-105.09435,38.52434],[-105.13653,38.51585],[-105.1787,38.52908],[-105.19747,38.54309],[-105.22087,38.58405],[-105.26305,38.55145],[-105.30522,38.49959],[-105.34739,38.51269],[-105.38956,38.51864],[-105.40099,38.50081],[-105.39538,38.45854],[-105.35533,38.41626],[-105.34739,38.41088],[-105.30522,38.40404],[-105.26305,38.39034],[-105.24146,38.37398],[-105.20394,38.33171],[-105.1787,38.30804],[-105.13653,38.27306],[-105.10745,38.24715],[-105.09435,38.23325],[-105.05218,38.19944],[-105.01001,38.17622],[-104.98793,38.1626],[-104.94894,38.12033],[-104.96878,38.07805],[-104.94044,38.03577],[-104.9066,37.9935],[-104.88847,37.95122],[-104.88889,37.90894],[-104.88667,37.86667],[-104.89543,37.82439],[-104.91885,37.78211],[-104.92566,37.7742],[-104.96783,37.74195],[-104.97611,37.73984],[-104.96783,37.72272],[-104.93901,37.69756],[-104.92566,37.69285],[-104.88349,37.66053],[-104.84132,37.58245],[-104.81018,37.57073],[-104.79914,37.56901],[-104.7148,37.5285],[-104.67095,37.48618],[-104.64791,37.4439],[-104.64293,37.40163],[-104.59984,37.35935],[-104.58565,37.31707],[-104.54323,37.2748],[-104.52374,37.23252],[-104.5461,37.19042],[-104.58828,37.16122],[-104.63045,37.15081],[-104.63625,37.14797],[-104.63045,37.13289],[-104.58828,37.10744],[-104.5461,37.12304],[-104.50393,37.13187],[-104.46176,37.1508],[-104.41959,37.14627],[-104.35903,37.10569],[-104.33524,37.09635],[-104.29307,37.06806],[-104.284,37.06341],[-104.25089,37.05544],[-104.20872,37.02995],[-104.16655,37.00135],[-104.12437,36.98464],[-104.0822,36.9612],[-104.04003,36.9663],[-104.0056,36.97886],[-103.95568,36.99981],[-103.91351,36.9975],[-103.87963,36.97886],[-103.8853,36.93659],[-103.89973,36.89431],[-103.92258,36.85203],[-103.91351,36.83683],[-103.87134,36.82584],[-103.82916,36.83188],[-103.81654,36.80976],[-103.80137,36.76748],[-103.79427,36.7252],[-103.7912,36.68293],[-103.80871,36.64065],[-103.82916,36.62146],[-103.87134,36.59494],[-103.91351,36.54368],[-103.95568,36.51807],[-103.96896,36.51382],[-103.99786,36.50843],[-104.04003,36.48739],[-104.06826,36.47154],[-104.12437,36.45519],[-104.16655,36.43949],[-104.20872,36.4358],[-104.25089,36.44681],[-104.2659,36.47154],[-104.29307,36.49737],[-104.34341,36.5561],[-104.33999,36.59837],[-104.3589,36.64065],[-104.37741,36.66887],[-104.41959,36.66911],[-104.43244,36.68293],[-104.41959,36.69871],[-104.37741,36.69267],[-104.33524,36.71585],[-104.29307,36.75532],[-104.27713,36.76748],[-104.29307,36.78993],[-104.3043,36.80976],[-104.33524,36.82887],[-104.36442,36.85203],[-104.37741,36.86082],[-104.41959,36.86335],[-104.45019,36.85203],[-104.46176,36.84014],[-104.46888,36.80976],[-104.5461,36.74124],[-104.58828,36.72904],[-104.63045,36.68675],[-104.67262,36.65564],[-104.7148,36.64561],[-104.74792,36.64065],[-104.75697,36.63764],[-104.78868,36.59837],[-104.81679,36.5561],[-104.84132,36.5358],[-104.89264,36.51382],[-104.91762,36.47154],[-104.90044,36.42927],[-104.90173,36.38699],[-104.88349,36.36121],[-104.84132,36.34917],[-104.79914,36.32379],[-104.75697,36.30896],[-104.75034,36.30244],[-104.75697,36.29593],[-104.79914,36.28689],[-104.84132,36.27303],[-104.86324,36.26016],[-104.86945,36.21789],[-104.84132,36.19941],[-104.79914,36.18506],[-104.78646,36.17561],[-104.75149,36.13333],[-104.75291,36.09106],[-104.77103,36.04878],[-104.79513,36.0065],[-104.79914,35.98583],[-104.80091,35.96423],[-104.81257,35.92195],[-104.83288,35.87967],[-104.84132,35.8716],[-104.88349,35.84535],[-104.92566,35.83753],[-104.96783,35.83619],[-104.99651,35.79512],[-104.96783,35.76519],[-104.92566,35.75951],[-104.91051,35.75285],[-104.88349,35.73987],[-104.84132,35.71528],[-104.8343,35.71057],[-104.79914,35.68023],[-104.76078,35.66829],[-104.7477,35.62602],[-104.75697,35.62074],[-104.79914,35.61128],[-104.84132,35.61664],[-104.87614,35.58374],[-104.88007,35.54146],[-104.87676,35.49919],[-104.88349,35.49193],[-104.92566,35.4703],[-104.96783,35.47763],[-105.01001,35.49267],[-105.05218,35.49852],[-105.09435,35.49687],[-105.10401,35.49919],[-105.13073,35.54146],[-105.17598,35.58374],[-105.1787,35.58763],[-105.22087,35.59399],[-105.22363,35.58374],[-105.26305,35.52647],[-105.29445,35.49919],[-105.30522,35.46862],[-105.30671,35.45691],[-105.34739,35.41469],[-105.38956,35.4142],[-105.43174,35.4287],[-105.47391,35.44121],[-105.51608,35.42816],[-105.52162,35.41463],[-105.51608,35.40999],[-105.4885,35.37236],[-105.48709,35.33008],[-105.47391,35.31015],[-105.4522,35.2878],[-105.45125,35.24553],[-105.47391,35.22623],[-105.55826,35.208],[-105.56518,35.20325],[-105.55826,35.19756],[-105.51608,35.17988],[-105.49473,35.16098],[-105.47206,35.1187],[-105.47391,35.10804],[-105.48714,35.07642],[-105.51608,35.0475],[-105.52452,35.03415],[-105.51608,35.02027],[-105.48782,34.99187],[-105.47815,34.94959],[-105.49308,34.90732],[-105.51015,34.86504],[-105.55826,34.83612],[-105.56792,34.82276],[-105.57961,34.78049],[-105.60043,34.75547],[-105.6426,34.74776],[-105.68477,34.77837],[-105.72695,34.83386],[-105.75567,34.86504],[-105.76912,34.8849],[-105.79033,34.90732],[-105.81581,34.94959],[-105.81208,34.99187],[-105.84527,35.03415],[-105.85347,35.05309],[-105.86045,35.07642],[-105.8626,35.1187],[-105.87894,35.16098],[-105.89564,35.18554],[-105.91462,35.20325],[-105.89564,35.22603],[-105.85067,35.24553],[-105.83012,35.2878],[-105.83059,35.33008],[-105.81385,35.37236],[-105.82963,35.41463],[-105.85347,35.44202],[-105.89564,35.47709],[-105.9383,35.49919],[-105.9661,35.54146],[-105.97999,35.56763],[-105.98801,35.58374],[-106.00502,35.62602],[-106.02216,35.65437],[-106.0327,35.66829],[-106.04943,35.71057],[-106.03681,35.75285],[-106.02216,35.77787],[-105.97999,35.78513],[-105.96566,35.79512],[-105.93781,35.84116],[-105.92924,35.87967],[-105.9273,35.92195],[-105.91339,35.96423],[-105.90323,36.0065],[-105.93781,36.02922],[-105.96448,36.04878],[-105.92319,36.13333],[-105.89564,36.1756],[-105.85347,36.18257],[-105.8407,36.21789],[-105.85347,36.23581],[-105.89564,36.24049],[-105.93781,36.24912],[-105.95033,36.26016],[-105.97452,36.30244],[-105.97999,36.30728],[-106.02216,36.32343],[-106.0657,36.30244],[-106.1065,36.27273],[-106.14868,36.27914],[-106.19085,36.27683],[-106.20805,36.26016],[-106.23302,36.24834],[-106.2752,36.25567],[-106.31737,36.2534],[-106.35954,36.24696],[-106.40172,36.27],[-106.43966,36.30244],[-106.44389,36.30418],[-106.48606,36.31026],[-106.51816,36.30244],[-106.52823,36.28916],[-106.53383,36.26016],[-106.52823,36.23906],[-106.44389,36.22298],[-106.40172,36.24282],[-106.38704,36.21789],[-106.35954,36.20521],[-106.31737,36.19284],[-106.2752,36.17362],[-106.24029,36.13333],[-106.23302,36.10815],[-106.2239,36.09106],[-106.18944,36.04878],[-106.16472,36.0065],[-106.2029,35.92195],[-106.21791,35.87967],[-106.22004,35.8374],[-106.23302,35.8187],[-106.25461,35.79512],[-106.2752,35.78299],[-106.35954,35.71649],[-106.37654,35.71057],[-106.40172,35.69834],[-106.44389,35.66944],[-106.48606,35.63401],[-106.52823,35.60628],[-106.57041,35.59215],[-106.61258,35.58394],[-106.64406,35.62602],[-106.65076,35.66829],[-106.65475,35.67376],[-106.69693,35.70405],[-106.7391,35.71284],[-106.74127,35.71057],[-106.76268,35.66829],[-106.78127,35.64154],[-106.8012,35.62602],[-106.82345,35.61178],[-106.86562,35.64096],[-106.89075,35.66829],[-106.90779,35.70112],[-106.9189,35.71057],[-106.94996,35.7545],[-106.99214,35.76195],[-107.00553,35.75285],[-107.03431,35.74011],[-107.07648,35.74304],[-107.09174,35.75285],[-107.11866,35.77512],[-107.16908,35.79512],[-107.24518,35.84348],[-107.26602,35.8374],[-107.25461,35.79512],[-107.27794,35.75285],[-107.28735,35.74431],[-107.32952,35.72101],[-107.37169,35.71277],[-107.41387,35.71267],[-107.45604,35.71437],[-107.49821,35.71827],[-107.51216,35.71057],[-107.50509,35.66829],[-107.5064,35.62602],[-107.49821,35.60447],[-107.48477,35.58374],[-107.45604,35.57833],[-107.41387,35.60048],[-107.37169,35.61116],[-107.28735,35.60951],[-107.24518,35.59752],[-107.22838,35.58374],[-107.2025,35.54146],[-107.20254,35.49919],[-107.18708,35.41463],[-107.19952,35.37236],[-107.22462,35.33008],[-107.2177,35.2878],[-107.21869,35.24553],[-107.24518,35.22687],[-107.32952,35.20941],[-107.34215,35.20325],[-107.37169,35.17906],[-107.38569,35.16098],[-107.39794,35.1187],[-107.41387,35.10221],[-107.45604,35.10679],[-107.49821,35.11695],[-107.58256,35.09671],[-107.62473,35.09659],[-107.6669,35.08764],[-107.68461,35.07642],[-107.70908,35.03507],[-107.71434,35.03415],[-107.70908,35.03336],[-107.6669,34.99204],[-107.62473,34.96944],[-107.5987,34.94959],[-107.61277,34.90732],[-107.58407,34.86504],[-107.54039,34.83291],[-107.52008,34.78049],[-107.49459,34.73821],[-107.50409,34.69593],[-107.49821,34.68385],[-107.45604,34.66278],[-107.41387,34.66269],[-107.38303,34.65366],[-107.41005,34.61138],[-107.45604,34.58709],[-107.48282,34.56911],[-107.52187,34.52683],[-107.52105,34.48455],[-107.54039,34.46558],[-107.56504,34.48455],[-107.58256,34.51244],[-107.62473,34.49651],[-107.63811,34.48455],[-107.62473,34.45738],[-107.60939,34.44228],[-107.58256,34.42819],[-107.56049,34.4],[-107.49821,34.35791],[-107.41387,34.33612],[-107.37169,34.33827],[-107.32952,34.34765],[-107.28735,34.33249],[-107.26843,34.31545],[-107.2432,34.27317],[-107.24299,34.23089],[-107.24518,34.20864],[-107.26177,34.14634],[-107.24518,34.13604],[-107.203,34.13587],[-107.16083,34.12262],[-107.09871,34.06179],[-107.0647,34.01951],[-107.04649,33.97724],[-107.05087,33.93496],[-107.07648,33.90155],[-107.08622,33.89268],[-107.11866,33.86791],[-107.16083,33.84825],[-107.203,33.85778],[-107.24518,33.89227],[-107.28735,33.90743],[-107.32952,33.90592],[-107.33793,33.89268],[-107.33858,33.85041],[-107.3518,33.76585],[-107.34501,33.72358],[-107.31897,33.6813],[-107.30589,33.63902],[-107.31296,33.59675],[-107.33451,33.55447],[-107.34654,33.5122],[-107.37169,33.48599],[-107.41387,33.47657],[-107.45604,33.48932],[-107.48443,33.5122],[-107.49821,33.52776],[-107.54039,33.5556],[-107.58256,33.5649],[-107.62473,33.60817],[-107.63872,33.59675],[-107.63574,33.55447],[-107.62473,33.54693],[-107.58256,33.54166],[-107.56884,33.5122],[-107.5514,33.46992],[-107.54699,33.42764],[-107.56389,33.38537],[-107.57638,33.34309],[-107.58256,33.32938],[-107.6132,33.34309],[-107.62473,33.34636],[-107.6669,33.37958],[-107.67843,33.34309],[-107.67707,33.30081],[-107.67816,33.25854],[-107.68678,33.21626],[-107.70908,33.18828],[-107.71639,33.17398],[-107.70908,33.14086],[-107.70587,33.13171],[-107.67425,33.08943],[-107.66497,33.04715],[-107.66432,33.00488],[-107.67589,32.9626],[-107.68506,32.92033],[-107.68673,32.83577],[-107.68446,32.7935],[-107.70908,32.74459],[-107.75125,32.74072],[-107.76396,32.75122],[-107.79342,32.77203],[-107.81568,32.7935],[-107.8356,32.82275],[-107.85425,32.83577],[-107.87777,32.84814],[-107.94155,32.87805],[-107.96212,32.89791],[-108.00178,32.92033],[-108.00429,32.92325],[-108.00555,32.92033],[-108.00862,32.87805],[-108.001,32.83577],[-108.00429,32.82182],[-108.02215,32.7935],[-108.04646,32.76589],[-108.06209,32.7935],[-108.13081,32.82757],[-108.17298,32.82663],[-108.21515,32.81816],[-108.25733,32.83002],[-108.29538,32.83577],[-108.28223,32.87805],[-108.29454,32.92033],[-108.32863,32.9626],[-108.34167,32.98282],[-108.37567,33.00488],[-108.34167,33.01834],[-108.2995,33.01226],[-108.25733,33.00268],[-108.23737,33.00488],[-108.17298,33.02611],[-108.1644,33.04715],[-108.17298,33.05275],[-108.21515,33.06335],[-108.24148,33.08943],[-108.25733,33.11136],[-108.2995,33.09955],[-108.32717,33.08943],[-108.34167,33.08265],[-108.38385,33.07818],[-108.401,33.08943],[-108.42602,33.12207],[-108.46819,33.13098],[-108.51036,33.11102],[-108.52733,33.13171],[-108.55254,33.15019],[-108.59471,33.1703],[-108.63688,33.18363],[-108.67906,33.1916],[-108.72123,33.20782],[-108.73274,33.21626],[-108.7634,33.23257],[-108.7933,33.25854],[-108.80558,33.27808],[-108.81531,33.30081],[-108.80047,33.38537],[-108.78583,33.42764],[-108.78939,33.46992],[-108.80518,33.5122],[-108.78464,33.55447],[-108.7634,33.58446],[-108.75625,33.59675],[-108.74998,33.63902],[-108.69632,33.6813],[-108.67906,33.71671],[-108.67602,33.72358],[-108.66417,33.76585],[-108.67906,33.78955],[-108.72123,33.78692],[-108.7634,33.77528],[-108.80558,33.73181],[-108.81547,33.72358],[-108.84775,33.67396],[-108.88992,33.64295],[-108.92819,33.59675],[-108.97427,33.56673],[-108.98222,33.55447],[-108.99344,33.5122],[-109.01644,33.4803],[-109.05861,33.46228],[-109.07877,33.46992],[-109.10079,33.47638],[-109.14296,33.49899],[-109.15765,33.5122],[-109.14296,33.5433],[-109.13502,33.55447],[-109.08024,33.59675],[-109.08966,33.63902],[-109.10079,33.64592],[-109.14296,33.62625],[-109.18839,33.59675],[-109.26843,33.5122],[-109.28589,33.46992],[-109.29576,33.42764],[-109.31165,33.39389],[-109.33988,33.38537],[-109.35382,33.38292],[-109.396,33.40998],[-109.40937,33.42764],[-109.41544,33.46992],[-109.41499,33.5122],[-109.48034,33.53231],[-109.52252,33.53516],[-109.56469,33.52111],[-109.60686,33.51303],[-109.64472,33.55447],[-109.64904,33.55659],[-109.73338,33.56451],[-109.7565,33.59675],[-109.79595,33.6813],[-109.81773,33.6961],[-109.85359,33.72358],[-109.8599,33.73203],[-109.87141,33.76585],[-109.8599,33.77797],[-109.81773,33.80347],[-109.81277,33.80813],[-109.83043,33.85041],[-109.85676,33.89268],[-109.86134,33.93496],[-109.87377,33.97724],[-109.90207,34.00677],[-109.94425,33.98487],[-109.98642,33.97788],[-110.02859,34.01654],[-110.05781,34.01951],[-110.07076,34.02675],[-110.09008,34.06179],[-110.07076,34.06683],[-110.02859,34.06834],[-109.99111,34.10407],[-110.01271,34.14634],[-110.02905,34.18862],[-109.98642,34.22055],[-109.97929,34.23089],[-109.94425,34.25337],[-109.88648,34.27317],[-109.8599,34.28475],[-109.82328,34.31545],[-109.77555,34.3757],[-109.73338,34.36109],[-109.69121,34.32866],[-109.64904,34.33473],[-109.60686,34.34935],[-109.56469,34.35507],[-109.52252,34.34757],[-109.48034,34.31626],[-109.43817,34.28145],[-109.43054,34.27317],[-109.396,34.24816],[-109.35382,34.23401],[-109.31165,34.24627],[-109.26777,34.27317],[-109.25611,34.31545],[-109.26992,34.35772],[-109.22731,34.40653],[-109.18783,34.44228],[-109.18513,34.44336],[-109.14296,34.44464],[-109.12872,34.44228],[-109.05861,34.42718],[-109.01644,34.41635],[-108.97427,34.40371],[-108.93209,34.41415],[-108.88992,34.43435],[-108.84775,34.4284],[-108.80558,34.41626],[-108.7634,34.40657],[-108.72123,34.42612],[-108.67906,34.43467],[-108.66524,34.44228],[-108.64644,34.48455],[-108.67906,34.50673],[-108.71803,34.52683],[-108.80558,34.54629],[-108.84775,34.5526],[-108.88992,34.5643],[-108.89404,34.56911],[-108.93209,34.59574],[-108.95072,34.61138],[-108.97427,34.62641],[-109.03054,34.65366],[-109.05861,34.69058],[-109.06065,34.69593],[-109.05861,34.70645],[-109.03623,34.73821],[-109.01644,34.74344],[-108.97427,34.73986],[-108.93209,34.72878],[-108.88992,34.72106],[-108.84775,34.73601],[-108.84467,34.73821],[-108.87595,34.78049],[-108.88443,34.82276],[-108.90756,34.86504],[-108.8984,34.90732],[-108.90416,34.94959],[-108.88933,34.99187],[-108.84775,35.02135],[-108.80558,35.02984],[-108.79478,35.03415],[-108.77041,35.07642],[-108.80558,35.10193],[-108.84775,35.10289],[-108.93209,35.11102],[-108.97427,35.09597],[-109.05861,35.04028],[-109.0792,35.03415],[-109.10079,35.01959],[-109.12014,35.03415],[-109.14296,35.04693],[-109.18513,35.06313],[-109.20101,35.07642],[-109.19073,35.1187],[-109.18513,35.12185],[-109.14296,35.13229],[-109.11396,35.16098],[-109.11465,35.20325],[-109.10079,35.21253],[-109.05861,35.23081],[-109.04653,35.24553],[-109.03558,35.2878],[-109.01644,35.32691],[-108.97427,35.36732],[-108.96713,35.37236],[-108.94719,35.41463],[-108.93209,35.42814],[-108.85939,35.45691],[-108.84775,35.47219],[-108.80558,35.48922],[-108.79042,35.49919],[-108.79689,35.54146],[-108.80558,35.55629],[-108.84775,35.57155],[-108.88149,35.54146],[-108.88992,35.53529],[-108.93209,35.51748],[-108.97427,35.51113],[-108.98351,35.49919],[-108.98889,35.45691],[-109.00665,35.41463],[-109.05671,35.37236],[-109.10079,35.34048],[-109.14296,35.34085],[-109.18513,35.36112],[-109.22731,35.35388],[-109.26948,35.3286],[-109.31165,35.32212],[-109.33399,35.33008],[-109.35382,35.33999],[-109.396,35.37213],[-109.43395,35.41463],[-109.46869,35.45691],[-109.48034,35.47576],[-109.50773,35.49919],[-109.52252,35.50932],[-109.56469,35.47843],[-109.60686,35.47553],[-109.64904,35.50933],[-109.67297,35.54146],[-109.62441,35.58374],[-109.60686,35.59721],[-109.58006,35.62602],[-109.5614,35.66829],[-109.52252,35.70444],[-109.51238,35.71057],[-109.52252,35.72675],[-109.56469,35.74555],[-109.57208,35.75285],[-109.56518,35.79512],[-109.52252,35.80241],[-109.48034,35.8148],[-109.4681,35.8374],[-109.43578,35.87967],[-109.41972,35.92195],[-109.42155,35.96423],[-109.41222,36.0065],[-109.40802,36.04878],[-109.396,36.08385],[-109.38889,36.09106],[-109.37812,36.13333],[-109.38437,36.17561],[-109.396,36.19681],[-109.41256,36.21789],[-109.396,36.25565],[-109.3693,36.30244],[-109.35382,36.32186],[-109.32796,36.34472],[-109.31165,36.35641],[-109.26948,36.37294],[-109.24792,36.38699],[-109.22731,36.41972],[-109.22605,36.42927],[-109.25791,36.47154],[-109.29266,36.51382],[-109.31003,36.5561],[-109.28033,36.59837],[-109.26948,36.62011],[-109.23093,36.59837],[-109.22731,36.59735],[-109.18513,36.56911],[-109.14296,36.56189],[-109.05861,36.52777],[-108.97427,36.54155],[-108.93209,36.52863],[-108.91551,36.51382],[-108.8989,36.47154],[-108.93209,36.43162],[-108.93533,36.42927],[-108.91636,36.38699],[-108.89357,36.34472],[-108.87325,36.30244],[-108.8615,36.26016],[-108.84695,36.21789],[-108.79607,36.17561],[-108.7634,36.14607],[-108.75114,36.13333],[-108.73131,36.09106],[-108.72178,36.04878],[-108.68209,35.96423],[-108.67129,35.92195],[-108.67906,35.90824],[-108.70094,35.87967],[-108.72123,35.8619],[-108.7634,35.84115],[-108.77604,35.8374],[-108.80558,35.81344],[-108.83272,35.79512],[-108.83596,35.75285],[-108.80558,35.70627],[-108.7634,35.65443],[-108.72123,35.65764],[-108.70707,35.66829],[-108.67906,35.6857],[-108.62725,35.71057],[-108.59471,35.73016],[-108.55254,35.74597],[-108.51036,35.74478],[-108.46819,35.74704],[-108.42602,35.75871],[-108.38385,35.76607],[-108.34167,35.76879],[-108.2995,35.7763],[-108.21515,35.75905],[-108.17298,35.77356],[-108.13081,35.80207],[-108.12597,35.79512],[-108.08863,35.75647],[-108.04646,35.75171],[-108.00429,35.75084],[-107.96212,35.77836],[-107.94529,35.79512],[-107.9611,35.8374],[-107.98358,35.87967],[-107.96212,35.89822],[-107.91994,35.89772],[-107.87777,35.87724],[-107.8356,35.86647],[-107.79342,35.876],[-107.78496,35.87967],[-107.77927,35.92195],[-107.78537,35.96423],[-107.75125,35.98934],[-107.70908,35.98685],[-107.6669,35.97969],[-107.63422,36.0065],[-107.66394,36.04878],[-107.6669,36.05113],[-107.70908,36.05841],[-107.75125,36.13183],[-107.79342,36.17614],[-107.8356,36.20211],[-107.87777,36.20545],[-107.89734,36.21789],[-107.91606,36.26016],[-107.93961,36.30244],[-107.96212,36.32397],[-107.9795,36.34472],[-107.96212,36.36895],[-107.93074,36.38699],[-107.91994,36.39799],[-107.90849,36.42927],[-107.90241,36.47154],[-107.87777,36.5101],[-107.8356,36.50581],[-107.82284,36.47154],[-107.79342,36.45215],[-107.76826,36.42927],[-107.75125,36.38979],[-107.70908,36.38858],[-107.68794,36.42927],[-107.67232,36.47154],[-107.6669,36.48281],[-107.63255,36.47154],[-107.58256,36.46534],[-107.54039,36.46926],[-107.49821,36.44923],[-107.45604,36.4657],[-107.45224,36.47154],[-107.45604,36.47949],[-107.49954,36.51382],[-107.54039,36.53067],[-107.57557,36.5561],[-107.54039,36.57168],[-107.49821,36.56206],[-107.47792,36.5561],[-107.45604,36.53286],[-107.41387,36.53679],[-107.37824,36.5561],[-107.39167,36.59837],[-107.411,36.64065],[-107.4048,36.68293],[-107.41387,36.70775],[-107.42395,36.7252],[-107.41387,36.75033],[-107.40112,36.76748],[-107.37169,36.77222],[-107.34379,36.80976],[-107.33897,36.85203],[-107.33246,36.89431],[-107.37169,36.92671],[-107.37758,36.93659],[-107.39001,36.97886],[-107.37169,37.00435],[-107.34171,37.02114],[-107.37169,37.0334],[-107.41387,37.05557],[-107.45604,37.04083],[-107.49821,37.05036],[-107.52136,37.06341],[-107.54039,37.07985],[-107.58015,37.10569],[-107.58256,37.10842],[-107.62473,37.1158],[-107.63607,37.10569],[-107.6373,37.06341],[-107.62525,37.02114],[-107.58618,36.97886],[-107.58256,36.94474],[-107.56634,36.97886],[-107.54039,36.98626],[-107.52889,36.97886],[-107.53402,36.93659],[-107.54039,36.93253],[-107.58256,36.9347],[-107.62473,36.91391],[-107.6669,36.91162],[-107.70908,36.94305],[-107.75125,36.93078],[-107.79342,36.91568],[-107.8356,36.96789],[-107.84129,36.97886],[-107.8342,37.02114],[-107.82936,37.06341],[-107.81002,37.10569],[-107.84009,37.14797],[-107.87777,37.17621],[-107.89855,37.14797],[-107.91609,37.10569],[-107.91139,37.06341],[-107.91994,37.04],[-107.94381,37.02114],[-107.96212,37.00998],[-108.00429,37.06457],[-108.08863,37.08247],[-108.13081,37.08754],[-108.17298,37.10699],[-108.17802,37.10569],[-108.21022,37.06341],[-108.21515,37.04704],[-108.21939,37.02114],[-108.25733,36.97956],[-108.2995,36.99004],[-108.34167,36.98678],[-108.38273,37.02114],[-108.38347,37.06341],[-108.39269,37.10569],[-108.41026,37.14797],[-108.42602,37.15002],[-108.46819,37.14422],[-108.51036,37.15135],[-108.55254,37.15461],[-108.59471,37.15144],[-108.63576,37.19024],[-108.6302,37.23252],[-108.59471,37.27318],[-108.55254,37.29952],[-108.49144,37.31707],[-108.45183,37.35935],[-108.46819,37.37688],[-108.49447,37.40163],[-108.51036,37.41062],[-108.57862,37.4439],[-108.59471,37.45383],[-108.63688,37.46471],[-108.67665,37.4439],[-108.67906,37.44067],[-108.69524,37.40163],[-108.72123,37.38428],[-108.7634,37.39007],[-108.79132,37.40163],[-108.7634,37.42982],[-108.74056,37.4439],[-108.7634,37.45876],[-108.80558,37.50033],[-108.84775,37.52219],[-108.86306,37.52846],[-108.88992,37.54379],[-108.91475,37.57073],[-108.91163,37.61301],[-108.88992,37.63752],[-108.84911,37.65528],[-108.88992,37.67783],[-108.93209,37.65304],[-108.97427,37.65166],[-108.98643,37.65528],[-108.97427,37.66901],[-108.93958,37.69756],[-108.97427,37.70682],[-109.01644,37.70145],[-109.02574,37.69756],[-109.05861,37.69065],[-109.06831,37.69756],[-109.10079,37.73153],[-109.14296,37.73403],[-109.16081,37.73984],[-109.18513,37.74895],[-109.22731,37.78143],[-109.26948,37.78885],[-109.29321,37.73984],[-109.31165,37.72317],[-109.35382,37.70234],[-109.396,37.69574],[-109.43817,37.70017],[-109.4549,37.69756],[-109.48034,37.68897],[-109.52252,37.68099],[-109.56469,37.70661],[-109.5954,37.73984],[-109.60686,37.74927],[-109.64904,37.75445],[-109.67075,37.73984],[-109.69121,37.70918],[-109.69548,37.69756],[-109.68843,37.65528],[-109.69121,37.64887],[-109.71538,37.61301],[-109.73338,37.59754],[-109.76046,37.57073],[-109.77555,37.55278],[-109.81773,37.53501],[-109.85175,37.52846],[-109.8599,37.52065],[-109.88269,37.52846],[-109.90207,37.53261],[-109.94425,37.5697],[-109.95719,37.61301],[-110.02859,37.64835],[-110.03255,37.65528],[-110.04297,37.69756],[-110.07637,37.73984],[-110.08891,37.78211],[-110.07076,37.80396],[-110.03292,37.82439],[-110.05311,37.86667],[-110.05624,37.90894],[-110.02859,37.92707],[-109.98642,37.93715],[-109.94425,37.94516],[-109.90207,37.94187],[-109.867,37.95122],[-109.8599,37.97033],[-109.83596,37.9935],[-109.81773,37.99598],[-109.77555,37.97898],[-109.73338,37.96551],[-109.69121,37.96431],[-109.64904,37.95451],[-109.60686,37.96722],[-109.56469,37.99252],[-109.54563,37.9935],[-109.52252,37.99778],[-109.48034,38.01075],[-109.43817,38.01917],[-109.396,38.03001],[-109.35382,38.02612],[-109.31165,38.0486],[-109.26948,38.05887],[-109.22731,38.05741],[-109.21395,38.07805],[-109.21941,38.12033],[-109.18513,38.15423],[-109.14296,38.16136],[-109.10079,38.13458],[-109.08157,38.12033],[-109.05861,38.09669],[-109.04457,38.07805],[-109.01644,38.06814],[-108.97427,38.06202],[-108.93209,38.02268],[-108.87971,37.9935],[-108.84775,37.97744],[-108.80558,37.95165],[-108.7634,37.94386],[-108.72123,37.93002],[-108.67866,37.90894],[-108.63688,37.89764],[-108.59471,37.89555],[-108.58274,37.90894],[-108.58234,37.95122],[-108.59471,37.96782],[-108.62233,37.9935],[-108.60997,38.03577],[-108.59471,38.04518],[-108.55254,38.06659],[-108.53836,38.07805],[-108.55254,38.08653],[-108.59471,38.10476],[-108.61499,38.12033],[-108.59471,38.14524],[-108.55254,38.14428],[-108.51036,38.1281],[-108.46819,38.1279],[-108.42602,38.144],[-108.38452,38.1626],[-108.38352,38.20488],[-108.37813,38.24715],[-108.38385,38.25537],[-108.39832,38.28943],[-108.42602,38.29868],[-108.46819,38.30567],[-108.50589,38.33171],[-108.54446,38.37398],[-108.60315,38.41626],[-108.63688,38.43396],[-108.67906,38.46553],[-108.7465,38.54309],[-108.7634,38.56453],[-108.78877,38.58537],[-108.80558,38.6027],[-108.84775,38.62955],[-108.88569,38.66992],[-108.86873,38.7122],[-108.88992,38.7461],[-108.90375,38.75447],[-108.93209,38.76113],[-108.97427,38.77696],[-109.00889,38.79675],[-109.04741,38.83902],[-109.06419,38.8813],[-109.05861,38.89657],[-109.04554,38.92358],[-109.01644,38.96328],[-108.97427,38.97869],[-108.93209,38.98588],[-108.88992,38.99765],[-108.86643,39.00813],[-108.84775,39.02121],[-108.80558,39.06384],[-108.7634,39.06588],[-108.72634,39.05041],[-108.66904,39.00813],[-108.60628,38.96585],[-108.59471,38.96004],[-108.54504,38.92358],[-108.51388,38.8813],[-108.51036,38.87293],[-108.46819,38.83284],[-108.44049,38.79675],[-108.42602,38.78611],[-108.3987,38.75447],[-108.38385,38.73409],[-108.34895,38.7122],[-108.33736,38.66992],[-108.2995,38.63832],[-108.27928,38.62764],[-108.25733,38.61236],[-108.22874,38.58537],[-108.21515,38.56958],[-108.18233,38.54309],[-108.17298,38.53909],[-108.13081,38.53827],[-108.04646,38.46289],[-108.04023,38.45854],[-108.00429,38.44069],[-107.96212,38.41567],[-107.87777,38.37761],[-107.8356,38.35531],[-107.79342,38.33505],[-107.77503,38.37398],[-107.7651,38.41626],[-107.75879,38.45854],[-107.76075,38.50081],[-107.78109,38.54309],[-107.79342,38.56529],[-107.80904,38.58537],[-107.82029,38.62764],[-107.8139,38.66992],[-107.79342,38.70204],[-107.75125,38.70073],[-107.70908,38.69704],[-107.6669,38.69668],[-107.62473,38.70106],[-107.60371,38.7122],[-107.59353,38.75447],[-107.59272,38.79675],[-107.56047,38.83902],[-107.54401,38.8813],[-107.58256,38.89749],[-107.62473,38.88547],[-107.6669,38.86724],[-107.70908,38.85835],[-107.75125,38.85563],[-107.79342,38.86882],[-107.81894,38.8813],[-107.8356,38.89551],[-107.87777,38.90313],[-107.91046,38.92358],[-107.91994,38.92662],[-107.96212,38.93301],[-107.99443,38.92358],[-108.00429,38.91879],[-108.08863,38.85443],[-108.13081,38.84155],[-108.17298,38.84391],[-108.21515,38.86694],[-108.22944,38.8813],[-108.242,38.92358],[-108.23844,38.96585],[-108.26971,39.00813],[-108.28842,39.05041],[-108.28159,39.09268],[-108.25733,39.13174],[-108.21515,39.15703],[-108.17298,39.1515],[-108.13081,39.13119],[-108.08863,39.15483],[-108.04646,39.16448],[-108.01432,39.17724],[-108.00429,39.18605],[-107.94005,39.21951],[-107.92509,39.26179],[-107.96212,39.26736],[-108.00429,39.26756],[-108.04646,39.26025],[-108.06264,39.26179],[-108.08863,39.28632],[-108.09042,39.30407],[-108.05802,39.34634],[-108.04646,39.35848],[-108.02678,39.38862],[-107.98682,39.43089],[-107.96212,39.45253],[-107.91994,39.46419],[-107.87777,39.46703],[-107.84183,39.47317],[-107.79342,39.48945],[-107.75125,39.47444],[-107.70908,39.44283],[-107.6669,39.42712],[-107.62473,39.4209],[-107.61562,39.43089],[-107.58256,39.46175],[-107.54039,39.50988],[-107.49821,39.52767],[-107.45604,39.55204],[-107.3949,39.55772],[-107.41387,39.55947],[-107.45604,39.58544],[-107.49821,39.59951],[-107.54039,39.62262],[-107.58256,39.63793],[-107.62473,39.61961],[-107.6669,39.6217],[-107.75125,39.64176],[-107.79342,39.64099],[-107.8356,39.59426],[-107.85933,39.55772],[-107.87777,39.54495],[-107.94353,39.51545],[-107.96212,39.50001],[-108.00429,39.50111],[-108.04646,39.49319],[-108.08863,39.49442],[-108.10913,39.47317],[-108.11103,39.43089],[-108.13081,39.41661],[-108.17298,39.40611],[-108.20745,39.43089],[-108.21515,39.44691],[-108.25733,39.46293],[-108.27287,39.47317],[-108.2995,39.50308],[-108.34167,39.49225],[-108.3753,39.47317],[-108.34167,39.44123],[-108.33235,39.43089],[-108.34167,39.42412],[-108.38385,39.39964],[-108.38669,39.38862],[-108.38385,39.34582],[-108.42602,39.31486],[-108.44615,39.30407],[-108.46819,39.27188],[-108.51036,39.26343],[-108.54752,39.30407],[-108.59471,39.34625],[-108.65579,39.38862],[-108.67906,39.41484],[-108.72123,39.43003],[-108.73642,39.47317],[-108.7634,39.51106],[-108.82427,39.47317],[-108.84775,39.46352],[-108.88992,39.46906],[-108.93209,39.50133],[-108.97782,39.47317],[-109.01644,39.45731],[-109.05861,39.43613],[-109.10079,39.40864],[-109.14296,39.38547],[-109.22731,39.36325],[-109.26948,39.35485],[-109.31165,39.35095],[-109.35382,39.34084],[-109.38487,39.30407],[-109.38368,39.26179],[-109.396,39.25053],[-109.43817,39.23524],[-109.46718,39.21951],[-109.48034,39.20932],[-109.50742,39.17724],[-109.50561,39.13496],[-109.52252,39.12666],[-109.60686,39.10757],[-109.63093,39.09268],[-109.64904,39.05287],[-109.69121,39.05354],[-109.77555,39.06238],[-109.81773,39.0772],[-109.8599,39.07685],[-109.87381,39.09268],[-109.85988,39.13496],[-109.87771,39.17724],[-109.88736,39.21951],[-109.90207,39.23747],[-109.91774,39.26179],[-109.95913,39.30407],[-109.94421,39.34634],[-109.93677,39.38862],[-109.94425,39.39728],[-109.96576,39.43089],[-109.95955,39.47317],[-109.96329,39.51545],[-109.98642,39.54905],[-109.99043,39.55772],[-109.9632,39.6],[-109.94425,39.62694],[-109.91812,39.64228],[-109.90207,39.66756],[-109.8599,39.67978],[-109.81773,39.67608],[-109.77555,39.66877],[-109.73338,39.64067],[-109.69121,39.64032],[-109.64904,39.64318],[-109.60686,39.6375],[-109.56469,39.59301],[-109.52252,39.60233],[-109.48034,39.62163],[-109.45748,39.64228],[-109.43817,39.65631],[-109.396,39.65475],[-109.37626,39.64228],[-109.35382,39.63464],[-109.31165,39.6312],[-109.26948,39.64105],[-109.22731,39.66647],[-109.21616,39.68455],[-109.21781,39.72683],[-109.18513,39.748],[-109.14296,39.7626],[-109.10079,39.75803],[-109.05861,39.73508],[-109.01644,39.70671],[-108.97427,39.71405],[-108.96386,39.72683],[-108.92306,39.76911],[-108.90494,39.81138],[-108.93087,39.85366],[-108.88992,39.87024],[-108.84775,39.8777],[-108.80558,39.87186],[-108.78668,39.85366],[-108.7768,39.81138],[-108.7634,39.7985],[-108.72123,39.80566],[-108.67693,39.81138],[-108.66482,39.85366],[-108.67906,39.93506],[-108.69032,39.98049],[-108.67906,40.02156],[-108.63688,40.04598],[-108.59471,40.08485],[-108.57395,40.10732],[-108.51036,40.15146],[-108.48495,40.14959],[-108.46819,40.1461],[-108.43485,40.10732],[-108.42602,40.07657],[-108.39161,40.02276],[-108.42965,39.98049],[-108.42602,39.96323],[-108.41189,39.93821],[-108.38385,39.92157],[-108.35516,39.89593],[-108.33829,39.85366],[-108.2995,39.83663],[-108.25733,39.83681],[-108.24078,39.85366],[-108.25733,39.88618],[-108.26471,39.89593],[-108.25733,39.90366],[-108.24277,39.93821],[-108.21515,39.96507],[-108.1935,39.98049],[-108.17962,40.02276],[-108.17298,40.0295],[-108.14828,40.02276],[-108.08863,40.00152],[-108.04646,40.01287],[-108.00429,40.00338],[-107.96212,39.99789],[-107.91994,40.00527],[-107.87777,40.01712],[-107.8356,40.01629],[-107.79342,40.01936],[-107.78433,40.02276],[-107.79342,40.02869],[-107.8356,40.04375],[-107.87777,40.04948],[-107.91994,40.0423],[-107.94428,40.06504],[-107.96212,40.10769],[-108.00429,40.09443],[-108.08863,40.06488],[-108.09117,40.10732],[-108.13029,40.14959],[-108.17298,40.16277],[-108.19959,40.19187],[-108.17298,40.21922],[-108.16212,40.23415],[-108.17298,40.24868],[-108.19819,40.27642],[-108.22828,40.3187],[-108.25733,40.34678],[-108.2995,40.35562],[-108.34167,40.35382],[-108.38385,40.3553],[-108.38892,40.36098],[-108.38385,40.37571],[-108.34167,40.37083],[-108.307,40.40325],[-108.2995,40.40669],[-108.25733,40.41939],[-108.21515,40.4059],[-108.17298,40.39606],[-108.13081,40.38449],[-108.08863,40.40216],[-108.08237,40.40325],[-108.04646,40.44952],[-108.00429,40.46191],[-107.98735,40.44553],[-108.00429,40.4071],[-108.00975,40.40325],[-108.00429,40.40189],[-107.94314,40.36098],[-107.91994,40.35271],[-107.8356,40.32701],[-107.82168,40.3187],[-107.79342,40.30953],[-107.75125,40.29896],[-107.6669,40.30959],[-107.65956,40.3187],[-107.6669,40.32416],[-107.70908,40.34011],[-107.7348,40.36098],[-107.70908,40.39535],[-107.69765,40.40325],[-107.6669,40.41665],[-107.62473,40.42581],[-107.58256,40.45309],[-107.54039,40.46716],[-107.49821,40.47906],[-107.45604,40.48733],[-107.41387,40.48668],[-107.37169,40.48276],[-107.32952,40.47105],[-107.28735,40.4543],[-107.24518,40.46741],[-107.203,40.47373],[-107.17576,40.4878],[-107.203,40.50475],[-107.28735,40.49602],[-107.32952,40.49809],[-107.36553,40.53008],[-107.37169,40.55665],[-107.38581,40.57236],[-107.41387,40.59231],[-107.42865,40.61463],[-107.44823,40.65691],[-107.45604,40.6603],[-107.49187,40.65691],[-107.49821,40.65393],[-107.51708,40.61463],[-107.54039,40.59492],[-107.55922,40.57236],[-107.58256,40.5558],[-107.62473,40.53425],[-107.63793,40.53008],[-107.6669,40.51694],[-107.70908,40.52789],[-107.75125,40.55128],[-107.79342,40.56581],[-107.80175,40.57236],[-107.8356,40.60863],[-107.91994,40.57959],[-107.96212,40.64361],[-107.97651,40.65691],[-108.00429,40.67738],[-108.04646,40.69653],[-108.04928,40.69919],[-108.04646,40.70173],[-108.02018,40.74146],[-108.00429,40.77084],[-107.99303,40.78374],[-108.00144,40.82602],[-108.00525,40.86829],[-108.00429,40.87151],[-107.97141,40.91057],[-107.96212,40.91398],[-107.9521,40.91057],[-107.91994,40.88732],[-107.86421,40.91057],[-107.8356,40.93723],[-107.79342,40.94672],[-107.6669,40.93569],[-107.62473,40.91617],[-107.58256,40.9204],[-107.56714,40.95285],[-107.54039,40.98851],[-107.5341,40.99512],[-107.49821,41.02074],[-107.46901,41.0374],[-107.49821,41.04783],[-107.54039,41.05492],[-107.58256,41.07127],[-107.59272,41.07967],[-107.60947,41.12195],[-107.62473,41.14267],[-107.65097,41.16423],[-107.66082,41.2065],[-107.65841,41.29106],[-107.6669,41.3036],[-107.69408,41.29106],[-107.69395,41.24878],[-107.70908,41.22156],[-107.71121,41.2065],[-107.6833,41.16423],[-107.6669,41.13522],[-107.65745,41.12195],[-107.6669,41.0961],[-107.68614,41.07967],[-107.70908,41.07707],[-107.71482,41.07967],[-107.70908,41.10021],[-107.69031,41.12195],[-107.70908,41.12995],[-107.8356,41.11997],[-107.87777,41.13285],[-107.96212,41.17834],[-108.00429,41.20646],[-108.04646,41.21398],[-108.05998,41.2065],[-108.08863,41.19735],[-108.11249,41.2065],[-108.13081,41.21627],[-108.17153,41.24878],[-108.17298,41.2511],[-108.17655,41.24878],[-108.18987,41.2065],[-108.17298,41.16661],[-108.17076,41.16423],[-108.13081,41.13885],[-108.08863,41.13405],[-108.04646,41.14556],[-108.00429,41.13458],[-107.96859,41.07967],[-108.00429,41.04778],[-108.04646,41.02601],[-108.08863,41.00902],[-108.13081,41.00106],[-108.17298,40.99751],[-108.18532,40.99512],[-108.20322,40.95285],[-108.18494,40.91057],[-108.18713,40.86829],[-108.20854,40.82602],[-108.21515,40.81822],[-108.25733,40.78328],[-108.2995,40.80335],[-108.34167,40.82576],[-108.38385,40.81307],[-108.42602,40.8039],[-108.51036,40.79677],[-108.54957,40.78374],[-108.52297,40.74146],[-108.48658,40.69919],[-108.49632,40.65691],[-108.51036,40.64294],[-108.55254,40.62895],[-108.56523,40.65691],[-108.59471,40.68402],[-108.60487,40.69919],[-108.63688,40.72147],[-108.65392,40.74146],[-108.64729,40.78374],[-108.60247,40.82602],[-108.59471,40.84451],[-108.57595,40.86829],[-108.59471,40.88575],[-108.63688,40.9162],[-108.67906,40.89595],[-108.68685,40.86829],[-108.69163,40.82602],[-108.72123,40.80189],[-108.7634,40.79218],[-108.80558,40.7987],[-108.91806,40.86829],[-108.93209,40.87432],[-109.01644,40.89116],[-109.06182,40.91057],[-109.10079,40.92506],[-109.14296,40.93712],[-109.18513,40.94482],[-109.22731,40.94199],[-109.26948,40.92958],[-109.35382,40.9224],[-109.39592,40.95285],[-109.41438,40.99512],[-109.43817,41.01061],[-109.48034,41.03107],[-109.48735,41.0374],[-109.4598,41.12195],[-109.45091,41.16423],[-109.46603,41.2065],[-109.46095,41.24878],[-109.43817,41.26819],[-109.42202,41.29106],[-109.42442,41.33333],[-109.396,41.37744],[-109.36096,41.41789],[-109.3602,41.46016],[-109.36884,41.50244],[-109.396,41.52807],[-109.43817,41.55131],[-109.47123,41.58699],[-109.48034,41.59864],[-109.51888,41.62927],[-109.51939,41.67154],[-109.52252,41.69557],[-109.53643,41.71382],[-109.56469,41.72244],[-109.58724,41.7561],[-109.60227,41.79837],[-109.62085,41.84065],[-109.60686,41.86014],[-109.57555,41.88293],[-109.56469,41.89684],[-109.52981,41.9252],[-109.52884,41.96748],[-109.52252,41.97578],[-109.4827,42.00976],[-109.52252,42.04131],[-109.56469,42.02548],[-109.60686,42.01615],[-109.64904,42.01756],[-109.69121,42.0308],[-109.73338,42.05514],[-109.77555,42.07388],[-109.81773,42.07894],[-109.8599,42.0802],[-109.98642,42.06115],[-110.02859,42.05073],[-110.07076,42.02986],[-110.07341,42.00976],[-110.07076,41.99298],[-110.05728,41.96748],[-110.07076,41.95619],[-110.09431,41.96748],[-110.11294,41.97063],[-110.1297,41.96748],[-110.15023,41.9252],[-110.19203,41.88293],[-110.15511,41.87267],[-110.11294,41.87072],[-110.07076,41.8622],[-110.04336,41.84065],[-110.03783,41.79837],[-110.07076,41.7684],[-110.0896,41.7561],[-110.11294,41.73525],[-110.1218,41.71382],[-110.12677,41.67154],[-110.15511,41.66176],[-110.19728,41.65736],[-110.23946,41.66838],[-110.28163,41.6684],[-110.3238,41.65504],[-110.36598,41.6618],[-110.37376,41.62927],[-110.40415,41.58699],[-110.42085,41.54472],[-110.41081,41.50244],[-110.41325,41.46016],[-110.40815,41.45784],[-110.39042,41.46016],[-110.36598,41.48405],[-110.3238,41.47309],[-110.28722,41.50244],[-110.28163,41.50458],[-110.27456,41.50244],[-110.25962,41.46016],[-110.28163,41.42819],[-110.28495,41.41789],[-110.28775,41.37561],[-110.28163,41.37125],[-110.19728,41.34168],[-110.15511,41.37499],[-110.12297,41.46016],[-110.11294,41.47618],[-110.07252,41.50244],[-110.02859,41.51876],[-109.98642,41.5136],[-109.96766,41.50244],[-109.93333,41.46016],[-109.90207,41.41151],[-109.8833,41.37561],[-109.90207,41.3379],[-109.9071,41.33333],[-109.90207,41.32357],[-109.88025,41.29106],[-109.8599,41.28428],[-109.81773,41.24807],[-109.77555,41.23807],[-109.73338,41.23738],[-109.69121,41.23104],[-109.65873,41.2065],[-109.6453,41.16423],[-109.67165,41.07967],[-109.69121,41.05995],[-109.73338,41.04514],[-109.74185,41.0374],[-109.73338,41.02478],[-109.72188,40.99512],[-109.69332,40.95285],[-109.64904,40.93987],[-109.60686,40.93566],[-109.57587,40.95285],[-109.56469,40.95763],[-109.52252,40.95879],[-109.50234,40.95285],[-109.4907,40.91057],[-109.43817,40.90485],[-109.35382,40.90631],[-109.31165,40.89927],[-109.26948,40.89529],[-109.22731,40.88878],[-109.14296,40.84067],[-109.10079,40.82338],[-109.05861,40.81622],[-109.01644,40.80519],[-108.98024,40.78374],[-108.97427,40.77901],[-108.93209,40.75499],[-108.91714,40.74146],[-108.88923,40.69919],[-108.84775,40.67921],[-108.7634,40.63387],[-108.72123,40.6228],[-108.67906,40.61475],[-108.63688,40.61348],[-108.59471,40.60925],[-108.55254,40.59983],[-108.54255,40.57236],[-108.51036,40.55987],[-108.46819,40.53381],[-108.46591,40.53008],[-108.51036,40.49679],[-108.55254,40.48559],[-108.59471,40.46366],[-108.61443,40.44553],[-108.59471,40.43032],[-108.56754,40.40325],[-108.60323,40.36098],[-108.63235,40.3187],[-108.63688,40.31606],[-108.67906,40.30836],[-108.72123,40.29873],[-108.7634,40.29152],[-108.80558,40.28688],[-108.84775,40.27748],[-108.88992,40.27061],[-108.93255,40.27642],[-108.97427,40.30577],[-108.98282,40.3187],[-109.01644,40.3388],[-109.05861,40.35172],[-109.14296,40.35684],[-109.15463,40.36098],[-109.14296,40.38658],[-109.13911,40.40325],[-109.15792,40.44553],[-109.14296,40.47011],[-109.12987,40.4878],[-109.10079,40.50415],[-109.05861,40.5212],[-109.0286,40.4878],[-109.01644,40.48244],[-108.97427,40.47154],[-108.88992,40.45934],[-108.84775,40.45648],[-108.72123,40.47821],[-108.67906,40.48069],[-108.64663,40.4878],[-108.72123,40.49759],[-108.7634,40.50766],[-108.80558,40.51434],[-108.84775,40.51904],[-108.88992,40.5368],[-108.93209,40.56092],[-108.97427,40.56028],[-109.01644,40.54615],[-109.04272,40.57236],[-109.05861,40.58244],[-109.10079,40.59743],[-109.14296,40.59948],[-109.18513,40.59283],[-109.22731,40.58172],[-109.26948,40.5766],[-109.31165,40.59064],[-109.33789,40.61463],[-109.35382,40.62593],[-109.396,40.63343],[-109.43817,40.62863],[-109.48034,40.6217],[-109.49814,40.61463],[-109.52252,40.59546],[-109.56469,40.57304],[-109.60686,40.56076],[-109.63192,40.53008],[-109.64904,40.50055],[-109.65872,40.4878],[-109.69121,40.4713],[-109.73338,40.48023],[-109.74725,40.4878],[-109.77555,40.51254],[-109.8599,40.5141],[-109.90207,40.5165],[-109.94425,40.52092],[-109.98642,40.50475],[-110.04187,40.4878],[-110.07076,40.47922],[-110.11294,40.46957],[-110.14616,40.44553],[-110.15511,40.42921],[-110.19728,40.41774],[-110.23946,40.4082],[-110.25477,40.40325],[-110.28163,40.3899],[-110.3238,40.37713],[-110.3432,40.36098],[-110.37398,40.3187],[-110.40815,40.30794],[-110.45032,40.30734],[-110.49249,40.30466],[-110.50583,40.27642],[-110.53467,40.25832],[-110.57684,40.24065],[-110.60567,40.23415],[-110.60737,40.19187],[-110.61901,40.17178],[-110.64809,40.14959],[-110.57684,40.13235],[-110.53467,40.12985],[-110.49249,40.11883],[-110.40815,40.0805],[-110.36598,40.05057],[-110.3238,40.0296],[-110.28163,40.01496],[-110.23946,40.01528],[-110.19728,39.99564],[-110.17684,39.98049],[-110.15511,39.95454],[-110.13663,39.93821],[-110.06683,39.89593],[-110.11294,39.88009],[-110.14252,39.85366],[-110.15511,39.83762],[-110.22779,39.81138],[-110.19728,39.79059],[-110.17734,39.76911],[-110.15511,39.75985],[-110.11294,39.75101],[-110.07464,39.72683],[-110.07076,39.72077],[-110.05461,39.68455],[-110.05154,39.64228],[-110.05349,39.6],[-110.07076,39.57815],[-110.10127,39.55772],[-110.07414,39.51545],[-110.06441,39.43089],[-110.07076,39.40394],[-110.11294,39.40274],[-110.15511,39.40565],[-110.17396,39.38862],[-110.19728,39.35634],[-110.23946,39.34476],[-110.28163,39.37749],[-110.28743,39.38862],[-110.3238,39.42705],[-110.32875,39.43089],[-110.35862,39.47317],[-110.36598,39.50018],[-110.37145,39.51545],[-110.39922,39.55772],[-110.45032,39.59297],[-110.45788,39.6],[-110.49249,39.62599],[-110.51897,39.64228],[-110.53467,39.64795],[-110.57684,39.65831],[-110.61901,39.67162],[-110.66119,39.6823],[-110.70336,39.67168],[-110.74553,39.66999],[-110.78771,39.67844],[-110.82988,39.69815],[-110.87205,39.69575],[-110.88869,39.68455],[-110.91422,39.66357],[-110.94709,39.64228],[-110.94592,39.6],[-110.92948,39.55772],[-110.94083,39.51545],[-110.93554,39.47317],[-110.95347,39.43089],[-110.99857,39.38834],[-111.02934,39.34634],[-111.03901,39.30407],[-111.08292,39.27718],[-111.10498,39.26179],[-111.09568,39.21951],[-111.12509,39.16881],[-111.1407,39.13496],[-111.16726,39.10592],[-111.18133,39.09268],[-111.15757,39.05041],[-111.15619,39.00813],[-111.16726,38.99534],[-111.20944,38.96693],[-111.25161,38.93014],[-111.26338,38.92358],[-111.29378,38.90134],[-111.31534,38.8813],[-111.33427,38.83902],[-111.34345,38.79675],[-111.33595,38.78516],[-111.306,38.75447],[-111.30326,38.7122],[-111.31354,38.66992],[-111.33595,38.63772],[-111.36138,38.58537],[-111.34534,38.54309],[-111.33595,38.51064],[-111.33108,38.50081],[-111.32002,38.45854],[-111.29378,38.40745],[-111.26839,38.37398],[-111.28324,38.33171],[-111.29378,38.31653],[-111.31587,38.28943],[-111.29378,38.28309],[-111.24354,38.24715],[-111.20944,38.21187],[-111.20456,38.20488],[-111.16726,38.14147],[-111.15697,38.12033],[-111.16423,38.07805],[-111.14254,38.03577],[-111.13723,37.9935],[-111.16726,37.98797],[-111.20944,37.97618],[-111.25161,37.94571],[-111.29378,37.92576],[-111.33595,37.92067],[-111.37813,37.91269],[-111.38957,37.90894],[-111.4203,37.89276],[-111.46247,37.87955],[-111.50465,37.87166],[-111.51411,37.86667],[-111.54682,37.83567],[-111.5633,37.82439],[-111.58899,37.81719],[-111.63117,37.82327],[-111.67334,37.79476],[-111.68504,37.78211],[-111.67334,37.76278],[-111.6567,37.73984],[-111.63625,37.69756],[-111.63117,37.67445],[-111.62078,37.65528],[-111.58899,37.64819],[-111.54682,37.62438],[-111.52251,37.61301],[-111.5367,37.57073],[-111.58899,37.5328],[-111.59666,37.52846],[-111.60227,37.48618],[-111.63117,37.48268],[-111.67334,37.47323],[-111.71551,37.48727],[-111.75768,37.51839],[-111.79986,37.49961],[-111.84203,37.4956],[-111.87824,37.52846],[-111.92837,37.57073],[-111.96855,37.61197],[-112.01072,37.63786],[-112.05289,37.64513],[-112.0757,37.61301],[-112.09507,37.57556],[-112.11528,37.52846],[-112.1284,37.48618],[-112.11558,37.4439],[-112.09507,37.43016],[-112.07656,37.40163],[-112.09507,37.35946],[-112.13724,37.36962],[-112.17941,37.36863],[-112.1903,37.35935],[-112.22159,37.34197],[-112.26376,37.32211],[-112.30593,37.32722],[-112.34811,37.32619],[-112.38619,37.31707],[-112.43245,37.29438],[-112.4675,37.31707],[-112.47462,37.31986],[-112.5168,37.31988],[-112.55897,37.3405],[-112.60114,37.34448],[-112.64332,37.3295],[-112.68549,37.32756],[-112.69953,37.31707],[-112.72766,37.30093],[-112.76984,37.27372],[-112.81201,37.26258],[-112.85418,37.27034],[-112.86084,37.2748],[-112.85418,37.29311],[-112.84858,37.31707],[-112.8296,37.35935],[-112.85418,37.37824],[-112.89635,37.39662],[-112.93853,37.39895],[-112.97031,37.35935],[-112.9807,37.34207],[-113.02287,37.32683],[-113.06505,37.33571],[-113.10413,37.35935],[-113.12234,37.40163],[-113.15056,37.4439],[-113.16127,37.48618],[-113.1475,37.52846],[-113.12439,37.57073],[-113.08475,37.61301],[-113.06505,37.63843],[-113.0476,37.65528],[-113.02287,37.68871],[-113.0022,37.73984],[-112.9807,37.76023],[-112.89635,37.80356],[-112.83161,37.82439],[-112.81201,37.83298],[-112.76984,37.85664],[-112.75876,37.86667],[-112.7212,37.90894],[-112.68549,37.96234],[-112.66842,37.9935],[-112.62591,38.07805],[-112.59993,38.12033],[-112.60114,38.12646],[-112.64332,38.12785],[-112.65252,38.12033],[-112.68549,38.10755],[-112.70825,38.07805],[-112.72766,38.06338],[-112.76984,38.04474],[-112.79624,38.03577],[-112.81201,38.02484],[-112.85418,38.00177],[-112.87858,38.03577],[-112.89635,38.05673],[-112.93718,38.07805],[-112.91651,38.12033],[-112.89635,38.13348],[-112.86241,38.1626],[-112.85418,38.16802],[-112.81201,38.18009],[-112.76984,38.18125],[-112.72766,38.17638],[-112.68549,38.176],[-112.64332,38.17907],[-112.60114,38.17626],[-112.58686,38.20488],[-112.5727,38.24715],[-112.56876,38.28943],[-112.57413,38.33171],[-112.58788,38.37398],[-112.60114,38.40817],[-112.61354,38.41626],[-112.64332,38.4251],[-112.66195,38.41626],[-112.72766,38.38909],[-112.73619,38.37398],[-112.76984,38.33645],[-112.81201,38.29283],[-112.81779,38.28943],[-112.85418,38.27136],[-112.8818,38.28943],[-112.88765,38.33171],[-112.85785,38.37398],[-112.83677,38.41626],[-112.83168,38.45854],[-112.81201,38.51024],[-112.76984,38.53782],[-112.72766,38.51404],[-112.68549,38.50925],[-112.64332,38.50826],[-112.60114,38.51282],[-112.58758,38.54309],[-112.55897,38.57273],[-112.5493,38.58537],[-112.53068,38.66992],[-112.4896,38.7122],[-112.47462,38.72128],[-112.43245,38.73299],[-112.39028,38.74054],[-112.34811,38.74547],[-112.34169,38.75447],[-112.34589,38.79675],[-112.33652,38.83902],[-112.31591,38.8813],[-112.30593,38.8922],[-112.26028,38.92358],[-112.22727,38.96585],[-112.21874,39.00813],[-112.1974,39.05041],[-112.17941,39.07797],[-112.17189,39.09268],[-112.16447,39.13496],[-112.14496,39.17724],[-112.13724,39.18525],[-112.09507,39.18661],[-112.07692,39.17724],[-112.06238,39.13496],[-112.061,39.05041],[-112.05289,39.01704],[-112.04098,39.00813],[-112.01525,38.96585],[-112.01072,38.95137],[-111.99919,38.92358],[-112.02173,38.8813],[-112.05289,38.8452],[-112.09507,38.81576],[-112.11736,38.79675],[-112.13724,38.77233],[-112.14979,38.75447],[-112.16541,38.7122],[-112.17941,38.69804],[-112.22159,38.65997],[-112.26376,38.60795],[-112.30593,38.59237],[-112.33562,38.58537],[-112.30593,38.5763],[-112.22771,38.54309],[-112.23036,38.50081],[-112.2434,38.45854],[-112.23879,38.41626],[-112.20402,38.33171],[-112.22159,38.29805],[-112.23765,38.24715],[-112.26376,38.22207],[-112.27393,38.20488],[-112.28873,38.1626],[-112.26376,38.12705],[-112.22159,38.1366],[-112.20185,38.1626],[-112.17941,38.18525],[-112.15224,38.20488],[-112.16372,38.24715],[-112.17109,38.28943],[-112.13724,38.32751],[-112.13209,38.33171],[-112.12772,38.37398],[-112.13724,38.39583],[-112.15029,38.41626],[-112.17349,38.45854],[-112.17941,38.48135],[-112.19833,38.50081],[-112.17941,38.51586],[-112.15637,38.54309],[-112.13724,38.5507],[-112.09507,38.59343],[-112.07577,38.62764],[-112.04881,38.66992],[-112.01072,38.70051],[-111.98175,38.7122],[-111.92139,38.75447],[-111.8842,38.80409],[-111.84203,38.80751],[-111.81736,38.83902],[-111.79986,38.85907],[-111.75768,38.87484],[-111.71551,38.87825],[-111.71162,38.8813],[-111.69091,38.92358],[-111.71551,38.94356],[-111.74877,38.96585],[-111.71551,39.0032],[-111.69173,39.05041],[-111.67334,39.07993],[-111.66153,39.09268],[-111.65569,39.13496],[-111.65713,39.17724],[-111.63305,39.21951],[-111.58899,39.27819],[-111.57355,39.30407],[-111.53606,39.34634],[-111.51229,39.38862],[-111.50465,39.39955],[-111.46247,39.45248],[-111.4443,39.47317],[-111.4203,39.50533],[-111.41409,39.51545],[-111.39661,39.55772],[-111.39839,39.6],[-111.4203,39.67685],[-111.46247,39.67648],[-111.48425,39.64228],[-111.50465,39.6225],[-111.54682,39.62067],[-111.56964,39.64228],[-111.58899,39.65659],[-111.63117,39.67193],[-111.64114,39.64228],[-111.64819,39.55772],[-111.64682,39.51545],[-111.64983,39.47317],[-111.65895,39.43089],[-111.6901,39.38862],[-111.701,39.34634],[-111.71492,39.30407],[-111.75768,39.27716],[-111.79986,39.28575],[-111.81587,39.30407],[-111.82838,39.34634],[-111.84405,39.38862],[-111.82834,39.47317],[-111.82178,39.51545],[-111.79986,39.54044],[-111.77869,39.55772],[-111.784,39.6],[-111.78474,39.64228],[-111.77561,39.68455],[-111.75768,39.709],[-111.71551,39.71909],[-111.70104,39.72683],[-111.71551,39.73668],[-111.75768,39.73625],[-111.79804,39.76911],[-111.79969,39.81138],[-111.78392,39.89593],[-111.75768,39.93259],[-111.75062,39.93821],[-111.71551,39.97553],[-111.67334,39.98221],[-111.63117,40.01357],[-111.6168,40.02276],[-111.58899,40.04532],[-111.54682,40.0291],[-111.53429,39.98049],[-111.54682,39.96484],[-111.56418,39.93821],[-111.56973,39.89593],[-111.56004,39.85366],[-111.54682,39.84696],[-111.5135,39.81138],[-111.50465,39.76428],[-111.46247,39.73219],[-111.44138,39.76911],[-111.44598,39.81138],[-111.4836,39.85366],[-111.50839,39.89593],[-111.49671,39.93821],[-111.46247,39.95301],[-111.4203,39.95999],[-111.37813,39.97106],[-111.33595,39.96255],[-111.29378,39.97413],[-111.28725,39.98049],[-111.29378,39.98453],[-111.33595,39.99373],[-111.37813,39.99092],[-111.40108,40.02276],[-111.37813,40.0551],[-111.36698,40.06504],[-111.3397,40.10732],[-111.4203,40.12889],[-111.43758,40.10732],[-111.46247,40.08905],[-111.50465,40.06623],[-111.53526,40.10732],[-111.50465,40.13712],[-111.4792,40.14959],[-111.46247,40.16711],[-111.4211,40.19187],[-111.44872,40.23415],[-111.46247,40.23599],[-111.50465,40.19623],[-111.54682,40.18307],[-111.58899,40.21997],[-111.598,40.23415],[-111.60665,40.27642],[-111.61047,40.3187],[-111.63117,40.34311],[-111.67334,40.37115],[-111.70537,40.40325],[-111.7201,40.44553],[-111.74687,40.4878],[-111.75768,40.49643],[-111.7934,40.53008],[-111.77171,40.57236],[-111.75797,40.61463],[-111.76281,40.65691],[-111.75768,40.67613],[-111.74652,40.69919],[-111.71551,40.7328],[-111.69027,40.74146],[-111.67334,40.75776],[-111.65772,40.78374],[-111.67334,40.79481],[-111.71551,40.79932],[-111.75768,40.7996],[-111.80079,40.82602],[-111.80909,40.91057],[-111.82856,40.95285],[-111.84304,40.99512],[-111.86093,41.0374],[-111.86947,41.07967],[-111.85293,41.12195],[-111.84203,41.15984],[-111.82981,41.12195],[-111.79267,41.07967],[-111.77646,41.0374],[-111.75768,41.00187],[-111.75189,40.99512],[-111.72748,40.95285],[-111.71551,40.94203],[-111.67334,40.92603],[-111.63117,40.91949],[-111.61868,40.91057],[-111.59209,40.86829],[-111.58899,40.85634],[-111.57568,40.86829],[-111.54682,40.88553],[-111.53323,40.91057],[-111.50465,40.94121],[-111.46247,40.93894],[-111.4408,40.91057],[-111.40125,40.86829],[-111.40847,40.82602],[-111.41285,40.78374],[-111.37813,40.74484],[-111.36552,40.78374],[-111.36119,40.82602],[-111.34551,40.86829],[-111.33595,40.88174],[-111.3076,40.91057],[-111.30325,40.95285],[-111.33595,40.97617],[-111.3528,40.99512],[-111.37813,41.01247],[-111.4203,41.01995],[-111.43558,41.0374],[-111.44845,41.07967],[-111.4353,41.12195],[-111.4203,41.14548],[-111.40347,41.16423],[-111.4203,41.17511],[-111.46247,41.16211],[-111.50465,41.13841],[-111.52534,41.12195],[-111.54682,41.10855],[-111.63117,41.08228],[-111.67334,41.10526],[-111.68869,41.12195],[-111.67862,41.16423],[-111.65509,41.2065],[-111.6411,41.24878],[-111.63117,41.26127],[-111.58899,41.28145],[-111.56269,41.29106],[-111.57918,41.33333],[-111.58899,41.33937],[-111.62215,41.33333],[-111.63117,41.33137],[-111.67334,41.31414],[-111.75768,41.33013],[-111.81993,41.37561],[-111.84137,41.41789],[-111.79986,41.44076],[-111.75768,41.45235],[-111.72878,41.50244],[-111.71382,41.54472],[-111.75144,41.58699],[-111.71551,41.62255],[-111.67334,41.62411],[-111.63117,41.6134],[-111.60107,41.58699],[-111.58899,41.55041],[-111.54682,41.55515],[-111.52987,41.58699],[-111.52138,41.62927],[-111.54682,41.66355],[-111.63117,41.66354],[-111.67334,41.63916],[-111.71551,41.63485],[-111.75768,41.65696],[-111.76162,41.67154],[-111.76005,41.71382],[-111.75768,41.71841],[-111.71551,41.75105],[-111.69791,41.7561],[-111.71551,41.77281],[-111.72933,41.79837],[-111.74557,41.84065],[-111.732,41.88293],[-111.74034,41.9252],[-111.71191,42.00976],[-111.66661,42.09431],[-111.63901,42.13659],[-111.66143,42.17886],[-111.65864,42.22114],[-111.63387,42.26341],[-111.63883,42.30569],[-111.63374,42.39024],[-111.62921,42.43252],[-111.62849,42.4748],[-111.6436,42.51707],[-111.65418,42.55935],[-111.64029,42.60163],[-111.63117,42.60602],[-111.58899,42.58697],[-111.53999,42.55935],[-111.50465,42.54466],[-111.47406,42.51707],[-111.46247,42.49545],[-111.44846,42.4748],[-111.43889,42.43252],[-111.4203,42.40133],[-111.39831,42.39024],[-111.4203,42.37764],[-111.46247,42.36572],[-111.47023,42.34797],[-111.46247,42.313],[-111.44243,42.26341],[-111.44177,42.22114],[-111.4203,42.13122],[-111.40961,42.09431],[-111.40392,42.05203],[-111.40156,42.00976],[-111.40316,41.96748],[-111.39845,41.84065],[-111.37813,41.79736],[-111.33595,41.79716],[-111.29378,41.82639],[-111.281,41.84065],[-111.27009,41.88293],[-111.25161,41.9224],[-111.24866,41.9252],[-111.21914,42.00976],[-111.21856,42.09431],[-111.24782,42.13659],[-111.23281,42.17886],[-111.20944,42.19624],[-111.17772,42.17886],[-111.1584,42.13659],[-111.12509,42.09513],[-111.10499,42.13659],[-111.08292,42.1544],[-111.04074,42.16337],[-111.00364,42.13659],[-110.97826,42.09431],[-110.97001,42.05203],[-110.97881,42.00976],[-110.99857,41.97694],[-111.04098,41.9252],[-111.07163,41.88293],[-111.08292,41.86976],[-111.1235,41.84065],[-111.14549,41.79837],[-111.17314,41.7561],[-111.21834,41.71382],[-111.21994,41.67154],[-111.21463,41.62927],[-111.20944,41.62411],[-111.18484,41.58699],[-111.18838,41.50244],[-111.18575,41.46016],[-111.19529,41.41789],[-111.19273,41.37561],[-111.16726,41.3575],[-111.12509,41.36434],[-111.08292,41.37788],[-111.04074,41.40159],[-111.02315,41.41789],[-111.01766,41.46016],[-111.01605,41.54472],[-111.04074,41.56774],[-111.08292,41.58385],[-111.12509,41.60752],[-111.13951,41.62927],[-111.12509,41.65426],[-111.11903,41.67154],[-111.08292,41.70391],[-111.06462,41.71382],[-111.04074,41.73245],[-110.99857,41.75412],[-110.9564,41.80985],[-110.92743,41.84065],[-110.9283,41.88293],[-110.91422,41.90372],[-110.90384,41.9252],[-110.88962,42.00976],[-110.87854,42.05203],[-110.87704,42.09431],[-110.91422,42.13409],[-110.9564,42.1543],[-110.9843,42.17886],[-110.99857,42.18773],[-111.02268,42.22114],[-111.03332,42.26341],[-111.03386,42.30569],[-111.04074,42.35355],[-111.08292,42.37216],[-111.09309,42.34797],[-111.10433,42.30569],[-111.12509,42.27563],[-111.16726,42.25708],[-111.17402,42.26341],[-111.20944,42.2886],[-111.22159,42.30569],[-111.25161,42.33394],[-111.26254,42.34797],[-111.28413,42.39024],[-111.29378,42.41663],[-111.30413,42.43252],[-111.31931,42.4748],[-111.33595,42.50322],[-111.35153,42.51707],[-111.37813,42.53501],[-111.4203,42.58095],[-111.48113,42.6439],[-111.50187,42.68618],[-111.51319,42.72846],[-111.50465,42.76776],[-111.46247,42.75846],[-111.4203,42.74183],[-111.3786,42.77073],[-111.40788,42.81301],[-111.46247,42.84808],[-111.46628,42.85528],[-111.46247,42.86156],[-111.44673,42.89756],[-111.46247,42.97077],[-111.46883,42.98211],[-111.46247,42.98976],[-111.4203,43.0016],[-111.37813,43.00063],[-111.3594,43.02439],[-111.37813,43.09107],[-111.38947,43.10894],[-111.4203,43.14992],[-111.46247,43.18848],[-111.50465,43.23169],[-111.50991,43.23577],[-111.54682,43.25346],[-111.57984,43.27805],[-111.58899,43.29264],[-111.61186,43.32033],[-111.58899,43.34802],[-111.54682,43.35458],[-111.50465,43.34058],[-111.46247,43.33381],[-111.4356,43.3626],[-111.4203,43.37402],[-111.37813,43.39927],[-111.29378,43.37879],[-111.25596,43.3626],[-111.20944,43.32049],[-111.18206,43.27805],[-111.16726,43.27297],[-111.13345,43.23577],[-111.14905,43.1935],[-111.08292,43.1631],[-111.06999,43.15122],[-111.06405,43.10894],[-111.08292,43.08648],[-111.12448,43.06667],[-111.13136,43.02439],[-111.12509,43.01209],[-111.10199,42.98211],[-111.08292,42.96964],[-111.04074,42.92271],[-111.01371,42.89756],[-111.01202,42.85528],[-111.04074,42.82373],[-111.05409,42.81301],[-111.04709,42.77073],[-111.04074,42.76133],[-111.00622,42.72846],[-110.9995,42.68618],[-110.9564,42.66712],[-110.9349,42.68618],[-110.92481,42.72846],[-110.92038,42.77073],[-110.9177,42.81301],[-110.91996,42.85528],[-110.91422,42.87205],[-110.91112,42.89756],[-110.97413,43.02439],[-110.97966,43.10894],[-110.96624,43.15122],[-110.9829,43.1935],[-110.99857,43.20261],[-111.03769,43.23577],[-111.06682,43.27805],[-111.10325,43.32033],[-111.12509,43.33259],[-111.16726,43.35868],[-111.17172,43.3626],[-111.19612,43.40488],[-111.23087,43.44715],[-111.25161,43.48131],[-111.26723,43.48943],[-111.3099,43.53171],[-111.33595,43.54779],[-111.37813,43.57041],[-111.38201,43.57398],[-111.40993,43.61626],[-111.4203,43.62904],[-111.46247,43.64428],[-111.51826,43.65854],[-111.49332,43.70081],[-111.46247,43.72215],[-111.4395,43.74309],[-111.4203,43.769],[-111.41429,43.78537],[-111.38135,43.82764],[-111.37813,43.83032],[-111.33595,43.84894],[-111.29378,43.82928],[-111.29247,43.82764],[-111.27269,43.78537],[-111.25793,43.74309],[-111.22341,43.70081],[-111.19398,43.65854],[-111.18827,43.61626],[-111.16726,43.59352],[-111.12509,43.58933],[-111.08292,43.60865],[-111.07901,43.61626],[-111.06812,43.65854],[-111.04074,43.72324],[-111.02376,43.78537],[-111.03629,43.82764],[-111.06843,43.86992],[-111.08991,43.9122],[-111.08557,43.95447],[-111.08292,43.96248],[-111.06599,43.99675],[-111.04074,44.02018],[-111.0024,44.03902],[-110.99857,44.04228],[-110.97476,44.0813],[-110.9564,44.10777],[-110.94896,44.12358],[-110.93448,44.16585],[-110.9564,44.17756],[-110.99857,44.21945],[-111.04074,44.21696],[-111.06541,44.20813],[-111.08292,44.19495],[-111.12509,44.18889],[-111.16726,44.20091],[-111.17754,44.20813],[-111.20621,44.25041],[-111.22442,44.29268],[-111.24679,44.33496],[-111.2535,44.37724],[-111.2284,44.41951],[-111.23527,44.46179],[-111.25005,44.50407],[-111.25161,44.51233],[-111.26533,44.54634],[-111.29378,44.58959],[-111.33595,44.593],[-111.33735,44.54634],[-111.36781,44.50407],[-111.4203,44.47801],[-111.46247,44.47113],[-111.50465,44.46731],[-111.54682,44.46859],[-111.58899,44.47505],[-111.63117,44.47511],[-111.67334,44.47027],[-111.72588,44.46179],[-111.75768,44.45012],[-111.79986,44.45821],[-111.81073,44.46179],[-111.84203,44.46557],[-111.8842,44.46396],[-111.92638,44.42807],[-111.93247,44.41951],[-111.96855,44.38019],[-112.01072,44.38001],[-112.05289,44.38651],[-112.09507,44.3896],[-112.13724,44.40618],[-112.15415,44.41951],[-112.16812,44.46179],[-112.17941,44.46793],[-112.19629,44.46179],[-112.1956,44.41951],[-112.20435,44.37724],[-112.22159,44.36415],[-112.26376,44.35077],[-112.34811,44.35062],[-112.39028,44.35681],[-112.43245,44.36024],[-112.47462,44.35763],[-112.5168,44.33998],[-112.55897,44.33847],[-112.56097,44.33496],[-112.55699,44.29268],[-112.60114,44.26375],[-112.64332,44.26149],[-112.68549,44.25716],[-112.69523,44.25041],[-112.69626,44.20813],[-112.7041,44.16585],[-112.70136,44.12358],[-112.72766,44.09277],[-112.76984,44.09913],[-112.81407,44.12358],[-112.85418,44.13996],[-112.89587,44.16585],[-112.93853,44.19527],[-112.94195,44.16585],[-112.92356,44.12358],[-112.90566,44.03902],[-112.89635,44.01346],[-112.88843,43.99675],[-112.87727,43.95447],[-112.88008,43.9122],[-112.89635,43.89839],[-112.93853,43.89398],[-112.9807,43.90532],[-112.99306,43.9122],[-113.0327,43.95447],[-113.05306,43.99675],[-113.10722,44.02864],[-113.12099,44.03902],[-113.14939,44.07161],[-113.16039,44.0813],[-113.23374,44.20016],[-113.29364,44.25041],[-113.31808,44.27668],[-113.34352,44.29268],[-113.36026,44.29841],[-113.40649,44.29268],[-113.40636,44.25041],[-113.40243,44.24403],[-113.37157,44.20813],[-113.35823,44.16585],[-113.31808,44.15602],[-113.27829,44.12358],[-113.27008,44.0813],[-113.27741,44.03902],[-113.24792,43.99675],[-113.22852,43.95447],[-113.19157,43.83805],[-113.18503,43.82764],[-113.14939,43.80413],[-113.10722,43.81044],[-113.06505,43.78777],[-113.06283,43.78537],[-113.05596,43.74309],[-113.06505,43.7199],[-113.0846,43.70081],[-113.10722,43.69012],[-113.14052,43.70081],[-113.14939,43.70792],[-113.19157,43.73045],[-113.23374,43.72605],[-113.27591,43.72958],[-113.28468,43.74309],[-113.30614,43.78537],[-113.31692,43.82764],[-113.35539,43.86992],[-113.38824,43.9122],[-113.40243,43.92727],[-113.4446,43.93128],[-113.48678,43.92444],[-113.52895,43.92631],[-113.57112,43.9421],[-113.59927,43.95447],[-113.6133,43.95734],[-113.64773,43.95447],[-113.62009,43.9122],[-113.6133,43.89893],[-113.58735,43.86992],[-113.57112,43.8569],[-113.52895,43.84502],[-113.4973,43.82764],[-113.47595,43.78537],[-113.41643,43.74309],[-113.4446,43.70724],[-113.48678,43.69668],[-113.51798,43.65854],[-113.52793,43.61626],[-113.57112,43.59368],[-113.58098,43.57398],[-113.58979,43.53171],[-113.58955,43.48943],[-113.6133,43.47084],[-113.65547,43.44662],[-113.69764,43.46859],[-113.72598,43.48943],[-113.73981,43.5161],[-113.75993,43.53171],[-113.78199,43.53641],[-113.82416,43.53209],[-113.86633,43.54105],[-113.90851,43.56276],[-113.95068,43.5571],[-113.99285,43.56397],[-114.01127,43.57398],[-114.03503,43.59449],[-114.0772,43.59171],[-114.11937,43.5787],[-114.12798,43.57398],[-114.1182,43.53171],[-114.11984,43.48943],[-114.16154,43.48057],[-114.17108,43.48943],[-114.20372,43.51051],[-114.23223,43.53171],[-114.24589,43.56086],[-114.25063,43.57398],[-114.27614,43.61626],[-114.28806,43.65307],[-114.29214,43.65854],[-114.3056,43.70081],[-114.33024,43.72791],[-114.36297,43.74309],[-114.37241,43.74876],[-114.37637,43.74309],[-114.37456,43.70081],[-114.37241,43.69953],[-114.34311,43.65854],[-114.37241,43.61882],[-114.37746,43.61626],[-114.41458,43.58383],[-114.42329,43.57398],[-114.39078,43.53171],[-114.41215,43.48943],[-114.45675,43.46777],[-114.49893,43.45885],[-114.5411,43.47456],[-114.56171,43.48943],[-114.58327,43.49999],[-114.62545,43.4961],[-114.63074,43.48943],[-114.66762,43.45263],[-114.70979,43.45231],[-114.77876,43.48943],[-114.79414,43.50085],[-114.83631,43.48616],[-114.87848,43.46253],[-114.92066,43.45606],[-114.96283,43.45512],[-115.005,43.45968],[-115.04718,43.47892],[-115.06023,43.48943],[-115.08935,43.50466],[-115.16234,43.53171],[-115.13884,43.57398],[-115.13152,43.57716],[-115.08935,43.58113],[-115.04718,43.59446],[-115.005,43.61304],[-114.96283,43.6046],[-114.92066,43.6004],[-114.87848,43.60204],[-114.83631,43.59904],[-114.81608,43.61626],[-114.8228,43.65854],[-114.83631,43.66243],[-114.87848,43.67981],[-114.92066,43.66031],[-114.96283,43.62664],[-115.005,43.61817],[-115.04718,43.63133],[-115.08935,43.66115],[-115.1737,43.68147],[-115.21587,43.70953],[-115.25804,43.72456],[-115.30021,43.71935],[-115.33947,43.70081],[-115.36623,43.65854],[-115.3363,43.61626],[-115.33842,43.57398],[-115.34239,43.56617],[-115.38456,43.55268],[-115.42673,43.56628],[-115.46891,43.57468],[-115.55325,43.61024],[-115.55938,43.61626],[-115.56096,43.65854],[-115.55325,43.66444],[-115.51108,43.692],[-115.46891,43.71033],[-115.42673,43.71364],[-115.38456,43.73013],[-115.34239,43.76336],[-115.32735,43.78537],[-115.30021,43.80129],[-115.25804,43.80634],[-115.21587,43.80898],[-115.1737,43.80394],[-115.13152,43.7791],[-115.12149,43.78537],[-115.10305,43.82764],[-115.13152,43.85851],[-115.15884,43.86992],[-115.1737,43.87355],[-115.25804,43.87585],[-115.30021,43.87573],[-115.33838,43.9122],[-115.3691,43.95447],[-115.40543,43.99675],[-115.45026,44.03902],[-115.42673,44.05884],[-115.38456,44.08051],[-115.34239,44.08278],[-115.30021,44.10228],[-115.28525,44.12358],[-115.25804,44.14574],[-115.21587,44.15774],[-115.1737,44.15021],[-115.13194,44.16585],[-115.1737,44.17887],[-115.21587,44.19976],[-115.22346,44.20813],[-115.25804,44.22],[-115.30021,44.2175],[-115.38456,44.19791],[-115.42673,44.17988],[-115.44731,44.16585],[-115.46891,44.15765],[-115.51108,44.16567],[-115.4978,44.20813],[-115.51108,44.21599],[-115.55325,44.21771],[-115.56539,44.25041],[-115.55325,44.266],[-115.53962,44.29268],[-115.55691,44.33496],[-115.55897,44.37724],[-115.55325,44.40922],[-115.54874,44.41951],[-115.59543,44.45141],[-115.61498,44.41951],[-115.6376,44.40201],[-115.67977,44.37564],[-115.68266,44.37724],[-115.70521,44.41951],[-115.6816,44.46179],[-115.72194,44.48638],[-115.74384,44.50407],[-115.76111,44.54634],[-115.76412,44.55016],[-115.77286,44.54634],[-115.80629,44.53822],[-115.81777,44.54634],[-115.82961,44.58862],[-115.82606,44.63089],[-115.84637,44.67317],[-115.82008,44.71545],[-115.85054,44.75772],[-115.83756,44.8],[-115.84846,44.81657],[-115.89064,44.82501],[-115.93281,44.83687],[-115.94169,44.84228],[-115.95401,44.88455],[-115.93281,44.91018],[-115.9112,44.92683],[-115.93281,44.95912],[-115.97498,44.95792],[-115.98619,44.96911],[-116.00118,45.01138],[-115.99763,45.09593],[-115.97498,45.1323],[-115.9694,45.13821],[-115.96686,45.18049],[-115.97498,45.19424],[-116.01716,45.16418],[-116.03222,45.13821],[-116.05933,45.10736],[-116.07906,45.09593],[-116.09179,45.05366],[-116.1015,45.01052],[-116.12303,45.05366],[-116.14367,45.06766],[-116.18585,45.07865],[-116.19668,45.09593],[-116.18585,45.12579],[-116.1756,45.13821],[-116.18585,45.14643],[-116.20203,45.18049],[-116.18585,45.21831],[-116.17651,45.22276],[-116.18585,45.22632],[-116.22802,45.25457],[-116.23396,45.26504],[-116.24828,45.30732],[-116.22802,45.33054],[-116.18585,45.33572],[-116.14618,45.30732],[-116.14367,45.30327],[-116.14072,45.30732],[-116.1015,45.33096],[-116.07137,45.30732],[-116.06394,45.26504],[-116.03241,45.22276],[-116.01716,45.1982],[-115.99752,45.22276],[-115.99904,45.26504],[-115.99753,45.30732],[-115.99116,45.34959],[-115.97498,45.36411],[-115.93281,45.36592],[-115.91326,45.39187],[-115.89064,45.40443],[-115.84846,45.41428],[-115.80629,45.40727],[-115.77109,45.39187],[-115.76412,45.3864],[-115.72933,45.39187],[-115.72029,45.39187],[-115.70357,45.34959],[-115.721,45.30732],[-115.67977,45.2755],[-115.65608,45.30732],[-115.6376,45.32739],[-115.59543,45.34791],[-115.56002,45.30732],[-115.5797,45.26504],[-115.59543,45.24464],[-115.61943,45.22276],[-115.62485,45.18049],[-115.6376,45.15773],[-115.67977,45.11169],[-115.72194,45.12374],[-115.74027,45.13821],[-115.76412,45.18969],[-115.78252,45.22276],[-115.76412,45.26224],[-115.75621,45.26504],[-115.76412,45.26691],[-115.80629,45.30257],[-115.84846,45.28591],[-115.89064,45.28427],[-115.90102,45.26504],[-115.89064,45.25339],[-115.84846,45.22426],[-115.84282,45.18049],[-115.80629,45.14958],[-115.79634,45.13821],[-115.80725,45.09593],[-115.80008,45.05366],[-115.80629,45.01764],[-115.80859,45.01138],[-115.79829,44.96911],[-115.81429,44.92683],[-115.80629,44.89025],[-115.80316,44.88455],[-115.76412,44.86245],[-115.74963,44.84228],[-115.72194,44.79938],[-115.70989,44.75772],[-115.72194,44.74073],[-115.74912,44.71545],[-115.7558,44.67317],[-115.76051,44.63089],[-115.7314,44.58862],[-115.67977,44.54433],[-115.6376,44.57416],[-115.6298,44.58862],[-115.61974,44.63089],[-115.61232,44.67317],[-115.63969,44.71545],[-115.65013,44.75772],[-115.65287,44.8],[-115.64378,44.84228],[-115.6376,44.86337],[-115.62816,44.88455],[-115.618,44.92683],[-115.59543,44.93731],[-115.55325,44.95115],[-115.51108,44.94921],[-115.4765,44.92683],[-115.46891,44.90917],[-115.46128,44.92683],[-115.42673,44.95892],[-115.40758,44.96911],[-115.42673,44.98088],[-115.46891,44.9947],[-115.51108,44.98581],[-115.55325,44.98637],[-115.58914,45.01138],[-115.56513,45.05366],[-115.56299,45.09593],[-115.55325,45.10653],[-115.51108,45.12938],[-115.4972,45.13821],[-115.47891,45.18049],[-115.46891,45.19405],[-115.42673,45.21707],[-115.41963,45.22276],[-115.39777,45.26504],[-115.40079,45.30732],[-115.40098,45.34959],[-115.38738,45.39187],[-115.38456,45.39655],[-115.35178,45.43415],[-115.34239,45.43799],[-115.30021,45.4502],[-115.25804,45.47435],[-115.21587,45.48795],[-115.1737,45.4982],[-115.04718,45.48112],[-115.03733,45.47642],[-115.04718,45.46211],[-115.08935,45.44294],[-115.13152,45.44562],[-115.1737,45.45409],[-115.21587,45.43222],[-115.24905,45.39187],[-115.22739,45.34959],[-115.21587,45.34797],[-115.1737,45.33545],[-115.13152,45.32052],[-115.08935,45.31682],[-115.04718,45.30289],[-115.005,45.29557],[-114.98787,45.30732],[-114.96283,45.32118],[-114.90049,45.34959],[-114.87848,45.35416],[-114.83631,45.35817],[-114.79414,45.36006],[-114.75197,45.36494],[-114.70979,45.35232],[-114.70673,45.34959],[-114.67761,45.30732],[-114.70979,45.26375],[-114.7602,45.22276],[-114.76347,45.18049],[-114.79414,45.16096],[-114.83631,45.15751],[-114.87033,45.18049],[-114.87848,45.18827],[-114.92066,45.20902],[-114.96283,45.21518],[-115.005,45.21832],[-115.04718,45.21824],[-115.08935,45.20994],[-115.1737,45.21462],[-115.21587,45.18779],[-115.25893,45.18049],[-115.21587,45.17573],[-115.1737,45.15409],[-115.13152,45.1386],[-115.08935,45.14234],[-115.04718,45.11529],[-114.99154,45.09593],[-114.9822,45.05366],[-114.96283,45.04307],[-114.95367,45.05366],[-114.92066,45.06467],[-114.83631,45.07969],[-114.79414,45.08144],[-114.77011,45.05366],[-114.77946,45.01138],[-114.79414,44.98942],[-114.81299,44.96911],[-114.80614,44.92683],[-114.80099,44.88455],[-114.83631,44.86148],[-114.86215,44.84228],[-114.87848,44.82841],[-114.92066,44.81468],[-114.93862,44.84228],[-114.96283,44.86172],[-115.005,44.86612],[-115.0192,44.84228],[-115.005,44.82177],[-114.98307,44.8],[-115.005,44.7937],[-115.03798,44.8],[-115.08935,44.82712],[-115.13152,44.81453],[-115.16358,44.75772],[-115.1339,44.71545],[-115.13978,44.67317],[-115.13152,44.66873],[-115.08935,44.66997],[-115.0746,44.67317],[-115.08935,44.6788],[-115.13112,44.71545],[-115.08935,44.73447],[-115.04718,44.72713],[-115.03315,44.71545],[-115.005,44.70047],[-114.96283,44.70514],[-114.92066,44.69815],[-114.87848,44.7127],[-114.87732,44.71545],[-114.83631,44.74216],[-114.80621,44.71545],[-114.79414,44.70623],[-114.75953,44.67317],[-114.75197,44.64851],[-114.70979,44.65585],[-114.68627,44.67317],[-114.69933,44.71545],[-114.70979,44.7202],[-114.75197,44.73443],[-114.781,44.75772],[-114.7264,44.84228],[-114.70979,44.8578],[-114.66762,44.87743],[-114.59898,44.88455],[-114.58327,44.8937],[-114.57356,44.92683],[-114.58327,44.9447],[-114.62545,44.93189],[-114.66328,44.96911],[-114.66274,45.01138],[-114.6363,45.05366],[-114.66179,45.09593],[-114.66449,45.13821],[-114.65967,45.18049],[-114.62545,45.22292],[-114.58327,45.2576],[-114.56597,45.26504],[-114.5411,45.27332],[-114.49893,45.27657],[-114.45675,45.26806],[-114.45165,45.26504],[-114.43097,45.22276],[-114.41458,45.21211],[-114.40781,45.22276],[-114.37241,45.23685],[-114.33671,45.22276],[-114.36515,45.18049],[-114.33024,45.17064],[-114.28806,45.15123],[-114.24589,45.15557],[-114.2368,45.13821],[-114.24589,45.11526],[-114.26246,45.09593],[-114.28806,45.05669],[-114.33024,45.03264],[-114.33764,45.01138],[-114.33024,44.98061],[-114.28806,44.99845],[-114.28025,45.01138],[-114.24589,45.04905],[-114.20372,45.09171],[-114.19085,45.09593],[-114.16154,45.11954],[-114.15371,45.13821],[-114.16154,45.15239],[-114.20372,45.16886],[-114.22439,45.18049],[-114.24589,45.19948],[-114.25679,45.22276],[-114.24589,45.23885],[-114.23252,45.26504],[-114.21687,45.30732],[-114.20372,45.33067],[-114.19561,45.34959],[-114.16154,45.36704],[-114.11937,45.36408],[-114.0772,45.35233],[-114.05314,45.34959],[-114.03503,45.34375],[-114.00941,45.34959],[-113.99285,45.35137],[-113.95592,45.30732],[-113.95068,45.28217],[-113.94887,45.26504],[-113.96027,45.22276],[-113.96694,45.13821],[-113.99285,45.10442],[-114.00942,45.09593],[-113.99285,45.06718],[-113.98728,45.05366],[-113.99508,45.01138],[-114.00125,44.96911],[-114.03503,44.94636],[-114.08118,44.92683],[-114.03503,44.89489],[-114.02677,44.88455],[-114.03503,44.84913],[-114.0772,44.85657],[-114.09886,44.84228],[-114.1185,44.8],[-114.14936,44.75772],[-114.16154,44.71635],[-114.16272,44.71545],[-114.20372,44.70468],[-114.22353,44.71545],[-114.24589,44.74455],[-114.26142,44.71545],[-114.24745,44.67317],[-114.25062,44.63089],[-114.28806,44.6205],[-114.33024,44.60271],[-114.35133,44.58862],[-114.31465,44.54634],[-114.28806,44.50733],[-114.24687,44.46179],[-114.25875,44.41951],[-114.27394,44.37724],[-114.28806,44.35403],[-114.30879,44.29268],[-114.33662,44.25041],[-114.33024,44.24375],[-114.28806,44.21524],[-114.25815,44.20813],[-114.24589,44.20135],[-114.23962,44.20813],[-114.23546,44.25041],[-114.24589,44.25937],[-114.25796,44.29268],[-114.24589,44.30694],[-114.21881,44.33496],[-114.21374,44.37724],[-114.20372,44.39533],[-114.16154,44.39798],[-114.12106,44.37724],[-114.0772,44.32825],[-114.03503,44.30227],[-114.01925,44.33496],[-114.02849,44.37724],[-114.03425,44.41951],[-114.0526,44.46179],[-114.07376,44.50407],[-114.10562,44.54634],[-114.11282,44.58862],[-114.0772,44.61771],[-114.0379,44.58862],[-113.99285,44.53797],[-113.95068,44.50835],[-113.90851,44.47658],[-113.88175,44.46179],[-113.86633,44.45527],[-113.82416,44.43],[-113.81006,44.41951],[-113.78199,44.38756],[-113.73981,44.36344],[-113.69764,44.34182],[-113.65547,44.34001],[-113.6133,44.36066],[-113.60223,44.37724],[-113.6133,44.3908],[-113.63088,44.41951],[-113.6407,44.46179],[-113.65547,44.47524],[-113.67665,44.50407],[-113.73981,44.56747],[-113.75896,44.58862],[-113.78199,44.61041],[-113.82416,44.62808],[-113.88714,44.67317],[-113.90851,44.69193],[-113.95068,44.70387],[-113.96231,44.71545],[-113.93043,44.75772],[-113.93856,44.8],[-113.93259,44.84228],[-113.90014,44.88455],[-113.90939,44.96911],[-113.86633,45.0042],[-113.86143,45.01138],[-113.84924,45.05366],[-113.82416,45.06678],[-113.79576,45.05366],[-113.78199,45.04417],[-113.73981,45.01975],[-113.73071,45.01138],[-113.71101,44.96911],[-113.71703,44.92683],[-113.70408,44.88455],[-113.73625,44.84228],[-113.69764,44.80531],[-113.65547,44.80347],[-113.6133,44.78398],[-113.57112,44.74822],[-113.48678,44.68189],[-113.47271,44.67317],[-113.40243,44.64503],[-113.36026,44.62657],[-113.31808,44.59463],[-113.27591,44.56995],[-113.23374,44.57345],[-113.21295,44.58862],[-113.2126,44.63089],[-113.23132,44.67317],[-113.27591,44.70056],[-113.3059,44.71545],[-113.36026,44.7263],[-113.40243,44.74421],[-113.41569,44.75772],[-113.46728,44.8],[-113.50996,44.84228],[-113.52895,44.86763],[-113.55601,44.88455],[-113.57112,44.91163],[-113.57444,44.92683],[-113.57112,44.93073],[-113.52895,44.94899],[-113.51262,44.96911],[-113.52077,45.01138],[-113.52895,45.01818],[-113.55525,45.05366],[-113.59511,45.09593],[-113.6133,45.11001],[-113.63607,45.13821],[-113.65653,45.18049],[-113.70529,45.22276],[-113.7345,45.26504],[-113.7531,45.30732],[-113.78199,45.35603],[-113.81317,45.39187],[-113.82416,45.40908],[-113.86633,45.4519],[-113.88726,45.47642],[-113.83288,45.5187],[-113.82416,45.53437],[-113.80211,45.56098],[-113.81763,45.60325],[-113.82416,45.61038],[-113.86633,45.62182],[-113.90851,45.63545],[-113.9178,45.64553],[-113.95068,45.67085],[-113.9739,45.64553],[-113.97719,45.60325],[-113.99285,45.58426],[-114.04883,45.56098],[-114.07192,45.5187],[-114.0772,45.50359],[-114.09248,45.5187],[-114.11937,45.52875],[-114.16154,45.53806],[-114.17453,45.5187],[-114.20372,45.49809],[-114.23896,45.47642],[-114.24589,45.47408],[-114.28806,45.45141],[-114.30959,45.43415],[-114.33024,45.41104],[-114.36486,45.39187],[-114.37241,45.38917],[-114.3855,45.39187],[-114.41458,45.41019],[-114.45675,45.41709],[-114.50096,45.39187],[-114.5411,45.3736],[-114.58327,45.37501],[-114.59955,45.39187],[-114.58327,45.41429],[-114.54436,45.43415],[-114.52715,45.47642],[-114.49893,45.51039],[-114.48675,45.5187],[-114.49893,45.52331],[-114.5411,45.52086],[-114.54595,45.5187],[-114.56332,45.47642],[-114.58327,45.46372],[-114.62545,45.45869],[-114.70979,45.47552],[-114.75197,45.45913],[-114.79414,45.46606],[-114.81588,45.47642],[-114.83631,45.48907],[-114.87504,45.5187],[-114.90183,45.56098],[-114.87848,45.59366],[-114.86835,45.60325],[-114.87848,45.61315],[-114.92066,45.64337],[-114.96283,45.64365],[-114.98982,45.60325],[-115.005,45.5888],[-115.04718,45.57971],[-115.07567,45.60325],[-115.04718,45.64914],[-115.005,45.69235],[-114.96283,45.73119],[-114.92066,45.72001],[-114.88663,45.6878],[-114.87848,45.6825],[-114.83631,45.68108],[-114.8186,45.6878],[-114.79414,45.69491],[-114.78353,45.6878],[-114.75389,45.64553],[-114.76162,45.60325],[-114.75197,45.59225],[-114.69612,45.56098],[-114.66762,45.54258],[-114.64019,45.56098],[-114.62545,45.57445],[-114.60211,45.60325],[-114.62545,45.6263],[-114.63749,45.64553],[-114.62545,45.66129],[-114.58327,45.67782],[-114.5411,45.67432],[-114.49893,45.67965],[-114.45675,45.68596],[-114.41458,45.70141],[-114.37215,45.6878],[-114.36058,45.64553],[-114.37447,45.60325],[-114.37241,45.59536],[-114.35475,45.56098],[-114.33024,45.54927],[-114.28806,45.53619],[-114.24589,45.59715],[-114.20372,45.5927],[-114.16154,45.58504],[-114.15113,45.60325],[-114.14497,45.64553],[-114.11937,45.67477],[-114.10033,45.6878],[-114.11937,45.69292],[-114.16154,45.6961],[-114.20372,45.69751],[-114.20994,45.73008],[-114.20372,45.76834],[-114.20259,45.77236],[-114.13209,45.81463],[-114.11937,45.84034],[-114.07437,45.81463],[-114.08351,45.77236],[-114.0772,45.76485],[-114.03503,45.76328],[-114.0223,45.77236],[-113.99285,45.799],[-113.97761,45.77236],[-113.95068,45.74625],[-113.90851,45.75155],[-113.89645,45.77236],[-113.86633,45.81359],[-113.82416,45.83344],[-113.80239,45.85691],[-113.73981,45.88146],[-113.69764,45.89657],[-113.67912,45.89919],[-113.65547,45.91446],[-113.64025,45.94146],[-113.65547,45.95091],[-113.69764,45.9961],[-113.78199,45.98691],[-113.82416,45.96808],[-113.85706,45.98374],[-113.86633,45.99531],[-113.88147,46.02602],[-113.88178,46.06829],[-113.90851,46.09047],[-113.92169,46.11057],[-113.90851,46.12589],[-113.86633,46.11857],[-113.82416,46.12863],[-113.80174,46.15285],[-113.82416,46.20494],[-113.86633,46.22816],[-113.90851,46.23207],[-113.91411,46.2374],[-113.91138,46.27967],[-113.89994,46.32195],[-113.89728,46.36423],[-113.86633,46.37852],[-113.82957,46.4065],[-113.82681,46.44878],[-113.82416,46.45183],[-113.78199,46.43671],[-113.73981,46.40859],[-113.6932,46.36423],[-113.67372,46.32195],[-113.65547,46.30256],[-113.63046,46.27967],[-113.6133,46.26076],[-113.59923,46.2374],[-113.58339,46.19512],[-113.6133,46.16097],[-113.63036,46.15285],[-113.6133,46.14074],[-113.57112,46.12816],[-113.54164,46.11057],[-113.54093,46.06829],[-113.52895,46.06157],[-113.48678,46.09273],[-113.4446,46.11473],[-113.40243,46.1339],[-113.36026,46.14556],[-113.3493,46.15285],[-113.31808,46.17843],[-113.25263,46.19512],[-113.25679,46.2374],[-113.25245,46.27967],[-113.23374,46.32195],[-113.23538,46.36423],[-113.23374,46.36791],[-113.19157,46.40148],[-113.16341,46.4065],[-113.14939,46.41279],[-113.13463,46.44878],[-113.10722,46.489],[-113.10409,46.49106],[-113.06505,46.50294]]},"properties":{"elev":2000,"major":true}},{"type":"Feature","geometry":{"type":"LineString","coordinates":[[-112.30593,46.4971],[-112.29351,46.49106],[-112.26376,46.4824],[-112.22159,46.4781],[-112.17941,46.46998],[-112.16322,46.44878],[-112.14745,46.4065],[-112.14059,46.36423],[-112.17028,46.32195],[-112.17941,46.31798],[-112.22159,46.32331],[-112.26376,46.31438],[-112.30593,46.33141],[-112.34811,46.31569],[-112.39028,46.2927],[-112.45281,46.27967],[-112.44633,46.2374],[-112.43245,46.21655],[-112.41136,46.2374],[-112.39028,46.25341],[-112.34811,46.23904],[-112.30593,46.23664],[-112.26376,46.25682],[-112.22575,46.2374],[-112.22159,46.23398],[-112.17941,46.16578],[-112.16976,46.15285],[-112.17941,46.13692],[-112.18873,46.11057],[-112.18724,46.06829],[-112.22159,46.0406],[-112.23302,46.02602],[-112.26376,46.00024],[-112.30593,46.00308],[-112.33952,45.98374],[-112.34811,45.97006],[-112.3891,45.94146],[-112.38316,45.89919],[-112.39028,45.85725],[-112.39471,45.89919],[-112.391,45.94146],[-112.43245,45.97051],[-112.43992,45.98374],[-112.44645,46.02602],[-112.46987,46.06829],[-112.5168,46.08976],[-112.55897,46.14977],[-112.56532,46.15285],[-112.60114,46.17681],[-112.61991,46.19512],[-112.60114,46.22191],[-112.59448,46.2374],[-112.5835,46.27967],[-112.59023,46.32195],[-112.55897,46.37544],[-112.53546,46.4065],[-112.51822,46.44878],[-112.47462,46.46843],[-112.43245,46.45173],[-112.39028,46.45638],[-112.34811,46.46865],[-112.30593,46.4971]]},"properties":{"elev":2000,"major":true}},{"type":"Feature","geometry":{"type":"LineString","coordinates":[[-114.70979,46.45016],[-114.70417,46.44878],[-114.68423,46.4065],[-114.70979,46.36855],[-114.74218,46.4065],[-114.71915,46.44878],[-114.70979,46.45016]]},"properties":{"elev":2000,"major":true}},{"type":"Feature","geometry":{"type":"LineString","coordinates":[[-111.79986,46.47573],[-111.75768,46.46491],[-111.74057,46.44878],[-111.71551,46.4333],[-111.67651,46.4065],[-111.6783,46.36423],[-111.71551,46.35098],[-111.75768,46.34854],[-111.7754,46.32195],[-111.77473,46.27967],[-111.78405,46.2374],[-111.79986,46.23308],[-111.8842,46.25196],[-111.92638,46.26678],[-111.94894,46.27967],[-111.96855,46.29397],[-111.98739,46.32195],[-111.96855,46.34233],[-111.94302,46.36423],[-111.92638,46.37569],[-111.8842,46.41565],[-111.84203,46.44266],[-111.79986,46.47573]]},"properties":{"elev":2000,"major":true}},{"type":"Feature","geometry":{"type":"LineString","coordinates":[[-110.53467,46.35472],[-110.49249,46.35098],[-110.44414,46.32195],[-110.40815,46.29611],[-110.36598,46.30116],[-110.3238,46.31231],[-110.28163,46.31635],[-110.23946,46.29789],[-110.22427,46.27967],[-110.22536,46.2374],[-110.22827,46.19512],[-110.20432,46.15285],[-110.15511,46.12603],[-110.14348,46.11057],[-110.15393,46.06829],[-110.17533,46.02602],[-110.17744,45.98374],[-110.19728,45.96243],[-110.21407,45.94146],[-110.23946,45.92374],[-110.28163,45.91647],[-110.3238,45.92421],[-110.36598,45.94459],[-110.41893,45.98374],[-110.45032,46.02858],[-110.4699,46.06829],[-110.47199,46.11057],[-110.44994,46.15285],[-110.45978,46.19512],[-110.49249,46.21799],[-110.53467,46.22999],[-110.54295,46.2374],[-110.55872,46.27967],[-110.56297,46.32195],[-110.53467,46.35472]]},"properties":{"elev":2000,"major":true}},{"type":"Feature","geometry":{"type":"LineString","coordinates":[[-121.49964,46.26193],[-121.45747,46.2664],[-121.4153,46.24299],[-121.40969,46.2374],[-121.41113,46.19512],[-121.4153,46.19016],[-121.45747,46.16694],[-121.49964,46.17634],[-121.52573,46.19512],[-121.52788,46.2374],[-121.49964,46.26193]]},"properties":{"elev":2000,"major":true}},{"type":"Feature","geometry":{"type":"LineString","coordinates":[[-115.21587,46.19719],[-115.20558,46.19512],[-115.21587,46.19312],[-115.21994,46.19512],[-115.21587,46.19719]]},"properties":{"elev":2000,"major":true}},{"type":"Feature","geometry":{"type":"LineString","coordinates":[[-113.14939,46.19618],[-113.1549,46.19512],[-113.14939,46.19372],[-113.10722,46.19383],[-113.10347,46.19512],[-113.14939,46.19618]]},"properties":{"elev":2000,"major":true}},{"type":"Feature","geometry":{"type":"LineString","coordinates":[[-112.39028,46.15534],[-112.39338,46.15285],[-112.40201,46.11057],[-112.39028,46.10634],[-112.38515,46.11057],[-112.38875,46.15285],[-112.39028,46.15534]]},"properties":{"elev":2000,"major":true}},{"type":"Feature","geometry":{"type":"LineString","coordinates":[[-112.05289,46.15873],[-112.04611,46.15285],[-112.01072,46.10772],[-111.98837,46.06829],[-111.99022,46.02602],[-112.00278,45.98374],[-112.01072,45.97339],[-112.01855,45.98374],[-112.04269,46.06829],[-112.05289,46.07735],[-112.06951,46.11057],[-112.06154,46.15285],[-112.05289,46.15873]]},"properties":{"elev":2000,"major":true}},{"type":"Feature","geometry":{"type":"LineString","coordinates":[[-111.04074,46.03309],[-110.99857,46.02539],[-110.95727,45.98374],[-110.90849,45.94146],[-110.88162,45.89919],[-110.88925,45.85691],[-110.88234,45.81463],[-110.90901,45.77236],[-110.91422,45.76899],[-110.94597,45.77236],[-110.9564,45.77763],[-110.96278,45.81463],[-110.9564,45.84658],[-110.94904,45.85691],[-110.9564,45.85928],[-110.99857,45.89594],[-111.0356,45.94146],[-111.02335,45.98374],[-111.04739,46.02602],[-111.04074,46.03309]]},"properties":{"elev":2000,"major":true}},{"type":"Feature","geometry":{"type":"LineString","coordinates":[[-113.10722,45.98817],[-113.12009,45.98374],[-113.14939,45.96261],[-113.19157,45.94652],[-113.23374,45.93649],[-113.32221,45.89919],[-113.36026,45.87106],[-113.49979,45.81463],[-113.52895,45.79841],[-113.57112,45.78332],[-113.59651,45.77236],[-113.6133,45.75688],[-113.63776,45.73008],[-113.63879,45.6878],[-113.65547,45.65865],[-113.66638,45.64553],[-113.66215,45.60325],[-113.65547,45.58597],[-113.62825,45.56098],[-113.6133,45.55126],[-113.58969,45.5187],[-113.57112,45.49019],[-113.55828,45.47642],[-113.52895,45.43983],[-113.48678,45.40159],[-113.4446,45.36851],[-113.41332,45.39187],[-113.42769,45.43415],[-113.42656,45.47642],[-113.40243,45.51276],[-113.38106,45.56098],[-113.35775,45.60325],[-113.3607,45.64553],[-113.35016,45.6878],[-113.33245,45.73008],[-113.31808,45.7523],[-113.299,45.77236],[-113.27591,45.78658],[-113.23374,45.80624],[-113.22487,45.81463],[-113.20207,45.85691],[-113.19157,45.86777],[-113.14939,45.88203],[-113.10722,45.87645],[-113.06548,45.85691],[-113.02287,45.81187],[-112.9807,45.75817],[-112.92673,45.77236],[-112.89635,45.78587],[-112.85418,45.79003],[-112.84823,45.81463],[-112.85418,45.82061],[-112.89635,45.83454],[-112.93853,45.83419],[-112.9807,45.843],[-113.01057,45.85691],[-113.02287,45.86519],[-113.05377,45.89919],[-113.03972,45.94146],[-113.02287,45.96207],[-113.00027,45.98374],[-113.02287,45.99687],[-113.06505,45.99731],[-113.10722,45.98817]]},"properties":{"elev":2000,"major":true}},{"type":"Feature","geometry":{"type":"LineString","coordinates":[[-115.005,45.94634],[-115.00113,45.94146],[-115.005,45.93988],[-115.01304,45.94146],[-115.005,45.94634]]},"properties":{"elev":2000,"major":true}},{"type":"Feature","geometry":{"type":"LineString","coordinates":[[-112.60114,45.89148],[-112.55897,45.87567],[-112.5287,45.85691],[-112.5168,45.85298],[-112.50616,45.85691],[-112.47462,45.87259],[-112.43245,45.87666],[-112.39028,45.85687],[-112.35065,45.77236],[-112.3541,45.73008],[-112.39571,45.6878],[-112.42422,45.64553],[-112.43245,45.64305],[-112.47462,45.66239],[-112.5168,45.67335],[-112.55943,45.6878],[-112.60114,45.69992],[-112.63952,45.73008],[-112.64289,45.77236],[-112.64404,45.81463],[-112.61547,45.85691],[-112.60114,45.89148]]},"properties":{"elev":2000,"major":true}},{"type":"Feature","geometry":{"type":"LineString","coordinates":[[-110.82988,45.82302],[-110.78771,45.83248],[-110.74553,45.82282],[-110.73441,45.81463],[-110.71507,45.77236],[-110.73529,45.73008],[-110.74553,45.72508],[-110.78771,45.72813],[-110.79136,45.73008],[-110.81921,45.77236],[-110.82988,45.80023],[-110.84519,45.81463],[-110.82988,45.82302]]},"properties":{"elev":2000,"major":true}},{"type":"Feature","geometry":{"type":"LineString","coordinates":[[-114.92066,45.78716],[-114.87848,45.80056],[-114.87304,45.77236],[-114.92066,45.7403],[-114.93724,45.77236],[-114.92066,45.78716]]},"properties":{"elev":2000,"major":true}},{"type":"Feature","geometry":{"type":"LineString","coordinates":[[-115.72194,45.69024],[-115.67977,45.69422],[-115.6376,45.70451],[-115.59784,45.6878],[-115.59543,45.68508],[-115.55325,45.6606],[-115.51108,45.65984],[-115.46891,45.66547],[-115.45812,45.64553],[-115.46891,45.62897],[-115.50019,45.60325],[-115.51108,45.59805],[-115.55325,45.58759],[-115.59543,45.59076],[-115.61128,45.56098],[-115.6376,45.54524],[-115.67977,45.53684],[-115.72194,45.55021],[-115.72743,45.56098],[-115.76412,45.60284],[-115.80629,45.58156],[-115.82787,45.56098],[-115.84846,45.54742],[-115.89064,45.55761],[-115.93281,45.54739],[-115.9669,45.56098],[-115.97498,45.58099],[-115.98016,45.60325],[-115.95507,45.64553],[-115.93281,45.67454],[-115.89064,45.65504],[-115.84846,45.64668],[-115.80629,45.64223],[-115.76412,45.67174],[-115.72194,45.69024]]},"properties":{"elev":2000,"major":true}},{"type":"Feature","geometry":{"type":"LineString","coordinates":[[-115.1737,45.70066],[-115.15519,45.6878],[-115.1737,45.67406],[-115.18657,45.6878],[-115.1737,45.70066]]},"properties":{"elev":2000,"major":true}},{"type":"Feature","geometry":{"type":"LineString","coordinates":[[-110.74553,45.60406],[-110.70336,45.60531],[-110.69864,45.60325],[-110.70336,45.60078],[-110.74553,45.602],[-110.74752,45.60325],[-110.74553,45.60406]]},"properties":{"elev":2000,"major":true}},{"type":"Feature","geometry":{"type":"LineString","coordinates":[[-112.60114,45.56461],[-112.59345,45.56098],[-112.58778,45.5187],[-112.60114,45.51647],[-112.60515,45.5187],[-112.60695,45.56098],[-112.60114,45.56461]]},"properties":{"elev":2000,"major":true}},{"type":"Feature","geometry":{"type":"LineString","coordinates":[[-121.66833,45.40401],[-121.64397,45.39187],[-121.66833,45.3678],[-121.69725,45.39187],[-121.66833,45.40401]]},"properties":{"elev":2000,"major":true}},{"type":"Feature","geometry":{"type":"LineString","coordinates":[[-117.45104,45.39872],[-117.44066,45.39187],[-117.40886,45.35407],[-117.36669,45.37713],[-117.32452,45.36607],[-117.28234,45.32684],[-117.23671,45.30732],[-117.198,45.27711],[-117.15583,45.2756],[-117.11672,45.26504],[-117.11365,45.26368],[-117.06626,45.22276],[-117.05397,45.18049],[-117.07148,45.14332],[-117.10483,45.13821],[-117.08387,45.09593],[-117.09097,45.05366],[-117.12005,45.05366],[-117.15583,45.06358],[-117.166,45.05366],[-117.198,45.04047],[-117.24017,45.01792],[-117.27388,45.05366],[-117.28234,45.06569],[-117.32452,45.08964],[-117.36669,45.07921],[-117.40886,45.09269],[-117.45104,45.10201],[-117.49321,45.1209],[-117.50841,45.13821],[-117.53449,45.18049],[-117.49321,45.19702],[-117.4694,45.22276],[-117.47297,45.26504],[-117.48186,45.30732],[-117.49488,45.34959],[-117.49321,45.36278],[-117.4809,45.39187],[-117.45104,45.39872]]},"properties":{"elev":2000,"major":true}},{"type":"Feature","geometry":{"type":"LineString","coordinates":[[-116.5654,45.35024],[-116.52323,45.38675],[-116.48106,45.38673],[-116.47053,45.34959],[-116.48106,45.3272],[-116.49381,45.30732],[-116.48106,45.29054],[-116.46712,45.26504],[-116.48054,45.22276],[-116.4875,45.18049],[-116.47104,45.13821],[-116.48106,45.12651],[-116.52323,45.13318],[-116.5654,45.13694],[-116.60758,45.16678],[-116.61445,45.18049],[-116.60643,45.22276],[-116.57758,45.26504],[-116.5654,45.35024]]},"properties":{"elev":2000,"major":true}},{"type":"Feature","geometry":{"type":"LineString","coordinates":[[-108.42602,45.32254],[-108.41314,45.30732],[-108.39011,45.26504],[-108.38385,45.25668],[-108.37479,45.22276],[-108.34167,45.20977],[-108.2995,45.18835],[-108.29158,45.18049],[-108.28455,45.13821],[-108.2995,45.11477],[-108.34167,45.11491],[-108.38385,45.13642],[-108.42602,45.11039],[-108.46819,45.11331],[-108.51036,45.12518],[-108.53462,45.13821],[-108.55254,45.15044],[-108.59108,45.18049],[-108.55254,45.20832],[-108.51036,45.2186],[-108.46819,45.22087],[-108.45558,45.22276],[-108.45695,45.26504],[-108.44309,45.30732],[-108.42602,45.32254]]},"properties":{"elev":2000,"major":true}},{"type":"Feature","geometry":{"type":"LineString","coordinates":[[-117.57756,45.26941],[-117.57197,45.26504],[-117.57756,45.22299],[-117.58619,45.26504],[-117.57756,45.26941]]},"properties":{"elev":2000,"major":true}},{"type":"Feature","geometry":{"type":"LineString","coordinates":[[-108.00429,45.15859],[-107.96212,45.17735],[-107.92451,45.13821],[-107.91994,45.1356],[-107.87777,45.12554],[-107.8356,45.11047],[-107.79342,45.07386],[-107.77683,45.05366],[-107.75125,45.02841],[-107.73054,45.01138],[-107.70908,44.98866],[-107.68523,44.96911],[-107.6669,44.94785],[-107.62473,44.96074],[-107.58256,44.95484],[-107.54039,44.9432],[-107.49821,44.92587],[-107.45604,44.9139],[-107.41387,44.89665],[-107.39742,44.88455],[-107.3697,44.84228],[-107.32952,44.81654],[-107.24518,44.75197],[-107.21324,44.71545],[-107.203,44.69862],[-107.17612,44.67317],[-107.16083,44.66334],[-107.11866,44.64247],[-107.07648,44.61503],[-107.03431,44.59732],[-106.98582,44.58862],[-106.94996,44.56855],[-106.9318,44.54634],[-106.91082,44.50407],[-106.91406,44.46179],[-106.90779,44.44756],[-106.89109,44.41951],[-106.83488,44.33496],[-106.82345,44.31494],[-106.8148,44.29268],[-106.80972,44.25041],[-106.82065,44.20813],[-106.82111,44.16585],[-106.81685,44.12358],[-106.82089,44.0813],[-106.82303,44.03902],[-106.81796,43.99675],[-106.81071,43.95447],[-106.82345,43.93181],[-106.86562,43.92217],[-106.87821,43.9122],[-106.88149,43.86992],[-106.8737,43.82764],[-106.90779,43.79518],[-106.94996,43.78331],[-106.97982,43.74309],[-106.98102,43.70081],[-106.97768,43.65854],[-106.97246,43.61626],[-106.94394,43.53171],[-106.96537,43.48943],[-107.0068,43.44715],[-107.03431,43.4239],[-107.06567,43.40488],[-107.07648,43.38155],[-107.09456,43.3626],[-107.11866,43.33291],[-107.12515,43.32033],[-107.11645,43.27805],[-107.11866,43.27424],[-107.16083,43.25223],[-107.203,43.26009],[-107.24518,43.27299],[-107.27004,43.27805],[-107.32952,43.28544],[-107.37169,43.29621],[-107.40841,43.32033],[-107.4434,43.3626],[-107.45604,43.37004],[-107.4934,43.40488],[-107.49821,43.41122],[-107.54039,43.43604],[-107.57455,43.44715],[-107.58256,43.45751],[-107.62473,43.48059],[-107.6669,43.49451],[-107.70908,43.51671],[-107.72084,43.53171],[-107.70908,43.55165],[-107.68076,43.57398],[-107.6669,43.57747],[-107.63655,43.57398],[-107.62473,43.56951],[-107.59329,43.53171],[-107.58256,43.51598],[-107.54039,43.50828],[-107.49821,43.51473],[-107.45604,43.52707],[-107.45038,43.53171],[-107.41387,43.55429],[-107.37169,43.57373],[-107.28735,43.59847],[-107.24518,43.62958],[-107.22431,43.65854],[-107.1976,43.70081],[-107.19823,43.74309],[-107.2058,43.78537],[-107.19834,43.82764],[-107.19446,43.86992],[-107.19733,43.9122],[-107.20567,43.95447],[-107.20948,43.99675],[-107.25338,44.03902],[-107.28735,44.0813],[-107.32952,44.12504],[-107.3637,44.16585],[-107.39278,44.20813],[-107.4329,44.29268],[-107.45604,44.31484],[-107.49821,44.36427],[-107.51288,44.37724],[-107.54039,44.39835],[-107.57601,44.41951],[-107.58256,44.42891],[-107.60102,44.46179],[-107.62007,44.50407],[-107.62473,44.51073],[-107.64376,44.54634],[-107.64161,44.58862],[-107.6669,44.60703],[-107.70908,44.62021],[-107.72928,44.63089],[-107.75125,44.64767],[-107.77662,44.67317],[-107.79342,44.70046],[-107.80711,44.71545],[-107.8356,44.73127],[-107.87777,44.74293],[-107.89687,44.75772],[-107.96212,44.80354],[-108.00429,44.83473],[-108.01235,44.84228],[-108.03062,44.88455],[-108.00429,44.93157],[-107.97712,44.96911],[-107.97432,45.01138],[-108.00748,45.05366],[-108.02733,45.09593],[-108.04331,45.13821],[-108.00429,45.15859]]},"properties":{"elev":2000,"major":true}},{"type":"Feature","geometry":{"type":"LineString","coordinates":[[-112.9807,45.11062],[-112.93853,45.09868],[-112.93413,45.09593],[-112.93853,45.09196],[-112.9807,45.0882],[-112.9947,45.09593],[-112.9807,45.11062]]},"properties":{"elev":2000,"major":true}},{"type":"Feature","geometry":{"type":"LineString","coordinates":[[-118.21015,45.02231],[-118.1981,45.01138],[-118.16798,44.99726],[-118.14333,44.96911],[-118.1258,44.93973],[-118.12102,44.92683],[-118.08363,44.88461],[-118.04146,44.85246],[-118.02787,44.8],[-118.04146,44.79009],[-118.08363,44.80966],[-118.1258,44.8232],[-118.16057,44.84228],[-118.16798,44.84799],[-118.21015,44.85641],[-118.25232,44.85341],[-118.27455,44.84228],[-118.2945,44.83862],[-118.30013,44.84228],[-118.31313,44.88455],[-118.25448,44.92683],[-118.29643,44.96911],[-118.2945,44.97207],[-118.25232,44.99362],[-118.22186,45.01138],[-118.21015,45.02231]]},"properties":{"elev":2000,"major":true}},{"type":"Feature","geometry":{"type":"LineString","coordinates":[[-110.36598,44.93444],[-110.39186,44.92683],[-110.36598,44.91538],[-110.3238,44.92183],[-110.30776,44.92683],[-110.3238,44.93173],[-110.36598,44.93444]]},"properties":{"elev":2000,"major":true}},{"type":"Feature","geometry":{"type":"LineString","coordinates":[[-114.49893,44.86695],[-114.52523,44.84228],[-114.49893,44.82415],[-114.45864,44.8],[-114.45675,44.79728],[-114.43095,44.84228],[-114.45675,44.86968],[-114.49893,44.86695]]},"properties":{"elev":2000,"major":true}},{"type":"Feature","geometry":{"type":"LineString","coordinates":[[-116.7341,44.83],[-116.69192,44.82274],[-116.67688,44.8],[-116.65924,44.75772],[-116.69192,44.74472],[-116.7341,44.74995],[-116.74473,44.75772],[-116.77105,44.8],[-116.7341,44.83]]},"properties":{"elev":2000,"major":true}},{"type":"Feature","geometry":{"type":"LineString","coordinates":[[-115.51108,44.8378],[-115.52126,44.8],[-115.51108,44.76634],[-115.49634,44.8],[-115.51108,44.8378]]},"properties":{"elev":2000,"major":true}},{"type":"Feature","geometry":{"type":"LineString","coordinates":[[-112.5168,44.80261],[-112.51944,44.8],[-112.5168,44.79082],[-112.51476,44.8],[-112.5168,44.80261]]},"properties":{"elev":2000,"major":true}},{"type":"Feature","geometry":{"type":"LineString","coordinates":[[-118.63188,44.76926],[-118.58971,44.77514],[-118.54753,44.76115],[-118.54215,44.75772],[-118.54656,44.71545],[-118.58971,44.7356],[-118.64343,44.75772],[-118.63188,44.76926]]},"properties":{"elev":2000,"major":true}},{"type":"Feature","geometry":{"type":"LineString","coordinates":[[-116.27019,44.76671],[-116.25461,44.75772],[-116.27019,44.72866],[-116.27632,44.75772],[-116.27019,44.76671]]},"properties":{"elev":2000,"major":true}},{"type":"Feature","geometry":{"type":"LineString","coordinates":[[-121.79485,44.68587],[-121.76858,44.67317],[-121.79485,44.66582],[-121.79842,44.67317],[-121.79485,44.68587]]},"properties":{"elev":2000,"major":true}},{"type":"Feature","geometry":{"type":"LineString","coordinates":[[-116.14367,44.68368],[-116.14092,44.67317],[-116.14367,44.66019],[-116.15049,44.67317],[-116.14367,44.68368]]},"properties":{"elev":2000,"major":true}},{"type":"Feature","geometry":{"type":"LineString","coordinates":[[-116.18585,44.63259],[-116.18214,44.63089],[-116.18585,44.62876],[-116.18713,44.63089],[-116.18585,44.63259]]},"properties":{"elev":2000,"major":true}},{"type":"Feature","geometry":{"type":"LineString","coordinates":[[-115.21587,44.63172],[-115.2215,44.63089],[-115.21587,44.62984],[-115.21213,44.63089],[-115.21587,44.63172]]},"properties":{"elev":2000,"major":true}},{"type":"Feature","geometry":{"type":"LineString","coordinates":[[-115.30021,44.56254],[-115.33142,44.54634],[-115.30021,44.53169],[-115.2851,44.54634],[-115.30021,44.56254]]},"properties":{"elev":2000,"major":true}},{"type":"Feature","geometry":{"type":"LineString","coordinates":[[-116.14367,44.54021],[-116.10793,44.50407],[-116.1015,44.49991],[-116.08558,44.46179],[-116.08622,44.41951],[-116.1015,44.38755],[-116.14367,44.40049],[-116.15466,44.41951],[-116.1649,44.46179],[-116.16109,44.50407],[-116.14367,44.54021]]},"properties":{"elev":2000,"major":true}},{"type":"Feature","geometry":{"type":"LineString","coordinates":[[-115.84846,44.46649],[-115.84344,44.46179],[-115.84846,44.45824],[-115.85183,44.46179],[-115.84846,44.46649]]},"properties":{"elev":2000,"major":true}},{"type":"Feature","geometry":{"type":"LineString","coordinates":[[-111.71551,44.39635],[-111.67334,44.39444],[-111.58899,44.40196],[-111.54682,44.39125],[-111.52105,44.37724],[-111.50944,44.33496],[-111.53099,44.29268],[-111.54682,44.27103],[-111.63117,44.28161],[-111.67325,44.29268],[-111.71551,44.31347],[-111.75329,44.33496],[-111.74227,44.37724],[-111.71551,44.39635]]},"properties":{"elev":2000,"major":true}},{"type":"Feature","geometry":{"type":"LineString","coordinates":[[-118.67405,44.33564],[-118.63188,44.32122],[-118.58971,44.31336],[-118.55672,44.29268],[-118.58971,44.27389],[-118.67405,44.26838],[-118.73334,44.29268],[-118.71623,44.31338],[-118.68056,44.33496],[-118.67405,44.33564]]},"properties":{"elev":2000,"major":true}},{"type":"Feature","geometry":{"type":"LineString","coordinates":[[-118.46319,44.34204],[-118.43796,44.33496],[-118.43124,44.29268],[-118.45697,44.25041],[-118.46319,44.24741],[-118.46792,44.25041],[-118.49292,44.29268],[-118.47179,44.33496],[-118.46319,44.34204]]},"properties":{"elev":2000,"major":true}},{"type":"Feature","geometry":{"type":"LineString","coordinates":[[-118.33667,44.33726],[-118.2945,44.34432],[-118.25232,44.33617],[-118.25072,44.33496],[-118.25232,44.332],[-118.2945,44.3177],[-118.33667,44.33314],[-118.33938,44.33496],[-118.33667,44.33726]]},"properties":{"elev":2000,"major":true}},{"type":"Feature","geometry":{"type":"LineString","coordinates":[[-115.76412,44.29966],[-115.72194,44.32931],[-115.70232,44.29268],[-115.70011,44.20813],[-115.72194,44.17167],[-115.76412,44.18232],[-115.78003,44.20813],[-115.78799,44.25041],[-115.77375,44.29268],[-115.76412,44.29966]]},"properties":{"elev":2000,"major":true}},{"type":"Feature","geometry":{"type":"LineString","coordinates":[[-114.96283,44.25395],[-114.96813,44.25041],[-114.96283,44.24716],[-114.9461,44.25041],[-114.96283,44.25395]]},"properties":{"elev":2000,"major":true}},{"type":"Feature","geometry":{"type":"LineString","coordinates":[[-114.49893,44.25954],[-114.52227,44.25041],[-114.49893,44.24775],[-114.45457,44.25041],[-114.45675,44.25678],[-114.49893,44.25954]]},"properties":{"elev":2000,"major":true}},{"type":"Feature","geometry":{"type":"LineString","coordinates":[[-121.75268,44.20942],[-121.71519,44.16585],[-121.71051,44.15681],[-121.66833,44.12661],[-121.62616,44.12307],[-121.58856,44.0813],[-121.62359,44.03902],[-121.62616,44.01509],[-121.63068,43.99675],[-121.66833,43.98087],[-121.67656,43.99675],[-121.66833,44.01851],[-121.63216,44.03902],[-121.66833,44.04917],[-121.71051,44.0717],[-121.75268,44.06788],[-121.7748,44.0813],[-121.7972,44.12358],[-121.80316,44.16585],[-121.79485,44.18186],[-121.75268,44.20942]]},"properties":{"elev":2000,"major":true}},{"type":"Feature","geometry":{"type":"LineString","coordinates":[[-103.99786,44.24211],[-103.97179,44.20813],[-103.95568,44.2004],[-103.91351,44.1978],[-103.87477,44.16585],[-103.86038,44.12358],[-103.87201,44.03902],[-103.86246,43.99675],[-103.82916,43.96874],[-103.78699,43.97155],[-103.74461,43.95447],[-103.74139,43.9122],[-103.73586,43.86992],[-103.74482,43.85693],[-103.78699,43.85232],[-103.82612,43.86992],[-103.85107,43.9122],[-103.87134,43.93645],[-103.95568,43.97596],[-103.99786,43.99301],[-103.99989,43.99675],[-104.0123,44.03902],[-104.01815,44.0813],[-104.03819,44.12358],[-104.019,44.16585],[-104.01708,44.20813],[-103.99786,44.24211]]},"properties":{"elev":2000,"major":true}},{"type":"Feature","geometry":{"type":"LineString","coordinates":[[-113.90851,44.17749],[-113.92626,44.16585],[-113.95068,44.12893],[-113.95189,44.12358],[-113.95068,44.09051],[-113.94865,44.0813],[-113.87362,44.03902],[-113.86633,44.03635],[-113.83692,43.99675],[-113.82416,43.98829],[-113.78199,43.97752],[-113.73981,43.96997],[-113.69764,43.99132],[-113.69396,43.99675],[-113.73981,44.01066],[-113.77934,44.03902],[-113.82416,44.06546],[-113.8412,44.0813],[-113.86222,44.12358],[-113.86633,44.13731],[-113.89304,44.16585],[-113.90851,44.17749]]},"properties":{"elev":2000,"major":true}},{"type":"Feature","geometry":{"type":"LineString","coordinates":[[-115.72194,44.01962],[-115.67977,44.01448],[-115.66034,43.99675],[-115.66037,43.95447],[-115.67977,43.94102],[-115.72194,43.95153],[-115.72654,43.95447],[-115.74088,43.99675],[-115.72194,44.01962]]},"properties":{"elev":2000,"major":true}},{"type":"Feature","geometry":{"type":"LineString","coordinates":[[-121.20443,43.78794],[-121.19844,43.78537],[-121.16226,43.75605],[-121.15097,43.74309],[-121.15998,43.70081],[-121.16226,43.69866],[-121.20443,43.68892],[-121.23103,43.70081],[-121.24548,43.74309],[-121.21279,43.78537],[-121.20443,43.78794]]},"properties":{"elev":2000,"major":true}},{"type":"Feature","geometry":{"type":"LineString","coordinates":[[-113.52895,43.74375],[-113.53011,43.74309],[-113.52895,43.73233],[-113.50914,43.74309],[-113.52895,43.74375]]},"properties":{"elev":2000,"major":true}},{"type":"Feature","geometry":{"type":"LineString","coordinates":[[-113.6133,43.70476],[-113.61861,43.70081],[-113.6133,43.68963],[-113.57112,43.67588],[-113.53627,43.70081],[-113.57112,43.71279],[-113.6133,43.70476]]},"properties":{"elev":2000,"major":true}},{"type":"Feature","geometry":{"type":"LineString","coordinates":[[-110.74553,43.64185],[-110.7641,43.61626],[-110.78771,43.59679],[-110.80317,43.57398],[-110.82988,43.54325],[-110.86369,43.48943],[-110.86365,43.44715],[-110.82988,43.40214],[-110.78771,43.38267],[-110.74553,43.38933],[-110.73323,43.40488],[-110.77184,43.44715],[-110.76704,43.48943],[-110.74553,43.51711],[-110.70336,43.52516],[-110.68768,43.53171],[-110.67337,43.57398],[-110.70336,43.63818],[-110.74553,43.64185]]},"properties":{"elev":2000,"major":true}},{"type":"Feature","geometry":{"type":"LineString","coordinates":[[-122.13224,43.54831],[-122.09462,43.53171],[-122.13224,43.51872],[-122.14396,43.53171],[-122.13224,43.54831]]},"properties":{"elev":2000,"major":true}},{"type":"Feature","geometry":{"type":"LineString","coordinates":[[-107.96212,43.54806],[-107.91994,43.54775],[-107.89933,43.53171],[-107.83833,43.48943],[-107.80939,43.44715],[-107.8356,43.42817],[-107.96212,43.42003],[-108.00429,43.42684],[-108.04646,43.44419],[-108.05795,43.44715],[-108.08863,43.46385],[-108.1102,43.48943],[-108.08863,43.51043],[-108.04646,43.51946],[-108.00429,43.53045],[-107.96212,43.54806]]},"properties":{"elev":2000,"major":true}},{"type":"Feature","geometry":{"type":"LineString","coordinates":[[-111.54682,43.49028],[-111.50465,43.47776],[-111.47599,43.44715],[-111.49117,43.40488],[-111.50465,43.39102],[-111.54682,43.37053],[-111.57209,43.40488],[-111.58172,43.44715],[-111.55477,43.48943],[-111.54682,43.49028]]},"properties":{"elev":2000,"major":true}},{"type":"Feature","geometry":{"type":"LineString","coordinates":[[-108.25733,43.49442],[-108.21515,43.49446],[-108.21083,43.48943],[-108.21515,43.4859],[-108.25733,43.48642],[-108.28624,43.48943],[-108.25733,43.49442]]},"properties":{"elev":2000,"major":true}},{"type":"Feature","geometry":{"type":"LineString","coordinates":[[-114.11937,43.48876],[-114.0772,43.45247],[-114.07422,43.44715],[-114.0772,43.42849],[-114.11937,43.44231],[-114.12595,43.44715],[-114.11937,43.48876]]},"properties":{"elev":2000,"major":true}},{"type":"Feature","geometry":{"type":"LineString","coordinates":[[-110.70336,43.36407],[-110.70539,43.3626],[-110.70336,43.35925],[-110.70211,43.3626],[-110.70336,43.36407]]},"properties":{"elev":2000,"major":true}},{"type":"Feature","geometry":{"type":"LineString","coordinates":[[-111.8842,43.32086],[-111.84203,43.33102],[-111.83375,43.32033],[-111.81247,43.27805],[-111.8034,43.23577],[-111.79986,43.22863],[-111.75768,43.17347],[-111.71551,43.16814],[-111.70991,43.1935],[-111.67334,43.23176],[-111.63117,43.20232],[-111.62059,43.1935],[-111.61131,43.15122],[-111.63117,43.13174],[-111.65946,43.15122],[-111.67334,43.156],[-111.69676,43.15122],[-111.68756,43.10894],[-111.71437,43.06667],[-111.75768,43.07813],[-111.77708,43.10894],[-111.79995,43.15122],[-111.8842,43.21528],[-111.89694,43.23577],[-111.90124,43.27805],[-111.8842,43.32086]]},"properties":{"elev":2000,"major":true}},{"type":"Feature","geometry":{"type":"LineString","coordinates":[[-122.00572,43.24249],[-121.98971,43.23577],[-121.97895,43.1935],[-122.00125,43.15122],[-122.00572,43.14734],[-122.04789,43.12886],[-122.06511,43.15122],[-122.05683,43.1935],[-122.04789,43.21346],[-122.02295,43.23577],[-122.00572,43.24249]]},"properties":{"elev":2000,"major":true}},{"type":"Feature","geometry":{"type":"LineString","coordinates":[[-111.58899,43.11921],[-111.54682,43.12819],[-111.50465,43.11557],[-111.49722,43.10894],[-111.47999,43.06667],[-111.50465,43.044],[-111.54682,43.03599],[-111.5831,43.06667],[-111.58899,43.09581],[-111.59893,43.10894],[-111.58899,43.11921]]},"properties":{"elev":2000,"major":true}},{"type":"Feature","geometry":{"type":"LineString","coordinates":[[-116.7341,43.04401],[-116.69192,43.0241],[-116.63,42.98211],[-116.64975,42.95219],[-116.69192,42.95199],[-116.7341,42.96455],[-116.75809,42.98211],[-116.75457,43.02439],[-116.7341,43.04401]]},"properties":{"elev":2000,"major":true}},{"type":"Feature","geometry":{"type":"LineString","coordinates":[[-122.13224,42.99387],[-122.11123,42.98211],[-122.13224,42.94777],[-122.1466,42.98211],[-122.13224,42.99387]]},"properties":{"elev":2000,"major":true}},{"type":"Feature","geometry":{"type":"LineString","coordinates":[[-121.33095,42.98492],[-121.28878,42.99467],[-121.25535,42.98211],[-121.24557,42.93984],[-121.28878,42.91406],[-121.33095,42.91042],[-121.36922,42.93984],[-121.33451,42.98211],[-121.33095,42.98492]]},"properties":{"elev":2000,"major":true}},{"type":"Feature","geometry":{"type":"LineString","coordinates":[[-112.13724,42.99479],[-112.09507,42.99138],[-112.05705,42.98211],[-112.05289,42.97342],[-112.04922,42.93984],[-112.07144,42.89756],[-112.07714,42.85528],[-112.05289,42.83303],[-112.04415,42.81301],[-112.05557,42.77073],[-112.05494,42.72846],[-112.07085,42.68618],[-112.09507,42.68035],[-112.10358,42.68618],[-112.13724,42.72842],[-112.15271,42.77073],[-112.14708,42.81301],[-112.13818,42.85528],[-112.17415,42.89756],[-112.17866,42.93984],[-112.15952,42.98211],[-112.13724,42.99479]]},"properties":{"elev":2000,"major":true}},{"type":"Feature","geometry":{"type":"LineString","coordinates":[[-111.58899,42.99609],[-111.56581,42.98211],[-111.58899,42.98012],[-111.59166,42.98211],[-111.58899,42.99609]]},"properties":{"elev":2000,"major":true}},{"type":"Feature","geometry":{"type":"LineString","coordinates":[[-122.00572,42.96838],[-121.96928,42.93984],[-122.00572,42.90895],[-122.04789,42.89085],[-122.09006,42.88834],[-122.11425,42.89756],[-122.09006,42.91228],[-122.04789,42.9321],[-122.04599,42.93984],[-122.00572,42.96838]]},"properties":{"elev":2000,"major":true}},{"type":"Feature","geometry":{"type":"LineString","coordinates":[[-111.84203,42.95513],[-111.82815,42.93984],[-111.84203,42.9298],[-111.85653,42.93984],[-111.84203,42.95513]]},"properties":{"elev":2000,"major":true}},{"type":"Feature","geometry":{"type":"LineString","coordinates":[[-111.79986,42.91466],[-111.77676,42.89756],[-111.79986,42.88057],[-111.81255,42.89756],[-111.79986,42.91466]]},"properties":{"elev":2000,"major":true}},{"type":"Feature","geometry":{"type":"LineString","coordinates":[[-111.75768,42.86481],[-111.75222,42.85528],[-111.75768,42.85062],[-111.76354,42.85528],[-111.75768,42.86481]]},"properties":{"elev":2000,"major":true}},{"type":"Feature","geometry":{"type":"LineString","coordinates":[[-118.63188,42.82083],[-118.58971,42.82758],[-118.54753,42.82457],[-118.50536,42.83842],[-118.48112,42.81301],[-118.49086,42.77073],[-118.50536,42.72263],[-118.52344,42.6439],[-118.54753,42.60509],[-118.58971,42.583],[-118.63188,42.57365],[-118.63655,42.60163],[-118.65343,42.6439],[-118.67405,42.68231],[-118.70432,42.72846],[-118.68852,42.77073],[-118.67405,42.78505],[-118.63188,42.82083]]},"properties":{"elev":2000,"major":true}},{"type":"Feature","geometry":{"type":"LineString","coordinates":[[-120.7827,42.70731],[-120.74053,42.696],[-120.69836,42.68992],[-120.68259,42.68618],[-120.6563,42.6439],[-120.68049,42.60163],[-120.69836,42.55858],[-120.74053,42.5168],[-120.7827,42.49734],[-120.81739,42.4748],[-120.82487,42.47252],[-120.83619,42.4748],[-120.86705,42.48783],[-120.8824,42.51707],[-120.86705,42.5423],[-120.84027,42.55935],[-120.80998,42.60163],[-120.82763,42.6439],[-120.81781,42.68618],[-120.7827,42.70731]]},"properties":{"elev":2000,"major":true}},{"type":"Feature","geometry":{"type":"LineString","coordinates":[[-112.34811,42.7052],[-112.30593,42.71591],[-112.29464,42.68618],[-112.29235,42.6439],[-112.30593,42.61846],[-112.34811,42.63519],[-112.35907,42.6439],[-112.36972,42.68618],[-112.34811,42.7052]]},"properties":{"elev":2000,"major":true}},{"type":"Feature","geometry":{"type":"LineString","coordinates":[[-112.68549,42.59834],[-112.66604,42.55935],[-112.669,42.51707],[-112.64332,42.49604],[-112.62959,42.4748],[-112.64332,42.44099],[-112.64807,42.43252],[-112.68549,42.39258],[-112.71791,42.43252],[-112.71609,42.4748],[-112.69793,42.51707],[-112.70625,42.55935],[-112.68549,42.59834]]},"properties":{"elev":2000,"major":true}},{"type":"Feature","geometry":{"type":"LineString","coordinates":[[-111.96855,42.56667],[-111.92638,42.58753],[-111.8842,42.57496],[-111.87513,42.55935],[-111.84758,42.4748],[-111.84203,42.46728],[-111.82198,42.43252],[-111.81528,42.39024],[-111.84203,42.37303],[-111.87398,42.39024],[-111.8842,42.40373],[-111.92638,42.42855],[-111.94376,42.43252],[-111.96855,42.43586],[-112.01269,42.4748],[-112.02632,42.51707],[-112.01072,42.52779],[-111.97784,42.55935],[-111.96855,42.56667]]},"properties":{"elev":2000,"major":true}},{"type":"Feature","geometry":{"type":"LineString","coordinates":[[-119.72838,42.52181],[-119.69548,42.51707],[-119.6862,42.50946],[-119.66032,42.4748],[-119.70908,42.43252],[-119.72838,42.41849],[-119.76081,42.39024],[-119.77055,42.38742],[-119.77281,42.39024],[-119.77074,42.43252],[-119.7389,42.4748],[-119.73301,42.51707],[-119.72838,42.52181]]},"properties":{"elev":2000,"major":true}},{"type":"Feature","geometry":{"type":"LineString","coordinates":[[-118.71623,42.52664],[-118.67405,42.55301],[-118.6552,42.51707],[-118.67405,42.48581],[-118.71623,42.48062],[-118.7283,42.51707],[-118.71623,42.52664]]},"properties":{"elev":2000,"major":true}},{"type":"Feature","geometry":{"type":"LineString","coordinates":[[-107.28735,42.51934],[-107.28571,42.51707],[-107.28735,42.51608],[-107.289,42.51707],[-107.28735,42.51934]]},"properties":{"elev":2000,"major":true}},{"type":"Feature","geometry":{"type":"LineString","coordinates":[[-112.9807,42.43928],[-112.96873,42.43252],[-112.9807,42.41984],[-112.99293,42.43252],[-112.9807,42.43928]]},"properties":{"elev":2000,"major":true}},{"type":"Feature","geometry":{"type":"LineString","coordinates":[[-120.48749,42.39894],[-120.47666,42.39024],[-120.48749,42.38461],[-120.49363,42.39024],[-120.48749,42.39894]]},"properties":{"elev":2000,"major":true}},{"type":"Feature","geometry":{"type":"LineString","coordinates":[[-120.19228,42.4298],[-120.16013,42.39024],[-120.15011,42.38407],[-120.10793,42.34725],[-120.09007,42.30569],[-120.10793,42.28807],[-120.15011,42.28315],[-120.19228,42.28488],[-120.2019,42.30569],[-120.19586,42.34797],[-120.20539,42.39024],[-120.19228,42.4298]]},"properties":{"elev":2000,"major":true}},{"type":"Feature","geometry":{"type":"LineString","coordinates":[[-112.30593,42.42952],[-112.26376,42.4259],[-112.24814,42.39024],[-112.25105,42.34797],[-112.25964,42.30569],[-112.26376,42.30285],[-112.30593,42.31076],[-112.34971,42.34797],[-112.33414,42.39024],[-112.30593,42.42952]]},"properties":{"elev":2000,"major":true}},{"type":"Feature","geometry":{"type":"LineString","coordinates":[[-122.09006,42.36166],[-122.05907,42.34797],[-122.09006,42.33476],[-122.12891,42.34797],[-122.09006,42.36166]]},"properties":{"elev":2000,"major":true}},{"type":"Feature","geometry":{"type":"LineString","coordinates":[[-113.65547,42.36464],[-113.6133,42.36453],[-113.57112,42.35472],[-113.55343,42.34797],[-113.54804,42.30569],[-113.57112,42.29155],[-113.65547,42.26954],[-113.68586,42.30569],[-113.67158,42.34797],[-113.65547,42.36464]]},"properties":{"elev":2000,"major":true}},{"type":"Feature","geometry":{"type":"LineString","coordinates":[[-114.11937,42.30839],[-114.11494,42.30569],[-114.09221,42.26341],[-114.0772,42.24352],[-114.04469,42.22114],[-114.0772,42.198],[-114.09383,42.17886],[-114.11937,42.15392],[-114.13009,42.13659],[-114.11937,42.11386],[-114.10481,42.09431],[-114.11937,42.06708],[-114.16154,42.05679],[-114.20372,42.03184],[-114.23967,42.05203],[-114.24589,42.06169],[-114.25688,42.05203],[-114.28806,41.98314],[-114.29417,42.00976],[-114.29556,42.05203],[-114.29439,42.09431],[-114.31172,42.13659],[-114.3248,42.17886],[-114.31556,42.22114],[-114.30258,42.26341],[-114.28806,42.26811],[-114.28045,42.26341],[-114.24589,42.23175],[-114.20372,42.24036],[-114.18922,42.26341],[-114.16154,42.29305],[-114.11937,42.30839]]},"properties":{"elev":2000,"major":true}},{"type":"Feature","geometry":{"type":"LineString","coordinates":[[-112.09507,42.32151],[-112.07687,42.30569],[-112.05289,42.27286],[-112.04931,42.26341],[-112.04416,42.17886],[-112.05018,42.13659],[-112.05289,42.1341],[-112.05796,42.13659],[-112.07045,42.17886],[-112.0783,42.22114],[-112.09507,42.22861],[-112.12125,42.26341],[-112.11508,42.30569],[-112.09507,42.32151]]},"properties":{"elev":2000,"major":true}},{"type":"Feature","geometry":{"type":"LineString","coordinates":[[-120.61401,42.28105],[-120.60752,42.26341],[-120.61401,42.26069],[-120.61783,42.26341],[-120.61401,42.28105]]},"properties":{"elev":2000,"major":true}},{"type":"Feature","geometry":{"type":"LineString","coordinates":[[-118.04146,42.26504],[-117.99929,42.2669],[-117.99827,42.26341],[-117.99653,42.22114],[-117.95711,42.185],[-117.91494,42.16721],[-117.89544,42.13659],[-117.91494,42.10015],[-117.95711,42.10812],[-117.99929,42.11307],[-118.04146,42.12143],[-118.07539,42.13659],[-118.06087,42.17886],[-118.04146,42.20034],[-118.01113,42.22114],[-118.04146,42.25922],[-118.04252,42.26341],[-118.04146,42.26504]]},"properties":{"elev":2000,"major":true}},{"type":"Feature","geometry":{"type":"LineString","coordinates":[[-113.69764,42.26052],[-113.65547,42.2599],[-113.6133,42.23889],[-113.59834,42.22114],[-113.60035,42.17886],[-113.6133,42.16943],[-113.66833,42.13659],[-113.69764,42.09597],[-113.70444,42.09431],[-113.73981,42.07862],[-113.78199,42.0731],[-113.79114,42.05203],[-113.81352,42.00976],[-113.78199,41.96462],[-113.75645,41.9252],[-113.76525,41.88293],[-113.73981,41.85909],[-113.69764,41.85799],[-113.69121,41.88293],[-113.65547,41.9186],[-113.6133,41.91418],[-113.57112,41.91904],[-113.55714,41.9252],[-113.52895,41.94105],[-113.48678,41.97342],[-113.4446,41.98368],[-113.36026,41.9888],[-113.31808,41.98005],[-113.23374,41.94601],[-113.20818,41.9252],[-113.23374,41.89072],[-113.24258,41.88293],[-113.27591,41.86846],[-113.31808,41.86022],[-113.36026,41.85553],[-113.40243,41.85299],[-113.48678,41.85041],[-113.52895,41.84553],[-113.57112,41.84302],[-113.58484,41.84065],[-113.61233,41.79837],[-113.65755,41.7561],[-113.69764,41.67082],[-113.72085,41.62927],[-113.7265,41.58699],[-113.73981,41.5634],[-113.74922,41.58699],[-113.75456,41.62927],[-113.77379,41.67154],[-113.77592,41.71382],[-113.76281,41.7561],[-113.78348,41.79837],[-113.7986,41.84065],[-113.82416,41.85654],[-113.86633,41.85335],[-113.89944,41.88293],[-113.90851,41.90645],[-113.91859,41.9252],[-113.90851,41.93279],[-113.88205,41.96748],[-113.86633,41.99547],[-113.84493,42.00976],[-113.84981,42.05203],[-113.84991,42.09431],[-113.83713,42.13659],[-113.82416,42.14607],[-113.80342,42.13659],[-113.78199,42.10663],[-113.76811,42.13659],[-113.75557,42.17886],[-113.72379,42.22114],[-113.69764,42.26052]]},"properties":{"elev":2000,"major":true}},{"type":"Feature","geometry":{"type":"LineString","coordinates":[[-113.48678,42.20157],[-113.47392,42.17886],[-113.48678,42.15645],[-113.50165,42.17886],[-113.48678,42.20157]]},"properties":{"elev":2000,"major":true}},{"type":"Feature","geometry":{"type":"LineString","coordinates":[[-113.10722,42.18914],[-113.06505,42.16332],[-113.04516,42.13659],[-113.04734,42.09431],[-113.06505,42.07766],[-113.10722,42.06457],[-113.14514,42.09431],[-113.14939,42.11241],[-113.1525,42.13659],[-113.14939,42.15098],[-113.13171,42.17886],[-113.10722,42.18914]]},"properties":{"elev":2000,"major":true}},{"type":"Feature","geometry":{"type":"LineString","coordinates":[[-118.25232,42.14781],[-118.22822,42.13659],[-118.21015,42.12522],[-118.17434,42.09431],[-118.17007,42.05203],[-118.17246,42.00976],[-118.20434,41.96748],[-118.21015,41.96604],[-118.25232,41.97779],[-118.2945,42.00546],[-118.32198,42.05203],[-118.31964,42.09431],[-118.2945,42.10987],[-118.27061,42.13659],[-118.25232,42.14781]]},"properties":{"elev":2000,"major":true}},{"type":"Feature","geometry":{"type":"LineString","coordinates":[[-107.45604,42.1771],[-107.46198,42.13659],[-107.45604,42.12144],[-107.42626,42.09431],[-107.3975,42.05203],[-107.41387,42.02829],[-107.43075,42.00976],[-107.41387,42.00241],[-107.37169,42.00467],[-107.36239,42.00976],[-107.32952,42.03522],[-107.28735,42.02249],[-107.27894,42.00976],[-107.24518,41.99192],[-107.21089,41.96748],[-107.203,41.95824],[-107.19893,41.96748],[-107.19963,42.00976],[-107.203,42.02354],[-107.23763,42.05203],[-107.24518,42.05663],[-107.28825,42.09431],[-107.32952,42.10766],[-107.37169,42.12395],[-107.38393,42.13659],[-107.41387,42.17811],[-107.45604,42.1771]]},"properties":{"elev":2000,"major":true}},{"type":"Feature","geometry":{"type":"LineString","coordinates":[[-106.86562,42.1385],[-106.90779,42.09819],[-106.91572,42.09431],[-106.94996,42.06256],[-106.97302,42.05203],[-106.94996,42.02955],[-106.92182,42.00976],[-106.91117,41.96748],[-106.94996,41.94493],[-106.99214,41.92877],[-106.99538,41.9252],[-106.99214,41.91573],[-106.94996,41.8971],[-106.90779,41.88402],[-106.82345,41.90929],[-106.78127,41.91999],[-106.76904,41.9252],[-106.74822,41.96748],[-106.7391,41.97646],[-106.69693,41.98589],[-106.65475,42.00222],[-106.6309,42.00976],[-106.65475,42.01593],[-106.69693,42.04033],[-106.71046,42.05203],[-106.7391,42.06506],[-106.78127,42.0891],[-106.7865,42.09431],[-106.82345,42.11093],[-106.86562,42.1385]]},"properties":{"elev":2000,"major":true}},{"type":"Feature","geometry":{"type":"LineString","coordinates":[[-120.19228,42.09943],[-120.18897,42.09431],[-120.15091,42.05203],[-120.10793,42.0441],[-120.08229,42.00976],[-120.08873,41.96748],[-120.10793,41.95155],[-120.15011,41.94224],[-120.19276,41.9252],[-120.19134,41.88293],[-120.19228,41.88028],[-120.2169,41.88293],[-120.23445,41.88794],[-120.24051,41.9252],[-120.23445,41.94716],[-120.22489,41.96748],[-120.21563,42.00976],[-120.23267,42.05203],[-120.23076,42.09431],[-120.19228,42.09943]]},"properties":{"elev":2000,"major":true}},{"type":"Feature","geometry":{"type":"LineString","coordinates":[[-118.67405,42.11762],[-118.64037,42.09431],[-118.67405,42.07213],[-118.69181,42.09431],[-118.67405,42.11762]]},"properties":{"elev":2000,"major":true}},{"type":"Feature","geometry":{"type":"LineString","coordinates":[[-114.92066,42.11013],[-114.87848,42.12738],[-114.83631,42.13603],[-114.82171,42.09431],[-114.83447,42.05203],[-114.83677,42.00976],[-114.82449,41.96748],[-114.83631,41.92842],[-114.87848,41.93645],[-114.92066,41.95923],[-114.96283,41.94803],[-115.0064,41.88293],[-115.04718,41.84779],[-115.08935,41.82586],[-115.13152,41.80046],[-115.16868,41.7561],[-115.21612,41.67154],[-115.25804,41.63537],[-115.27393,41.62927],[-115.30021,41.61572],[-115.34248,41.58699],[-115.32004,41.54472],[-115.30195,41.50244],[-115.34737,41.41789],[-115.34649,41.37561],[-115.31337,41.33333],[-115.34239,41.31167],[-115.38456,41.30124],[-115.45381,41.33333],[-115.46891,41.34218],[-115.49245,41.37561],[-115.48769,41.41789],[-115.46891,41.44775],[-115.41892,41.46016],[-115.39835,41.50244],[-115.40386,41.54472],[-115.42673,41.57241],[-115.44055,41.58699],[-115.46891,41.63473],[-115.50688,41.71382],[-115.55325,41.74055],[-115.56129,41.71382],[-115.55348,41.67154],[-115.55342,41.62927],[-115.52971,41.54472],[-115.54523,41.50244],[-115.55325,41.49368],[-115.59543,41.48882],[-115.62622,41.50244],[-115.6376,41.51411],[-115.67977,41.54226],[-115.69402,41.50244],[-115.69348,41.46016],[-115.67977,41.44921],[-115.66441,41.41789],[-115.67977,41.38729],[-115.72194,41.39435],[-115.73885,41.41789],[-115.74118,41.46016],[-115.76412,41.48589],[-115.77681,41.50244],[-115.77002,41.54472],[-115.76412,41.55367],[-115.75371,41.58699],[-115.75328,41.62927],[-115.72194,41.66976],[-115.71728,41.67154],[-115.72332,41.71382],[-115.76412,41.73655],[-115.80629,41.73937],[-115.82721,41.71382],[-115.82908,41.67154],[-115.8522,41.62927],[-115.85595,41.54472],[-115.86899,41.50244],[-115.88566,41.46016],[-115.89064,41.4384],[-115.89232,41.41789],[-115.89064,41.40665],[-115.88275,41.37561],[-115.88989,41.33333],[-115.91428,41.29106],[-115.93281,41.27088],[-115.96186,41.24878],[-115.97498,41.2173],[-116.01716,41.23345],[-116.05933,41.23713],[-116.08111,41.2065],[-116.1015,41.1917],[-116.13069,41.16423],[-116.18666,41.07967],[-116.21905,41.0374],[-116.22802,41.02895],[-116.27019,41.00267],[-116.30268,41.0374],[-116.31237,41.05046],[-116.32987,41.07967],[-116.33576,41.12195],[-116.32654,41.16423],[-116.31237,41.18555],[-116.27644,41.2065],[-116.27019,41.21938],[-116.26482,41.2065],[-116.22802,41.19518],[-116.18585,41.19062],[-116.14367,41.22585],[-116.1015,41.25022],[-116.06834,41.29106],[-116.05933,41.30386],[-116.04655,41.33333],[-116.03115,41.37561],[-116.02856,41.41789],[-116.05376,41.46016],[-116.05933,41.48327],[-116.07295,41.50244],[-116.07328,41.54472],[-116.06564,41.58699],[-116.05933,41.59908],[-116.03894,41.62927],[-116.05933,41.66748],[-116.1015,41.64855],[-116.14367,41.63846],[-116.16022,41.67154],[-116.15288,41.71382],[-116.12397,41.7561],[-116.12855,41.79837],[-116.11624,41.84065],[-116.1015,41.85455],[-116.05933,41.85006],[-116.01716,41.84927],[-116.00631,41.84065],[-115.98898,41.79837],[-115.99021,41.7561],[-115.98089,41.71382],[-115.97498,41.70986],[-115.93281,41.7143],[-115.89064,41.72663],[-115.85227,41.7561],[-115.82416,41.79837],[-115.85695,41.84065],[-115.89064,41.8667],[-115.93281,41.89559],[-115.97498,41.91129],[-115.9886,41.9252],[-116.01716,41.94743],[-116.03758,41.96748],[-116.05933,42.00315],[-116.06139,42.00976],[-116.05933,42.03988],[-116.05563,42.05203],[-116.01716,42.08758],[-115.97498,42.08038],[-115.92965,42.05203],[-115.89064,42.01612],[-115.84846,42.01298],[-115.80629,41.9961],[-115.76387,41.96748],[-115.74105,41.9252],[-115.73772,41.84065],[-115.72194,41.81993],[-115.67977,41.83354],[-115.6376,41.8418],[-115.59543,41.82078],[-115.55325,41.81904],[-115.53876,41.84065],[-115.55325,41.86772],[-115.56355,41.88293],[-115.58116,41.9252],[-115.55325,41.96516],[-115.51108,41.96785],[-115.46891,41.96255],[-115.42673,41.94882],[-115.38456,41.95797],[-115.34239,41.96154],[-115.25804,41.97258],[-115.21587,41.97065],[-115.1737,41.97131],[-115.13152,41.99022],[-115.08935,42.02265],[-115.04718,42.04972],[-115.005,42.07004],[-114.96283,42.08768],[-114.92066,42.11013]]},"properties":{"elev":2000,"major":true}},{"type":"Feature","geometry":{"type":"LineString","coordinates":[[-108.04646,42.05861],[-108.0735,42.05203],[-108.08863,42.02385],[-108.13081,42.02428],[-108.17298,42.02673],[-108.20327,42.00976],[-108.19126,41.96748],[-108.17298,41.9575],[-108.13081,41.96278],[-108.11843,41.96748],[-108.08863,42.00502],[-108.04646,41.96854],[-108.00429,41.96413],[-107.99219,41.96748],[-107.96212,41.98873],[-107.91994,41.995],[-107.88956,42.00976],[-107.91994,42.01815],[-107.96212,42.03272],[-107.99282,42.05203],[-108.00429,42.05435],[-108.04646,42.05861]]},"properties":{"elev":2000,"major":true}},{"type":"Feature","geometry":{"type":"LineString","coordinates":[[-115.89064,41.99229],[-115.90409,41.96748],[-115.89064,41.96226],[-115.88516,41.96748],[-115.89064,41.99229]]},"properties":{"elev":2000,"major":true}},{"type":"Feature","geometry":{"type":"LineString","coordinates":[[-118.37884,41.93843],[-118.35432,41.88293],[-118.37602,41.84065],[-118.37884,41.8388],[-118.42102,41.84137],[-118.44191,41.88293],[-118.42102,41.92444],[-118.37884,41.93843]]},"properties":{"elev":2000,"major":true}},{"type":"Feature","geometry":{"type":"LineString","coordinates":[[-114.45675,41.94103],[-114.41458,41.92791],[-114.41076,41.9252],[-114.37384,41.88293],[-114.39452,41.84065],[-114.41458,41.81832],[-114.43734,41.79837],[-114.45675,41.7672],[-114.49893,41.78265],[-114.5074,41.79837],[-114.49472,41.88293],[-114.47898,41.9252],[-114.45675,41.94103]]},"properties":{"elev":2000,"major":true}},{"type":"Feature","geometry":{"type":"LineString","coordinates":[[-110.02859,41.95018],[-109.99501,41.9252],[-110.02859,41.91162],[-110.05086,41.9252],[-110.02859,41.95018]]},"properties":{"elev":2000,"major":true}},{"type":"Feature","geometry":{"type":"LineString","coordinates":[[-119.34882,41.90632],[-119.30809,41.88293],[-119.34882,41.8448],[-119.38053,41.88293],[-119.34882,41.90632]]},"properties":{"elev":2000,"major":true}},{"type":"Feature","geometry":{"type":"LineString","coordinates":[[-117.45104,41.89989],[-117.40886,41.88573],[-117.40409,41.88293],[-117.37045,41.84065],[-117.40886,41.80592],[-117.45104,41.7784],[-117.47799,41.7561],[-117.48473,41.71382],[-117.45104,41.6756],[-117.44428,41.67154],[-117.4099,41.62927],[-117.45104,41.61424],[-117.53538,41.64178],[-117.57091,41.62927],[-117.57756,41.62503],[-117.60478,41.58699],[-117.61651,41.54472],[-117.61568,41.50244],[-117.63542,41.46016],[-117.6502,41.41789],[-117.6619,41.39863],[-117.70407,41.40969],[-117.71034,41.41789],[-117.71672,41.46016],[-117.70407,41.4863],[-117.69391,41.50244],[-117.68428,41.54472],[-117.69616,41.58699],[-117.67245,41.62927],[-117.64009,41.67154],[-117.61176,41.71382],[-117.57756,41.74425],[-117.55943,41.7561],[-117.55336,41.79837],[-117.5383,41.84065],[-117.53538,41.85369],[-117.49321,41.88266],[-117.45104,41.89989]]},"properties":{"elev":2000,"major":true}},{"type":"Feature","geometry":{"type":"LineString","coordinates":[[-117.32452,41.89358],[-117.28234,41.89338],[-117.26916,41.88293],[-117.24713,41.84065],[-117.27163,41.79837],[-117.28234,41.79102],[-117.29054,41.79837],[-117.36254,41.84065],[-117.34428,41.88293],[-117.32452,41.89358]]},"properties":{"elev":2000,"major":true}},{"type":"Feature","geometry":{"type":"LineString","coordinates":[[-114.83631,41.90933],[-114.82612,41.88293],[-114.79911,41.84065],[-114.79414,41.82394],[-114.79086,41.79837],[-114.79414,41.79391],[-114.83631,41.7719],[-114.87848,41.78516],[-114.89186,41.79837],[-114.89547,41.84065],[-114.87848,41.86603],[-114.84385,41.88293],[-114.83631,41.90933]]},"properties":{"elev":2000,"major":true}},{"type":"Feature","geometry":{"type":"LineString","coordinates":[[-118.08363,41.84669],[-118.06258,41.84065],[-118.06992,41.79837],[-118.08363,41.78685],[-118.08814,41.79837],[-118.08754,41.84065],[-118.08363,41.84669]]},"properties":{"elev":2000,"major":true}},{"type":"Feature","geometry":{"type":"LineString","coordinates":[[-113.99285,41.84404],[-113.98186,41.84065],[-113.95068,41.81691],[-113.93936,41.79837],[-113.95068,41.78952],[-113.99285,41.76282],[-114.03219,41.79837],[-113.99285,41.84404]]},"properties":{"elev":2000,"major":true}},{"type":"Feature","geometry":{"type":"LineString","coordinates":[[-107.07648,41.84952],[-107.08589,41.84065],[-107.07648,41.80933],[-107.06023,41.79837],[-107.03431,41.78672],[-107.0123,41.79837],[-107.03431,41.81945],[-107.04947,41.84065],[-107.07648,41.84952]]},"properties":{"elev":2000,"major":true}},{"type":"Feature","geometry":{"type":"LineString","coordinates":[[-114.62545,41.80175],[-114.62138,41.79837],[-114.61779,41.7561],[-114.59953,41.71382],[-114.58327,41.69924],[-114.55921,41.67154],[-114.55549,41.62927],[-114.58327,41.59049],[-114.62545,41.5516],[-114.65754,41.54472],[-114.66762,41.53768],[-114.6716,41.54472],[-114.68881,41.58699],[-114.68708,41.62927],[-114.72241,41.67154],[-114.73086,41.71382],[-114.70979,41.72827],[-114.66762,41.74152],[-114.6365,41.7561],[-114.62903,41.79837],[-114.62545,41.80175]]},"properties":{"elev":2000,"major":true}},{"type":"Feature","geometry":{"type":"LineString","coordinates":[[-111.63117,41.80671],[-111.64395,41.79837],[-111.63117,41.78246],[-111.58899,41.78308],[-111.57562,41.79837],[-111.58899,41.8335],[-111.63117,41.80671]]},"properties":{"elev":2000,"major":true}},{"type":"Feature","geometry":{"type":"LineString","coordinates":[[-109.90207,41.80749],[-109.88258,41.79837],[-109.90207,41.77648],[-109.91936,41.79837],[-109.90207,41.80749]]},"properties":{"elev":2000,"major":true}},{"type":"Feature","geometry":{"type":"LineString","coordinates":[[-118.63188,41.76575],[-118.62769,41.7561],[-118.62395,41.71382],[-118.64737,41.67154],[-118.67405,41.63427],[-118.71623,41.61148],[-118.7584,41.60622],[-118.77551,41.62927],[-118.77887,41.67154],[-118.7584,41.6929],[-118.72058,41.71382],[-118.67405,41.7364],[-118.63759,41.7561],[-118.63188,41.76575]]},"properties":{"elev":2000,"major":true}},{"type":"Feature","geometry":{"type":"LineString","coordinates":[[-109.22731,41.76842],[-109.23208,41.7561],[-109.23691,41.71382],[-109.23623,41.67154],[-109.24146,41.62927],[-109.27085,41.58699],[-109.31165,41.55129],[-109.33277,41.54472],[-109.31165,41.52568],[-109.26948,41.50519],[-109.22731,41.53159],[-109.2129,41.54472],[-109.18513,41.56594],[-109.14296,41.573],[-109.10079,41.56092],[-109.05861,41.55741],[-109.05059,41.58699],[-109.01644,41.60199],[-108.97427,41.5987],[-108.93253,41.62927],[-108.93545,41.67154],[-108.97427,41.68406],[-109.01644,41.70516],[-109.05861,41.73019],[-109.10079,41.7269],[-109.11112,41.71382],[-109.12383,41.67154],[-109.14296,41.63656],[-109.18513,41.64682],[-109.19835,41.67154],[-109.22526,41.7561],[-109.22731,41.76842]]},"properties":{"elev":2000,"major":true}},{"type":"Feature","geometry":{"type":"LineString","coordinates":[[-120.27663,41.72986],[-120.23445,41.7511],[-120.2271,41.71382],[-120.23445,41.69027],[-120.25641,41.67154],[-120.23445,41.64544],[-120.23044,41.62927],[-120.22763,41.58699],[-120.23445,41.57065],[-120.27663,41.56519],[-120.28073,41.58699],[-120.27824,41.62927],[-120.28642,41.67154],[-120.28305,41.71382],[-120.27663,41.72986]]},"properties":{"elev":2000,"major":true}},{"type":"Feature","geometry":{"type":"LineString","coordinates":[[-114.96283,41.7416],[-114.92066,41.7322],[-114.9071,41.71382],[-114.9169,41.67154],[-114.92066,41.66643],[-114.96584,41.62927],[-114.96283,41.62333],[-114.95347,41.58699],[-114.93159,41.54472],[-114.92066,41.51701],[-114.91344,41.50244],[-114.90379,41.46016],[-114.91163,41.41789],[-114.8937,41.37561],[-114.88138,41.33333],[-114.92066,41.29565],[-114.96283,41.29952],[-115.00812,41.33333],[-115.005,41.35496],[-114.99939,41.37561],[-115.005,41.37933],[-115.04718,41.41929],[-115.08935,41.46649],[-115.11941,41.50244],[-115.13152,41.54352],[-115.15396,41.58699],[-115.14663,41.62927],[-115.13152,41.6344],[-115.08935,41.63244],[-115.04718,41.64183],[-115.00841,41.67154],[-114.99365,41.71382],[-114.96283,41.7416]]},"properties":{"elev":2000,"major":true}},{"type":"Feature","geometry":{"type":"LineString","coordinates":[[-114.11937,41.72324],[-114.0772,41.7462],[-114.04991,41.71382],[-114.05369,41.67154],[-114.0772,41.65221],[-114.11937,41.69728],[-114.15757,41.71382],[-114.11937,41.72324]]},"properties":{"elev":2000,"major":true}},{"type":"Feature","geometry":{"type":"LineString","coordinates":[[-114.28806,41.67514],[-114.24589,41.66808],[-114.22261,41.62927],[-114.23528,41.58699],[-114.24589,41.58433],[-114.25149,41.58699],[-114.28806,41.61772],[-114.29861,41.62927],[-114.29244,41.67154],[-114.28806,41.67514]]},"properties":{"elev":2000,"major":true}},{"type":"Feature","geometry":{"type":"LineString","coordinates":[[-112.01072,41.6946],[-111.9946,41.67154],[-111.98901,41.62927],[-112.01072,41.62025],[-112.01676,41.62927],[-112.02306,41.67154],[-112.01072,41.6946]]},"properties":{"elev":2000,"major":true}},{"type":"Feature","geometry":{"type":"LineString","coordinates":[[-121.58399,41.6446],[-121.54182,41.64447],[-121.49964,41.63368],[-121.49418,41.62927],[-121.48246,41.58699],[-121.49964,41.56776],[-121.54182,41.56305],[-121.58399,41.56357],[-121.62616,41.57336],[-121.64676,41.58699],[-121.6169,41.62927],[-121.58399,41.6446]]},"properties":{"elev":2000,"major":true}},{"type":"Feature","geometry":{"type":"LineString","coordinates":[[-119.30665,41.63106],[-119.30386,41.62927],[-119.30665,41.62829],[-119.30925,41.62927],[-119.30665,41.63106]]},"properties":{"elev":2000,"major":true}},{"type":"Feature","geometry":{"type":"LineString","coordinates":[[-114.03503,41.58982],[-114.03338,41.58699],[-114.03503,41.58501],[-114.04,41.58699],[-114.03503,41.58982]]},"properties":{"elev":2000,"major":true}},{"type":"Feature","geometry":{"type":"LineString","coordinates":[[-121.96355,41.54549],[-121.96227,41.54472],[-121.96355,41.53251],[-121.96606,41.54472],[-121.96355,41.54549]]},"properties":{"elev":2000,"major":true}},{"type":"Feature","geometry":{"type":"LineString","coordinates":[[-119.89707,41.56368],[-119.8832,41.54472],[-119.89707,41.5027],[-119.90415,41.54472],[-119.89707,41.56368]]},"properties":{"elev":2000,"major":true}},{"type":"Feature","geometry":{"type":"LineString","coordinates":[[-118.96926,41.56204],[-118.92709,41.57614],[-118.89511,41.54472],[-118.88492,41.5236],[-118.88053,41.50244],[-118.88492,41.49334],[-118.9057,41.46016],[-118.92709,41.42997],[-118.94245,41.41789],[-118.96926,41.39113],[-118.99928,41.41789],[-119.00431,41.46016],[-119.01374,41.50244],[-118.98339,41.54472],[-118.96926,41.56204]]},"properties":{"elev":2000,"major":true}},{"type":"Feature","geometry":{"type":"LineString","coordinates":[[-120.27663,41.51571],[-120.26853,41.50244],[-120.27663,41.49993],[-120.27921,41.50244],[-120.27663,41.51571]]},"properties":{"elev":2000,"major":true}},{"type":"Feature","geometry":{"type":"LineString","coordinates":[[-109.52252,41.51824],[-109.48034,41.51354],[-109.46914,41.50244],[-109.43817,41.47855],[-109.41882,41.46016],[-109.43817,41.43351],[-109.45677,41.41789],[-109.48034,41.37554],[-109.52252,41.38412],[-109.55507,41.41789],[-109.55785,41.46016],[-109.55591,41.50244],[-109.52252,41.51824]]},"properties":{"elev":2000,"major":true}},{"type":"Feature","geometry":{"type":"LineString","coordinates":[[-122.21658,41.4725],[-122.17441,41.48691],[-122.13224,41.49371],[-122.09864,41.46016],[-122.08848,41.41789],[-122.10631,41.37561],[-122.13224,41.35561],[-122.17441,41.34269],[-122.21658,41.35396],[-122.23841,41.37561],[-122.25542,41.41789],[-122.23313,41.46016],[-122.21658,41.4725]]},"properties":{"elev":2000,"major":true}},{"type":"Feature","geometry":{"type":"LineString","coordinates":[[-116.43888,41.46531],[-116.39671,41.46152],[-116.35454,41.42628],[-116.31237,41.44562],[-116.27019,41.42227],[-116.22802,41.4149],[-116.20178,41.37561],[-116.211,41.33333],[-116.22802,41.31641],[-116.27019,41.29715],[-116.27749,41.29106],[-116.28599,41.24878],[-116.31237,41.23193],[-116.33561,41.24878],[-116.35454,41.25552],[-116.38985,41.29106],[-116.41532,41.33333],[-116.41915,41.37561],[-116.43888,41.40227],[-116.48106,41.40574],[-116.52323,41.41083],[-116.53789,41.41789],[-116.48106,41.44735],[-116.46148,41.46016],[-116.43888,41.46531]]},"properties":{"elev":2000,"major":true}},{"type":"Feature","geometry":{"type":"LineString","coordinates":[[-111.96855,41.46925],[-111.93472,41.46016],[-111.92638,41.45489],[-111.8842,41.47122],[-111.85807,41.46016],[-111.84542,41.41789],[-111.8842,41.41274],[-111.90468,41.37561],[-111.92638,41.35729],[-111.96855,41.36743],[-111.97685,41.37561],[-111.98777,41.41789],[-111.97462,41.46016],[-111.96855,41.46925]]},"properties":{"elev":2000,"major":true}},{"type":"Feature","geometry":{"type":"LineString","coordinates":[[-120.23445,41.4552],[-120.19228,41.44933],[-120.16811,41.41789],[-120.1498,41.37561],[-120.13819,41.33333],[-120.12862,41.29106],[-120.10356,41.24878],[-120.09143,41.2065],[-120.08402,41.16423],[-120.08039,41.12195],[-120.08237,41.07967],[-120.10793,41.06015],[-120.15011,41.05483],[-120.19228,41.0723],[-120.23445,41.11],[-120.25674,41.12195],[-120.25291,41.16423],[-120.24071,41.2065],[-120.22258,41.24878],[-120.27671,41.33333],[-120.28084,41.37561],[-120.26951,41.41789],[-120.23445,41.4552]]},"properties":{"elev":2000,"major":true}},{"type":"Feature","geometry":{"type":"LineString","coordinates":[[-122.55397,41.39217],[-122.5207,41.37561],[-122.55397,41.33719],[-122.56399,41.37561],[-122.55397,41.39217]]},"properties":{"elev":2000,"major":true}},{"type":"Feature","geometry":{"type":"LineString","coordinates":[[-114.28806,41.38066],[-114.28426,41.37561],[-114.28806,41.36541],[-114.29588,41.37561],[-114.28806,41.38066]]},"properties":{"elev":2000,"major":true}},{"type":"Feature","geometry":{"type":"LineString","coordinates":[[-122.46962,41.36081],[-122.42745,41.34234],[-122.41909,41.33333],[-122.42745,41.31749],[-122.45791,41.29106],[-122.46962,41.27339],[-122.48824,41.29106],[-122.50876,41.33333],[-122.46962,41.36081]]},"properties":{"elev":2000,"major":true}},{"type":"Feature","geometry":{"type":"LineString","coordinates":[[-119.89707,41.35342],[-119.8549,41.34128],[-119.77055,41.33356],[-119.76913,41.29106],[-119.77055,41.28979],[-119.81272,41.2876],[-119.86731,41.24878],[-119.89707,41.23365],[-119.90562,41.24878],[-119.91612,41.29106],[-119.90502,41.33333],[-119.89707,41.35342]]},"properties":{"elev":2000,"major":true}},{"type":"Feature","geometry":{"type":"LineString","coordinates":[[-118.42102,41.37334],[-118.37884,41.35415],[-118.35548,41.33333],[-118.35455,41.29106],[-118.37884,41.26625],[-118.42102,41.28617],[-118.42766,41.29106],[-118.45455,41.33333],[-118.42102,41.37334]]},"properties":{"elev":2000,"major":true}},{"type":"Feature","geometry":{"type":"LineString","coordinates":[[-116.98713,41.34908],[-116.94496,41.37111],[-116.90279,41.35168],[-116.87383,41.33333],[-116.86061,41.31712],[-116.81699,41.33333],[-116.77627,41.34213],[-116.75753,41.33333],[-116.75602,41.29106],[-116.81564,41.24878],[-116.86061,41.22976],[-116.90279,41.21597],[-116.94496,41.23218],[-116.95503,41.24878],[-116.97583,41.29106],[-116.99377,41.33333],[-116.98713,41.34908]]},"properties":{"elev":2000,"major":true}},{"type":"Feature","geometry":{"type":"LineString","coordinates":[[-114.33024,41.34854],[-114.31169,41.33333],[-114.32213,41.29106],[-114.31658,41.2065],[-114.33024,41.1893],[-114.37241,41.18882],[-114.39432,41.2065],[-114.39743,41.24878],[-114.38708,41.29106],[-114.37241,41.30751],[-114.34288,41.33333],[-114.33024,41.34854]]},"properties":{"elev":2000,"major":true}},{"type":"Feature","geometry":{"type":"LineString","coordinates":[[-107.8356,41.3522],[-107.84504,41.33333],[-107.8356,41.32663],[-107.79342,41.31695],[-107.77345,41.33333],[-107.79342,41.3406],[-107.8356,41.3522]]},"properties":{"elev":2000,"major":true}},{"type":"Feature","geometry":{"type":"LineString","coordinates":[[-119.01144,41.29559],[-119.00883,41.29106],[-119.01144,41.28843],[-119.02186,41.29106],[-119.01144,41.29559]]},"properties":{"elev":2000,"major":true}},{"type":"Feature","geometry":{"type":"LineString","coordinates":[[-114.75197,41.29315],[-114.70979,41.30852],[-114.67653,41.29106],[-114.68554,41.24878],[-114.70979,41.2302],[-114.75197,41.24475],[-114.75361,41.24878],[-114.75365,41.29106],[-114.75197,41.29315]]},"properties":{"elev":2000,"major":true}},{"type":"Feature","geometry":{"type":"LineString","coordinates":[[-111.8842,41.29593],[-111.88036,41.29106],[-111.8842,41.28423],[-111.88642,41.29106],[-111.8842,41.29593]]},"properties":{"elev":2000,"major":true}},{"type":"Feature","geometry":{"type":"LineString","coordinates":[[-115.6376,41.22658],[-115.6044,41.2065],[-115.60327,41.16423],[-115.6376,41.14027],[-115.65816,41.12195],[-115.68602,41.07967],[-115.70273,41.0374],[-115.72194,41.01085],[-115.74494,40.99512],[-115.79094,40.95285],[-115.80629,40.94462],[-115.83354,40.95285],[-115.80598,40.99512],[-115.78357,41.0374],[-115.76865,41.07967],[-115.74295,41.12195],[-115.72194,41.14333],[-115.69568,41.16423],[-115.67977,41.20005],[-115.67524,41.2065],[-115.6376,41.22658]]},"properties":{"elev":2000,"major":true}},{"type":"Feature","geometry":{"type":"LineString","coordinates":[[-113.99285,41.21019],[-113.98912,41.16423],[-113.99285,41.15566],[-114.00532,41.16423],[-113.99285,41.21019]]},"properties":{"elev":2000,"major":true}},{"type":"Feature","geometry":{"type":"LineString","coordinates":[[-111.8842,41.23452],[-111.84203,41.22908],[-111.82296,41.2065],[-111.84203,41.16695],[-111.8842,41.17489],[-111.89755,41.2065],[-111.8842,41.23452]]},"properties":{"elev":2000,"major":true}},{"type":"Feature","geometry":{"type":"LineString","coordinates":[[-117.28234,41.16955],[-117.28087,41.16423],[-117.28234,41.16285],[-117.28731,41.16423],[-117.28234,41.16955]]},"properties":{"elev":2000,"major":true}},{"type":"Feature","geometry":{"type":"LineString","coordinates":[[-115.97498,41.20107],[-115.94117,41.16423],[-115.93281,41.15836],[-115.9097,41.12195],[-115.93281,41.09125],[-115.94989,41.07967],[-115.97498,41.05524],[-115.99761,41.0374],[-116.02041,40.99512],[-116.01716,40.98427],[-116.01356,40.95285],[-116.01716,40.94728],[-116.05933,40.93861],[-116.07099,40.95285],[-116.07383,40.99512],[-116.05933,41.01957],[-116.03391,41.0374],[-116.01716,41.07211],[-116.01206,41.07967],[-116.01465,41.12195],[-116.00858,41.16423],[-115.97498,41.20107]]},"properties":{"elev":2000,"major":true}},{"type":"Feature","geometry":{"type":"LineString","coordinates":[[-114.62545,41.17392],[-114.58327,41.18867],[-114.5411,41.18193],[-114.51511,41.16423],[-114.48952,41.12195],[-114.51102,41.07967],[-114.52082,41.0374],[-114.51042,40.99512],[-114.51804,40.95285],[-114.5411,40.88727],[-114.58327,40.84565],[-114.61144,40.91057],[-114.61718,40.95285],[-114.60983,40.99512],[-114.60419,41.0374],[-114.60128,41.07967],[-114.63316,41.16423],[-114.62545,41.17392]]},"properties":{"elev":2000,"major":true}},{"type":"Feature","geometry":{"type":"LineString","coordinates":[[-119.43317,41.12609],[-119.42205,41.12195],[-119.42065,41.07967],[-119.43317,41.07437],[-119.44553,41.07967],[-119.43649,41.12195],[-119.43317,41.12609]]},"properties":{"elev":2000,"major":true}},{"type":"Feature","geometry":{"type":"LineString","coordinates":[[-119.2223,41.14363],[-119.21877,41.12195],[-119.2223,41.11008],[-119.23993,41.12195],[-119.2223,41.14363]]},"properties":{"elev":2000,"major":true}},{"type":"Feature","geometry":{"type":"LineString","coordinates":[[-115.08935,41.08112],[-115.04718,41.07822],[-115.00979,41.0374],[-115.03099,40.95285],[-115.0352,40.91057],[-115.03355,40.86829],[-115.03584,40.82602],[-115.04718,40.79762],[-115.06267,40.78374],[-115.07233,40.74146],[-115.08935,40.72758],[-115.10595,40.74146],[-115.11652,40.78374],[-115.13152,40.7969],[-115.1737,40.77916],[-115.18747,40.74146],[-115.21587,40.70994],[-115.22336,40.69919],[-115.25804,40.63985],[-115.26771,40.61463],[-115.29437,40.57236],[-115.30021,40.56531],[-115.31763,40.53008],[-115.34476,40.4878],[-115.38456,40.44549],[-115.40288,40.40325],[-115.43112,40.36098],[-115.45149,40.3187],[-115.45833,40.27642],[-115.4617,40.23415],[-115.46891,40.20405],[-115.46999,40.19187],[-115.51108,40.11232],[-115.52117,40.06504],[-115.51355,40.02276],[-115.46891,40.00096],[-115.42673,39.99003],[-115.38848,40.02276],[-115.38456,40.02738],[-115.36163,40.06504],[-115.35481,40.10732],[-115.37345,40.14959],[-115.38125,40.19187],[-115.34239,40.22173],[-115.25804,40.22124],[-115.25017,40.23415],[-115.2507,40.27642],[-115.23368,40.3187],[-115.21587,40.32989],[-115.1737,40.33672],[-115.13152,40.3318],[-115.10333,40.3187],[-115.08935,40.3145],[-115.05491,40.27642],[-115.04718,40.25782],[-115.02453,40.23415],[-115.01301,40.19187],[-115.04718,40.14977],[-115.08935,40.12065],[-115.11144,40.10732],[-115.09931,40.06504],[-115.09061,40.02276],[-115.10545,39.98049],[-115.13152,39.95169],[-115.15295,39.93821],[-115.1737,39.9186],[-115.18481,39.89593],[-115.19662,39.85366],[-115.21587,39.81906],[-115.22705,39.81138],[-115.21587,39.80051],[-115.17962,39.72683],[-115.1737,39.69255],[-115.15116,39.64228],[-115.14616,39.6],[-115.1091,39.55772],[-115.08935,39.54151],[-115.04718,39.53222],[-115.00993,39.55772],[-115.005,39.56765],[-114.99814,39.6],[-115.00428,39.64228],[-115.00458,39.68455],[-115.005,39.68598],[-115.08935,39.71628],[-115.10035,39.72683],[-115.1116,39.76911],[-115.10294,39.81138],[-115.08882,39.85366],[-115.06624,39.89593],[-115.04718,39.91713],[-115.01779,39.93821],[-114.9758,39.98049],[-114.96283,39.99699],[-114.95419,40.02276],[-114.95388,40.06504],[-114.95567,40.10732],[-114.95816,40.14959],[-114.96283,40.1794],[-114.97391,40.19187],[-114.98896,40.23415],[-114.97937,40.27642],[-114.96283,40.30421],[-114.95572,40.3187],[-114.92066,40.35548],[-114.90154,40.36098],[-114.87848,40.37198],[-114.86116,40.36098],[-114.83631,40.33161],[-114.81499,40.27642],[-114.79414,40.19748],[-114.76254,40.14959],[-114.75455,40.10732],[-114.765,40.06504],[-114.78846,40.02276],[-114.79414,40.01488],[-114.8105,39.98049],[-114.84045,39.93821],[-114.87848,39.89923],[-114.88669,39.89593],[-114.90014,39.85366],[-114.87848,39.84048],[-114.8594,39.81138],[-114.83631,39.79282],[-114.81499,39.76911],[-114.80348,39.72683],[-114.80824,39.68455],[-114.83214,39.64228],[-114.83631,39.63761],[-114.88241,39.6],[-114.89976,39.55772],[-114.89968,39.51545],[-114.88434,39.47317],[-114.87848,39.46789],[-114.83631,39.44796],[-114.81867,39.43089],[-114.82038,39.38862],[-114.83631,39.37482],[-114.90475,39.34634],[-114.88084,39.30407],[-114.84635,39.26179],[-114.83631,39.24281],[-114.82165,39.26179],[-114.79414,39.31814],[-114.78924,39.34634],[-114.77522,39.38862],[-114.75153,39.43089],[-114.73642,39.47317],[-114.73116,39.51545],[-114.73334,39.55772],[-114.72799,39.6],[-114.70979,39.66083],[-114.69936,39.72683],[-114.69462,39.76911],[-114.69658,39.81138],[-114.70316,39.85366],[-114.69624,39.89593],[-114.66378,39.93821],[-114.64641,39.98049],[-114.62545,40.00817],[-114.61218,40.02276],[-114.58327,40.04777],[-114.5411,40.05872],[-114.49893,40.05982],[-114.4914,40.06504],[-114.46361,40.10732],[-114.45675,40.13933],[-114.45143,40.14959],[-114.45675,40.15318],[-114.48217,40.19187],[-114.45675,40.22836],[-114.41355,40.19187],[-114.37241,40.14775],[-114.35601,40.10732],[-114.35586,40.06504],[-114.33059,40.02276],[-114.31709,39.98049],[-114.326,39.93821],[-114.33024,39.93214],[-114.3442,39.89593],[-114.37431,39.85366],[-114.40114,39.81138],[-114.41458,39.79388],[-114.44465,39.76911],[-114.45675,39.75496],[-114.49893,39.76841],[-114.53733,39.72683],[-114.5411,39.70128],[-114.5418,39.68455],[-114.53081,39.64228],[-114.52536,39.6],[-114.52647,39.55772],[-114.50323,39.38862],[-114.49893,39.36104],[-114.48226,39.30407],[-114.48936,39.26179],[-114.49893,39.24674],[-114.52306,39.21951],[-114.52807,39.17724],[-114.53583,39.13496],[-114.55209,39.09268],[-114.56082,39.00813],[-114.55569,38.96585],[-114.54798,38.92358],[-114.55427,38.8813],[-114.57007,38.83902],[-114.58868,38.79675],[-114.63315,38.75447],[-114.64235,38.7122],[-114.63984,38.66992],[-114.64871,38.62764],[-114.67016,38.58537],[-114.67613,38.54309],[-114.68043,38.50081],[-114.66762,38.47551],[-114.65281,38.45854],[-114.64371,38.41626],[-114.64776,38.37398],[-114.62545,38.34612],[-114.61851,38.33171],[-114.61292,38.28943],[-114.61934,38.24715],[-114.62545,38.22927],[-114.63335,38.24715],[-114.6426,38.28943],[-114.66762,38.31005],[-114.67934,38.33171],[-114.68226,38.37398],[-114.6992,38.41626],[-114.74957,38.45854],[-114.75317,38.50081],[-114.762,38.54309],[-114.77675,38.58537],[-114.79414,38.62834],[-114.7991,38.62764],[-114.81955,38.58537],[-114.80877,38.54309],[-114.83631,38.51471],[-114.84613,38.50081],[-114.87848,38.47014],[-114.90292,38.45854],[-114.91624,38.41626],[-114.92066,38.39813],[-114.96283,38.39213],[-114.96589,38.41626],[-114.96283,38.42243],[-114.93412,38.45854],[-114.94913,38.50081],[-114.93976,38.54309],[-114.95406,38.58537],[-114.96283,38.59074],[-114.99582,38.62764],[-115.01492,38.66992],[-114.99301,38.7122],[-114.97594,38.75447],[-114.96948,38.79675],[-114.95267,38.83902],[-114.946,38.92358],[-114.95016,38.96585],[-114.96283,39.01521],[-115.0016,39.09268],[-115.005,39.10329],[-115.0265,39.13496],[-115.04718,39.17052],[-115.08935,39.16205],[-115.13152,39.16283],[-115.1562,39.17724],[-115.16498,39.21951],[-115.1633,39.26179],[-115.16349,39.30407],[-115.16991,39.34634],[-115.1737,39.35562],[-115.19461,39.38862],[-115.21141,39.43089],[-115.21587,39.43345],[-115.25804,39.43499],[-115.26548,39.43089],[-115.28028,39.38862],[-115.27745,39.34634],[-115.27223,39.30407],[-115.27157,39.26179],[-115.26259,39.21951],[-115.25804,39.20838],[-115.18075,39.13496],[-115.1737,39.12202],[-115.15903,39.09268],[-115.15691,39.05041],[-115.1737,39.03367],[-115.21587,39.0141],[-115.22154,39.00813],[-115.24233,38.96585],[-115.24549,38.92358],[-115.242,38.8813],[-115.2224,38.83902],[-115.23055,38.79675],[-115.25804,38.77097],[-115.27132,38.75447],[-115.30021,38.71034],[-115.30147,38.7122],[-115.34239,38.73951],[-115.35005,38.75447],[-115.36328,38.79675],[-115.38456,38.80607],[-115.42673,38.81182],[-115.46891,38.83345],[-115.47514,38.83902],[-115.49793,38.8813],[-115.49971,38.92358],[-115.49843,38.96585],[-115.51708,39.05041],[-115.53358,39.09268],[-115.53795,39.13496],[-115.55325,39.16162],[-115.59543,39.20394],[-115.6376,39.17124],[-115.64943,39.17724],[-115.65799,39.21951],[-115.6376,39.23185],[-115.59543,39.28058],[-115.58436,39.30407],[-115.55325,39.34354],[-115.54971,39.34634],[-115.52512,39.43089],[-115.51108,39.48736],[-115.48469,39.51545],[-115.46891,39.52607],[-115.43727,39.51545],[-115.42673,39.51382],[-115.38456,39.51301],[-115.36887,39.51545],[-115.34239,39.52299],[-115.31097,39.55772],[-115.30584,39.6],[-115.33063,39.64228],[-115.33538,39.68455],[-115.32588,39.72683],[-115.30021,39.76302],[-115.29242,39.76911],[-115.27623,39.81138],[-115.30021,39.83681],[-115.31012,39.85366],[-115.29572,39.89593],[-115.26637,39.93821],[-115.30021,39.95369],[-115.33354,39.93821],[-115.4061,39.89593],[-115.42673,39.87481],[-115.44256,39.85366],[-115.44351,39.81138],[-115.46428,39.76911],[-115.49326,39.72683],[-115.49704,39.68455],[-115.51637,39.64228],[-115.55325,39.61981],[-115.59543,39.6173],[-115.6376,39.62751],[-115.65005,39.64228],[-115.65887,39.68455],[-115.65516,39.72683],[-115.6376,39.75457],[-115.59543,39.78367],[-115.56996,39.81138],[-115.56116,39.85366],[-115.59633,39.89593],[-115.61783,39.93821],[-115.61127,40.02276],[-115.64156,40.06504],[-115.65488,40.10732],[-115.6523,40.14959],[-115.6349,40.19187],[-115.61429,40.27642],[-115.59543,40.30085],[-115.57414,40.3187],[-115.57266,40.36098],[-115.58229,40.40325],[-115.56775,40.44553],[-115.57339,40.4878],[-115.55944,40.53008],[-115.53078,40.57236],[-115.55127,40.61463],[-115.54106,40.65691],[-115.51108,40.68402],[-115.477,40.69919],[-115.46891,40.70483],[-115.42673,40.72738],[-115.39383,40.74146],[-115.28023,40.82602],[-115.25804,40.8515],[-115.23169,40.86829],[-115.24344,40.91057],[-115.22062,40.95285],[-115.1737,41.00885],[-115.16022,41.0374],[-115.13152,41.06615],[-115.08935,41.08112]]},"properties":{"elev":2000,"major":true}},{"type":"Feature","geometry":{"type":"LineString","coordinates":[[-114.83631,41.09158],[-114.79414,41.07654],[-114.77311,41.0374],[-114.77454,40.99512],[-114.79414,40.96767],[-114.83631,40.96326],[-114.86766,40.99512],[-114.89274,41.0374],[-114.87848,41.06579],[-114.86298,41.07967],[-114.83631,41.09158]]},"properties":{"elev":2000,"major":true}},{"type":"Feature","geometry":{"type":"LineString","coordinates":[[-114.28806,41.09213],[-114.24589,41.1031],[-114.23922,41.07967],[-114.24589,41.06771],[-114.27426,41.0374],[-114.28322,40.99512],[-114.28806,40.9823],[-114.32324,40.99512],[-114.33024,41.00414],[-114.33637,41.0374],[-114.33024,41.04739],[-114.30378,41.07967],[-114.28806,41.09213]]},"properties":{"elev":2000,"major":true}},{"type":"Feature","geometry":{"type":"LineString","coordinates":[[-114.03503,41.10169],[-114.02114,41.07967],[-114.01861,41.0374],[-114.03503,41.01615],[-114.0772,40.98737],[-114.08628,40.99512],[-114.09967,41.0374],[-114.0772,41.06779],[-114.05653,41.07967],[-114.03503,41.10169]]},"properties":{"elev":2000,"major":true}},{"type":"Feature","geometry":{"type":"LineString","coordinates":[[-122.84918,41.04142],[-122.83462,41.0374],[-122.84918,41.03019],[-122.8554,41.0374],[-122.84918,41.04142]]},"properties":{"elev":2000,"major":true}},{"type":"Feature","geometry":{"type":"LineString","coordinates":[[-119.55969,41.0429],[-119.51751,41.05803],[-119.49036,41.0374],[-119.50542,40.99512],[-119.51751,40.98651],[-119.53239,40.99512],[-119.55969,41.02475],[-119.56354,41.0374],[-119.55969,41.0429]]},"properties":{"elev":2000,"major":true}},{"type":"Feature","geometry":{"type":"LineString","coordinates":[[-123.01787,41.01312],[-122.97825,40.99512],[-123.01787,40.96277],[-123.04247,40.99512],[-123.01787,41.01312]]},"properties":{"elev":2000,"major":true}},{"type":"Feature","geometry":{"type":"LineString","coordinates":[[-111.58899,41.0083],[-111.55637,40.99512],[-111.58899,40.96858],[-111.60191,40.99512],[-111.58899,41.0083]]},"properties":{"elev":2000,"major":true}},{"type":"Feature","geometry":{"type":"LineString","coordinates":[[-122.84918,40.95915],[-122.84802,40.95285],[-122.84918,40.95147],[-122.85155,40.95285],[-122.84918,40.95915]]},"properties":{"elev":2000,"major":true}},{"type":"Feature","geometry":{"type":"LineString","coordinates":[[-117.61973,40.92833],[-117.57756,40.91924],[-117.57039,40.91057],[-117.54993,40.86829],[-117.54747,40.82602],[-117.53538,40.81006],[-117.52472,40.78374],[-117.53538,40.76495],[-117.57756,40.76512],[-117.59635,40.78374],[-117.61973,40.80007],[-117.63529,40.82602],[-117.65396,40.86829],[-117.64208,40.91057],[-117.61973,40.92833]]},"properties":{"elev":2000,"major":true}},{"type":"Feature","geometry":{"type":"LineString","coordinates":[[-119.43317,40.84345],[-119.40917,40.82602],[-119.43317,40.81866],[-119.43714,40.82602],[-119.43317,40.84345]]},"properties":{"elev":2000,"major":true}},{"type":"Feature","geometry":{"type":"LineString","coordinates":[[-114.28806,40.84914],[-114.28422,40.82602],[-114.26992,40.78374],[-114.24589,40.76363],[-114.23258,40.74146],[-114.23608,40.69919],[-114.23231,40.65691],[-114.24589,40.62058],[-114.25043,40.61463],[-114.24589,40.59204],[-114.24358,40.57236],[-114.2289,40.53008],[-114.22331,40.4878],[-114.20632,40.44553],[-114.22101,40.40325],[-114.24589,40.38149],[-114.2678,40.40325],[-114.33165,40.4878],[-114.32496,40.53008],[-114.31504,40.57236],[-114.307,40.61463],[-114.30467,40.65691],[-114.30626,40.69919],[-114.30372,40.74146],[-114.28806,40.84914]]},"properties":{"elev":2000,"major":true}},{"type":"Feature","geometry":{"type":"LineString","coordinates":[[-119.39099,40.81171],[-119.38491,40.78374],[-119.39099,40.77602],[-119.40102,40.78374],[-119.39099,40.81171]]},"properties":{"elev":2000,"major":true}},{"type":"Feature","geometry":{"type":"LineString","coordinates":[[-116.27019,40.74647],[-116.26328,40.74146],[-116.27019,40.72899],[-116.2761,40.74146],[-116.27019,40.74647]]},"properties":{"elev":2000,"major":true}},{"type":"Feature","geometry":{"type":"LineString","coordinates":[[-121.58399,40.70673],[-121.56178,40.69919],[-121.58399,40.69141],[-121.59262,40.69919],[-121.58399,40.70673]]},"properties":{"elev":2000,"major":true}},{"type":"Feature","geometry":{"type":"LineString","coordinates":[[-114.58327,40.70808],[-114.57209,40.69919],[-114.54152,40.65691],[-114.55049,40.61463],[-114.58327,40.58209],[-114.59999,40.57236],[-114.62545,40.55013],[-114.66762,40.50747],[-114.70979,40.48991],[-114.75197,40.47956],[-114.79414,40.46312],[-114.83631,40.46632],[-114.86691,40.4878],[-114.87848,40.50003],[-114.89781,40.53008],[-114.8857,40.57236],[-114.87848,40.57936],[-114.85446,40.61463],[-114.83631,40.63171],[-114.79414,40.64558],[-114.75197,40.60839],[-114.70979,40.59614],[-114.66762,40.62777],[-114.64599,40.65691],[-114.62545,40.67893],[-114.58327,40.70808]]},"properties":{"elev":2000,"major":true}},{"type":"Feature","geometry":{"type":"LineString","coordinates":[[-111.29378,40.70709],[-111.30366,40.69919],[-111.29378,40.66371],[-111.28952,40.69919],[-111.29378,40.70709]]},"properties":{"elev":2000,"major":true}},{"type":"Feature","geometry":{"type":"LineString","coordinates":[[-117.15583,40.66828],[-117.11365,40.67414],[-117.09008,40.65691],[-117.07099,40.61463],[-117.11365,40.58624],[-117.15583,40.5869],[-117.198,40.61177],[-117.19991,40.61463],[-117.198,40.61906],[-117.17196,40.65691],[-117.15583,40.66828]]},"properties":{"elev":2000,"major":true}},{"type":"Feature","geometry":{"type":"LineString","coordinates":[[-112.17941,40.68328],[-112.15043,40.65691],[-112.13724,40.6423],[-112.11943,40.61463],[-112.12321,40.53008],[-112.10845,40.4878],[-112.10244,40.44553],[-112.11146,40.40325],[-112.11562,40.36098],[-112.13724,40.32523],[-112.17941,40.29867],[-112.22159,40.31007],[-112.23122,40.3187],[-112.26998,40.36098],[-112.29105,40.40325],[-112.29738,40.44553],[-112.26568,40.4878],[-112.21808,40.53008],[-112.19001,40.57236],[-112.20699,40.61463],[-112.19699,40.65691],[-112.17941,40.68328]]},"properties":{"elev":2000,"major":true}},{"type":"Feature","geometry":{"type":"LineString","coordinates":[[-116.01716,40.62524],[-115.99845,40.61463],[-116.01716,40.5974],[-116.0265,40.61463],[-116.01716,40.62524]]},"properties":{"elev":2000,"major":true}},{"type":"Feature","geometry":{"type":"LineString","coordinates":[[-112.60114,40.63952],[-112.58119,40.61463],[-112.57542,40.57236],[-112.56128,40.53008],[-112.53666,40.4878],[-112.51439,40.44553],[-112.50811,40.40325],[-112.5168,40.3865],[-112.55897,40.34012],[-112.58284,40.36098],[-112.60114,40.36854],[-112.63578,40.40325],[-112.64332,40.41205],[-112.66405,40.44553],[-112.6683,40.4878],[-112.64332,40.54595],[-112.62633,40.57236],[-112.61366,40.61463],[-112.60114,40.63952]]},"properties":{"elev":2000,"major":true}},{"type":"Feature","geometry":{"type":"LineString","coordinates":[[-111.37813,40.62008],[-111.38764,40.61463],[-111.37813,40.60229],[-111.35225,40.61463],[-111.37813,40.62008]]},"properties":{"elev":2000,"major":true}},{"type":"Feature","geometry":{"type":"LineString","coordinates":[[-108.21515,40.62659],[-108.20215,40.61463],[-108.21515,40.60545],[-108.22836,40.61463],[-108.21515,40.62659]]},"properties":{"elev":2000,"major":true}},{"type":"Feature","geometry":{"type":"LineString","coordinates":[[-121.37312,40.57463],[-121.33095,40.58953],[-121.29697,40.57236],[-121.3035,40.53008],[-121.28878,40.52446],[-121.28408,40.53008],[-121.2466,40.56429],[-121.23135,40.57236],[-121.20443,40.5802],[-121.16226,40.57846],[-121.15135,40.57236],[-121.13709,40.53008],[-121.12639,40.4878],[-121.15112,40.44553],[-121.16226,40.4399],[-121.20443,40.42972],[-121.2466,40.43077],[-121.28878,40.44024],[-121.30022,40.44553],[-121.33095,40.47361],[-121.37312,40.47487],[-121.4153,40.43603],[-121.45747,40.42107],[-121.49964,40.41852],[-121.54182,40.40984],[-121.58399,40.43768],[-121.58636,40.44553],[-121.56907,40.4878],[-121.54182,40.52288],[-121.53094,40.53008],[-121.49964,40.54543],[-121.45747,40.53933],[-121.4153,40.53979],[-121.37312,40.57463]]},"properties":{"elev":2000,"major":true}},{"type":"Feature","geometry":{"type":"LineString","coordinates":[[-118.16798,40.58263],[-118.1258,40.58051],[-118.11772,40.57236],[-118.11966,40.53008],[-118.1258,40.5134],[-118.14007,40.4878],[-118.14059,40.44553],[-118.13437,40.40325],[-118.14917,40.36098],[-118.16798,40.34255],[-118.17905,40.36098],[-118.19244,40.40325],[-118.18792,40.4878],[-118.19175,40.53008],[-118.17977,40.57236],[-118.16798,40.58263]]},"properties":{"elev":2000,"major":true}},{"type":"Feature","geometry":{"type":"LineString","coordinates":[[-117.87277,40.57829],[-117.86701,40.57236],[-117.87277,40.55987],[-117.88217,40.57236],[-117.87277,40.57829]]},"properties":{"elev":2000,"major":true}},{"type":"Feature","geometry":{"type":"LineString","coordinates":[[-117.45104,40.60197],[-117.40886,40.6031],[-117.40026,40.57236],[-117.40886,40.55978],[-117.44168,40.53008],[-117.45104,40.50834],[-117.46564,40.53008],[-117.47291,40.57236],[-117.45104,40.60197]]},"properties":{"elev":2000,"major":true}},{"type":"Feature","geometry":{"type":"LineString","coordinates":[[-111.4203,40.59025],[-111.42933,40.57236],[-111.46247,40.55232],[-111.4864,40.53008],[-111.50669,40.4878],[-111.53521,40.44553],[-111.54682,40.4144],[-111.54915,40.40325],[-111.55174,40.36098],[-111.54682,40.35879],[-111.54008,40.36098],[-111.50465,40.38682],[-111.46247,40.38898],[-111.4203,40.37376],[-111.38804,40.40325],[-111.38346,40.44553],[-111.33595,40.46153],[-111.31319,40.4878],[-111.33595,40.52451],[-111.34071,40.53008],[-111.37813,40.56305],[-111.3988,40.57236],[-111.4203,40.59025]]},"properties":{"elev":2000,"major":true}},{"type":"Feature","geometry":{"type":"LineString","coordinates":[[-116.01716,40.56487],[-115.97498,40.55008],[-115.96046,40.53008],[-115.95156,40.4878],[-115.93281,40.47211],[-115.89064,40.46462],[-115.86793,40.44553],[-115.88057,40.40325],[-115.90039,40.36098],[-115.90866,40.3187],[-115.89494,40.27642],[-115.91155,40.23415],[-115.93281,40.2234],[-115.97498,40.22852],[-115.98018,40.23415],[-115.99738,40.27642],[-116.00349,40.3187],[-116.00357,40.36098],[-116.01229,40.40325],[-116.00351,40.44553],[-116.04242,40.53008],[-116.01716,40.56487]]},"properties":{"elev":2000,"major":true}},{"type":"Feature","geometry":{"type":"LineString","coordinates":[[-120.7827,40.49132],[-120.77076,40.4878],[-120.7827,40.48283],[-120.79382,40.4878],[-120.7827,40.49132]]},"properties":{"elev":2000,"major":true}},{"type":"Feature","geometry":{"type":"LineString","coordinates":[[-117.49321,40.49536],[-117.48043,40.4878],[-117.46508,40.44553],[-117.46622,40.40325],[-117.47711,40.36098],[-117.49321,40.3345],[-117.53538,40.35224],[-117.53968,40.36098],[-117.53695,40.40325],[-117.50785,40.44553],[-117.49321,40.49536]]},"properties":{"elev":2000,"major":true}},{"type":"Feature","geometry":{"type":"LineString","coordinates":[[-117.74625,40.48073],[-117.74505,40.44553],[-117.74625,40.44024],[-117.78693,40.44553],[-117.74625,40.48073]]},"properties":{"elev":2000,"major":true}},{"type":"Feature","geometry":{"type":"LineString","coordinates":[[-116.86061,40.44863],[-116.81844,40.45457],[-116.78979,40.44553],[-116.77627,40.43168],[-116.7341,40.44615],[-116.69192,40.44735],[-116.6906,40.44553],[-116.71544,40.40325],[-116.7341,40.38246],[-116.77627,40.36719],[-116.79119,40.3187],[-116.81844,40.28972],[-116.86061,40.28131],[-116.87527,40.27642],[-116.90279,40.26329],[-116.94496,40.25413],[-116.95656,40.27642],[-116.92812,40.3187],[-116.92573,40.36098],[-116.91369,40.40325],[-116.90279,40.4148],[-116.86061,40.44863]]},"properties":{"elev":2000,"major":true}},{"type":"Feature","geometry":{"type":"LineString","coordinates":[[-116.31237,40.36462],[-116.27019,40.37083],[-116.24658,40.36098],[-116.26322,40.3187],[-116.31237,40.27197],[-116.35454,40.22596],[-116.39671,40.21159],[-116.43888,40.22893],[-116.4505,40.19187],[-116.4761,40.14959],[-116.48106,40.14308],[-116.52323,40.10657],[-116.5654,40.12898],[-116.58917,40.14959],[-116.55473,40.19187],[-116.48106,40.23758],[-116.43888,40.23687],[-116.41897,40.27642],[-116.39671,40.29635],[-116.37432,40.3187],[-116.35454,40.33222],[-116.31237,40.36462]]},"properties":{"elev":2000,"major":true}},{"type":"Feature","geometry":{"type":"LineString","coordinates":[[-114.5411,40.39146],[-114.49893,40.37096],[-114.49104,40.36098],[-114.4646,40.3187],[-114.48011,40.27642],[-114.49893,40.23915],[-114.5411,40.24649],[-114.56517,40.27642],[-114.58327,40.29532],[-114.59133,40.3187],[-114.58005,40.36098],[-114.5411,40.39146]]},"properties":{"elev":2000,"major":true}},{"type":"Feature","geometry":{"type":"LineString","coordinates":[[-117.78842,40.27801],[-117.78597,40.27642],[-117.78842,40.27514],[-117.7898,40.27642],[-117.78842,40.27801]]},"properties":{"elev":2000,"major":true}},{"type":"Feature","geometry":{"type":"LineString","coordinates":[[-114.24589,40.31693],[-114.23429,40.27642],[-114.24589,40.26403],[-114.25477,40.27642],[-114.24589,40.31693]]},"properties":{"elev":2000,"major":true}},{"type":"Feature","geometry":{"type":"LineString","coordinates":[[-112.5168,40.2831],[-112.51198,40.27642],[-112.49733,40.23415],[-112.50948,40.19187],[-112.5168,40.18231],[-112.53963,40.19187],[-112.55897,40.21454],[-112.5633,40.23415],[-112.55897,40.26747],[-112.55052,40.27642],[-112.5168,40.2831]]},"properties":{"elev":2000,"major":true}},{"type":"Feature","geometry":{"type":"LineString","coordinates":[[-118.1258,40.23772],[-118.1258,40.23368],[-118.1258,40.23772]]},"properties":{"elev":2000,"major":true}},{"type":"Feature","geometry":{"type":"LineString","coordinates":[[-117.40886,40.19422],[-117.36669,40.21526],[-117.32452,40.19665],[-117.31886,40.19187],[-117.32452,40.17224],[-117.34095,40.14959],[-117.36669,40.14298],[-117.40886,40.14379],[-117.41221,40.14959],[-117.41021,40.19187],[-117.40886,40.19422]]},"properties":{"elev":2000,"major":true}},{"type":"Feature","geometry":{"type":"LineString","coordinates":[[-116.05933,40.19343],[-116.01716,40.21883],[-115.9894,40.19187],[-116.01716,40.12248],[-116.02795,40.10732],[-116.0341,40.06504],[-116.04246,40.02276],[-116.05933,39.99031],[-116.09983,39.98049],[-116.09139,39.93821],[-116.09107,39.89593],[-116.08766,39.85366],[-116.1015,39.82459],[-116.11727,39.81138],[-116.1269,39.76911],[-116.14367,39.74273],[-116.18585,39.74392],[-116.22802,39.73981],[-116.27019,39.74798],[-116.31237,39.7357],[-116.35454,39.7354],[-116.39671,39.74504],[-116.43356,39.76911],[-116.43888,39.77616],[-116.48106,39.76145],[-116.49637,39.72683],[-116.52323,39.69704],[-116.53095,39.68455],[-116.54201,39.64228],[-116.56889,39.6],[-116.60758,39.56882],[-116.6242,39.55772],[-116.64975,39.53574],[-116.68794,39.51545],[-116.69192,39.50985],[-116.71028,39.47317],[-116.7341,39.45016],[-116.77627,39.45263],[-116.79908,39.47317],[-116.81844,39.49665],[-116.85771,39.51545],[-116.86061,39.51882],[-116.90279,39.47996],[-116.92941,39.43089],[-116.94496,39.41513],[-116.98713,39.35806],[-117.00901,39.30407],[-117.02931,39.27152],[-117.03347,39.26179],[-117.058,39.21951],[-117.07148,39.19336],[-117.0766,39.17724],[-117.1058,39.13496],[-117.14578,39.09268],[-117.15583,39.08078],[-117.17789,39.05041],[-117.19272,39.00813],[-117.198,38.99629],[-117.2078,38.96585],[-117.21352,38.92358],[-117.20521,38.8813],[-117.18215,38.83902],[-117.17221,38.79675],[-117.17675,38.75447],[-117.20094,38.66992],[-117.20584,38.62764],[-117.24017,38.59337],[-117.28234,38.59274],[-117.30343,38.58537],[-117.32452,38.57417],[-117.36669,38.56527],[-117.40886,38.56399],[-117.45104,38.56986],[-117.49069,38.58537],[-117.49321,38.58782],[-117.57756,38.63617],[-117.60639,38.66992],[-117.61968,38.7122],[-117.61528,38.75447],[-117.60176,38.83902],[-117.60728,38.8813],[-117.60603,38.92358],[-117.61705,38.96585],[-117.61973,38.97225],[-117.65321,39.00813],[-117.65247,39.05041],[-117.64274,39.09268],[-117.61973,39.11926],[-117.61004,39.13496],[-117.57756,39.1608],[-117.56399,39.17724],[-117.53538,39.20361],[-117.49321,39.23663],[-117.45104,39.25214],[-117.41761,39.26179],[-117.38839,39.30407],[-117.36669,39.32315],[-117.35294,39.30407],[-117.32846,39.26179],[-117.33533,39.21951],[-117.33208,39.17724],[-117.32452,39.14319],[-117.30126,39.17724],[-117.28234,39.18668],[-117.25179,39.21951],[-117.24017,39.23023],[-117.2286,39.26179],[-117.20519,39.30407],[-117.15583,39.36204],[-117.13836,39.38862],[-117.10574,39.43089],[-117.07148,39.49023],[-117.05365,39.51545],[-117.06293,39.55772],[-117.06112,39.6],[-117.05471,39.64228],[-117.03905,39.68455],[-117.03109,39.72683],[-117.01815,39.76911],[-116.99526,39.81138],[-116.98713,39.81785],[-116.90279,39.85887],[-116.86061,39.89103],[-116.8373,39.89593],[-116.81844,39.90527],[-116.80451,39.85366],[-116.78217,39.81138],[-116.78264,39.76911],[-116.83776,39.72683],[-116.86114,39.68455],[-116.86061,39.67464],[-116.85413,39.64228],[-116.81844,39.61483],[-116.7341,39.65367],[-116.69192,39.66746],[-116.66337,39.68455],[-116.64975,39.69993],[-116.63469,39.72683],[-116.61664,39.76911],[-116.55579,39.85366],[-116.55029,39.89593],[-116.52323,39.93601],[-116.51879,39.93821],[-116.49761,39.98049],[-116.48743,40.02276],[-116.48106,40.02962],[-116.43888,40.04378],[-116.39671,40.03715],[-116.38402,40.02276],[-116.4098,39.98049],[-116.40164,39.93821],[-116.39671,39.93068],[-116.35454,39.9394],[-116.31237,39.9559],[-116.27019,39.95418],[-116.22802,39.95587],[-116.1839,39.93821],[-116.15885,39.89593],[-116.14367,39.87728],[-116.12872,39.89593],[-116.10195,39.98049],[-116.09086,40.06504],[-116.08958,40.10732],[-116.08341,40.14959],[-116.05933,40.19343]]},"properties":{"elev":2000,"major":true}},{"type":"Feature","geometry":{"type":"LineString","coordinates":[[-116.98713,40.1672],[-116.96855,40.14959],[-116.98044,40.10732],[-116.98713,40.10009],[-117.0291,40.10732],[-116.99686,40.14959],[-116.98713,40.1672]]},"properties":{"elev":2000,"major":true}},{"type":"Feature","geometry":{"type":"LineString","coordinates":[[-119.77055,40.06572],[-119.72838,40.04781],[-119.70267,40.02276],[-119.67796,39.98049],[-119.6862,39.96554],[-119.72838,39.96301],[-119.75273,39.98049],[-119.77055,40.00234],[-119.81272,40.02028],[-119.8154,40.02276],[-119.81272,40.02815],[-119.77055,40.06572]]},"properties":{"elev":2000,"major":true}},{"type":"Feature","geometry":{"type":"LineString","coordinates":[[-116.7341,40.07021],[-116.69192,40.09102],[-116.65924,40.06504],[-116.6736,40.02276],[-116.69192,40.00769],[-116.7341,40.01512],[-116.74857,40.02276],[-116.74295,40.06504],[-116.7341,40.07021]]},"properties":{"elev":2000,"major":true}},{"type":"Feature","geometry":{"type":"LineString","coordinates":[[-115.84846,40.06595],[-115.80629,40.08059],[-115.79295,40.06504],[-115.77146,40.02276],[-115.76412,39.99571],[-115.75668,39.98049],[-115.75,39.93821],[-115.72986,39.89593],[-115.73268,39.85366],[-115.74425,39.81138],[-115.76628,39.76911],[-115.77449,39.72683],[-115.76936,39.64228],[-115.76412,39.62666],[-115.75109,39.6],[-115.7784,39.51545],[-115.80629,39.48173],[-115.81572,39.47317],[-115.82483,39.43089],[-115.84846,39.39061],[-115.89064,39.38483],[-115.93281,39.36311],[-115.97498,39.34628],[-116.01716,39.33682],[-116.03142,39.30407],[-116.05485,39.26179],[-116.05217,39.21951],[-116.06113,39.17724],[-116.07349,39.13496],[-116.07388,39.09268],[-116.05933,39.00506],[-116.03093,38.96585],[-116.01716,38.95288],[-116.01082,38.96585],[-116.00687,39.00813],[-116.00642,39.05041],[-115.99753,39.09268],[-115.97498,39.11199],[-115.93281,39.13277],[-115.91522,39.13496],[-115.89064,39.14162],[-115.84846,39.15724],[-115.80629,39.15529],[-115.8035,39.13496],[-115.7924,39.09268],[-115.80021,39.05041],[-115.80629,39.0282],[-115.81016,39.00813],[-115.80219,38.96585],[-115.79196,38.92358],[-115.78484,38.8813],[-115.77601,38.83902],[-115.76412,38.8277],[-115.72376,38.79675],[-115.72188,38.75447],[-115.76412,38.72404],[-115.79497,38.66992],[-115.80629,38.65246],[-115.83294,38.62764],[-115.83815,38.58537],[-115.84846,38.57415],[-115.89064,38.55578],[-115.93281,38.55834],[-115.96712,38.58537],[-115.93281,38.6146],[-115.90889,38.62764],[-115.90142,38.66992],[-115.89064,38.69756],[-115.87585,38.75447],[-115.84846,38.79107],[-115.84157,38.79675],[-115.83533,38.83902],[-115.84846,38.87251],[-115.85663,38.8813],[-115.89064,38.9028],[-115.93281,38.90546],[-115.95048,38.8813],[-115.97498,38.85393],[-116.01716,38.8677],[-116.02706,38.83902],[-116.01969,38.79675],[-116.01742,38.75447],[-116.0421,38.7122],[-116.05725,38.66992],[-116.05933,38.66746],[-116.1015,38.643],[-116.12335,38.66992],[-116.14367,38.70992],[-116.14763,38.7122],[-116.18005,38.75447],[-116.18585,38.76412],[-116.19582,38.75447],[-116.19614,38.7122],[-116.19926,38.66992],[-116.20674,38.62764],[-116.22802,38.60389],[-116.24784,38.58537],[-116.27019,38.56792],[-116.31237,38.56289],[-116.34218,38.54309],[-116.35858,38.50081],[-116.36336,38.41626],[-116.35653,38.33171],[-116.36383,38.28943],[-116.39671,38.25569],[-116.41283,38.24715],[-116.42831,38.20488],[-116.43888,38.19841],[-116.46652,38.24715],[-116.48106,38.26615],[-116.49206,38.28943],[-116.50805,38.33171],[-116.5142,38.37398],[-116.52323,38.39951],[-116.53466,38.41626],[-116.55909,38.45854],[-116.56116,38.50081],[-116.5654,38.50857],[-116.60758,38.50645],[-116.63449,38.45854],[-116.64793,38.41626],[-116.65027,38.37398],[-116.65613,38.33171],[-116.69192,38.29087],[-116.69532,38.28943],[-116.75163,38.24715],[-116.78539,38.20488],[-116.81844,38.18065],[-116.84591,38.1626],[-116.86061,38.15514],[-116.90279,38.14136],[-116.94496,38.15601],[-116.9545,38.1626],[-116.97081,38.20488],[-116.95094,38.24715],[-116.94496,38.25482],[-116.91103,38.28943],[-116.91683,38.33171],[-116.93857,38.37398],[-116.94496,38.40591],[-116.94904,38.41626],[-116.95284,38.45854],[-116.98713,38.46318],[-117.02931,38.43885],[-117.07148,38.42294],[-117.11365,38.41855],[-117.15583,38.44352],[-117.16519,38.45854],[-117.15121,38.50081],[-117.11506,38.54309],[-117.11365,38.54632],[-117.1034,38.58537],[-117.08205,38.62764],[-117.07017,38.66992],[-117.04727,38.7122],[-117.02986,38.75447],[-117.02596,38.79675],[-117.01334,38.83902],[-116.98713,38.87574],[-116.98153,38.8813],[-116.96175,38.92358],[-116.95888,38.96585],[-116.93753,39.00813],[-116.91336,39.05041],[-116.90279,39.07793],[-116.89199,39.13496],[-116.87273,39.17724],[-116.86061,39.19423],[-116.83647,39.21951],[-116.81844,39.24077],[-116.79774,39.26179],[-116.77627,39.2947],[-116.76496,39.30407],[-116.7341,39.32548],[-116.69192,39.32056],[-116.6603,39.26179],[-116.64975,39.22706],[-116.62926,39.26179],[-116.62875,39.30407],[-116.64491,39.38862],[-116.60758,39.42511],[-116.5654,39.43386],[-116.52323,39.46006],[-116.48106,39.47582],[-116.43888,39.48597],[-116.39671,39.47692],[-116.39214,39.47317],[-116.35767,39.43089],[-116.35454,39.4209],[-116.33889,39.38862],[-116.32665,39.34634],[-116.32898,39.26179],[-116.32412,39.21951],[-116.31237,39.2069],[-116.30023,39.21951],[-116.27019,39.24206],[-116.22802,39.28198],[-116.18488,39.30407],[-116.17361,39.34634],[-116.17375,39.38862],[-116.18344,39.43089],[-116.18308,39.47317],[-116.17509,39.51545],[-116.14405,39.55772],[-116.1015,39.57229],[-116.07931,39.55772],[-116.05933,39.54946],[-116.01716,39.52464],[-115.97498,39.52622],[-115.93281,39.53915],[-115.90734,39.55772],[-115.89064,39.58125],[-115.86886,39.64228],[-115.86399,39.68455],[-115.85464,39.72683],[-115.84846,39.74496],[-115.84244,39.76911],[-115.84249,39.85366],[-115.84056,39.89593],[-115.84128,39.93821],[-115.86243,39.98049],[-115.86916,40.02276],[-115.84846,40.06595]]},"properties":{"elev":2000,"major":true}},{"type":"Feature","geometry":{"type":"LineString","coordinates":[[-113.86633,40.08544],[-113.84933,40.06504],[-113.83826,40.02276],[-113.82416,39.99417],[-113.80094,39.93821],[-113.80545,39.89593],[-113.80825,39.85366],[-113.82379,39.81138],[-113.85169,39.76911],[-113.88333,39.72683],[-113.90851,39.70287],[-113.95068,39.68404],[-113.99285,39.66831],[-114.02553,39.68455],[-114.03503,39.68755],[-114.04235,39.68455],[-114.02837,39.64228],[-114.03503,39.61057],[-114.03975,39.6],[-114.0772,39.57322],[-114.11937,39.5697],[-114.1326,39.55772],[-114.12929,39.51545],[-114.13233,39.47317],[-114.11937,39.45365],[-114.11008,39.43089],[-114.08405,39.38862],[-114.06723,39.34634],[-114.05322,39.26179],[-114.06569,39.21951],[-114.08955,39.17724],[-114.11937,39.15262],[-114.16154,39.14112],[-114.20372,39.13743],[-114.21493,39.13496],[-114.24481,39.09268],[-114.20372,39.05472],[-114.17607,39.00813],[-114.16154,38.99651],[-114.13237,38.96585],[-114.11937,38.93107],[-114.11477,38.92358],[-114.10904,38.8813],[-114.11937,38.83739],[-114.12815,38.75447],[-114.14379,38.7122],[-114.16154,38.68914],[-114.20372,38.68689],[-114.24589,38.67949],[-114.28806,38.69396],[-114.30436,38.7122],[-114.33024,38.74469],[-114.33583,38.75447],[-114.35172,38.79675],[-114.36043,38.8813],[-114.37241,38.94762],[-114.38056,38.96585],[-114.39528,39.00813],[-114.40684,39.05041],[-114.40042,39.09268],[-114.38548,39.13496],[-114.3619,39.17724],[-114.3587,39.21951],[-114.32626,39.26179],[-114.31537,39.30407],[-114.31358,39.34634],[-114.3166,39.38862],[-114.33024,39.46069],[-114.33445,39.47317],[-114.3247,39.51545],[-114.28806,39.55199],[-114.26885,39.55772],[-114.24787,39.6],[-114.27199,39.64228],[-114.28806,39.67422],[-114.2949,39.68455],[-114.28806,39.69297],[-114.28254,39.72683],[-114.24589,39.76679],[-114.24147,39.76911],[-114.1887,39.81138],[-114.16154,39.83522],[-114.11937,39.845],[-114.0772,39.85299],[-114.03503,39.85285],[-113.99285,39.85483],[-113.95068,39.89255],[-113.93622,39.93821],[-113.91662,39.98049],[-113.88082,40.06504],[-113.86633,40.08544]]},"properties":{"elev":2000,"major":true}},{"type":"Feature","geometry":{"type":"LineString","coordinates":[[-112.55897,40.0779],[-112.5461,40.06504],[-112.5168,40.04045],[-112.49933,40.02276],[-112.47462,40.00758],[-112.43245,39.99146],[-112.39028,39.97957],[-112.34811,39.98154],[-112.30593,39.97675],[-112.27978,39.93821],[-112.29239,39.85366],[-112.30593,39.84175],[-112.34811,39.85514],[-112.39028,39.86181],[-112.43245,39.88016],[-112.45479,39.89593],[-112.5168,39.93113],[-112.58153,39.98049],[-112.58156,40.02276],[-112.57191,40.06504],[-112.55897,40.0779]]},"properties":{"elev":2000,"major":true}},{"type":"Feature","geometry":{"type":"LineString","coordinates":[[-120.3188,40.03967],[-120.27663,40.04545],[-120.25105,40.02276],[-120.23393,39.98049],[-120.23332,39.93821],[-120.23445,39.93615],[-120.27663,39.90986],[-120.28989,39.93821],[-120.30597,39.98049],[-120.33651,40.02276],[-120.3188,40.03967]]},"properties":{"elev":2000,"major":true}},{"type":"Feature","geometry":{"type":"LineString","coordinates":[[-112.17941,40.05337],[-112.13724,40.04127],[-112.11087,40.02276],[-112.09507,39.9955],[-112.08268,39.98049],[-112.07403,39.93821],[-112.09507,39.91632],[-112.10886,39.93821],[-112.13724,39.96516],[-112.17941,39.97541],[-112.19294,39.98049],[-112.21376,40.02276],[-112.17941,40.05337]]},"properties":{"elev":2000,"major":true}},{"type":"Feature","geometry":{"type":"LineString","coordinates":[[-120.61401,39.99786],[-120.57641,39.98049],[-120.61401,39.95276],[-120.64306,39.98049],[-120.61401,39.99786]]},"properties":{"elev":2000,"major":true}},{"type":"Feature","geometry":{"type":"LineString","coordinates":[[-115.25804,40.01369],[-115.26708,39.98049],[-115.25804,39.95269],[-115.24236,39.98049],[-115.25804,40.01369]]},"properties":{"elev":2000,"major":true}},{"type":"Feature","geometry":{"type":"LineString","coordinates":[[-112.72766,39.98143],[-112.68549,40.00453],[-112.65445,39.98049],[-112.65466,39.93821],[-112.68549,39.92439],[-112.71848,39.93821],[-112.72766,39.98143]]},"properties":{"elev":2000,"major":true}},{"type":"Feature","geometry":{"type":"LineString","coordinates":[[-120.10793,39.94757],[-120.09755,39.93821],[-120.10793,39.91795],[-120.12669,39.93821],[-120.10793,39.94757]]},"properties":{"elev":2000,"major":true}},{"type":"Feature","geometry":{"type":"LineString","coordinates":[[-112.05289,39.91225],[-112.04841,39.89593],[-112.04812,39.85366],[-112.03609,39.81138],[-112.05289,39.77834],[-112.09443,39.81138],[-112.089,39.85366],[-112.06994,39.89593],[-112.05289,39.91225]]},"properties":{"elev":2000,"major":true}},{"type":"Feature","geometry":{"type":"LineString","coordinates":[[-109.01644,39.90282],[-108.97427,39.90587],[-108.95547,39.89593],[-108.97427,39.86625],[-109.01644,39.87543],[-109.02395,39.89593],[-109.01644,39.90282]]},"properties":{"elev":2000,"major":true}},{"type":"Feature","geometry":{"type":"LineString","coordinates":[[-117.198,39.83119],[-117.16383,39.81138],[-117.198,39.79734],[-117.2261,39.81138],[-117.198,39.83119]]},"properties":{"elev":2000,"major":true}},{"type":"Feature","geometry":{"type":"LineString","coordinates":[[-119.47534,39.80898],[-119.43317,39.77504],[-119.42861,39.76911],[-119.4312,39.72683],[-119.4227,39.68455],[-119.43317,39.66442],[-119.4678,39.64228],[-119.47534,39.64049],[-119.48117,39.64228],[-119.47534,39.69079],[-119.44306,39.72683],[-119.47534,39.74045],[-119.48499,39.76911],[-119.47534,39.80898]]},"properties":{"elev":2000,"major":true}},{"type":"Feature","geometry":{"type":"LineString","coordinates":[[-117.70407,39.74055],[-117.68848,39.72683],[-117.70407,39.70486],[-117.71529,39.68455],[-117.76154,39.64228],[-117.79506,39.6],[-117.83059,39.56098],[-117.84654,39.51545],[-117.86781,39.47317],[-117.87277,39.4678],[-117.91494,39.45608],[-117.95532,39.47317],[-117.95711,39.47721],[-117.96163,39.51545],[-117.95711,39.56193],[-117.94498,39.6],[-117.91494,39.61912],[-117.87277,39.62717],[-117.84032,39.64228],[-117.83059,39.65119],[-117.8086,39.68455],[-117.78842,39.70093],[-117.70407,39.74055]]},"properties":{"elev":2000,"major":true}},{"type":"Feature","geometry":{"type":"LineString","coordinates":[[-117.24017,39.7429],[-117.23512,39.72683],[-117.24017,39.6965],[-117.24961,39.72683],[-117.24017,39.7429]]},"properties":{"elev":2000,"major":true}},{"type":"Feature","geometry":{"type":"LineString","coordinates":[[-120.65618,39.6984],[-120.61401,39.68803],[-120.57184,39.68835],[-120.557,39.68455],[-120.57184,39.6566],[-120.61401,39.65312],[-120.62871,39.64228],[-120.65618,39.63739],[-120.65942,39.64228],[-120.67856,39.68455],[-120.65618,39.6984]]},"properties":{"elev":2000,"major":true}},{"type":"Feature","geometry":{"type":"LineString","coordinates":[[-120.10793,39.69656],[-120.09805,39.68455],[-120.06576,39.65259],[-120.05883,39.64228],[-120.037,39.6],[-120.04365,39.55772],[-120.02359,39.5195],[-120.0093,39.47317],[-120.02359,39.45401],[-120.04352,39.47317],[-120.03864,39.51545],[-120.06576,39.52169],[-120.10793,39.54496],[-120.14237,39.51545],[-120.15011,39.50717],[-120.19228,39.4976],[-120.21881,39.51545],[-120.23445,39.54242],[-120.23829,39.55772],[-120.23445,39.56728],[-120.19228,39.58539],[-120.15011,39.59082],[-120.14489,39.6],[-120.1376,39.64228],[-120.1194,39.68455],[-120.10793,39.69656]]},"properties":{"elev":2000,"major":true}},{"type":"Feature","geometry":{"type":"LineString","coordinates":[[-117.45104,39.69601],[-117.40886,39.67852],[-117.3635,39.64228],[-117.36834,39.6],[-117.40886,39.57329],[-117.45104,39.573],[-117.48302,39.6],[-117.49321,39.61957],[-117.49789,39.64228],[-117.49321,39.65221],[-117.45104,39.69601]]},"properties":{"elev":2000,"major":true}},{"type":"Feature","geometry":{"type":"LineString","coordinates":[[-120.52966,39.65795],[-120.48578,39.64228],[-120.44532,39.60735],[-120.44002,39.6],[-120.36097,39.528],[-120.3188,39.52161],[-120.29641,39.51545],[-120.27663,39.5051],[-120.23445,39.49624],[-120.22008,39.47317],[-120.20405,39.43089],[-120.22265,39.38862],[-120.22653,39.34634],[-120.22499,39.30407],[-120.19228,39.27676],[-120.15011,39.27981],[-120.10793,39.28673],[-120.07204,39.30407],[-120.02359,39.35495],[-120.00111,39.38862],[-120.00334,39.43089],[-119.98142,39.44785],[-119.95439,39.47317],[-119.93924,39.48168],[-119.89707,39.47392],[-119.8549,39.4505],[-119.83807,39.43089],[-119.83218,39.38862],[-119.8291,39.34634],[-119.83415,39.30407],[-119.85253,39.26179],[-119.83671,39.21951],[-119.81354,39.17724],[-119.82308,39.13496],[-119.84237,39.09268],[-119.83453,39.05041],[-119.84385,39.00813],[-119.84715,38.96585],[-119.84227,38.92358],[-119.81272,38.86529],[-119.79647,38.83902],[-119.79699,38.79675],[-119.80346,38.75447],[-119.79681,38.7122],[-119.77597,38.66992],[-119.77055,38.66842],[-119.72838,38.66564],[-119.72358,38.66992],[-119.71748,38.7122],[-119.6862,38.73941],[-119.64403,38.75248],[-119.60186,38.77487],[-119.57395,38.75447],[-119.55969,38.73381],[-119.55301,38.7122],[-119.55207,38.66992],[-119.55913,38.62764],[-119.53729,38.58537],[-119.51751,38.5571],[-119.51093,38.54309],[-119.47534,38.4992],[-119.43317,38.49629],[-119.43031,38.50081],[-119.41623,38.54309],[-119.39925,38.58537],[-119.39099,38.59958],[-119.36736,38.62764],[-119.34882,38.6545],[-119.30665,38.64752],[-119.26412,38.62764],[-119.2223,38.60608],[-119.20108,38.62764],[-119.20031,38.66992],[-119.18013,38.70417],[-119.13796,38.71011],[-119.09578,38.6917],[-119.06643,38.66992],[-119.05361,38.65169],[-119.04221,38.62764],[-119.04109,38.58537],[-119.01144,38.54833],[-119.00497,38.54309],[-118.99309,38.50081],[-119.01144,38.48509],[-119.05361,38.47328],[-119.13796,38.4632],[-119.1478,38.45854],[-119.14766,38.41626],[-119.13796,38.40968],[-119.05361,38.4045],[-119.01144,38.39733],[-118.96916,38.37398],[-118.92709,38.35438],[-118.88492,38.34677],[-118.84274,38.36564],[-118.82934,38.37398],[-118.84927,38.41626],[-118.88841,38.45854],[-118.88492,38.46563],[-118.87899,38.50081],[-118.86742,38.54309],[-118.86762,38.58537],[-118.85959,38.62764],[-118.8433,38.66992],[-118.84274,38.67902],[-118.8369,38.66992],[-118.80057,38.66654],[-118.76936,38.62764],[-118.7584,38.62231],[-118.72293,38.58537],[-118.70507,38.54309],[-118.69555,38.50081],[-118.67042,38.45854],[-118.63188,38.42305],[-118.62036,38.41626],[-118.58971,38.3922],[-118.57459,38.37398],[-118.5796,38.33171],[-118.58922,38.28943],[-118.54961,38.24715],[-118.54753,38.24692],[-118.50536,38.27603],[-118.46319,38.31362],[-118.44066,38.33171],[-118.4486,38.37398],[-118.46319,38.41634],[-118.42102,38.42616],[-118.40024,38.41626],[-118.39095,38.37398],[-118.33667,38.33367],[-118.2945,38.3176],[-118.21015,38.33748],[-118.19686,38.33171],[-118.18912,38.28943],[-118.21015,38.26003],[-118.25232,38.26697],[-118.2945,38.27889],[-118.33667,38.27904],[-118.37884,38.2694],[-118.42102,38.25273],[-118.42539,38.24715],[-118.43572,38.20488],[-118.46319,38.19295],[-118.50536,38.19434],[-118.54753,38.16754],[-118.55211,38.1626],[-118.57194,38.12033],[-118.54753,38.07912],[-118.50536,38.08425],[-118.46319,38.0696],[-118.42102,38.0622],[-118.37884,38.05822],[-118.33667,38.08183],[-118.32634,38.07805],[-118.30026,38.03577],[-118.25232,38.00842],[-118.23604,37.9935],[-118.21015,37.96495],[-118.20219,37.95122],[-118.18928,37.90894],[-118.18706,37.86667],[-118.17971,37.82439],[-118.17016,37.78211],[-118.15186,37.73984],[-118.12823,37.69756],[-118.08717,37.61301],[-118.04083,37.57073],[-117.99989,37.52846],[-117.97369,37.48618],[-117.96561,37.4439],[-117.99929,37.4154],[-118.01127,37.40163],[-118.08363,37.33753],[-118.10112,37.31707],[-118.10464,37.2748],[-118.08363,37.25047],[-118.04146,37.24102],[-117.99929,37.25442],[-117.96739,37.23252],[-117.93049,37.19024],[-117.93737,37.14797],[-117.94786,37.10569],[-117.93224,37.06341],[-117.92184,37.02114],[-117.93643,36.97886],[-117.94405,36.93659],[-117.95711,36.91934],[-117.97904,36.89431],[-117.97793,36.85203],[-117.95711,36.82859],[-117.94707,36.80976],[-117.93363,36.76748],[-117.91494,36.73985],[-117.8842,36.68293],[-117.87277,36.66852],[-117.83059,36.62883],[-117.78458,36.59837],[-117.7482,36.5561],[-117.74625,36.55245],[-117.70781,36.51382],[-117.74625,36.477],[-117.7806,36.51382],[-117.78842,36.51826],[-117.83059,36.55205],[-117.87277,36.57693],[-117.91494,36.59495],[-117.91857,36.59837],[-117.95711,36.65224],[-117.97715,36.68293],[-118.00104,36.7252],[-118.01596,36.76748],[-118.02487,36.80976],[-118.04146,36.85181],[-118.07233,36.89431],[-118.10637,36.93659],[-118.1258,36.96477],[-118.13276,36.97886],[-118.13504,37.02114],[-118.14357,37.06341],[-118.14023,37.10569],[-118.1258,37.13493],[-118.11275,37.14797],[-118.1272,37.19024],[-118.16798,37.23018],[-118.21015,37.26679],[-118.21484,37.2748],[-118.26156,37.4439],[-118.27579,37.48618],[-118.31029,37.57073],[-118.32083,37.61301],[-118.32783,37.65528],[-118.33667,37.68544],[-118.34276,37.69756],[-118.37884,37.7513],[-118.40834,37.78211],[-118.41826,37.82439],[-118.41418,37.86667],[-118.38538,37.90894],[-118.42102,37.92989],[-118.46319,37.92833],[-118.50536,37.91391],[-118.53417,37.90894],[-118.54683,37.86667],[-118.54635,37.82439],[-118.53451,37.78211],[-118.51025,37.73984],[-118.50046,37.65528],[-118.50536,37.63137],[-118.51262,37.61301],[-118.52287,37.57073],[-118.54753,37.55587],[-118.58971,37.53444],[-118.59309,37.52846],[-118.6076,37.48618],[-118.61337,37.4439],[-118.6153,37.40163],[-118.58971,37.37305],[-118.57336,37.35935],[-118.54753,37.32171],[-118.53723,37.31707],[-118.50536,37.31034],[-118.46319,37.30445],[-118.42102,37.29095],[-118.40388,37.2748],[-118.35861,37.19024],[-118.35077,37.14797],[-118.33818,37.10569],[-118.32833,37.06341],[-118.32071,37.02114],[-118.29851,36.93659],[-118.27817,36.89431],[-118.27234,36.80976],[-118.26404,36.76748],[-118.25232,36.73158],[-118.2203,36.68293],[-118.21015,36.65554],[-118.17483,36.59837],[-118.1388,36.5561],[-118.09588,36.51382],[-118.08363,36.49694],[-118.06775,36.47154],[-118.06456,36.42927],[-118.05433,36.38699],[-118.04708,36.34472],[-118.05025,36.30244],[-118.05034,36.26016],[-118.04531,36.21789],[-118.02131,36.17561],[-118.01,36.04878],[-117.99267,36.0065],[-117.9816,35.96423],[-117.97284,35.92195],[-117.98983,35.87967],[-117.99929,35.85953],[-118.04146,35.84577],[-118.08363,35.83652],[-118.08559,35.8374],[-118.1213,35.87967],[-118.11783,35.92195],[-118.10611,35.96423],[-118.0832,36.0065],[-118.1258,36.0247],[-118.14165,36.0065],[-118.20577,35.96423],[-118.18536,35.92195],[-118.18619,35.87967],[-118.21015,35.85425],[-118.22099,35.8374],[-118.21052,35.79512],[-118.25232,35.77081],[-118.33667,35.78556],[-118.3466,35.79512],[-118.37012,35.8374],[-118.37884,35.85657],[-118.40266,35.92195],[-118.39889,35.96423],[-118.41556,36.0065],[-118.41262,36.04878],[-118.39838,36.09106],[-118.37884,36.11082],[-118.33667,36.12845],[-118.33479,36.13333],[-118.33345,36.21789],[-118.33667,36.21997],[-118.34317,36.21789],[-118.37884,36.19643],[-118.42102,36.20623],[-118.44216,36.21789],[-118.46319,36.22348],[-118.48319,36.21789],[-118.46975,36.17561],[-118.48146,36.13333],[-118.48572,36.09106],[-118.50536,36.07239],[-118.52275,36.04878],[-118.54753,36.02145],[-118.58467,36.04878],[-118.58809,36.09106],[-118.56199,36.13333],[-118.58971,36.16217],[-118.59688,36.17561],[-118.61049,36.21789],[-118.67405,36.26204],[-118.697,36.30244],[-118.70497,36.34472],[-118.71536,36.38699],[-118.67405,36.42415],[-118.67058,36.42927],[-118.67405,36.43888],[-118.69168,36.47154],[-118.67405,36.50259],[-118.66353,36.51382],[-118.67048,36.5561],[-118.71623,36.57079],[-118.76915,36.59837],[-118.80057,36.62326],[-118.81636,36.64065],[-118.84274,36.66273],[-118.87241,36.68293],[-118.88492,36.70947],[-118.89725,36.7252],[-118.88492,36.7374],[-118.8485,36.76748],[-118.80057,36.77433],[-118.7584,36.77457],[-118.71623,36.79087],[-118.67405,36.79333],[-118.65036,36.80976],[-118.67405,36.81802],[-118.71623,36.82253],[-118.7584,36.83428],[-118.77798,36.85203],[-118.80057,36.8909],[-118.84274,36.88357],[-118.88492,36.88926],[-118.89725,36.89431],[-118.95828,36.93659],[-118.96926,36.95739],[-119.01144,36.95794],[-119.05361,36.97307],[-119.05844,36.97886],[-119.07848,37.02114],[-119.13796,37.07363],[-119.18013,37.09704],[-119.19136,37.10569],[-119.22383,37.14797],[-119.20622,37.19024],[-119.2223,37.21322],[-119.25937,37.2748],[-119.23288,37.31707],[-119.2223,37.32858],[-119.18917,37.35935],[-119.18817,37.40163],[-119.18013,37.41085],[-119.14442,37.4439],[-119.15784,37.48618],[-119.13617,37.52846],[-119.18013,37.53709],[-119.19943,37.52846],[-119.2223,37.51295],[-119.26447,37.47426],[-119.30665,37.46425],[-119.34882,37.47043],[-119.39099,37.46288],[-119.41181,37.4439],[-119.42166,37.40163],[-119.43317,37.36111],[-119.47534,37.38607],[-119.49419,37.40163],[-119.51751,37.4439],[-119.55645,37.48618],[-119.53729,37.52846],[-119.598,37.57073],[-119.62733,37.61301],[-119.65265,37.65528],[-119.64403,37.67071],[-119.60186,37.70567],[-119.55969,37.71102],[-119.51751,37.72737],[-119.50502,37.73984],[-119.51751,37.75133],[-119.55969,37.76196],[-119.60186,37.75546],[-119.64403,37.74178],[-119.6862,37.75599],[-119.72918,37.78211],[-119.72909,37.82439],[-119.73782,37.86667],[-119.72838,37.89776],[-119.72148,37.90894],[-119.6862,37.91764],[-119.64403,37.90541],[-119.63467,37.90894],[-119.636,37.95122],[-119.64403,37.95367],[-119.6862,37.9837],[-119.71411,37.9935],[-119.77055,38.02655],[-119.81272,38.02967],[-119.8275,38.03577],[-119.8549,38.0786],[-119.89707,38.08367],[-119.93924,38.09644],[-119.94312,38.12033],[-119.94491,38.1626],[-119.94393,38.20488],[-119.94914,38.24715],[-119.93924,38.27389],[-119.93132,38.28943],[-119.89707,38.32908],[-119.8924,38.33171],[-119.89707,38.33805],[-119.93924,38.36542],[-120.02359,38.33967],[-120.03636,38.33171],[-120.06576,38.318],[-120.08089,38.33171],[-120.09668,38.37398],[-120.10793,38.39837],[-120.15011,38.41031],[-120.15756,38.41626],[-120.14,38.45854],[-120.10793,38.4884],[-120.08602,38.50081],[-120.15011,38.53167],[-120.1703,38.54309],[-120.19228,38.56753],[-120.23445,38.58291],[-120.26021,38.62764],[-120.24268,38.66992],[-120.23445,38.67547],[-120.19228,38.66527],[-120.18391,38.66992],[-120.15236,38.7122],[-120.1844,38.75447],[-120.17469,38.79675],[-120.19228,38.80133],[-120.23445,38.82498],[-120.2488,38.83902],[-120.27663,38.91478],[-120.281,38.92358],[-120.29295,38.96585],[-120.29047,39.00813],[-120.27663,39.0209],[-120.26334,39.05041],[-120.27663,39.07182],[-120.28558,39.09268],[-120.3188,39.12051],[-120.34157,39.13496],[-120.34123,39.17724],[-120.36173,39.21951],[-120.32149,39.26179],[-120.36097,39.28588],[-120.40315,39.29555],[-120.44532,39.28496],[-120.48749,39.32631],[-120.49371,39.34634],[-120.52966,39.36933],[-120.57184,39.38229],[-120.586,39.38862],[-120.57719,39.43089],[-120.57184,39.44043],[-120.54741,39.47317],[-120.52966,39.49023],[-120.51447,39.51545],[-120.51404,39.55772],[-120.53892,39.6],[-120.55831,39.64228],[-120.52966,39.65795]]},"properties":{"elev":2000,"major":true}},{"type":"Feature","geometry":{"type":"LineString","coordinates":[[-116.1015,39.65082],[-116.05933,39.64475],[-116.05738,39.64228],[-116.05933,39.63499],[-116.1015,39.63791],[-116.10483,39.64228],[-116.1015,39.65082]]},"properties":{"elev":2000,"major":true}},{"type":"Feature","geometry":{"type":"LineString","coordinates":[[-119.93924,39.60719],[-119.91514,39.6],[-119.93924,39.58549],[-119.95085,39.6],[-119.93924,39.60719]]},"properties":{"elev":2000,"major":true}},{"type":"Feature","geometry":{"type":"LineString","coordinates":[[-118.21015,39.61288],[-118.20646,39.6],[-118.21015,39.58176],[-118.22034,39.6],[-118.21015,39.61288]]},"properties":{"elev":2000,"major":true}},{"type":"Feature","geometry":{"type":"LineString","coordinates":[[-118.2945,39.56298],[-118.25232,39.57624],[-118.22491,39.55772],[-118.25232,39.50888],[-118.2945,39.48835],[-118.30855,39.51545],[-118.30084,39.55772],[-118.2945,39.56298]]},"properties":{"elev":2000,"major":true}},{"type":"Feature","geometry":{"type":"LineString","coordinates":[[-107.32952,39.55776],[-107.33166,39.55772],[-107.32952,39.55776]]},"properties":{"elev":2000,"major":true}},{"type":"Feature","geometry":{"type":"LineString","coordinates":[[-117.57756,39.52821],[-117.53538,39.52393],[-117.52242,39.51545],[-117.53538,39.48687],[-117.53928,39.47317],[-117.58412,39.38862],[-117.58372,39.34634],[-117.58825,39.30407],[-117.61027,39.26179],[-117.64119,39.21951],[-117.6619,39.18224],[-117.70407,39.14478],[-117.74625,39.13659],[-117.77538,39.17724],[-117.76462,39.21951],[-117.76801,39.26179],[-117.7905,39.34634],[-117.79525,39.38862],[-117.79034,39.43089],[-117.78842,39.43322],[-117.74625,39.45555],[-117.70407,39.44918],[-117.6619,39.48011],[-117.6027,39.51545],[-117.57756,39.52821]]},"properties":{"elev":2000,"major":true}},{"type":"Feature","geometry":{"type":"LineString","coordinates":[[-117.36669,39.54864],[-117.32452,39.52952],[-117.32223,39.51545],[-117.33751,39.47317],[-117.34487,39.43089],[-117.36669,39.40227],[-117.40925,39.43089],[-117.40714,39.47317],[-117.39008,39.51545],[-117.36669,39.54864]]},"properties":{"elev":2000,"major":true}},{"type":"Feature","geometry":{"type":"LineString","coordinates":[[-113.31808,39.45419],[-113.27591,39.43953],[-113.27091,39.43089],[-113.23072,39.38862],[-113.23374,39.37948],[-113.26227,39.34634],[-113.31808,39.31394],[-113.32108,39.34634],[-113.33445,39.38862],[-113.31808,39.45419]]},"properties":{"elev":2000,"major":true}},{"type":"Feature","geometry":{"type":"LineString","coordinates":[[-112.22159,39.43256],[-112.17941,39.4672],[-112.16178,39.43089],[-112.15266,39.38862],[-112.15569,39.34634],[-112.15566,39.30407],[-112.17941,39.25035],[-112.22159,39.24577],[-112.26049,39.26179],[-112.26376,39.26424],[-112.28579,39.30407],[-112.26705,39.34634],[-112.26401,39.38862],[-112.22159,39.43256]]},"properties":{"elev":2000,"major":true}},{"type":"Feature","geometry":{"type":"LineString","coordinates":[[-107.203,39.43498],[-107.22645,39.43089],[-107.20713,39.38862],[-107.203,39.38485],[-107.19411,39.38862],[-107.19264,39.43089],[-107.203,39.43498]]},"properties":{"elev":2000,"major":true}},{"type":"Feature","geometry":{"type":"LineString","coordinates":[[-115.67977,39.4042],[-115.65915,39.38862],[-115.6474,39.34634],[-115.66543,39.30407],[-115.69048,39.26179],[-115.72194,39.22354],[-115.76412,39.19168],[-115.80629,39.21148],[-115.80685,39.21951],[-115.81963,39.26179],[-115.80629,39.28986],[-115.76412,39.29856],[-115.75577,39.30407],[-115.73107,39.34634],[-115.67977,39.4042]]},"properties":{"elev":2000,"major":true}},{"type":"Feature","geometry":{"type":"LineString","coordinates":[[-113.69764,39.26363],[-113.69026,39.26179],[-113.65547,39.23702],[-113.64888,39.21951],[-113.65547,39.19318],[-113.69764,39.18014],[-113.73059,39.21951],[-113.69764,39.26363]]},"properties":{"elev":2000,"major":true}},{"type":"Feature","geometry":{"type":"LineString","coordinates":[[-112.01072,39.30196],[-111.96855,39.27312],[-111.96366,39.26179],[-111.96855,39.25055],[-111.98698,39.21951],[-111.99209,39.17724],[-112.00862,39.13496],[-111.96855,39.12827],[-111.95665,39.09268],[-111.94535,39.05041],[-111.96855,39.01709],[-112.01072,39.0338],[-112.02358,39.05041],[-112.01072,39.08145],[-112.00255,39.09268],[-112.01098,39.13496],[-112.02561,39.17724],[-112.03091,39.21951],[-112.0302,39.26179],[-112.01072,39.30196]]},"properties":{"elev":2000,"major":true}},{"type":"Feature","geometry":{"type":"LineString","coordinates":[[-110.66119,39.26698],[-110.61901,39.26585],[-110.57684,39.24956],[-110.55006,39.21951],[-110.57684,39.18226],[-110.61901,39.16075],[-110.66119,39.18356],[-110.72067,39.21951],[-110.70336,39.25047],[-110.68555,39.26179],[-110.66119,39.26698]]},"properties":{"elev":2000,"major":true}},{"type":"Feature","geometry":{"type":"LineString","coordinates":[[-120.06576,39.22617],[-120.07034,39.21951],[-120.10793,39.18353],[-120.11962,39.17724],[-120.13878,39.13496],[-120.13055,39.09268],[-120.11623,39.05041],[-120.07906,39.00813],[-120.06576,38.96209],[-120.03032,38.92358],[-120.02359,38.90335],[-119.99428,38.8813],[-119.98142,38.87765],[-119.97757,38.8813],[-119.94707,38.92358],[-119.93924,38.93259],[-119.93012,38.96585],[-119.9293,39.00813],[-119.9333,39.05041],[-119.92696,39.09268],[-119.92882,39.13496],[-119.92617,39.21951],[-119.93924,39.23713],[-119.98142,39.23331],[-120.02359,39.23874],[-120.06576,39.22617]]},"properties":{"elev":2000,"major":true}},{"type":"Feature","geometry":{"type":"LineString","coordinates":[[-113.36026,39.24426],[-113.31808,39.22092],[-113.30376,39.17724],[-113.31808,39.13411],[-113.36026,39.10969],[-113.40243,39.13116],[-113.40533,39.13496],[-113.41711,39.17724],[-113.40243,39.20367],[-113.37915,39.21951],[-113.36026,39.24426]]},"properties":{"elev":2000,"major":true}},{"type":"Feature","geometry":{"type":"LineString","coordinates":[[-119.47534,39.19388],[-119.43317,39.18986],[-119.41475,39.17724],[-119.40303,39.13496],[-119.44381,39.09268],[-119.42566,39.00813],[-119.42827,38.92358],[-119.43122,38.8813],[-119.41662,38.79675],[-119.43317,38.78203],[-119.47534,38.77203],[-119.51751,38.77286],[-119.55969,38.7777],[-119.57154,38.79675],[-119.57691,38.83902],[-119.55969,38.85755],[-119.54542,38.8813],[-119.52429,38.92358],[-119.51751,38.94142],[-119.50457,38.96585],[-119.51175,39.00813],[-119.51751,39.01652],[-119.5574,39.05041],[-119.55456,39.09268],[-119.51751,39.10221],[-119.50334,39.13496],[-119.48897,39.17724],[-119.47534,39.19388]]},"properties":{"elev":2000,"major":true}},{"type":"Feature","geometry":{"type":"LineString","coordinates":[[-117.36669,39.09568],[-117.37036,39.09268],[-117.36669,39.08871],[-117.36466,39.09268],[-117.36669,39.09568]]},"properties":{"elev":2000,"major":true}},{"type":"Feature","geometry":{"type":"LineString","coordinates":[[-69.79557,39.10858],[-69.77439,39.09268],[-69.79557,39.07679],[-69.81142,39.09268],[-69.79557,39.10858]]},"properties":{"elev":2000,"major":true}},{"type":"Feature","geometry":{"type":"LineString","coordinates":[[-113.6133,39.06392],[-113.57112,39.07115],[-113.52895,39.05515],[-113.5217,39.05041],[-113.48678,39.02007],[-113.47541,39.00813],[-113.46875,38.96585],[-113.48678,38.92251],[-113.52895,38.92683],[-113.57728,38.96585],[-113.6133,38.99722],[-113.62292,39.00813],[-113.61845,39.05041],[-113.6133,39.06392]]},"properties":{"elev":2000,"major":true}},{"type":"Feature","geometry":{"type":"LineString","coordinates":[[-117.74625,39.04163],[-117.70407,39.04159],[-117.67105,39.00813],[-117.67574,38.96585],[-117.68881,38.92358],[-117.70407,38.90469],[-117.72961,38.8813],[-117.74326,38.83902],[-117.74313,38.79675],[-117.74625,38.79067],[-117.78842,38.75806],[-117.83059,38.77595],[-117.84886,38.79675],[-117.85207,38.83902],[-117.83059,38.86477],[-117.80466,38.8813],[-117.79461,38.92358],[-117.79325,38.96585],[-117.78842,38.97649],[-117.7611,39.00813],[-117.74625,39.04163]]},"properties":{"elev":2000,"major":true}},{"type":"Feature","geometry":{"type":"LineString","coordinates":[[-118.88492,38.92515],[-118.88313,38.92358],[-118.88492,38.92163],[-118.88668,38.92358],[-118.88492,38.92515]]},"properties":{"elev":2000,"major":true}},{"type":"Feature","geometry":{"type":"LineString","coordinates":[[-113.90851,38.88711],[-113.90287,38.8813],[-113.90851,38.88082],[-113.90851,38.88711]]},"properties":{"elev":2000,"major":true}},{"type":"Feature","geometry":{"type":"LineString","coordinates":[[-110.91422,38.8887],[-110.87205,38.90502],[-110.82988,38.90162],[-110.78771,38.91272],[-110.74553,38.91113],[-110.70336,38.89996],[-110.66119,38.89572],[-110.57684,38.90064],[-110.55761,38.8813],[-110.61901,38.82122],[-110.63822,38.79675],[-110.66119,38.78337],[-110.70336,38.74662],[-110.74553,38.72384],[-110.76981,38.7122],[-110.82988,38.6946],[-110.86337,38.7122],[-110.85634,38.75447],[-110.87205,38.76518],[-110.91422,38.77375],[-110.9564,38.7655],[-110.9781,38.79675],[-110.9564,38.84285],[-110.91422,38.8887]]},"properties":{"elev":2000,"major":true}},{"type":"Feature","geometry":{"type":"LineString","coordinates":[[-113.86633,38.87536],[-113.82416,38.86333],[-113.78199,38.85717],[-113.75895,38.83902],[-113.73981,38.81912],[-113.72231,38.79675],[-113.70978,38.75447],[-113.73981,38.72529],[-113.78199,38.74372],[-113.79158,38.75447],[-113.82416,38.78191],[-113.86633,38.79396],[-113.86864,38.79675],[-113.87949,38.83902],[-113.86633,38.87536]]},"properties":{"elev":2000,"major":true}},{"type":"Feature","geometry":{"type":"LineString","coordinates":[[-118.84274,38.83308],[-118.80057,38.81259],[-118.78995,38.79675],[-118.80057,38.73896],[-118.84274,38.71901],[-118.8521,38.75447],[-118.86843,38.79675],[-118.84274,38.83308]]},"properties":{"elev":2000,"major":true}},{"type":"Feature","geometry":{"type":"LineString","coordinates":[[-118.46319,38.6732],[-118.42102,38.67372],[-118.4107,38.66992],[-118.42102,38.66685],[-118.4976,38.66992],[-118.46319,38.6732]]},"properties":{"elev":2000,"major":true}},{"type":"Feature","geometry":{"type":"LineString","coordinates":[[-118.25232,38.67016],[-118.21015,38.68893],[-118.1258,38.67415],[-118.12073,38.66992],[-118.1258,38.63779],[-118.16798,38.63574],[-118.21015,38.64629],[-118.25311,38.66992],[-118.25232,38.67016]]},"properties":{"elev":2000,"major":true}},{"type":"Feature","geometry":{"type":"LineString","coordinates":[[-113.95068,38.68484],[-113.92521,38.66992],[-113.89274,38.62764],[-113.88094,38.58537],[-113.8563,38.54309],[-113.84121,38.50081],[-113.83938,38.41626],[-113.82639,38.37398],[-113.79753,38.33171],[-113.78199,38.29756],[-113.73981,38.21938],[-113.72905,38.20488],[-113.70926,38.1626],[-113.70014,38.12033],[-113.68452,38.07805],[-113.69764,38.05561],[-113.7161,38.03577],[-113.73981,38.02396],[-113.78199,38.00664],[-113.79012,37.9935],[-113.82416,37.96367],[-113.90851,37.93124],[-113.93778,37.90894],[-113.95068,37.88995],[-113.98328,37.86667],[-113.99285,37.86415],[-114.03503,37.87524],[-114.0772,37.87606],[-114.10345,37.86667],[-114.08898,37.82439],[-114.10381,37.78211],[-114.11937,37.76796],[-114.16154,37.75644],[-114.18002,37.78211],[-114.16154,37.81636],[-114.15442,37.82439],[-114.1233,37.86667],[-114.11937,37.89254],[-114.11519,37.90894],[-114.12879,37.9935],[-114.11937,38.01338],[-114.10201,38.07805],[-114.10089,38.12033],[-114.11333,38.1626],[-114.11937,38.17508],[-114.16154,38.22044],[-114.20372,38.21361],[-114.21619,38.20488],[-114.22511,38.1626],[-114.21993,38.12033],[-114.21229,38.07805],[-114.24589,38.03771],[-114.28806,38.05742],[-114.33024,38.08948],[-114.36056,38.12033],[-114.39794,38.1626],[-114.43121,38.20488],[-114.45054,38.24715],[-114.44943,38.28943],[-114.42217,38.33171],[-114.41458,38.34915],[-114.40686,38.37398],[-114.41161,38.41626],[-114.40376,38.45854],[-114.41458,38.47891],[-114.45675,38.51007],[-114.47267,38.54309],[-114.47253,38.58537],[-114.48866,38.62764],[-114.45675,38.66694],[-114.42242,38.62764],[-114.41458,38.61216],[-114.40443,38.58537],[-114.39367,38.54309],[-114.39153,38.50081],[-114.37241,38.49086],[-114.33024,38.49269],[-114.28806,38.49196],[-114.26854,38.50081],[-114.24589,38.51393],[-114.21136,38.45854],[-114.20762,38.41626],[-114.18343,38.37398],[-114.16154,38.35292],[-114.12806,38.33171],[-114.11937,38.32775],[-114.0772,38.31443],[-114.03503,38.28452],[-114.00014,38.24715],[-113.99285,38.1867],[-113.97384,38.1626],[-113.96091,38.12033],[-113.95068,38.07876],[-113.90851,38.01141],[-113.87586,38.03577],[-113.88951,38.07805],[-113.90851,38.10126],[-113.92745,38.12033],[-113.94114,38.1626],[-113.95068,38.24189],[-113.96333,38.28943],[-113.97647,38.33171],[-113.9817,38.37398],[-113.99305,38.41626],[-114.01683,38.45854],[-114.0251,38.50081],[-114.01256,38.58537],[-114.00957,38.62764],[-113.99285,38.66582],[-113.98805,38.66992],[-113.95068,38.68484]]},"properties":{"elev":2000,"major":true}},{"type":"Feature","geometry":{"type":"LineString","coordinates":[[-113.57112,38.67704],[-113.56684,38.66992],[-113.52895,38.65481],[-113.50017,38.62764],[-113.49473,38.58537],[-113.49886,38.54309],[-113.52434,38.50081],[-113.516,38.45854],[-113.52082,38.41626],[-113.5008,38.33171],[-113.48678,38.30965],[-113.44356,38.28943],[-113.4446,38.28326],[-113.45652,38.24715],[-113.48678,38.22327],[-113.50532,38.20488],[-113.51598,38.1626],[-113.52895,38.13776],[-113.57112,38.16392],[-113.60556,38.20488],[-113.6133,38.21201],[-113.63664,38.24715],[-113.65639,38.28943],[-113.65535,38.33171],[-113.62608,38.37398],[-113.6133,38.38603],[-113.58876,38.41626],[-113.57112,38.46989],[-113.54039,38.50081],[-113.55934,38.54309],[-113.57112,38.56447],[-113.57754,38.58537],[-113.58312,38.62764],[-113.57112,38.67704]]},"properties":{"elev":2000,"major":true}},{"type":"Feature","geometry":{"type":"LineString","coordinates":[[-109.14296,38.68438],[-109.10079,38.67583],[-109.05861,38.6706],[-109.01644,38.65357],[-108.98684,38.62764],[-108.97427,38.6128],[-108.95683,38.58537],[-108.97427,38.55326],[-108.98342,38.54309],[-108.99811,38.50081],[-108.97427,38.47921],[-108.94648,38.45854],[-108.93846,38.41626],[-108.97427,38.40598],[-109.00304,38.37398],[-109.00546,38.33171],[-108.98095,38.28943],[-109.01644,38.26872],[-109.05861,38.25295],[-109.10079,38.25077],[-109.14296,38.25475],[-109.18004,38.24715],[-109.16644,38.20488],[-109.18513,38.17342],[-109.22731,38.18905],[-109.24856,38.20488],[-109.26948,38.22368],[-109.28845,38.24715],[-109.29971,38.28943],[-109.31165,38.30314],[-109.32342,38.33171],[-109.35149,38.37398],[-109.35487,38.41626],[-109.3503,38.45854],[-109.36776,38.50081],[-109.37448,38.54309],[-109.35382,38.57441],[-109.31165,38.59338],[-109.28553,38.62764],[-109.26948,38.64496],[-109.18513,38.66804],[-109.14296,38.68438]]},"properties":{"elev":2000,"major":true}},{"type":"Feature","geometry":{"type":"LineString","coordinates":[[-115.38456,38.64395],[-115.3463,38.62764],[-115.34239,38.62371],[-115.30021,38.59674],[-115.29621,38.58537],[-115.27141,38.54309],[-115.30569,38.50081],[-115.31788,38.45854],[-115.33616,38.41626],[-115.34239,38.40799],[-115.37829,38.37398],[-115.38456,38.35945],[-115.39208,38.33171],[-115.41431,38.28943],[-115.42673,38.27395],[-115.44279,38.24715],[-115.46891,38.21623],[-115.48059,38.20488],[-115.51108,38.16827],[-115.55325,38.12795],[-115.56434,38.12033],[-115.59543,38.09337],[-115.62338,38.07805],[-115.6376,38.06575],[-115.65843,38.03577],[-115.67977,38.01228],[-115.70985,37.9935],[-115.76412,37.97631],[-115.80629,37.96705],[-115.82379,37.95122],[-115.84846,37.93212],[-115.87092,37.95122],[-115.86805,37.9935],[-115.86159,38.03577],[-115.84846,38.06296],[-115.83865,38.07805],[-115.8079,38.12033],[-115.76911,38.1626],[-115.76412,38.16587],[-115.72194,38.18435],[-115.70205,38.20488],[-115.67977,38.22176],[-115.6376,38.23507],[-115.59543,38.24286],[-115.59114,38.24715],[-115.57201,38.28943],[-115.56048,38.33171],[-115.54076,38.37398],[-115.51108,38.40246],[-115.49129,38.41626],[-115.45627,38.45854],[-115.47797,38.54309],[-115.46891,38.56039],[-115.44488,38.58537],[-115.42673,38.61669],[-115.38456,38.64395]]},"properties":{"elev":2000,"major":true}},{"type":"Feature","geometry":{"type":"LineString","coordinates":[[-69.79557,38.6387],[-69.78454,38.62764],[-69.79557,38.61659],[-69.8066,38.62764],[-69.79557,38.6387]]},"properties":{"elev":2000,"major":true}},{"type":"Feature","geometry":{"type":"LineString","coordinates":[[-118.04146,38.60363],[-117.99929,38.59938],[-117.98389,38.58537],[-117.95711,38.53704],[-117.93485,38.50081],[-117.95711,38.47598],[-117.99929,38.48511],[-118.02411,38.50081],[-118.04146,38.51857],[-118.06225,38.54309],[-118.07143,38.58537],[-118.04146,38.60363]]},"properties":{"elev":2000,"major":true}},{"type":"Feature","geometry":{"type":"LineString","coordinates":[[-117.83059,38.59262],[-117.78842,38.58428],[-117.74625,38.54445],[-117.74531,38.54309],[-117.74261,38.50081],[-117.74625,38.49834],[-117.78842,38.48607],[-117.83059,38.49764],[-117.83607,38.50081],[-117.85958,38.54309],[-117.84426,38.58537],[-117.83059,38.59262]]},"properties":{"elev":2000,"major":true}},{"type":"Feature","geometry":{"type":"LineString","coordinates":[[-113.23374,38.59364],[-113.21376,38.58537],[-113.204,38.54309],[-113.21056,38.50081],[-113.23374,38.47033],[-113.27591,38.47986],[-113.28554,38.50081],[-113.28284,38.54309],[-113.27591,38.55579],[-113.24456,38.58537],[-113.23374,38.59364]]},"properties":{"elev":2000,"major":true}},{"type":"Feature","geometry":{"type":"LineString","coordinates":[[-69.03645,38.59586],[-69.02599,38.58537],[-69.03645,38.57487],[-69.04692,38.58537],[-69.03645,38.59586]]},"properties":{"elev":2000,"major":true}},{"type":"Feature","geometry":{"type":"LineString","coordinates":[[-120.02359,38.54429],[-120.02446,38.54309],[-120.02359,38.54188],[-120.02359,38.54429]]},"properties":{"elev":2000,"major":true}},{"type":"Feature","geometry":{"type":"LineString","coordinates":[[-118.2945,38.46494],[-118.25232,38.46904],[-118.22292,38.45854],[-118.25232,38.43446],[-118.2945,38.44563],[-118.30766,38.45854],[-118.2945,38.46494]]},"properties":{"elev":2000,"major":true}},{"type":"Feature","geometry":{"type":"LineString","coordinates":[[-120.06576,38.42136],[-120.08941,38.41626],[-120.06576,38.4055],[-120.0451,38.41626],[-120.06576,38.42136]]},"properties":{"elev":2000,"major":true}},{"type":"Feature","geometry":{"type":"LineString","coordinates":[[-117.95711,38.42976],[-117.91494,38.45851],[-117.87277,38.43455],[-117.8611,38.41626],[-117.84943,38.37398],[-117.86426,38.33171],[-117.87277,38.3164],[-117.91494,38.30027],[-117.95711,38.30316],[-117.99477,38.33171],[-117.99929,38.34256],[-118.00761,38.37398],[-117.99929,38.38616],[-117.9613,38.41626],[-117.95711,38.42976]]},"properties":{"elev":2000,"major":true}},{"type":"Feature","geometry":{"type":"LineString","coordinates":[[-117.24017,38.34966],[-117.198,38.36342],[-117.15583,38.34272],[-117.14811,38.33171],[-117.14398,38.28943],[-117.14236,38.24715],[-117.15583,38.23424],[-117.198,38.22388],[-117.21314,38.24715],[-117.24017,38.27609],[-117.24602,38.28943],[-117.25354,38.33171],[-117.24017,38.34966]]},"properties":{"elev":2000,"major":true}},{"type":"Feature","geometry":{"type":"LineString","coordinates":[[-108.7634,38.20925],[-108.72123,38.20707],[-108.71586,38.20488],[-108.67906,38.17137],[-108.66126,38.1626],[-108.67906,38.14511],[-108.7136,38.12033],[-108.72123,38.11684],[-108.7634,38.11488],[-108.77416,38.12033],[-108.78163,38.1626],[-108.78661,38.20488],[-108.7634,38.20925]]},"properties":{"elev":2000,"major":true}},{"type":"Feature","geometry":{"type":"LineString","coordinates":[[-117.6619,38.17452],[-117.65281,38.1626],[-117.6619,38.15013],[-117.68531,38.1626],[-117.6619,38.17452]]},"properties":{"elev":2000,"major":true}},{"type":"Feature","geometry":{"type":"LineString","coordinates":[[-116.7341,38.17563],[-116.72948,38.1626],[-116.7341,38.15175],[-116.74386,38.1626],[-116.7341,38.17563]]},"properties":{"elev":2000,"major":true}},{"type":"Feature","geometry":{"type":"LineString","coordinates":[[-110.82988,38.1775],[-110.78771,38.18373],[-110.74553,38.17172],[-110.72857,38.1626],[-110.70336,38.12951],[-110.69819,38.12033],[-110.69285,38.07805],[-110.70328,38.03577],[-110.70649,37.9935],[-110.70336,37.98374],[-110.68438,37.95122],[-110.66119,37.94247],[-110.61836,37.90894],[-110.63669,37.86667],[-110.66119,37.84638],[-110.70336,37.84986],[-110.72983,37.86667],[-110.74553,37.87946],[-110.78771,37.89734],[-110.80891,37.90894],[-110.82988,37.92573],[-110.85743,37.95122],[-110.87205,37.98588],[-110.88627,37.9935],[-110.89218,38.03577],[-110.89483,38.07805],[-110.88903,38.12033],[-110.85442,38.1626],[-110.82988,38.1775]]},"properties":{"elev":2000,"major":true}},{"type":"Feature","geometry":{"type":"LineString","coordinates":[[-117.78842,38.13543],[-117.77053,38.12033],[-117.78842,38.11362],[-117.79645,38.12033],[-117.78842,38.13543]]},"properties":{"elev":2000,"major":true}},{"type":"Feature","geometry":{"type":"LineString","coordinates":[[-116.43888,38.12908],[-116.39671,38.14732],[-116.37107,38.07805],[-116.36626,38.03577],[-116.36397,37.9935],[-116.35454,37.96144],[-116.31688,37.90894],[-116.31237,37.89777],[-116.29147,37.86667],[-116.27019,37.81242],[-116.25634,37.78211],[-116.24905,37.73984],[-116.24534,37.69756],[-116.27019,37.66286],[-116.28814,37.65528],[-116.31237,37.63503],[-116.32029,37.65528],[-116.3487,37.69756],[-116.35782,37.73984],[-116.38031,37.78211],[-116.39671,37.80756],[-116.41123,37.82439],[-116.43888,37.85021],[-116.48106,37.87511],[-116.52323,37.89367],[-116.54294,37.90894],[-116.56601,37.95122],[-116.54484,37.9935],[-116.52323,38.02203],[-116.51523,38.03577],[-116.48106,38.06832],[-116.46195,38.07805],[-116.43888,38.12908]]},"properties":{"elev":2000,"major":true}},{"type":"Feature","geometry":{"type":"LineString","coordinates":[[-109.01644,38.13844],[-109.00274,38.12033],[-109.01644,38.11281],[-109.02717,38.12033],[-109.01644,38.13844]]},"properties":{"elev":2000,"major":true}},{"type":"Feature","geometry":{"type":"LineString","coordinates":[[-119.01144,38.08452],[-119.0267,38.07805],[-119.05361,38.052],[-119.07999,38.03577],[-119.07318,37.9935],[-119.05361,37.96044],[-119.03929,37.95122],[-119.01144,37.94594],[-118.96926,37.94739],[-118.95256,37.95122],[-118.92709,37.96767],[-118.89945,37.9935],[-118.88492,38.01276],[-118.87097,38.03577],[-118.85609,38.07805],[-118.88492,38.095],[-118.92709,38.10403],[-119.01144,38.08452]]},"properties":{"elev":2000,"major":true}},{"type":"Feature","geometry":{"type":"LineString","coordinates":[[-118.21015,38.09914],[-118.16798,38.11313],[-118.1258,38.08665],[-118.12004,38.07805],[-118.1258,38.06052],[-118.1401,38.03577],[-118.16798,38.0162],[-118.21015,38.03062],[-118.21468,38.03577],[-118.22435,38.07805],[-118.21015,38.09914]]},"properties":{"elev":2000,"major":true}},{"type":"Feature","geometry":{"type":"LineString","coordinates":[[-116.18585,38.09081],[-116.17785,38.07805],[-116.16562,38.03577],[-116.14367,38.01879],[-116.13315,37.9935],[-116.12494,37.95122],[-116.11316,37.90894],[-116.1015,37.89509],[-116.09105,37.86667],[-116.1015,37.84222],[-116.14367,37.83996],[-116.16501,37.86667],[-116.17577,37.90894],[-116.18585,37.93401],[-116.19717,37.95122],[-116.20696,37.9935],[-116.20112,38.03577],[-116.19708,38.07805],[-116.18585,38.09081]]},"properties":{"elev":2000,"major":true}},{"type":"Feature","geometry":{"type":"LineString","coordinates":[[-114.58327,38.09283],[-114.5703,38.07805],[-114.5449,38.03577],[-114.53258,37.9935],[-114.51678,37.95122],[-114.506,37.90894],[-114.52537,37.86667],[-114.5411,37.84873],[-114.58327,37.85954],[-114.58834,37.86667],[-114.6083,37.90894],[-114.60321,37.95122],[-114.60299,37.9935],[-114.61344,38.03577],[-114.60316,38.07805],[-114.58327,38.09283]]},"properties":{"elev":2000,"major":true}},{"type":"Feature","geometry":{"type":"LineString","coordinates":[[-112.9807,38.0833],[-112.94157,38.07805],[-112.9807,38.06931],[-113.00505,38.07805],[-112.9807,38.0833]]},"properties":{"elev":2000,"major":true}},{"type":"Feature","geometry":{"type":"LineString","coordinates":[[-117.49321,38.03695],[-117.46509,38.03577],[-117.45104,38.0225],[-117.44641,37.9935],[-117.45104,37.98898],[-117.48209,37.9935],[-117.49321,38.00538],[-117.49519,38.03577],[-117.49321,38.03695]]},"properties":{"elev":2000,"major":true}},{"type":"Feature","geometry":{"type":"LineString","coordinates":[[-115.08935,38.05465],[-115.04718,38.04028],[-115.0434,38.03577],[-115.03524,37.9935],[-115.04718,37.96962],[-115.08935,37.97101],[-115.1043,37.9935],[-115.10214,38.03577],[-115.08935,38.05465]]},"properties":{"elev":2000,"major":true}},{"type":"Feature","geometry":{"type":"LineString","coordinates":[[-112.39028,37.95366],[-112.39224,37.95122],[-112.39028,37.93597],[-112.38828,37.95122],[-112.39028,37.95366]]},"properties":{"elev":2000,"major":true}},{"type":"Feature","geometry":{"type":"LineString","coordinates":[[-118.58971,37.91234],[-118.60096,37.90894],[-118.58971,37.90737],[-118.58263,37.90894],[-118.58971,37.91234]]},"properties":{"elev":2000,"major":true}},{"type":"Feature","geometry":{"type":"LineString","coordinates":[[-115.59543,37.93333],[-115.57488,37.90894],[-115.58829,37.86667],[-115.59543,37.85744],[-115.61355,37.90894],[-115.59543,37.93333]]},"properties":{"elev":2000,"major":true}},{"type":"Feature","geometry":{"type":"LineString","coordinates":[[-117.83059,37.87063],[-117.74625,37.84088],[-117.71553,37.82439],[-117.70407,37.79752],[-117.69991,37.78211],[-117.75574,37.69756],[-117.78842,37.65724],[-117.79115,37.65528],[-117.78722,37.61301],[-117.75941,37.57073],[-117.78842,37.55199],[-117.83059,37.58108],[-117.86516,37.61301],[-117.91494,37.64239],[-117.92647,37.65528],[-117.95034,37.69756],[-117.94617,37.73984],[-117.91494,37.77691],[-117.90456,37.78211],[-117.87277,37.79443],[-117.83295,37.82439],[-117.83371,37.86667],[-117.83059,37.87063]]},"properties":{"elev":2000,"major":true}},{"type":"Feature","geometry":{"type":"LineString","coordinates":[[-115.42673,37.88528],[-115.41702,37.86667],[-115.42673,37.84892],[-115.44323,37.86667],[-115.42673,37.88528]]},"properties":{"elev":2000,"major":true}},{"type":"Feature","geometry":{"type":"LineString","coordinates":[[-66.50608,37.8083],[-66.47995,37.78211],[-66.50608,37.75592],[-66.5322,37.78211],[-66.50608,37.8083]]},"properties":{"elev":2000,"major":true}},{"type":"Feature","geometry":{"type":"LineString","coordinates":[[-117.32452,37.74211],[-117.31861,37.73984],[-117.28042,37.69756],[-117.32452,37.66948],[-117.36669,37.66184],[-117.38851,37.69756],[-117.36669,37.72084],[-117.32452,37.74211]]},"properties":{"elev":2000,"major":true}},{"type":"Feature","geometry":{"type":"LineString","coordinates":[[-115.46891,37.70652],[-115.42673,37.70142],[-115.38456,37.69924],[-115.34239,37.66539],[-115.33843,37.65528],[-115.34239,37.65052],[-115.38456,37.61662],[-115.46891,37.6521],[-115.51108,37.63094],[-115.55325,37.65398],[-115.5538,37.65528],[-115.51108,37.69717],[-115.46891,37.70652]]},"properties":{"elev":2000,"major":true}},{"type":"Feature","geometry":{"type":"LineString","coordinates":[[-113.40243,37.69995],[-113.40009,37.69756],[-113.40243,37.69436],[-113.41268,37.69756],[-113.40243,37.69995]]},"properties":{"elev":2000,"major":true}},{"type":"Feature","geometry":{"type":"LineString","coordinates":[[-113.36026,37.6156],[-113.31808,37.62038],[-113.30115,37.61301],[-113.27591,37.60607],[-113.24098,37.57073],[-113.27591,37.53137],[-113.31822,37.52846],[-113.32953,37.48618],[-113.30822,37.4439],[-113.31858,37.40163],[-113.34596,37.35935],[-113.36026,37.34437],[-113.40243,37.31531],[-113.4446,37.29654],[-113.48678,37.28803],[-113.52895,37.29917],[-113.55036,37.31707],[-113.57406,37.35935],[-113.57112,37.36544],[-113.5332,37.40163],[-113.54793,37.4439],[-113.57198,37.48618],[-113.52895,37.51294],[-113.48678,37.52559],[-113.4446,37.55945],[-113.40243,37.56635],[-113.3942,37.57073],[-113.36026,37.6156]]},"properties":{"elev":2000,"major":true}},{"type":"Feature","geometry":{"type":"LineString","coordinates":[[-116.05933,37.58368],[-116.02004,37.52846],[-116.02325,37.48618],[-116.03696,37.4439],[-116.05933,37.40866],[-116.1015,37.36247],[-116.10671,37.35935],[-116.12015,37.31707],[-116.13087,37.2748],[-116.14367,37.26821],[-116.16766,37.23252],[-116.1789,37.19024],[-116.18585,37.16998],[-116.22802,37.19064],[-116.27019,37.20219],[-116.29166,37.19024],[-116.31237,37.1838],[-116.32676,37.19024],[-116.35454,37.21748],[-116.38412,37.23252],[-116.37789,37.2748],[-116.36449,37.31707],[-116.35454,37.34273],[-116.34367,37.35935],[-116.31237,37.38351],[-116.28827,37.35935],[-116.27019,37.33252],[-116.26202,37.31707],[-116.22802,37.29426],[-116.18585,37.28883],[-116.16439,37.31707],[-116.15508,37.35935],[-116.14367,37.3852],[-116.13252,37.40163],[-116.10833,37.4439],[-116.09133,37.48618],[-116.09551,37.52846],[-116.07655,37.57073],[-116.05933,37.58368]]},"properties":{"elev":2000,"major":true}},{"type":"Feature","geometry":{"type":"LineString","coordinates":[[-117.74625,37.52899],[-117.70407,37.53981],[-117.61973,37.54993],[-117.57756,37.54858],[-117.53538,37.54066],[-117.49321,37.53891],[-117.47815,37.52846],[-117.46765,37.48618],[-117.47633,37.4439],[-117.49684,37.40163],[-117.53538,37.37199],[-117.57756,37.35452],[-117.61973,37.3493],[-117.6619,37.3466],[-117.67918,37.35935],[-117.74625,37.39606],[-117.75256,37.40163],[-117.74625,37.41123],[-117.70407,37.44032],[-117.68535,37.4439],[-117.6985,37.48618],[-117.70407,37.49757],[-117.74625,37.52899]]},"properties":{"elev":2000,"major":true}},{"type":"Feature","geometry":{"type":"LineString","coordinates":[[-115.76412,37.54153],[-115.73983,37.52846],[-115.72194,37.51514],[-115.70339,37.48618],[-115.68323,37.4439],[-115.69808,37.40163],[-115.72194,37.37723],[-115.7418,37.40163],[-115.76206,37.4439],[-115.77542,37.48618],[-115.77793,37.52846],[-115.76412,37.54153]]},"properties":{"elev":2000,"major":true}},{"type":"Feature","geometry":{"type":"LineString","coordinates":[[-114.70979,37.5489],[-114.6842,37.52846],[-114.70166,37.48618],[-114.70979,37.48114],[-114.71275,37.48618],[-114.72909,37.52846],[-114.70979,37.5489]]},"properties":{"elev":2000,"major":true}},{"type":"Feature","geometry":{"type":"LineString","coordinates":[[-113.90851,37.49154],[-113.90496,37.48618],[-113.90851,37.48128],[-113.91566,37.48618],[-113.90851,37.49154]]},"properties":{"elev":2000,"major":true}},{"type":"Feature","geometry":{"type":"LineString","coordinates":[[-70.09078,37.47111],[-70.06364,37.4439],[-70.09078,37.4167],[-70.11791,37.4439],[-70.09078,37.47111]]},"properties":{"elev":2000,"major":true}},{"type":"Feature","geometry":{"type":"LineString","coordinates":[[-114.70979,37.36904],[-114.70273,37.35935],[-114.70979,37.35225],[-114.71408,37.35935],[-114.70979,37.36904]]},"properties":{"elev":2000,"major":true}},{"type":"Feature","geometry":{"type":"LineString","coordinates":[[-114.24589,37.36358],[-114.23825,37.35935],[-114.24589,37.35768],[-114.24919,37.35935],[-114.24589,37.36358]]},"properties":{"elev":2000,"major":true}},{"type":"Feature","geometry":{"type":"LineString","coordinates":[[-111.25161,37.37604],[-111.20944,37.37135],[-111.19029,37.35935],[-111.16726,37.33578],[-111.13066,37.31707],[-111.16726,37.30624],[-111.20061,37.31707],[-111.20944,37.3256],[-111.25161,37.35536],[-111.25558,37.35935],[-111.25161,37.37604]]},"properties":{"elev":2000,"major":true}},{"type":"Feature","geometry":{"type":"LineString","coordinates":[[-117.28234,37.29778],[-117.2676,37.2748],[-117.28234,37.25543],[-117.30543,37.23252],[-117.32452,37.21643],[-117.33844,37.23252],[-117.32452,37.25832],[-117.3083,37.2748],[-117.28234,37.29778]]},"properties":{"elev":2000,"major":true}},{"type":"Feature","geometry":{"type":"LineString","coordinates":[[-111.12509,37.30459],[-111.08292,37.28017],[-111.07575,37.2748],[-111.04074,37.23784],[-111.03429,37.23252],[-111.04074,37.22106],[-111.08292,37.22632],[-111.09167,37.23252],[-111.12978,37.2748],[-111.12509,37.30459]]},"properties":{"elev":2000,"major":true}},{"type":"Feature","geometry":{"type":"LineString","coordinates":[[-108.84775,37.28072],[-108.80558,37.30499],[-108.7634,37.31177],[-108.72123,37.2879],[-108.71163,37.2748],[-108.72123,37.25675],[-108.72936,37.23252],[-108.7634,37.20059],[-108.80558,37.19449],[-108.84775,37.22062],[-108.85815,37.23252],[-108.85461,37.2748],[-108.84775,37.28072]]},"properties":{"elev":2000,"major":true}},{"type":"Feature","geometry":{"type":"LineString","coordinates":[[-112.26376,37.26334],[-112.22159,37.26413],[-112.20967,37.23252],[-112.22159,37.21384],[-112.25916,37.19024],[-112.26376,37.18866],[-112.26812,37.19024],[-112.27883,37.23252],[-112.26376,37.26334]]},"properties":{"elev":2000,"major":true}},{"type":"Feature","geometry":{"type":"LineString","coordinates":[[-110.82988,37.068],[-110.82009,37.06341],[-110.79561,37.02114],[-110.82988,36.98786],[-110.87205,36.99102],[-110.90141,37.02114],[-110.87205,37.06029],[-110.8595,37.06341],[-110.82988,37.068]]},"properties":{"elev":2000,"major":true}},{"type":"Feature","geometry":{"type":"LineString","coordinates":[[-117.15583,37.02761],[-117.11365,37.02734],[-117.10762,37.02114],[-117.08844,36.97886],[-117.06526,36.93659],[-117.07148,36.93143],[-117.11365,36.9278],[-117.13202,36.93659],[-117.15583,36.95617],[-117.17387,36.97886],[-117.16172,37.02114],[-117.15583,37.02761]]},"properties":{"elev":2000,"major":true}},{"type":"Feature","geometry":{"type":"LineString","coordinates":[[-108.00429,36.98722],[-107.99389,36.97886],[-108.00429,36.97234],[-108.01054,36.97886],[-108.00429,36.98722]]},"properties":{"elev":2000,"major":true}},{"type":"Feature","geometry":{"type":"LineString","coordinates":[[-117.57756,36.96792],[-117.55911,36.89431],[-117.57756,36.88315],[-117.58576,36.89431],[-117.58359,36.93659],[-117.57756,36.96792]]},"properties":{"elev":2000,"major":true}},{"type":"Feature","geometry":{"type":"LineString","coordinates":[[-112.13724,36.90374],[-112.09507,36.91281],[-112.07174,36.85203],[-112.07579,36.80976],[-112.08561,36.76748],[-112.0824,36.7252],[-112.06507,36.68293],[-112.05289,36.66393],[-112.04375,36.64065],[-112.02043,36.59837],[-112.0194,36.5561],[-112.01039,36.51382],[-112.00713,36.47154],[-112.01498,36.42927],[-112.01072,36.4191],[-111.98615,36.38699],[-111.93732,36.34472],[-111.93836,36.30244],[-111.94928,36.26016],[-111.92638,36.22764],[-111.91722,36.21789],[-111.90304,36.17561],[-111.92406,36.13333],[-111.92638,36.13116],[-111.96855,36.14558],[-112.0015,36.17561],[-112.01072,36.18631],[-112.05289,36.18845],[-112.09507,36.17276],[-112.1039,36.17561],[-112.13724,36.20533],[-112.16364,36.21789],[-112.17941,36.22213],[-112.1948,36.21789],[-112.22159,36.21317],[-112.22796,36.21789],[-112.23385,36.26016],[-112.25881,36.30244],[-112.26376,36.30643],[-112.30593,36.31763],[-112.34811,36.33679],[-112.34985,36.34472],[-112.35231,36.38699],[-112.39028,36.42682],[-112.39456,36.42927],[-112.43245,36.46392],[-112.44617,36.47154],[-112.44299,36.51382],[-112.43361,36.5561],[-112.42256,36.59837],[-112.39331,36.64065],[-112.34811,36.68769],[-112.33047,36.7252],[-112.26672,36.80976],[-112.22159,36.84652],[-112.21331,36.85203],[-112.17941,36.89155],[-112.16399,36.89431],[-112.13724,36.90374]]},"properties":{"elev":2000,"major":true}},{"type":"Feature","geometry":{"type":"LineString","coordinates":[[-110.61901,36.87857],[-110.57684,36.89348],[-110.53467,36.85853],[-110.52021,36.85203],[-110.49249,36.84355],[-110.47854,36.85203],[-110.45032,36.89018],[-110.42789,36.85203],[-110.40815,36.82244],[-110.39549,36.80976],[-110.38539,36.76748],[-110.38818,36.7252],[-110.38694,36.68293],[-110.36598,36.67763],[-110.3238,36.6851],[-110.31984,36.68293],[-110.23946,36.65845],[-110.2226,36.64065],[-110.19728,36.59894],[-110.16385,36.5561],[-110.15511,36.54083],[-110.12375,36.51382],[-110.11294,36.50779],[-109.98642,36.48057],[-109.97445,36.47154],[-109.94425,36.4547],[-109.91236,36.42927],[-109.90207,36.41918],[-109.8599,36.4071],[-109.82587,36.38699],[-109.81773,36.38034],[-109.79743,36.34472],[-109.79284,36.30244],[-109.79112,36.26016],[-109.79759,36.21789],[-109.79847,36.17561],[-109.81773,36.1481],[-109.8599,36.1625],[-109.90207,36.17385],[-109.94425,36.10516],[-109.98642,36.12606],[-110.01141,36.09106],[-110.02859,36.08066],[-110.07076,36.07057],[-110.0856,36.09106],[-110.07013,36.13333],[-110.07076,36.1345],[-110.11294,36.1254],[-110.15511,36.13321],[-110.19728,36.14637],[-110.22234,36.17561],[-110.19728,36.21513],[-110.19614,36.21789],[-110.19728,36.22051],[-110.23946,36.23763],[-110.28163,36.2371],[-110.3238,36.22293],[-110.35564,36.26016],[-110.36598,36.28014],[-110.40815,36.26752],[-110.41768,36.26016],[-110.45032,36.22378],[-110.45919,36.21789],[-110.49249,36.20514],[-110.50387,36.21789],[-110.50464,36.26016],[-110.49788,36.30244],[-110.49249,36.30883],[-110.47071,36.34472],[-110.45032,36.3642],[-110.40815,36.37945],[-110.36752,36.38699],[-110.36598,36.38912],[-110.36011,36.42927],[-110.36598,36.45849],[-110.37214,36.47154],[-110.40815,36.50184],[-110.45032,36.47428],[-110.49249,36.44268],[-110.53467,36.4293],[-110.57684,36.42496],[-110.59665,36.42927],[-110.61901,36.44828],[-110.62453,36.47154],[-110.58693,36.51382],[-110.57684,36.53545],[-110.55343,36.5561],[-110.60325,36.59837],[-110.61901,36.61422],[-110.65094,36.64065],[-110.66119,36.6471],[-110.70336,36.64936],[-110.71397,36.68293],[-110.69865,36.7252],[-110.70336,36.73987],[-110.70833,36.76748],[-110.70669,36.80976],[-110.70336,36.82596],[-110.66119,36.84415],[-110.6528,36.85203],[-110.61901,36.87857]]},"properties":{"elev":2000,"major":true}},{"type":"Feature","geometry":{"type":"LineString","coordinates":[[-109.22731,36.86446],[-109.18513,36.87534],[-109.14296,36.87745],[-109.10079,36.86734],[-109.07636,36.85203],[-109.05861,36.83053],[-109.04525,36.80976],[-109.05861,36.78443],[-109.0703,36.76748],[-109.10079,36.73471],[-109.11395,36.7252],[-109.14296,36.69955],[-109.18513,36.68669],[-109.22731,36.68532],[-109.25596,36.7252],[-109.2642,36.76748],[-109.26401,36.80976],[-109.25212,36.85203],[-109.22731,36.86446]]},"properties":{"elev":2000,"major":true}},{"type":"Feature","geometry":{"type":"LineString","coordinates":[[-117.45104,36.83592],[-117.40886,36.82122],[-117.40423,36.80976],[-117.40886,36.79642],[-117.45104,36.80131],[-117.45423,36.80976],[-117.45104,36.83592]]},"properties":{"elev":2000,"major":true}},{"type":"Feature","geometry":{"type":"LineString","coordinates":[[-111.92638,36.82639],[-111.8842,36.81601],[-111.84203,36.80792],[-111.79986,36.82204],[-111.75768,36.83945],[-111.74826,36.80976],[-111.79986,36.75792],[-111.84203,36.75099],[-111.8842,36.7664],[-111.92665,36.76748],[-111.96089,36.80976],[-111.92638,36.82639]]},"properties":{"elev":2000,"major":true}},{"type":"Feature","geometry":{"type":"LineString","coordinates":[[-115.1737,36.73725],[-115.13152,36.74984],[-115.11345,36.7252],[-115.09992,36.68293],[-115.08935,36.64065],[-115.0947,36.59837],[-115.13152,36.57764],[-115.1737,36.55999],[-115.21587,36.52377],[-115.25804,36.52108],[-115.27672,36.5561],[-115.27408,36.59837],[-115.2504,36.64065],[-115.22904,36.68293],[-115.21587,36.70399],[-115.19037,36.7252],[-115.1737,36.73725]]},"properties":{"elev":2000,"major":true}},{"type":"Feature","geometry":{"type":"LineString","coordinates":[[-110.9564,36.57371],[-110.91422,36.57416],[-110.89963,36.5561],[-110.91422,36.54942],[-110.9564,36.53552],[-110.98302,36.5561],[-110.9564,36.57371]]},"properties":{"elev":2000,"major":true}},{"type":"Feature","geometry":{"type":"LineString","coordinates":[[-115.89064,36.44892],[-115.84846,36.43429],[-115.80629,36.44005],[-115.77908,36.42927],[-115.76412,36.42194],[-115.72194,36.41069],[-115.6376,36.39693],[-115.59543,36.3824],[-115.55325,36.36006],[-115.53635,36.34472],[-115.52551,36.30244],[-115.54116,36.26016],[-115.51975,36.21789],[-115.52033,36.17561],[-115.55325,36.15631],[-115.59543,36.15566],[-115.6376,36.15876],[-115.65992,36.17561],[-115.72194,36.19856],[-115.74123,36.21789],[-115.76412,36.25188],[-115.77096,36.26016],[-115.78937,36.30244],[-115.80629,36.32957],[-115.84846,36.32932],[-115.89064,36.37561],[-115.92918,36.42927],[-115.89064,36.44892]]},"properties":{"elev":2000,"major":true}},{"type":"Feature","geometry":{"type":"LineString","coordinates":[[-113.19157,36.39016],[-113.14939,36.41062],[-113.12472,36.38699],[-113.14939,36.33703],[-113.19157,36.34348],[-113.19345,36.34472],[-113.19801,36.38699],[-113.19157,36.39016]]},"properties":{"elev":2000,"major":true}},{"type":"Feature","geometry":{"type":"LineString","coordinates":[[-110.70336,36.39193],[-110.69575,36.38699],[-110.70336,36.38281],[-110.71679,36.38699],[-110.70336,36.39193]]},"properties":{"elev":2000,"major":true}},{"type":"Feature","geometry":{"type":"LineString","coordinates":[[-117.78842,36.26633],[-117.7774,36.26016],[-117.74625,36.237],[-117.70407,36.2336],[-117.68008,36.21789],[-117.66372,36.17561],[-117.70407,36.14822],[-117.74625,36.16544],[-117.77524,36.17561],[-117.78842,36.18387],[-117.8123,36.21789],[-117.80484,36.26016],[-117.78842,36.26633]]},"properties":{"elev":2000,"major":true}},{"type":"Feature","geometry":{"type":"LineString","coordinates":[[-117.07148,36.28109],[-117.0437,36.26016],[-117.03257,36.21789],[-117.03483,36.17561],[-117.02762,36.13333],[-117.02931,36.10753],[-117.03296,36.09106],[-117.02931,36.06638],[-117.02828,36.04878],[-117.02931,36.04617],[-117.07148,36.01866],[-117.08105,36.04878],[-117.08968,36.09106],[-117.11047,36.13333],[-117.11365,36.14302],[-117.11903,36.17561],[-117.1194,36.21789],[-117.11365,36.22748],[-117.08415,36.26016],[-117.07148,36.28109]]},"properties":{"elev":2000,"major":true}},{"type":"Feature","geometry":{"type":"LineString","coordinates":[[-106.02216,36.17691],[-106.0204,36.17561],[-106.02216,36.17457],[-106.02387,36.17561],[-106.02216,36.17691]]},"properties":{"elev":2000,"major":true}},{"type":"Feature","geometry":{"type":"LineString","coordinates":[[-109.94425,36.08215],[-109.91452,36.04878],[-109.90207,36.04439],[-109.86037,36.0065],[-109.83893,35.96423],[-109.8235,35.92195],[-109.79629,35.87967],[-109.81013,35.8374],[-109.80616,35.79512],[-109.77555,35.78953],[-109.73338,35.75719],[-109.71655,35.75285],[-109.73338,35.72975],[-109.77555,35.71232],[-109.81773,35.71332],[-109.82734,35.75285],[-109.82321,35.79512],[-109.8599,35.80126],[-109.90207,35.76321],[-109.91995,35.75285],[-109.94425,35.70863],[-109.98642,35.73431],[-110.00618,35.71057],[-110.02859,35.69936],[-110.07076,35.67369],[-110.10181,35.71057],[-110.06694,35.75285],[-110.05557,35.79512],[-110.07076,35.80392],[-110.11294,35.81455],[-110.13205,35.8374],[-110.12355,35.87967],[-110.11294,35.89643],[-110.07076,35.91871],[-110.05294,35.92195],[-110.02859,35.92858],[-109.99539,35.96423],[-110.01664,36.0065],[-109.98642,36.03529],[-109.96741,36.04878],[-109.94425,36.08215]]},"properties":{"elev":2000,"major":true}},{"type":"Feature","geometry":{"type":"LineString","coordinates":[[-112.13724,36.02676],[-112.09507,36.03181],[-112.05289,36.01461],[-112.04389,36.0065],[-112.01072,35.98332],[-111.96855,35.97756],[-111.92638,35.9758],[-111.8842,35.98613],[-111.86363,36.0065],[-111.79986,36.02676],[-111.75768,36.00976],[-111.75611,36.0065],[-111.75768,35.99671],[-111.78176,35.96423],[-111.77947,35.92195],[-111.75768,35.91939],[-111.71551,35.9203],[-111.67334,35.89969],[-111.6207,35.87967],[-111.63117,35.86815],[-111.67334,35.842],[-111.67827,35.8374],[-111.70804,35.79512],[-111.71551,35.78644],[-111.75768,35.76306],[-111.79466,35.75285],[-111.84203,35.71565],[-111.8842,35.73777],[-111.89836,35.75285],[-111.92561,35.79512],[-111.96855,35.81045],[-112.07717,35.87967],[-112.09507,35.89411],[-112.13724,35.91448],[-112.1452,35.92195],[-112.15601,35.96423],[-112.1708,36.0065],[-112.13724,36.02676]]},"properties":{"elev":2000,"major":true}},{"type":"Feature","geometry":{"type":"LineString","coordinates":[[-113.06505,35.9822],[-113.04488,35.96423],[-113.03394,35.92195],[-113.03617,35.87967],[-113.06123,35.8374],[-113.06505,35.83684],[-113.10722,35.81112],[-113.14939,35.8185],[-113.16404,35.8374],[-113.17601,35.87967],[-113.11202,35.92195],[-113.10722,35.93237],[-113.08282,35.96423],[-113.06505,35.9822]]},"properties":{"elev":2000,"major":true}},{"type":"Feature","geometry":{"type":"LineString","coordinates":[[-67.60257,35.95048],[-67.57411,35.92195],[-67.60257,35.89342],[-67.63104,35.92195],[-67.60257,35.95048]]},"properties":{"elev":2000,"major":true}},{"type":"Feature","geometry":{"type":"LineString","coordinates":[[-118.54753,35.89774],[-118.53595,35.87967],[-118.53095,35.8374],[-118.54753,35.80888],[-118.5567,35.8374],[-118.55484,35.87967],[-118.54753,35.89774]]},"properties":{"elev":2000,"major":true}},{"type":"Feature","geometry":{"type":"LineString","coordinates":[[-106.14868,35.76477],[-106.12921,35.75285],[-106.11177,35.71057],[-106.11562,35.66829],[-106.14868,35.62845],[-106.19085,35.61597],[-106.23302,35.65896],[-106.23772,35.66829],[-106.23302,35.68488],[-106.21895,35.71057],[-106.19085,35.73978],[-106.17268,35.75285],[-106.14868,35.76477]]},"properties":{"elev":2000,"major":true}},{"type":"Feature","geometry":{"type":"LineString","coordinates":[[-111.96855,35.561],[-111.92638,35.57621],[-111.8842,35.58036],[-111.84203,35.58161],[-111.79986,35.5669],[-111.75768,35.54945],[-111.7346,35.54146],[-111.71551,35.53776],[-111.67334,35.53596],[-111.63117,35.53751],[-111.5904,35.49919],[-111.57313,35.45691],[-111.54682,35.44347],[-111.50465,35.43045],[-111.48125,35.41463],[-111.42903,35.37236],[-111.4203,35.36154],[-111.40152,35.33008],[-111.4203,35.29663],[-111.43492,35.2878],[-111.4755,35.24553],[-111.47777,35.20325],[-111.4537,35.16098],[-111.4203,35.13364],[-111.37813,35.0908],[-111.36597,35.07642],[-111.33595,35.05149],[-111.31783,35.03415],[-111.29378,35.01818],[-111.26093,34.99187],[-111.24582,34.94959],[-111.22719,34.90732],[-111.20944,34.87601],[-111.16726,34.81179],[-111.1382,34.78049],[-111.12237,34.73821],[-111.09642,34.69593],[-111.04074,34.66175],[-110.99857,34.6322],[-110.9564,34.63169],[-110.91422,34.6329],[-110.87205,34.61967],[-110.78771,34.56848],[-110.74553,34.5606],[-110.70336,34.54716],[-110.66119,34.53801],[-110.63818,34.52683],[-110.61901,34.50863],[-110.59666,34.48455],[-110.57684,34.44957],[-110.56415,34.44228],[-110.53467,34.43131],[-110.49249,34.40365],[-110.48017,34.4],[-110.45032,34.39413],[-110.40815,34.3792],[-110.36598,34.36009],[-110.3238,34.32532],[-110.28163,34.32294],[-110.26723,34.31545],[-110.23946,34.29706],[-110.19728,34.27981],[-110.18665,34.27317],[-110.15511,34.23464],[-110.13939,34.23089],[-110.19728,34.2139],[-110.21687,34.18862],[-110.23946,34.16449],[-110.28163,34.17477],[-110.31805,34.18862],[-110.36598,34.22231],[-110.38237,34.23089],[-110.40815,34.24138],[-110.45032,34.24179],[-110.49249,34.23806],[-110.52965,34.23089],[-110.53467,34.22769],[-110.55473,34.18862],[-110.59705,34.14634],[-110.61901,34.1341],[-110.66119,34.17168],[-110.68443,34.18862],[-110.70336,34.20727],[-110.74553,34.21836],[-110.78771,34.18046],[-110.81073,34.18862],[-110.82988,34.19286],[-110.87205,34.22583],[-110.91096,34.27317],[-110.9564,34.29278],[-110.98058,34.31545],[-110.99857,34.32418],[-111.04074,34.34097],[-111.08292,34.36253],[-111.12509,34.36795],[-111.16726,34.37614],[-111.25161,34.42154],[-111.29378,34.42148],[-111.37813,34.41224],[-111.4203,34.41118],[-111.46247,34.44063],[-111.46373,34.44228],[-111.47089,34.48455],[-111.46247,34.51674],[-111.45301,34.52683],[-111.42498,34.56911],[-111.45422,34.61138],[-111.47505,34.65366],[-111.49176,34.69593],[-111.50465,34.71311],[-111.54682,34.78656],[-111.57365,34.82276],[-111.58899,34.85612],[-111.62552,34.90732],[-111.63117,34.91757],[-111.67334,34.95163],[-111.71551,35.02224],[-111.75768,35.00519],[-111.77917,34.99187],[-111.79986,34.98632],[-111.84203,34.98287],[-111.8842,34.98986],[-111.88678,34.99187],[-111.90627,35.03415],[-111.91429,35.07642],[-111.92638,35.10445],[-111.95748,35.1187],[-111.96855,35.12508],[-111.97849,35.1187],[-112.00923,35.07642],[-112.09507,35.03661],[-112.13724,35.04903],[-112.17941,35.0841],[-112.22159,35.10943],[-112.26093,35.1187],[-112.26376,35.1228],[-112.28886,35.20325],[-112.28952,35.24553],[-112.27996,35.2878],[-112.26376,35.30622],[-112.22159,35.32037],[-112.19759,35.33008],[-112.15596,35.37236],[-112.13724,35.4165],[-112.09507,35.44512],[-112.07334,35.45691],[-112.05289,35.4719],[-112.03546,35.49919],[-112.01072,35.52761],[-111.96855,35.561]]},"properties":{"elev":2000,"major":true}},{"type":"Feature","geometry":{"type":"LineString","coordinates":[[-118.37884,35.50807],[-118.33667,35.50712],[-118.31398,35.49919],[-118.30607,35.45691],[-118.2873,35.41463],[-118.2945,35.41004],[-118.3199,35.41463],[-118.37884,35.43627],[-118.39593,35.45691],[-118.3969,35.49919],[-118.37884,35.50807]]},"properties":{"elev":2000,"major":true}},{"type":"Feature","geometry":{"type":"LineString","coordinates":[[-107.03431,35.53679],[-107.01255,35.49919],[-107.02411,35.45691],[-107.03431,35.43667],[-107.05135,35.45691],[-107.05488,35.49919],[-107.03431,35.53679]]},"properties":{"elev":2000,"major":true}},{"type":"Feature","geometry":{"type":"LineString","coordinates":[[-106.14868,35.37869],[-106.13576,35.37236],[-106.1065,35.34838],[-106.08772,35.33008],[-106.07753,35.2878],[-106.06986,35.24553],[-106.09301,35.20325],[-106.12766,35.16098],[-106.14868,35.1317],[-106.16019,35.1187],[-106.16278,35.07642],[-106.14352,34.99187],[-106.15369,34.94959],[-106.1607,34.90732],[-106.17343,34.86504],[-106.1913,34.82276],[-106.21387,34.78049],[-106.24061,34.73821],[-106.26651,34.65366],[-106.26955,34.61138],[-106.25,34.56911],[-106.24896,34.52683],[-106.2752,34.51399],[-106.35954,34.49969],[-106.40172,34.50647],[-106.44389,34.49868],[-106.46879,34.52683],[-106.48606,34.55868],[-106.49004,34.56911],[-106.49199,34.61138],[-106.47668,34.65366],[-106.45501,34.69593],[-106.46072,34.73821],[-106.45823,34.78049],[-106.43527,34.82276],[-106.40951,34.86504],[-106.40757,34.90732],[-106.42597,34.94959],[-106.42156,34.99187],[-106.42221,35.03415],[-106.44389,35.05731],[-106.47175,35.1187],[-106.47294,35.16098],[-106.49118,35.20325],[-106.49153,35.24553],[-106.48606,35.25262],[-106.44389,35.28593],[-106.41745,35.2878],[-106.40172,35.29045],[-106.35954,35.26732],[-106.33321,35.24553],[-106.31737,35.22152],[-106.2752,35.2218],[-106.24491,35.24553],[-106.23302,35.26266],[-106.22175,35.2878],[-106.22173,35.33008],[-106.19085,35.3684],[-106.14868,35.37869]]},"properties":{"elev":2000,"major":true}},{"type":"Feature","geometry":{"type":"LineString","coordinates":[[-105.97999,35.24641],[-105.97357,35.24553],[-105.98299,35.24553],[-105.97999,35.24641]]},"properties":{"elev":2000,"major":true}},{"type":"Feature","geometry":{"type":"LineString","coordinates":[[-107.8356,35.1419],[-107.85706,35.1187],[-107.86089,35.07642],[-107.8356,35.01958],[-107.8257,35.03415],[-107.79342,35.05796],[-107.75125,35.0483],[-107.74124,35.07642],[-107.75125,35.08034],[-107.79251,35.1187],[-107.79342,35.12106],[-107.8356,35.1419]]},"properties":{"elev":2000,"major":true}},{"type":"Feature","geometry":{"type":"LineString","coordinates":[[-119.18013,34.83171],[-119.13796,34.83633],[-119.09578,34.83044],[-119.07901,34.82276],[-119.09578,34.7905],[-119.10927,34.78049],[-119.13796,34.77423],[-119.15012,34.78049],[-119.18013,34.80896],[-119.18891,34.82276],[-119.18013,34.83171]]},"properties":{"elev":2000,"major":true}},{"type":"Feature","geometry":{"type":"LineString","coordinates":[[-112.13724,34.73922],[-112.11169,34.69593],[-112.12093,34.65366],[-112.13724,34.64543],[-112.14288,34.65366],[-112.1602,34.69593],[-112.14247,34.73821],[-112.13724,34.73922]]},"properties":{"elev":2000,"major":true}},{"type":"Feature","geometry":{"type":"LineString","coordinates":[[-107.24518,34.75358],[-107.203,34.75265],[-107.19143,34.73821],[-107.19699,34.69593],[-107.23135,34.65366],[-107.24518,34.63384],[-107.26678,34.61138],[-107.28735,34.57827],[-107.32952,34.61048],[-107.36089,34.65366],[-107.32567,34.69593],[-107.28735,34.72203],[-107.27439,34.73821],[-107.24518,34.75358]]},"properties":{"elev":2000,"major":true}},{"type":"Feature","geometry":{"type":"LineString","coordinates":[[-106.23302,34.49645],[-106.19085,34.49282],[-106.14868,34.46054],[-106.1065,34.46624],[-106.06433,34.4851],[-106.02216,34.4664],[-105.97999,34.46461],[-105.94225,34.44228],[-105.92862,34.4],[-105.93781,34.36627],[-105.97999,34.39276],[-106.02216,34.39918],[-106.06433,34.39877],[-106.09439,34.35772],[-106.09918,34.31545],[-106.1065,34.30723],[-106.13017,34.27317],[-106.14868,34.25244],[-106.19085,34.24343],[-106.23302,34.26262],[-106.2752,34.26536],[-106.2857,34.27317],[-106.31737,34.29162],[-106.35954,34.29719],[-106.40172,34.29955],[-106.4057,34.31545],[-106.35954,34.34654],[-106.35238,34.35772],[-106.29963,34.4],[-106.27318,34.44228],[-106.23699,34.48455],[-106.23302,34.49645]]},"properties":{"elev":2000,"major":true}},{"type":"Feature","geometry":{"type":"LineString","coordinates":[[-112.39028,34.4703],[-112.35313,34.44228],[-112.36171,34.4],[-112.39028,34.38766],[-112.42276,34.4],[-112.42213,34.44228],[-112.39028,34.4703]]},"properties":{"elev":2000,"major":true}},{"type":"Feature","geometry":{"type":"LineString","coordinates":[[-107.07648,34.44571],[-107.06977,34.44228],[-107.07368,34.4],[-107.07648,34.39851],[-107.08128,34.4],[-107.08814,34.44228],[-107.07648,34.44571]]},"properties":{"elev":2000,"major":true}},{"type":"Feature","geometry":{"type":"LineString","coordinates":[[-117.78842,34.37038],[-117.74625,34.37168],[-117.72009,34.35772],[-117.78842,34.31822],[-117.82122,34.35772],[-117.78842,34.37038]]},"properties":{"elev":2000,"major":true}},{"type":"Feature","geometry":{"type":"LineString","coordinates":[[-117.6619,34.36656],[-117.61973,34.34988],[-117.58658,34.31545],[-117.57756,34.29449],[-117.5703,34.27317],[-117.57316,34.23089],[-117.57756,34.22863],[-117.58559,34.23089],[-117.61973,34.2453],[-117.66401,34.27317],[-117.66741,34.31545],[-117.68176,34.35772],[-117.6619,34.36656]]},"properties":{"elev":2000,"major":true}},{"type":"Feature","geometry":{"type":"LineString","coordinates":[[-116.98713,34.32614],[-116.90279,34.32727],[-116.86061,34.32496],[-116.81962,34.31545],[-116.77627,34.27881],[-116.69192,34.26095],[-116.6617,34.23089],[-116.64975,34.21631],[-116.6317,34.18862],[-116.63038,34.14634],[-116.68448,34.10407],[-116.7341,34.07125],[-116.77627,34.04042],[-116.81844,34.0354],[-116.86061,34.04405],[-116.9025,34.06179],[-116.92839,34.10407],[-116.9333,34.14634],[-116.90279,34.18432],[-116.89133,34.18862],[-116.90279,34.19619],[-116.94496,34.20792],[-116.98713,34.21742],[-117.02931,34.22428],[-117.04373,34.23089],[-117.00602,34.27317],[-117.01125,34.31545],[-116.98713,34.32614]]},"properties":{"elev":2000,"major":true}},{"type":"Feature","geometry":{"type":"LineString","coordinates":[[-105.85347,34.32835],[-105.81129,34.33447],[-105.76912,34.31728],[-105.68477,34.3058],[-105.6426,34.30399],[-105.60043,34.31043],[-105.55826,34.28996],[-105.51608,34.24991],[-105.49915,34.23089],[-105.48659,34.18862],[-105.52004,34.14634],[-105.55826,34.12418],[-105.58684,34.10407],[-105.61052,34.06179],[-105.6426,34.02362],[-105.68477,34.04243],[-105.70367,34.06179],[-105.72695,34.08061],[-105.76912,34.07984],[-105.81129,34.08742],[-105.83566,34.10407],[-105.89068,34.14634],[-105.91266,34.18862],[-105.92609,34.23089],[-105.90746,34.27317],[-105.87051,34.31545],[-105.85347,34.32835]]},"properties":{"elev":2000,"major":true}},{"type":"Feature","geometry":{"type":"LineString","coordinates":[[-110.11294,34.20841],[-110.09247,34.18862],[-110.11294,34.18667],[-110.11881,34.18862],[-110.11294,34.20841]]},"properties":{"elev":2000,"major":true}},{"type":"Feature","geometry":{"type":"LineString","coordinates":[[-69.03645,34.17762],[-69.00525,34.14634],[-69.03645,34.11506],[-69.06766,34.14634],[-69.03645,34.17762]]},"properties":{"elev":2000,"major":true}},{"type":"Feature","geometry":{"type":"LineString","coordinates":[[-69.83774,34.04749],[-69.81123,34.01951],[-69.83774,33.99294],[-69.86425,34.01951],[-69.83774,34.04749]]},"properties":{"elev":2000,"major":true}},{"type":"Feature","geometry":{"type":"LineString","coordinates":[[-105.6426,33.94238],[-105.63227,33.93496],[-105.60043,33.92134],[-105.57607,33.89268],[-105.56724,33.85041],[-105.593,33.80813],[-105.59629,33.76585],[-105.57549,33.72358],[-105.56152,33.6813],[-105.55826,33.67855],[-105.47391,33.67565],[-105.38956,33.66826],[-105.34739,33.66319],[-105.30522,33.64945],[-105.28668,33.63902],[-105.26305,33.63255],[-105.22087,33.61261],[-105.20409,33.59675],[-105.21562,33.55447],[-105.22087,33.54903],[-105.26305,33.52705],[-105.30522,33.52173],[-105.34739,33.52294],[-105.38956,33.52871],[-105.43174,33.5442],[-105.44693,33.55447],[-105.47391,33.56174],[-105.51608,33.56786],[-105.55826,33.5582],[-105.56367,33.55447],[-105.56077,33.5122],[-105.52269,33.46992],[-105.51078,33.42764],[-105.51608,33.40842],[-105.51929,33.38537],[-105.51608,33.38127],[-105.47391,33.36446],[-105.43174,33.35504],[-105.4176,33.34309],[-105.3921,33.25854],[-105.38433,33.21626],[-105.38135,33.17398],[-105.38031,33.13171],[-105.34663,33.08943],[-105.35601,33.04715],[-105.38956,32.98295],[-105.39884,32.9626],[-105.40675,32.92033],[-105.40048,32.87805],[-105.38956,32.85021],[-105.36593,32.83577],[-105.3693,32.7935],[-105.38081,32.75122],[-105.36907,32.70894],[-105.38956,32.70139],[-105.41435,32.66667],[-105.43174,32.65031],[-105.44843,32.62439],[-105.47258,32.58211],[-105.47391,32.57293],[-105.51608,32.55964],[-105.55826,32.57686],[-105.60043,32.58189],[-105.6426,32.57503],[-105.68477,32.5776],[-105.72695,32.58817],[-105.74579,32.62439],[-105.76912,32.65279],[-105.79107,32.66667],[-105.81129,32.67678],[-105.84258,32.70894],[-105.85347,32.72229],[-105.86703,32.75122],[-105.88199,32.7935],[-105.86249,32.83577],[-105.86312,32.87805],[-105.85491,32.92033],[-105.83029,32.9626],[-105.83785,33.00488],[-105.86107,33.04715],[-105.86275,33.08943],[-105.85347,33.10841],[-105.83563,33.13171],[-105.83032,33.17398],[-105.83375,33.21626],[-105.85347,33.24906],[-105.89564,33.24334],[-105.90746,33.25854],[-105.90396,33.30081],[-105.89564,33.31553],[-105.88455,33.34309],[-105.8855,33.38537],[-105.89561,33.42764],[-105.89477,33.46992],[-105.86971,33.5122],[-105.82098,33.55447],[-105.81129,33.56144],[-105.76912,33.57569],[-105.72695,33.56878],[-105.70338,33.59675],[-105.70834,33.63902],[-105.72695,33.64976],[-105.75245,33.6813],[-105.75039,33.72358],[-105.76757,33.76585],[-105.74002,33.80813],[-105.72695,33.83235],[-105.72243,33.85041],[-105.70867,33.89268],[-105.68477,33.91508],[-105.64983,33.93496],[-105.6426,33.94238]]},"properties":{"elev":2000,"major":true}},{"type":"Feature","geometry":{"type":"LineString","coordinates":[[-106.19085,33.92156],[-106.15658,33.89268],[-106.19037,33.85041],[-106.23302,33.81364],[-106.24345,33.85041],[-106.23302,33.89134],[-106.19085,33.92156]]},"properties":{"elev":2000,"major":true}},{"type":"Feature","geometry":{"type":"LineString","coordinates":[[-116.69192,33.82605],[-116.64975,33.82275],[-116.62299,33.80813],[-116.62254,33.76585],[-116.64975,33.7398],[-116.69192,33.75618],[-116.70188,33.76585],[-116.72472,33.80813],[-116.69192,33.82605]]},"properties":{"elev":2000,"major":true}},{"type":"Feature","geometry":{"type":"LineString","coordinates":[[-106.35954,33.77205],[-106.31737,33.78238],[-106.28615,33.76585],[-106.29967,33.72358],[-106.31737,33.7133],[-106.34507,33.6813],[-106.33603,33.63902],[-106.35954,33.61659],[-106.37398,33.63902],[-106.3654,33.72358],[-106.36288,33.76585],[-106.35954,33.77205]]},"properties":{"elev":2000,"major":true}},{"type":"Feature","geometry":{"type":"LineString","coordinates":[[-123.77698,33.6972],[-123.75581,33.6813],[-123.77698,33.66541],[-123.79284,33.6813],[-123.77698,33.6972]]},"properties":{"elev":2000,"major":true}},{"type":"Feature","geometry":{"type":"LineString","coordinates":[[-75.19371,33.6972],[-75.17253,33.6813],[-75.19371,33.66541],[-75.20957,33.6813],[-75.19371,33.6972]]},"properties":{"elev":2000,"major":true}},{"type":"Feature","geometry":{"type":"LineString","coordinates":[[-69.79557,33.6972],[-69.77439,33.6813],[-69.79557,33.66541],[-69.81142,33.6813],[-69.79557,33.6972]]},"properties":{"elev":2000,"major":true}},{"type":"Feature","geometry":{"type":"LineString","coordinates":[[-109.60686,33.51125],[-109.57478,33.46992],[-109.60686,33.43867],[-109.64106,33.46992],[-109.60686,33.51125]]},"properties":{"elev":2000,"major":true}},{"type":"Feature","geometry":{"type":"LineString","coordinates":[[-109.8599,33.39307],[-109.81773,33.38125],[-109.78142,33.34309],[-109.81773,33.32964],[-109.8599,33.33863],[-109.86651,33.34309],[-109.87806,33.38537],[-109.8599,33.39307]]},"properties":{"elev":2000,"major":true}},{"type":"Feature","geometry":{"type":"LineString","coordinates":[[-109.05861,33.35515],[-109.04446,33.34309],[-109.05861,33.31772],[-109.09888,33.34309],[-109.05861,33.35515]]},"properties":{"elev":2000,"major":true}},{"type":"Feature","geometry":{"type":"LineString","coordinates":[[-108.13081,33.30108],[-108.17298,33.26351],[-108.21515,33.26404],[-108.25733,33.26906],[-108.27966,33.25854],[-108.29116,33.21626],[-108.25733,33.19132],[-108.24055,33.17398],[-108.23707,33.13171],[-108.21515,33.11578],[-108.17298,33.14458],[-108.13081,33.14386],[-108.11994,33.17398],[-108.12024,33.21626],[-108.0987,33.25854],[-108.08474,33.30081],[-108.08863,33.30892],[-108.13081,33.30108]]},"properties":{"elev":2000,"major":true}},{"type":"Feature","geometry":{"type":"LineString","coordinates":[[-123.77698,33.22732],[-123.76595,33.21626],[-123.77698,33.2052],[-123.78801,33.21626],[-123.77698,33.22732]]},"properties":{"elev":2000,"major":true}},{"type":"Feature","geometry":{"type":"LineString","coordinates":[[-106.7391,33.22443],[-106.69693,33.2275],[-106.68866,33.21626],[-106.69693,33.17269],[-106.7391,33.16793],[-106.74283,33.17398],[-106.74229,33.21626],[-106.7391,33.22443]]},"properties":{"elev":2000,"major":true}},{"type":"Feature","geometry":{"type":"LineString","coordinates":[[-75.19371,33.22732],[-75.18268,33.21626],[-75.19371,33.2052],[-75.20474,33.21626],[-75.19371,33.22732]]},"properties":{"elev":2000,"major":true}},{"type":"Feature","geometry":{"type":"LineString","coordinates":[[-69.79557,33.22732],[-69.78454,33.21626],[-69.79557,33.2052],[-69.8066,33.21626],[-69.79557,33.22732]]},"properties":{"elev":2000,"major":true}},{"type":"Feature","geometry":{"type":"LineString","coordinates":[[-123.01787,33.18448],[-123.0074,33.17398],[-123.01787,33.16349],[-123.02834,33.17398],[-123.01787,33.18448]]},"properties":{"elev":2000,"major":true}},{"type":"Feature","geometry":{"type":"LineString","coordinates":[[-74.4346,33.18448],[-74.42413,33.17398],[-74.4346,33.16349],[-74.44506,33.17398],[-74.4346,33.18448]]},"properties":{"elev":2000,"major":true}},{"type":"Feature","geometry":{"type":"LineString","coordinates":[[-69.03645,33.18448],[-69.02599,33.17398],[-69.03645,33.16349],[-69.04692,33.17398],[-69.03645,33.18448]]},"properties":{"elev":2000,"major":true}},{"type":"Feature","geometry":{"type":"LineString","coordinates":[[-108.34167,32.84327],[-108.30279,32.83577],[-108.34167,32.79348],[-108.34916,32.83577],[-108.34167,32.84327]]},"properties":{"elev":2000,"major":true}},{"type":"Feature","geometry":{"type":"LineString","coordinates":[[-110.02859,32.75172],[-109.98642,32.7245],[-109.94425,32.73517],[-109.90207,32.74124],[-109.8599,32.73553],[-109.82129,32.70894],[-109.80432,32.66667],[-109.78975,32.62439],[-109.81773,32.59715],[-109.8599,32.61029],[-109.87569,32.62439],[-109.90207,32.64177],[-109.94965,32.66667],[-109.98642,32.69757],[-110.02859,32.70716],[-110.03087,32.70894],[-110.0296,32.75122],[-110.02859,32.75172]]},"properties":{"elev":2000,"major":true}},{"type":"Feature","geometry":{"type":"LineString","coordinates":[[-108.42602,32.61279],[-108.3849,32.58211],[-108.42602,32.54386],[-108.45246,32.58211],[-108.42602,32.61279]]},"properties":{"elev":2000,"major":true}},{"type":"Feature","geometry":{"type":"LineString","coordinates":[[-110.74553,32.45984],[-110.70336,32.42415],[-110.6926,32.41301],[-110.70336,32.39059],[-110.74553,32.39615],[-110.78771,32.40431],[-110.79681,32.41301],[-110.78771,32.44471],[-110.76828,32.45528],[-110.74553,32.45984]]},"properties":{"elev":2000,"major":true}},{"type":"Feature","geometry":{"type":"LineString","coordinates":[[-120.48749,32.39692],[-120.46136,32.37073],[-120.48749,32.34454],[-120.51362,32.37073],[-120.48749,32.39692]]},"properties":{"elev":2000,"major":true}},{"type":"Feature","geometry":{"type":"LineString","coordinates":[[-71.90422,32.39692],[-71.87809,32.37073],[-71.90422,32.34454],[-71.93034,32.37073],[-71.90422,32.39692]]},"properties":{"elev":2000,"major":true}},{"type":"Feature","geometry":{"type":"LineString","coordinates":[[-66.50608,32.39692],[-66.47995,32.37073],[-66.50608,32.34454],[-66.5322,32.37073],[-66.50608,32.39692]]},"properties":{"elev":2000,"major":true}},{"type":"Feature","geometry":{"type":"LineString","coordinates":[[-106.52823,32.33538],[-106.5191,32.32846],[-106.52823,32.30975],[-106.54762,32.32846],[-106.52823,32.33538]]},"properties":{"elev":2000,"major":true}},{"type":"Feature","geometry":{"type":"LineString","coordinates":[[-110.53467,32.20528],[-110.52908,32.20163],[-110.53467,32.19747],[-110.53959,32.20163],[-110.53467,32.20528]]},"properties":{"elev":2000,"major":true}},{"type":"Feature","geometry":{"type":"LineString","coordinates":[[-104.75697,32.07733],[-104.75184,32.0748],[-104.75697,32.06336],[-104.75934,32.0748],[-104.75697,32.07733]]},"properties":{"elev":2000,"major":true}},{"type":"Feature","geometry":{"type":"LineString","coordinates":[[-124.07219,32.05972],[-124.04506,32.03252],[-124.07219,32.00532],[-124.09933,32.03252],[-124.07219,32.05972]]},"properties":{"elev":2000,"major":true}},{"type":"Feature","geometry":{"type":"LineString","coordinates":[[-75.48892,32.05972],[-75.46179,32.03252],[-75.48892,32.00532],[-75.51605,32.03252],[-75.48892,32.05972]]},"properties":{"elev":2000,"major":true}},{"type":"Feature","geometry":{"type":"LineString","coordinates":[[-70.09078,32.05972],[-70.06364,32.03252],[-70.09078,32.00532],[-70.11791,32.03252],[-70.09078,32.05972]]},"properties":{"elev":2000,"major":true}},{"type":"Feature","geometry":{"type":"LineString","coordinates":[[-104.84132,31.99668],[-104.79914,32.00435],[-104.79574,31.99024],[-104.7909,31.94797],[-104.79914,31.92773],[-104.81415,31.90569],[-104.84132,31.89223],[-104.85803,31.90569],[-104.87253,31.94797],[-104.84775,31.99024],[-104.84132,31.99668]]},"properties":{"elev":2000,"major":true}},{"type":"Feature","geometry":{"type":"LineString","coordinates":[[-109.26948,31.95251],[-109.22731,31.91096],[-109.19763,31.86341],[-109.18513,31.84733],[-109.16751,31.82114],[-109.20909,31.77886],[-109.22731,31.76338],[-109.26948,31.74224],[-109.31165,31.75582],[-109.35382,31.78258],[-109.37334,31.82114],[-109.34479,31.86341],[-109.34307,31.90569],[-109.31165,31.93867],[-109.26948,31.95251]]},"properties":{"elev":2000,"major":true}},{"type":"Feature","geometry":{"type":"LineString","coordinates":[[-110.82988,31.6972],[-110.82448,31.69431],[-110.82988,31.68751],[-110.836,31.69431],[-110.82988,31.6972]]},"properties":{"elev":2000,"major":true}},{"type":"Feature","geometry":{"type":"LineString","coordinates":[[-108.7634,31.57212],[-108.75488,31.56748],[-108.7634,31.52992],[-108.77001,31.56748],[-108.7634,31.57212]]},"properties":{"elev":2000,"major":true}},{"type":"Feature","geometry":{"type":"LineString","coordinates":[[-110.36598,31.48403],[-110.36509,31.48293],[-110.36598,31.47171],[-110.36907,31.48293],[-110.36598,31.48403]]},"properties":{"elev":2000,"major":true}},{"type":"Feature","geometry":{"type":"LineString","coordinates":[[-110.3238,31.4384],[-110.28163,31.41497],[-110.26831,31.39837],[-110.28163,31.36143],[-110.3238,31.38346],[-110.3443,31.39837],[-110.3238,31.4384]]},"properties":{"elev":2000,"major":true}},{"type":"Feature","geometry":{"type":"LineString","coordinates":[[-108.80558,31.23453],[-108.7634,31.24224],[-108.76062,31.22927],[-108.76053,31.18699],[-108.7634,31.18202],[-108.79763,31.14472],[-108.80558,31.13403],[-108.82538,31.14472],[-108.8142,31.18699],[-108.80952,31.22927],[-108.80558,31.23453]]},"properties":{"elev":2000,"major":true}},{"type":"Feature","geometry":{"type":"LineString","coordinates":[[-115.51108,31.11404],[-115.46891,31.107],[-115.42673,31.04518],[-115.40273,31.01789],[-115.38456,31.00614],[-115.34753,30.97561],[-115.33942,30.93333],[-115.33425,30.89106],[-115.34239,30.8551],[-115.34699,30.84878],[-115.34239,30.83452],[-115.3371,30.8065],[-115.34239,30.76529],[-115.38741,30.8065],[-115.42673,30.83128],[-115.46682,30.84878],[-115.51108,30.87558],[-115.52505,30.89106],[-115.55325,30.93078],[-115.57332,30.97561],[-115.56698,31.01789],[-115.55325,31.04153],[-115.53866,31.06016],[-115.5206,31.10244],[-115.51108,31.11404]]},"properties":{"elev":2000,"major":true}},{"type":"Feature","geometry":{"type":"LineString","coordinates":[[-108.97427,31.02519],[-108.94714,31.01789],[-108.97427,30.99025],[-108.98856,31.01789],[-108.97427,31.02519]]},"properties":{"elev":2000,"major":true}},{"type":"Feature","geometry":{"type":"LineString","coordinates":[[-109.01644,30.98699],[-108.99216,30.97561],[-109.01644,30.97194],[-109.02066,30.97561],[-109.01644,30.98699]]},"properties":{"elev":2000,"major":true}},{"type":"Feature","geometry":{"type":"LineString","coordinates":[[-109.94425,30.96778],[-109.92645,30.93333],[-109.94425,30.89998],[-109.97423,30.93333],[-109.94425,30.96778]]},"properties":{"elev":2000,"major":true}},{"type":"Feature","geometry":{"type":"LineString","coordinates":[[-104.16655,30.66364],[-104.12437,30.64905],[-104.11176,30.6374],[-104.12437,30.59488],[-104.16655,30.59595],[-104.19652,30.6374],[-104.16655,30.66364]]},"properties":{"elev":2000,"major":true}},{"type":"Feature","geometry":{"type":"LineString","coordinates":[[-107.6669,30.59709],[-107.66362,30.59512],[-107.65949,30.55285],[-107.6669,30.5412],[-107.67792,30.55285],[-107.66968,30.59512],[-107.6669,30.59709]]},"properties":{"elev":2000,"major":true}},{"type":"Feature","geometry":{"type":"LineString","coordinates":[[-121.58399,30.5391],[-121.55553,30.51057],[-121.58399,30.48204],[-121.61245,30.51057],[-121.58399,30.5391]]},"properties":{"elev":2000,"major":true}},{"type":"Feature","geometry":{"type":"LineString","coordinates":[[-73.00071,30.5391],[-72.97225,30.51057],[-73.00071,30.48204],[-73.02918,30.51057],[-73.00071,30.5391]]},"properties":{"elev":2000,"major":true}},{"type":"Feature","geometry":{"type":"LineString","coordinates":[[-67.60257,30.5391],[-67.57411,30.51057],[-67.60257,30.48204],[-67.63104,30.51057],[-67.60257,30.5391]]},"properties":{"elev":2000,"major":true}},{"type":"Feature","geometry":{"type":"LineString","coordinates":[[-108.80558,29.96027],[-108.78529,29.9187],[-108.80558,29.8863],[-108.82851,29.9187],[-108.80558,29.96027]]},"properties":{"elev":2000,"major":true}},{"type":"Feature","geometry":{"type":"LineString","coordinates":[[-108.7634,29.87855],[-108.76216,29.87642],[-108.75439,29.79187],[-108.72123,29.75932],[-108.67906,29.76872],[-108.63161,29.74959],[-108.60647,29.70732],[-108.63688,29.68956],[-108.67906,29.71627],[-108.72123,29.73636],[-108.7634,29.72422],[-108.77109,29.74959],[-108.77603,29.79187],[-108.77198,29.83415],[-108.77005,29.87642],[-108.7634,29.87855]]},"properties":{"elev":2000,"major":true}},{"type":"Feature","geometry":{"type":"LineString","coordinates":[[-106.48606,29.71364],[-106.48151,29.70732],[-106.48606,29.68269],[-106.49218,29.70732],[-106.48606,29.71364]]},"properties":{"elev":2000,"major":true}},{"type":"Feature","geometry":{"type":"LineString","coordinates":[[-108.59471,29.68834],[-108.56264,29.66504],[-108.59471,29.65697],[-108.60549,29.66504],[-108.59471,29.68834]]},"properties":{"elev":2000,"major":true}},{"type":"Feature","geometry":{"type":"LineString","coordinates":[[-107.45604,29.62435],[-107.45462,29.62276],[-107.45604,29.62152],[-107.45982,29.62276],[-107.45604,29.62435]]},"properties":{"elev":2000,"major":true}},{"type":"Feature","geometry":{"type":"LineString","coordinates":[[-106.57041,29.37254],[-106.5753,29.36911],[-106.57041,29.35889],[-106.53495,29.36911],[-106.57041,29.37254]]},"properties":{"elev":2000,"major":true}},{"type":"Feature","geometry":{"type":"LineString","coordinates":[[-107.8356,29.08277],[-107.84779,29.07317],[-107.85513,29.03089],[-107.87777,29.00668],[-107.88818,28.98862],[-107.87564,28.94634],[-107.8356,28.8805],[-107.8225,28.86179],[-107.78075,28.81951],[-107.75125,28.78231],[-107.74485,28.77724],[-107.70908,28.73439],[-107.6669,28.72094],[-107.65783,28.73496],[-107.66414,28.77724],[-107.69679,28.81951],[-107.70908,28.83316],[-107.72706,28.86179],[-107.74012,28.90407],[-107.7516,28.98862],[-107.78706,29.03089],[-107.79342,29.04308],[-107.82294,29.07317],[-107.8356,29.08277]]},"properties":{"elev":2000,"major":true}},{"type":"Feature","geometry":{"type":"LineString","coordinates":[[-102.60615,29.05114],[-102.5973,29.03089],[-102.56397,29.00376],[-102.54906,28.98862],[-102.52666,28.94634],[-102.56397,28.91745],[-102.60615,28.93418],[-102.61454,28.94634],[-102.6291,28.98862],[-102.61654,29.03089],[-102.60615,29.05114]]},"properties":{"elev":2000,"major":true}},{"type":"Feature","geometry":{"type":"LineString","coordinates":[[-107.91994,28.91548],[-107.92261,28.90407],[-107.91994,28.89762],[-107.91504,28.90407],[-107.91994,28.91548]]},"properties":{"elev":2000,"major":true}},{"type":"Feature","geometry":{"type":"LineString","coordinates":[[-123.01787,28.76624],[-122.98667,28.73496],[-123.01787,28.70368],[-123.04907,28.73496],[-123.01787,28.76624]]},"properties":{"elev":2000,"major":true}},{"type":"Feature","geometry":{"type":"LineString","coordinates":[[-74.4346,28.76624],[-74.40339,28.73496],[-74.4346,28.70368],[-74.4658,28.73496],[-74.4346,28.76624]]},"properties":{"elev":2000,"major":true}},{"type":"Feature","geometry":{"type":"LineString","coordinates":[[-69.03645,28.76624],[-69.00525,28.73496],[-69.03645,28.70368],[-69.06766,28.73496],[-69.03645,28.76624]]},"properties":{"elev":2000,"major":true}},{"type":"Feature","geometry":{"type":"LineString","coordinates":[[-107.62473,28.69475],[-107.62832,28.69268],[-107.62473,28.6897],[-107.62089,28.69268],[-107.62473,28.69475]]},"properties":{"elev":2000,"major":true}},{"type":"Feature","geometry":{"type":"LineString","coordinates":[[-107.58256,28.66108],[-107.59114,28.65041],[-107.58256,28.64456],[-107.54039,28.64482],[-107.53164,28.65041],[-107.54039,28.65364],[-107.58256,28.66108]]},"properties":{"elev":2000,"major":true}},{"type":"Feature","geometry":{"type":"LineString","coordinates":[[-106.94996,28.66353],[-106.96045,28.65041],[-106.94996,28.63695],[-106.91373,28.56585],[-106.90779,28.55634],[-106.86562,28.5183],[-106.82345,28.49808],[-106.78127,28.48774],[-106.76285,28.4813],[-106.7391,28.47518],[-106.72167,28.4813],[-106.69693,28.49562],[-106.68125,28.52358],[-106.71786,28.56585],[-106.7391,28.57283],[-106.78127,28.59246],[-106.80564,28.60813],[-106.86562,28.64261],[-106.90779,28.6603],[-106.94996,28.66353]]},"properties":{"elev":2000,"major":true}},{"type":"Feature","geometry":{"type":"LineString","coordinates":[[-123.81916,28.63611],[-123.79265,28.60813],[-123.81916,28.58156],[-123.84567,28.60813],[-123.81916,28.63611]]},"properties":{"elev":2000,"major":true}},{"type":"Feature","geometry":{"type":"LineString","coordinates":[[-108.55254,28.60883],[-108.55254,28.60768],[-108.55254,28.60883]]},"properties":{"elev":2000,"major":true}},{"type":"Feature","geometry":{"type":"LineString","coordinates":[[-75.23588,28.63611],[-75.20937,28.60813],[-75.23588,28.58156],[-75.26239,28.60813],[-75.23588,28.63611]]},"properties":{"elev":2000,"major":true}},{"type":"Feature","geometry":{"type":"LineString","coordinates":[[-69.83774,28.63611],[-69.81123,28.60813],[-69.83774,28.58156],[-69.86425,28.60813],[-69.83774,28.63611]]},"properties":{"elev":2000,"major":true}},{"type":"Feature","geometry":{"type":"LineString","coordinates":[[-108.17298,28.49128],[-108.20621,28.4813],[-108.18795,28.43902],[-108.17298,28.42536],[-108.15249,28.43902],[-108.16501,28.4813],[-108.17298,28.49128]]},"properties":{"elev":2000,"major":true}},{"type":"Feature","geometry":{"type":"LineString","coordinates":[[-108.42602,28.36777],[-108.38385,28.36803],[-108.37814,28.35447],[-108.38385,28.34959],[-108.42602,28.33246],[-108.43879,28.35447],[-108.42602,28.36777]]},"properties":{"elev":2000,"major":true}},{"type":"Feature","geometry":{"type":"LineString","coordinates":[[-123.77698,28.28581],[-123.75581,28.26992],[-123.77698,28.25402],[-123.79284,28.26992],[-123.77698,28.28581]]},"properties":{"elev":2000,"major":true}},{"type":"Feature","geometry":{"type":"LineString","coordinates":[[-91.38813,28.28581],[-91.36696,28.26992],[-91.38813,28.25402],[-91.40399,28.26992],[-91.38813,28.28581]]},"properties":{"elev":2000,"major":true}},{"type":"Feature","geometry":{"type":"LineString","coordinates":[[-75.19371,28.28581],[-75.17253,28.26992],[-75.19371,28.25402],[-75.20957,28.26992],[-75.19371,28.28581]]},"properties":{"elev":2000,"major":true}},{"type":"Feature","geometry":{"type":"LineString","coordinates":[[-69.79557,28.28581],[-69.77439,28.26992],[-69.79557,28.25402],[-69.81142,28.26992],[-69.79557,28.28581]]},"properties":{"elev":2000,"major":true}},{"type":"Feature","geometry":{"type":"LineString","coordinates":[[-103.07005,28.23668],[-103.04261,28.22764],[-103.07005,28.22215],[-103.07378,28.22764],[-103.07005,28.23668]]},"properties":{"elev":2000,"major":true}},{"type":"Feature","geometry":{"type":"LineString","coordinates":[[-123.77698,27.81593],[-123.76595,27.80488],[-123.77698,27.79382],[-123.78801,27.80488],[-123.77698,27.81593]]},"properties":{"elev":2000,"major":true}},{"type":"Feature","geometry":{"type":"LineString","coordinates":[[-91.38813,27.81593],[-91.37711,27.80488],[-91.38813,27.79382],[-91.39916,27.80488],[-91.38813,27.81593]]},"properties":{"elev":2000,"major":true}},{"type":"Feature","geometry":{"type":"LineString","coordinates":[[-75.19371,27.81593],[-75.18268,27.80488],[-75.19371,27.79382],[-75.20474,27.80488],[-75.19371,27.81593]]},"properties":{"elev":2000,"major":true}},{"type":"Feature","geometry":{"type":"LineString","coordinates":[[-69.79557,27.81593],[-69.78454,27.80488],[-69.79557,27.79382],[-69.8066,27.80488],[-69.79557,27.81593]]},"properties":{"elev":2000,"major":true}},{"type":"Feature","geometry":{"type":"LineString","coordinates":[[-123.01787,27.77309],[-123.0074,27.7626],[-123.01787,27.75211],[-123.02834,27.7626],[-123.01787,27.77309]]},"properties":{"elev":2000,"major":true}},{"type":"Feature","geometry":{"type":"LineString","coordinates":[[-90.62902,27.77309],[-90.61855,27.7626],[-90.62902,27.75211],[-90.63949,27.7626],[-90.62902,27.77309]]},"properties":{"elev":2000,"major":true}},{"type":"Feature","geometry":{"type":"LineString","coordinates":[[-74.4346,27.77309],[-74.42413,27.7626],[-74.4346,27.75211],[-74.44506,27.7626],[-74.4346,27.77309]]},"properties":{"elev":2000,"major":true}},{"type":"Feature","geometry":{"type":"LineString","coordinates":[[-69.03645,27.77309],[-69.02599,27.7626],[-69.03645,27.75211],[-69.04692,27.7626],[-69.03645,27.77309]]},"properties":{"elev":2000,"major":true}},{"type":"Feature","geometry":{"type":"LineString","coordinates":[[-106.48606,27.74097],[-106.44389,27.72824],[-106.43791,27.72033],[-106.43581,27.67805],[-106.44389,27.6338],[-106.48606,27.59949],[-106.52239,27.63577],[-106.50764,27.67805],[-106.50119,27.72033],[-106.48606,27.74097]]},"properties":{"elev":2000,"major":true}},{"type":"Feature","geometry":{"type":"LineString","coordinates":[[-107.03431,27.63691],[-107.04527,27.63577],[-107.03431,27.63448],[-107.0331,27.63577],[-107.03431,27.63691]]},"properties":{"elev":2000,"major":true}},{"type":"Feature","geometry":{"type":"LineString","coordinates":[[-102.64832,27.5532],[-102.64546,27.55122],[-102.64832,27.52609],[-102.6557,27.55122],[-102.64832,27.5532]]},"properties":{"elev":2000,"major":true}},{"type":"Feature","geometry":{"type":"LineString","coordinates":[[-102.60615,27.48555],[-102.5995,27.46667],[-102.56396,27.42439],[-102.60615,27.40821],[-102.62352,27.42439],[-102.64463,27.46667],[-102.60615,27.48555]]},"properties":{"elev":2000,"major":true}},{"type":"Feature","geometry":{"type":"LineString","coordinates":[[-108.00429,27.25565],[-107.96212,27.26816],[-107.96212,27.25441],[-107.97956,27.17073],[-107.96212,27.13775],[-107.95852,27.12846],[-107.95085,27.08618],[-107.96212,27.08211],[-107.96936,27.08618],[-108.00429,27.11434],[-108.03768,27.12846],[-108.03641,27.17073],[-108.05045,27.21301],[-108.00429,27.25565]]},"properties":{"elev":2000,"major":true}},{"type":"Feature","geometry":{"type":"LineString","coordinates":[[-106.06433,27.13101],[-106.06182,27.12846],[-106.06109,27.08618],[-106.06433,27.08403],[-106.06611,27.08618],[-106.07485,27.12846],[-106.06433,27.13101]]},"properties":{"elev":2000,"major":true}},{"type":"Feature","geometry":{"type":"LineString","coordinates":[[-102.64832,27.14758],[-102.60615,27.15612],[-102.56397,27.14629],[-102.52444,27.12846],[-102.47963,27.09649],[-102.46818,27.08618],[-102.43746,27.06338],[-102.38016,27.0439],[-102.35311,27.01027],[-102.31094,27.00794],[-102.28783,27.00163],[-102.31094,26.99698],[-102.35311,26.99988],[-102.39528,26.99835],[-102.42917,27.00163],[-102.43746,27.0042],[-102.48376,27.0439],[-102.5218,27.06734],[-102.56397,27.07661],[-102.59639,27.08618],[-102.60615,27.09369],[-102.64832,27.11571],[-102.66207,27.12846],[-102.64832,27.14758]]},"properties":{"elev":2000,"major":true}},{"type":"Feature","geometry":{"type":"LineString","coordinates":[[-106.02216,27.06076],[-106.01035,27.0439],[-106.02216,27.00522],[-106.03478,27.0439],[-106.02216,27.06076]]},"properties":{"elev":2000,"major":true}},{"type":"Feature","geometry":{"type":"LineString","coordinates":[[-105.81129,27.01361],[-105.77438,27.00163],[-105.81129,26.97854],[-105.82975,27.00163],[-105.81129,27.01361]]},"properties":{"elev":2000,"major":true}},{"type":"Feature","geometry":{"type":"LineString","coordinates":[[-120.48749,26.98554],[-120.46136,26.95935],[-120.48749,26.93316],[-120.51362,26.95935],[-120.48749,26.98554]]},"properties":{"elev":2000,"major":true}},{"type":"Feature","geometry":{"type":"LineString","coordinates":[[-88.09864,26.98554],[-88.07252,26.95935],[-88.09864,26.93316],[-88.12477,26.95935],[-88.09864,26.98554]]},"properties":{"elev":2000,"major":true}},{"type":"Feature","geometry":{"type":"LineString","coordinates":[[-71.90422,26.98554],[-71.87809,26.95935],[-71.90422,26.93316],[-71.93034,26.95935],[-71.90422,26.98554]]},"properties":{"elev":2000,"major":true}},{"type":"Feature","geometry":{"type":"LineString","coordinates":[[-66.50608,26.98554],[-66.47995,26.95935],[-66.50608,26.93316],[-66.5322,26.95935],[-66.50608,26.98554]]},"properties":{"elev":2000,"major":true}},{"type":"Feature","geometry":{"type":"LineString","coordinates":[[-124.07219,26.64834],[-124.04506,26.62114],[-124.07219,26.59394],[-124.09933,26.62114],[-124.07219,26.64834]]},"properties":{"elev":2000,"major":true}},{"type":"Feature","geometry":{"type":"LineString","coordinates":[[-107.79342,26.62564],[-107.79015,26.62114],[-107.76944,26.57886],[-107.75125,26.56914],[-107.71364,26.53659],[-107.75125,26.50835],[-107.79342,26.52383],[-107.80203,26.53659],[-107.80882,26.57886],[-107.79684,26.62114],[-107.79342,26.62564]]},"properties":{"elev":2000,"major":true}},{"type":"Feature","geometry":{"type":"LineString","coordinates":[[-107.45604,26.62878],[-107.44774,26.62114],[-107.453,26.57886],[-107.42261,26.53659],[-107.45604,26.52774],[-107.46385,26.53659],[-107.46586,26.57886],[-107.482,26.62114],[-107.45604,26.62878]]},"properties":{"elev":2000,"major":true}},{"type":"Feature","geometry":{"type":"LineString","coordinates":[[-91.68335,26.64834],[-91.65621,26.62114],[-91.68335,26.59394],[-91.71048,26.62114],[-91.68335,26.64834]]},"properties":{"elev":2000,"major":true}},{"type":"Feature","geometry":{"type":"LineString","coordinates":[[-75.48892,26.64834],[-75.46179,26.62114],[-75.48892,26.59394],[-75.51605,26.62114],[-75.48892,26.64834]]},"properties":{"elev":2000,"major":true}},{"type":"Feature","geometry":{"type":"LineString","coordinates":[[-70.09078,26.64834],[-70.06364,26.62114],[-70.09078,26.59394],[-70.11791,26.62114],[-70.09078,26.64834]]},"properties":{"elev":2000,"major":true}},{"type":"Feature","geometry":{"type":"LineString","coordinates":[[-101.67834,26.41898],[-101.63617,26.41309],[-101.59251,26.40976],[-101.594,26.40858],[-101.63617,26.4012],[-101.67834,26.38901],[-101.70774,26.40976],[-101.67834,26.41898]]},"properties":{"elev":2000,"major":true}},{"type":"Feature","geometry":{"type":"LineString","coordinates":[[-105.51608,26.33403],[-105.50212,26.3252],[-105.47391,26.29671],[-105.46581,26.28293],[-105.45528,26.24065],[-105.46516,26.19837],[-105.47391,26.18145],[-105.48469,26.19837],[-105.51608,26.21326],[-105.53655,26.24065],[-105.55985,26.28293],[-105.55826,26.28678],[-105.53062,26.3252],[-105.51608,26.33403]]},"properties":{"elev":2000,"major":true}},{"type":"Feature","geometry":{"type":"LineString","coordinates":[[-105.26305,26.22226],[-105.22087,26.21368],[-105.1787,26.19758],[-105.14,26.1561],[-105.09501,26.11382],[-105.08581,26.07154],[-105.06307,26.02927],[-105.05218,26.01609],[-105.01001,25.9968],[-104.96783,25.98935],[-104.96437,25.98699],[-104.92566,25.94666],[-104.90738,25.90244],[-104.8935,25.86016],[-104.87343,25.81789],[-104.85034,25.77561],[-104.84132,25.7466],[-104.83538,25.73333],[-104.84132,25.72381],[-104.88349,25.73204],[-104.92566,25.76104],[-104.9407,25.77561],[-104.96783,25.80923],[-104.97382,25.81789],[-104.99575,25.86016],[-105.03199,25.90244],[-105.05218,25.92904],[-105.07385,25.94472],[-105.09435,25.96197],[-105.11971,25.98699],[-105.13653,26.00744],[-105.15177,26.02927],[-105.1787,26.0517],[-105.22087,26.08348],[-105.26305,26.11903],[-105.28611,26.1561],[-105.27756,26.19837],[-105.26305,26.22226]]},"properties":{"elev":2000,"major":true}},{"type":"Feature","geometry":{"type":"LineString","coordinates":[[-105.43174,26.16711],[-105.42046,26.1561],[-105.43174,26.14578],[-105.45169,26.1561],[-105.43174,26.16711]]},"properties":{"elev":2000,"major":true}},{"type":"Feature","geometry":{"type":"LineString","coordinates":[[-101.594,25.94514],[-101.594,25.94325],[-101.594,25.94514]]},"properties":{"elev":2000,"major":true}},{"type":"Feature","geometry":{"type":"LineString","coordinates":[[-105.85347,25.94339],[-105.86238,25.90244],[-105.85347,25.8874],[-105.82744,25.90244],[-105.85347,25.94339]]},"properties":{"elev":2000,"major":true}},{"type":"Feature","geometry":{"type":"LineString","coordinates":[[-104.79914,25.69734],[-104.79255,25.69106],[-104.79914,25.66016],[-104.80912,25.69106],[-104.79914,25.69734]]},"properties":{"elev":2000,"major":true}},{"type":"Feature","geometry":{"type":"LineString","coordinates":[[-103.95568,25.69746],[-103.91351,25.67282],[-103.88366,25.64878],[-103.87134,25.62079],[-103.86642,25.6065],[-103.86558,25.56423],[-103.86226,25.52195],[-103.8648,25.47967],[-103.87134,25.4533],[-103.88102,25.47967],[-103.90496,25.52195],[-103.91351,25.52786],[-103.93336,25.56423],[-103.9406,25.6065],[-103.95382,25.64878],[-103.9635,25.69106],[-103.95568,25.69746]]},"properties":{"elev":2000,"major":true}},{"type":"Feature","geometry":{"type":"LineString","coordinates":[[-104.75697,25.6577],[-104.7148,25.62506],[-104.69385,25.6065],[-104.66721,25.56423],[-104.68369,25.52195],[-104.7148,25.50303],[-104.7317,25.52195],[-104.75697,25.55565],[-104.76071,25.56423],[-104.77158,25.6065],[-104.79057,25.64878],[-104.75697,25.6577]]},"properties":{"elev":2000,"major":true}},{"type":"Feature","geometry":{"type":"LineString","coordinates":[[-104.16655,25.65729],[-104.12437,25.65583],[-104.09007,25.6065],[-104.0822,25.57365],[-104.07777,25.56423],[-104.0822,25.56225],[-104.16655,25.59051],[-104.17946,25.6065],[-104.17397,25.64878],[-104.16655,25.65729]]},"properties":{"elev":2000,"major":true}},{"type":"Feature","geometry":{"type":"LineString","coordinates":[[-100.66619,25.61171],[-100.62402,25.61994],[-100.59971,25.6065],[-100.61575,25.56423],[-100.53967,25.54857],[-100.4975,25.53049],[-100.48177,25.52195],[-100.44833,25.47967],[-100.41315,25.4547],[-100.3784,25.4374],[-100.34514,25.39512],[-100.30945,25.35285],[-100.28663,25.3364],[-100.24446,25.31951],[-100.2371,25.31057],[-100.22406,25.26829],[-100.24446,25.24285],[-100.26087,25.22602],[-100.24446,25.19436],[-100.24079,25.18374],[-100.24901,25.14146],[-100.21058,25.09919],[-100.24221,25.05691],[-100.16011,24.98546],[-100.15074,24.97236],[-100.14585,24.8878],[-100.16011,24.8402],[-100.16599,24.80325],[-100.16011,24.7892],[-100.14214,24.76098],[-100.11794,24.72893],[-100.10842,24.7187],[-100.10008,24.67642],[-100.0336,24.6282],[-100.01109,24.63415],[-99.99142,24.64195],[-99.98505,24.63415],[-99.9709,24.59187],[-99.94925,24.57313],[-99.93788,24.54959],[-99.90708,24.51505],[-99.8649,24.50312],[-99.82767,24.46504],[-99.82273,24.44137],[-99.81689,24.42276],[-99.82273,24.40288],[-99.83178,24.38049],[-99.84097,24.33821],[-99.8649,24.29946],[-99.86854,24.29593],[-99.8649,24.27672],[-99.86363,24.25366],[-99.85873,24.21138],[-99.8649,24.20527],[-99.88803,24.16911],[-99.90708,24.15284],[-99.94515,24.12683],[-99.94925,24.1221],[-99.99142,24.13792],[-100.03077,24.16911],[-100.03281,24.21138],[-100.01667,24.25366],[-100.00689,24.29593],[-100.0336,24.32963],[-100.07577,24.33551],[-100.13589,24.38049],[-100.16011,24.39382],[-100.18396,24.42276],[-100.1972,24.46504],[-100.20229,24.49424],[-100.2079,24.50732],[-100.18104,24.54959],[-100.16011,24.57557],[-100.15098,24.59187],[-100.18445,24.63415],[-100.20053,24.67642],[-100.23723,24.7187],[-100.26846,24.76098],[-100.30299,24.80325],[-100.32881,24.83963],[-100.3784,24.8878],[-100.45533,24.97405],[-100.5014,25.01463],[-100.55499,25.05691],[-100.58184,25.07395],[-100.62402,25.10619],[-100.66619,25.12321],[-100.70836,25.12113],[-100.7153,25.09919],[-100.75054,25.08726],[-100.77682,25.09919],[-100.79271,25.10466],[-100.83488,25.11087],[-100.87706,25.10143],[-100.88098,25.09919],[-100.88184,25.05691],[-100.87706,25.05082],[-100.79271,24.99325],[-100.77199,24.97236],[-100.76832,24.93008],[-100.7924,24.8878],[-100.79911,24.84553],[-100.79271,24.83841],[-100.76709,24.80325],[-100.75054,24.79568],[-100.70475,24.76098],[-100.66619,24.73413],[-100.62402,24.6933],[-100.58184,24.66847],[-100.53967,24.6713],[-100.4975,24.64432],[-100.49204,24.63415],[-100.49384,24.59187],[-100.48553,24.54959],[-100.4975,24.53396],[-100.53967,24.5515],[-100.58184,24.548],[-100.62402,24.55064],[-100.66619,24.5866],[-100.70836,24.61377],[-100.72907,24.63415],[-100.75054,24.65768],[-100.76249,24.67642],[-100.79271,24.70967],[-100.79946,24.7187],[-100.82503,24.76098],[-100.83172,24.80325],[-100.87835,24.84553],[-100.91923,24.87069],[-101.00612,24.93008],[-101.0148,24.97236],[-101.04575,25.00383],[-101.08792,25.01158],[-101.13009,25.0045],[-101.17227,25.01756],[-101.21444,25.01881],[-101.21964,25.01463],[-101.18939,24.97236],[-101.21444,24.95796],[-101.25661,24.94894],[-101.29878,24.95591],[-101.32497,24.97236],[-101.34096,24.99641],[-101.38313,24.98251],[-101.39468,24.97236],[-101.4253,24.95194],[-101.46748,24.95693],[-101.50244,24.97236],[-101.55182,25.00728],[-101.56046,25.01463],[-101.58072,25.05691],[-101.594,25.06133],[-101.63617,25.08095],[-101.67834,25.11075],[-101.72051,25.12839],[-101.74204,25.14146],[-101.76269,25.17975],[-101.76731,25.18374],[-101.80486,25.19929],[-101.88921,25.22029],[-101.93138,25.24828],[-101.97355,25.26033],[-101.99513,25.26829],[-102.01573,25.2848],[-102.0579,25.28884],[-102.10007,25.28619],[-102.1152,25.31057],[-102.10007,25.3273],[-102.0579,25.32261],[-102.01573,25.33266],[-101.97355,25.33266],[-101.93138,25.3174],[-101.91925,25.31057],[-101.88921,25.28758],[-101.84703,25.26998],[-101.82973,25.26829],[-101.80486,25.2638],[-101.79384,25.26829],[-101.76269,25.27614],[-101.72051,25.2767],[-101.67834,25.27887],[-101.594,25.25802],[-101.55182,25.25111],[-101.50965,25.24699],[-101.38313,25.24153],[-101.34096,25.23506],[-101.31606,25.22602],[-101.29878,25.22128],[-101.22625,25.18374],[-101.21444,25.18051],[-101.17227,25.17409],[-101.13009,25.15759],[-101.08792,25.16435],[-101.07037,25.18374],[-101.07134,25.22602],[-101.08175,25.26829],[-101.04575,25.29914],[-101.03514,25.31057],[-101.00357,25.32917],[-100.9614,25.35178],[-100.91923,25.36996],[-100.83488,25.39291],[-100.83179,25.39512],[-100.79271,25.42815],[-100.78683,25.4374],[-100.79777,25.47967],[-100.79271,25.48495],[-100.75054,25.50941],[-100.73411,25.52195],[-100.70836,25.54847],[-100.67934,25.56423],[-100.67555,25.6065],[-100.66619,25.61171]]},"properties":{"elev":2000,"major":true}},{"type":"Feature","geometry":{"type":"LineString","coordinates":[[-102.39528,25.43765],[-102.35311,25.44646],[-102.31094,25.44628],[-102.29129,25.4374],[-102.26876,25.41935],[-102.24578,25.39512],[-102.23083,25.35285],[-102.26876,25.34599],[-102.28022,25.35285],[-102.31094,25.37592],[-102.35344,25.39512],[-102.39683,25.4374],[-102.39528,25.43765]]},"properties":{"elev":2000,"major":true}},{"type":"Feature","geometry":{"type":"LineString","coordinates":[[-101.13009,25.38044],[-101.09826,25.35285],[-101.10396,25.31057],[-101.13009,25.29211],[-101.17227,25.3041],[-101.1804,25.31057],[-101.17038,25.35285],[-101.13009,25.38044]]},"properties":{"elev":2000,"major":true}},{"type":"Feature","geometry":{"type":"LineString","coordinates":[[-100.28663,25.27519],[-100.31622,25.26829],[-100.28663,25.2598],[-100.27791,25.26829],[-100.28663,25.27519]]},"properties":{"elev":2000,"major":true}},{"type":"Feature","geometry":{"type":"LineString","coordinates":[[-100.16011,25.2011],[-100.15079,25.18374],[-100.16011,25.17422],[-100.17131,25.18374],[-100.16011,25.2011]]},"properties":{"elev":2000,"major":true}},{"type":"Feature","geometry":{"type":"LineString","coordinates":[[-103.28091,25.16602],[-103.23874,25.16309],[-103.19657,25.15752],[-103.16506,25.14146],[-103.18774,25.09919],[-103.19657,25.09463],[-103.23874,25.09466],[-103.24652,25.09919],[-103.29755,25.14146],[-103.28091,25.16602]]},"properties":{"elev":2000,"major":true}},{"type":"Feature","geometry":{"type":"LineString","coordinates":[[-121.58399,25.12772],[-121.55553,25.09919],[-121.58399,25.07065],[-121.61245,25.09919],[-121.58399,25.12772]]},"properties":{"elev":2000,"major":true}},{"type":"Feature","geometry":{"type":"LineString","coordinates":[[-89.19514,25.12772],[-89.16668,25.09919],[-89.19514,25.07065],[-89.2236,25.09919],[-89.19514,25.12772]]},"properties":{"elev":2000,"major":true}},{"type":"Feature","geometry":{"type":"LineString","coordinates":[[-73.00071,25.12772],[-72.97225,25.09919],[-73.00071,25.07065],[-73.02918,25.09919],[-73.00071,25.12772]]},"properties":{"elev":2000,"major":true}},{"type":"Feature","geometry":{"type":"LineString","coordinates":[[-67.60257,25.12772],[-67.57411,25.09919],[-67.60257,25.07065],[-67.63104,25.09919],[-67.60257,25.12772]]},"properties":{"elev":2000,"major":true}},{"type":"Feature","geometry":{"type":"LineString","coordinates":[[-106.48606,25.01007],[-106.46968,24.97236],[-106.4684,24.93008],[-106.48606,24.9088],[-106.52823,24.92085],[-106.54116,24.93008],[-106.52823,24.94812],[-106.51379,24.97236],[-106.48606,25.01007]]},"properties":{"elev":2000,"major":true}},{"type":"Feature","geometry":{"type":"LineString","coordinates":[[-100.58184,24.90121],[-100.53967,24.89692],[-100.4975,24.86708],[-100.47204,24.84553],[-100.45533,24.83473],[-100.42554,24.80325],[-100.41315,24.78723],[-100.38709,24.76098],[-100.37098,24.74859],[-100.3383,24.7187],[-100.31554,24.67642],[-100.30883,24.63415],[-100.31956,24.59187],[-100.32881,24.57976],[-100.37098,24.59695],[-100.3945,24.63415],[-100.41315,24.6731],[-100.41656,24.67642],[-100.45533,24.69281],[-100.4975,24.70498],[-100.50788,24.7187],[-100.53967,24.73404],[-100.56603,24.76098],[-100.59012,24.80325],[-100.59794,24.84553],[-100.59807,24.8878],[-100.58184,24.90121]]},"properties":{"elev":2000,"major":true}},{"type":"Feature","geometry":{"type":"LineString","coordinates":[[-102.22659,24.84926],[-102.18442,24.85996],[-102.14224,24.86372],[-102.10659,24.84553],[-102.10007,24.84029],[-102.07645,24.80325],[-102.07472,24.76098],[-102.13263,24.7187],[-102.14224,24.69435],[-102.14765,24.67642],[-102.14224,24.67247],[-102.11881,24.63415],[-102.10007,24.58633],[-102.07047,24.54959],[-102.0579,24.53121],[-102.01573,24.52439],[-101.99722,24.50732],[-101.97355,24.47429],[-101.90547,24.42276],[-101.90693,24.38049],[-101.93138,24.35143],[-101.94437,24.33821],[-101.9572,24.29593],[-101.97355,24.26672],[-101.9853,24.29593],[-101.99133,24.33821],[-102.01129,24.38049],[-102.01573,24.38414],[-102.08007,24.46504],[-102.10007,24.47789],[-102.14224,24.49462],[-102.16097,24.50732],[-102.18442,24.53391],[-102.19415,24.54959],[-102.21125,24.59187],[-102.21973,24.63415],[-102.20145,24.67642],[-102.18776,24.7187],[-102.20128,24.76098],[-102.22659,24.78031],[-102.24268,24.80325],[-102.23221,24.84553],[-102.22659,24.84926]]},"properties":{"elev":2000,"major":true}},{"type":"Feature","geometry":{"type":"LineString","coordinates":[[-101.67834,24.86016],[-101.63617,24.84583],[-101.59217,24.80325],[-101.5397,24.76098],[-101.51504,24.7187],[-101.46212,24.67642],[-101.4253,24.65923],[-101.39793,24.63415],[-101.38313,24.60139],[-101.37599,24.59187],[-101.3627,24.54959],[-101.37103,24.50732],[-101.3856,24.46504],[-101.40286,24.42276],[-101.41771,24.38049],[-101.4253,24.36889],[-101.46748,24.36961],[-101.55182,24.39656],[-101.57113,24.42276],[-101.594,24.43843],[-101.61577,24.46504],[-101.63617,24.50269],[-101.66193,24.59187],[-101.67834,24.63404],[-101.72027,24.67642],[-101.68439,24.7187],[-101.70999,24.76098],[-101.74233,24.80325],[-101.72051,24.83227],[-101.70722,24.84553],[-101.67834,24.86016]]},"properties":{"elev":2000,"major":true}},{"type":"Feature","geometry":{"type":"LineString","coordinates":[[-103.87134,24.76569],[-103.86495,24.76098],[-103.87134,24.75173],[-103.88154,24.76098],[-103.87134,24.76569]]},"properties":{"elev":2000,"major":true}},{"type":"Feature","geometry":{"type":"LineString","coordinates":[[-101.21444,24.77444],[-101.19509,24.76098],[-101.21444,24.75092],[-101.24216,24.76098],[-101.21444,24.77444]]},"properties":{"elev":2000,"major":true}},{"type":"Feature","geometry":{"type":"LineString","coordinates":[[-104.29307,24.75319],[-104.25089,24.75063],[-104.20872,24.75573],[-104.16655,24.74958],[-104.13332,24.7187],[-104.12437,24.68381],[-104.11923,24.67642],[-104.0822,24.6552],[-104.05514,24.63415],[-104.01162,24.59187],[-103.99786,24.55601],[-103.99419,24.54959],[-103.99786,24.52318],[-104.00209,24.50732],[-104.04003,24.4688],[-104.04804,24.46504],[-104.0822,24.44358],[-104.12437,24.413],[-104.16655,24.39128],[-104.20872,24.37565],[-104.25089,24.36611],[-104.28128,24.33821],[-104.29307,24.30192],[-104.30177,24.33821],[-104.30377,24.38049],[-104.33524,24.41129],[-104.37741,24.43632],[-104.39335,24.42276],[-104.42055,24.38049],[-104.46176,24.34918],[-104.50393,24.36585],[-104.5461,24.39665],[-104.5752,24.42276],[-104.58828,24.42907],[-104.62234,24.46504],[-104.63045,24.47903],[-104.64989,24.50732],[-104.65136,24.54959],[-104.63045,24.62099],[-104.62187,24.63415],[-104.58828,24.65008],[-104.56623,24.63415],[-104.5461,24.62706],[-104.50393,24.60829],[-104.47255,24.59187],[-104.41959,24.55498],[-104.39904,24.59187],[-104.39116,24.63415],[-104.38084,24.67642],[-104.37741,24.68005],[-104.33524,24.69458],[-104.31383,24.7187],[-104.29307,24.75319]]},"properties":{"elev":2000,"major":true}},{"type":"Feature","geometry":{"type":"LineString","coordinates":[[-101.17227,24.69671],[-101.13009,24.7072],[-101.08792,24.68512],[-101.04575,24.64889],[-101.03297,24.63415],[-101.00357,24.61084],[-100.98226,24.59187],[-100.9614,24.5718],[-100.94243,24.54959],[-100.92527,24.50732],[-100.91767,24.46504],[-100.91923,24.45476],[-100.92963,24.42276],[-100.9614,24.39001],[-101.00357,24.39375],[-101.04575,24.40492],[-101.08512,24.38049],[-101.08792,24.3761],[-101.0944,24.33821],[-101.08792,24.31357],[-101.04575,24.31599],[-101.00357,24.36296],[-100.9614,24.35688],[-100.95454,24.33821],[-100.94512,24.29593],[-100.95444,24.25366],[-100.9614,24.24566],[-101.03683,24.21138],[-101.03925,24.16911],[-101.04575,24.14098],[-101.05134,24.12683],[-101.08792,24.08835],[-101.13009,24.09186],[-101.17227,24.08997],[-101.21444,24.09066],[-101.25661,24.10339],[-101.28058,24.12683],[-101.28367,24.16911],[-101.25661,24.17865],[-101.22291,24.21138],[-101.21444,24.23418],[-101.20922,24.25366],[-101.22181,24.29593],[-101.22176,24.33821],[-101.21444,24.35067],[-101.17227,24.38636],[-101.15294,24.42276],[-101.14842,24.46504],[-101.13877,24.50732],[-101.15189,24.54959],[-101.1777,24.67642],[-101.17227,24.69671]]},"properties":{"elev":2000,"major":true}},{"type":"Feature","geometry":{"type":"LineString","coordinates":[[-101.84703,24.51447],[-101.80486,24.49782],[-101.77063,24.46504],[-101.76269,24.44627],[-101.74957,24.42276],[-101.72051,24.38302],[-101.67834,24.34394],[-101.63617,24.3541],[-101.594,24.37307],[-101.55182,24.34605],[-101.54981,24.33821],[-101.50965,24.28391],[-101.48507,24.25366],[-101.49101,24.21138],[-101.50965,24.19207],[-101.55182,24.17606],[-101.594,24.17234],[-101.63617,24.18187],[-101.66199,24.21138],[-101.68324,24.25366],[-101.69643,24.29593],[-101.72051,24.33685],[-101.76269,24.35243],[-101.84112,24.42276],[-101.84703,24.42902],[-101.87178,24.46504],[-101.86359,24.50732],[-101.84703,24.51447]]},"properties":{"elev":2000,"major":true}},{"type":"Feature","geometry":{"type":"LineString","coordinates":[[-100.28663,24.38825],[-100.28187,24.38049],[-100.27324,24.33821],[-100.28311,24.29593],[-100.28663,24.29158],[-100.29711,24.29593],[-100.32881,24.32434],[-100.33497,24.33821],[-100.32881,24.35712],[-100.30622,24.38049],[-100.28663,24.38825]]},"properties":{"elev":2000,"major":true}},{"type":"Feature","geometry":{"type":"LineString","coordinates":[[-99.99142,24.0521],[-99.97969,24.04228],[-99.99142,24.03471],[-99.99503,24.04228],[-99.99142,24.0521]]},"properties":{"elev":2000,"major":true}},{"type":"Feature","geometry":{"type":"LineString","coordinates":[[-66.568,39.03061],[-66.56789,39.00813],[-66.59042,38.98555],[-66.61295,39.00813]]},"properties":{"elev":3000,"major":false}},{"type":"Feature","geometry":{"type":"LineString","coordinates":[[-66.4782,39.03607],[-66.4782,39.00813],[-66.50608,38.98019],[-66.53395,39.00813],[-66.53386,39.03598]]},"properties":{"elev":3000,"major":false}},{"type":"Feature","geometry":{"type":"LineString","coordinates":[[-70.42921,39.00708],[-70.42816,39.00918],[-70.42712,39.00813]]},"properties":{"elev":3000,"major":false}},{"type":"Feature","geometry":{"type":"LineString","coordinates":[[-66.08108,37.86994],[-66.08108,37.86667],[-66.08435,37.86339],[-66.08762,37.86667]]},"properties":{"elev":3000,"major":false}},{"type":"Feature","geometry":{"type":"LineString","coordinates":[[-68.2406,37.61845],[-68.23517,37.61845],[-68.22974,37.61301],[-68.23517,37.60756],[-68.2406,37.60756]]},"properties":{"elev":3000,"major":false}},{"type":"Feature","geometry":{"type":"LineString","coordinates":[[-70.87159,36.66118],[-70.87159,36.64065],[-70.89207,36.62012],[-70.91255,36.62012]]},"properties":{"elev":3000,"major":false}},{"type":"Feature","geometry":{"type":"LineString","coordinates":[[-67.89778,36.63236],[-67.90606,36.64065],[-67.89778,36.64894],[-67.88951,36.64894]]},"properties":{"elev":3000,"major":false}},{"type":"Feature","geometry":{"type":"LineString","coordinates":[[-67.24313,36.57627],[-67.22302,36.57626],[-67.2029,36.5561],[-67.22302,36.53593],[-67.24313,36.53593]]},"properties":{"elev":3000,"major":false}},{"type":"Feature","geometry":{"type":"LineString","coordinates":[[-66.23798,36.37189],[-66.21086,36.37189],[-66.18375,36.34472],[-66.18375,36.31754]]},"properties":{"elev":3000,"major":false}},{"type":"Feature","geometry":{"type":"LineString","coordinates":[[-70.3277,36.3186],[-70.3277,36.34472],[-70.30164,36.37083],[-70.27559,36.34472]]},"properties":{"elev":3000,"major":false}},{"type":"Feature","geometry":{"type":"LineString","coordinates":[[-70.6299,36.16646],[-70.63903,36.16646],[-70.64815,36.17561],[-70.63903,36.18476]]},"properties":{"elev":3000,"major":false}},{"type":"Feature","geometry":{"type":"LineString","coordinates":[[-69.33167,36.09992],[-69.32282,36.09106],[-69.33167,36.08219],[-69.34051,36.08219]]},"properties":{"elev":3000,"major":false}},{"type":"Feature","geometry":{"type":"LineString","coordinates":[[-69.1567,36.12704],[-69.16297,36.12704],[-69.16925,36.13333],[-69.16925,36.13962]]},"properties":{"elev":3000,"major":false}},{"type":"Feature","geometry":{"type":"LineString","coordinates":[[-70.62342,35.97988],[-70.62342,36.0065],[-70.59685,36.03313],[-70.57029,36.03313]]},"properties":{"elev":3000,"major":false}},{"type":"Feature","geometry":{"type":"LineString","coordinates":[[-67.10855,35.74076],[-67.10855,35.75285],[-67.0965,35.76493],[-67.08445,35.75285]]},"properties":{"elev":3000,"major":false}},{"type":"Feature","geometry":{"type":"LineString","coordinates":[[-70.71881,35.46149],[-70.71881,35.45691],[-70.677,35.41463],[-70.677,35.41042]]},"properties":{"elev":3000,"major":false}},{"type":"Feature","geometry":{"type":"LineString","coordinates":[[-69.64499,34.96775],[-69.66905,34.96775],[-69.69311,34.99187],[-69.69311,35.01599]]},"properties":{"elev":3000,"major":false}},{"type":"Feature","geometry":{"type":"LineString","coordinates":[[-70.10849,34.93184],[-70.10849,34.90732],[-70.13295,34.88279],[-70.15742,34.88279]]},"properties":{"elev":3000,"major":false}},{"type":"Feature","geometry":{"type":"LineString","coordinates":[[-70.57591,34.88632],[-70.59685,34.88632],[-70.6178,34.90732],[-70.59685,34.92832]]},"properties":{"elev":3000,"major":false}},{"type":"Feature","geometry":{"type":"LineString","coordinates":[[-120.54941,33.61923],[-120.54931,33.59675],[-120.57184,33.57416],[-120.59437,33.59675]]},"properties":{"elev":3000,"major":false}},{"type":"Feature","geometry":{"type":"LineString","coordinates":[[-120.45962,33.62469],[-120.45962,33.59675],[-120.48749,33.5688],[-120.51537,33.59675],[-120.51527,33.6246]]},"properties":{"elev":3000,"major":false}},{"type":"Feature","geometry":{"type":"LineString","coordinates":[[-71.96614,33.61923],[-71.96603,33.59675],[-71.98856,33.57416],[-72.01109,33.59675]]},"properties":{"elev":3000,"major":false}},{"type":"Feature","geometry":{"type":"LineString","coordinates":[[-71.87634,33.62469],[-71.87634,33.59675],[-71.90422,33.5688],[-71.93209,33.59675],[-71.932,33.6246]]},"properties":{"elev":3000,"major":false}},{"type":"Feature","geometry":{"type":"LineString","coordinates":[[-66.568,33.61923],[-66.56789,33.59675],[-66.59042,33.57416],[-66.61295,33.59675]]},"properties":{"elev":3000,"major":false}},{"type":"Feature","geometry":{"type":"LineString","coordinates":[[-66.4782,33.62469],[-66.4782,33.59675],[-66.50608,33.5688],[-66.53395,33.59675],[-66.53386,33.6246]]},"properties":{"elev":3000,"major":false}},{"type":"Feature","geometry":{"type":"LineString","coordinates":[[-124.41062,33.5957],[-124.40958,33.5978],[-124.40853,33.59675]]},"properties":{"elev":3000,"major":false}},{"type":"Feature","geometry":{"type":"LineString","coordinates":[[-75.82735,33.5957],[-75.8263,33.5978],[-75.82526,33.59675]]},"properties":{"elev":3000,"major":false}},{"type":"Feature","geometry":{"type":"LineString","coordinates":[[-70.42921,33.5957],[-70.42816,33.5978],[-70.42712,33.59675]]},"properties":{"elev":3000,"major":false}},{"type":"Feature","geometry":{"type":"LineString","coordinates":[[-119.67106,32.9897],[-119.6862,32.9897],[-119.70135,33.00488],[-119.6862,33.02006],[-119.67106,33.02006]]},"properties":{"elev":3000,"major":false}},{"type":"Feature","geometry":{"type":"LineString","coordinates":[[-71.08779,32.9897],[-71.10293,32.9897],[-71.11807,33.00488],[-71.10293,33.02006],[-71.08779,33.02006]]},"properties":{"elev":3000,"major":false}},{"type":"Feature","geometry":{"type":"LineString","coordinates":[[-120.06249,32.45856],[-120.06249,32.45528],[-120.06576,32.45201],[-120.06903,32.45528]]},"properties":{"elev":3000,"major":false}},{"type":"Feature","geometry":{"type":"LineString","coordinates":[[-71.47922,32.45856],[-71.47922,32.45528],[-71.48249,32.45201],[-71.48576,32.45528]]},"properties":{"elev":3000,"major":false}},{"type":"Feature","geometry":{"type":"LineString","coordinates":[[-66.08108,32.45856],[-66.08108,32.45528],[-66.08435,32.45201],[-66.08762,32.45528]]},"properties":{"elev":3000,"major":false}},{"type":"Feature","geometry":{"type":"LineString","coordinates":[[-122.22202,32.20707],[-122.21658,32.20707],[-122.21116,32.20163],[-122.21658,32.19618],[-122.22202,32.19618]]},"properties":{"elev":3000,"major":false}},{"type":"Feature","geometry":{"type":"LineString","coordinates":[[-73.63874,32.20707],[-73.63331,32.20707],[-73.62788,32.20163],[-73.63331,32.19618],[-73.63874,32.19618]]},"properties":{"elev":3000,"major":false}},{"type":"Feature","geometry":{"type":"LineString","coordinates":[[-68.2406,32.20707],[-68.23517,32.20707],[-68.22974,32.20163],[-68.23517,32.19618],[-68.2406,32.19618]]},"properties":{"elev":3000,"major":false}},{"type":"Feature","geometry":{"type":"LineString","coordinates":[[-124.853,31.2498],[-124.853,31.22927],[-124.87348,31.20874],[-124.89396,31.20874]]},"properties":{"elev":3000,"major":false}},{"type":"Feature","geometry":{"type":"LineString","coordinates":[[-76.26973,31.2498],[-76.26973,31.22927],[-76.29021,31.20874],[-76.31069,31.20874]]},"properties":{"elev":3000,"major":false}},{"type":"Feature","geometry":{"type":"LineString","coordinates":[[-70.87159,31.2498],[-70.87159,31.22927],[-70.89207,31.20874],[-70.91255,31.20874]]},"properties":{"elev":3000,"major":false}},{"type":"Feature","geometry":{"type":"LineString","coordinates":[[-121.8792,31.22097],[-121.88747,31.22927],[-121.8792,31.23756],[-121.87093,31.23756]]},"properties":{"elev":3000,"major":false}},{"type":"Feature","geometry":{"type":"LineString","coordinates":[[-73.29593,31.22097],[-73.3042,31.22927],[-73.29593,31.23756],[-73.28765,31.23756]]},"properties":{"elev":3000,"major":false}},{"type":"Feature","geometry":{"type":"LineString","coordinates":[[-67.89778,31.22097],[-67.90606,31.22927],[-67.89778,31.23756],[-67.88951,31.23756]]},"properties":{"elev":3000,"major":false}},{"type":"Feature","geometry":{"type":"LineString","coordinates":[[-121.22455,31.16488],[-121.20443,31.16488],[-121.18431,31.14472],[-121.20443,31.12455],[-121.22455,31.12455]]},"properties":{"elev":3000,"major":false}},{"type":"Feature","geometry":{"type":"LineString","coordinates":[[-72.64128,31.16488],[-72.62116,31.16488],[-72.60104,31.14472],[-72.62116,31.12455],[-72.64128,31.12455]]},"properties":{"elev":3000,"major":false}},{"type":"Feature","geometry":{"type":"LineString","coordinates":[[-67.24313,31.16488],[-67.22302,31.16488],[-67.2029,31.14472],[-67.22302,31.12455],[-67.24313,31.12455]]},"properties":{"elev":3000,"major":false}},{"type":"Feature","geometry":{"type":"LineString","coordinates":[[-120.21939,30.96051],[-120.19228,30.96051],[-120.16517,30.93333],[-120.16517,30.90615]]},"properties":{"elev":3000,"major":false}},{"type":"Feature","geometry":{"type":"LineString","coordinates":[[-71.63612,30.96051],[-71.60901,30.96051],[-71.58189,30.93333],[-71.58189,30.90615]]},"properties":{"elev":3000,"major":false}},{"type":"Feature","geometry":{"type":"LineString","coordinates":[[-66.23798,30.96051],[-66.21086,30.96051],[-66.18375,30.93333],[-66.18375,30.90615]]},"properties":{"elev":3000,"major":false}},{"type":"Feature","geometry":{"type":"LineString","coordinates":[[-124.30911,30.90722],[-124.30911,30.93333],[-124.28306,30.95945],[-124.25701,30.93333]]},"properties":{"elev":3000,"major":false}},{"type":"Feature","geometry":{"type":"LineString","coordinates":[[-75.72584,30.90722],[-75.72584,30.93333],[-75.69979,30.95945],[-75.67373,30.93333]]},"properties":{"elev":3000,"major":false}},{"type":"Feature","geometry":{"type":"LineString","coordinates":[[-70.3277,30.90722],[-70.3277,30.93333],[-70.30164,30.95945],[-70.27559,30.93333]]},"properties":{"elev":3000,"major":false}},{"type":"Feature","geometry":{"type":"LineString","coordinates":[[-124.61132,30.75508],[-124.62044,30.75508],[-124.62957,30.76423],[-124.62044,30.77337]]},"properties":{"elev":3000,"major":false}},{"type":"Feature","geometry":{"type":"LineString","coordinates":[[-76.02805,30.75508],[-76.03717,30.75508],[-76.04629,30.76423],[-76.03717,30.77337]]},"properties":{"elev":3000,"major":false}},{"type":"Feature","geometry":{"type":"LineString","coordinates":[[-70.6299,30.75508],[-70.63903,30.75508],[-70.64815,30.76423],[-70.63903,30.77337]]},"properties":{"elev":3000,"major":false}},{"type":"Feature","geometry":{"type":"LineString","coordinates":[[-123.31308,30.68854],[-123.30424,30.67967],[-123.31308,30.67081],[-123.32193,30.67081]]},"properties":{"elev":3000,"major":false}},{"type":"Feature","geometry":{"type":"LineString","coordinates":[[-123.13812,30.71566],[-123.14439,30.71566],[-123.15066,30.72195],[-123.15066,30.72824]]},"properties":{"elev":3000,"major":false}},{"type":"Feature","geometry":{"type":"LineString","coordinates":[[-74.72981,30.68854],[-74.72096,30.67967],[-74.72981,30.67081],[-74.73865,30.67081]]},"properties":{"elev":3000,"major":false}},{"type":"Feature","geometry":{"type":"LineString","coordinates":[[-74.55484,30.71566],[-74.56112,30.71566],[-74.56739,30.72195],[-74.56739,30.72824]]},"properties":{"elev":3000,"major":false}},{"type":"Feature","geometry":{"type":"LineString","coordinates":[[-69.33167,30.68854],[-69.32282,30.67967],[-69.33167,30.67081],[-69.34051,30.67081]]},"properties":{"elev":3000,"major":false}},{"type":"Feature","geometry":{"type":"LineString","coordinates":[[-69.1567,30.71566],[-69.16297,30.71566],[-69.16925,30.72195],[-69.16925,30.72824]]},"properties":{"elev":3000,"major":false}},{"type":"Feature","geometry":{"type":"LineString","coordinates":[[-124.60483,30.56849],[-124.60483,30.59512],[-124.57827,30.62175],[-124.55171,30.62175]]},"properties":{"elev":3000,"major":false}},{"type":"Feature","geometry":{"type":"LineString","coordinates":[[-76.02156,30.56849],[-76.02156,30.59512],[-75.995,30.62175],[-75.96843,30.62175]]},"properties":{"elev":3000,"major":false}},{"type":"Feature","geometry":{"type":"LineString","coordinates":[[-70.62342,30.56849],[-70.62342,30.59512],[-70.59685,30.62175],[-70.57029,30.62175]]},"properties":{"elev":3000,"major":false}},{"type":"Feature","geometry":{"type":"LineString","coordinates":[[-121.08997,30.32938],[-121.08997,30.34146],[-121.07791,30.35355],[-121.06586,30.34146]]},"properties":{"elev":3000,"major":false}},{"type":"Feature","geometry":{"type":"LineString","coordinates":[[-72.50669,30.32938],[-72.50669,30.34146],[-72.49464,30.35355],[-72.48259,30.34146]]},"properties":{"elev":3000,"major":false}},{"type":"Feature","geometry":{"type":"LineString","coordinates":[[-67.10855,30.32938],[-67.10855,30.34146],[-67.0965,30.35355],[-67.08445,30.34146]]},"properties":{"elev":3000,"major":false}},{"type":"Feature","geometry":{"type":"LineString","coordinates":[[-124.70022,30.05011],[-124.70022,30.04553],[-124.65841,30.00325],[-124.65841,29.99904]]},"properties":{"elev":3000,"major":false}},{"type":"Feature","geometry":{"type":"LineString","coordinates":[[-76.11695,30.05011],[-76.11695,30.04553],[-76.07514,30.00325],[-76.07514,29.99904]]},"properties":{"elev":3000,"major":false}},{"type":"Feature","geometry":{"type":"LineString","coordinates":[[-70.71881,30.05011],[-70.71881,30.04553],[-70.677,30.00325],[-70.677,29.99904]]},"properties":{"elev":3000,"major":false}},{"type":"Feature","geometry":{"type":"LineString","coordinates":[[-123.62641,29.55637],[-123.65046,29.55637],[-123.67452,29.58049],[-123.67452,29.60461]]},"properties":{"elev":3000,"major":false}},{"type":"Feature","geometry":{"type":"LineString","coordinates":[[-75.04313,29.55637],[-75.06719,29.55637],[-75.09125,29.58049],[-75.09125,29.60461]]},"properties":{"elev":3000,"major":false}},{"type":"Feature","geometry":{"type":"LineString","coordinates":[[-69.64499,29.55637],[-69.66905,29.55637],[-69.69311,29.58049],[-69.69311,29.60461]]},"properties":{"elev":3000,"major":false}},{"type":"Feature","geometry":{"type":"LineString","coordinates":[[-124.0899,29.52046],[-124.0899,29.49593],[-124.11437,29.47141],[-124.13883,29.47141]]},"properties":{"elev":3000,"major":false}},{"type":"Feature","geometry":{"type":"LineString","coordinates":[[-75.50663,29.52046],[-75.50663,29.49593],[-75.53109,29.47141],[-75.55556,29.47141]]},"properties":{"elev":3000,"major":false}},{"type":"Feature","geometry":{"type":"LineString","coordinates":[[-70.10849,29.52046],[-70.10849,29.49593],[-70.13295,29.47141],[-70.15742,29.47141]]},"properties":{"elev":3000,"major":false}},{"type":"Feature","geometry":{"type":"LineString","coordinates":[[-124.55732,29.47494],[-124.57827,29.47494],[-124.59922,29.49593],[-124.57827,29.51693]]},"properties":{"elev":3000,"major":false}},{"type":"Feature","geometry":{"type":"LineString","coordinates":[[-75.97405,29.47494],[-75.995,29.47494],[-76.01594,29.49593],[-75.995,29.51693]]},"properties":{"elev":3000,"major":false}},{"type":"Feature","geometry":{"type":"LineString","coordinates":[[-70.57591,29.47494],[-70.59685,29.47494],[-70.6178,29.49593],[-70.59685,29.51693]]},"properties":{"elev":3000,"major":false}},{"type":"Feature","geometry":{"type":"LineString","coordinates":[[-120.54941,28.20785],[-120.54931,28.18537],[-120.57184,28.16278],[-120.59437,28.18537]]},"properties":{"elev":3000,"major":false}},{"type":"Feature","geometry":{"type":"LineString","coordinates":[[-120.45962,28.21331],[-120.45962,28.18537],[-120.48749,28.15742],[-120.51537,28.18537],[-120.51527,28.21322]]},"properties":{"elev":3000,"major":false}},{"type":"Feature","geometry":{"type":"LineString","coordinates":[[-88.16056,28.20785],[-88.16046,28.18537],[-88.18299,28.16278],[-88.20552,28.18537]]},"properties":{"elev":3000,"major":false}},{"type":"Feature","geometry":{"type":"LineString","coordinates":[[-88.07077,28.21331],[-88.07077,28.18537],[-88.09864,28.15742],[-88.12652,28.18537],[-88.12642,28.21322]]},"properties":{"elev":3000,"major":false}},{"type":"Feature","geometry":{"type":"LineString","coordinates":[[-71.96614,28.20785],[-71.96603,28.18537],[-71.98856,28.16278],[-72.01109,28.18537]]},"properties":{"elev":3000,"major":false}},{"type":"Feature","geometry":{"type":"LineString","coordinates":[[-71.87634,28.21331],[-71.87634,28.18537],[-71.90422,28.15742],[-71.93209,28.18537],[-71.932,28.21322]]},"properties":{"elev":3000,"major":false}},{"type":"Feature","geometry":{"type":"LineString","coordinates":[[-66.568,28.20785],[-66.56789,28.18537],[-66.59042,28.16278],[-66.61295,28.18537]]},"properties":{"elev":3000,"major":false}},{"type":"Feature","geometry":{"type":"LineString","coordinates":[[-66.4782,28.21331],[-66.4782,28.18537],[-66.50608,28.15742],[-66.53395,28.18537],[-66.53386,28.21322]]},"properties":{"elev":3000,"major":false}},{"type":"Feature","geometry":{"type":"LineString","coordinates":[[-124.41062,28.18432],[-124.40958,28.18641],[-124.40853,28.18537]]},"properties":{"elev":3000,"major":false}},{"type":"Feature","geometry":{"type":"LineString","coordinates":[[-92.02177,28.18432],[-92.02073,28.18641],[-92.01968,28.18537]]},"properties":{"elev":3000,"major":false}},{"type":"Feature","geometry":{"type":"LineString","coordinates":[[-75.82735,28.18432],[-75.8263,28.18641],[-75.82526,28.18537]]},"properties":{"elev":3000,"major":false}},{"type":"Feature","geometry":{"type":"LineString","coordinates":[[-70.42921,28.18432],[-70.42816,28.18641],[-70.42712,28.18537]]},"properties":{"elev":3000,"major":false}},{"type":"Feature","geometry":{"type":"LineString","coordinates":[[-119.67106,27.57832],[-119.6862,27.57832],[-119.70135,27.5935],[-119.6862,27.60868],[-119.67106,27.60868]]},"properties":{"elev":3000,"major":false}},{"type":"Feature","geometry":{"type":"LineString","coordinates":[[-87.28221,27.57832],[-87.29736,27.57832],[-87.3125,27.5935],[-87.29736,27.60868],[-87.28221,27.60868]]},"properties":{"elev":3000,"major":false}},{"type":"Feature","geometry":{"type":"LineString","coordinates":[[-71.08779,27.57832],[-71.10293,27.57832],[-71.11807,27.5935],[-71.10293,27.60868],[-71.08779,27.60868]]},"properties":{"elev":3000,"major":false}},{"type":"Feature","geometry":{"type":"LineString","coordinates":[[-120.06249,27.04718],[-120.06249,27.0439],[-120.06576,27.04062],[-120.06903,27.0439]]},"properties":{"elev":3000,"major":false}},{"type":"Feature","geometry":{"type":"LineString","coordinates":[[-87.67364,27.04718],[-87.67364,27.0439],[-87.67691,27.04062],[-87.68018,27.0439]]},"properties":{"elev":3000,"major":false}},{"type":"Feature","geometry":{"type":"LineString","coordinates":[[-71.47922,27.04718],[-71.47922,27.0439],[-71.48249,27.04062],[-71.48576,27.0439]]},"properties":{"elev":3000,"major":false}},{"type":"Feature","geometry":{"type":"LineString","coordinates":[[-66.08108,27.04718],[-66.08108,27.0439],[-66.08435,27.04062],[-66.08762,27.0439]]},"properties":{"elev":3000,"major":false}},{"type":"Feature","geometry":{"type":"LineString","coordinates":[[-122.22202,26.79569],[-122.21658,26.79569],[-122.21116,26.79024],[-122.21658,26.7848],[-122.22202,26.7848]]},"properties":{"elev":3000,"major":false}},{"type":"Feature","geometry":{"type":"LineString","coordinates":[[-89.83317,26.79569],[-89.82773,26.79569],[-89.82231,26.79024],[-89.82773,26.7848],[-89.83317,26.7848]]},"properties":{"elev":3000,"major":false}},{"type":"Feature","geometry":{"type":"LineString","coordinates":[[-73.63874,26.79569],[-73.63331,26.79569],[-73.62788,26.79024],[-73.63331,26.7848],[-73.63874,26.7848]]},"properties":{"elev":3000,"major":false}},{"type":"Feature","geometry":{"type":"LineString","coordinates":[[-68.2406,26.79569],[-68.23517,26.79569],[-68.22974,26.79024],[-68.23517,26.7848],[-68.2406,26.7848]]},"properties":{"elev":3000,"major":false}},{"type":"Feature","geometry":{"type":"LineString","coordinates":[[-124.853,25.83842],[-124.853,25.81789],[-124.87348,25.79736],[-124.89396,25.79736]]},"properties":{"elev":3000,"major":false}},{"type":"Feature","geometry":{"type":"LineString","coordinates":[[-92.46415,25.83842],[-92.46415,25.81789],[-92.48463,25.79736],[-92.50511,25.79736]]},"properties":{"elev":3000,"major":false}},{"type":"Feature","geometry":{"type":"LineString","coordinates":[[-76.26973,25.83842],[-76.26973,25.81789],[-76.29021,25.79736],[-76.31069,25.79736]]},"properties":{"elev":3000,"major":false}},{"type":"Feature","geometry":{"type":"LineString","coordinates":[[-70.87159,25.83842],[-70.87159,25.81789],[-70.89207,25.79736],[-70.91255,25.79736]]},"properties":{"elev":3000,"major":false}},{"type":"Feature","geometry":{"type":"LineString","coordinates":[[-121.8792,25.80959],[-121.88747,25.81789],[-121.8792,25.82618],[-121.87093,25.82618]]},"properties":{"elev":3000,"major":false}},{"type":"Feature","geometry":{"type":"LineString","coordinates":[[-89.49035,25.80959],[-89.49862,25.81789],[-89.49035,25.82618],[-89.48208,25.82618]]},"properties":{"elev":3000,"major":false}},{"type":"Feature","geometry":{"type":"LineString","coordinates":[[-73.29593,25.80959],[-73.3042,25.81789],[-73.29593,25.82618],[-73.28765,25.82618]]},"properties":{"elev":3000,"major":false}},{"type":"Feature","geometry":{"type":"LineString","coordinates":[[-67.89778,25.80959],[-67.90606,25.81789],[-67.89778,25.82618],[-67.88951,25.82618]]},"properties":{"elev":3000,"major":false}},{"type":"Feature","geometry":{"type":"LineString","coordinates":[[-121.22455,25.7535],[-121.20443,25.7535],[-121.18431,25.73333],[-121.20443,25.71317],[-121.22455,25.71317]]},"properties":{"elev":3000,"major":false}},{"type":"Feature","geometry":{"type":"LineString","coordinates":[[-88.8357,25.7535],[-88.81558,25.7535],[-88.79547,25.73333],[-88.81558,25.71317],[-88.8357,25.71317]]},"properties":{"elev":3000,"major":false}},{"type":"Feature","geometry":{"type":"LineString","coordinates":[[-72.64128,25.7535],[-72.62116,25.7535],[-72.60104,25.73333],[-72.62116,25.71317],[-72.64128,25.71317]]},"properties":{"elev":3000,"major":false}},{"type":"Feature","geometry":{"type":"LineString","coordinates":[[-67.24313,25.7535],[-67.22302,25.7535],[-67.2029,25.73333],[-67.22302,25.71317],[-67.24313,25.71317]]},"properties":{"elev":3000,"major":false}},{"type":"Feature","geometry":{"type":"LineString","coordinates":[[-120.21939,25.54913],[-120.19228,25.54913],[-120.16517,25.52195],[-120.16517,25.49477]]},"properties":{"elev":3000,"major":false}},{"type":"Feature","geometry":{"type":"LineString","coordinates":[[-87.83054,25.54913],[-87.80343,25.54913],[-87.77632,25.52195],[-87.77632,25.49477]]},"properties":{"elev":3000,"major":false}},{"type":"Feature","geometry":{"type":"LineString","coordinates":[[-71.63612,25.54913],[-71.60901,25.54913],[-71.58189,25.52195],[-71.58189,25.49477]]},"properties":{"elev":3000,"major":false}},{"type":"Feature","geometry":{"type":"LineString","coordinates":[[-66.23798,25.54913],[-66.21086,25.54913],[-66.18375,25.52195],[-66.18375,25.49477]]},"properties":{"elev":3000,"major":false}},{"type":"Feature","geometry":{"type":"LineString","coordinates":[[-124.30911,25.49583],[-124.30911,25.52195],[-124.28306,25.54807],[-124.25701,25.52195]]},"properties":{"elev":3000,"major":false}},{"type":"Feature","geometry":{"type":"LineString","coordinates":[[-91.92026,25.49583],[-91.92026,25.52195],[-91.89421,25.54807],[-91.86816,25.52195]]},"properties":{"elev":3000,"major":false}},{"type":"Feature","geometry":{"type":"LineString","coordinates":[[-75.72584,25.49583],[-75.72584,25.52195],[-75.69979,25.54807],[-75.67373,25.52195]]},"properties":{"elev":3000,"major":false}},{"type":"Feature","geometry":{"type":"LineString","coordinates":[[-70.3277,25.49583],[-70.3277,25.52195],[-70.30164,25.54807],[-70.27559,25.52195]]},"properties":{"elev":3000,"major":false}},{"type":"Feature","geometry":{"type":"LineString","coordinates":[[-124.61132,25.3437],[-124.62044,25.3437],[-124.62957,25.35285],[-124.62044,25.36199]]},"properties":{"elev":3000,"major":false}},{"type":"Feature","geometry":{"type":"LineString","coordinates":[[-92.22247,25.3437],[-92.23159,25.3437],[-92.24072,25.35285],[-92.23159,25.36199]]},"properties":{"elev":3000,"major":false}},{"type":"Feature","geometry":{"type":"LineString","coordinates":[[-76.02805,25.3437],[-76.03717,25.3437],[-76.04629,25.35285],[-76.03717,25.36199]]},"properties":{"elev":3000,"major":false}},{"type":"Feature","geometry":{"type":"LineString","coordinates":[[-70.6299,25.3437],[-70.63903,25.3437],[-70.64815,25.35285],[-70.63903,25.36199]]},"properties":{"elev":3000,"major":false}},{"type":"Feature","geometry":{"type":"LineString","coordinates":[[-123.31308,25.27716],[-123.30424,25.26829],[-123.31308,25.25942],[-123.32193,25.25943]]},"properties":{"elev":3000,"major":false}},{"type":"Feature","geometry":{"type":"LineString","coordinates":[[-123.13812,25.30428],[-123.14439,25.30428],[-123.15066,25.31057],[-123.15066,25.31686]]},"properties":{"elev":3000,"major":false}},{"type":"Feature","geometry":{"type":"LineString","coordinates":[[-90.92423,25.27716],[-90.91539,25.26829],[-90.92423,25.25942],[-90.93308,25.25943]]},"properties":{"elev":3000,"major":false}},{"type":"Feature","geometry":{"type":"LineString","coordinates":[[-90.74927,25.30428],[-90.75554,25.30428],[-90.76181,25.31057],[-90.76181,25.31686]]},"properties":{"elev":3000,"major":false}},{"type":"Feature","geometry":{"type":"LineString","coordinates":[[-74.72981,25.27716],[-74.72096,25.26829],[-74.72981,25.25942],[-74.73865,25.25943]]},"properties":{"elev":3000,"major":false}},{"type":"Feature","geometry":{"type":"LineString","coordinates":[[-74.55484,25.30428],[-74.56112,25.30428],[-74.56739,25.31057],[-74.56739,25.31686]]},"properties":{"elev":3000,"major":false}},{"type":"Feature","geometry":{"type":"LineString","coordinates":[[-69.33167,25.27716],[-69.32282,25.26829],[-69.33167,25.25942],[-69.34051,25.25943]]},"properties":{"elev":3000,"major":false}},{"type":"Feature","geometry":{"type":"LineString","coordinates":[[-69.1567,25.30428],[-69.16297,25.30428],[-69.16925,25.31057],[-69.16925,25.31686]]},"properties":{"elev":3000,"major":false}},{"type":"Feature","geometry":{"type":"LineString","coordinates":[[-124.60483,25.15711],[-124.60483,25.18374],[-124.57827,25.21037],[-124.55171,25.21037]]},"properties":{"elev":3000,"major":false}},{"type":"Feature","geometry":{"type":"LineString","coordinates":[[-92.21598,25.15711],[-92.21598,25.18374],[-92.18942,25.21037],[-92.16286,25.21037]]},"properties":{"elev":3000,"major":false}},{"type":"Feature","geometry":{"type":"LineString","coordinates":[[-76.02156,25.15711],[-76.02156,25.18374],[-75.995,25.21037],[-75.96843,25.21037]]},"properties":{"elev":3000,"major":false}},{"type":"Feature","geometry":{"type":"LineString","coordinates":[[-70.62342,25.15711],[-70.62342,25.18374],[-70.59685,25.21037],[-70.57029,25.21037]]},"properties":{"elev":3000,"major":false}},{"type":"Feature","geometry":{"type":"LineString","coordinates":[[-121.08997,24.918],[-121.08997,24.93008],[-121.07791,24.94216],[-121.06586,24.93008]]},"properties":{"elev":3000,"major":false}},{"type":"Feature","geometry":{"type":"LineString","coordinates":[[-88.70112,24.918],[-88.70112,24.93008],[-88.68906,24.94216],[-88.67701,24.93008]]},"properties":{"elev":3000,"major":false}},{"type":"Feature","geometry":{"type":"LineString","coordinates":[[-72.50669,24.918],[-72.50669,24.93008],[-72.49464,24.94216],[-72.48259,24.93008]]},"properties":{"elev":3000,"major":false}},{"type":"Feature","geometry":{"type":"LineString","coordinates":[[-67.10855,24.918],[-67.10855,24.93008],[-67.0965,24.94216],[-67.08445,24.93008]]},"properties":{"elev":3000,"major":false}},{"type":"Feature","geometry":{"type":"LineString","coordinates":[[-124.70022,24.63872],[-124.70022,24.63415],[-124.65841,24.59187],[-124.65841,24.58765]]},"properties":{"elev":3000,"major":false}},{"type":"Feature","geometry":{"type":"LineString","coordinates":[[-92.31137,24.63872],[-92.31137,24.63415],[-92.26956,24.59187],[-92.26956,24.58765]]},"properties":{"elev":3000,"major":false}},{"type":"Feature","geometry":{"type":"LineString","coordinates":[[-76.11695,24.63872],[-76.11695,24.63415],[-76.07514,24.59187],[-76.07514,24.58765]]},"properties":{"elev":3000,"major":false}},{"type":"Feature","geometry":{"type":"LineString","coordinates":[[-70.71881,24.63872],[-70.71881,24.63415],[-70.677,24.59187],[-70.677,24.58765]]},"properties":{"elev":3000,"major":false}},{"type":"Feature","geometry":{"type":"LineString","coordinates":[[-123.62641,24.14499],[-123.65046,24.14499],[-123.67452,24.16911],[-123.67452,24.19322]]},"properties":{"elev":3000,"major":false}},{"type":"Feature","geometry":{"type":"LineString","coordinates":[[-91.23756,24.14499],[-91.26162,24.14499],[-91.28567,24.16911],[-91.28567,24.19322]]},"properties":{"elev":3000,"major":false}},{"type":"Feature","geometry":{"type":"LineString","coordinates":[[-75.04313,24.14499],[-75.06719,24.14499],[-75.09125,24.16911],[-75.09125,24.19322]]},"properties":{"elev":3000,"major":false}},{"type":"Feature","geometry":{"type":"LineString","coordinates":[[-69.64499,24.14499],[-69.66905,24.14499],[-69.69311,24.16911],[-69.69311,24.19322]]},"properties":{"elev":3000,"major":false}},{"type":"Feature","geometry":{"type":"LineString","coordinates":[[-124.0899,24.10908],[-124.0899,24.08455],[-124.11437,24.06003],[-124.13883,24.06003]]},"properties":{"elev":3000,"major":false}},{"type":"Feature","geometry":{"type":"LineString","coordinates":[[-91.70105,24.10908],[-91.70105,24.08455],[-91.72552,24.06003],[-91.74998,24.06003]]},"properties":{"elev":3000,"major":false}},{"type":"Feature","geometry":{"type":"LineString","coordinates":[[-75.50663,24.10908],[-75.50663,24.08455],[-75.53109,24.06003],[-75.55556,24.06003]]},"properties":{"elev":3000,"major":false}},{"type":"Feature","geometry":{"type":"LineString","coordinates":[[-70.10849,24.10908],[-70.10849,24.08455],[-70.13295,24.06003],[-70.15742,24.06003]]},"properties":{"elev":3000,"major":false}},{"type":"Feature","geometry":{"type":"LineString","coordinates":[[-124.55732,24.06355],[-124.57827,24.06356],[-124.59922,24.08455],[-124.57827,24.10555]]},"properties":{"elev":3000,"major":false}},{"type":"Feature","geometry":{"type":"LineString","coordinates":[[-92.16847,24.06355],[-92.18942,24.06356],[-92.21037,24.08455],[-92.18942,24.10555]]},"properties":{"elev":3000,"major":false}},{"type":"Feature","geometry":{"type":"LineString","coordinates":[[-75.97405,24.06355],[-75.995,24.06356],[-76.01594,24.08455],[-75.995,24.10555]]},"properties":{"elev":3000,"major":false}},{"type":"Feature","geometry":{"type":"LineString","coordinates":[[-70.57591,24.06355],[-70.59685,24.06356],[-70.6178,24.08455],[-70.59685,24.10555]]},"properties":{"elev":3000,"major":false}},{"type":"Feature","geometry":{"type":"LineString","coordinates":[[-121.75268,46.88354],[-121.71884,46.87154],[-121.75268,46.85917],[-121.76874,46.87154],[-121.75268,46.88354]]},"properties":{"elev":3000,"major":false}},{"type":"Feature","geometry":{"type":"LineString","coordinates":[[-109.81773,45.32812],[-109.77555,45.32306],[-109.73338,45.3095],[-109.73005,45.30732],[-109.7663,45.26504],[-109.77555,45.24887],[-109.81773,45.24909],[-109.8599,45.25344],[-109.87451,45.26504],[-109.8599,45.277],[-109.84096,45.30732],[-109.81773,45.32812]]},"properties":{"elev":3000,"major":false}},{"type":"Feature","geometry":{"type":"LineString","coordinates":[[-109.90207,45.22154],[-109.8599,45.18224],[-109.81773,45.20435],[-109.77555,45.20945],[-109.73338,45.21012],[-109.70129,45.18049],[-109.73338,45.14864],[-109.74911,45.13821],[-109.73338,45.12283],[-109.69121,45.12039],[-109.66613,45.13821],[-109.64904,45.14852],[-109.60686,45.18089],[-109.56469,45.18639],[-109.54033,45.18049],[-109.48034,45.15703],[-109.43817,45.14252],[-109.43205,45.13821],[-109.43817,45.13019],[-109.47346,45.09593],[-109.46854,45.05366],[-109.48034,45.02862],[-109.49928,45.01138],[-109.48034,44.98144],[-109.43817,44.99403],[-109.41632,45.01138],[-109.396,45.01664],[-109.38192,45.01138],[-109.36649,44.96911],[-109.396,44.95244],[-109.48034,44.96029],[-109.51124,44.96911],[-109.52252,44.97372],[-109.56469,44.98692],[-109.60319,45.01138],[-109.64904,45.05029],[-109.69121,45.05845],[-109.73338,45.07374],[-109.77555,45.09523],[-109.81773,45.10627],[-109.8599,45.11454],[-109.90207,45.11581],[-109.93101,45.13821],[-109.91191,45.18049],[-109.90207,45.22154]]},"properties":{"elev":3000,"major":false}},{"type":"Feature","geometry":{"type":"LineString","coordinates":[[-109.73338,44.7234],[-109.71728,44.71545],[-109.73338,44.70626],[-109.75732,44.71545],[-109.73338,44.7234]]},"properties":{"elev":3000,"major":false}},{"type":"Feature","geometry":{"type":"LineString","coordinates":[[-109.77555,44.64124],[-109.74164,44.63089],[-109.76726,44.58862],[-109.77555,44.58109],[-109.78328,44.58862],[-109.78823,44.63089],[-109.77555,44.64124]]},"properties":{"elev":3000,"major":false}},{"type":"Feature","geometry":{"type":"LineString","coordinates":[[-109.60686,44.63865],[-109.56469,44.64351],[-109.52252,44.63985],[-109.49389,44.63089],[-109.48457,44.58862],[-109.52252,44.57201],[-109.56469,44.57789],[-109.60136,44.58862],[-109.60686,44.59593],[-109.64191,44.63089],[-109.60686,44.63865]]},"properties":{"elev":3000,"major":false}},{"type":"Feature","geometry":{"type":"LineString","coordinates":[[-107.32952,44.56226],[-107.30017,44.54634],[-107.28735,44.53173],[-107.2683,44.50407],[-107.24518,44.49511],[-107.16083,44.49425],[-107.127,44.46179],[-107.06485,44.41951],[-107.05072,44.37724],[-107.06653,44.33496],[-107.0505,44.29268],[-107.03505,44.20813],[-107.07648,44.18904],[-107.11866,44.21224],[-107.16083,44.23772],[-107.17614,44.25041],[-107.1993,44.29268],[-107.24518,44.31656],[-107.26302,44.33496],[-107.2717,44.37724],[-107.28735,44.39901],[-107.32952,44.42586],[-107.37169,44.45653],[-107.37687,44.46179],[-107.37169,44.47234],[-107.34694,44.50407],[-107.35386,44.54634],[-107.32952,44.56226]]},"properties":{"elev":3000,"major":false}},{"type":"Feature","geometry":{"type":"LineString","coordinates":[[-109.77555,44.38348],[-109.76664,44.37724],[-109.77312,44.33496],[-109.77555,44.32823],[-109.81075,44.29268],[-109.77555,44.2538],[-109.77128,44.25041],[-109.77093,44.20813],[-109.71466,44.16585],[-109.76624,44.12358],[-109.73338,44.11403],[-109.69121,44.09864],[-109.67653,44.0813],[-109.69121,44.04609],[-109.69612,44.03902],[-109.73338,44.0096],[-109.77555,43.98536],[-109.81226,43.95447],[-109.79802,43.9122],[-109.79453,43.86992],[-109.77555,43.84549],[-109.74584,43.86992],[-109.73338,43.88206],[-109.64904,43.94427],[-109.64103,43.95447],[-109.64026,43.99675],[-109.60686,44.02448],[-109.57989,44.03902],[-109.59236,44.0813],[-109.56469,44.10043],[-109.52252,44.12045],[-109.51248,44.12358],[-109.48034,44.13868],[-109.46451,44.16585],[-109.43239,44.20813],[-109.396,44.23051],[-109.35382,44.23316],[-109.32331,44.25041],[-109.31165,44.25378],[-109.26948,44.27142],[-109.22731,44.27734],[-109.21048,44.25041],[-109.22731,44.2356],[-109.26948,44.21974],[-109.31165,44.2095],[-109.31202,44.20813],[-109.35382,44.18521],[-109.396,44.1507],[-109.45529,44.12358],[-109.47068,44.0813],[-109.45843,44.03902],[-109.43817,44.01535],[-109.396,43.99809],[-109.35382,44.04124],[-109.31165,44.05191],[-109.30122,44.03902],[-109.26948,44.01921],[-109.22163,43.99675],[-109.21689,43.95447],[-109.21738,43.9122],[-109.21095,43.86992],[-109.20616,43.82764],[-109.18513,43.81983],[-109.14296,43.81815],[-109.10079,43.82259],[-109.0787,43.78537],[-109.10079,43.74677],[-109.14296,43.72167],[-109.16587,43.70081],[-109.16335,43.65854],[-109.18513,43.65048],[-109.22731,43.64611],[-109.26948,43.66694],[-109.29394,43.70081],[-109.31165,43.74551],[-109.35382,43.7714],[-109.396,43.77049],[-109.43817,43.782],[-109.44175,43.78537],[-109.46598,43.82764],[-109.48034,43.87044],[-109.52252,43.89677],[-109.542,43.86992],[-109.56469,43.85841],[-109.59249,43.82764],[-109.60343,43.78537],[-109.60686,43.78211],[-109.64904,43.79278],[-109.67602,43.78537],[-109.69407,43.74309],[-109.73338,43.73755],[-109.73944,43.74309],[-109.76828,43.78537],[-109.77555,43.80286],[-109.81773,43.82674],[-109.8599,43.79943],[-109.90207,43.81243],[-109.94194,43.78537],[-109.94425,43.78196],[-109.94919,43.78537],[-109.95056,43.82764],[-109.94425,43.83962],[-109.90726,43.86992],[-109.92204,43.9122],[-109.94425,43.94223],[-109.98642,43.94779],[-110.01032,43.95447],[-109.98642,43.96894],[-109.94425,43.96624],[-109.90207,43.98786],[-109.89951,43.99675],[-109.90207,43.99959],[-109.94425,44.01415],[-109.95987,44.03902],[-109.94885,44.0813],[-109.94425,44.08384],[-109.90207,44.06468],[-109.8599,44.06765],[-109.81773,44.0397],[-109.77545,44.0813],[-109.78204,44.16585],[-109.8599,44.24957],[-109.90267,44.25041],[-109.90207,44.2522],[-109.8599,44.25162],[-109.82754,44.29268],[-109.82273,44.33496],[-109.81773,44.36245],[-109.80739,44.37724],[-109.77555,44.38348]]},"properties":{"elev":3000,"major":false}},{"type":"Feature","geometry":{"type":"LineString","coordinates":[[-109.56469,44.38802],[-109.5358,44.37724],[-109.55784,44.33496],[-109.56469,44.32906],[-109.60686,44.31013],[-109.62249,44.33496],[-109.60686,44.36554],[-109.5964,44.37724],[-109.56469,44.38802]]},"properties":{"elev":3000,"major":false}},{"type":"Feature","geometry":{"type":"LineString","coordinates":[[-109.69121,44.29278],[-109.64904,44.29772],[-109.63866,44.29268],[-109.64904,44.2895],[-109.69121,44.29278]]},"properties":{"elev":3000,"major":false}},{"type":"Feature","geometry":{"type":"LineString","coordinates":[[-109.98642,44.20894],[-109.98255,44.20813],[-109.98642,44.20649],[-109.99179,44.20813],[-109.98642,44.20894]]},"properties":{"elev":3000,"major":false}},{"type":"Feature","geometry":{"type":"LineString","coordinates":[[-113.69764,44.087],[-113.65547,44.10505],[-113.63194,44.0813],[-113.65547,44.07494],[-113.69764,44.07947],[-113.70429,44.0813],[-113.69764,44.087]]},"properties":{"elev":3000,"major":false}},{"type":"Feature","geometry":{"type":"LineString","coordinates":[[-113.57112,44.04843],[-113.52895,44.04078],[-113.52807,44.03902],[-113.52895,44.03572],[-113.57112,44.03479],[-113.57839,44.03902],[-113.57112,44.04843]]},"properties":{"elev":3000,"major":false}},{"type":"Feature","geometry":{"type":"LineString","coordinates":[[-110.02859,44.01335],[-110.01267,43.99675],[-110.02859,43.97122],[-110.04516,43.99675],[-110.02859,44.01335]]},"properties":{"elev":3000,"major":false}},{"type":"Feature","geometry":{"type":"LineString","coordinates":[[-113.99285,43.83177],[-113.98627,43.82764],[-113.98869,43.78537],[-113.99285,43.78194],[-114.03503,43.76427],[-114.04971,43.78537],[-114.03503,43.80377],[-113.99285,43.83177]]},"properties":{"elev":3000,"major":false}},{"type":"Feature","geometry":{"type":"LineString","coordinates":[[-114.11937,43.80375],[-114.10719,43.78537],[-114.11937,43.75221],[-114.14343,43.78537],[-114.11937,43.80375]]},"properties":{"elev":3000,"major":false}},{"type":"Feature","geometry":{"type":"LineString","coordinates":[[-110.02859,43.78567],[-110.02777,43.78537],[-110.02965,43.78537],[-110.02859,43.78567]]},"properties":{"elev":3000,"major":false}},{"type":"Feature","geometry":{"type":"LineString","coordinates":[[-110.82988,43.74987],[-110.80139,43.74309],[-110.82988,43.73254],[-110.83329,43.74309],[-110.82988,43.74987]]},"properties":{"elev":3000,"major":false}},{"type":"Feature","geometry":{"type":"LineString","coordinates":[[-110.45032,43.53986],[-110.43446,43.53171],[-110.45032,43.50833],[-110.48247,43.53171],[-110.45032,43.53986]]},"properties":{"elev":3000,"major":false}},{"type":"Feature","geometry":{"type":"LineString","coordinates":[[-109.77555,43.50516],[-109.73822,43.48943],[-109.73338,43.48415],[-109.69121,43.46304],[-109.64904,43.45232],[-109.63384,43.44715],[-109.61224,43.40488],[-109.60686,43.40123],[-109.56469,43.39629],[-109.52252,43.36546],[-109.52064,43.3626],[-109.50736,43.32033],[-109.48034,43.3105],[-109.4488,43.27805],[-109.43817,43.25932],[-109.396,43.2341],[-109.35559,43.1935],[-109.3517,43.15122],[-109.35382,43.14851],[-109.396,43.11896],[-109.41432,43.10894],[-109.396,43.07567],[-109.35382,43.08116],[-109.31165,43.08847],[-109.26948,43.10091],[-109.22731,43.07917],[-109.21853,43.06667],[-109.22188,43.02439],[-109.2044,42.98211],[-109.18513,42.97162],[-109.16479,42.93984],[-109.14296,42.90252],[-109.09854,42.89756],[-109.06306,42.85528],[-109.07422,42.81301],[-109.05861,42.79195],[-109.01644,42.78678],[-108.97427,42.77669],[-108.96754,42.77073],[-108.97427,42.76229],[-109.00844,42.72846],[-108.97427,42.70971],[-108.93209,42.68408],[-108.8896,42.6439],[-108.90225,42.60163],[-108.93209,42.58339],[-108.97427,42.58335],[-109.01655,42.60163],[-109.05861,42.61638],[-109.10079,42.62291],[-109.15995,42.6439],[-109.18513,42.65691],[-109.21093,42.68618],[-109.22731,42.71181],[-109.26948,42.74145],[-109.31165,42.7674],[-109.35382,42.76704],[-109.36614,42.77073],[-109.396,42.79643],[-109.40933,42.81301],[-109.43301,42.85528],[-109.45356,42.89756],[-109.48034,42.911],[-109.56469,42.94608],[-109.60951,42.98211],[-109.67004,43.02439],[-109.68614,43.06667],[-109.69121,43.07042],[-109.77555,43.10306],[-109.79886,43.10894],[-109.81773,43.11734],[-109.84535,43.15122],[-109.90207,43.19012],[-109.90413,43.1935],[-109.91068,43.23577],[-109.91309,43.27805],[-109.90207,43.29277],[-109.8599,43.28931],[-109.81773,43.25138],[-109.77555,43.23488],[-109.77396,43.23577],[-109.78607,43.27805],[-109.78958,43.32033],[-109.81773,43.3687],[-109.8455,43.40488],[-109.83159,43.44715],[-109.81773,43.48288],[-109.81346,43.48943],[-109.77555,43.50516]]},"properties":{"elev":3000,"major":false}},{"type":"Feature","geometry":{"type":"LineString","coordinates":[[-110.36598,43.45244],[-110.3238,43.45694],[-110.2599,43.40488],[-110.22676,43.3626],[-110.21022,43.32033],[-110.23946,43.31634],[-110.28163,43.35339],[-110.30724,43.3626],[-110.3238,43.38499],[-110.36598,43.38961],[-110.38295,43.40488],[-110.37813,43.44715],[-110.36598,43.45244]]},"properties":{"elev":3000,"major":false}},{"type":"Feature","geometry":{"type":"LineString","coordinates":[[-106.31737,41.46136],[-106.2752,41.48693],[-106.23302,41.48321],[-106.19464,41.46016],[-106.19085,41.45541],[-106.14868,41.44317],[-106.14324,41.41789],[-106.14868,41.40204],[-106.18068,41.37561],[-106.19085,41.36862],[-106.21175,41.33333],[-106.22235,41.29106],[-106.23302,41.27439],[-106.2752,41.24866],[-106.31737,41.24779],[-106.3605,41.29106],[-106.39104,41.33333],[-106.40172,41.35057],[-106.41475,41.37561],[-106.40172,41.40511],[-106.38451,41.41789],[-106.35954,41.42796],[-106.31737,41.46136]]},"properties":{"elev":3000,"major":false}},{"type":"Feature","geometry":{"type":"LineString","coordinates":[[-122.17441,41.42914],[-122.16041,41.41789],[-122.17441,41.40338],[-122.19237,41.41789],[-122.17441,41.42914]]},"properties":{"elev":3000,"major":false}},{"type":"Feature","geometry":{"type":"LineString","coordinates":[[-107.07648,41.2084],[-107.03431,41.2205],[-106.99471,41.2065],[-107.03431,41.1883],[-107.07648,41.20464],[-107.07847,41.2065],[-107.07648,41.2084]]},"properties":{"elev":3000,"major":false}},{"type":"Feature","geometry":{"type":"LineString","coordinates":[[-106.94996,41.12725],[-106.94097,41.12195],[-106.94996,41.11654],[-106.97806,41.12195],[-106.94996,41.12725]]},"properties":{"elev":3000,"major":false}},{"type":"Feature","geometry":{"type":"LineString","coordinates":[[-106.69693,40.98411],[-106.65475,40.95725],[-106.63082,40.91057],[-106.61258,40.88028],[-106.60739,40.86829],[-106.59717,40.82602],[-106.59737,40.78374],[-106.60876,40.74146],[-106.60863,40.69919],[-106.61083,40.65691],[-106.63676,40.61463],[-106.65475,40.57615],[-106.65901,40.57236],[-106.65475,40.56194],[-106.64893,40.53008],[-106.65051,40.4878],[-106.64167,40.44553],[-106.65475,40.43186],[-106.69633,40.44553],[-106.67716,40.4878],[-106.69693,40.50118],[-106.70332,40.53008],[-106.73006,40.57236],[-106.7391,40.59121],[-106.74491,40.61463],[-106.75926,40.65691],[-106.74274,40.69919],[-106.70458,40.74146],[-106.68294,40.78374],[-106.71467,40.82602],[-106.7391,40.86625],[-106.74406,40.86829],[-106.77799,40.91057],[-106.7391,40.94272],[-106.73111,40.95285],[-106.69693,40.98411]]},"properties":{"elev":3000,"major":false}},{"type":"Feature","geometry":{"type":"LineString","coordinates":[[-110.66119,40.94116],[-110.64643,40.91057],[-110.61901,40.90194],[-110.53467,40.90605],[-110.52653,40.91057],[-110.49249,40.94111],[-110.40815,40.93686],[-110.36598,40.93622],[-110.3238,40.92486],[-110.28163,40.92133],[-110.23946,40.91167],[-110.19728,40.90954],[-110.15511,40.9134],[-110.13657,40.91057],[-110.11294,40.90507],[-110.07076,40.89084],[-110.02859,40.89596],[-109.98642,40.88346],[-109.95338,40.86829],[-109.90207,40.85106],[-109.8599,40.82464],[-109.77555,40.79981],[-109.73338,40.78589],[-109.72041,40.78374],[-109.73011,40.74146],[-109.74954,40.69919],[-109.77555,40.68932],[-109.81773,40.67636],[-109.8599,40.67397],[-109.90207,40.66878],[-109.94425,40.67258],[-109.98642,40.68514],[-110.02859,40.66257],[-110.04179,40.65691],[-110.07076,40.65503],[-110.11294,40.65904],[-110.15511,40.68778],[-110.18314,40.65691],[-110.1956,40.61463],[-110.19728,40.61351],[-110.23946,40.61496],[-110.28163,40.61073],[-110.3238,40.63231],[-110.36598,40.63277],[-110.39771,40.61463],[-110.40815,40.58339],[-110.45032,40.59778],[-110.49249,40.61602],[-110.53467,40.61908],[-110.53728,40.61463],[-110.54772,40.57236],[-110.57684,40.56466],[-110.61901,40.56417],[-110.63808,40.57236],[-110.66119,40.58662],[-110.69063,40.61463],[-110.70336,40.63084],[-110.74441,40.61463],[-110.71599,40.57236],[-110.70336,40.54644],[-110.69377,40.53008],[-110.70336,40.525],[-110.74553,40.52043],[-110.78771,40.52553],[-110.79401,40.53008],[-110.82988,40.56767],[-110.83572,40.57236],[-110.85849,40.61463],[-110.85444,40.65691],[-110.87205,40.66576],[-110.91422,40.6701],[-110.9564,40.6608],[-110.99857,40.66806],[-111.04716,40.69919],[-111.00253,40.74146],[-110.99857,40.74292],[-110.97892,40.74146],[-110.9564,40.73785],[-110.91211,40.78374],[-110.87205,40.80414],[-110.82988,40.80684],[-110.78771,40.8195],[-110.77838,40.82602],[-110.73359,40.86829],[-110.70336,40.90601],[-110.69066,40.91057],[-110.66119,40.94116]]},"properties":{"elev":3000,"major":false}},{"type":"Feature","geometry":{"type":"LineString","coordinates":[[-106.1065,40.89431],[-106.06433,40.87966],[-106.04626,40.86829],[-106.06433,40.83596],[-106.1065,40.85726],[-106.12571,40.86829],[-106.1065,40.89431]]},"properties":{"elev":3000,"major":false}},{"type":"Feature","geometry":{"type":"LineString","coordinates":[[-105.76912,40.87259],[-105.75602,40.86829],[-105.72695,40.83882],[-105.71984,40.82602],[-105.68477,40.79868],[-105.67388,40.78374],[-105.68477,40.7592],[-105.72695,40.7536],[-105.76912,40.75236],[-105.81129,40.76824],[-105.81246,40.78374],[-105.82043,40.82602],[-105.81129,40.85417],[-105.79197,40.86829],[-105.76912,40.87259]]},"properties":{"elev":3000,"major":false}},{"type":"Feature","geometry":{"type":"LineString","coordinates":[[-106.02216,40.79859],[-106.00257,40.78374],[-106.02216,40.78034],[-106.02359,40.78374],[-106.02216,40.79859]]},"properties":{"elev":3000,"major":false}},{"type":"Feature","geometry":{"type":"LineString","coordinates":[[-105.97999,40.77958],[-105.93781,40.75869],[-105.87459,40.69919],[-105.85347,40.60776],[-105.81129,40.58105],[-105.76912,40.63145],[-105.7318,40.65691],[-105.72695,40.65912],[-105.68477,40.6663],[-105.65582,40.65691],[-105.6426,40.65049],[-105.61021,40.61463],[-105.60881,40.57236],[-105.55826,40.54697],[-105.51608,40.53844],[-105.50005,40.53008],[-105.51608,40.51742],[-105.53062,40.4878],[-105.55826,40.45035],[-105.56308,40.44553],[-105.60043,40.42398],[-105.64295,40.40325],[-105.65712,40.36098],[-105.6426,40.33765],[-105.62627,40.3187],[-105.60043,40.30914],[-105.55826,40.28606],[-105.5436,40.27642],[-105.55826,40.24931],[-105.56218,40.23415],[-105.5549,40.19187],[-105.53598,40.14959],[-105.53468,40.10732],[-105.5251,40.06504],[-105.54342,40.02276],[-105.55826,39.99922],[-105.57255,39.98049],[-105.59874,39.93821],[-105.57561,39.89593],[-105.55826,39.87989],[-105.54193,39.85366],[-105.55826,39.84427],[-105.60043,39.81618],[-105.60554,39.81138],[-105.6426,39.78571],[-105.68477,39.77148],[-105.68827,39.76911],[-105.68477,39.75752],[-105.6426,39.74809],[-105.61637,39.72683],[-105.60043,39.7054],[-105.55826,39.68899],[-105.51608,39.68838],[-105.50228,39.68455],[-105.51608,39.67528],[-105.53539,39.64228],[-105.52529,39.6],[-105.51608,39.58962],[-105.47391,39.57147],[-105.43126,39.55772],[-105.47391,39.5436],[-105.51608,39.53407],[-105.54359,39.51545],[-105.55826,39.49557],[-105.58598,39.47317],[-105.60043,39.44869],[-105.6056,39.43089],[-105.55826,39.4066],[-105.5304,39.38862],[-105.51608,39.37503],[-105.47862,39.34634],[-105.47391,39.3397],[-105.43174,39.31715],[-105.4015,39.30407],[-105.38956,39.27296],[-105.38702,39.26179],[-105.41166,39.21951],[-105.42457,39.17724],[-105.43174,39.17031],[-105.44035,39.17724],[-105.47391,39.1909],[-105.51608,39.19776],[-105.55826,39.22549],[-105.60043,39.27167],[-105.63614,39.30407],[-105.6426,39.31598],[-105.66559,39.34634],[-105.68477,39.35892],[-105.72695,39.37038],[-105.76912,39.41318],[-105.81129,39.40392],[-105.83906,39.38862],[-105.85347,39.37132],[-105.86557,39.34634],[-105.89608,39.30407],[-105.94065,39.26179],[-105.97999,39.21219],[-105.99875,39.17724],[-106.01833,39.13496],[-106.02216,39.1293],[-106.06456,39.09268],[-106.03023,39.05041],[-106.02247,39.00813],[-106.02635,38.96585],[-106.05417,38.92358],[-106.06433,38.92111],[-106.07132,38.92358],[-106.1065,38.93048],[-106.14868,38.95442],[-106.16409,38.96585],[-106.19085,38.99186],[-106.2133,39.00813],[-106.22917,39.05041],[-106.23302,39.05728],[-106.26105,39.09268],[-106.27235,39.13496],[-106.2752,39.14997],[-106.31187,39.21951],[-106.31737,39.2379],[-106.35954,39.24552],[-106.37052,39.21951],[-106.36518,39.17724],[-106.35954,39.14345],[-106.35686,39.13496],[-106.35954,39.13027],[-106.36558,39.09268],[-106.35954,39.08477],[-106.31737,39.0702],[-106.29818,39.05041],[-106.2752,39.0186],[-106.26252,39.00813],[-106.23302,38.97355],[-106.22842,38.96585],[-106.21503,38.92358],[-106.22637,38.83902],[-106.22046,38.79675],[-106.19085,38.76365],[-106.18458,38.75447],[-106.19437,38.7122],[-106.19085,38.70801],[-106.1704,38.66992],[-106.16814,38.62764],[-106.19085,38.59528],[-106.20248,38.58537],[-106.23302,38.54811],[-106.23971,38.54309],[-106.23302,38.53838],[-106.19085,38.50038],[-106.15762,38.45854],[-106.15763,38.41626],[-106.14868,38.39026],[-106.1065,38.38621],[-106.09174,38.37398],[-106.06433,38.34149],[-106.05902,38.33171],[-106.05424,38.28943],[-106.06433,38.27033],[-106.1065,38.25833],[-106.12616,38.24715],[-106.14868,38.21813],[-106.19085,38.21799],[-106.2259,38.24715],[-106.23302,38.25031],[-106.27239,38.28943],[-106.2752,38.29518],[-106.28111,38.28943],[-106.31737,38.2648],[-106.35954,38.24314],[-106.40172,38.24096],[-106.44389,38.25313],[-106.48606,38.25838],[-106.5028,38.24715],[-106.52823,38.20836],[-106.53404,38.20488],[-106.56268,38.1626],[-106.57961,38.12033],[-106.5985,38.07805],[-106.58534,38.03577],[-106.57041,38.03111],[-106.52823,38.02213],[-106.48606,38.02784],[-106.44389,38.0423],[-106.40172,38.04543],[-106.31737,38.03722],[-106.31487,38.03577],[-106.30181,37.9935],[-106.31737,37.97138],[-106.40172,37.97517],[-106.42152,37.95122],[-106.44389,37.93138],[-106.45536,37.90894],[-106.44237,37.86667],[-106.44389,37.86308],[-106.48606,37.82509],[-106.52823,37.8237],[-106.57041,37.802],[-106.58246,37.78211],[-106.60119,37.73984],[-106.61258,37.73745],[-106.65475,37.74095],[-106.69693,37.75012],[-106.7391,37.75014],[-106.77407,37.78211],[-106.80984,37.82439],[-106.82345,37.83225],[-106.86562,37.84071],[-106.90779,37.85286],[-106.94996,37.85638],[-106.98156,37.82439],[-106.94996,37.78416],[-106.90779,37.79524],[-106.86562,37.78059],[-106.84576,37.73984],[-106.82345,37.70553],[-106.78127,37.72922],[-106.7391,37.70992],[-106.73564,37.69756],[-106.71824,37.65528],[-106.7391,37.58988],[-106.74839,37.57073],[-106.7391,37.56305],[-106.69693,37.55862],[-106.65475,37.56997],[-106.62676,37.61301],[-106.61258,37.6219],[-106.57041,37.62905],[-106.52823,37.62395],[-106.50875,37.61301],[-106.49603,37.57073],[-106.48606,37.54329],[-106.40172,37.56233],[-106.35954,37.5303],[-106.32745,37.48618],[-106.31782,37.4439],[-106.35954,37.40594],[-106.36834,37.40163],[-106.35954,37.38697],[-106.34635,37.35935],[-106.32922,37.31707],[-106.35954,37.26285],[-106.36863,37.23252],[-106.35954,37.21603],[-106.33874,37.19024],[-106.34892,37.14797],[-106.35954,37.1318],[-106.36853,37.10569],[-106.31737,37.0803],[-106.30532,37.06341],[-106.27063,37.02114],[-106.30826,36.97886],[-106.29149,36.93659],[-106.2752,36.91054],[-106.25353,36.89431],[-106.25421,36.85203],[-106.2414,36.80976],[-106.23302,36.80363],[-106.21313,36.76748],[-106.22715,36.7252],[-106.23302,36.71645],[-106.2752,36.70384],[-106.29244,36.68293],[-106.28077,36.64065],[-106.2752,36.62563],[-106.26937,36.59837],[-106.2752,36.57969],[-106.29742,36.5561],[-106.31737,36.5486],[-106.3314,36.5561],[-106.34904,36.59837],[-106.34623,36.64065],[-106.35518,36.68293],[-106.34321,36.7252],[-106.35954,36.73796],[-106.40172,36.76389],[-106.40356,36.76748],[-106.44389,36.80101],[-106.45233,36.80976],[-106.45965,36.85203],[-106.47127,36.89431],[-106.46937,36.93659],[-106.46102,36.97886],[-106.48606,37.00306],[-106.50856,37.02114],[-106.52823,37.04982],[-106.57041,37.03883],[-106.61258,37.02242],[-106.63741,37.06341],[-106.64431,37.10569],[-106.64359,37.14797],[-106.65475,37.16629],[-106.69693,37.1678],[-106.71966,37.14797],[-106.7391,37.12749],[-106.76819,37.14797],[-106.7391,37.17321],[-106.72487,37.19024],[-106.71119,37.23252],[-106.7391,37.27048],[-106.78127,37.26867],[-106.79246,37.2748],[-106.82345,37.30238],[-106.83365,37.31707],[-106.82345,37.33289],[-106.78127,37.36361],[-106.74205,37.40163],[-106.78127,37.43357],[-106.82345,37.43843],[-106.83134,37.4439],[-106.86562,37.45967],[-106.90779,37.46755],[-106.94016,37.4439],[-106.94996,37.43802],[-106.99214,37.42383],[-107.03431,37.4173],[-107.07648,37.43775],[-107.08061,37.4439],[-107.09492,37.48618],[-107.11866,37.50983],[-107.14528,37.52846],[-107.16083,37.54177],[-107.203,37.55389],[-107.24518,37.55929],[-107.28735,37.54971],[-107.29535,37.52846],[-107.31471,37.48618],[-107.32952,37.46772],[-107.36169,37.4439],[-107.37169,37.439],[-107.41387,37.43143],[-107.42683,37.4439],[-107.45604,37.47916],[-107.49821,37.48191],[-107.54039,37.49939],[-107.58256,37.45539],[-107.62473,37.43749],[-107.63611,37.4439],[-107.6669,37.46904],[-107.70908,37.45429],[-107.71986,37.48618],[-107.72979,37.52846],[-107.74289,37.57073],[-107.73088,37.61301],[-107.75125,37.64034],[-107.76845,37.65528],[-107.79342,37.66578],[-107.81287,37.65528],[-107.8299,37.61301],[-107.8356,37.59085],[-107.86803,37.57073],[-107.87777,37.56818],[-107.88022,37.57073],[-107.88644,37.61301],[-107.91994,37.65231],[-107.96212,37.61357],[-107.96409,37.61301],[-107.9858,37.57073],[-107.98085,37.52846],[-107.98017,37.48618],[-107.96212,37.44652],[-107.95915,37.4439],[-107.96212,37.43993],[-107.97453,37.40163],[-108.00429,37.37632],[-108.04646,37.35827],[-108.08863,37.36459],[-108.13081,37.38389],[-108.14261,37.40163],[-108.14817,37.4439],[-108.15963,37.48618],[-108.14338,37.52846],[-108.13081,37.53238],[-108.08863,37.55627],[-108.05327,37.57073],[-108.04646,37.57531],[-108.01675,37.61301],[-108.0191,37.65528],[-108.04646,37.67066],[-108.06442,37.65528],[-108.08863,37.63982],[-108.13081,37.63445],[-108.17298,37.63076],[-108.18995,37.65528],[-108.17298,37.68768],[-108.16695,37.69756],[-108.13081,37.7217],[-108.08863,37.77757],[-108.08224,37.78211],[-108.08863,37.78561],[-108.13081,37.78464],[-108.17298,37.77198],[-108.21515,37.79292],[-108.24104,37.82439],[-108.27209,37.86667],[-108.26731,37.90894],[-108.25733,37.91707],[-108.21515,37.91845],[-108.20012,37.90894],[-108.17298,37.88437],[-108.13081,37.89244],[-108.11178,37.90894],[-108.08863,37.94349],[-108.06607,37.90894],[-108.04646,37.89425],[-108.00429,37.90456],[-107.96212,37.90351],[-107.91994,37.88922],[-107.87777,37.87979],[-107.86703,37.90894],[-107.84111,37.95122],[-107.91994,37.98292],[-107.93288,37.9935],[-107.93891,38.03577],[-107.91994,38.05437],[-107.87777,38.05949],[-107.8356,38.05326],[-107.79342,38.05007],[-107.75125,38.0564],[-107.69279,38.03577],[-107.6669,38.01447],[-107.63198,38.07805],[-107.62473,38.08735],[-107.5912,38.12033],[-107.58256,38.13509],[-107.54039,38.19786],[-107.53202,38.20488],[-107.52133,38.24715],[-107.49821,38.27329],[-107.45604,38.2818],[-107.41387,38.28058],[-107.37169,38.28992],[-107.32952,38.2866],[-107.29693,38.24715],[-107.30802,38.20488],[-107.31268,38.1626],[-107.29678,38.12033],[-107.29341,38.07805],[-107.28735,38.05882],[-107.28084,38.07805],[-107.27671,38.12033],[-107.24879,38.1626],[-107.203,38.19704],[-107.17156,38.20488],[-107.16083,38.20883],[-107.11866,38.19509],[-107.08177,38.1626],[-107.07648,38.1549],[-107.04561,38.12033],[-107.04653,38.07805],[-107.03431,38.07004],[-107.0218,38.07805],[-106.99214,38.15012],[-106.9881,38.1626],[-106.99413,38.20488],[-106.98158,38.24715],[-106.99214,38.28944],[-106.90779,38.32046],[-106.86562,38.34242],[-106.82345,38.3287],[-106.79857,38.28943],[-106.81592,38.24715],[-106.82345,38.237],[-106.85766,38.20488],[-106.82345,38.16961],[-106.78127,38.16273],[-106.7391,38.13456],[-106.69693,38.13219],[-106.65475,38.14314],[-106.6256,38.1626],[-106.61358,38.20488],[-106.62651,38.24715],[-106.65475,38.28126],[-106.66584,38.28943],[-106.65475,38.29989],[-106.61258,38.32203],[-106.58356,38.33171],[-106.52823,38.34071],[-106.48606,38.35178],[-106.44389,38.34856],[-106.40172,38.33472],[-106.35954,38.35268],[-106.31737,38.36252],[-106.30807,38.37398],[-106.31737,38.3811],[-106.34713,38.41626],[-106.38823,38.50081],[-106.40172,38.51476],[-106.44389,38.52021],[-106.48606,38.55324],[-106.52823,38.54225],[-106.52991,38.54309],[-106.54215,38.58537],[-106.57041,38.596],[-106.61258,38.6011],[-106.69693,38.60497],[-106.7391,38.61825],[-106.74764,38.62764],[-106.72405,38.66992],[-106.70763,38.7122],[-106.69693,38.73077],[-106.65674,38.75447],[-106.69693,38.767],[-106.7391,38.77298],[-106.78127,38.76431],[-106.82345,38.78297],[-106.84422,38.79675],[-106.8504,38.83902],[-106.86562,38.87488],[-106.87486,38.8813],[-106.90779,38.91342],[-106.92362,38.92358],[-106.94996,38.92687],[-106.99214,38.92652],[-106.99935,38.92358],[-107.00063,38.8813],[-106.99214,38.86807],[-106.94996,38.83406],[-106.91025,38.79675],[-106.90779,38.78993],[-106.90089,38.75447],[-106.90779,38.74589],[-106.94996,38.74798],[-106.99214,38.78775],[-107.02069,38.79675],[-107.03431,38.8032],[-107.07648,38.80654],[-107.10219,38.79675],[-107.11683,38.75447],[-107.07648,38.71466],[-107.06014,38.66992],[-107.07648,38.63346],[-107.08082,38.62764],[-107.11866,38.59706],[-107.16083,38.58717],[-107.24518,38.60039],[-107.27555,38.62764],[-107.28187,38.66992],[-107.28735,38.67801],[-107.31587,38.66992],[-107.32952,38.66781],[-107.3624,38.62764],[-107.37169,38.60936],[-107.41387,38.59259],[-107.43512,38.62764],[-107.42975,38.66992],[-107.37169,38.7322],[-107.32952,38.73163],[-107.28735,38.72735],[-107.25646,38.75447],[-107.24518,38.76168],[-107.21029,38.79675],[-107.2135,38.83902],[-107.203,38.84595],[-107.16083,38.85434],[-107.14163,38.8813],[-107.14361,38.92358],[-107.1412,38.96585],[-107.16083,38.98703],[-107.203,39.00353],[-107.23502,39.00813],[-107.24518,39.0111],[-107.28639,39.05041],[-107.24518,39.0692],[-107.203,39.05509],[-107.16754,39.09268],[-107.203,39.12706],[-107.20892,39.13496],[-107.183,39.17724],[-107.16301,39.21951],[-107.16831,39.26179],[-107.16083,39.26891],[-107.11866,39.27414],[-107.10267,39.26179],[-107.07648,39.23681],[-106.99214,39.20116],[-106.94996,39.19407],[-106.90779,39.17943],[-106.90371,39.17724],[-106.86562,39.14396],[-106.82345,39.13648],[-106.78127,39.15158],[-106.76331,39.17724],[-106.75028,39.21951],[-106.75843,39.26179],[-106.78127,39.28232],[-106.80093,39.30407],[-106.78127,39.3184],[-106.7391,39.32123],[-106.69693,39.32048],[-106.65475,39.31014],[-106.64091,39.30407],[-106.61258,39.29581],[-106.59289,39.30407],[-106.59339,39.34634],[-106.63639,39.38862],[-106.65475,39.41382],[-106.69693,39.40568],[-106.7391,39.40204],[-106.78127,39.4072],[-106.82345,39.40888],[-106.86562,39.41641],[-106.90433,39.43089],[-106.90779,39.43649],[-106.94996,39.4601],[-106.95987,39.47317],[-106.94996,39.49407],[-106.90779,39.48801],[-106.86206,39.47317],[-106.82345,39.46864],[-106.78127,39.47056],[-106.7391,39.46581],[-106.70852,39.47317],[-106.69693,39.48132],[-106.67571,39.51545],[-106.65475,39.54204],[-106.63113,39.55772],[-106.61258,39.5622],[-106.57041,39.56543],[-106.52823,39.57971],[-106.48606,39.58293],[-106.44389,39.55952],[-106.40148,39.51545],[-106.368,39.47317],[-106.35954,39.46445],[-106.34321,39.47317],[-106.3419,39.51545],[-106.35954,39.54186],[-106.36537,39.55772],[-106.36308,39.6],[-106.35954,39.60841],[-106.32499,39.64228],[-106.35954,39.66294],[-106.38716,39.68455],[-106.40174,39.72683],[-106.43487,39.76911],[-106.44389,39.78752],[-106.48397,39.81138],[-106.44389,39.83027],[-106.42773,39.85366],[-106.40172,39.87743],[-106.37095,39.85366],[-106.35954,39.84705],[-106.31737,39.82765],[-106.23302,39.78385],[-106.21526,39.76911],[-106.19085,39.7443],[-106.14868,39.70754],[-106.12843,39.68455],[-106.1074,39.64228],[-106.10464,39.6],[-106.06433,39.54088],[-106.02216,39.50772],[-106.01492,39.51545],[-105.97999,39.56728],[-105.97348,39.6],[-106.02216,39.64315],[-106.05877,39.68455],[-106.06433,39.69269],[-106.08433,39.72683],[-106.08444,39.76911],[-106.0777,39.81138],[-106.06433,39.82155],[-106.03,39.85366],[-106.02701,39.89593],[-106.02216,39.90609],[-105.99461,39.93821],[-105.97999,39.95304],[-105.93781,39.94634],[-105.92668,39.93821],[-105.89564,39.90079],[-105.85347,39.89566],[-105.81129,39.88821],[-105.76912,39.88695],[-105.75238,39.89593],[-105.73231,39.93821],[-105.73082,39.98049],[-105.75763,40.02276],[-105.76732,40.06504],[-105.72695,40.08822],[-105.71347,40.10732],[-105.72695,40.11853],[-105.755,40.14959],[-105.76912,40.17734],[-105.77471,40.19187],[-105.76595,40.23415],[-105.76739,40.27642],[-105.80032,40.3187],[-105.8385,40.36098],[-105.85347,40.38316],[-105.8669,40.36098],[-105.88239,40.3187],[-105.89564,40.29011],[-105.90734,40.27642],[-105.93781,40.25908],[-105.97999,40.24613],[-106.02216,40.27375],[-106.02337,40.27642],[-105.97999,40.31393],[-105.97599,40.3187],[-106.0085,40.36098],[-106.00429,40.40325],[-105.99204,40.44553],[-105.93684,40.53008],[-105.95404,40.57236],[-105.98177,40.65691],[-106.00026,40.74146],[-105.97999,40.77958]]},"properties":{"elev":3000,"major":false}},{"type":"Feature","geometry":{"type":"LineString","coordinates":[[-106.06433,40.49583],[-106.04183,40.4878],[-106.06433,40.47995],[-106.0714,40.4878],[-106.06433,40.49583]]},"properties":{"elev":3000,"major":false}},{"type":"Feature","geometry":{"type":"LineString","coordinates":[[-106.31737,40.42105],[-106.2752,40.41642],[-106.25349,40.40325],[-106.23302,40.38392],[-106.1944,40.36098],[-106.19202,40.3187],[-106.23302,40.30289],[-106.2752,40.30746],[-106.31737,40.29897],[-106.37042,40.3187],[-106.3956,40.36098],[-106.35954,40.38511],[-106.31737,40.42105]]},"properties":{"elev":3000,"major":false}},{"type":"Feature","geometry":{"type":"LineString","coordinates":[[-106.14868,40.37543],[-106.1065,40.36645],[-106.0943,40.36098],[-106.08939,40.3187],[-106.1065,40.30169],[-106.18879,40.3187],[-106.18788,40.36098],[-106.14868,40.37543]]},"properties":{"elev":3000,"major":false}},{"type":"Feature","geometry":{"type":"LineString","coordinates":[[-106.65475,40.21753],[-106.61258,40.20119],[-106.60533,40.19187],[-106.59426,40.14959],[-106.61258,40.1401],[-106.65475,40.14798],[-106.65633,40.14959],[-106.67135,40.19187],[-106.65475,40.21753]]},"properties":{"elev":3000,"major":false}},{"type":"Feature","geometry":{"type":"LineString","coordinates":[[-106.14868,40.19741],[-106.1065,40.20367],[-106.09137,40.19187],[-106.1065,40.16149],[-106.14868,40.18238],[-106.15131,40.19187],[-106.14868,40.19741]]},"properties":{"elev":3000,"major":false}},{"type":"Feature","geometry":{"type":"LineString","coordinates":[[-107.32952,40.16326],[-107.28735,40.15175],[-107.24518,40.11652],[-107.203,40.11781],[-107.11866,40.16583],[-107.07648,40.15911],[-107.06471,40.14959],[-107.02784,40.10732],[-107.01994,40.06504],[-106.98417,40.02276],[-106.99214,40.00938],[-107.00598,39.98049],[-107.03431,39.95991],[-107.06817,39.93821],[-107.06492,39.89593],[-107.06906,39.85366],[-107.07648,39.84697],[-107.11866,39.83139],[-107.16083,39.83508],[-107.203,39.83474],[-107.23134,39.81138],[-107.203,39.78227],[-107.19342,39.76911],[-107.1944,39.72683],[-107.19905,39.68455],[-107.203,39.67973],[-107.24518,39.65932],[-107.27528,39.64228],[-107.28735,39.6398],[-107.32952,39.63568],[-107.34921,39.64228],[-107.37169,39.65781],[-107.41387,39.68075],[-107.43179,39.68455],[-107.45604,39.69659],[-107.48234,39.72683],[-107.49095,39.76911],[-107.49705,39.81138],[-107.45604,39.83129],[-107.41387,39.83383],[-107.37169,39.84933],[-107.35377,39.85366],[-107.37169,39.85764],[-107.41387,39.88151],[-107.45604,39.89361],[-107.45845,39.89593],[-107.48315,39.93821],[-107.45604,39.95636],[-107.41387,39.95651],[-107.37212,39.98049],[-107.35959,40.02276],[-107.32952,40.03705],[-107.28735,40.01952],[-107.24518,40.01297],[-107.23597,40.02276],[-107.28735,40.09853],[-107.3085,40.10732],[-107.32952,40.11996],[-107.35043,40.14959],[-107.32952,40.16326]]},"properties":{"elev":3000,"major":false}},{"type":"Feature","geometry":{"type":"LineString","coordinates":[[-106.52823,39.85444],[-106.5235,39.85366],[-106.52823,39.85244],[-106.52956,39.85366],[-106.52823,39.85444]]},"properties":{"elev":3000,"major":false}},{"type":"Feature","geometry":{"type":"LineString","coordinates":[[-106.14868,39.85926],[-106.13774,39.85366],[-106.14868,39.84821],[-106.16784,39.85366],[-106.14868,39.85926]]},"properties":{"elev":3000,"major":false}},{"type":"Feature","geometry":{"type":"LineString","coordinates":[[-106.52823,39.73771],[-106.48606,39.72963],[-106.48105,39.72683],[-106.48606,39.69114],[-106.5647,39.72683],[-106.52823,39.73771]]},"properties":{"elev":3000,"major":false}},{"type":"Feature","geometry":{"type":"LineString","coordinates":[[-111.33595,39.44332],[-111.31409,39.43089],[-111.32985,39.38862],[-111.33595,39.37806],[-111.37813,39.3303],[-111.41198,39.30407],[-111.38321,39.26179],[-111.44306,39.21951],[-111.45433,39.17724],[-111.4203,39.13826],[-111.4146,39.13496],[-111.46247,39.10264],[-111.48361,39.13496],[-111.48736,39.17724],[-111.47669,39.21951],[-111.46247,39.24791],[-111.45335,39.26179],[-111.43032,39.30407],[-111.42312,39.34634],[-111.4203,39.351],[-111.38919,39.38862],[-111.34516,39.43089],[-111.33595,39.44332]]},"properties":{"elev":3000,"major":false}},{"type":"Feature","geometry":{"type":"LineString","coordinates":[[-114.58327,39.39309],[-114.57564,39.34634],[-114.58327,39.31569],[-114.59486,39.34634],[-114.58327,39.39309]]},"properties":{"elev":3000,"major":false}},{"type":"Feature","geometry":{"type":"LineString","coordinates":[[-107.87777,39.39676],[-107.8356,39.39236],[-107.82924,39.38862],[-107.8356,39.38111],[-107.87777,39.3705],[-107.91489,39.38862],[-107.87777,39.39676]]},"properties":{"elev":3000,"major":false}},{"type":"Feature","geometry":{"type":"LineString","coordinates":[[-114.16154,39.27509],[-114.15544,39.26179],[-114.16154,39.2494],[-114.19333,39.26179],[-114.16154,39.27509]]},"properties":{"elev":3000,"major":false}},{"type":"Feature","geometry":{"type":"LineString","coordinates":[[-107.37169,39.30363],[-107.32952,39.26934],[-107.32356,39.26179],[-107.32952,39.21654],[-107.37169,39.18957],[-107.39628,39.21951],[-107.39893,39.26179],[-107.37169,39.30363]]},"properties":{"elev":3000,"major":false}},{"type":"Feature","geometry":{"type":"LineString","coordinates":[[-107.8356,39.14225],[-107.7968,39.13496],[-107.79342,39.13291],[-107.75125,39.15718],[-107.70908,39.16132],[-107.6669,39.15299],[-107.64395,39.13496],[-107.6298,39.09268],[-107.62473,39.07593],[-107.6191,39.05041],[-107.62473,39.01501],[-107.62974,39.00813],[-107.6669,39.00024],[-107.70908,39.01838],[-107.75125,39.01458],[-107.79342,39.03094],[-107.8356,39.04218],[-107.91994,39.03465],[-107.96212,39.02974],[-108.00393,39.00813],[-108.04646,38.99566],[-108.08863,38.96596],[-108.12482,39.00813],[-108.09772,39.05041],[-108.08863,39.05249],[-108.04646,39.0728],[-107.91994,39.10347],[-107.87777,39.11708],[-107.85558,39.13496],[-107.8356,39.14225]]},"properties":{"elev":3000,"major":false}},{"type":"Feature","geometry":{"type":"LineString","coordinates":[[-105.60043,39.16934],[-105.55826,39.16821],[-105.54298,39.13496],[-105.55826,39.10854],[-105.60043,39.11925],[-105.61414,39.13496],[-105.60043,39.16934]]},"properties":{"elev":3000,"major":false}},{"type":"Feature","geometry":{"type":"LineString","coordinates":[[-69.79557,39.09539],[-69.79197,39.09268],[-69.79557,39.08998],[-69.79827,39.09268],[-69.79557,39.09539]]},"properties":{"elev":3000,"major":false}},{"type":"Feature","geometry":{"type":"LineString","coordinates":[[-111.50465,39.06503],[-111.48781,39.05041],[-111.50465,39.03582],[-111.51716,39.05041],[-111.50465,39.06503]]},"properties":{"elev":3000,"major":false}},{"type":"Feature","geometry":{"type":"LineString","coordinates":[[-114.28806,39.02065],[-114.27493,39.00813],[-114.26215,38.96585],[-114.28806,38.89651],[-114.30294,38.96585],[-114.30256,39.00813],[-114.28806,39.02065]]},"properties":{"elev":3000,"major":false}},{"type":"Feature","geometry":{"type":"LineString","coordinates":[[-106.52823,38.88605],[-106.56215,38.8813],[-106.57041,38.87302],[-106.57484,38.83902],[-106.57041,38.82949],[-106.52823,38.81869],[-106.50567,38.83902],[-106.52086,38.8813],[-106.52823,38.88605]]},"properties":{"elev":3000,"major":false}},{"type":"Feature","geometry":{"type":"LineString","coordinates":[[-105.09435,38.9113],[-105.05218,38.9081],[-105.01001,38.87976],[-104.97621,38.83902],[-104.94883,38.79675],[-104.93798,38.75447],[-104.96783,38.72106],[-105.01001,38.72415],[-105.05218,38.73118],[-105.09435,38.7178],[-105.13653,38.73181],[-105.15373,38.75447],[-105.14271,38.83902],[-105.13478,38.8813],[-105.09435,38.9113]]},"properties":{"elev":3000,"major":false}},{"type":"Feature","geometry":{"type":"LineString","coordinates":[[-105.60043,38.83975],[-105.55826,38.85314],[-105.52773,38.83902],[-105.55826,38.82505],[-105.60043,38.83815],[-105.60149,38.83902],[-105.60043,38.83975]]},"properties":{"elev":3000,"major":false}},{"type":"Feature","geometry":{"type":"LineString","coordinates":[[-116.90279,38.80578],[-116.89482,38.79675],[-116.89635,38.75447],[-116.90279,38.7498],[-116.91073,38.75447],[-116.92037,38.79675],[-116.90279,38.80578]]},"properties":{"elev":3000,"major":false}},{"type":"Feature","geometry":{"type":"LineString","coordinates":[[-105.68477,38.80946],[-105.6426,38.80218],[-105.6381,38.79675],[-105.6426,38.7859],[-105.65978,38.75447],[-105.66957,38.7122],[-105.68477,38.70021],[-105.72695,38.69923],[-105.74538,38.7122],[-105.76624,38.75447],[-105.72695,38.78376],[-105.68477,38.80946]]},"properties":{"elev":3000,"major":false}},{"type":"Feature","geometry":{"type":"LineString","coordinates":[[-111.63117,38.75901],[-111.5859,38.75447],[-111.55297,38.7122],[-111.54682,38.696],[-111.53216,38.66992],[-111.54682,38.66153],[-111.55895,38.66992],[-111.58899,38.68705],[-111.66801,38.62764],[-111.67334,38.62204],[-111.69013,38.58537],[-111.71551,38.56087],[-111.75768,38.58315],[-111.75768,38.586],[-111.73171,38.62764],[-111.72064,38.66992],[-111.71551,38.68248],[-111.6866,38.7122],[-111.67334,38.73306],[-111.65052,38.75447],[-111.63117,38.75901]]},"properties":{"elev":3000,"major":false}},{"type":"Feature","geometry":{"type":"LineString","coordinates":[[-105.93781,38.72124],[-105.93227,38.7122],[-105.93781,38.69427],[-105.94198,38.7122],[-105.93781,38.72124]]},"properties":{"elev":3000,"major":false}},{"type":"Feature","geometry":{"type":"LineString","coordinates":[[-111.96855,38.63513],[-111.95187,38.62764],[-111.96855,38.59656],[-111.98869,38.62764],[-111.96855,38.63513]]},"properties":{"elev":3000,"major":false}},{"type":"Feature","geometry":{"type":"LineString","coordinates":[[-105.72695,38.63362],[-105.68477,38.64111],[-105.6426,38.63041],[-105.63922,38.62764],[-105.61357,38.58537],[-105.6426,38.56597],[-105.68477,38.5758],[-105.72695,38.56388],[-105.76251,38.58537],[-105.72695,38.63362]]},"properties":{"elev":3000,"major":false}},{"type":"Feature","geometry":{"type":"LineString","coordinates":[[-109.22731,38.55382],[-109.18513,38.54584],[-109.18137,38.54309],[-109.16945,38.50081],[-109.17749,38.45854],[-109.18513,38.44967],[-109.22731,38.4187],[-109.25679,38.45854],[-109.24311,38.54309],[-109.22731,38.55382]]},"properties":{"elev":3000,"major":false}},{"type":"Feature","geometry":{"type":"LineString","coordinates":[[-112.05289,38.50792],[-112.04993,38.50081],[-112.05289,38.49816],[-112.05459,38.50081],[-112.05289,38.50792]]},"properties":{"elev":3000,"major":false}},{"type":"Feature","geometry":{"type":"LineString","coordinates":[[-119.30665,38.46314],[-119.29638,38.45854],[-119.26447,38.43699],[-119.25741,38.41626],[-119.26447,38.40646],[-119.30665,38.40646],[-119.31938,38.41626],[-119.31035,38.45854],[-119.30665,38.46314]]},"properties":{"elev":3000,"major":false}},{"type":"Feature","geometry":{"type":"LineString","coordinates":[[-111.46247,38.4649],[-111.45756,38.45854],[-111.44532,38.41626],[-111.46247,38.40257],[-111.49277,38.41626],[-111.46869,38.45854],[-111.46247,38.4649]]},"properties":{"elev":3000,"major":false}},{"type":"Feature","geometry":{"type":"LineString","coordinates":[[-106.02216,38.46151],[-106.01476,38.45854],[-105.97999,38.43942],[-105.93781,38.42749],[-105.89564,38.39607],[-105.86931,38.37398],[-105.84421,38.33171],[-105.85347,38.29576],[-105.89564,38.31704],[-105.93781,38.35116],[-105.96822,38.37398],[-105.97999,38.38822],[-106.01122,38.41626],[-106.02216,38.44442],[-106.03166,38.45854],[-106.02216,38.46151]]},"properties":{"elev":3000,"major":false}},{"type":"Feature","geometry":{"type":"LineString","coordinates":[[-112.39028,38.45295],[-112.34811,38.43614],[-112.33764,38.41626],[-112.30311,38.37398],[-112.30593,38.36293],[-112.34811,38.29452],[-112.37879,38.33171],[-112.39028,38.33955],[-112.42344,38.37398],[-112.42796,38.41626],[-112.39028,38.45295]]},"properties":{"elev":3000,"major":false}},{"type":"Feature","geometry":{"type":"LineString","coordinates":[[-119.60186,38.3902],[-119.59184,38.37398],[-119.60186,38.35505],[-119.62035,38.37398],[-119.60186,38.3902]]},"properties":{"elev":3000,"major":false}},{"type":"Feature","geometry":{"type":"LineString","coordinates":[[-107.62473,38.3036],[-107.61226,38.28943],[-107.62473,38.28009],[-107.62895,38.28943],[-107.62473,38.3036]]},"properties":{"elev":3000,"major":false}},{"type":"Feature","geometry":{"type":"LineString","coordinates":[[-105.81129,38.2975],[-105.76912,38.28077],[-105.72695,38.27536],[-105.68477,38.25291],[-105.6783,38.24715],[-105.6426,38.203],[-105.61146,38.1626],[-105.58931,38.12033],[-105.5634,38.07805],[-105.52491,38.03577],[-105.49181,37.9935],[-105.47391,37.95739],[-105.43906,37.90894],[-105.42429,37.86667],[-105.43174,37.83103],[-105.43565,37.82439],[-105.47391,37.80083],[-105.50091,37.82439],[-105.51608,37.83325],[-105.5537,37.86667],[-105.55826,37.86906],[-105.60043,37.91262],[-105.62638,37.95122],[-105.65066,37.9935],[-105.67972,38.03577],[-105.72695,38.07023],[-105.73404,38.07805],[-105.76669,38.1626],[-105.82278,38.24715],[-105.84614,38.28943],[-105.81129,38.2975]]},"properties":{"elev":3000,"major":false}},{"type":"Feature","geometry":{"type":"LineString","coordinates":[[-107.58256,38.26545],[-107.56461,38.24715],[-107.58256,38.22737],[-107.5969,38.24715],[-107.58256,38.26545]]},"properties":{"elev":3000,"major":false}},{"type":"Feature","geometry":{"type":"LineString","coordinates":[[-119.47534,38.21592],[-119.45643,38.20488],[-119.47534,38.16673],[-119.4823,38.20488],[-119.47534,38.21592]]},"properties":{"elev":3000,"major":false}},{"type":"Feature","geometry":{"type":"LineString","coordinates":[[-111.50465,38.21805],[-111.46247,38.21021],[-111.45174,38.20488],[-111.4203,38.18422],[-111.37478,38.1626],[-111.35595,38.12033],[-111.35234,38.07805],[-111.37813,38.03855],[-111.4203,38.04897],[-111.46247,38.05161],[-111.50465,38.02848],[-111.54682,38.01356],[-111.63117,38.03068],[-111.67334,38.03412],[-111.71551,38.01373],[-111.73465,38.03577],[-111.72027,38.07805],[-111.71551,38.08022],[-111.67334,38.08711],[-111.63117,38.09151],[-111.58899,38.10458],[-111.57974,38.12033],[-111.55987,38.1626],[-111.54682,38.18485],[-111.53064,38.20488],[-111.50465,38.21805]]},"properties":{"elev":3000,"major":false}},{"type":"Feature","geometry":{"type":"LineString","coordinates":[[-119.51751,38.13075],[-119.47534,38.15238],[-119.43317,38.12042],[-119.30665,38.10972],[-119.24165,38.07805],[-119.23093,38.03577],[-119.18926,37.9935],[-119.2008,37.95122],[-119.18013,37.93139],[-119.17053,37.90894],[-119.16701,37.86667],[-119.14379,37.82439],[-119.13988,37.78211],[-119.14092,37.73984],[-119.13061,37.69756],[-119.13351,37.65528],[-119.13796,37.64962],[-119.2223,37.6688],[-119.26447,37.65412],[-119.30665,37.64582],[-119.34882,37.6397],[-119.39099,37.64731],[-119.39328,37.65528],[-119.39099,37.6602],[-119.34882,37.65843],[-119.30665,37.68703],[-119.305,37.69756],[-119.33402,37.73984],[-119.35084,37.78211],[-119.36366,37.82439],[-119.34882,37.83138],[-119.30665,37.83669],[-119.26447,37.86359],[-119.263,37.86667],[-119.26447,37.87063],[-119.30293,37.90894],[-119.30665,37.91066],[-119.3362,37.95122],[-119.33903,37.9935],[-119.34882,38.02383],[-119.36921,38.03577],[-119.39099,38.04224],[-119.43317,38.06192],[-119.4523,38.07805],[-119.47534,38.1095],[-119.51751,38.11819],[-119.52057,38.12033],[-119.51751,38.13075]]},"properties":{"elev":3000,"major":false}},{"type":"Feature","geometry":{"type":"LineString","coordinates":[[-105.22087,38.10196],[-105.1787,38.09609],[-105.15367,38.07805],[-105.13653,38.06741],[-105.09435,38.03168],[-105.07341,37.9935],[-105.05218,37.97052],[-105.03711,37.95122],[-105.01001,37.92327],[-104.99972,37.90894],[-105.00094,37.86667],[-105.01001,37.85969],[-105.05218,37.88151],[-105.09947,37.90894],[-105.13653,37.93755],[-105.15861,37.95122],[-105.1787,37.97371],[-105.20235,37.9935],[-105.22087,38.0146],[-105.23503,38.03577],[-105.24933,38.07805],[-105.22087,38.10196]]},"properties":{"elev":3000,"major":false}},{"type":"Feature","geometry":{"type":"LineString","coordinates":[[-111.84203,38.00009],[-111.79547,37.9935],[-111.75724,37.95122],[-111.79986,37.94987],[-111.83055,37.90894],[-111.84203,37.87356],[-111.8842,37.89918],[-111.88885,37.90894],[-111.8842,37.928],[-111.84203,38.00009]]},"properties":{"elev":3000,"major":false}},{"type":"Feature","geometry":{"type":"LineString","coordinates":[[-118.33667,37.86544],[-118.2945,37.85465],[-118.28065,37.82439],[-118.25232,37.7719],[-118.23306,37.73984],[-118.21886,37.69756],[-118.21015,37.68779],[-118.1909,37.65528],[-118.16798,37.60627],[-118.14361,37.57073],[-118.1258,37.51729],[-118.11207,37.48618],[-118.1258,37.46357],[-118.14613,37.4439],[-118.16798,37.40265],[-118.17579,37.4439],[-118.19953,37.48618],[-118.21015,37.49211],[-118.25232,37.5512],[-118.26055,37.57073],[-118.26876,37.61301],[-118.27992,37.65528],[-118.29394,37.69756],[-118.3194,37.73984],[-118.33667,37.75897],[-118.35319,37.78211],[-118.36103,37.82439],[-118.33667,37.86544]]},"properties":{"elev":3000,"major":false}},{"type":"Feature","geometry":{"type":"LineString","coordinates":[[-107.16083,37.79226],[-107.16979,37.78211],[-107.16083,37.77519],[-107.11866,37.75766],[-107.09854,37.73984],[-107.07648,37.72649],[-107.04818,37.69756],[-107.03431,37.68029],[-106.99214,37.68849],[-106.98287,37.69756],[-106.98427,37.73984],[-106.99214,37.77481],[-107.03431,37.76796],[-107.07648,37.78006],[-107.07813,37.78211],[-107.11866,37.8059],[-107.16083,37.79226]]},"properties":{"elev":3000,"major":false}},{"type":"Feature","geometry":{"type":"LineString","coordinates":[[-66.50608,37.80026],[-66.48797,37.78211],[-66.50608,37.76397],[-66.52418,37.78211],[-66.50608,37.80026]]},"properties":{"elev":3000,"major":false}},{"type":"Feature","geometry":{"type":"LineString","coordinates":[[-112.81201,37.70599],[-112.76984,37.71312],[-112.7323,37.69756],[-112.74026,37.65528],[-112.7523,37.61301],[-112.76984,37.58857],[-112.81201,37.58257],[-112.81929,37.61301],[-112.82319,37.65528],[-112.82949,37.69756],[-112.81201,37.70599]]},"properties":{"elev":3000,"major":false}},{"type":"Feature","geometry":{"type":"LineString","coordinates":[[-105.47391,37.71575],[-105.43174,37.69292],[-105.38956,37.67251],[-105.33855,37.65528],[-105.32927,37.61301],[-105.34739,37.59555],[-105.36761,37.57073],[-105.38956,37.55284],[-105.43174,37.53463],[-105.47391,37.53146],[-105.51608,37.54362],[-105.54513,37.57073],[-105.54006,37.61301],[-105.52179,37.65528],[-105.51608,37.66508],[-105.48664,37.69756],[-105.47391,37.71575]]},"properties":{"elev":3000,"major":false}},{"type":"Feature","geometry":{"type":"LineString","coordinates":[[-118.96926,37.58328],[-118.92709,37.58583],[-118.88492,37.57914],[-118.85048,37.57073],[-118.80057,37.54643],[-118.73972,37.52846],[-118.71623,37.50925],[-118.68301,37.48618],[-118.67405,37.47541],[-118.66783,37.4439],[-118.67248,37.35935],[-118.63188,37.33475],[-118.62381,37.31707],[-118.61044,37.2748],[-118.58971,37.2294],[-118.54753,37.22376],[-118.53144,37.23252],[-118.50536,37.24079],[-118.47004,37.23252],[-118.46319,37.22835],[-118.42871,37.19024],[-118.43126,37.14797],[-118.41375,37.10569],[-118.37884,37.06197],[-118.34689,36.93659],[-118.33667,36.91895],[-118.32651,36.89431],[-118.32225,36.80976],[-118.31743,36.76748],[-118.30161,36.7252],[-118.25232,36.64371],[-118.22856,36.59837],[-118.21015,36.57302],[-118.16798,36.52128],[-118.16036,36.51382],[-118.13379,36.47154],[-118.1258,36.43712],[-118.12505,36.42927],[-118.1258,36.38657],[-118.16798,36.40459],[-118.21015,36.40676],[-118.25232,36.41371],[-118.2945,36.40386],[-118.33667,36.40618],[-118.35154,36.42927],[-118.35418,36.47154],[-118.36408,36.51382],[-118.37571,36.5561],[-118.37884,36.56264],[-118.38291,36.5561],[-118.39224,36.51382],[-118.42102,36.49013],[-118.46319,36.47599],[-118.4704,36.47154],[-118.46319,36.45628],[-118.45453,36.42927],[-118.44318,36.38699],[-118.46029,36.34472],[-118.46319,36.34343],[-118.50536,36.36744],[-118.54753,36.36696],[-118.58971,36.37709],[-118.59582,36.38699],[-118.58971,36.39959],[-118.56428,36.42927],[-118.55763,36.47154],[-118.55062,36.5561],[-118.58971,36.59295],[-118.62091,36.59837],[-118.63188,36.60647],[-118.65642,36.64065],[-118.63188,36.65306],[-118.58971,36.65928],[-118.54753,36.66366],[-118.53125,36.68293],[-118.52149,36.7252],[-118.50536,36.73783],[-118.44939,36.76748],[-118.46319,36.77902],[-118.47739,36.80976],[-118.46779,36.85203],[-118.50171,36.89431],[-118.50536,36.89576],[-118.54753,36.86686],[-118.5779,36.85203],[-118.58971,36.84975],[-118.59574,36.85203],[-118.63188,36.89313],[-118.63477,36.89431],[-118.58971,36.90801],[-118.56865,36.93659],[-118.53231,36.97886],[-118.53663,37.02114],[-118.54753,37.04815],[-118.58971,37.0308],[-118.63188,37.03327],[-118.65241,37.02114],[-118.67405,36.99842],[-118.71623,36.99216],[-118.7584,37.01229],[-118.7847,37.02114],[-118.7952,37.06341],[-118.80057,37.07294],[-118.81412,37.10569],[-118.84274,37.14656],[-118.88492,37.18569],[-118.89365,37.19024],[-118.84274,37.20638],[-118.80636,37.23252],[-118.84274,37.25188],[-118.87697,37.2748],[-118.88492,37.28547],[-118.89802,37.31707],[-118.88492,37.34563],[-118.87546,37.35935],[-118.87771,37.40163],[-118.88492,37.41546],[-118.92709,37.44281],[-118.94975,37.4439],[-119.01144,37.47396],[-119.01281,37.48618],[-119.01144,37.48698],[-118.96926,37.49413],[-118.95171,37.52846],[-118.96926,37.55158],[-118.98598,37.57073],[-118.96926,37.58328]]},"properties":{"elev":3000,"major":false}},{"type":"Feature","geometry":{"type":"LineString","coordinates":[[-70.09078,37.46357],[-70.07116,37.4439],[-70.09078,37.42424],[-70.11039,37.4439],[-70.09078,37.46357]]},"properties":{"elev":3000,"major":false}},{"type":"Feature","geometry":{"type":"LineString","coordinates":[[-105.22087,37.40877],[-105.1787,37.43185],[-105.13653,37.41603],[-105.12557,37.40163],[-105.10929,37.35935],[-105.09435,37.34479],[-105.06589,37.35935],[-105.05218,37.36379],[-105.01001,37.38483],[-104.96783,37.40317],[-104.92627,37.40163],[-104.94474,37.35935],[-104.96783,37.33915],[-105.01001,37.31378],[-105.05218,37.29258],[-105.06081,37.2748],[-105.07035,37.23252],[-105.0829,37.19024],[-105.09739,37.14797],[-105.10733,37.10569],[-105.1129,37.06341],[-105.13653,37.02595],[-105.17918,36.97886],[-105.19668,36.93659],[-105.16318,36.85203],[-105.17527,36.80976],[-105.1787,36.80417],[-105.22087,36.77058],[-105.26305,36.78085],[-105.27458,36.76748],[-105.26305,36.73672],[-105.24974,36.7252],[-105.26305,36.72054],[-105.30522,36.71251],[-105.34739,36.70195],[-105.38956,36.72596],[-105.47391,36.73529],[-105.51608,36.752],[-105.5259,36.76748],[-105.52375,36.80976],[-105.51608,36.83094],[-105.4993,36.85203],[-105.47391,36.87385],[-105.43174,36.8637],[-105.40631,36.85203],[-105.38956,36.84122],[-105.35489,36.85203],[-105.37956,36.89431],[-105.38709,36.93659],[-105.37644,36.97886],[-105.34739,37.01474],[-105.30023,37.06341],[-105.27508,37.10569],[-105.25827,37.14797],[-105.24425,37.19024],[-105.26305,37.21768],[-105.27918,37.23252],[-105.30186,37.2748],[-105.28066,37.31707],[-105.26305,37.33436],[-105.24738,37.35935],[-105.22588,37.40163],[-105.22087,37.40877]]},"properties":{"elev":3000,"major":false}},{"type":"Feature","geometry":{"type":"LineString","coordinates":[[-106.40172,37.16031],[-106.41122,37.14797],[-106.40172,37.1313],[-106.36818,37.14797],[-106.40172,37.16031]]},"properties":{"elev":3000,"major":false}},{"type":"Feature","geometry":{"type":"LineString","coordinates":[[-105.30522,36.82705],[-105.3186,36.80976],[-105.30522,36.7977],[-105.29135,36.80976],[-105.30522,36.82705]]},"properties":{"elev":3000,"major":false}},{"type":"Feature","geometry":{"type":"LineString","coordinates":[[-105.47391,36.68552],[-105.43174,36.71005],[-105.38956,36.67811],[-105.34912,36.64065],[-105.34036,36.59837],[-105.32907,36.5561],[-105.34126,36.51382],[-105.34739,36.50162],[-105.38956,36.48026],[-105.43174,36.47693],[-105.47391,36.49127],[-105.49367,36.51382],[-105.49628,36.5561],[-105.51608,36.57551],[-105.55826,36.59284],[-105.56308,36.59837],[-105.5618,36.64065],[-105.55826,36.64509],[-105.51608,36.6525],[-105.47508,36.68293],[-105.47391,36.68552]]},"properties":{"elev":3000,"major":false}},{"type":"Feature","geometry":{"type":"LineString","coordinates":[[-105.22087,36.67219],[-105.1787,36.6468],[-105.17493,36.64065],[-105.1787,36.5988],[-105.22087,36.59608],[-105.22287,36.59837],[-105.23834,36.64065],[-105.22087,36.67219]]},"properties":{"elev":3000,"major":false}},{"type":"Feature","geometry":{"type":"LineString","coordinates":[[-105.1787,36.48376],[-105.13653,36.48784],[-105.11282,36.47154],[-105.13653,36.4343],[-105.1787,36.43207],[-105.19065,36.47154],[-105.1787,36.48376]]},"properties":{"elev":3000,"major":false}},{"type":"Feature","geometry":{"type":"LineString","coordinates":[[-105.1787,36.41912],[-105.16445,36.34472],[-105.1787,36.33443],[-105.21773,36.34472],[-105.18947,36.38699],[-105.1787,36.41912]]},"properties":{"elev":3000,"major":false}},{"type":"Feature","geometry":{"type":"LineString","coordinates":[[-105.34739,36.31038],[-105.33657,36.30244],[-105.30522,36.26979],[-105.30004,36.26016],[-105.30522,36.25007],[-105.34739,36.22296],[-105.35145,36.21789],[-105.38956,36.18231],[-105.40018,36.17561],[-105.43174,36.15117],[-105.47391,36.15687],[-105.49909,36.17561],[-105.48859,36.21789],[-105.47391,36.23675],[-105.44789,36.26016],[-105.43174,36.2865],[-105.34739,36.31038]]},"properties":{"elev":3000,"major":false}},{"type":"Feature","geometry":{"type":"LineString","coordinates":[[-106.82345,36.13617],[-106.81215,36.13333],[-106.78127,36.10644],[-106.77375,36.09106],[-106.78127,36.07549],[-106.82345,36.06147],[-106.84483,36.09106],[-106.83018,36.13333],[-106.82345,36.13617]]},"properties":{"elev":3000,"major":false}},{"type":"Feature","geometry":{"type":"LineString","coordinates":[[-105.55826,36.11654],[-105.51608,36.11054],[-105.49043,36.09106],[-105.47391,36.06996],[-105.46568,36.04878],[-105.4638,36.0065],[-105.45958,35.96423],[-105.46894,35.92195],[-105.49571,35.87967],[-105.50714,35.8374],[-105.49963,35.79512],[-105.50346,35.75285],[-105.51608,35.72953],[-105.54005,35.71057],[-105.55826,35.70251],[-105.57242,35.71057],[-105.60043,35.75078],[-105.60109,35.75285],[-105.58401,35.79512],[-105.58594,35.8374],[-105.60043,35.86166],[-105.6426,35.85939],[-105.68477,35.84678],[-105.69124,35.8374],[-105.71405,35.79512],[-105.72695,35.77703],[-105.74819,35.75285],[-105.76912,35.73803],[-105.79172,35.75285],[-105.80644,35.79512],[-105.78862,35.8374],[-105.77003,35.92195],[-105.72695,35.96292],[-105.68477,36.0105],[-105.65623,36.04878],[-105.6426,36.06241],[-105.55826,36.11654]]},"properties":{"elev":3000,"major":false}},{"type":"Feature","geometry":{"type":"LineString","coordinates":[[-106.44389,36.01734],[-106.40172,36.03687],[-106.35954,36.00932],[-106.35746,36.0065],[-106.35954,36.0034],[-106.40172,35.98474],[-106.47049,36.0065],[-106.44389,36.01734]]},"properties":{"elev":3000,"major":false}},{"type":"Feature","geometry":{"type":"LineString","coordinates":[[-67.60257,35.94361],[-67.58096,35.92195],[-67.60257,35.90029],[-67.62418,35.92195],[-67.60257,35.94361]]},"properties":{"elev":3000,"major":false}},{"type":"Feature","geometry":{"type":"LineString","coordinates":[[-111.67334,35.33742],[-111.65367,35.33008],[-111.67334,35.32549],[-111.67876,35.33008],[-111.67334,35.33742]]},"properties":{"elev":3000,"major":false}},{"type":"Feature","geometry":{"type":"LineString","coordinates":[[-69.03645,34.17212],[-69.01074,34.14634],[-69.03645,34.12056],[-69.06217,34.14634],[-69.03645,34.17212]]},"properties":{"elev":3000,"major":false}},{"type":"Feature","geometry":{"type":"LineString","coordinates":[[-69.83774,34.03922],[-69.81906,34.01951],[-69.83774,34.00079],[-69.85642,34.01951],[-69.83774,34.03922]]},"properties":{"elev":3000,"major":false}},{"type":"Feature","geometry":{"type":"LineString","coordinates":[[-109.60686,33.95367],[-109.56469,33.95952],[-109.52252,33.93704],[-109.52011,33.93496],[-109.51577,33.89268],[-109.52252,33.88664],[-109.56469,33.87023],[-109.60686,33.88443],[-109.61635,33.89268],[-109.62413,33.93496],[-109.60686,33.95367]]},"properties":{"elev":3000,"major":false}},{"type":"Feature","geometry":{"type":"LineString","coordinates":[[-123.77698,33.68401],[-123.77338,33.6813],[-123.77698,33.6786],[-123.77968,33.6813],[-123.77698,33.68401]]},"properties":{"elev":3000,"major":false}},{"type":"Feature","geometry":{"type":"LineString","coordinates":[[-75.19371,33.68401],[-75.19011,33.6813],[-75.19371,33.6786],[-75.19641,33.6813],[-75.19371,33.68401]]},"properties":{"elev":3000,"major":false}},{"type":"Feature","geometry":{"type":"LineString","coordinates":[[-69.79557,33.68401],[-69.79197,33.6813],[-69.79557,33.6786],[-69.79827,33.6813],[-69.79557,33.68401]]},"properties":{"elev":3000,"major":false}},{"type":"Feature","geometry":{"type":"LineString","coordinates":[[-120.48749,32.38888],[-120.46939,32.37073],[-120.48749,32.35258],[-120.50559,32.37073],[-120.48749,32.38888]]},"properties":{"elev":3000,"major":false}},{"type":"Feature","geometry":{"type":"LineString","coordinates":[[-71.90422,32.38888],[-71.88611,32.37073],[-71.90422,32.35258],[-71.92232,32.37073],[-71.90422,32.38888]]},"properties":{"elev":3000,"major":false}},{"type":"Feature","geometry":{"type":"LineString","coordinates":[[-66.50608,32.38888],[-66.48797,32.37073],[-66.50608,32.35258],[-66.52418,32.37073],[-66.50608,32.38888]]},"properties":{"elev":3000,"major":false}},{"type":"Feature","geometry":{"type":"LineString","coordinates":[[-124.07219,32.05219],[-124.05258,32.03252],[-124.07219,32.01286],[-124.09181,32.03252],[-124.07219,32.05219]]},"properties":{"elev":3000,"major":false}},{"type":"Feature","geometry":{"type":"LineString","coordinates":[[-75.48892,32.05219],[-75.46931,32.03252],[-75.48892,32.01286],[-75.50854,32.03252],[-75.48892,32.05219]]},"properties":{"elev":3000,"major":false}},{"type":"Feature","geometry":{"type":"LineString","coordinates":[[-70.09078,32.05219],[-70.07116,32.03252],[-70.09078,32.01286],[-70.11039,32.03252],[-70.09078,32.05219]]},"properties":{"elev":3000,"major":false}},{"type":"Feature","geometry":{"type":"LineString","coordinates":[[-121.58399,30.53223],[-121.56238,30.51057],[-121.58399,30.48891],[-121.6056,30.51057],[-121.58399,30.53223]]},"properties":{"elev":3000,"major":false}},{"type":"Feature","geometry":{"type":"LineString","coordinates":[[-73.00071,30.53223],[-72.97911,30.51057],[-73.00071,30.48891],[-73.02232,30.51057],[-73.00071,30.53223]]},"properties":{"elev":3000,"major":false}},{"type":"Feature","geometry":{"type":"LineString","coordinates":[[-67.60257,30.53223],[-67.58096,30.51057],[-67.60257,30.48891],[-67.62418,30.51057],[-67.60257,30.53223]]},"properties":{"elev":3000,"major":false}},{"type":"Feature","geometry":{"type":"LineString","coordinates":[[-123.01787,28.76074],[-122.99215,28.73496],[-123.01787,28.70918],[-123.04359,28.73496],[-123.01787,28.76074]]},"properties":{"elev":3000,"major":false}},{"type":"Feature","geometry":{"type":"LineString","coordinates":[[-74.4346,28.76074],[-74.40888,28.73496],[-74.4346,28.70918],[-74.46031,28.73496],[-74.4346,28.76074]]},"properties":{"elev":3000,"major":false}},{"type":"Feature","geometry":{"type":"LineString","coordinates":[[-69.03645,28.76074],[-69.01074,28.73496],[-69.03645,28.70918],[-69.06217,28.73496],[-69.03645,28.76074]]},"properties":{"elev":3000,"major":false}},{"type":"Feature","geometry":{"type":"LineString","coordinates":[[-123.81916,28.62784],[-123.80048,28.60813],[-123.81916,28.58941],[-123.83783,28.60813],[-123.81916,28.62784]]},"properties":{"elev":3000,"major":false}},{"type":"Feature","geometry":{"type":"LineString","coordinates":[[-75.23588,28.62784],[-75.21721,28.60813],[-75.23588,28.58941],[-75.25456,28.60813],[-75.23588,28.62784]]},"properties":{"elev":3000,"major":false}},{"type":"Feature","geometry":{"type":"LineString","coordinates":[[-69.83774,28.62784],[-69.81906,28.60813],[-69.83774,28.58941],[-69.85642,28.60813],[-69.83774,28.62784]]},"properties":{"elev":3000,"major":false}},{"type":"Feature","geometry":{"type":"LineString","coordinates":[[-123.77698,28.27262],[-123.77338,28.26992],[-123.77698,28.26721],[-123.77968,28.26992],[-123.77698,28.27262]]},"properties":{"elev":3000,"major":false}},{"type":"Feature","geometry":{"type":"LineString","coordinates":[[-91.38813,28.27262],[-91.38453,28.26992],[-91.38813,28.26721],[-91.39083,28.26992],[-91.38813,28.27262]]},"properties":{"elev":3000,"major":false}},{"type":"Feature","geometry":{"type":"LineString","coordinates":[[-75.19371,28.27262],[-75.19011,28.26992],[-75.19371,28.26721],[-75.19641,28.26992],[-75.19371,28.27262]]},"properties":{"elev":3000,"major":false}},{"type":"Feature","geometry":{"type":"LineString","coordinates":[[-69.79557,28.27262],[-69.79197,28.26992],[-69.79557,28.26721],[-69.79827,28.26992],[-69.79557,28.27262]]},"properties":{"elev":3000,"major":false}},{"type":"Feature","geometry":{"type":"LineString","coordinates":[[-120.48749,26.9775],[-120.46939,26.95935],[-120.48749,26.9412],[-120.50559,26.95935],[-120.48749,26.9775]]},"properties":{"elev":3000,"major":false}},{"type":"Feature","geometry":{"type":"LineString","coordinates":[[-88.09864,26.9775],[-88.08054,26.95935],[-88.09864,26.9412],[-88.11675,26.95935],[-88.09864,26.9775]]},"properties":{"elev":3000,"major":false}},{"type":"Feature","geometry":{"type":"LineString","coordinates":[[-71.90422,26.9775],[-71.88611,26.95935],[-71.90422,26.9412],[-71.92232,26.95935],[-71.90422,26.9775]]},"properties":{"elev":3000,"major":false}},{"type":"Feature","geometry":{"type":"LineString","coordinates":[[-66.50608,26.9775],[-66.48797,26.95935],[-66.50608,26.9412],[-66.52418,26.95935],[-66.50608,26.9775]]},"properties":{"elev":3000,"major":false}},{"type":"Feature","geometry":{"type":"LineString","coordinates":[[-124.07219,26.6408],[-124.05258,26.62114],[-124.07219,26.60148],[-124.09181,26.62114],[-124.07219,26.6408]]},"properties":{"elev":3000,"major":false}},{"type":"Feature","geometry":{"type":"LineString","coordinates":[[-91.68335,26.6408],[-91.66373,26.62114],[-91.68335,26.60148],[-91.70296,26.62114],[-91.68335,26.6408]]},"properties":{"elev":3000,"major":false}},{"type":"Feature","geometry":{"type":"LineString","coordinates":[[-75.48892,26.6408],[-75.46931,26.62114],[-75.48892,26.60148],[-75.50854,26.62114],[-75.48892,26.6408]]},"properties":{"elev":3000,"major":false}},{"type":"Feature","geometry":{"type":"LineString","coordinates":[[-70.09078,26.6408],[-70.07116,26.62114],[-70.09078,26.60148],[-70.11039,26.62114],[-70.09078,26.6408]]},"properties":{"elev":3000,"major":false}},{"type":"Feature","geometry":{"type":"LineString","coordinates":[[-121.58399,25.12085],[-121.56238,25.09919],[-121.58399,25.07753],[-121.6056,25.09919],[-121.58399,25.12085]]},"properties":{"elev":3000,"major":false}},{"type":"Feature","geometry":{"type":"LineString","coordinates":[[-89.19514,25.12085],[-89.17353,25.09919],[-89.19514,25.07753],[-89.21675,25.09919],[-89.19514,25.12085]]},"properties":{"elev":3000,"major":false}},{"type":"Feature","geometry":{"type":"LineString","coordinates":[[-73.00071,25.12085],[-72.97911,25.09919],[-73.00071,25.07753],[-73.02232,25.09919],[-73.00071,25.12085]]},"properties":{"elev":3000,"major":false}},{"type":"Feature","geometry":{"type":"LineString","coordinates":[[-67.60257,25.12085],[-67.58096,25.09919],[-67.60257,25.07753],[-67.62418,25.09919],[-67.60257,25.12085]]},"properties":{"elev":3000,"major":false}},{"type":"Feature","geometry":{"type":"LineString","coordinates":[[-66.57451,39.02408],[-66.57444,39.00813],[-66.59042,38.99211],[-66.6064,39.00813]]},"properties":{"elev":4000,"major":true}},{"type":"Feature","geometry":{"type":"LineString","coordinates":[[-66.48297,39.0313],[-66.48297,39.00813],[-66.50608,38.98496],[-66.52919,39.00813],[-66.52911,39.03122]]},"properties":{"elev":4000,"major":true}},{"type":"Feature","geometry":{"type":"LineString","coordinates":[[-70.87882,36.65393],[-70.87882,36.64065],[-70.89207,36.62737],[-70.90532,36.62737]]},"properties":{"elev":4000,"major":true}},{"type":"Feature","geometry":{"type":"LineString","coordinates":[[-67.23578,36.5689],[-67.22302,36.5689],[-67.21025,36.5561],[-67.22302,36.5433],[-67.23578,36.5433]]},"properties":{"elev":4000,"major":true}},{"type":"Feature","geometry":{"type":"LineString","coordinates":[[-66.23296,36.36686],[-66.21086,36.36686],[-66.18877,36.34472],[-66.18877,36.32257]]},"properties":{"elev":4000,"major":true}},{"type":"Feature","geometry":{"type":"LineString","coordinates":[[-70.32232,36.32399],[-70.32232,36.34472],[-70.30164,36.36545],[-70.28096,36.34472]]},"properties":{"elev":4000,"major":true}},{"type":"Feature","geometry":{"type":"LineString","coordinates":[[-70.61821,35.98509],[-70.61821,36.0065],[-70.59685,36.02792],[-70.5755,36.02792]]},"properties":{"elev":4000,"major":true}},{"type":"Feature","geometry":{"type":"LineString","coordinates":[[-67.09851,35.75083],[-67.09851,35.75285],[-67.0965,35.75486],[-67.09449,35.75285]]},"properties":{"elev":4000,"major":true}},{"type":"Feature","geometry":{"type":"LineString","coordinates":[[-69.65103,34.9738],[-69.66905,34.9738],[-69.68707,34.99187],[-69.68707,35.00993]]},"properties":{"elev":4000,"major":true}},{"type":"Feature","geometry":{"type":"LineString","coordinates":[[-70.11439,34.92592],[-70.11439,34.90732],[-70.13295,34.88871],[-70.15151,34.88871]]},"properties":{"elev":4000,"major":true}},{"type":"Feature","geometry":{"type":"LineString","coordinates":[[-70.58298,34.89341],[-70.59685,34.89341],[-70.61073,34.90732],[-70.59685,34.92122]]},"properties":{"elev":4000,"major":true}},{"type":"Feature","geometry":{"type":"LineString","coordinates":[[-120.55593,33.61269],[-120.55586,33.59675],[-120.57184,33.58073],[-120.58782,33.59675]]},"properties":{"elev":4000,"major":true}},{"type":"Feature","geometry":{"type":"LineString","coordinates":[[-120.46438,33.61991],[-120.46438,33.59675],[-120.48749,33.57358],[-120.5106,33.59675],[-120.51052,33.61984]]},"properties":{"elev":4000,"major":true}},{"type":"Feature","geometry":{"type":"LineString","coordinates":[[-71.97266,33.61269],[-71.97258,33.59675],[-71.98856,33.58073],[-72.00454,33.59675]]},"properties":{"elev":4000,"major":true}},{"type":"Feature","geometry":{"type":"LineString","coordinates":[[-71.88111,33.61991],[-71.88111,33.59675],[-71.90422,33.57358],[-71.92733,33.59675],[-71.92725,33.61984]]},"properties":{"elev":4000,"major":true}},{"type":"Feature","geometry":{"type":"LineString","coordinates":[[-66.57451,33.61269],[-66.57444,33.59675],[-66.59042,33.58073],[-66.6064,33.59675]]},"properties":{"elev":4000,"major":true}},{"type":"Feature","geometry":{"type":"LineString","coordinates":[[-66.48297,33.61991],[-66.48297,33.59675],[-66.50608,33.57358],[-66.52919,33.59675],[-66.52911,33.61984]]},"properties":{"elev":4000,"major":true}},{"type":"Feature","geometry":{"type":"LineString","coordinates":[[-119.68007,32.99873],[-119.6862,32.99873],[-119.69234,33.00488],[-119.6862,33.01103],[-119.68007,33.01102]]},"properties":{"elev":4000,"major":true}},{"type":"Feature","geometry":{"type":"LineString","coordinates":[[-71.0968,32.99873],[-71.10293,32.99873],[-71.10906,33.00488],[-71.10293,33.01103],[-71.0968,33.01102]]},"properties":{"elev":4000,"major":true}},{"type":"Feature","geometry":{"type":"LineString","coordinates":[[-124.86023,31.24255],[-124.86023,31.22927],[-124.87348,31.21599],[-124.88673,31.21599]]},"properties":{"elev":4000,"major":true}},{"type":"Feature","geometry":{"type":"LineString","coordinates":[[-76.27696,31.24255],[-76.27696,31.22927],[-76.29021,31.21599],[-76.30346,31.21599]]},"properties":{"elev":4000,"major":true}},{"type":"Feature","geometry":{"type":"LineString","coordinates":[[-70.87882,31.24255],[-70.87882,31.22927],[-70.89207,31.21599],[-70.90532,31.21599]]},"properties":{"elev":4000,"major":true}},{"type":"Feature","geometry":{"type":"LineString","coordinates":[[-121.2172,31.15751],[-121.20443,31.15751],[-121.19167,31.14472],[-121.20443,31.13192],[-121.2172,31.13192]]},"properties":{"elev":4000,"major":true}},{"type":"Feature","geometry":{"type":"LineString","coordinates":[[-72.63392,31.15751],[-72.62116,31.15751],[-72.60839,31.14472],[-72.62116,31.13192],[-72.63392,31.13192]]},"properties":{"elev":4000,"major":true}},{"type":"Feature","geometry":{"type":"LineString","coordinates":[[-67.23578,31.15751],[-67.22302,31.15751],[-67.21025,31.14472],[-67.22302,31.13192],[-67.23578,31.13192]]},"properties":{"elev":4000,"major":true}},{"type":"Feature","geometry":{"type":"LineString","coordinates":[[-120.21437,30.95548],[-120.19228,30.95548],[-120.17019,30.93333],[-120.17019,30.91119]]},"properties":{"elev":4000,"major":true}},{"type":"Feature","geometry":{"type":"LineString","coordinates":[[-71.6311,30.95548],[-71.60901,30.95548],[-71.58691,30.93333],[-71.58691,30.91119]]},"properties":{"elev":4000,"major":true}},{"type":"Feature","geometry":{"type":"LineString","coordinates":[[-66.23296,30.95548],[-66.21086,30.95548],[-66.18877,30.93333],[-66.18877,30.91119]]},"properties":{"elev":4000,"major":true}},{"type":"Feature","geometry":{"type":"LineString","coordinates":[[-124.30374,30.9126],[-124.30374,30.93333],[-124.28306,30.95406],[-124.26238,30.93333]]},"properties":{"elev":4000,"major":true}},{"type":"Feature","geometry":{"type":"LineString","coordinates":[[-75.72047,30.9126],[-75.72047,30.93333],[-75.69979,30.95406],[-75.67911,30.93333]]},"properties":{"elev":4000,"major":true}},{"type":"Feature","geometry":{"type":"LineString","coordinates":[[-70.32232,30.9126],[-70.32232,30.93333],[-70.30164,30.95406],[-70.28096,30.93333]]},"properties":{"elev":4000,"major":true}},{"type":"Feature","geometry":{"type":"LineString","coordinates":[[-124.59963,30.57371],[-124.59963,30.59512],[-124.57827,30.61653],[-124.55691,30.61653]]},"properties":{"elev":4000,"major":true}},{"type":"Feature","geometry":{"type":"LineString","coordinates":[[-76.01636,30.57371],[-76.01636,30.59512],[-75.995,30.61653],[-75.97364,30.61653]]},"properties":{"elev":4000,"major":true}},{"type":"Feature","geometry":{"type":"LineString","coordinates":[[-70.61821,30.57371],[-70.61821,30.59512],[-70.59685,30.61653],[-70.5755,30.61653]]},"properties":{"elev":4000,"major":true}},{"type":"Feature","geometry":{"type":"LineString","coordinates":[[-121.07992,30.33945],[-121.07992,30.34146],[-121.07791,30.34348],[-121.0759,30.34146]]},"properties":{"elev":4000,"major":true}},{"type":"Feature","geometry":{"type":"LineString","coordinates":[[-72.49665,30.33945],[-72.49665,30.34146],[-72.49464,30.34348],[-72.49263,30.34146]]},"properties":{"elev":4000,"major":true}},{"type":"Feature","geometry":{"type":"LineString","coordinates":[[-67.09851,30.33945],[-67.09851,30.34146],[-67.0965,30.34348],[-67.09449,30.34146]]},"properties":{"elev":4000,"major":true}},{"type":"Feature","geometry":{"type":"LineString","coordinates":[[-123.63244,29.56242],[-123.65046,29.56242],[-123.66849,29.58049],[-123.66849,29.59855]]},"properties":{"elev":4000,"major":true}},{"type":"Feature","geometry":{"type":"LineString","coordinates":[[-75.04917,29.56242],[-75.06719,29.56242],[-75.08521,29.58049],[-75.08521,29.59855]]},"properties":{"elev":4000,"major":true}},{"type":"Feature","geometry":{"type":"LineString","coordinates":[[-69.65103,29.56242],[-69.66905,29.56242],[-69.68707,29.58049],[-69.68707,29.59855]]},"properties":{"elev":4000,"major":true}},{"type":"Feature","geometry":{"type":"LineString","coordinates":[[-124.09581,29.51454],[-124.09581,29.49593],[-124.11437,29.47733],[-124.13293,29.47733]]},"properties":{"elev":4000,"major":true}},{"type":"Feature","geometry":{"type":"LineString","coordinates":[[-75.51253,29.51454],[-75.51253,29.49593],[-75.53109,29.47733],[-75.54965,29.47733]]},"properties":{"elev":4000,"major":true}},{"type":"Feature","geometry":{"type":"LineString","coordinates":[[-70.11439,29.51454],[-70.11439,29.49593],[-70.13295,29.47733],[-70.15151,29.47733]]},"properties":{"elev":4000,"major":true}},{"type":"Feature","geometry":{"type":"LineString","coordinates":[[-124.5644,29.48203],[-124.57827,29.48203],[-124.59214,29.49593],[-124.57827,29.50984]]},"properties":{"elev":4000,"major":true}},{"type":"Feature","geometry":{"type":"LineString","coordinates":[[-75.98112,29.48203],[-75.995,29.48203],[-76.00887,29.49593],[-75.995,29.50984]]},"properties":{"elev":4000,"major":true}},{"type":"Feature","geometry":{"type":"LineString","coordinates":[[-70.58298,29.48203],[-70.59685,29.48203],[-70.61073,29.49593],[-70.59685,29.50984]]},"properties":{"elev":4000,"major":true}},{"type":"Feature","geometry":{"type":"LineString","coordinates":[[-120.55593,28.20131],[-120.55586,28.18537],[-120.57184,28.16935],[-120.58782,28.18537]]},"properties":{"elev":4000,"major":true}},{"type":"Feature","geometry":{"type":"LineString","coordinates":[[-120.46438,28.20853],[-120.46438,28.18537],[-120.48749,28.1622],[-120.5106,28.18537],[-120.51052,28.20845]]},"properties":{"elev":4000,"major":true}},{"type":"Feature","geometry":{"type":"LineString","coordinates":[[-88.16708,28.20131],[-88.16701,28.18537],[-88.18299,28.16935],[-88.19897,28.18537]]},"properties":{"elev":4000,"major":true}},{"type":"Feature","geometry":{"type":"LineString","coordinates":[[-88.07553,28.20853],[-88.07553,28.18537],[-88.09864,28.1622],[-88.12175,28.18537],[-88.12167,28.20845]]},"properties":{"elev":4000,"major":true}},{"type":"Feature","geometry":{"type":"LineString","coordinates":[[-71.97266,28.20131],[-71.97258,28.18537],[-71.98856,28.16935],[-72.00454,28.18537]]},"properties":{"elev":4000,"major":true}},{"type":"Feature","geometry":{"type":"LineString","coordinates":[[-71.88111,28.20853],[-71.88111,28.18537],[-71.90422,28.1622],[-71.92733,28.18537],[-71.92725,28.20845]]},"properties":{"elev":4000,"major":true}},{"type":"Feature","geometry":{"type":"LineString","coordinates":[[-66.57451,28.20131],[-66.57444,28.18537],[-66.59042,28.16935],[-66.6064,28.18537]]},"properties":{"elev":4000,"major":true}},{"type":"Feature","geometry":{"type":"LineString","coordinates":[[-66.48297,28.20853],[-66.48297,28.18537],[-66.50608,28.1622],[-66.52919,28.18537],[-66.52911,28.20845]]},"properties":{"elev":4000,"major":true}},{"type":"Feature","geometry":{"type":"LineString","coordinates":[[-119.68007,27.58735],[-119.6862,27.58735],[-119.69234,27.5935],[-119.6862,27.59964],[-119.68007,27.59964]]},"properties":{"elev":4000,"major":true}},{"type":"Feature","geometry":{"type":"LineString","coordinates":[[-87.29122,27.58735],[-87.29736,27.58735],[-87.30349,27.5935],[-87.29736,27.59964],[-87.29122,27.59964]]},"properties":{"elev":4000,"major":true}},{"type":"Feature","geometry":{"type":"LineString","coordinates":[[-71.0968,27.58735],[-71.10293,27.58735],[-71.10906,27.5935],[-71.10293,27.59964],[-71.0968,27.59964]]},"properties":{"elev":4000,"major":true}},{"type":"Feature","geometry":{"type":"LineString","coordinates":[[-124.86023,25.83117],[-124.86023,25.81789],[-124.87348,25.8046],[-124.88673,25.8046]]},"properties":{"elev":4000,"major":true}},{"type":"Feature","geometry":{"type":"LineString","coordinates":[[-92.47138,25.83117],[-92.47138,25.81789],[-92.48463,25.8046],[-92.49788,25.8046]]},"properties":{"elev":4000,"major":true}},{"type":"Feature","geometry":{"type":"LineString","coordinates":[[-76.27696,25.83117],[-76.27696,25.81789],[-76.29021,25.8046],[-76.30346,25.8046]]},"properties":{"elev":4000,"major":true}},{"type":"Feature","geometry":{"type":"LineString","coordinates":[[-70.87882,25.83117],[-70.87882,25.81789],[-70.89207,25.8046],[-70.90532,25.8046]]},"properties":{"elev":4000,"major":true}},{"type":"Feature","geometry":{"type":"LineString","coordinates":[[-121.2172,25.74613],[-121.20443,25.74613],[-121.19167,25.73333],[-121.20443,25.72054],[-121.2172,25.72054]]},"properties":{"elev":4000,"major":true}},{"type":"Feature","geometry":{"type":"LineString","coordinates":[[-88.82835,25.74613],[-88.81558,25.74613],[-88.80282,25.73333],[-88.81558,25.72054],[-88.82835,25.72054]]},"properties":{"elev":4000,"major":true}},{"type":"Feature","geometry":{"type":"LineString","coordinates":[[-72.63392,25.74613],[-72.62116,25.74613],[-72.60839,25.73333],[-72.62116,25.72054],[-72.63392,25.72054]]},"properties":{"elev":4000,"major":true}},{"type":"Feature","geometry":{"type":"LineString","coordinates":[[-67.23578,25.74613],[-67.22302,25.74613],[-67.21025,25.73333],[-67.22302,25.72054],[-67.23578,25.72054]]},"properties":{"elev":4000,"major":true}},{"type":"Feature","geometry":{"type":"LineString","coordinates":[[-120.21437,25.5441],[-120.19228,25.5441],[-120.17019,25.52195],[-120.17019,25.49981]]},"properties":{"elev":4000,"major":true}},{"type":"Feature","geometry":{"type":"LineString","coordinates":[[-87.82552,25.5441],[-87.80343,25.5441],[-87.78134,25.52195],[-87.78134,25.49981]]},"properties":{"elev":4000,"major":true}},{"type":"Feature","geometry":{"type":"LineString","coordinates":[[-71.6311,25.5441],[-71.60901,25.5441],[-71.58691,25.52195],[-71.58691,25.49981]]},"properties":{"elev":4000,"major":true}},{"type":"Feature","geometry":{"type":"LineString","coordinates":[[-66.23296,25.5441],[-66.21086,25.5441],[-66.18877,25.52195],[-66.18877,25.49981]]},"properties":{"elev":4000,"major":true}},{"type":"Feature","geometry":{"type":"LineString","coordinates":[[-124.30374,25.50122],[-124.30374,25.52195],[-124.28306,25.54268],[-124.26238,25.52195]]},"properties":{"elev":4000,"major":true}},{"type":"Feature","geometry":{"type":"LineString","coordinates":[[-91.91489,25.50122],[-91.91489,25.52195],[-91.89421,25.54268],[-91.87353,25.52195]]},"properties":{"elev":4000,"major":true}},{"type":"Feature","geometry":{"type":"LineString","coordinates":[[-75.72047,25.50122],[-75.72047,25.52195],[-75.69979,25.54268],[-75.67911,25.52195]]},"properties":{"elev":4000,"major":true}},{"type":"Feature","geometry":{"type":"LineString","coordinates":[[-70.32232,25.50122],[-70.32232,25.52195],[-70.30164,25.54268],[-70.28096,25.52195]]},"properties":{"elev":4000,"major":true}},{"type":"Feature","geometry":{"type":"LineString","coordinates":[[-124.59963,25.16233],[-124.59963,25.18374],[-124.57827,25.20515],[-124.55691,25.20515]]},"properties":{"elev":4000,"major":true}},{"type":"Feature","geometry":{"type":"LineString","coordinates":[[-92.21078,25.16233],[-92.21078,25.18374],[-92.18942,25.20515],[-92.16806,25.20515]]},"properties":{"elev":4000,"major":true}},{"type":"Feature","geometry":{"type":"LineString","coordinates":[[-76.01636,25.16233],[-76.01636,25.18374],[-75.995,25.20515],[-75.97364,25.20515]]},"properties":{"elev":4000,"major":true}},{"type":"Feature","geometry":{"type":"LineString","coordinates":[[-70.61821,25.16233],[-70.61821,25.18374],[-70.59685,25.20515],[-70.5755,25.20515]]},"properties":{"elev":4000,"major":true}},{"type":"Feature","geometry":{"type":"LineString","coordinates":[[-121.07992,24.92806],[-121.07992,24.93008],[-121.07791,24.9321],[-121.0759,24.93008]]},"properties":{"elev":4000,"major":true}},{"type":"Feature","geometry":{"type":"LineString","coordinates":[[-88.69108,24.92806],[-88.69108,24.93008],[-88.68906,24.9321],[-88.68705,24.93008]]},"properties":{"elev":4000,"major":true}},{"type":"Feature","geometry":{"type":"LineString","coordinates":[[-72.49665,24.92806],[-72.49665,24.93008],[-72.49464,24.9321],[-72.49263,24.93008]]},"properties":{"elev":4000,"major":true}},{"type":"Feature","geometry":{"type":"LineString","coordinates":[[-67.09851,24.92806],[-67.09851,24.93008],[-67.0965,24.9321],[-67.09449,24.93008]]},"properties":{"elev":4000,"major":true}},{"type":"Feature","geometry":{"type":"LineString","coordinates":[[-123.63244,24.15104],[-123.65046,24.15104],[-123.66849,24.16911],[-123.66849,24.18717]]},"properties":{"elev":4000,"major":true}},{"type":"Feature","geometry":{"type":"LineString","coordinates":[[-91.24359,24.15104],[-91.26162,24.15104],[-91.27964,24.16911],[-91.27964,24.18717]]},"properties":{"elev":4000,"major":true}},{"type":"Feature","geometry":{"type":"LineString","coordinates":[[-75.04917,24.15104],[-75.06719,24.15104],[-75.08521,24.16911],[-75.08521,24.18717]]},"properties":{"elev":4000,"major":true}},{"type":"Feature","geometry":{"type":"LineString","coordinates":[[-69.65103,24.15104],[-69.66905,24.15104],[-69.68707,24.16911],[-69.68707,24.18717]]},"properties":{"elev":4000,"major":true}},{"type":"Feature","geometry":{"type":"LineString","coordinates":[[-124.09581,24.10316],[-124.09581,24.08455],[-124.11437,24.06595],[-124.13293,24.06595]]},"properties":{"elev":4000,"major":true}},{"type":"Feature","geometry":{"type":"LineString","coordinates":[[-91.70696,24.10316],[-91.70696,24.08455],[-91.72552,24.06595],[-91.74408,24.06595]]},"properties":{"elev":4000,"major":true}},{"type":"Feature","geometry":{"type":"LineString","coordinates":[[-75.51253,24.10316],[-75.51253,24.08455],[-75.53109,24.06595],[-75.54965,24.06595]]},"properties":{"elev":4000,"major":true}},{"type":"Feature","geometry":{"type":"LineString","coordinates":[[-70.11439,24.10316],[-70.11439,24.08455],[-70.13295,24.06595],[-70.15151,24.06595]]},"properties":{"elev":4000,"major":true}},{"type":"Feature","geometry":{"type":"LineString","coordinates":[[-124.5644,24.07065],[-124.57827,24.07065],[-124.59214,24.08455],[-124.57827,24.09846]]},"properties":{"elev":4000,"major":true}},{"type":"Feature","geometry":{"type":"LineString","coordinates":[[-92.17555,24.07065],[-92.18942,24.07065],[-92.20329,24.08455],[-92.18942,24.09846]]},"properties":{"elev":4000,"major":true}},{"type":"Feature","geometry":{"type":"LineString","coordinates":[[-75.98112,24.07065],[-75.995,24.07065],[-76.00887,24.08455],[-75.995,24.09846]]},"properties":{"elev":4000,"major":true}},{"type":"Feature","geometry":{"type":"LineString","coordinates":[[-70.58298,24.07065],[-70.59685,24.07065],[-70.61073,24.08455],[-70.59685,24.09846]]},"properties":{"elev":4000,"major":true}},{"type":"Feature","geometry":{"type":"LineString","coordinates":[[-66.50608,37.79222],[-66.496,37.78211],[-66.50608,37.77201],[-66.51616,37.78211],[-66.50608,37.79222]]},"properties":{"elev":4000,"major":true}},{"type":"Feature","geometry":{"type":"LineString","coordinates":[[-70.09078,37.45603],[-70.07868,37.4439],[-70.09078,37.43178],[-70.10287,37.4439],[-70.09078,37.45603]]},"properties":{"elev":4000,"major":true}},{"type":"Feature","geometry":{"type":"LineString","coordinates":[[-67.60257,35.93674],[-67.58782,35.92195],[-67.60257,35.90716],[-67.61733,35.92195],[-67.60257,35.93674]]},"properties":{"elev":4000,"major":true}},{"type":"Feature","geometry":{"type":"LineString","coordinates":[[-69.03645,34.16662],[-69.01622,34.14634],[-69.03645,34.12606],[-69.05669,34.14634],[-69.03645,34.16662]]},"properties":{"elev":4000,"major":true}},{"type":"Feature","geometry":{"type":"LineString","coordinates":[[-69.83774,34.03096],[-69.8269,34.01951],[-69.83774,34.00864],[-69.84859,34.01951],[-69.83774,34.03096]]},"properties":{"elev":4000,"major":true}},{"type":"Feature","geometry":{"type":"LineString","coordinates":[[-120.48749,32.38084],[-120.47741,32.37073],[-120.48749,32.36063],[-120.49757,32.37073],[-120.48749,32.38084]]},"properties":{"elev":4000,"major":true}},{"type":"Feature","geometry":{"type":"LineString","coordinates":[[-71.90422,32.38084],[-71.89414,32.37073],[-71.90422,32.36063],[-71.9143,32.37073],[-71.90422,32.38084]]},"properties":{"elev":4000,"major":true}},{"type":"Feature","geometry":{"type":"LineString","coordinates":[[-66.50608,32.38084],[-66.496,32.37073],[-66.50608,32.36063],[-66.51616,32.37073],[-66.50608,32.38084]]},"properties":{"elev":4000,"major":true}},{"type":"Feature","geometry":{"type":"LineString","coordinates":[[-124.07219,32.04465],[-124.0601,32.03252],[-124.07219,32.0204],[-124.08429,32.03252],[-124.07219,32.04465]]},"properties":{"elev":4000,"major":true}},{"type":"Feature","geometry":{"type":"LineString","coordinates":[[-75.48892,32.04465],[-75.47683,32.03252],[-75.48892,32.0204],[-75.50102,32.03252],[-75.48892,32.04465]]},"properties":{"elev":4000,"major":true}},{"type":"Feature","geometry":{"type":"LineString","coordinates":[[-70.09078,32.04465],[-70.07868,32.03252],[-70.09078,32.0204],[-70.10287,32.03252],[-70.09078,32.04465]]},"properties":{"elev":4000,"major":true}},{"type":"Feature","geometry":{"type":"LineString","coordinates":[[-121.58399,30.52536],[-121.56923,30.51057],[-121.58399,30.49578],[-121.59874,30.51057],[-121.58399,30.52536]]},"properties":{"elev":4000,"major":true}},{"type":"Feature","geometry":{"type":"LineString","coordinates":[[-73.00071,30.52536],[-72.98596,30.51057],[-73.00071,30.49578],[-73.01547,30.51057],[-73.00071,30.52536]]},"properties":{"elev":4000,"major":true}},{"type":"Feature","geometry":{"type":"LineString","coordinates":[[-67.60257,30.52536],[-67.58782,30.51057],[-67.60257,30.49578],[-67.61733,30.51057],[-67.60257,30.52536]]},"properties":{"elev":4000,"major":true}},{"type":"Feature","geometry":{"type":"LineString","coordinates":[[-123.01787,28.75524],[-122.99764,28.73496],[-123.01787,28.71468],[-123.0381,28.73496],[-123.01787,28.75524]]},"properties":{"elev":4000,"major":true}},{"type":"Feature","geometry":{"type":"LineString","coordinates":[[-74.4346,28.75524],[-74.41436,28.73496],[-74.4346,28.71468],[-74.45483,28.73496],[-74.4346,28.75524]]},"properties":{"elev":4000,"major":true}},{"type":"Feature","geometry":{"type":"LineString","coordinates":[[-69.03645,28.75524],[-69.01622,28.73496],[-69.03645,28.71468],[-69.05669,28.73496],[-69.03645,28.75524]]},"properties":{"elev":4000,"major":true}},{"type":"Feature","geometry":{"type":"LineString","coordinates":[[-123.81916,28.61958],[-123.80831,28.60813],[-123.81916,28.59726],[-123.83,28.60813],[-123.81916,28.61958]]},"properties":{"elev":4000,"major":true}},{"type":"Feature","geometry":{"type":"LineString","coordinates":[[-75.23588,28.61958],[-75.22504,28.60813],[-75.23588,28.59726],[-75.24673,28.60813],[-75.23588,28.61958]]},"properties":{"elev":4000,"major":true}},{"type":"Feature","geometry":{"type":"LineString","coordinates":[[-69.83774,28.61958],[-69.8269,28.60813],[-69.83774,28.59726],[-69.84859,28.60813],[-69.83774,28.61958]]},"properties":{"elev":4000,"major":true}},{"type":"Feature","geometry":{"type":"LineString","coordinates":[[-120.48749,26.96945],[-120.47741,26.95935],[-120.48749,26.94924],[-120.49757,26.95935],[-120.48749,26.96945]]},"properties":{"elev":4000,"major":true}},{"type":"Feature","geometry":{"type":"LineString","coordinates":[[-88.09864,26.96945],[-88.08856,26.95935],[-88.09864,26.94924],[-88.10872,26.95935],[-88.09864,26.96945]]},"properties":{"elev":4000,"major":true}},{"type":"Feature","geometry":{"type":"LineString","coordinates":[[-71.90422,26.96945],[-71.89414,26.95935],[-71.90422,26.94924],[-71.9143,26.95935],[-71.90422,26.96945]]},"properties":{"elev":4000,"major":true}},{"type":"Feature","geometry":{"type":"LineString","coordinates":[[-66.50608,26.96945],[-66.496,26.95935],[-66.50608,26.94924],[-66.51616,26.95935],[-66.50608,26.96945]]},"properties":{"elev":4000,"major":true}},{"type":"Feature","geometry":{"type":"LineString","coordinates":[[-124.07219,26.63326],[-124.0601,26.62114],[-124.07219,26.60901],[-124.08429,26.62114],[-124.07219,26.63326]]},"properties":{"elev":4000,"major":true}},{"type":"Feature","geometry":{"type":"LineString","coordinates":[[-91.68335,26.63326],[-91.67125,26.62114],[-91.68335,26.60901],[-91.69544,26.62114],[-91.68335,26.63326]]},"properties":{"elev":4000,"major":true}},{"type":"Feature","geometry":{"type":"LineString","coordinates":[[-75.48892,26.63326],[-75.47683,26.62114],[-75.48892,26.60901],[-75.50102,26.62114],[-75.48892,26.63326]]},"properties":{"elev":4000,"major":true}},{"type":"Feature","geometry":{"type":"LineString","coordinates":[[-70.09078,26.63326],[-70.07868,26.62114],[-70.09078,26.60901],[-70.10287,26.62114],[-70.09078,26.63326]]},"properties":{"elev":4000,"major":true}},{"type":"Feature","geometry":{"type":"LineString","coordinates":[[-121.58399,25.11398],[-121.56923,25.09919],[-121.58399,25.0844],[-121.59874,25.09919],[-121.58399,25.11398]]},"properties":{"elev":4000,"major":true}},{"type":"Feature","geometry":{"type":"LineString","coordinates":[[-89.19514,25.11398],[-89.18039,25.09919],[-89.19514,25.0844],[-89.20989,25.09919],[-89.19514,25.11398]]},"properties":{"elev":4000,"major":true}},{"type":"Feature","geometry":{"type":"LineString","coordinates":[[-73.00071,25.11398],[-72.98596,25.09919],[-73.00071,25.0844],[-73.01547,25.09919],[-73.00071,25.11398]]},"properties":{"elev":4000,"major":true}},{"type":"Feature","geometry":{"type":"LineString","coordinates":[[-67.60257,25.11398],[-67.58782,25.09919],[-67.60257,25.0844],[-67.61733,25.09919],[-67.60257,25.11398]]},"properties":{"elev":4000,"major":true}},{"type":"Feature","geometry":{"type":"LineString","coordinates":[[-66.58103,39.01754],[-66.58099,39.00813],[-66.59042,38.99867],[-66.59985,39.00813]]},"properties":{"elev":5000,"major":false}},{"type":"Feature","geometry":{"type":"LineString","coordinates":[[-66.48773,39.02652],[-66.48773,39.00813],[-66.50608,38.98974],[-66.52442,39.00813],[-66.52436,39.02646]]},"properties":{"elev":5000,"major":false}},{"type":"Feature","geometry":{"type":"LineString","coordinates":[[-70.88605,36.64668],[-70.88605,36.64065],[-70.89207,36.63462],[-70.89808,36.63462]]},"properties":{"elev":5000,"major":false}},{"type":"Feature","geometry":{"type":"LineString","coordinates":[[-67.22843,36.56153],[-67.22302,36.56153],[-67.2176,36.5561],[-67.22302,36.55067],[-67.22843,36.55067]]},"properties":{"elev":5000,"major":false}},{"type":"Feature","geometry":{"type":"LineString","coordinates":[[-66.22794,36.36183],[-66.21086,36.36183],[-66.19379,36.34472],[-66.19379,36.3276]]},"properties":{"elev":5000,"major":false}},{"type":"Feature","geometry":{"type":"LineString","coordinates":[[-70.31695,36.32937],[-70.31695,36.34472],[-70.30164,36.36006],[-70.28634,36.34472]]},"properties":{"elev":5000,"major":false}},{"type":"Feature","geometry":{"type":"LineString","coordinates":[[-70.61301,35.99031],[-70.61301,36.0065],[-70.59685,36.0227],[-70.5807,36.0227]]},"properties":{"elev":5000,"major":false}},{"type":"Feature","geometry":{"type":"LineString","coordinates":[[-69.65707,34.97986],[-69.66905,34.97986],[-69.68103,34.99187],[-69.68103,35.00388]]},"properties":{"elev":5000,"major":false}},{"type":"Feature","geometry":{"type":"LineString","coordinates":[[-70.12029,34.92001],[-70.12029,34.90732],[-70.13295,34.89463],[-70.14561,34.89463]]},"properties":{"elev":5000,"major":false}},{"type":"Feature","geometry":{"type":"LineString","coordinates":[[-70.59006,34.9005],[-70.59685,34.90051],[-70.60365,34.90732],[-70.59685,34.91413]]},"properties":{"elev":5000,"major":false}},{"type":"Feature","geometry":{"type":"LineString","coordinates":[[-120.56245,33.60616],[-120.5624,33.59675],[-120.57184,33.58729],[-120.58127,33.59675]]},"properties":{"elev":5000,"major":false}},{"type":"Feature","geometry":{"type":"LineString","coordinates":[[-120.46915,33.61514],[-120.46915,33.59675],[-120.48749,33.57836],[-120.50584,33.59675],[-120.50577,33.61508]]},"properties":{"elev":5000,"major":false}},{"type":"Feature","geometry":{"type":"LineString","coordinates":[[-71.97917,33.60616],[-71.97913,33.59675],[-71.98856,33.58729],[-71.998,33.59675]]},"properties":{"elev":5000,"major":false}},{"type":"Feature","geometry":{"type":"LineString","coordinates":[[-71.88587,33.61514],[-71.88587,33.59675],[-71.90422,33.57836],[-71.92256,33.59675],[-71.9225,33.61508]]},"properties":{"elev":5000,"major":false}},{"type":"Feature","geometry":{"type":"LineString","coordinates":[[-66.58103,33.60616],[-66.58099,33.59675],[-66.59042,33.58729],[-66.59985,33.59675]]},"properties":{"elev":5000,"major":false}},{"type":"Feature","geometry":{"type":"LineString","coordinates":[[-66.48773,33.61514],[-66.48773,33.59675],[-66.50608,33.57836],[-66.52442,33.59675],[-66.52436,33.61508]]},"properties":{"elev":5000,"major":false}},{"type":"Feature","geometry":{"type":"LineString","coordinates":[[-124.86746,31.2353],[-124.86746,31.22927],[-124.87348,31.22323],[-124.8795,31.22323]]},"properties":{"elev":5000,"major":false}},{"type":"Feature","geometry":{"type":"LineString","coordinates":[[-76.28419,31.2353],[-76.28419,31.22927],[-76.29021,31.22323],[-76.29623,31.22323]]},"properties":{"elev":5000,"major":false}},{"type":"Feature","geometry":{"type":"LineString","coordinates":[[-70.88605,31.2353],[-70.88605,31.22927],[-70.89207,31.22323],[-70.89808,31.22323]]},"properties":{"elev":5000,"major":false}},{"type":"Feature","geometry":{"type":"LineString","coordinates":[[-121.20985,31.15014],[-121.20443,31.15014],[-121.19902,31.14472],[-121.20443,31.13929],[-121.20985,31.13929]]},"properties":{"elev":5000,"major":false}},{"type":"Feature","geometry":{"type":"LineString","coordinates":[[-72.62657,31.15014],[-72.62116,31.15014],[-72.61574,31.14472],[-72.62116,31.13929],[-72.62657,31.13929]]},"properties":{"elev":5000,"major":false}},{"type":"Feature","geometry":{"type":"LineString","coordinates":[[-67.22843,31.15014],[-67.22302,31.15014],[-67.2176,31.14472],[-67.22302,31.13929],[-67.22843,31.13929]]},"properties":{"elev":5000,"major":false}},{"type":"Feature","geometry":{"type":"LineString","coordinates":[[-120.20935,30.95045],[-120.19228,30.95045],[-120.17521,30.93333],[-120.17521,30.91622]]},"properties":{"elev":5000,"major":false}},{"type":"Feature","geometry":{"type":"LineString","coordinates":[[-71.62608,30.95045],[-71.60901,30.95045],[-71.59193,30.93333],[-71.59193,30.91622]]},"properties":{"elev":5000,"major":false}},{"type":"Feature","geometry":{"type":"LineString","coordinates":[[-66.22794,30.95045],[-66.21086,30.95045],[-66.19379,30.93333],[-66.19379,30.91622]]},"properties":{"elev":5000,"major":false}},{"type":"Feature","geometry":{"type":"LineString","coordinates":[[-124.29837,30.91799],[-124.29837,30.93333],[-124.28306,30.94868],[-124.26775,30.93333]]},"properties":{"elev":5000,"major":false}},{"type":"Feature","geometry":{"type":"LineString","coordinates":[[-75.71509,30.91799],[-75.71509,30.93333],[-75.69979,30.94868],[-75.68448,30.93333]]},"properties":{"elev":5000,"major":false}},{"type":"Feature","geometry":{"type":"LineString","coordinates":[[-70.31695,30.91799],[-70.31695,30.93333],[-70.30164,30.94868],[-70.28634,30.93333]]},"properties":{"elev":5000,"major":false}},{"type":"Feature","geometry":{"type":"LineString","coordinates":[[-124.59443,30.57893],[-124.59443,30.59512],[-124.57827,30.61132],[-124.56212,30.61132]]},"properties":{"elev":5000,"major":false}},{"type":"Feature","geometry":{"type":"LineString","coordinates":[[-76.01115,30.57893],[-76.01115,30.59512],[-75.995,30.61132],[-75.97884,30.61132]]},"properties":{"elev":5000,"major":false}},{"type":"Feature","geometry":{"type":"LineString","coordinates":[[-70.61301,30.57893],[-70.61301,30.59512],[-70.59685,30.61132],[-70.5807,30.61132]]},"properties":{"elev":5000,"major":false}},{"type":"Feature","geometry":{"type":"LineString","coordinates":[[-123.63848,29.56848],[-123.65046,29.56848],[-123.66245,29.58049],[-123.66245,29.5925]]},"properties":{"elev":5000,"major":false}},{"type":"Feature","geometry":{"type":"LineString","coordinates":[[-75.05521,29.56848],[-75.06719,29.56848],[-75.07917,29.58049],[-75.07917,29.5925]]},"properties":{"elev":5000,"major":false}},{"type":"Feature","geometry":{"type":"LineString","coordinates":[[-69.65707,29.56848],[-69.66905,29.56848],[-69.68103,29.58049],[-69.68103,29.5925]]},"properties":{"elev":5000,"major":false}},{"type":"Feature","geometry":{"type":"LineString","coordinates":[[-124.10171,29.50862],[-124.10171,29.49593],[-124.11437,29.48325],[-124.12703,29.48325]]},"properties":{"elev":5000,"major":false}},{"type":"Feature","geometry":{"type":"LineString","coordinates":[[-75.51844,29.50862],[-75.51844,29.49593],[-75.53109,29.48325],[-75.54375,29.48325]]},"properties":{"elev":5000,"major":false}},{"type":"Feature","geometry":{"type":"LineString","coordinates":[[-70.12029,29.50862],[-70.12029,29.49593],[-70.13295,29.48325],[-70.14561,29.48325]]},"properties":{"elev":5000,"major":false}},{"type":"Feature","geometry":{"type":"LineString","coordinates":[[-124.57147,29.48912],[-124.57827,29.48912],[-124.58507,29.49593],[-124.57827,29.50275]]},"properties":{"elev":5000,"major":false}},{"type":"Feature","geometry":{"type":"LineString","coordinates":[[-75.9882,29.48912],[-75.995,29.48912],[-76.00179,29.49593],[-75.995,29.50275]]},"properties":{"elev":5000,"major":false}},{"type":"Feature","geometry":{"type":"LineString","coordinates":[[-70.59006,29.48912],[-70.59685,29.48912],[-70.60365,29.49593],[-70.59685,29.50275]]},"properties":{"elev":5000,"major":false}},{"type":"Feature","geometry":{"type":"LineString","coordinates":[[-120.56245,28.19478],[-120.5624,28.18537],[-120.57184,28.17591],[-120.58127,28.18537]]},"properties":{"elev":5000,"major":false}},{"type":"Feature","geometry":{"type":"LineString","coordinates":[[-120.46915,28.20376],[-120.46915,28.18537],[-120.48749,28.16698],[-120.50584,28.18537],[-120.50577,28.20369]]},"properties":{"elev":5000,"major":false}},{"type":"Feature","geometry":{"type":"LineString","coordinates":[[-88.1736,28.19478],[-88.17355,28.18537],[-88.18299,28.17591],[-88.19242,28.18537]]},"properties":{"elev":5000,"major":false}},{"type":"Feature","geometry":{"type":"LineString","coordinates":[[-88.0803,28.20376],[-88.0803,28.18537],[-88.09864,28.16698],[-88.11699,28.18537],[-88.11692,28.20369]]},"properties":{"elev":5000,"major":false}},{"type":"Feature","geometry":{"type":"LineString","coordinates":[[-71.97917,28.19478],[-71.97913,28.18537],[-71.98856,28.17591],[-71.998,28.18537]]},"properties":{"elev":5000,"major":false}},{"type":"Feature","geometry":{"type":"LineString","coordinates":[[-71.88587,28.20376],[-71.88587,28.18537],[-71.90422,28.16698],[-71.92256,28.18537],[-71.9225,28.20369]]},"properties":{"elev":5000,"major":false}},{"type":"Feature","geometry":{"type":"LineString","coordinates":[[-66.58103,28.19478],[-66.58099,28.18537],[-66.59042,28.17591],[-66.59985,28.18537]]},"properties":{"elev":5000,"major":false}},{"type":"Feature","geometry":{"type":"LineString","coordinates":[[-66.48773,28.20376],[-66.48773,28.18537],[-66.50608,28.16698],[-66.52442,28.18537],[-66.52436,28.20369]]},"properties":{"elev":5000,"major":false}},{"type":"Feature","geometry":{"type":"LineString","coordinates":[[-124.86746,25.82392],[-124.86746,25.81789],[-124.87348,25.81185],[-124.8795,25.81185]]},"properties":{"elev":5000,"major":false}},{"type":"Feature","geometry":{"type":"LineString","coordinates":[[-92.47861,25.82392],[-92.47861,25.81789],[-92.48463,25.81185],[-92.49065,25.81185]]},"properties":{"elev":5000,"major":false}},{"type":"Feature","geometry":{"type":"LineString","coordinates":[[-76.28419,25.82392],[-76.28419,25.81789],[-76.29021,25.81185],[-76.29623,25.81185]]},"properties":{"elev":5000,"major":false}},{"type":"Feature","geometry":{"type":"LineString","coordinates":[[-70.88605,25.82392],[-70.88605,25.81789],[-70.89207,25.81185],[-70.89808,25.81185]]},"properties":{"elev":5000,"major":false}},{"type":"Feature","geometry":{"type":"LineString","coordinates":[[-121.20985,25.73876],[-121.20443,25.73876],[-121.19902,25.73333],[-121.20443,25.72791],[-121.20985,25.72791]]},"properties":{"elev":5000,"major":false}},{"type":"Feature","geometry":{"type":"LineString","coordinates":[[-88.821,25.73876],[-88.81558,25.73876],[-88.81017,25.73333],[-88.81558,25.72791],[-88.821,25.72791]]},"properties":{"elev":5000,"major":false}},{"type":"Feature","geometry":{"type":"LineString","coordinates":[[-72.62657,25.73876],[-72.62116,25.73876],[-72.61574,25.73333],[-72.62116,25.72791],[-72.62657,25.72791]]},"properties":{"elev":5000,"major":false}},{"type":"Feature","geometry":{"type":"LineString","coordinates":[[-67.22843,25.73876],[-67.22302,25.73876],[-67.2176,25.73333],[-67.22302,25.72791],[-67.22843,25.72791]]},"properties":{"elev":5000,"major":false}},{"type":"Feature","geometry":{"type":"LineString","coordinates":[[-120.20935,25.53906],[-120.19228,25.53906],[-120.17521,25.52195],[-120.17521,25.50484]]},"properties":{"elev":5000,"major":false}},{"type":"Feature","geometry":{"type":"LineString","coordinates":[[-87.8205,25.53906],[-87.80343,25.53906],[-87.78636,25.52195],[-87.78636,25.50484]]},"properties":{"elev":5000,"major":false}},{"type":"Feature","geometry":{"type":"LineString","coordinates":[[-71.62608,25.53906],[-71.60901,25.53906],[-71.59193,25.52195],[-71.59193,25.50484]]},"properties":{"elev":5000,"major":false}},{"type":"Feature","geometry":{"type":"LineString","coordinates":[[-66.22794,25.53906],[-66.21086,25.53906],[-66.19379,25.52195],[-66.19379,25.50484]]},"properties":{"elev":5000,"major":false}},{"type":"Feature","geometry":{"type":"LineString","coordinates":[[-124.29837,25.50661],[-124.29837,25.52195],[-124.28306,25.53729],[-124.26775,25.52195]]},"properties":{"elev":5000,"major":false}},{"type":"Feature","geometry":{"type":"LineString","coordinates":[[-91.90952,25.50661],[-91.90952,25.52195],[-91.89421,25.53729],[-91.8789,25.52195]]},"properties":{"elev":5000,"major":false}},{"type":"Feature","geometry":{"type":"LineString","coordinates":[[-75.71509,25.50661],[-75.71509,25.52195],[-75.69979,25.53729],[-75.68448,25.52195]]},"properties":{"elev":5000,"major":false}},{"type":"Feature","geometry":{"type":"LineString","coordinates":[[-70.31695,25.50661],[-70.31695,25.52195],[-70.30164,25.53729],[-70.28634,25.52195]]},"properties":{"elev":5000,"major":false}},{"type":"Feature","geometry":{"type":"LineString","coordinates":[[-124.59443,25.16755],[-124.59443,25.18374],[-124.57827,25.19993],[-124.56212,25.19993]]},"properties":{"elev":5000,"major":false}},{"type":"Feature","geometry":{"type":"LineString","coordinates":[[-92.20558,25.16755],[-92.20558,25.18374],[-92.18942,25.19993],[-92.17327,25.19993]]},"properties":{"elev":5000,"major":false}},{"type":"Feature","geometry":{"type":"LineString","coordinates":[[-76.01115,25.16755],[-76.01115,25.18374],[-75.995,25.19993],[-75.97884,25.19993]]},"properties":{"elev":5000,"major":false}},{"type":"Feature","geometry":{"type":"LineString","coordinates":[[-70.61301,25.16755],[-70.61301,25.18374],[-70.59685,25.19993],[-70.5807,25.19993]]},"properties":{"elev":5000,"major":false}},{"type":"Feature","geometry":{"type":"LineString","coordinates":[[-123.63848,24.15709],[-123.65046,24.15709],[-123.66245,24.16911],[-123.66245,24.18112]]},"properties":{"elev":5000,"major":false}},{"type":"Feature","geometry":{"type":"LineString","coordinates":[[-91.24963,24.15709],[-91.26162,24.15709],[-91.2736,24.16911],[-91.2736,24.18112]]},"properties":{"elev":5000,"major":false}},{"type":"Feature","geometry":{"type":"LineString","coordinates":[[-75.05521,24.15709],[-75.06719,24.15709],[-75.07917,24.16911],[-75.07917,24.18112]]},"properties":{"elev":5000,"major":false}},{"type":"Feature","geometry":{"type":"LineString","coordinates":[[-69.65707,24.15709],[-69.66905,24.15709],[-69.68103,24.16911],[-69.68103,24.18112]]},"properties":{"elev":5000,"major":false}},{"type":"Feature","geometry":{"type":"LineString","coordinates":[[-124.10171,24.09724],[-124.10171,24.08455],[-124.11437,24.07186],[-124.12703,24.07186]]},"properties":{"elev":5000,"major":false}},{"type":"Feature","geometry":{"type":"LineString","coordinates":[[-91.71286,24.09724],[-91.71286,24.08455],[-91.72552,24.07186],[-91.73818,24.07186]]},"properties":{"elev":5000,"major":false}},{"type":"Feature","geometry":{"type":"LineString","coordinates":[[-75.51844,24.09724],[-75.51844,24.08455],[-75.53109,24.07186],[-75.54375,24.07186]]},"properties":{"elev":5000,"major":false}},{"type":"Feature","geometry":{"type":"LineString","coordinates":[[-70.12029,24.09724],[-70.12029,24.08455],[-70.13295,24.07186],[-70.14561,24.07186]]},"properties":{"elev":5000,"major":false}},{"type":"Feature","geometry":{"type":"LineString","coordinates":[[-124.57147,24.07774],[-124.57827,24.07774],[-124.58507,24.08455],[-124.57827,24.09137]]},"properties":{"elev":5000,"major":false}},{"type":"Feature","geometry":{"type":"LineString","coordinates":[[-92.18262,24.07774],[-92.18942,24.07774],[-92.19622,24.08455],[-92.18942,24.09137]]},"properties":{"elev":5000,"major":false}},{"type":"Feature","geometry":{"type":"LineString","coordinates":[[-75.9882,24.07774],[-75.995,24.07774],[-76.00179,24.08455],[-75.995,24.09137]]},"properties":{"elev":5000,"major":false}},{"type":"Feature","geometry":{"type":"LineString","coordinates":[[-70.59006,24.07774],[-70.59685,24.07774],[-70.60365,24.08455],[-70.59685,24.09137]]},"properties":{"elev":5000,"major":false}},{"type":"Feature","geometry":{"type":"LineString","coordinates":[[-66.50608,37.78418],[-66.50402,37.78211],[-66.50608,37.78005],[-66.50813,37.78211],[-66.50608,37.78418]]},"properties":{"elev":5000,"major":false}},{"type":"Feature","geometry":{"type":"LineString","coordinates":[[-70.09078,37.44849],[-70.0862,37.4439],[-70.09078,37.43931],[-70.09536,37.4439],[-70.09078,37.44849]]},"properties":{"elev":5000,"major":false}},{"type":"Feature","geometry":{"type":"LineString","coordinates":[[-67.60257,35.92987],[-67.59467,35.92195],[-67.60257,35.91403],[-67.61047,35.92195],[-67.60257,35.92987]]},"properties":{"elev":5000,"major":false}},{"type":"Feature","geometry":{"type":"LineString","coordinates":[[-69.03645,34.16112],[-69.02171,34.14634],[-69.03645,34.13156],[-69.0512,34.14634],[-69.03645,34.16112]]},"properties":{"elev":5000,"major":false}},{"type":"Feature","geometry":{"type":"LineString","coordinates":[[-69.83774,34.02269],[-69.83473,34.01951],[-69.83774,34.01649],[-69.84075,34.01951],[-69.83774,34.02269]]},"properties":{"elev":5000,"major":false}},{"type":"Feature","geometry":{"type":"LineString","coordinates":[[-120.48749,32.37279],[-120.48543,32.37073],[-120.48749,32.36867],[-120.48955,32.37073],[-120.48749,32.37279]]},"properties":{"elev":5000,"major":false}},{"type":"Feature","geometry":{"type":"LineString","coordinates":[[-71.90422,32.37279],[-71.90216,32.37073],[-71.90422,32.36867],[-71.90627,32.37073],[-71.90422,32.37279]]},"properties":{"elev":5000,"major":false}},{"type":"Feature","geometry":{"type":"LineString","coordinates":[[-66.50608,32.37279],[-66.50402,32.37073],[-66.50608,32.36867],[-66.50813,32.37073],[-66.50608,32.37279]]},"properties":{"elev":5000,"major":false}},{"type":"Feature","geometry":{"type":"LineString","coordinates":[[-124.07219,32.03711],[-124.06762,32.03252],[-124.07219,32.02793],[-124.07677,32.03252],[-124.07219,32.03711]]},"properties":{"elev":5000,"major":false}},{"type":"Feature","geometry":{"type":"LineString","coordinates":[[-75.48892,32.03711],[-75.48434,32.03252],[-75.48892,32.02793],[-75.4935,32.03252],[-75.48892,32.03711]]},"properties":{"elev":5000,"major":false}},{"type":"Feature","geometry":{"type":"LineString","coordinates":[[-70.09078,32.03711],[-70.0862,32.03252],[-70.09078,32.02793],[-70.09536,32.03252],[-70.09078,32.03711]]},"properties":{"elev":5000,"major":false}},{"type":"Feature","geometry":{"type":"LineString","coordinates":[[-121.58399,30.51849],[-121.57609,30.51057],[-121.58399,30.50265],[-121.59189,30.51057],[-121.58399,30.51849]]},"properties":{"elev":5000,"major":false}},{"type":"Feature","geometry":{"type":"LineString","coordinates":[[-73.00071,30.51849],[-72.99282,30.51057],[-73.00071,30.50265],[-73.00861,30.51057],[-73.00071,30.51849]]},"properties":{"elev":5000,"major":false}},{"type":"Feature","geometry":{"type":"LineString","coordinates":[[-67.60257,30.51849],[-67.59467,30.51057],[-67.60257,30.50265],[-67.61047,30.51057],[-67.60257,30.51849]]},"properties":{"elev":5000,"major":false}},{"type":"Feature","geometry":{"type":"LineString","coordinates":[[-123.01787,28.74974],[-123.00312,28.73496],[-123.01787,28.72018],[-123.03262,28.73496],[-123.01787,28.74974]]},"properties":{"elev":5000,"major":false}},{"type":"Feature","geometry":{"type":"LineString","coordinates":[[-74.4346,28.74974],[-74.41985,28.73496],[-74.4346,28.72018],[-74.44934,28.73496],[-74.4346,28.74974]]},"properties":{"elev":5000,"major":false}},{"type":"Feature","geometry":{"type":"LineString","coordinates":[[-69.03645,28.74974],[-69.02171,28.73496],[-69.03645,28.72018],[-69.0512,28.73496],[-69.03645,28.74974]]},"properties":{"elev":5000,"major":false}},{"type":"Feature","geometry":{"type":"LineString","coordinates":[[-123.81916,28.61131],[-123.81614,28.60813],[-123.81916,28.60511],[-123.82217,28.60813],[-123.81916,28.61131]]},"properties":{"elev":5000,"major":false}},{"type":"Feature","geometry":{"type":"LineString","coordinates":[[-75.23588,28.61131],[-75.23287,28.60813],[-75.23588,28.60511],[-75.23889,28.60813],[-75.23588,28.61131]]},"properties":{"elev":5000,"major":false}},{"type":"Feature","geometry":{"type":"LineString","coordinates":[[-69.83774,28.61131],[-69.83473,28.60813],[-69.83774,28.60511],[-69.84075,28.60813],[-69.83774,28.61131]]},"properties":{"elev":5000,"major":false}},{"type":"Feature","geometry":{"type":"LineString","coordinates":[[-120.48749,26.96141],[-120.48543,26.95935],[-120.48749,26.95729],[-120.48955,26.95935],[-120.48749,26.96141]]},"properties":{"elev":5000,"major":false}},{"type":"Feature","geometry":{"type":"LineString","coordinates":[[-88.09864,26.96141],[-88.09658,26.95935],[-88.09864,26.95729],[-88.1007,26.95935],[-88.09864,26.96141]]},"properties":{"elev":5000,"major":false}},{"type":"Feature","geometry":{"type":"LineString","coordinates":[[-71.90422,26.96141],[-71.90216,26.95935],[-71.90422,26.95729],[-71.90627,26.95935],[-71.90422,26.96141]]},"properties":{"elev":5000,"major":false}},{"type":"Feature","geometry":{"type":"LineString","coordinates":[[-66.50608,26.96141],[-66.50402,26.95935],[-66.50608,26.95729],[-66.50813,26.95935],[-66.50608,26.96141]]},"properties":{"elev":5000,"major":false}},{"type":"Feature","geometry":{"type":"LineString","coordinates":[[-124.07219,26.62573],[-124.06762,26.62114],[-124.07219,26.61655],[-124.07677,26.62114],[-124.07219,26.62573]]},"properties":{"elev":5000,"major":false}},{"type":"Feature","geometry":{"type":"LineString","coordinates":[[-91.68335,26.62573],[-91.67877,26.62114],[-91.68335,26.61655],[-91.68792,26.62114],[-91.68335,26.62573]]},"properties":{"elev":5000,"major":false}},{"type":"Feature","geometry":{"type":"LineString","coordinates":[[-75.48892,26.62573],[-75.48434,26.62114],[-75.48892,26.61655],[-75.4935,26.62114],[-75.48892,26.62573]]},"properties":{"elev":5000,"major":false}},{"type":"Feature","geometry":{"type":"LineString","coordinates":[[-70.09078,26.62573],[-70.0862,26.62114],[-70.09078,26.61655],[-70.09536,26.62114],[-70.09078,26.62573]]},"properties":{"elev":5000,"major":false}},{"type":"Feature","geometry":{"type":"LineString","coordinates":[[-121.58399,25.10711],[-121.57609,25.09919],[-121.58399,25.09127],[-121.59189,25.09919],[-121.58399,25.10711]]},"properties":{"elev":5000,"major":false}},{"type":"Feature","geometry":{"type":"LineString","coordinates":[[-89.19514,25.10711],[-89.18724,25.09919],[-89.19514,25.09127],[-89.20304,25.09919],[-89.19514,25.10711]]},"properties":{"elev":5000,"major":false}},{"type":"Feature","geometry":{"type":"LineString","coordinates":[[-73.00071,25.10711],[-72.99282,25.09919],[-73.00071,25.09127],[-73.00861,25.09919],[-73.00071,25.10711]]},"properties":{"elev":5000,"major":false}},{"type":"Feature","geometry":{"type":"LineString","coordinates":[[-67.60257,25.10711],[-67.59467,25.09919],[-67.60257,25.09127],[-67.61047,25.09919],[-67.60257,25.10711]]},"properties":{"elev":5000,"major":false}},{"type":"Feature","geometry":{"type":"LineString","coordinates":[[-66.58755,39.01101],[-66.58754,39.00813],[-66.59042,39.00524],[-66.59331,39.00813]]},"properties":{"elev":6000,"major":true}},{"type":"Feature","geometry":{"type":"LineString","coordinates":[[-66.4925,39.02174],[-66.4925,39.00813],[-66.50608,38.99452],[-66.51965,39.00813],[-66.51961,39.0217]]},"properties":{"elev":6000,"major":true}},{"type":"Feature","geometry":{"type":"LineString","coordinates":[[-66.22292,36.3568],[-66.21086,36.3568],[-66.19881,36.34472],[-66.19881,36.33263]]},"properties":{"elev":6000,"major":true}},{"type":"Feature","geometry":{"type":"LineString","coordinates":[[-70.31158,36.33476],[-70.31158,36.34472],[-70.30164,36.35467],[-70.29171,36.34472]]},"properties":{"elev":6000,"major":true}},{"type":"Feature","geometry":{"type":"LineString","coordinates":[[-70.60781,35.99553],[-70.60781,36.0065],[-70.59685,36.01748],[-70.5859,36.01748]]},"properties":{"elev":6000,"major":true}},{"type":"Feature","geometry":{"type":"LineString","coordinates":[[-69.6631,34.98591],[-69.66905,34.98591],[-69.67499,34.99187],[-69.67499,34.99783]]},"properties":{"elev":6000,"major":true}},{"type":"Feature","geometry":{"type":"LineString","coordinates":[[-70.1262,34.91409],[-70.1262,34.90732],[-70.13295,34.90054],[-70.13971,34.90055]]},"properties":{"elev":6000,"major":true}},{"type":"Feature","geometry":{"type":"LineString","coordinates":[[-120.56897,33.59963],[-120.56895,33.59675],[-120.57184,33.59386],[-120.57472,33.59675]]},"properties":{"elev":6000,"major":true}},{"type":"Feature","geometry":{"type":"LineString","coordinates":[[-120.47391,33.61036],[-120.47391,33.59675],[-120.48749,33.58314],[-120.50107,33.59675],[-120.50102,33.61031]]},"properties":{"elev":6000,"major":true}},{"type":"Feature","geometry":{"type":"LineString","coordinates":[[-71.98569,33.59963],[-71.98568,33.59675],[-71.98856,33.59386],[-71.99145,33.59675]]},"properties":{"elev":6000,"major":true}},{"type":"Feature","geometry":{"type":"LineString","coordinates":[[-71.89064,33.61036],[-71.89064,33.59675],[-71.90422,33.58314],[-71.9178,33.59675],[-71.91775,33.61031]]},"properties":{"elev":6000,"major":true}},{"type":"Feature","geometry":{"type":"LineString","coordinates":[[-66.58755,33.59963],[-66.58754,33.59675],[-66.59042,33.59386],[-66.59331,33.59675]]},"properties":{"elev":6000,"major":true}},{"type":"Feature","geometry":{"type":"LineString","coordinates":[[-66.4925,33.61036],[-66.4925,33.59675],[-66.50608,33.58314],[-66.51965,33.59675],[-66.51961,33.61031]]},"properties":{"elev":6000,"major":true}},{"type":"Feature","geometry":{"type":"LineString","coordinates":[[-120.20433,30.94541],[-120.19228,30.94541],[-120.18023,30.93333],[-120.18023,30.92125]]},"properties":{"elev":6000,"major":true}},{"type":"Feature","geometry":{"type":"LineString","coordinates":[[-71.62106,30.94541],[-71.60901,30.94541],[-71.59696,30.93333],[-71.59696,30.92125]]},"properties":{"elev":6000,"major":true}},{"type":"Feature","geometry":{"type":"LineString","coordinates":[[-66.22292,30.94541],[-66.21086,30.94541],[-66.19881,30.93333],[-66.19881,30.92125]]},"properties":{"elev":6000,"major":true}},{"type":"Feature","geometry":{"type":"LineString","coordinates":[[-124.29299,30.92338],[-124.29299,30.93333],[-124.28306,30.94329],[-124.27313,30.93333]]},"properties":{"elev":6000,"major":true}},{"type":"Feature","geometry":{"type":"LineString","coordinates":[[-75.70972,30.92338],[-75.70972,30.93333],[-75.69979,30.94329],[-75.68985,30.93333]]},"properties":{"elev":6000,"major":true}},{"type":"Feature","geometry":{"type":"LineString","coordinates":[[-70.31158,30.92338],[-70.31158,30.93333],[-70.30164,30.94329],[-70.29171,30.93333]]},"properties":{"elev":6000,"major":true}},{"type":"Feature","geometry":{"type":"LineString","coordinates":[[-124.58922,30.58414],[-124.58922,30.59512],[-124.57827,30.6061],[-124.56732,30.6061]]},"properties":{"elev":6000,"major":true}},{"type":"Feature","geometry":{"type":"LineString","coordinates":[[-76.00595,30.58414],[-76.00595,30.59512],[-75.995,30.6061],[-75.98405,30.6061]]},"properties":{"elev":6000,"major":true}},{"type":"Feature","geometry":{"type":"LineString","coordinates":[[-70.60781,30.58414],[-70.60781,30.59512],[-70.59685,30.6061],[-70.5859,30.6061]]},"properties":{"elev":6000,"major":true}},{"type":"Feature","geometry":{"type":"LineString","coordinates":[[-123.64452,29.57453],[-123.65046,29.57453],[-123.65641,29.58049],[-123.65641,29.58645]]},"properties":{"elev":6000,"major":true}},{"type":"Feature","geometry":{"type":"LineString","coordinates":[[-75.06125,29.57453],[-75.06719,29.57453],[-75.07314,29.58049],[-75.07314,29.58645]]},"properties":{"elev":6000,"major":true}},{"type":"Feature","geometry":{"type":"LineString","coordinates":[[-69.6631,29.57453],[-69.66905,29.57453],[-69.67499,29.58049],[-69.67499,29.58645]]},"properties":{"elev":6000,"major":true}},{"type":"Feature","geometry":{"type":"LineString","coordinates":[[-124.10761,29.50271],[-124.10761,29.49593],[-124.11437,29.48916],[-124.12112,29.48916]]},"properties":{"elev":6000,"major":true}},{"type":"Feature","geometry":{"type":"LineString","coordinates":[[-75.52434,29.50271],[-75.52434,29.49593],[-75.53109,29.48916],[-75.53785,29.48916]]},"properties":{"elev":6000,"major":true}},{"type":"Feature","geometry":{"type":"LineString","coordinates":[[-70.1262,29.50271],[-70.1262,29.49593],[-70.13295,29.48916],[-70.13971,29.48916]]},"properties":{"elev":6000,"major":true}},{"type":"Feature","geometry":{"type":"LineString","coordinates":[[-120.56897,28.18824],[-120.56895,28.18537],[-120.57184,28.18247],[-120.57472,28.18537]]},"properties":{"elev":6000,"major":true}},{"type":"Feature","geometry":{"type":"LineString","coordinates":[[-120.47391,28.19898],[-120.47391,28.18537],[-120.48749,28.17175],[-120.50107,28.18537],[-120.50102,28.19893]]},"properties":{"elev":6000,"major":true}},{"type":"Feature","geometry":{"type":"LineString","coordinates":[[-88.18012,28.18824],[-88.1801,28.18537],[-88.18299,28.18247],[-88.18587,28.18537]]},"properties":{"elev":6000,"major":true}},{"type":"Feature","geometry":{"type":"LineString","coordinates":[[-88.08506,28.19898],[-88.08506,28.18537],[-88.09864,28.17175],[-88.11222,28.18537],[-88.11217,28.19893]]},"properties":{"elev":6000,"major":true}},{"type":"Feature","geometry":{"type":"LineString","coordinates":[[-71.98569,28.18824],[-71.98568,28.18537],[-71.98856,28.18247],[-71.99145,28.18537]]},"properties":{"elev":6000,"major":true}},{"type":"Feature","geometry":{"type":"LineString","coordinates":[[-71.89064,28.19898],[-71.89064,28.18537],[-71.90422,28.17175],[-71.9178,28.18537],[-71.91775,28.19893]]},"properties":{"elev":6000,"major":true}},{"type":"Feature","geometry":{"type":"LineString","coordinates":[[-66.58755,28.18824],[-66.58754,28.18537],[-66.59042,28.18247],[-66.59331,28.18537]]},"properties":{"elev":6000,"major":true}},{"type":"Feature","geometry":{"type":"LineString","coordinates":[[-66.4925,28.19898],[-66.4925,28.18537],[-66.50608,28.17175],[-66.51965,28.18537],[-66.51961,28.19893]]},"properties":{"elev":6000,"major":true}},{"type":"Feature","geometry":{"type":"LineString","coordinates":[[-120.20433,25.53403],[-120.19228,25.53403],[-120.18023,25.52195],[-120.18023,25.50987]]},"properties":{"elev":6000,"major":true}},{"type":"Feature","geometry":{"type":"LineString","coordinates":[[-87.81548,25.53403],[-87.80343,25.53403],[-87.79138,25.52195],[-87.79138,25.50987]]},"properties":{"elev":6000,"major":true}},{"type":"Feature","geometry":{"type":"LineString","coordinates":[[-71.62106,25.53403],[-71.60901,25.53403],[-71.59696,25.52195],[-71.59696,25.50987]]},"properties":{"elev":6000,"major":true}},{"type":"Feature","geometry":{"type":"LineString","coordinates":[[-66.22292,25.53403],[-66.21086,25.53403],[-66.19881,25.52195],[-66.19881,25.50987]]},"properties":{"elev":6000,"major":true}},{"type":"Feature","geometry":{"type":"LineString","coordinates":[[-124.29299,25.51199],[-124.29299,25.52195],[-124.28306,25.53191],[-124.27313,25.52195]]},"properties":{"elev":6000,"major":true}},{"type":"Feature","geometry":{"type":"LineString","coordinates":[[-91.90414,25.51199],[-91.90414,25.52195],[-91.89421,25.53191],[-91.88428,25.52195]]},"properties":{"elev":6000,"major":true}},{"type":"Feature","geometry":{"type":"LineString","coordinates":[[-75.70972,25.51199],[-75.70972,25.52195],[-75.69979,25.53191],[-75.68985,25.52195]]},"properties":{"elev":6000,"major":true}},{"type":"Feature","geometry":{"type":"LineString","coordinates":[[-70.31158,25.51199],[-70.31158,25.52195],[-70.30164,25.53191],[-70.29171,25.52195]]},"properties":{"elev":6000,"major":true}},{"type":"Feature","geometry":{"type":"LineString","coordinates":[[-124.58922,25.17276],[-124.58922,25.18374],[-124.57827,25.19472],[-124.56732,25.19472]]},"properties":{"elev":6000,"major":true}},{"type":"Feature","geometry":{"type":"LineString","coordinates":[[-92.20037,25.17276],[-92.20037,25.18374],[-92.18942,25.19472],[-92.17847,25.19472]]},"properties":{"elev":6000,"major":true}},{"type":"Feature","geometry":{"type":"LineString","coordinates":[[-76.00595,25.17276],[-76.00595,25.18374],[-75.995,25.19472],[-75.98405,25.19472]]},"properties":{"elev":6000,"major":true}},{"type":"Feature","geometry":{"type":"LineString","coordinates":[[-70.60781,25.17276],[-70.60781,25.18374],[-70.59685,25.19472],[-70.5859,25.19472]]},"properties":{"elev":6000,"major":true}},{"type":"Feature","geometry":{"type":"LineString","coordinates":[[-123.64452,24.16315],[-123.65046,24.16315],[-123.65641,24.16911],[-123.65641,24.17506]]},"properties":{"elev":6000,"major":true}},{"type":"Feature","geometry":{"type":"LineString","coordinates":[[-91.25567,24.16315],[-91.26162,24.16315],[-91.26756,24.16911],[-91.26756,24.17506]]},"properties":{"elev":6000,"major":true}},{"type":"Feature","geometry":{"type":"LineString","coordinates":[[-75.06125,24.16315],[-75.06719,24.16315],[-75.07314,24.16911],[-75.07314,24.17506]]},"properties":{"elev":6000,"major":true}},{"type":"Feature","geometry":{"type":"LineString","coordinates":[[-69.6631,24.16315],[-69.66905,24.16315],[-69.67499,24.16911],[-69.67499,24.17506]]},"properties":{"elev":6000,"major":true}},{"type":"Feature","geometry":{"type":"LineString","coordinates":[[-124.10761,24.09133],[-124.10761,24.08455],[-124.11437,24.07778],[-124.12112,24.07778]]},"properties":{"elev":6000,"major":true}},{"type":"Feature","geometry":{"type":"LineString","coordinates":[[-91.71876,24.09133],[-91.71876,24.08455],[-91.72552,24.07778],[-91.73227,24.07778]]},"properties":{"elev":6000,"major":true}},{"type":"Feature","geometry":{"type":"LineString","coordinates":[[-75.52434,24.09133],[-75.52434,24.08455],[-75.53109,24.07778],[-75.53785,24.07778]]},"properties":{"elev":6000,"major":true}},{"type":"Feature","geometry":{"type":"LineString","coordinates":[[-70.1262,24.09133],[-70.1262,24.08455],[-70.13295,24.07778],[-70.13971,24.07778]]},"properties":{"elev":6000,"major":true}},{"type":"Feature","geometry":{"type":"LineString","coordinates":[[-67.60257,35.923],[-67.60153,35.92195],[-67.60257,35.9209],[-67.60362,35.92195],[-67.60257,35.923]]},"properties":{"elev":6000,"major":true}},{"type":"Feature","geometry":{"type":"LineString","coordinates":[[-69.03645,34.15563],[-69.02719,34.14634],[-69.03645,34.13706],[-69.04572,34.14634],[-69.03645,34.15563]]},"properties":{"elev":6000,"major":true}},{"type":"Feature","geometry":{"type":"LineString","coordinates":[[-121.58399,30.51162],[-121.58294,30.51057],[-121.58399,30.50952],[-121.58503,30.51057],[-121.58399,30.51162]]},"properties":{"elev":6000,"major":true}},{"type":"Feature","geometry":{"type":"LineString","coordinates":[[-73.00071,30.51162],[-72.99967,30.51057],[-73.00071,30.50952],[-73.00176,30.51057],[-73.00071,30.51162]]},"properties":{"elev":6000,"major":true}},{"type":"Feature","geometry":{"type":"LineString","coordinates":[[-67.60257,30.51162],[-67.60153,30.51057],[-67.60257,30.50952],[-67.60362,30.51057],[-67.60257,30.51162]]},"properties":{"elev":6000,"major":true}},{"type":"Feature","geometry":{"type":"LineString","coordinates":[[-123.01787,28.74424],[-123.00861,28.73496],[-123.01787,28.72567],[-123.02713,28.73496],[-123.01787,28.74424]]},"properties":{"elev":6000,"major":true}},{"type":"Feature","geometry":{"type":"LineString","coordinates":[[-74.4346,28.74424],[-74.42533,28.73496],[-74.4346,28.72567],[-74.44386,28.73496],[-74.4346,28.74424]]},"properties":{"elev":6000,"major":true}},{"type":"Feature","geometry":{"type":"LineString","coordinates":[[-69.03645,28.74424],[-69.02719,28.73496],[-69.03645,28.72567],[-69.04572,28.73496],[-69.03645,28.74424]]},"properties":{"elev":6000,"major":true}},{"type":"Feature","geometry":{"type":"LineString","coordinates":[[-121.58399,25.10023],[-121.58294,25.09919],[-121.58399,25.09814],[-121.58503,25.09919],[-121.58399,25.10023]]},"properties":{"elev":6000,"major":true}},{"type":"Feature","geometry":{"type":"LineString","coordinates":[[-89.19514,25.10023],[-89.1941,25.09919],[-89.19514,25.09814],[-89.19618,25.09919],[-89.19514,25.10023]]},"properties":{"elev":6000,"major":true}},{"type":"Feature","geometry":{"type":"LineString","coordinates":[[-73.00071,25.10023],[-72.99967,25.09919],[-73.00071,25.09814],[-73.00176,25.09919],[-73.00071,25.10023]]},"properties":{"elev":6000,"major":true}},{"type":"Feature","geometry":{"type":"LineString","coordinates":[[-67.60257,25.10023],[-67.60153,25.09919],[-67.60257,25.09814],[-67.60362,25.09919],[-67.60257,25.10023]]},"properties":{"elev":6000,"major":true}},{"type":"Feature","geometry":{"type":"LineString","coordinates":[[-66.49726,39.01696],[-66.49726,39.00813],[-66.50608,38.9993],[-66.51489,39.00813],[-66.51486,39.01693]]},"properties":{"elev":7000,"major":false}},{"type":"Feature","geometry":{"type":"LineString","coordinates":[[-66.2179,36.35176],[-66.21086,36.35176],[-66.20383,36.34472],[-66.20383,36.33767]]},"properties":{"elev":7000,"major":false}},{"type":"Feature","geometry":{"type":"LineString","coordinates":[[-70.3062,36.34014],[-70.3062,36.34472],[-70.30164,36.34929],[-70.29708,36.34472]]},"properties":{"elev":7000,"major":false}},{"type":"Feature","geometry":{"type":"LineString","coordinates":[[-70.6026,36.00074],[-70.6026,36.0065],[-70.59685,36.01227],[-70.59111,36.01227]]},"properties":{"elev":7000,"major":false}},{"type":"Feature","geometry":{"type":"LineString","coordinates":[[-120.47868,33.60558],[-120.47868,33.59675],[-120.48749,33.58791],[-120.4963,33.59675],[-120.49627,33.60555]]},"properties":{"elev":7000,"major":false}},{"type":"Feature","geometry":{"type":"LineString","coordinates":[[-71.8954,33.60558],[-71.8954,33.59675],[-71.90422,33.58791],[-71.91303,33.59675],[-71.913,33.60555]]},"properties":{"elev":7000,"major":false}},{"type":"Feature","geometry":{"type":"LineString","coordinates":[[-66.49726,33.60558],[-66.49726,33.59675],[-66.50608,33.58791],[-66.51489,33.59675],[-66.51486,33.60555]]},"properties":{"elev":7000,"major":false}},{"type":"Feature","geometry":{"type":"LineString","coordinates":[[-120.19931,30.94038],[-120.19228,30.94038],[-120.18525,30.93333],[-120.18525,30.92629]]},"properties":{"elev":7000,"major":false}},{"type":"Feature","geometry":{"type":"LineString","coordinates":[[-71.61604,30.94038],[-71.60901,30.94038],[-71.60198,30.93333],[-71.60198,30.92629]]},"properties":{"elev":7000,"major":false}},{"type":"Feature","geometry":{"type":"LineString","coordinates":[[-66.2179,30.94038],[-66.21086,30.94038],[-66.20383,30.93333],[-66.20383,30.92629]]},"properties":{"elev":7000,"major":false}},{"type":"Feature","geometry":{"type":"LineString","coordinates":[[-124.28762,30.92876],[-124.28762,30.93333],[-124.28306,30.9379],[-124.2785,30.93333]]},"properties":{"elev":7000,"major":false}},{"type":"Feature","geometry":{"type":"LineString","coordinates":[[-75.70435,30.92876],[-75.70435,30.93333],[-75.69979,30.9379],[-75.69523,30.93333]]},"properties":{"elev":7000,"major":false}},{"type":"Feature","geometry":{"type":"LineString","coordinates":[[-70.3062,30.92876],[-70.3062,30.93333],[-70.30164,30.9379],[-70.29708,30.93333]]},"properties":{"elev":7000,"major":false}},{"type":"Feature","geometry":{"type":"LineString","coordinates":[[-124.58402,30.58936],[-124.58402,30.59512],[-124.57827,30.60088],[-124.57252,30.60088]]},"properties":{"elev":7000,"major":false}},{"type":"Feature","geometry":{"type":"LineString","coordinates":[[-76.00074,30.58936],[-76.00074,30.59512],[-75.995,30.60088],[-75.98925,30.60088]]},"properties":{"elev":7000,"major":false}},{"type":"Feature","geometry":{"type":"LineString","coordinates":[[-70.6026,30.58936],[-70.6026,30.59512],[-70.59685,30.60088],[-70.59111,30.60088]]},"properties":{"elev":7000,"major":false}},{"type":"Feature","geometry":{"type":"LineString","coordinates":[[-120.47868,28.1942],[-120.47868,28.18537],[-120.48749,28.17653],[-120.4963,28.18537],[-120.49627,28.19417]]},"properties":{"elev":7000,"major":false}},{"type":"Feature","geometry":{"type":"LineString","coordinates":[[-88.08983,28.1942],[-88.08983,28.18537],[-88.09864,28.17653],[-88.10745,28.18537],[-88.10742,28.19417]]},"properties":{"elev":7000,"major":false}},{"type":"Feature","geometry":{"type":"LineString","coordinates":[[-71.8954,28.1942],[-71.8954,28.18537],[-71.90422,28.17653],[-71.91303,28.18537],[-71.913,28.19417]]},"properties":{"elev":7000,"major":false}},{"type":"Feature","geometry":{"type":"LineString","coordinates":[[-66.49726,28.1942],[-66.49726,28.18537],[-66.50608,28.17653],[-66.51489,28.18537],[-66.51486,28.19417]]},"properties":{"elev":7000,"major":false}},{"type":"Feature","geometry":{"type":"LineString","coordinates":[[-120.19931,25.529],[-120.19228,25.529],[-120.18525,25.52195],[-120.18525,25.5149]]},"properties":{"elev":7000,"major":false}},{"type":"Feature","geometry":{"type":"LineString","coordinates":[[-87.81046,25.529],[-87.80343,25.529],[-87.7964,25.52195],[-87.7964,25.5149]]},"properties":{"elev":7000,"major":false}},{"type":"Feature","geometry":{"type":"LineString","coordinates":[[-71.61604,25.529],[-71.60901,25.529],[-71.60198,25.52195],[-71.60198,25.5149]]},"properties":{"elev":7000,"major":false}},{"type":"Feature","geometry":{"type":"LineString","coordinates":[[-66.2179,25.529],[-66.21086,25.529],[-66.20383,25.52195],[-66.20383,25.5149]]},"properties":{"elev":7000,"major":false}},{"type":"Feature","geometry":{"type":"LineString","coordinates":[[-124.28762,25.51738],[-124.28762,25.52195],[-124.28306,25.52652],[-124.2785,25.52195]]},"properties":{"elev":7000,"major":false}},{"type":"Feature","geometry":{"type":"LineString","coordinates":[[-91.89877,25.51738],[-91.89877,25.52195],[-91.89421,25.52652],[-91.88965,25.52195]]},"properties":{"elev":7000,"major":false}},{"type":"Feature","geometry":{"type":"LineString","coordinates":[[-75.70435,25.51738],[-75.70435,25.52195],[-75.69979,25.52652],[-75.69523,25.52195]]},"properties":{"elev":7000,"major":false}},{"type":"Feature","geometry":{"type":"LineString","coordinates":[[-70.3062,25.51738],[-70.3062,25.52195],[-70.30164,25.52652],[-70.29708,25.52195]]},"properties":{"elev":7000,"major":false}},{"type":"Feature","geometry":{"type":"LineString","coordinates":[[-124.58402,25.17798],[-124.58402,25.18374],[-124.57827,25.1895],[-124.57252,25.1895]]},"properties":{"elev":7000,"major":false}},{"type":"Feature","geometry":{"type":"LineString","coordinates":[[-92.19517,25.17798],[-92.19517,25.18374],[-92.18942,25.1895],[-92.18367,25.1895]]},"properties":{"elev":7000,"major":false}},{"type":"Feature","geometry":{"type":"LineString","coordinates":[[-76.00074,25.17798],[-76.00074,25.18374],[-75.995,25.1895],[-75.98925,25.1895]]},"properties":{"elev":7000,"major":false}},{"type":"Feature","geometry":{"type":"LineString","coordinates":[[-70.6026,25.17798],[-70.6026,25.18374],[-70.59685,25.1895],[-70.59111,25.1895]]},"properties":{"elev":7000,"major":false}},{"type":"Feature","geometry":{"type":"LineString","coordinates":[[-69.03645,34.15013],[-69.03268,34.14634],[-69.03645,34.14256],[-69.04023,34.14634],[-69.03645,34.15013]]},"properties":{"elev":7000,"major":false}},{"type":"Feature","geometry":{"type":"LineString","coordinates":[[-123.01787,28.73875],[-123.01409,28.73496],[-123.01787,28.73117],[-123.02165,28.73496],[-123.01787,28.73875]]},"properties":{"elev":7000,"major":false}},{"type":"Feature","geometry":{"type":"LineString","coordinates":[[-74.4346,28.73875],[-74.43082,28.73496],[-74.4346,28.73117],[-74.43837,28.73496],[-74.4346,28.73875]]},"properties":{"elev":7000,"major":false}},{"type":"Feature","geometry":{"type":"LineString","coordinates":[[-69.03645,28.73875],[-69.03268,28.73496],[-69.03645,28.73117],[-69.04023,28.73496],[-69.03645,28.73875]]},"properties":{"elev":7000,"major":false}},{"type":"Feature","geometry":{"type":"LineString","coordinates":[[-66.50203,39.01219],[-66.50203,39.00813],[-66.50608,39.00407],[-66.51012,39.00813],[-66.51011,39.01217]]},"properties":{"elev":8000,"major":true}},{"type":"Feature","geometry":{"type":"LineString","coordinates":[[-66.21288,36.34673],[-66.21086,36.34673],[-66.20885,36.34472],[-66.20885,36.3427]]},"properties":{"elev":8000,"major":true}},{"type":"Feature","geometry":{"type":"LineString","coordinates":[[-120.48344,33.60081],[-120.48344,33.59675],[-120.48749,33.59269],[-120.49154,33.59675],[-120.49152,33.60079]]},"properties":{"elev":8000,"major":true}},{"type":"Feature","geometry":{"type":"LineString","coordinates":[[-71.90017,33.60081],[-71.90017,33.59675],[-71.90422,33.59269],[-71.90826,33.59675],[-71.90825,33.60079]]},"properties":{"elev":8000,"major":true}},{"type":"Feature","geometry":{"type":"LineString","coordinates":[[-66.50203,33.60081],[-66.50203,33.59675],[-66.50608,33.59269],[-66.51012,33.59675],[-66.51011,33.60079]]},"properties":{"elev":8000,"major":true}},{"type":"Feature","geometry":{"type":"LineString","coordinates":[[-120.19429,30.93535],[-120.19228,30.93535],[-120.19027,30.93333],[-120.19027,30.93132]]},"properties":{"elev":8000,"major":true}},{"type":"Feature","geometry":{"type":"LineString","coordinates":[[-71.61102,30.93535],[-71.60901,30.93535],[-71.607,30.93333],[-71.607,30.93132]]},"properties":{"elev":8000,"major":true}},{"type":"Feature","geometry":{"type":"LineString","coordinates":[[-66.21288,30.93535],[-66.21086,30.93535],[-66.20885,30.93333],[-66.20885,30.93132]]},"properties":{"elev":8000,"major":true}},{"type":"Feature","geometry":{"type":"LineString","coordinates":[[-120.48344,28.18942],[-120.48344,28.18537],[-120.48749,28.18131],[-120.49154,28.18537],[-120.49152,28.18941]]},"properties":{"elev":8000,"major":true}},{"type":"Feature","geometry":{"type":"LineString","coordinates":[[-88.09459,28.18942],[-88.09459,28.18537],[-88.09864,28.18131],[-88.10269,28.18537],[-88.10268,28.18941]]},"properties":{"elev":8000,"major":true}},{"type":"Feature","geometry":{"type":"LineString","coordinates":[[-71.90017,28.18942],[-71.90017,28.18537],[-71.90422,28.18131],[-71.90826,28.18537],[-71.90825,28.18941]]},"properties":{"elev":8000,"major":true}},{"type":"Feature","geometry":{"type":"LineString","coordinates":[[-66.50203,28.18942],[-66.50203,28.18537],[-66.50608,28.18131],[-66.51012,28.18537],[-66.51011,28.18941]]},"properties":{"elev":8000,"major":true}},{"type":"Feature","geometry":{"type":"LineString","coordinates":[[-120.19429,25.52397],[-120.19228,25.52397],[-120.19027,25.52195],[-120.19027,25.51994]]},"properties":{"elev":8000,"major":true}},{"type":"Feature","geometry":{"type":"LineString","coordinates":[[-87.80544,25.52397],[-87.80343,25.52397],[-87.80142,25.52195],[-87.80142,25.51994]]},"properties":{"elev":8000,"major":true}},{"type":"Feature","geometry":{"type":"LineString","coordinates":[[-71.61102,25.52397],[-71.60901,25.52397],[-71.607,25.52195],[-71.607,25.51994]]},"properties":{"elev":8000,"major":true}},{"type":"Feature","geometry":{"type":"LineString","coordinates":[[-66.21288,25.52397],[-66.21086,25.52397],[-66.20885,25.52195],[-66.20885,25.51994]]},"properties":{"elev":8000,"major":true}}]}
