{"_doc":"DERIVED. One feature per power holding two or more atlas regions, geometry dissolved from those regions, with holder names reconciled through holder-aliases.json first - two sources name the same power two ways and this dedups on the name, so without that it draws one polity twice. The macro tier the holder join makes possible. The four canonical macroTerritories are excluded because they exist as territories in their own right. Era travels per power and this is never current state. Rebuild with tools/build-holder-groupings.py.","type":"FeatureCollection","features":[{"type":"Feature","properties":{"power":"White Legs","endonym":"Palitsunee","regions":11,"era":"<=2296","regionIds":[38,70,97,112,130,158,159,163,167,169,180]},"geometry":{"type":"Polygon","coordinates":[[[-111.1791,37.6963],[-111.2199,37.657],[-111.2452,37.6492],[-111.3618,37.6148],[-111.6438,37.5301],[-111.7186,37.383],[-111.732,37.3572],[-112.2061,37.1307],[-112.2771,36.9379],[-112.4903,36.8164],[-112.6087,36.9586],[-112.9054,37.0029],[-112.9127,37.004],[-112.9584,37.1558],[-113.0854,37.184],[-113.112,37.1897],[-113.2492,37.3502],[-113.2605,37.4513],[-113.4164,37.4746],[-113.4445,37.48],[-113.4834,37.5529],[-113.7727,37.5762],[-113.9591,37.5007],[-114.0833,37.3162],[-114.2627,37.2685],[-114.2796,37.1525],[-114.8544,37.0566],[-114.9882,37.1028],[-115.0673,37.0882],[-115.0688,37.089],[-115.0828,37.0855],[-115.0811,37.1192],[-115.0822,37.1287],[-115.0973,37.1703],[-115.1399,37.1996],[-115.1755,37.2193],[-115.227,37.2384],[-115.3085,37.2544],[-115.3651,37.2564],[-115.4253,37.2523],[-115.5045,37.2158],[-115.5232,37.3062],[-115.6049,37.4784],[-115.7019,37.6815],[-115.6765,37.6969],[-115.6368,37.704],[-115.583,37.7027],[-115.5808,37.7291],[-115.5906,37.7577],[-115.5529,37.9128],[-115.3021,37.9573],[-115.2913,37.9939],[-115.289,37.9986],[-115.2508,38.1269],[-115.2917,38.1284],[-114.8713,38.3303],[-114.8472,38.3247],[-114.8116,38.3406],[-114.6508,38.2768],[-114.3158,38.4087],[-114.2256,38.5897],[-114.1987,38.6052],[-114.1864,38.6302],[-114.0857,38.67],[-114.0034,38.9267],[-114.3322,39.0786],[-114.3206,39.1959],[-114.3249,39.2578],[-114.3432,39.3316],[-114.3565,39.358],[-114.3821,39.3965],[-114.4153,39.4271],[-114.4201,39.4296],[-114.4621,39.4851],[-114.3135,39.5106],[-114.2985,39.5937],[-114.2447,39.7309],[-114.1765,39.7779],[-114.1284,39.9365],[-113.7402,40.002],[-113.706,39.9845],[-113.4118,40.0564],[-113.3743,40.0859],[-113.3572,40.0898],[-113.3493,40.1033],[-113.3312,40.1173],[-113.2554,40.293],[-113.0057,40.4392],[-112.9702,40.5029],[-112.855,40.5448],[-112.573,40.5193],[-112.358,40.6947],[-111.9611,40.8027],[-111.9077,40.7638],[-111.807,40.7655],[-111.7228,40.7681],[-111.6113,40.8071],[-111.4787,40.7807],[-111.4402,40.7976],[-111.2478,40.8828],[-111.1642,40.9207],[-111.1481,40.9466],[-111.0843,41.0591],[-111.0419,41.0709],[-111.0112,41.0741],[-110.9957,41.1416],[-110.9821,41.1953],[-111.0425,41.2846],[-111.101,41.4453],[-111.0815,41.4899],[-111.0743,41.4988],[-111.0455,41.5188],[-111.0523,41.5529],[-110.896,41.6229],[-110.6532,41.6575],[-110.1787,41.5333],[-110.1232,41.4933],[-110.0386,41.4098],[-110.0276,41.3988],[-109.9964,41.4155],[-109.7446,41.5439],[-109.7521,41.7458],[-109.5525,42.2477],[-109.5993,42.2416],[-109.6395,42.2328],[-109.6532,42.2549],[-109.6587,42.2884],[-109.6548,42.3335],[-109.7104,42.3546],[-109.76,42.3822],[-109.8037,42.4175],[-109.84,42.4594],[-109.8782,42.4965],[-109.8937,42.5665],[-109.8868,42.6304],[-110.0339,42.9095],[-109.9736,43.1837],[-109.9976,43.2449],[-110.0127,43.3004],[-110.0193,43.3515],[-110.0155,43.397],[-110.003,43.4381],[-109.9883,43.4644],[-110.1686,43.8258],[-110.368,43.8585],[-110.41,43.9012],[-110.4126,44.0228],[-110.3754,44.0655],[-110.3769,44.1259],[-110.3522,44.1528],[-110.2334,44.275],[-110.1419,44.3689],[-110.1045,44.5112],[-110.1752,44.6485],[-110.2072,44.7048],[-110.1664,44.7331],[-110.1228,44.7418],[-110.0683,44.8015],[-110.0327,44.8678],[-110.0122,44.9272],[-109.9997,45.008],[-109.9979,45.0271],[-109.9992,45.0517],[-110.004,45.117],[-110.0268,45.2152],[-109.9685,45.2853],[-109.6056,45.4633],[-109.4718,45.4859],[-109.3649,45.348],[-109.2929,45.021],[-109.2832,44.9575],[-109.2641,44.9035],[-109.2506,44.8783],[-109.201,44.8297],[-109.1549,44.8089],[-109.0985,44.8001],[-109.0926,44.5529],[-109.0728,44.5204],[-109.0728,44.4817],[-109.0596,44.4342],[-109.0419,44.4143],[-109.0466,44.3868],[-109.0088,44.3777],[-108.8765,44.3473],[-108.8329,44.3108],[-108.7962,44.2653],[-108.7667,44.2119],[-108.744,44.1494],[-108.7284,44.0778],[-108.72,43.9984],[-108.634,44.02],[-108.5547,44.0324],[-108.4847,44.0331],[-108.4215,44.0248],[-108.3645,44.0051],[-108.3175,43.9759],[-108.2625,43.9454],[-108.2324,43.941],[-108.048,43.9111],[-107.6273,44.0104],[-107.4613,43.9807],[-107.4329,44.0576],[-107.1666,44.1594],[-107.1567,44.1628],[-107.1534,44.1679],[-106.9332,44.4108],[-106.8958,44.3903],[-106.7403,44.4168],[-106.4981,44.4583],[-106.2578,44.2602],[-105.9279,44.3433],[-105.6428,44.3468],[-105.5937,44.3398],[-105.468,44.319],[-105.4148,44.2358],[-105.3927,44.2132],[-105.3463,44.2176],[-105.32,44.2354],[-105.2994,44.1997],[-105.2985,44.1692],[-105.2705,44.1272],[-105.4032,43.789],[-105.1195,43.6433],[-105.2057,43.4466],[-105.3302,43.3666],[-105.3542,43.3283],[-105.4128,43.2369],[-105.4366,43.1976],[-105.4275,43.1822],[-105.4374,43.1488],[-105.403,43.1427],[-105.3934,43.1401],[-105.3448,43.0471],[-105.1082,42.9396],[-105.0363,42.9263],[-105.0233,42.9297],[-104.9972,42.9192],[-104.9431,42.8961],[-104.9036,42.8787],[-104.817,42.7519],[-104.725,42.7596],[-104.6704,42.7156],[-104.5616,42.6622],[-104.3099,42.538],[-103.9819,42.381],[-103.8057,42.3214],[-103.8139,42.2782],[-103.8088,42.2464],[-103.7906,42.2258],[-103.7274,42.2338],[-103.6693,42.2357],[-103.4514,42.1531],[-103.3979,42.2052],[-103.3615,42.2019],[-103.1394,42.0165],[-103.0341,42.0015],[-102.9954,42.0132],[-102.9421,41.9959],[-102.8464,41.964],[-102.7275,41.9253],[-102.5881,41.8785],[-102.4912,41.8463],[-102.4096,41.827],[-102.3233,41.8181],[-102.2561,41.8402],[-102.2146,41.831],[-102.1943,41.8126],[-102.1712,41.7841],[-102.1238,41.7752],[-102.1002,41.7535],[-102.0825,41.7556],[-102.0718,41.7298],[-101.9948,41.7338],[-101.9326,41.7371],[-101.8011,41.7106],[-101.7888,41.7078],[-101.7493,41.6409],[-101.6011,41.5599],[-101.0947,41.4627],[-101.0326,41.4653],[-101.0006,41.4587],[-100.9705,41.468],[-100.8151,41.4605],[-100.6911,41.4551],[-100.629,41.4575],[-100.4825,41.3781],[-100.4673,41.3466],[-100.4604,41.3228],[-100.4702,41.3018],[-100.5196,41.292],[-100.5531,41.3148],[-100.6437,41.3011],[-100.7664,41.2827],[-100.8163,41.2773],[-100.8622,41.2766],[-100.9011,41.2796],[-100.9858,41.3219],[-101.4508,41.3255],[-101.6544,41.2198],[-101.8388,41.2108],[-102.0409,41.0807],[-102.1188,41.0743],[-102.1901,41.0626],[-102.2534,41.0455],[-102.3088,41.0243],[-102.3578,40.9977],[-102.3987,40.9659],[-102.7624,40.9212],[-102.9227,40.696],[-102.9561,40.7178],[-103.1088,40.7084],[-103.282,40.6024],[-103.4089,40.6417],[-103.6512,40.6019],[-103.7128,40.5977],[-103.8036,40.5915],[-103.9668,40.6751],[-104.4067,40.6192],[-104.4559,40.5094],[-104.4013,40.2992],[-104.7032,40.1222],[-104.7563,40.1777],[-104.7746,40.183],[-104.9146,40.2237],[-105.1022,40.5171],[-105.4686,40.6116],[-105.5707,40.6919],[-105.6205,40.7225],[-105.689,40.6578],[-105.9123,40.4159],[-106.109,40.2047],[-106.1329,40.1218],[-106.2329,39.7924],[-106.2633,39.6958],[-106.2549,39.6854],[-106.2595,39.6604],[-106.6396,39.6482],[-106.7392,39.5807],[-106.8056,39.4919],[-107.1377,39.4592],[-107.3864,39.364],[-107.4576,39.45],[-107.7551,39.5122],[-107.8975,39.427],[-107.9187,39.3947],[-107.9674,39.3217],[-108.2641,39.1773],[-108.6037,39.0772],[-108.6331,39.0661],[-108.6646,39.0858],[-108.6831,39.1069],[-108.7163,39.0909],[-108.8594,39.0257],[-108.958,38.9811],[-108.9617,38.9619],[-108.9698,38.9565],[-108.9991,38.814],[-109.3532,38.5871],[-109.419,38.589],[-109.4649,38.5824],[-109.4949,38.5645],[-109.5066,38.5378],[-109.4999,38.5023],[-109.476,38.4558],[-109.8396,38.3191],[-110.071,38.0712],[-110.1397,38.0046],[-110.5685,37.9158],[-110.56,37.9737],[-111.1248,37.8986],[-111.1704,37.9044],[-111.1791,37.6963]]]}},{"type":"Feature","properties":{"power":"Empire of the Khans","endonym":null,"regions":8,"era":"2290","regionIds":[13,16,33,45,61,67,88,150]},"geometry":{"type":"Polygon","coordinates":[[[-96.0777,40.9103],[-96.137,40.8879],[-96.1885,40.8574],[-96.2337,40.8212],[-96.3357,40.7132],[-96.4118,40.7023],[-96.8112,40.7043],[-96.8731,40.7045],[-97.0614,40.8009],[-97.5835,40.7996],[-97.884,40.7015],[-98.13,40.6992],[-98.1529,40.7332],[-98.1655,40.7445],[-98.214,40.8068],[-98.2556,40.7457],[-98.3208,40.7929],[-98.7808,40.7859],[-98.8463,40.8326],[-99.1839,40.8258],[-99.249,40.8643],[-99.2926,40.8736],[-99.3417,40.8782],[-99.3991,40.8757],[-99.4634,40.8672],[-99.5254,40.8657],[-99.5504,40.865],[-99.7215,40.9312],[-99.993,41.105],[-100.2485,41.2054],[-100.289,41.3002],[-100.3683,41.3215],[-100.4702,41.3018],[-100.4604,41.3228],[-100.4673,41.3466],[-100.4825,41.3781],[-100.629,41.4575],[-100.6911,41.4551],[-100.8151,41.4605],[-100.9705,41.468],[-101.0006,41.4587],[-101.0326,41.4653],[-101.0947,41.4627],[-101.6011,41.5599],[-101.7493,41.6409],[-101.7888,41.7078],[-101.8011,41.7106],[-101.9326,41.7371],[-101.9948,41.7338],[-102.0718,41.7298],[-102.0825,41.7556],[-102.1002,41.7535],[-102.1238,41.7752],[-102.1712,41.7841],[-102.1943,41.8126],[-102.2146,41.831],[-102.2561,41.8402],[-102.3233,41.8181],[-102.4096,41.827],[-102.4912,41.8463],[-102.5881,41.8785],[-102.7275,41.9253],[-102.8464,41.964],[-102.9421,41.9959],[-102.9954,42.0132],[-103.0341,42.0015],[-103.1394,42.0165],[-103.3615,42.2019],[-103.3979,42.2052],[-103.4514,42.1531],[-103.6693,42.2357],[-103.7274,42.2338],[-103.7906,42.2258],[-103.8088,42.2464],[-103.8139,42.2782],[-103.8057,42.3214],[-103.9819,42.381],[-104.3099,42.538],[-104.5616,42.6622],[-104.6704,42.7156],[-104.725,42.7596],[-104.817,42.7519],[-104.9036,42.8787],[-104.9431,42.8961],[-104.9972,42.9192],[-105.0233,42.9297],[-105.0363,42.9263],[-105.1082,42.9396],[-105.3448,43.0471],[-105.3934,43.1401],[-105.403,43.1427],[-105.4374,43.1488],[-105.4275,43.1822],[-105.4366,43.1976],[-105.4128,43.2369],[-105.3542,43.3283],[-105.3302,43.3666],[-105.2057,43.4466],[-105.1195,43.6433],[-105.4032,43.789],[-105.2705,44.1272],[-105.2985,44.1692],[-105.2994,44.1997],[-105.32,44.2354],[-105.3463,44.2176],[-105.3927,44.2132],[-105.4148,44.2358],[-105.468,44.319],[-105.5937,44.3398],[-105.6428,44.3468],[-105.6603,44.4818],[-105.5595,44.6687],[-105.5019,44.6837],[-105.3861,44.6866],[-105.2866,44.6997],[-105.2577,44.7071],[-105.2505,44.709],[-105.2061,44.7214],[-105.1407,44.7548],[-105.0945,44.797],[-105.0647,44.8496],[-104.8559,44.8438],[-104.7537,44.6906],[-104.6985,44.6588],[-104.6354,44.6644],[-104.5786,44.6386],[-104.4931,44.601],[-104.4463,44.6169],[-104.1983,44.7018],[-103.9254,44.7015],[-103.8948,44.7016],[-103.8392,44.8675],[-103.8566,44.8887],[-103.9748,45.0326],[-103.9454,45.1733],[-103.6542,45.2217],[-103.6165,45.2617],[-103.5777,45.303],[-103.5157,45.3078],[-103.2693,45.3517],[-103.027,45.3445],[-103.0517,45.5694],[-102.4575,45.51],[-102.4429,45.5747],[-102.7441,45.86],[-102.8699,45.9766],[-102.891,45.9799],[-103.1088,46.0219],[-103.3092,46.3894],[-103.5068,46.3993],[-103.657,46.5791],[-103.6854,46.6984],[-103.704,46.7843],[-103.7385,46.875],[-103.7798,46.9566],[-103.8287,47.0314],[-103.8586,47.1101],[-103.8918,47.1594],[-103.9219,47.4136],[-104.2428,47.4871],[-104.3254,47.6318],[-104.3926,47.639],[-104.3214,47.8609],[-103.8437,47.9526],[-103.8478,48.1533],[-103.742,48.1549],[-103.6467,48.1639],[-103.5616,48.1791],[-103.549,48.1837],[-103.5001,48.1984],[-103.4886,48.2017],[-103.4498,48.2179],[-103.3879,48.2585],[-103.3368,48.379],[-103.2419,48.4029],[-103.2747,48.4502],[-103.3125,48.458],[-103.3571,48.4936],[-103.3907,48.4851],[-103.4377,48.4874],[-103.4566,48.5131],[-103.5088,48.5386],[-103.5673,48.6073],[-103.5688,48.6638],[-103.5706,48.699],[-103.5787,48.7254],[-103.5995,48.7473],[-103.6767,48.7787],[-103.7978,48.8804],[-103.8631,48.8752],[-104.1224,48.8537],[-104.3191,48.7688],[-104.3397,48.7599],[-104.5701,48.7267],[-104.62,48.761],[-104.6622,48.7502],[-104.7716,48.7225],[-104.9874,48.8507],[-105.2993,48.7963],[-105.3134,48.7996],[-105.3661,48.8157],[-105.4243,48.8335],[-105.4876,48.8519],[-105.5968,48.7916],[-105.7042,48.7678],[-105.7059,48.7924],[-105.735,48.8294],[-105.7757,48.8229],[-105.9333,48.8807],[-106.042,48.82],[-106.116,48.8369],[-106.1695,48.8065],[-106.2375,48.8322],[-106.31,48.8491],[-106.3901,48.8569],[-106.4746,48.8559],[-106.5651,48.8459],[-106.6616,48.8269],[-106.7184,48.7108],[-107.0507,48.6584],[-107.0425,48.6972],[-107.0925,48.741],[-107.2996,49.2354],[-107.3368,49.6326],[-107.7984,49.7245],[-108.0077,49.6994],[-108.1267,49.8167],[-108.1916,49.8453],[-108.5267,49.8038],[-108.5425,49.8384],[-108.5903,49.8861],[-108.6505,50.2189],[-108.4167,50.3774],[-108.4782,50.5104],[-108.7345,50.6204],[-108.7703,50.6967],[-108.667,50.7672],[-108.6337,50.8051],[-108.4511,51.1123],[-108.4713,51.1272],[-108.4486,51.1705],[-108.1023,51.2508],[-108.1269,51.5268],[-108.049,51.5452],[-108.0009,51.5418],[-107.9667,51.5432],[-107.9316,51.5571],[-107.9478,51.5888],[-107.8572,51.6197],[-108.194,51.8246],[-108.2416,51.9283],[-108.2603,51.9692],[-108.2935,52.0197],[-108.342,52.0928],[-108.354,52.1118],[-108.2513,52.195],[-108.2001,52.2189],[-108.1994,52.2359],[-108.1802,52.2527],[-108.1437,52.2869],[-108.14,52.316],[-108.1028,52.3115],[-108.1271,52.4445],[-107.8573,52.7838],[-107.5582,52.9088],[-107.6101,53.0269],[-107.5157,53.2262],[-107.2277,53.3432],[-106.8493,53.3694],[-106.7065,53.4546],[-106.6737,53.4791],[-106.6021,53.4613],[-106.3096,53.4959],[-106.2292,53.5035],[-106.1292,53.5175],[-105.9952,53.5361],[-105.9433,53.5338],[-105.9231,53.5341],[-105.9048,53.5352],[-105.8738,53.5432],[-105.836,53.5825],[-105.8246,53.6017],[-105.7932,53.6131],[-105.7685,53.6514],[-105.662,53.6853],[-105.5599,53.7178],[-105.3677,53.7557],[-105.0517,53.8619],[-105.0385,53.8823],[-104.9699,53.9826],[-104.9568,53.9892],[-104.8487,54.0414],[-104.8008,54.1058],[-104.6484,54.1299],[-104.6006,54.1302],[-104.6011,54.0967],[-104.5183,54.1245],[-104.4455,54.1015],[-104.4396,54.0942],[-104.4071,54.0889],[-104.1596,54.0494],[-104.0456,54.0304],[-103.9482,54.0299],[-103.8648,54.0356],[-103.7968,54.0466],[-103.7444,54.0635],[-103.7057,54.0858],[-103.683,54.115],[-103.6557,54.0893],[-103.5944,54.0589],[-103.5241,54.0322],[-103.4727,54.0164],[-103.0658,53.9153],[-103.0541,53.8803],[-103.06,53.8572],[-103.0589,53.8386],[-103.0333,53.8183],[-102.9815,53.8209],[-102.523,53.6653],[-102.4664,53.6035],[-102.2154,53.5932],[-102.1865,53.5579],[-102.1161,53.56],[-101.9356,53.5471],[-101.6292,53.6609],[-101.6216,53.6637],[-101.4574,53.6592],[-101.2916,53.681],[-101.368,53.6971],[-101.3168,53.7067],[-101.1967,53.825],[-101.2431,53.8592],[-101.1751,53.8698],[-101.1392,53.9837],[-101.1606,54.0534],[-101.1748,54.072],[-101.1736,54.0959],[-101.1361,54.1015],[-101.0557,54.0554],[-100.9953,54.0301],[-100.9242,54.0314],[-100.7942,54.0682],[-100.652,54.0705],[-100.3401,53.9715],[-100.285,53.9632],[-100.4667,54.0994],[-100.5267,54.1238],[-100.558,54.1665],[-100.5569,54.2854],[-100.6073,54.3361],[-100.57,54.3486],[-100.5478,54.3665],[-100.5372,54.3889],[-100.5383,54.4168],[-100.5525,54.4492],[-100.6142,54.4864],[-100.6699,54.4358],[-100.7366,54.4182],[-100.7151,54.4685],[-100.7656,54.4599],[-100.8417,54.4755],[-100.8825,54.4328],[-101.0302,54.3883],[-101.1211,54.3956],[-101.0764,54.4298],[-101.0236,54.4601],[-100.9627,54.4864],[-100.8939,54.5088],[-100.819,54.528],[-100.7361,54.5433],[-100.7209,54.6181],[-100.8731,54.649],[-100.8296,54.6901],[-100.7866,54.6579],[-100.6307,54.6762],[-100.4932,54.7761],[-100.4752,54.7601],[-100.3548,54.7774],[-100.3082,54.8017],[-100.2532,54.7945],[-99.8825,54.8775],[-99.8645,54.8944],[-99.8271,54.909],[-99.7838,54.9001],[-99.7596,54.8858],[-99.9003,54.8132],[-99.9403,54.829],[-100.0755,54.7304],[-100.2065,54.689],[-100.1305,54.6734],[-100.1828,54.6644],[-99.9982,54.5754],[-99.9804,54.5097],[-100.0445,54.3594],[-100.3311,54.1184],[-100.1481,53.9824],[-100.1472,53.8607],[-100.1089,53.8521],[-100.0699,53.8351],[-100.0958,53.8089],[-99.9535,53.6866],[-99.96,53.6637],[-99.9576,53.6452],[-99.9345,53.6251],[-99.8823,53.6259],[-99.8908,53.5986],[-99.6658,53.4401],[-99.6725,53.3485],[-99.6085,53.258],[-99.6142,53.2335],[-99.6117,53.2151],[-99.588,53.1936],[-99.5361,53.1943],[-99.2874,53.0209],[-99.1419,52.8914],[-99.1587,52.8345],[-98.9917,52.6449],[-98.8161,52.5311],[-98.8166,52.4969],[-98.7743,52.4798],[-98.7559,52.454],[-98.6496,52.445],[-98.6477,52.4031],[-98.6372,52.3659],[-98.6199,52.3333],[-98.5938,52.3045],[-98.5607,52.2795],[-98.5191,52.2592],[-98.4235,52.231],[-98.173,52.0432],[-98.2009,51.9207],[-98.2713,51.818],[-98.2165,51.757],[-98.1552,51.7263],[-98.1617,51.6958],[-97.9428,51.5516],[-97.9568,51.4887],[-97.9775,51.4465],[-97.9168,51.4019],[-97.8191,51.3848],[-97.6619,51.2151],[-97.687,51.0861],[-97.6366,51.032],[-97.3585,50.9762],[-97.1529,51.0135],[-97.0491,51.1655],[-96.9563,51.2399],[-96.9375,51.2632],[-96.8614,51.2613],[-96.8025,51.2512],[-96.6837,51.1445],[-96.4348,51.1655],[-96.3429,51.1438],[-96.1369,50.9161],[-96.1481,50.8622],[-96.0761,50.7179],[-95.9468,50.6835],[-95.8319,50.5837],[-95.7775,50.5165],[-95.7168,50.4821],[-95.6484,50.4815],[-95.5335,50.379],[-95.52,50.3339],[-95.5938,50.2441],[-95.5196,50.1633],[-95.3917,50.1848],[-95.3396,50.1614],[-95.3715,50.1162],[-95.4788,50.1401],[-95.5016,50.1022],[-95.5334,50.0949],[-95.5742,50.1181],[-95.6857,50.0961],[-95.6973,49.9121],[-95.9209,49.7961],[-95.8667,49.7436],[-95.8474,49.738],[-95.7025,49.584],[-95.4175,49.5817],[-94.8905,49.4323],[-94.8207,49.36],[-94.5994,49.4637],[-94.5578,49.499],[-94.3036,49.4489],[-94.2865,49.4215],[-94.2385,49.4159],[-94.2027,49.4197],[-94.1708,49.4675],[-94.1359,49.4982],[-94.095,49.513],[-94.0498,49.512],[-94.0003,49.495],[-93.9482,49.4623],[-93.861,49.4477],[-93.9207,49.4255],[-93.8512,49.4113],[-93.8613,49.329],[-93.8017,49.2911],[-93.56,49.3209],[-93.5193,49.3548],[-93.5319,49.4027],[-93.4641,49.4007],[-93.4575,49.4366],[-92.9205,49.3594],[-92.6545,49.2305],[-92.1174,49.2086],[-91.8565,49.3635],[-91.7294,49.3801],[-91.6114,49.4015],[-91.5061,49.4289],[-91.4102,49.4623],[-91.3252,49.5017],[-91.2512,49.547],[-91.2171,49.6854],[-90.9302,49.7397],[-91.0085,49.9655],[-91.0404,50.0573],[-91.0331,50.1132],[-91.0285,50.1474],[-91.0577,50.1877],[-91.0796,50.2178],[-90.8826,50.4424],[-90.8739,50.4398],[-90.7013,50.3879],[-90.6634,50.3985],[-90.6371,50.4097],[-90.6271,50.4356],[-90.6697,50.4643],[-90.6854,50.5094],[-90.6915,50.5475],[-90.6844,50.5785],[-90.6641,50.6014],[-90.6337,50.6164],[-90.5905,50.6254],[-90.4251,50.6378],[-90.3831,50.6113],[-90.3592,50.5859],[-90.3534,50.5615],[-90.364,50.5381],[-90.3942,50.5157],[-90.4411,50.4954],[-90.4431,50.4703],[-90.4259,50.4387],[-90.3785,50.4296],[-90.3423,50.4337],[-90.3075,50.498],[-90.2275,50.5152],[-89.9136,50.3967],[-89.9031,50.3515],[-89.8925,50.3063],[-89.8787,50.2883],[-89.8464,50.1976],[-89.8746,49.9424],[-89.7521,49.8415],[-89.6415,49.6489],[-89.5784,49.6678],[-89.5755,49.6908],[-89.5984,49.7288],[-89.6438,49.7308],[-89.6047,49.7854],[-89.4322,49.8316],[-89.326,49.8011],[-89.2285,49.8171],[-89.0539,49.7813],[-88.958,49.7972],[-88.9299,49.7489],[-88.8009,49.6928],[-88.6658,49.6823],[-88.4529,49.7811],[-88.2687,49.6968],[-88.2229,49.6842],[-88.1864,49.6779],[-88.1498,49.687],[-88.157,49.7217],[-88.0652,49.6799],[-87.9691,49.6949],[-87.717,49.6034],[-87.7276,49.5688],[-87.6697,49.4467],[-87.5826,49.3447],[-87.5251,49.3035],[-87.5342,49.2682],[-87.4861,49.1926],[-87.2081,49.0345],[-87.21,48.9512],[-87.0761,48.8532],[-87.0468,48.8745],[-86.7318,48.7704],[-86.6258,48.7353],[-86.5932,48.7747],[-86.548,48.8058],[-86.4919,48.8288],[-86.4228,48.8412],[-86.3414,48.8465],[-86.2502,48.8414],[-86.1824,48.8342],[-85.9865,48.7529],[-86.1499,48.5501],[-86.0995,48.4463],[-85.9736,48.3702],[-85.9062,48.3627],[-85.8027,48.3263],[-85.5928,48.1403],[-85.6483,48.072],[-85.6032,47.9918],[-85.6831,47.8757],[-85.5898,47.6751],[-85.5034,47.6396],[-85.3118,47.6672],[-85.2642,47.5601],[-85.3135,47.5661],[-85.3267,47.5375],[-85.3184,47.5111],[-85.3011,47.4752],[-85.2941,47.4234],[-85.3748,47.4199],[-85.3469,47.328],[-85.2701,47.2408],[-85.2148,47.1974],[-85.1465,47.1622],[-84.7901,46.8848],[-84.7269,46.9024],[-84.4627,46.6995],[-84.5088,46.6676],[-84.551,46.6129],[-84.5848,46.6259],[-84.6134,46.6039],[-84.6279,46.5799],[-84.7938,46.6274],[-84.9484,46.5697],[-85.0056,46.6545],[-85.1644,46.6352],[-85.224,46.5873],[-85.2558,46.5814],[-85.2918,46.6129],[-85.3105,46.6411],[-85.6496,46.7855],[-85.701,46.7621],[-85.7571,46.7774],[-85.7862,46.7992],[-85.8165,46.831],[-85.8715,46.8497],[-85.9443,46.8606],[-85.9674,46.8351],[-86.1472,46.6359],[-86.2131,46.6434],[-86.4904,46.5452],[-86.5563,46.5525],[-86.7831,46.5106],[-86.9245,46.5403],[-86.9745,46.6747],[-87.1901,46.7228],[-87.5733,46.6911],[-87.6898,46.6815],[-87.8128,46.5519],[-87.8928,46.5706],[-87.9561,46.5802],[-88.0044,46.5822],[-88.0575,46.5749],[-88.052,46.535],[-88.0759,46.4732],[-88.4585,46.4548],[-88.5024,46.3035],[-88.7269,46.2404],[-88.8004,46.1345],[-88.6944,45.9504],[-88.6762,45.9168],[-88.7355,45.7529],[-88.8058,45.8107],[-89.1203,45.8886],[-89.179,45.971],[-89.5146,45.9135],[-89.5621,45.8321],[-89.5254,45.7997],[-89.4938,45.7345],[-89.4691,45.6623],[-89.4529,45.5835],[-89.444,45.4993],[-89.4438,45.4096],[-89.0915,45.0082],[-89.0793,44.9937],[-89.101,44.9674],[-89.1269,44.9378],[-89.1499,44.9092],[-89.1936,44.8738],[-89.2369,44.8347],[-89.4041,44.6777],[-89.4356,44.6571],[-89.422,44.6111],[-89.4441,44.5231],[-89.1834,44.426],[-89.091,44.0753],[-89.0052,43.9791],[-88.6891,43.9521],[-88.2841,44.0172],[-88.1981,43.902],[-87.905,43.7155],[-87.8561,43.6736],[-87.6582,43.4766],[-87.5668,43.4172],[-87.5763,43.393],[-87.5435,43.3646],[-87.5113,43.3482],[-87.4757,43.2441],[-87.5035,43.1466],[-87.4061,43.0114],[-87.4199,42.9747],[-87.3676,42.9741],[-87.321,42.9693],[-87.2833,42.9571],[-87.2529,42.9409],[-87.2298,42.9182],[-87.2156,42.8906],[-87.4598,42.7407],[-87.3642,42.6063],[-87.4377,42.4752],[-87.4522,42.4518],[-87.575,42.2041],[-87.5744,42.1545],[-87.583,42.127],[-87.5739,42.1049],[-87.6047,42.0573],[-87.5729,41.9799],[-87.6035,41.8842],[-87.5871,41.8461],[-87.6152,41.8336],[-87.6181,41.8233],[-87.6802,41.8048],[-87.8348,41.8952],[-88.0033,41.8363],[-88.0955,41.5497],[-88.3865,41.4529],[-88.6332,41.4751],[-88.8042,41.3676],[-89.1094,41.0875],[-89.1551,41.0542],[-89.6456,41.0939],[-89.9206,40.9688],[-90.0428,40.978],[-90.3085,41.0785],[-90.4949,41.1484],[-90.5303,41.1474],[-90.5567,41.133],[-90.5682,41.1082],[-91.0874,41.1226],[-91.2087,41.0572],[-91.2465,41.0201],[-91.4964,40.7704],[-91.5416,40.7362],[-91.9091,40.7327],[-92.1665,40.5162],[-92.334,40.3915],[-92.9442,40.3961],[-93.2175,40.3355],[-93.3389,40.2203],[-93.6079,40.3531],[-93.8827,40.6621],[-93.9611,40.7256],[-94.0464,40.7249],[-94.1232,40.7319],[-94.1899,40.7466],[-94.2466,40.7679],[-94.2947,40.7969],[-94.3329,40.8336],[-94.5777,40.8404],[-94.7095,40.9265],[-94.7879,41.0642],[-95.2341,41.098],[-95.2828,41.1518],[-95.3001,41.1718],[-95.6835,41.1538],[-95.672,41.1076],[-95.6445,41.0082],[-95.8563,40.9376],[-95.9374,40.9351],[-96.0004,40.9278],[-96.0107,40.9268],[-96.0777,40.9103]],[[-89.7277,47.0951],[-89.6958,47.1086],[-89.6568,47.118],[-89.6105,47.1206],[-89.5585,47.1168],[-89.4978,47.1086],[-89.4342,46.9229],[-89.2877,46.9116],[-88.9597,46.9894],[-88.9673,47.0365],[-88.9678,47.078],[-88.9581,47.1138],[-88.9397,47.1441],[-88.9141,47.1688],[-88.8783,47.1878],[-88.8046,47.1756],[-88.7418,47.1728],[-88.6879,47.1768],[-88.6464,47.1904],[-88.6155,47.2109],[-88.5954,47.2408],[-88.3977,47.2238],[-88.323,47.166],[-88.0567,47.1164],[-87.9947,47.2387],[-87.9636,47.2492],[-88.195,47.4742],[-88.166,47.497],[-88.2051,47.5441],[-88.2503,47.5807],[-88.3053,47.6097],[-88.3682,47.6297],[-88.4374,47.6405],[-88.516,47.6425],[-88.5247,47.5925],[-88.6654,47.6551],[-88.7017,47.6919],[-88.7362,47.7188],[-88.7692,47.7372],[-88.8301,47.7446],[-88.8582,47.7348],[-88.8434,47.7047],[-88.8467,47.6701],[-88.8915,47.6665],[-88.9293,47.6768],[-88.9065,47.6364],[-88.9551,47.5388],[-89.1111,47.5005],[-89.11,47.6791],[-89.0057,47.8224],[-89.0516,47.9016],[-88.9712,47.9083],[-88.9806,47.9593],[-88.8821,48.0386],[-88.8287,48.0223],[-88.7623,48.105],[-88.7131,48.1877],[-88.5225,48.2217],[-88.5967,48.2811],[-88.6441,48.2566],[-88.68,48.2549],[-88.7233,48.2584],[-88.777,48.2675],[-88.9387,48.2557],[-89.0907,48.193],[-89.1306,48.1462],[-89.3382,48.1122],[-89.4885,47.9601],[-89.6309,47.9322],[-89.6062,47.8933],[-89.6865,47.886],[-89.6634,47.8472],[-89.7278,47.8386],[-89.7911,47.7422],[-89.8331,47.7066],[-89.8849,47.7235],[-89.9961,47.706],[-90.0582,47.5195],[-90.2047,47.5161],[-90.3081,47.5495],[-90.4865,47.4582],[-90.3874,47.3633],[-90.4038,47.2744],[-89.7791,46.9485],[-89.7525,47.0761],[-89.7277,47.0951]]]}},{"type":"Feature","properties":{"power":"Attis's Army","endonym":null,"regions":6,"era":"<=2296","regionIds":[53,72,125,136,162,165]},"geometry":{"type":"Polygon","coordinates":[[[-100.6543,31.9504],[-100.6068,31.9577],[-100.5362,31.9456],[-100.345,31.9853],[-100.3056,31.9787],[-100.2863,31.9791],[-100.2709,31.9815],[-100.2488,32.0124],[-100.2199,32.0425],[-100.1877,32.0473],[-100.1411,32.0439],[-100.122,32.0411],[-100.0516,32.0571],[-99.8222,32.0607],[-99.5551,31.998],[-99.5262,31.8005],[-99.52,31.7659],[-99.558,31.6761],[-99.2197,31.4916],[-99.1735,31.5256],[-99.1259,31.5595],[-99.0935,31.5671],[-99.0533,31.5706],[-99.0083,31.5677],[-98.9554,31.5607],[-98.9278,31.5745],[-98.9079,31.5935],[-98.7827,31.7371],[-98.5543,31.8274],[-98.4803,31.8897],[-98.4259,31.9351],[-98.3807,31.972],[-98.3345,32.0058],[-98.3227,32.0258],[-98.2455,32.1589],[-98.1604,32.1546],[-98.0605,32.1608],[-98.0292,32.1829],[-97.6674,32.0705],[-97.204,32.1112],[-97.0947,32.0656],[-97.0212,32.07],[-97.0069,31.9537],[-96.8954,31.93],[-96.856,31.7733],[-97.034,31.7208],[-97.0287,31.6849],[-97.0092,31.6868],[-97.0032,31.5087],[-96.9059,31.4854],[-96.8483,31.4845],[-96.2502,31.4742],[-96.1889,31.3961],[-96.1286,31.3328],[-96.0723,31.2506],[-96.0598,31.2314],[-96.0509,31.2049],[-96.0248,31.1339],[-96.0034,31.0295],[-95.997,30.916],[-95.6352,30.6932],[-95.6038,30.6745],[-95.5764,30.6476],[-95.5552,30.6146],[-95.543,30.5766],[-95.5384,30.5335],[-95.5453,30.4961],[-95.5549,30.4305],[-95.6011,30.3116],[-95.6476,30.2826],[-95.7023,30.2622],[-95.7654,30.2492],[-95.8369,30.2438],[-95.9169,30.2458],[-96.0052,30.2552],[-96.1538,30.0315],[-96.0874,29.8957],[-96.1024,29.7973],[-96.0506,29.7639],[-96.0104,29.6642],[-95.6553,29.5896],[-95.6965,29.4496],[-95.6918,29.3613],[-95.7074,29.3234],[-95.6702,29.3027],[-95.6343,29.2831],[-95.5662,29.2697],[-95.7045,29.1101],[-95.7661,29.0798],[-96.2312,28.9158],[-96.2569,28.9071],[-96.3344,28.9522],[-96.4212,28.9323],[-96.4811,28.9119],[-96.543,28.9544],[-96.5952,28.9906],[-96.6283,29.0449],[-96.8935,28.9629],[-96.9191,28.9798],[-96.9752,29.0179],[-97.0147,28.9979],[-97.0515,28.9788],[-97.0616,28.9656],[-97.0748,28.9678],[-97.1982,28.9892],[-97.2518,28.9136],[-97.2303,28.8535],[-97.2286,28.8472],[-97.2137,28.8048],[-97.1724,28.7939],[-97.1436,28.7801],[-97.1237,28.7612],[-97.1112,28.7384],[-97.1076,28.7105],[-97.1109,28.69],[-97.1129,28.6776],[-97.1261,28.6459],[-97.1269,28.6407],[-97.2565,28.6209],[-97.2878,28.6862],[-97.3342,28.6652],[-97.4003,28.6814],[-97.4163,28.6569],[-97.434,28.6304],[-97.4378,28.6232],[-97.4808,28.6237],[-97.5474,28.5853],[-97.5715,28.5526],[-97.6223,28.5202],[-97.6791,28.4929],[-97.7418,28.4709],[-97.7795,28.4619],[-97.8117,28.454],[-97.8873,28.4433],[-97.8668,28.4287],[-97.8684,28.4267],[-97.8825,28.3887],[-97.883,28.3856],[-97.9244,28.3787],[-97.956,28.3574],[-97.9591,28.1621],[-98.1252,28.0881],[-98.1932,28.0987],[-98.172,28.0555],[-98.2104,27.9755],[-98.2104,27.9673],[-98.2034,27.8615],[-98.2297,27.8401],[-98.233,27.836],[-98.3322,27.7532],[-98.3444,27.6783],[-98.4269,27.6724],[-98.5203,27.6654],[-98.6406,27.6573],[-98.6629,27.6933],[-98.6898,27.7005],[-98.7201,27.6789],[-99.1211,27.6123],[-99.3905,27.4056],[-99.4466,27.2964],[-99.4508,27.2871],[-99.4761,27.2787],[-99.563,27.2523],[-99.5966,27.2428],[-99.7746,27.3489],[-100.0146,27.3245],[-99.9928,27.4654],[-99.9457,27.4937],[-99.8766,27.5602],[-99.836,27.6069],[-99.8002,27.6914],[-99.7656,27.8571],[-99.5748,28.0098],[-99.5826,28.0652],[-99.582,28.1135],[-99.573,28.1556],[-99.5558,28.1897],[-99.5439,28.2155],[-99.4989,28.2374],[-99.0995,28.1103],[-98.9983,28.2185],[-98.9284,28.2187],[-98.9371,28.2495],[-98.9387,28.2742],[-98.9209,28.303],[-98.8735,28.3052],[-98.8051,28.3659],[-98.7757,28.3916],[-98.6754,28.4143],[-98.751,28.6519],[-98.8911,28.6517],[-98.9264,28.6948],[-99.1524,28.7804],[-99.0845,28.9321],[-99.0941,28.9877],[-99.0866,29.0115],[-99.1034,29.0547],[-99.2269,29.0407],[-99.24,29.1488],[-99.3477,29.1811],[-99.3431,29.1946],[-99.5272,29.2128],[-99.6561,28.9941],[-99.6802,28.9764],[-99.7119,28.9616],[-99.7595,28.9498],[-99.7937,28.9463],[-99.8439,28.9447],[-99.9001,28.9482],[-99.9798,28.9771],[-100.0781,28.9892],[-100.0878,28.9674],[-100.2166,29.2149],[-100.2023,29.2615],[-100.1956,29.3018],[-100.1994,29.3451],[-100.2061,29.3667],[-100.2232,29.3912],[-100.2464,29.4104],[-100.2917,29.4376],[-100.4036,29.5049],[-100.3939,29.5814],[-100.5741,29.9597],[-101.013,29.9504],[-101.2706,30.0527],[-101.2284,30.3076],[-101.2587,30.2923],[-101.5897,30.3713],[-101.6472,30.3696],[-101.9894,30.3588],[-102.2609,30.4801],[-102.3289,30.5108],[-102.5195,30.6012],[-102.5535,30.6881],[-102.8391,30.6767],[-102.901,30.6294],[-103.131,30.5977],[-103.3432,30.6099],[-103.3972,30.4986],[-103.7159,30.5713],[-104.1611,30.5472],[-104.2174,30.5442],[-104.2677,30.5321],[-104.3329,30.5378],[-104.3601,30.5073],[-104.3948,30.4692],[-104.675,30.5183],[-104.8757,30.5064],[-104.9334,30.5028],[-105.2482,30.4832],[-105.7183,30.6702],[-105.7377,30.6668],[-105.7481,30.7313],[-105.8469,30.885],[-105.8962,30.925],[-105.9543,30.9593],[-105.9584,30.959],[-106.0034,31.0055],[-105.992,31.0323],[-105.8241,31.1833],[-105.7949,31.2102],[-105.7625,31.2208],[-105.3704,31.3494],[-105.3537,31.3943],[-105.0357,31.4368],[-104.9152,31.51],[-104.8796,31.5487],[-104.8492,31.5923],[-104.8268,31.6396],[-104.8096,31.6928],[-104.799,31.7509],[-104.7951,31.8138],[-104.7196,31.8738],[-104.3115,31.9525],[-104.2262,31.9689],[-104.2009,31.9965],[-104.1638,32.0384],[-104.0775,32.0034],[-103.9796,31.9794],[-103.8686,31.9655],[-103.7459,31.9626],[-103.6101,31.9696],[-103.4625,31.9874],[-103.4983,32.3277],[-103.3614,32.4344],[-103.0126,32.4732],[-102.9849,32.4523],[-102.1902,32.4857],[-102.0727,32.6029],[-101.8866,32.7079],[-101.9947,32.8149],[-101.9903,32.8827],[-101.8167,33.1007],[-101.6218,32.9951],[-101.3892,33.0027],[-101.3546,33.0419],[-101.2258,33.0755],[-101.2237,33.0861],[-101.1634,33.0943],[-101.0227,33.1397],[-100.8942,33.1888],[-100.7512,33.2446],[-100.7629,33.2793],[-100.7653,33.3059],[-100.7453,33.334],[-100.5526,33.3834],[-100.4338,33.4309],[-100.3839,33.4267],[-100.3612,33.4325],[-100.2176,33.4132],[-100.1431,33.2243],[-100.2927,32.5769],[-100.2952,32.5631],[-100.3225,32.5848],[-100.6818,32.255],[-100.6873,32.1895],[-100.7009,32.1281],[-100.7195,32.0719],[-100.7434,32.0198],[-100.7737,31.9728],[-100.6543,31.9504]]]}},{"type":"Feature","properties":{"power":"80s Territory","endonym":null,"regions":5,"era":"<=2296","regionIds":[148,154,157,181,187]},"geometry":{"type":"Polygon","coordinates":[[[-116.559,40.1671],[-116.7842,40.4957],[-116.6579,40.7017],[-116.5775,40.7476],[-116.57,40.7735],[-116.5145,40.9469],[-116.3497,41.0462],[-116.283,41.0861],[-116.2555,41.1026],[-116.235,41.1234],[-116.2243,41.1478],[-116.2262,41.162],[-116.2274,41.1796],[-116.2285,41.2095],[-116.2433,41.2468],[-116.2904,41.2622],[-116.3281,41.276],[-116.3965,41.2994],[-116.4408,41.2907],[-116.4735,41.3636],[-116.4761,41.3865],[-116.4765,41.4368],[-116.4876,41.4816],[-116.503,41.5077],[-116.5207,41.5423],[-116.5456,41.5877],[-116.5785,41.5934],[-116.6141,41.6098],[-116.5665,41.7058],[-116.4257,41.789],[-116.3657,41.801],[-116.2586,41.8695],[-116.2232,41.9125],[-116.1974,41.9232],[-116.1249,41.9567],[-116.0816,41.9754],[-116.0495,42.0369],[-116.0275,42.1021],[-116.0261,42.1769],[-116.0072,42.1738],[-116.0044,42.1574],[-115.4253,42.1026],[-115.3996,42.0375],[-115.3665,41.9784],[-115.3239,41.929],[-115.2754,41.8852],[-115.2171,41.85],[-115.1515,41.8217],[-115.129,41.791],[-115.1315,41.6724],[-115.1312,41.6275],[-115.1267,41.5901],[-115.115,41.5597],[-115.0988,41.5358],[-115.0756,41.5199],[-115.045,41.5109],[-114.9924,41.4847],[-114.9229,41.4627],[-114.8308,41.4336],[-114.8087,41.3961],[-114.7684,41.3249],[-114.5551,41.3399],[-114.4988,41.1617],[-114.0717,41.2146],[-114.0456,41.2181],[-114.0397,41.2662],[-113.9699,41.3019],[-113.8613,41.2971],[-113.8787,41.376],[-113.6278,41.7163],[-113.4474,41.7471],[-113.3183,41.8638],[-113.2263,41.8747],[-113.1462,41.8916],[-113.0779,41.9143],[-113.0231,41.9437],[-112.9803,41.9791],[-112.9479,42.0207],[-112.8886,42.0305],[-112.7882,42.0709],[-112.8041,41.8656],[-112.8055,41.8055],[-112.8731,41.7594],[-112.8932,41.7087],[-112.7995,41.7116],[-112.7428,41.59],[-112.7737,41.5669],[-112.7907,41.5281],[-112.7487,41.5],[-112.7047,41.4902],[-112.62,41.5275],[-112.5663,41.5001],[-112.5628,41.3352],[-112.4662,41.2437],[-112.4143,41.2159],[-112.37,41.1521],[-112.3093,41.0797],[-112.0587,41.0703],[-111.9814,41.0709],[-111.9382,41.0023],[-111.9013,40.9496],[-111.8568,40.9036],[-111.8079,40.8651],[-111.7501,40.8345],[-111.6113,40.8071],[-111.7228,40.7681],[-111.807,40.7655],[-111.9077,40.7638],[-111.9611,40.8027],[-112.358,40.6947],[-112.573,40.5193],[-112.855,40.5448],[-112.9702,40.5029],[-113.0057,40.4392],[-113.2554,40.293],[-113.3312,40.1173],[-113.3493,40.1033],[-113.3572,40.0898],[-113.3743,40.0859],[-113.4118,40.0564],[-113.706,39.9845],[-113.7402,40.002],[-114.1284,39.9365],[-114.1709,39.9181],[-114.2818,40.1793],[-114.2644,40.088],[-114.2424,40.0575],[-114.3998,40.0768],[-114.5306,40.065],[-114.6765,40.0394],[-114.7513,40.0206],[-114.7791,40.0113],[-114.7915,40.0069],[-114.8413,39.9892],[-114.9195,39.9498],[-114.9832,39.9041],[-115.3957,40.0504],[-115.4589,40.0708],[-115.532,40.0817],[-115.5451,40.0804],[-115.6161,40.0805],[-115.7097,40.0674],[-115.8129,40.0437],[-115.9257,40.0092],[-115.9732,39.8612],[-116.1026,39.8136],[-116.1366,39.8137],[-116.1752,39.7998],[-116.1804,39.7889],[-116.2445,39.9839],[-116.4017,40.1513],[-116.559,40.1671]]]}},{"type":"Feature","properties":{"power":"Chicagoan Military State","endonym":null,"regions":4,"era":"2290","regionIds":[80,126,134,171]},"geometry":{"type":"MultiPolygon","coordinates":[[[[-87.109,42.0441],[-87.0749,42.05],[-87.0274,42.0449],[-87.0168,41.9967],[-86.9856,41.9191],[-87.002,41.8844],[-86.7863,41.7365],[-86.6777,41.8493],[-86.3382,41.9102],[-86.292,41.9545],[-86.1372,42.1102],[-86.0287,42.1602],[-86.0598,42.2632],[-85.9663,42.3778],[-85.9664,42.4277],[-85.9275,42.6357],[-85.9366,42.6618],[-85.907,42.6833],[-85.8758,42.6915],[-85.8488,43.0151],[-85.8649,43.0804],[-85.9137,43.1233],[-85.9782,43.2579],[-85.9185,43.3264],[-85.9037,43.387],[-85.6657,43.2206],[-85.525,42.9581],[-85.5045,42.8732],[-85.4578,42.8292],[-85.3461,42.5687],[-85.3282,42.4464],[-85.3478,42.3527],[-85.3346,42.3048],[-85.2569,42.0299],[-85.356,42.0541],[-85.4272,42.0511],[-85.52,41.9621],[-85.6751,42.0058],[-85.8144,41.8609],[-85.8161,41.7374],[-86.013,41.5292],[-86.0458,41.5108],[-86.0363,41.4674],[-86.1127,41.4881],[-86.3178,41.1909],[-86.6876,41.1097],[-86.7535,40.9328],[-86.7999,40.9018],[-86.8462,40.8696],[-86.8824,40.6783],[-86.9603,40.6251],[-87.357,40.6425],[-87.3693,40.6218],[-87.3869,40.6213],[-87.4516,40.7276],[-87.6066,41.1691],[-87.575,41.2161],[-87.5746,41.2522],[-87.4216,41.2367],[-87.511,41.4304],[-87.5099,41.7267],[-87.5871,41.8461],[-87.6035,41.8842],[-87.5729,41.9799],[-87.6047,42.0573],[-87.5739,42.1049],[-87.583,42.127],[-87.5744,42.1545],[-87.575,42.2041],[-87.4522,42.4518],[-87.4377,42.4752],[-87.2031,42.1531],[-87.1404,42.11],[-87.109,42.0441]]],[[[-78.5099,42.7038],[-78.6045,42.505],[-78.7997,42.0895],[-78.8271,42.1451],[-78.8926,42.0934],[-78.9484,42.0327],[-78.9958,41.9656],[-79.035,41.8909],[-79.0659,41.8088],[-79.0871,41.7189],[-79.3074,41.6484],[-79.3569,41.5961],[-79.7392,41.8429],[-79.9215,41.8767],[-80.2618,41.839],[-80.3109,41.7848],[-80.5423,41.7645],[-80.5645,41.7376],[-80.5898,41.7349],[-80.6698,41.9617],[-80.8741,41.8727],[-80.9836,41.8418],[-81.1152,41.677],[-81.1313,41.6537],[-81.1543,41.6375],[-81.1828,41.6293],[-81.2212,41.6276],[-81.265,41.635],[-81.3173,41.6486],[-81.3344,41.687],[-81.3732,41.7326],[-81.4145,41.7336],[-81.4359,41.7183],[-81.4833,41.6883],[-81.6239,41.6501],[-81.6099,41.6099],[-81.8145,41.5325],[-82.057,41.5718],[-82.0757,41.524],[-82.1529,41.5115],[-82.227,41.5611],[-82.1933,41.6184],[-82.0381,41.655],[-82.1089,41.7789],[-82.3274,41.7142],[-82.5697,41.7769],[-82.6314,41.7865],[-82.6436,41.8499],[-82.7494,41.9041],[-82.8415,41.8933],[-82.8601,41.8689],[-82.8963,41.8507],[-82.9325,41.8715],[-82.9493,41.8966],[-82.9366,41.9622],[-82.9141,42.0169],[-82.883,42.0621],[-82.8404,42.0971],[-82.7877,42.1224],[-82.7265,42.1379],[-82.6592,42.3025],[-82.6881,42.3832],[-82.6103,42.4081],[-82.5178,42.3687],[-82.5351,42.3345],[-82.3665,42.2699],[-82.0898,42.2509],[-82.0261,42.2907],[-82.015,42.1889],[-81.9393,42.1516],[-81.8222,42.396],[-81.7123,42.4412],[-81.6217,42.4011],[-81.541,42.5001],[-81.4438,42.6107],[-81.3967,42.6399],[-81.3591,42.6551],[-81.3301,42.6766],[-81.307,42.7039],[-81.291,42.7383],[-81.2839,42.7779],[-81.2826,42.8234],[-80.9387,42.9158],[-80.8719,43.0692],[-80.9356,43.0875],[-80.9918,43.1093],[-81.042,43.1361],[-81.0846,43.1676],[-81.1197,43.2038],[-81.158,43.2345],[-81.2694,43.481],[-81.4246,43.5582],[-81.5017,43.7254],[-81.5648,43.7092],[-81.6008,43.7213],[-81.6428,43.7356],[-81.6112,43.7814],[-81.6744,43.843],[-81.7052,44.0284],[-81.833,44.152],[-81.802,44.2104],[-81.7386,44.2134],[-81.7714,44.2959],[-81.8045,44.3785],[-81.8064,44.4831],[-81.7448,44.576],[-81.7473,44.6797],[-81.6876,44.7733],[-81.689,44.8253],[-81.5656,44.9614],[-81.5672,45.0137],[-81.5421,45.1655],[-81.608,45.2547],[-81.5842,45.268],[-81.5971,45.3223],[-81.63,45.3452],[-81.6769,45.3704],[-81.7417,45.4209],[-81.7448,45.4871],[-81.7634,45.5237],[-81.7878,45.5538],[-81.818,45.5774],[-81.8541,45.5957],[-81.896,45.6063],[-81.942,45.6102],[-81.9973,45.7246],[-82.1287,45.7979],[-82.2099,45.8234],[-82.197,45.887],[-81.9399,45.8454],[-81.7976,45.8741],[-81.7562,45.7111],[-81.6267,45.6635],[-81.6073,45.5808],[-81.593,45.6318],[-81.5518,45.6336],[-81.5194,45.6281],[-81.4856,45.5927],[-81.4841,45.5614],[-81.493,45.5232],[-81.4067,45.3646],[-81.3638,45.3598],[-81.3483,45.315],[-81.3565,45.2903],[-81.31,45.3481],[-81.292,45.2793],[-81.2901,45.2269],[-81.2725,45.1593],[-81.0534,45.2518],[-80.8744,45.1286],[-80.8252,45.0554],[-80.6978,45.0068],[-80.5403,45.0307],[-80.5,44.9937],[-80.4523,44.964],[-80.3956,44.9414],[-80.33,44.9245],[-80.2555,44.9146],[-80.1735,44.9119],[-80.1447,44.9971],[-80.3457,45.2673],[-80.3302,45.3117],[-80.3064,45.3309],[-80.275,45.35],[-80.2328,45.3671],[-80.0714,45.2579],[-79.9744,45.2138],[-79.9449,45.3139],[-79.9953,45.3755],[-80.075,45.3902],[-80.0766,45.4427],[-80.3509,45.6111],[-80.4017,45.6588],[-80.5813,45.783],[-80.5986,45.8282],[-80.6063,45.8631],[-80.5927,45.8992],[-80.5388,45.8932],[-80.5076,45.9137],[-79.7503,45.6948],[-79.6487,45.4668],[-79.5028,45.3607],[-79.0573,45.3263],[-78.9469,45.2784],[-78.897,45.1901],[-78.454,45.1008],[-78.4222,45.1204],[-78.3277,45.0488],[-78.2791,45.0513],[-77.7266,45.0799],[-77.5689,45.0201],[-77.5567,45.0362],[-77.5219,45.0225],[-77.5058,44.9281],[-77.4754,44.9427],[-77.4374,44.952],[-77.3919,44.9533],[-77.342,44.9487],[-77.3072,44.9412],[-77.2422,44.9245],[-77.0665,44.8064],[-77.0242,44.7983],[-77.0113,44.7545],[-77.0208,44.7305],[-76.9739,44.7338],[-76.9897,44.6975],[-76.9111,44.6938],[-76.6947,44.5141],[-76.5841,44.5289],[-76.6468,44.5554],[-76.6137,44.6137],[-76.5502,44.6775],[-76.5299,44.7052],[-76.5113,44.7222],[-76.4734,44.7272],[-76.4395,44.6922],[-76.5017,44.6802],[-76.5828,44.5807],[-76.4136,44.4767],[-76.4298,44.442],[-76.3068,44.3744],[-76.3223,44.3198],[-76.3714,44.3372],[-76.4386,44.1833],[-76.3826,44.0413],[-76.4531,44.008],[-76.518,43.9661],[-76.5771,43.9179],[-76.6276,43.8617],[-76.6709,43.7978],[-76.7087,43.7266],[-76.8496,43.6929],[-76.9043,43.5509],[-76.8694,43.531],[-76.9068,43.5002],[-76.9837,43.5171],[-77.1342,43.6269],[-77.3196,43.6671],[-77.4598,43.6459],[-77.4953,43.5509],[-77.6369,43.5298],[-77.7278,43.5746],[-77.7475,43.6068],[-77.7881,43.6386],[-77.8306,43.6243],[-77.8525,43.6008],[-77.8644,43.6803],[-77.9884,43.6927],[-77.946,43.6631],[-77.9144,43.6272],[-77.895,43.5865],[-77.8864,43.5408],[-77.89,43.4892],[-77.9059,43.4316],[-78.1393,43.4288],[-78.2365,43.4671],[-78.2169,43.4326],[-78.2845,43.3176],[-78.4882,43.2703],[-78.5678,43.222],[-78.6056,43.0769],[-78.5099,42.7038]],[[-78.2083,43.6612],[-78.1956,43.683],[-78.2777,43.6926],[-78.3112,43.6762],[-78.3023,43.6292],[-78.4089,43.7156],[-78.581,43.7248],[-78.5975,43.6769],[-78.7518,43.7334],[-78.6971,43.7054],[-78.657,43.6937],[-78.6321,43.6728],[-78.621,43.6438],[-78.6268,43.6047],[-78.6478,43.5577],[-78.4774,43.549],[-78.4101,43.5451],[-78.3507,43.5342],[-78.3034,43.5173],[-78.2653,43.4949],[-78.2365,43.4671],[-78.2083,43.6612]],[[-78.1513,43.7069],[-78.1197,43.7089],[-78.081,43.7021],[-78.0349,43.6902],[-78.0887,43.738],[-78.1588,43.75],[-78.1822,43.723],[-78.1956,43.683],[-78.1513,43.7069]]],[[[-83.4142,44.9375],[-83.3904,44.8823],[-83.3887,44.8464],[-83.3946,44.8079],[-83.3923,44.756],[-83.418,44.6431],[-83.4978,44.629],[-83.5934,44.6687],[-83.5766,44.627],[-83.604,44.5537],[-83.576,44.5362],[-83.5395,44.4918],[-83.531,44.4649],[-83.5299,44.4354],[-83.5364,44.4021],[-83.7847,44.3229],[-83.7682,44.2816],[-83.8149,44.2748],[-83.7479,44.1629],[-83.902,44.0059],[-83.823,43.9814],[-83.3182,43.9085],[-83.2409,43.9614],[-83.2474,44.2449],[-83.3452,44.3363],[-83.2499,44.3344],[-83.2044,44.3789],[-83.147,44.5258],[-82.9257,44.5182],[-82.7809,44.4311],[-82.7892,44.403],[-82.7791,44.366],[-82.7349,44.3518],[-82.7002,44.3538],[-82.699,44.3023],[-82.6511,44.257],[-82.5855,44.1443],[-82.5846,44.0917],[-82.6151,44.0197],[-82.5313,43.9519],[-82.4567,43.8757],[-82.3929,43.7928],[-82.3413,43.7045],[-82.299,43.6081],[-82.2676,43.505],[-82.2812,43.454],[-82.3456,43.4799],[-82.3921,43.4788],[-82.4775,43.4789],[-82.5015,43.479],[-82.9077,43.3376],[-82.9526,43.3178],[-82.9901,43.291],[-83.0216,43.2584],[-83.0471,43.2188],[-83.0667,43.1736],[-83.0788,43.1225],[-83.0685,43.0873],[-83.0671,43.0823],[-83.0793,43.0337],[-83.1271,43.0408],[-83.1392,43.0234],[-83.1765,43.017],[-83.1735,43.0225],[-83.3126,42.9927],[-83.7761,43.2664],[-83.9382,43.4627],[-83.9995,43.446],[-84.3442,43.5188],[-84.9066,44.0142],[-84.6856,44.3818],[-84.4394,44.6263],[-84.3077,44.7554],[-84.3104,44.8073],[-84.1301,45.0654],[-83.7502,45.2614],[-83.5759,45.2549],[-83.4456,45.2173],[-83.4646,44.9733],[-83.4142,44.9375]]]]}},{"type":"Feature","properties":{"power":"Hidalgoan Empire","endonym":null,"regions":4,"era":"2290","regionIds":[103,125,165,175]},"geometry":{"type":"Polygon","coordinates":[[[-99.3477,29.1811],[-99.24,29.1488],[-99.2269,29.0407],[-99.1034,29.0547],[-99.0866,29.0115],[-99.0941,28.9877],[-99.0845,28.9321],[-99.1524,28.7804],[-98.9264,28.6948],[-98.8911,28.6517],[-98.751,28.6519],[-98.6754,28.4143],[-98.7757,28.3916],[-98.8051,28.3659],[-98.8735,28.3052],[-98.9209,28.303],[-98.9387,28.2742],[-98.9371,28.2495],[-98.9284,28.2187],[-98.9983,28.2185],[-99.0995,28.1103],[-99.4989,28.2374],[-99.5439,28.2155],[-99.5558,28.1897],[-99.573,28.1556],[-99.582,28.1135],[-99.5826,28.0652],[-99.5748,28.0098],[-99.7656,27.8571],[-99.8002,27.6914],[-99.836,27.6069],[-99.8766,27.5602],[-99.9457,27.4937],[-99.9928,27.4654],[-100.0146,27.3245],[-100.0531,27.3343],[-100.1077,27.3356],[-100.1301,27.3117],[-100.2402,27.1263],[-100.2546,27.1363],[-100.2899,27.1584],[-100.3464,27.2242],[-100.3841,27.2914],[-100.3938,27.3148],[-100.406,27.3485],[-100.4232,27.4109],[-100.4275,27.4354],[-100.4367,27.4897],[-100.44,27.5831],[-100.4364,27.6252],[-100.3619,27.7835],[-100.4509,27.934],[-100.5381,27.9982],[-100.6787,28.1024],[-100.7292,28.1343],[-100.7524,28.2458],[-100.7628,28.2959],[-101.0106,28.528],[-101.032,28.5388],[-101.1692,28.6004],[-101.3927,29.0392],[-101.443,29.319],[-101.7503,29.5712],[-101.79,29.603],[-101.8089,29.6272],[-102.0991,29.9949],[-102.1247,30.0095],[-102.1953,30.0495],[-102.289,30.1031],[-102.2994,30.1079],[-102.3291,30.2269],[-102.3138,30.2699],[-102.2891,30.3371],[-102.2988,30.3761],[-102.2802,30.4244],[-102.2609,30.4801],[-101.9894,30.3588],[-101.6472,30.3696],[-101.5897,30.3713],[-101.2587,30.2923],[-101.2284,30.3076],[-101.2065,30.3704],[-101.0858,30.4389],[-101.1415,30.7223],[-101.0105,30.8901],[-100.8906,30.9367],[-100.8869,31.0536],[-100.8627,31.0354],[-100.8283,31.0237],[-100.7877,31.0184],[-100.7382,31.0205],[-100.6811,31.0291],[-100.6602,30.9534],[-100.642,30.9319],[-100.6147,30.9178],[-100.5785,30.9102],[-100.5349,30.909],[-100.4824,30.9132],[-100.4223,30.9248],[-100.1915,30.8194],[-100.1713,30.7427],[-100.145,30.7337],[-99.7194,30.5845],[-99.6643,30.5768],[-99.6757,30.5965],[-99.5258,30.6637],[-99.5494,30.7073],[-99.4744,30.7414],[-99.0199,30.6124],[-98.8913,30.3943],[-98.5422,30.4607],[-98.3122,30.3731],[-98.2977,30.296],[-98.2804,30.2721],[-98.2243,30.274],[-98.1821,30.2843],[-98.1937,30.197],[-97.9472,30.2396],[-97.8223,30.217],[-97.8274,30.1495],[-97.8386,30.0872],[-97.8573,30.0301],[-97.8776,30.0012],[-97.9091,29.9598],[-97.9482,29.9227],[-97.9819,29.8855],[-98.015,29.8815],[-98.0568,29.8838],[-98.1088,29.8902],[-98.1553,29.8583],[-98.2857,29.8182],[-98.3311,29.8038],[-98.3956,29.6517],[-98.4196,29.6734],[-98.8596,29.6587],[-98.8891,29.6514],[-98.9537,29.6946],[-98.9886,29.7483],[-98.9826,29.7929],[-99.007,29.7731],[-99.0431,29.7667],[-99.0726,29.7593],[-99.0969,29.7809],[-99.1089,29.8026],[-99.3522,29.7793],[-99.3512,29.7773],[-99.3082,29.6813],[-99.3026,29.3115],[-99.3204,29.2608],[-99.3431,29.1946],[-99.3477,29.1811]]]}},{"type":"Feature","properties":{"power":"Vipers","endonym":null,"regions":4,"era":"2290","regionIds":[148,157,167,187]},"geometry":{"type":"Polygon","coordinates":[[[-114.3249,39.2578],[-114.3432,39.3316],[-114.3565,39.358],[-114.3821,39.3965],[-114.4153,39.4271],[-114.4201,39.4296],[-114.4621,39.4851],[-114.3135,39.5106],[-114.2985,39.5937],[-114.2447,39.7309],[-114.1765,39.7779],[-114.1284,39.9365],[-114.1709,39.9181],[-114.2818,40.1793],[-114.2644,40.088],[-114.2424,40.0575],[-114.3998,40.0768],[-114.5306,40.065],[-114.6765,40.0394],[-114.7513,40.0206],[-114.7791,40.0113],[-114.7915,40.0069],[-114.8413,39.9892],[-114.9195,39.9498],[-114.9832,39.9041],[-115.3957,40.0504],[-115.4589,40.0708],[-115.532,40.0817],[-115.5322,40.0827],[-115.5152,40.1235],[-115.5891,40.2471],[-115.5876,40.2617],[-115.6175,40.306],[-115.6442,40.2921],[-115.6822,40.2895],[-115.717,40.2929],[-115.7474,40.3038],[-115.7737,40.3233],[-115.7954,40.3491],[-115.8557,40.4175],[-115.941,40.5112],[-115.9565,40.5282],[-115.8652,40.9561],[-115.8509,40.9589],[-115.8209,40.9646],[-115.5822,41.0099],[-115.5601,40.9783],[-115.1757,40.8503],[-115.1506,40.8783],[-114.6433,40.9704],[-114.4988,41.1617],[-114.0717,41.2146],[-114.0456,41.2181],[-114.0397,41.2662],[-113.9699,41.3019],[-113.8613,41.2971],[-113.8787,41.376],[-113.6278,41.7163],[-113.4474,41.7471],[-113.3183,41.8638],[-113.2263,41.8747],[-113.1462,41.8916],[-113.0779,41.9143],[-113.0231,41.9437],[-112.9803,41.9791],[-112.9479,42.0207],[-112.8886,42.0305],[-112.7882,42.0709],[-112.8041,41.8656],[-112.8055,41.8055],[-112.8731,41.7594],[-112.8932,41.7087],[-112.7995,41.7116],[-112.7428,41.59],[-112.7737,41.5669],[-112.7907,41.5281],[-112.7487,41.5],[-112.7047,41.4902],[-112.62,41.5275],[-112.5663,41.5001],[-112.5628,41.3352],[-112.4662,41.2437],[-112.4143,41.2159],[-112.37,41.1521],[-112.3093,41.0797],[-112.0587,41.0703],[-111.9814,41.0709],[-111.9382,41.0023],[-111.9013,40.9496],[-111.8568,40.9036],[-111.8079,40.8651],[-111.7501,40.8345],[-111.6113,40.8071],[-111.7228,40.7681],[-111.807,40.7655],[-111.9077,40.7638],[-111.9611,40.8027],[-112.358,40.6947],[-112.573,40.5193],[-112.855,40.5448],[-112.9702,40.5029],[-113.0057,40.4392],[-113.2554,40.293],[-113.3312,40.1173],[-113.2198,40.09],[-113.1798,40.0477],[-113.0224,40.0264],[-112.9791,39.9047],[-112.989,39.8333],[-112.9906,39.791],[-112.9862,39.7563],[-112.974,39.7273],[-112.9041,39.6344],[-112.9164,39.3918],[-112.7602,39.3699],[-112.7589,39.1608],[-112.7187,39.0977],[-112.8199,39.059],[-113.2408,39.2236],[-113.7027,39.1487],[-113.7247,39.1023],[-113.7763,39.0762],[-113.8427,39.0422],[-113.8619,38.9962],[-113.8566,38.962],[-113.9329,38.9439],[-113.9608,38.9448],[-113.9652,38.9353],[-114.0034,38.9267],[-114.3322,39.0786],[-114.3206,39.1959],[-114.3249,39.2578]]]}},{"type":"Feature","properties":{"power":"New Mauretania","endonym":null,"regions":3,"era":"2290","regionIds":[37,111,177]},"geometry":{"type":"Polygon","coordinates":[[[-85.2229,33.8282],[-85.5158,33.8531],[-85.5265,34.0985],[-85.4961,34.1482],[-85.4852,34.1807],[-85.4834,34.2089],[-85.4877,34.2334],[-85.5172,34.2666],[-85.5196,34.2691],[-85.5586,34.2947],[-85.5956,34.3332],[-85.806,34.4748],[-85.8144,34.4748],[-86.0369,34.4796],[-86.152,34.4932],[-86.2301,34.5483],[-86.3097,34.6036],[-86.5478,34.562],[-86.6262,34.6168],[-86.6635,34.667],[-86.7317,34.6977],[-86.759,34.693],[-86.8264,34.6808],[-86.9054,34.6666],[-87.142,34.6737],[-87.2801,34.7947],[-87.3336,34.9033],[-87.374,34.9251],[-87.4106,34.9443],[-87.3737,34.9986],[-87.7623,35.0387],[-87.8833,35.0037],[-87.9141,35.1],[-88.1622,35.1014],[-88.3766,35.2603],[-88.8393,35.3031],[-88.8977,35.3083],[-89.0416,35.3639],[-88.9367,35.6009],[-88.9542,35.695],[-88.8521,35.8259],[-88.8364,35.8785],[-88.8299,35.9254],[-88.8345,35.9865],[-88.8592,36.0064],[-88.8749,36.0311],[-88.8859,36.0608],[-88.8879,36.0952],[-88.8838,36.1336],[-88.8737,36.1758],[-88.8128,36.2578],[-88.8051,36.2638],[-88.8062,36.2672],[-88.724,36.3772],[-88.5224,36.4363],[-88.3582,36.8892],[-88.4739,36.9748],[-88.2412,37.0421],[-88.067,37.0019],[-88.0264,36.9511],[-87.972,36.91],[-87.9529,36.8736],[-87.9246,36.844],[-87.9218,36.8426],[-87.7309,36.8046],[-87.5833,36.9425],[-87.5768,36.9932],[-87.5731,37.0163],[-87.5592,37.0841],[-87.5419,37.145],[-87.518,37.2007],[-87.4958,37.2387],[-87.464,37.287],[-87.4605,37.2945],[-87.4167,37.2899],[-87.3956,37.3471],[-87.3047,37.3724],[-87.2526,37.6735],[-87.2703,37.7474],[-87.1709,37.7549],[-87.1349,37.7567],[-87.0215,37.6973],[-87.002,37.7233],[-86.9773,37.7432],[-86.9462,37.7544],[-86.9114,37.7597],[-86.8702,37.7563],[-86.8291,37.7518],[-86.8256,37.712],[-86.7543,37.7098],[-86.6928,37.7086],[-86.6653,37.6819],[-86.6121,37.7153],[-86.6015,37.722],[-86.5706,37.7005],[-86.5456,37.6921],[-86.4884,37.662],[-86.4007,37.652],[-86.3468,37.6334],[-86.3369,37.6323],[-86.2755,37.632],[-86.2895,37.7226],[-86.0869,37.8061],[-85.9991,37.7958],[-85.9137,37.7619],[-85.7678,37.7196],[-85.7233,37.8643],[-85.703,37.9262],[-85.6695,37.9312],[-85.6142,37.9403],[-85.5661,37.949],[-85.537,37.9534],[-85.5096,37.9263],[-85.4146,37.8309],[-85.2595,37.7527],[-85.2047,37.8406],[-85.188,37.8351],[-85.1407,37.8924],[-85.0481,37.9156],[-84.9746,38.0612],[-84.9305,38.0431],[-84.8404,38.1991],[-84.7987,38.1994],[-84.7667,38.1895],[-84.6277,38.3176],[-84.6206,38.3314],[-84.5612,38.4554],[-84.543,38.4951],[-84.4983,38.4812],[-84.5054,38.5732],[-84.4917,38.6113],[-84.4987,38.6441],[-84.4797,38.6473],[-84.385,38.6596],[-84.3631,38.6624],[-84.2677,38.6209],[-84.2116,38.6657],[-84.1951,38.6874],[-84.163,38.7069],[-83.9757,38.633],[-83.8659,38.7112],[-83.9014,38.9472],[-83.9033,38.9887],[-83.8987,39.0236],[-83.8132,39.0917],[-83.7628,39.0892],[-83.7187,39.0818],[-83.6822,39.0708],[-83.6517,39.0562],[-83.6274,39.0378],[-83.6094,39.0146],[-83.3431,38.976],[-83.1197,38.7987],[-83.0979,38.8149],[-83.0708,38.8269],[-83.0385,38.8324],[-83.001,38.8325],[-82.957,38.8259],[-82.9077,38.815],[-82.7404,38.6935],[-82.4965,38.6731],[-82.3828,38.6863],[-82.2811,38.6566],[-82.1764,38.6537],[-82.1265,38.6492],[-82.0841,38.6425],[-82.0114,38.6114],[-81.9088,38.5663],[-81.8735,38.4988],[-81.8553,38.4822],[-81.827,38.4787],[-81.8228,38.454],[-81.7836,38.4214],[-81.7904,38.3996],[-81.7441,38.3795],[-81.8116,38.3186],[-81.7827,38.1566],[-81.7758,38.1202],[-81.8849,37.857],[-81.853,37.6964],[-81.8117,37.6104],[-81.8007,37.5859],[-81.5748,37.4346],[-81.5421,37.4134],[-81.526,37.2853],[-81.427,36.9778],[-81.2146,36.9186],[-81.1579,36.909],[-81.0433,36.8794],[-80.9271,36.8697],[-80.8022,36.8347],[-80.7154,36.8095],[-80.7226,36.7635],[-80.7304,36.7232],[-80.7521,36.6932],[-80.7827,36.6693],[-80.8232,36.6549],[-80.8738,36.6479],[-80.9341,36.6066],[-80.9956,36.6205],[-81.1352,36.6689],[-81.2564,36.6355],[-81.37,36.5961],[-81.479,36.5503],[-81.5818,36.4977],[-81.6787,36.4386],[-81.7694,36.3727],[-82.0899,36.346],[-82.4107,36.2155],[-82.4617,36.2234],[-82.4976,36.21],[-82.537,36.1648],[-82.9847,36.0211],[-83.0122,35.9518],[-83.0474,35.888],[-83.0887,35.8297],[-83.1377,35.7769],[-83.1684,35.7426],[-83.2004,35.7085],[-83.2771,35.6854],[-83.3344,35.706],[-83.4061,35.7153],[-83.4666,35.7152],[-83.5967,35.6553],[-83.665,35.5952],[-83.8204,35.5353],[-83.9036,35.3069],[-83.8972,35.232],[-83.9081,35.1629],[-84.1268,34.9772],[-84.1593,34.9233],[-84.1769,34.8839],[-84.206,34.8164],[-84.1792,34.7918],[-84.1595,34.7671],[-84.0721,34.6539],[-84.041,34.6144],[-84.012,34.5292],[-84.0428,34.3481],[-84.215,34.1881],[-84.2355,34.1821],[-84.2895,34.1676],[-84.3405,34.1538],[-84.3757,34.0952],[-84.4483,34.093],[-84.5326,34.1044],[-84.5642,34.0901],[-84.8629,33.9528],[-84.923,33.9181],[-84.9528,33.9307],[-84.9586,33.8966],[-85.0079,33.8681],[-85.05,33.8736],[-85.1465,33.764],[-85.1514,33.7842],[-85.2229,33.8282]]]}},{"type":"Feature","properties":{"power":"Mormonic Clergical Commonwealth","endonym":null,"regions":3,"era":"2290","regionIds":[121,128,145]},"geometry":{"type":"Polygon","coordinates":[[[-107.014,47.1265],[-107.0,47.0337],[-106.9828,46.9848],[-106.9505,46.7971],[-106.6438,46.7567],[-106.5337,46.516],[-106.5981,46.4264],[-106.9906,46.1302],[-106.9954,46.0419],[-106.9711,45.9991],[-106.9272,45.9178],[-106.9181,45.8985],[-106.8591,45.8682],[-106.7058,45.7671],[-106.6533,45.6641],[-106.7041,45.6214],[-106.8797,45.4499],[-106.9157,45.4089],[-106.9758,45.3389],[-106.9614,45.0035],[-107.7621,45.3334],[-107.8322,45.3509],[-107.9062,45.3607],[-107.9856,45.3627],[-108.0719,45.3566],[-108.162,45.3428],[-108.2575,45.3211],[-108.2811,45.5058],[-108.2916,45.5699],[-108.3082,45.6285],[-108.3409,45.6981],[-108.3593,45.722],[-108.394,45.758],[-108.4344,45.7873],[-108.4606,45.8208],[-108.8789,45.7647],[-108.9514,45.6083],[-109.0807,45.537],[-109.1194,45.5566],[-109.1625,45.5411],[-109.2129,45.5437],[-109.2737,45.5352],[-109.3483,45.5164],[-109.3947,45.5111],[-109.4591,45.5091],[-109.5939,45.5766],[-109.7535,46.0564],[-109.6956,46.1463],[-109.7859,46.4293],[-109.9437,46.5801],[-109.9359,46.7501],[-109.6718,46.9167],[-109.6009,47.2453],[-109.547,47.3174],[-109.1438,47.376],[-109.1218,47.4045],[-108.844,47.3677],[-107.8756,47.498],[-107.8348,47.4779],[-107.7695,47.4344],[-107.7495,47.4357],[-107.735,47.4352],[-107.718,47.4361],[-107.7249,47.492],[-107.3466,47.6661],[-107.2755,47.6495],[-107.3042,47.6834],[-107.3713,48.0298],[-107.285,48.202],[-107.093,48.3278],[-107.0646,48.6022],[-107.0517,48.657],[-107.0507,48.6584],[-106.7184,48.7108],[-106.6616,48.8269],[-106.5651,48.8459],[-106.4746,48.8559],[-106.3901,48.8569],[-106.31,48.8491],[-106.2375,48.8322],[-106.1695,48.8065],[-106.116,48.8369],[-106.042,48.82],[-105.9333,48.8807],[-105.7757,48.8229],[-105.8299,48.8303],[-105.699,48.6692],[-105.6987,48.6397],[-105.692,48.3961],[-105.6595,48.3447],[-105.6149,48.2778],[-105.6169,48.2537],[-105.6291,48.1426],[-105.6589,48.0653],[-105.8055,48.0033],[-105.9929,47.9233],[-106.0628,47.8641],[-106.1199,47.8002],[-106.1641,47.7315],[-106.1938,47.6572],[-106.2107,47.5781],[-106.2147,47.4932],[-106.3469,47.4531],[-106.4194,47.4703],[-106.5363,47.4316],[-106.5505,47.401],[-106.5983,47.2842],[-106.6323,47.2428],[-106.8759,47.1889],[-107.0265,47.1964],[-107.0208,47.1632],[-107.014,47.1265]]]}},{"type":"Feature","properties":{"power":"Calculator's army","endonym":null,"regions":2,"era":"<=2296","regionIds":[23,35]},"geometry":{"type":"Polygon","coordinates":[[[-105.7691,37.7746],[-105.712,37.9737],[-105.6812,38.0774],[-105.4762,38.3851],[-105.5419,38.4493],[-105.7596,38.5616],[-105.8429,38.5479],[-105.9573,38.5425],[-106.0976,38.5878],[-106.14,38.7477],[-106.1997,38.7811],[-106.2513,38.8208],[-106.2949,38.8689],[-106.3319,38.9232],[-106.3594,38.9838],[-106.3614,38.9903],[-106.3717,39.0215],[-106.3804,39.0518],[-106.2128,39.5119],[-106.2595,39.6604],[-106.2549,39.6854],[-106.2633,39.6958],[-106.2329,39.7924],[-106.1329,40.1218],[-106.109,40.2047],[-105.9123,40.4159],[-105.689,40.6578],[-105.6205,40.7225],[-105.5707,40.6919],[-105.4686,40.6116],[-105.1022,40.5171],[-104.9146,40.2237],[-104.7746,40.183],[-104.7563,40.1777],[-104.7032,40.1222],[-104.4013,40.2992],[-104.4559,40.5094],[-104.4067,40.6192],[-103.9668,40.6751],[-103.8036,40.5915],[-103.7128,40.5977],[-103.6512,40.6019],[-103.4089,40.6417],[-103.282,40.6024],[-103.1088,40.7084],[-102.9561,40.7178],[-102.9227,40.696],[-102.7624,40.9212],[-102.3987,40.9659],[-102.3578,40.9977],[-102.3088,41.0243],[-102.2534,41.0455],[-102.1901,41.0626],[-102.1188,41.0743],[-102.0409,41.0807],[-101.8388,41.2108],[-101.6544,41.2198],[-101.4508,41.3255],[-100.9858,41.3219],[-100.9011,41.2796],[-100.8622,41.2766],[-100.8163,41.2773],[-100.7664,41.2827],[-100.6437,41.3011],[-100.5531,41.3148],[-100.5196,41.292],[-100.4702,41.3018],[-100.3683,41.3215],[-100.289,41.3002],[-100.2485,41.2054],[-99.993,41.105],[-99.7215,40.9312],[-99.5504,40.865],[-99.5254,40.8657],[-99.4634,40.8672],[-99.3991,40.8757],[-99.3417,40.8782],[-99.2926,40.8736],[-99.249,40.8643],[-99.1839,40.8258],[-98.8463,40.8326],[-98.7808,40.7859],[-98.3208,40.7929],[-98.2556,40.7457],[-98.214,40.8068],[-98.1655,40.7445],[-98.1529,40.7332],[-98.13,40.6992],[-97.884,40.7015],[-97.5835,40.7996],[-97.0614,40.8009],[-96.8731,40.7045],[-96.8112,40.7043],[-96.4118,40.7023],[-96.3357,40.7132],[-96.2337,40.8212],[-96.1885,40.8574],[-96.137,40.8879],[-96.0777,40.9103],[-96.0107,40.9268],[-96.0004,40.9278],[-95.9374,40.9351],[-95.8563,40.9376],[-95.6445,41.0082],[-95.672,41.1076],[-95.6835,41.1538],[-95.3001,41.1718],[-95.2828,41.1518],[-95.2341,41.098],[-94.7879,41.0642],[-94.7095,40.9265],[-94.5777,40.8404],[-94.3329,40.8336],[-94.2947,40.7969],[-94.2466,40.7679],[-94.1899,40.7466],[-94.1232,40.7319],[-94.0464,40.7249],[-93.9611,40.7256],[-93.8827,40.6621],[-93.6079,40.3531],[-93.3389,40.2203],[-93.2175,40.3355],[-92.9442,40.3961],[-92.334,40.3915],[-92.1665,40.5162],[-91.9091,40.7327],[-91.5416,40.7362],[-91.4964,40.7704],[-91.2465,41.0201],[-91.2087,41.0572],[-91.0874,41.1226],[-90.5682,41.1082],[-90.5567,41.133],[-90.5303,41.1474],[-90.4949,41.1484],[-90.3085,41.0785],[-90.0428,40.978],[-89.9206,40.9688],[-89.6456,41.0939],[-89.1551,41.0542],[-89.1094,41.0875],[-88.8042,41.3676],[-88.6332,41.4751],[-88.3865,41.4529],[-88.0955,41.5497],[-88.0033,41.8363],[-87.8348,41.8952],[-87.6802,41.8048],[-87.6181,41.8233],[-87.6152,41.8336],[-87.5871,41.8461],[-87.5099,41.7267],[-87.511,41.4304],[-87.4216,41.2367],[-87.5746,41.2522],[-87.575,41.2161],[-87.6066,41.1691],[-87.4516,40.7276],[-87.3869,40.6213],[-87.3693,40.6218],[-87.4371,40.5036],[-87.5686,40.4649],[-87.5907,40.459],[-87.7054,40.3422],[-87.7311,40.3147],[-87.8512,40.3092],[-88.0926,40.2541],[-88.1044,40.2494],[-88.3014,40.1147],[-88.4247,39.7894],[-88.4344,39.7639],[-88.3623,39.5659],[-88.3518,39.5398],[-88.4004,39.4928],[-88.4066,39.4831],[-88.4446,39.4112],[-88.4495,39.399],[-88.4644,39.0924],[-88.5946,38.9018],[-88.8363,38.8985],[-88.9148,38.8338],[-89.0997,38.7545],[-89.3384,38.7747],[-89.3989,38.7797],[-89.4503,38.7907],[-89.5638,38.7761],[-89.567,38.7118],[-89.5683,38.6858],[-89.5734,38.727],[-89.6122,38.7313],[-89.6413,38.7279],[-89.7595,38.7611],[-89.8364,38.7547],[-90.0718,38.5465],[-90.2802,38.562],[-90.563,38.7281],[-90.6689,38.7525],[-90.7715,38.7539],[-91.0844,38.7374],[-91.1086,38.7468],[-91.1566,38.7398],[-91.1937,38.7139],[-91.2328,38.7118],[-91.2875,38.7176],[-91.3497,38.7158],[-91.402,38.71],[-91.662,38.85],[-91.7202,38.8895],[-91.771,38.9343],[-91.8145,38.9844],[-91.9841,39.1729],[-92.0217,39.1772],[-92.058,39.1747],[-92.0884,39.1831],[-92.1313,39.2161],[-92.141,39.2404],[-92.1476,39.2759],[-92.304,39.5239],[-92.4251,39.5061],[-92.5762,39.5375],[-92.7896,39.4283],[-93.0618,39.4167],[-93.2135,39.3518],[-93.5771,39.3664],[-93.6777,39.2955],[-93.7825,39.2789],[-93.8407,39.2697],[-93.9105,39.2597],[-94.4864,39.3257],[-94.7887,39.2627],[-94.8946,39.1818],[-94.9439,39.1379],[-94.9859,39.0881],[-95.0265,39.0147],[-95.0643,38.9108],[-95.076,38.8424],[-95.3327,38.7761],[-95.6341,38.782],[-96.1164,38.6009],[-96.2843,38.4674],[-96.312,38.3671],[-96.7181,38.277],[-96.7933,38.2184],[-96.8586,37.6459],[-97.472,37.5307],[-97.5894,37.4345],[-97.5855,37.4002],[-97.599,37.3571],[-97.6197,37.3173],[-97.646,37.283],[-97.678,37.2532],[-97.7457,37.2288],[-97.7907,37.1934],[-97.897,37.0884],[-97.9314,37.085],[-98.2382,37.0516],[-98.5678,37.0148],[-98.5809,36.9058],[-98.6153,36.8989],[-98.7045,36.9562],[-98.7485,36.9832],[-98.7769,37.0016],[-98.9982,37.2421],[-99.4176,37.0723],[-99.6553,37.0677],[-99.6667,37.0763],[-100.0736,37.0814],[-100.5355,37.2084],[-100.8534,37.522],[-100.8985,37.5558],[-100.9175,37.575],[-100.9436,37.5895],[-100.9783,37.596],[-101.0186,37.5979],[-101.0675,37.5929],[-101.1234,37.5832],[-101.5378,37.266],[-102.1338,37.1946],[-102.1744,37.2179],[-102.2325,37.1769],[-102.2519,37.1431],[-102.4591,37.0171],[-102.8171,36.9992],[-102.9092,37.0152],[-102.9901,37.0415],[-103.0783,37.0728],[-103.6242,36.9334],[-103.6242,36.9345],[-103.6356,36.9305],[-103.6367,36.9763],[-103.7229,36.981],[-103.7629,36.9774],[-103.83,36.9646],[-103.9022,36.9819],[-103.9814,36.9933],[-104.0676,36.9987],[-104.3681,36.9768],[-104.7656,36.8044],[-104.8094,36.785],[-105.1532,36.7828],[-105.1998,36.8479],[-105.6311,36.8037],[-105.6443,37.124],[-105.6651,37.202],[-105.6517,37.2839],[-105.6562,37.3753],[-105.8572,37.7508],[-105.8458,37.754],[-105.7691,37.7746]]]}},{"type":"Feature","properties":{"power":"Texas Brotherhood of Steel","endonym":null,"regions":2,"era":"<=2296","regionIds":[101,155]},"geometry":{"type":"Polygon","coordinates":[[[-100.7195,32.0719],[-100.7009,32.1281],[-100.6873,32.1895],[-100.6818,32.255],[-100.3225,32.5848],[-100.2952,32.5631],[-100.2927,32.5769],[-100.1431,33.2243],[-100.2176,33.4132],[-100.3612,33.4325],[-100.3166,33.6689],[-100.2201,33.829],[-100.2075,34.043],[-100.0463,34.0463],[-99.7455,34.2094],[-99.4467,34.1015],[-99.4222,34.0226],[-99.3934,34.0133],[-99.3004,33.9803],[-99.2648,33.9689],[-99.2175,33.9652],[-99.1741,33.9668],[-99.1373,33.9725],[-99.1045,33.9825],[-99.0784,33.9967],[-99.0575,34.0162],[-99.0497,34.0281],[-99.028,34.039],[-99.0156,33.9941],[-98.7595,33.917],[-98.4934,33.7719],[-98.4251,33.7155],[-98.1621,33.5483],[-98.3105,33.3346],[-98.1375,33.0834],[-97.8042,33.0083],[-97.6811,32.9302],[-97.736,32.7338],[-97.8575,32.5953],[-97.8709,32.4607],[-97.9647,32.3943],[-98.0292,32.1829],[-98.0605,32.1608],[-98.1604,32.1546],[-98.2455,32.1589],[-98.3227,32.0258],[-98.3345,32.0058],[-98.3807,31.972],[-98.4259,31.9351],[-98.4803,31.8897],[-98.5543,31.8274],[-98.7827,31.7371],[-98.9079,31.5935],[-98.9278,31.5745],[-98.9554,31.5607],[-99.0083,31.5677],[-99.0533,31.5706],[-99.0935,31.5671],[-99.1259,31.5595],[-99.1735,31.5256],[-99.2197,31.4916],[-99.558,31.6761],[-99.52,31.7659],[-99.5262,31.8005],[-99.5551,31.998],[-99.8222,32.0607],[-100.0516,32.0571],[-100.122,32.0411],[-100.1411,32.0439],[-100.1877,32.0473],[-100.2199,32.0425],[-100.2488,32.0124],[-100.2709,31.9815],[-100.2863,31.9791],[-100.3056,31.9787],[-100.345,31.9853],[-100.5362,31.9456],[-100.6068,31.9577],[-100.6543,31.9504],[-100.7737,31.9728],[-100.7434,32.0198],[-100.7195,32.0719]]]}},{"type":"Feature","properties":{"power":"Carolina Confederacy","endonym":null,"regions":2,"era":"2290","regionIds":[54,63]},"geometry":{"type":"MultiPolygon","coordinates":[[[[-80.4361,32.4098],[-80.4298,32.4098],[-80.4305,32.407],[-80.4361,32.4098]]],[[[-79.3416,33.0452],[-79.361,33.0057],[-79.3684,33.0057],[-79.3681,33.0249],[-79.3631,33.043],[-79.3531,33.0576],[-79.3378,33.0661],[-79.3351,33.0632],[-79.3404,33.0602],[-79.3416,33.0452]]],[[[-77.8602,34.1004],[-77.8728,34.0895],[-77.874,34.089],[-77.864,34.1137],[-77.8566,34.1426],[-77.8442,34.1667],[-77.8192,34.1775],[-77.8187,34.1727],[-77.826,34.1706],[-77.8459,34.1238],[-77.8602,34.1004]]],[[[-80.5217,32.6364],[-80.5307,32.664],[-80.5217,32.6863],[-80.5324,32.7185],[-80.6582,32.7969],[-80.6739,32.8572],[-80.668,32.8844],[-80.6619,32.9127],[-80.6955,32.9098],[-80.7048,32.9114],[-80.7452,32.9412],[-80.7512,32.9835],[-80.7523,32.9848],[-80.7726,33.0057],[-80.802,33.0227],[-80.8376,33.0365],[-80.8719,33.0434],[-80.9492,33.0817],[-80.9784,33.1389],[-81.0037,33.1889],[-81.0359,33.226],[-81.0582,33.2515],[-81.039,33.2973],[-81.1083,33.309],[-81.185,33.4256],[-81.2351,33.4711],[-81.3025,33.5336],[-81.3305,33.5591],[-81.3549,33.5817],[-81.4145,33.6364],[-81.4158,33.6366],[-81.4573,33.6435],[-81.444,33.7101],[-81.5284,33.7383],[-81.7517,34.0496],[-81.7569,34.1096],[-81.7608,34.1542],[-81.9669,34.2105],[-82.0904,34.3235],[-82.1187,34.3434],[-82.145,34.3442],[-82.2216,34.3739],[-82.2318,34.3942],[-82.2545,34.4374],[-82.2711,34.4685],[-82.3436,34.6064],[-82.3235,34.6407],[-82.3129,34.6688],[-82.3275,34.6964],[-82.3677,34.7137],[-82.353,34.7334],[-82.3478,34.7392],[-82.3078,34.7605],[-82.2713,34.7691],[-82.2585,34.755],[-82.2354,34.7282],[-82.1898,34.7331],[-81.9105,34.758],[-81.8292,34.8839],[-81.6176,34.8494],[-81.1682,34.9625],[-81.0976,35.0203],[-80.952,35.1826],[-80.7775,35.7238],[-80.5507,35.8483],[-80.5542,35.8935],[-80.5505,35.9308],[-80.5424,35.9618],[-80.527,35.9859],[-80.5192,36.0315],[-80.4128,36.185],[-80.4173,36.2844],[-80.5499,36.2842],[-80.5849,36.3284],[-80.6157,36.3383],[-80.6606,36.3573],[-80.7134,36.371],[-80.7742,36.3793],[-80.8429,36.3822],[-80.8766,36.5237],[-80.8911,36.5835],[-80.9185,36.5803],[-80.9341,36.6066],[-80.8738,36.6479],[-80.8232,36.6549],[-80.7827,36.6693],[-80.7521,36.6932],[-80.7304,36.7232],[-80.7226,36.7635],[-80.6535,36.7706],[-80.2883,36.8052],[-80.1593,36.8768],[-79.9005,36.83],[-79.8105,36.8958],[-79.7846,36.9159],[-79.7893,36.9484],[-79.7974,37.0131],[-79.7623,37.0552],[-79.7689,37.1389],[-79.7435,37.201],[-79.4094,37.4925],[-79.3527,37.4909],[-79.1226,37.5427],[-79.0724,37.582],[-79.0558,37.5697],[-78.9434,37.4606],[-78.9123,37.4682],[-78.6654,37.527],[-78.5471,37.5277],[-78.539,37.4897],[-78.5188,37.4914],[-78.4813,37.442],[-78.4776,37.4299],[-78.4425,37.3922],[-78.4147,37.3799],[-78.3793,37.3706],[-78.3374,37.3657],[-78.2797,37.3542],[-78.2181,37.3657],[-78.1117,37.2966],[-77.9221,37.4616],[-77.8738,37.5724],[-77.8769,37.614],[-77.8432,37.6288],[-77.6981,37.7404],[-77.6226,37.7488],[-77.5358,37.7307],[-77.3559,37.5723],[-77.3209,37.5775],[-77.1434,37.6004],[-77.1129,37.521],[-76.975,37.4472],[-76.9001,37.3799],[-76.6019,37.2934],[-76.5544,37.2671],[-76.4998,37.2215],[-76.4702,37.215],[-76.4681,37.214],[-76.4668,37.2143],[-76.4439,37.2093],[-76.3036,37.1245],[-76.3256,37.1141],[-76.3386,37.1017],[-76.3221,37.0959],[-76.2816,37.1042],[-76.2704,37.0976],[-76.2699,37.0693],[-76.2745,37.048],[-76.2829,37.0282],[-76.2962,37.0136],[-76.3153,37.0079],[-76.357,37.0048],[-76.3714,36.9985],[-76.3995,36.9783],[-76.4154,36.9726],[-76.4292,36.9763],[-76.4403,37.0158],[-76.453,37.0302],[-76.5239,37.0577],[-76.5461,37.0894],[-76.5632,37.0858],[-76.6112,37.1194],[-76.6186,37.1308],[-76.62,37.1444],[-76.6108,37.1726],[-76.6173,37.1992],[-76.634,37.2207],[-76.6548,37.2338],[-76.6693,37.2271],[-76.7298,37.2202],[-76.7438,37.1975],[-76.7538,37.2031],[-76.7667,37.2301],[-76.8428,37.2543],[-76.8556,37.2624],[-76.8563,37.3047],[-76.8602,37.3231],[-76.8699,37.3155],[-76.8735,37.3052],[-76.8732,37.2785],[-76.8782,37.269],[-76.908,37.2475],[-76.9315,37.2453],[-76.944,37.256],[-76.953,37.2736],[-76.9819,37.3124],[-76.9905,37.3203],[-77.0036,37.3231],[-77.0455,37.2984],[-77.0555,37.2872],[-77.0725,37.3164],[-77.0911,37.3278],[-77.1444,37.3164],[-77.1553,37.3183],[-77.1783,37.3293],[-77.2201,37.3285],[-77.235,37.3342],[-77.2506,37.3498],[-77.2779,37.3293],[-77.2743,37.3164],[-77.2506,37.3061],[-77.2396,37.3087],[-77.1749,37.2884],[-77.0892,37.2884],[-77.0671,37.2665],[-77.0172,37.2952],[-76.9952,37.2881],[-76.9862,37.269],[-76.9817,37.2492],[-76.9732,37.24],[-76.9507,37.2352],[-76.9136,37.2128],[-76.8937,37.2065],[-76.8019,37.2065],[-76.7877,37.2001],[-76.7628,37.1643],[-76.718,37.15],[-76.6891,37.1886],[-76.67,37.185],[-76.6663,37.1473],[-76.6553,37.1051],[-76.6731,37.0671],[-76.6597,37.0433],[-76.5716,37.0277],[-76.5716,37.0215],[-76.5841,37.0137],[-76.5858,37.0079],[-76.5511,36.9966],[-76.5135,36.9652],[-76.4947,36.954],[-76.491,36.9332],[-76.4816,36.9215],[-76.476,36.9079],[-76.4819,36.8986],[-76.4958,36.8874],[-76.5244,36.8707],[-76.5244,36.8632],[-76.4974,36.8652],[-76.435,36.898],[-76.4088,36.902],[-76.3807,36.9006],[-76.3541,36.8944],[-76.3326,36.8837],[-76.335,36.8718],[-76.3248,36.8605],[-76.3083,36.8522],[-76.2917,36.8496],[-76.3177,36.8835],[-76.3153,36.8946],[-76.301,36.9116],[-76.3063,36.9176],[-76.3284,36.9293],[-76.3304,36.9498],[-76.31,36.9596],[-76.2689,36.9614],[-76.126,36.9163],[-76.0781,36.9116],[-76.0558,36.9182],[-76.0355,36.9348],[-76.0046,36.9324],[-75.9889,36.912],[-75.9602,36.8068],[-75.8634,36.5906],[-75.8119,36.3835],[-75.797,36.3428],[-75.7864,36.282],[-75.7572,36.2326],[-75.7143,36.1298],[-75.564,35.8953],[-75.5575,35.8685],[-75.5539,35.8537],[-75.5238,35.7944],[-75.558,35.8087],[-75.5616,35.8326],[-75.5836,35.8438],[-75.5895,35.862],[-75.5906,35.876],[-75.5922,35.8974],[-75.607,35.9238],[-75.6754,35.9999],[-75.6945,35.9936],[-75.7098,35.9978],[-75.7195,36.01],[-75.7157,36.0272],[-75.7074,36.0165],[-75.699,36.015],[-75.6754,36.0209],[-75.6798,36.0367],[-75.6872,36.05],[-75.6969,36.0556],[-75.7089,36.0483],[-75.7235,36.0588],[-75.743,36.1098],[-75.7386,36.1412],[-75.7737,36.234],[-75.8017,36.279],[-75.8185,36.2968],[-75.8119,36.3015],[-75.8187,36.3288],[-75.8249,36.3943],[-75.8281,36.4075],[-75.8422,36.432],[-75.8454,36.4492],[-75.8597,36.4735],[-75.8671,36.5076],[-75.8808,36.5425],[-75.8857,36.5624],[-75.8801,36.5963],[-75.9006,36.6243],[-75.9279,36.7062],[-75.9469,36.7185],[-75.9578,36.7194],[-75.9627,36.7093],[-75.9757,36.6063],[-75.9683,36.5517],[-75.962,36.543],[-75.9498,36.5434],[-75.9422,36.5504],[-75.949,36.5616],[-75.9143,36.5759],[-75.9088,36.5487],[-75.9081,36.5212],[-75.9011,36.496],[-75.9112,36.4933],[-75.9521,36.4933],[-75.9729,36.4997],[-75.9784,36.5279],[-76.0066,36.5418],[-76.0446,36.5895],[-76.0439,36.5758],[-76.0309,36.5479],[-76.0372,36.5008],[-76.029,36.4803],[-76.0117,36.4606],[-75.9899,36.4438],[-75.9683,36.4325],[-75.9858,36.4253],[-75.9737,36.4011],[-75.9487,36.3752],[-75.9279,36.3636],[-75.9431,36.3796],[-75.949,36.3977],[-75.9454,36.397],[-75.9313,36.4287],[-75.9186,36.4293],[-75.9164,36.4027],[-75.9217,36.3568],[-75.8804,36.3007],[-75.8162,36.1562],[-75.804,36.1213],[-75.7904,36.0993],[-75.7855,36.0816],[-75.8044,36.0756],[-75.8121,36.0788],[-75.8212,36.0827],[-75.8573,36.1206],[-75.8634,36.1271],[-75.8684,36.1367],[-75.8597,36.1616],[-75.8681,36.183],[-75.8801,36.1991],[-75.9081,36.2196],[-75.9143,36.2469],[-75.943,36.2604],[-75.9482,36.2691],[-75.9347,36.2878],[-75.9617,36.307],[-75.9766,36.314],[-75.9962,36.3152],[-75.9872,36.2999],[-75.9667,36.2844],[-75.9511,36.2276],[-75.9497,36.2121],[-75.9627,36.206],[-75.9372,36.185],[-75.9081,36.1718],[-75.9081,36.165],[-76.0204,36.1915],[-76.0375,36.2058],[-76.0617,36.2363],[-76.0961,36.2506],[-76.1334,36.2817],[-76.1495,36.289],[-76.2023,36.3015],[-76.1861,36.3129],[-76.1861,36.3196],[-76.1988,36.3227],[-76.2086,36.3171],[-76.2174,36.3052],[-76.2222,36.2933],[-76.2194,36.2878],[-76.1968,36.2834],[-76.1549,36.2592],[-76.1409,36.2469],[-76.1144,36.2111],[-76.0902,36.2006],[-76.0802,36.1772],[-76.0574,36.1688],[-76.0635,36.162],[-76.0971,36.1473],[-76.1334,36.1445],[-76.1334,36.137],[-76.1266,36.137],[-76.1266,36.1308],[-76.1681,36.1308],[-76.2094,36.1497],[-76.2327,36.178],[-76.2418,36.181],[-76.2853,36.2118],[-76.292,36.2127],[-76.2917,36.1991],[-76.2791,36.1815],[-76.2486,36.1634],[-76.2139,36.1232],[-76.1954,36.1098],[-76.1954,36.1035],[-76.2201,36.0995],[-76.2445,36.1039],[-76.3494,36.142],[-76.3774,36.1562],[-76.394,36.178],[-76.4104,36.1743],[-76.463,36.206],[-76.4499,36.1826],[-76.435,36.165],[-76.3992,36.1486],[-76.3831,36.1301],[-76.3579,36.1174],[-76.3115,36.1035],[-76.3115,36.0961],[-76.4117,36.083],[-76.4282,36.0756],[-76.4282,36.0681],[-76.4145,36.0681],[-76.4359,36.0482],[-76.4676,36.0309],[-76.5003,36.0186],[-76.5244,36.0135],[-76.5773,36.0124],[-76.5893,36.0172],[-76.6268,36.062],[-76.6437,36.0384],[-76.6667,36.0384],[-76.687,36.0561],[-76.701,36.1105],[-76.7245,36.1553],[-76.7298,36.1817],[-76.7162,36.2264],[-76.7108,36.2368],[-76.6889,36.2599],[-76.6796,36.2875],[-76.6883,36.3052],[-76.7076,36.3159],[-76.7298,36.3227],[-76.7237,36.3111],[-76.7057,36.2941],[-76.702,36.2847],[-76.7042,36.2716],[-76.7429,36.2316],[-76.7523,36.214],[-76.7564,36.1933],[-76.7572,36.1271],[-76.754,36.1161],[-76.7399,36.0933],[-76.7336,36.0651],[-76.7093,36.0408],[-76.704,36.0089],[-76.6889,36.0067],[-76.695,35.9925],[-76.7298,35.9527],[-76.7298,35.9453],[-76.5916,35.9447],[-76.5579,35.9384],[-76.5256,35.9551],[-76.473,35.9724],[-76.4202,35.9813],[-76.3873,35.9731],[-76.3832,35.9631],[-76.3873,35.9384],[-76.3802,35.932],[-76.3531,35.9453],[-76.3317,35.9418],[-76.2892,35.9258],[-76.2637,35.9248],[-76.277,35.9375],[-76.2979,35.9472],[-76.3068,35.9578],[-76.2842,35.9731],[-76.1954,35.9936],[-76.0998,35.9999],[-76.0759,35.995],[-76.0483,35.9837],[-76.0294,35.9687],[-76.0309,35.9527],[-76.0531,35.9626],[-76.064,35.9533],[-76.0719,35.9185],[-76.0235,35.9316],[-76.0325,35.9097],[-76.0459,35.8886],[-76.0636,35.8737],[-76.0856,35.8701],[-76.0856,35.8633],[-76.0631,35.848],[-76.0511,35.8192],[-76.0563,35.7934],[-76.0856,35.7869],[-76.1125,35.7946],[-76.1242,35.7946],[-76.1166,35.7839],[-76.105,35.7772],[-76.0726,35.7684],[-76.0583,35.7678],[-76.0651,35.7678],[-76.0473,35.7495],[-76.0425,35.7377],[-76.0583,35.7265],[-76.0535,35.7138],[-76.0372,35.6988],[-76.0543,35.6839],[-76.0845,35.6889],[-76.1171,35.6989],[-76.1409,35.6988],[-76.1236,35.6735],[-76.1,35.6652],[-76.0446,35.6715],[-76.0445,35.664],[-76.0372,35.651],[-76.0309,35.651],[-75.9949,35.7303],[-75.99,35.764],[-75.99,35.8869],[-75.9824,35.8958],[-75.9349,35.9249],[-75.9006,35.89],[-75.8732,35.8788],[-75.8702,35.8776],[-75.8614,35.8807],[-75.8592,35.8875],[-75.8625,35.8944],[-75.8758,35.8993],[-75.8826,35.9018],[-75.8938,35.9125],[-75.9081,35.9384],[-75.8798,35.9316],[-75.845,35.9232],[-75.8249,35.9316],[-75.8441,35.9429],[-75.8671,35.9453],[-75.8563,35.961],[-75.8529,35.98],[-75.8189,35.9605],[-75.7965,35.9384],[-75.7905,35.9325],[-75.743,35.8701],[-75.743,35.8569],[-75.7333,35.8443],[-75.7218,35.8292],[-75.722,35.8107],[-75.7384,35.7829],[-75.743,35.7678],[-75.7401,35.7583],[-75.7262,35.7404],[-75.7218,35.7261],[-75.7209,35.705],[-75.7249,35.6982],[-75.7524,35.6975],[-75.7734,35.6969],[-75.7736,35.6898],[-75.7634,35.6715],[-75.7429,35.6455],[-75.741,35.643],[-75.7396,35.6326],[-75.7404,35.6315],[-75.7583,35.6072],[-75.7823,35.5992],[-75.7839,35.5759],[-75.8083,35.5688],[-75.8392,35.5685],[-75.8392,35.5759],[-75.8187,35.5821],[-75.8226,35.5927],[-75.8249,35.5958],[-75.8495,35.5871],[-75.8664,35.5956],[-75.878,35.6147],[-75.8863,35.6374],[-75.8944,35.622],[-75.8945,35.5889],[-75.8972,35.579],[-75.9545,35.5303],[-75.9779,35.5252],[-75.9794,35.5197],[-75.9732,35.4971],[-75.9854,35.4862],[-76.0106,35.4791],[-76.0033,35.465],[-76.0235,35.4412],[-76.0282,35.4193],[-76.0348,35.4182],[-76.0446,35.4245],[-76.0372,35.4313],[-76.0561,35.4415],[-76.071,35.4272],[-76.076,35.4049],[-76.0651,35.3903],[-76.0651,35.3842],[-76.1183,35.3728],[-76.13,35.3662],[-76.1504,35.3472],[-76.2181,35.3489],[-76.2357,35.3532],[-76.2464,35.372],[-76.2535,35.3737],[-76.2605,35.37],[-76.2687,35.3484],[-76.2802,35.3507],[-76.3107,35.3677],[-76.3326,35.404],[-76.3553,35.4135],[-76.3635,35.4052],[-76.3638,35.3914],[-76.363,35.3842],[-76.3556,35.3777],[-76.3524,35.3636],[-76.3572,35.3495],[-76.3736,35.3432],[-76.3796,35.3533],[-76.394,35.3625],[-76.4162,35.366],[-76.4208,35.3767],[-76.3798,35.3767],[-76.3798,35.3842],[-76.3885,35.3923],[-76.3927,35.409],[-76.394,35.4412],[-76.4023,35.4596],[-76.4183,35.4645],[-76.4289,35.457],[-76.4208,35.4382],[-76.4425,35.404],[-76.454,35.4101],[-76.4656,35.4113],[-76.4758,35.4073],[-76.4835,35.3978],[-76.4707,35.3898],[-76.463,35.3767],[-76.4984,35.3913],[-76.5118,35.401],[-76.5244,35.4177],[-76.5106,35.4213],[-76.5039,35.4313],[-76.5461,35.4452],[-76.5601,35.4559],[-76.5449,35.4661],[-76.5449,35.4722],[-76.5644,35.4839],[-76.5752,35.4975],[-76.5707,35.5086],[-76.5449,35.5133],[-76.4947,35.5068],[-76.4779,35.5139],[-76.463,35.5412],[-76.4889,35.5368],[-76.5117,35.5377],[-76.5579,35.548],[-76.585,35.5497],[-76.6059,35.5425],[-76.6473,35.5207],[-76.632,35.5175],[-76.6208,35.5108],[-76.6063,35.4927],[-76.62,35.4661],[-76.5927,35.4443],[-76.5927,35.4382],[-76.5983,35.4355],[-76.6063,35.4245],[-76.5884,35.4169],[-76.579,35.404],[-76.5998,35.3951],[-76.6288,35.4],[-76.65,35.4154],[-76.6473,35.4382],[-76.6642,35.4342],[-76.6752,35.4245],[-76.7043,35.4304],[-76.7584,35.4188],[-76.7811,35.4279],[-76.802,35.4449],[-76.8218,35.453],[-76.8732,35.4586],[-76.9013,35.4655],[-76.949,35.488],[-76.994,35.4971],[-77.052,35.5344],[-77.0358,35.5039],[-77.0255,35.4915],[-76.9945,35.4816],[-76.985,35.4692],[-76.9763,35.4382],[-76.9451,35.4525],[-76.9039,35.4439],[-76.8629,35.424],[-76.817,35.3963],[-76.7572,35.3842],[-76.6941,35.3537],[-76.6116,35.3377],[-76.521,35.3131],[-76.4971,35.3115],[-76.4943,35.301],[-76.4726,35.2774],[-76.4704,35.2706],[-76.4928,35.2302],[-76.5153,35.2304],[-76.5653,35.2395],[-76.5653,35.2333],[-76.5296,35.2177],[-76.5244,35.2085],[-76.5303,35.1999],[-76.5716,35.2116],[-76.5883,35.2091],[-76.6166,35.1911],[-76.6486,35.1872],[-76.6639,35.1809],[-76.6752,35.1706],[-76.6619,35.1668],[-76.62,35.1645],[-76.5983,35.1523],[-76.5873,35.1497],[-76.5716,35.157],[-76.5858,35.1645],[-76.5858,35.1706],[-76.5716,35.178],[-76.5548,35.1497],[-76.5605,35.1244],[-76.5821,35.1055],[-76.6131,35.0961],[-76.608,35.0798],[-76.7093,35.0235],[-76.7259,35.0006],[-76.7645,34.9892],[-76.8078,34.9873],[-76.8391,34.9925],[-76.8736,35.0087],[-76.9012,35.0272],[-76.9463,35.0686],[-76.9962,35.0876],[-77.0434,35.1436],[-77.0793,35.157],[-77.0367,35.0993],[-77.0349,35.0887],[-77.0154,35.0809],[-76.9994,35.0622],[-76.9763,35.0198],[-76.9403,34.9798],[-76.9274,34.9749],[-77.1539,34.7484],[-77.1661,34.6922],[-77.1664,34.6926],[-77.1749,34.6915],[-77.1758,34.685],[-77.1701,34.6735],[-77.172,34.6647],[-77.2015,34.6507],[-77.2536,34.5944],[-77.2542,34.5941],[-77.3652,34.6173],[-77.3431,34.6313],[-77.3332,34.6498],[-77.3784,34.7013],[-77.3946,34.7119],[-77.3946,34.7182],[-77.378,34.7187],[-77.3751,34.7243],[-77.3819,34.7323],[-77.3946,34.7398],[-77.4137,34.7379],[-77.4247,34.7401],[-77.4356,34.7535],[-77.4285,34.7012],[-77.422,34.6846],[-77.4092,34.6909],[-77.3968,34.6838],[-77.381,34.6567],[-77.3824,34.632],[-77.3932,34.6231],[-77.4671,34.6385],[-77.4742,34.6056],[-77.4649,34.5011],[-77.5359,34.4686],[-77.6683,34.3762],[-77.6718,34.3728],[-77.8111,34.3837],[-77.8112,34.2247],[-77.8327,34.207],[-77.8445,34.175],[-77.8744,34.1223],[-77.8805,34.0862],[-77.9282,34.0661],[-77.9296,34.0798],[-77.9216,34.1086],[-77.9407,34.1476],[-77.9563,34.1911],[-77.9626,34.1911],[-77.9629,34.1632],[-77.9523,34.0917],[-77.942,34.0676],[-77.9464,34.0584],[-78.0512,34.0141],[-78.2304,34.0499],[-78.37,33.9509],[-78.3747,33.9509],[-78.3763,33.9464],[-78.3845,33.9406],[-78.4118,33.9097],[-78.4709,33.8963],[-78.5362,33.8761],[-78.559,33.869],[-78.5454,33.8833],[-78.5454,33.8896],[-78.6,33.8759],[-78.6,33.869],[-78.5829,33.8637],[-78.5733,33.848],[-78.6151,33.8458],[-78.657,33.8319],[-78.7633,33.7786],[-78.8675,33.7045],[-78.938,33.6421],[-79.1331,33.4174],[-79.1561,33.3756],[-79.1487,33.3688],[-79.1561,33.3578],[-79.1826,33.2413],[-79.1835,33.2179],[-79.1896,33.2179],[-79.1974,33.2323],[-79.1986,33.2685],[-79.2033,33.2868],[-79.2137,33.3007],[-79.2269,33.3063],[-79.2685,33.3067],[-79.272,33.3173],[-79.2632,33.3403],[-79.2372,33.3865],[-79.1896,33.4309],[-79.1896,33.437],[-79.212,33.4284],[-79.2323,33.4121],[-79.2771,33.3591],[-79.2964,33.3178],[-79.2995,33.2968],[-79.2914,33.2777],[-79.272,33.2615],[-79.2483,33.2501],[-79.214,33.2425],[-79.2101,33.2111],[-79.203,33.1929],[-79.1973,33.1879],[-79.1835,33.1838],[-79.2229,33.1579],[-79.2306,33.1422],[-79.2393,33.1497],[-79.2472,33.1668],[-79.2551,33.1702],[-79.2689,33.1661],[-79.27,33.1566],[-79.2628,33.1452],[-79.2517,33.136],[-79.2609,33.1267],[-79.2722,33.1223],[-79.2792,33.1394],[-79.2973,33.1491],[-79.3404,33.1558],[-79.3298,33.1425],[-79.2899,33.13],[-79.2926,33.1087],[-79.3077,33.0954],[-79.3518,33.0788],[-79.3715,33.064],[-79.3787,33.0463],[-79.3798,33.0297],[-79.387,33.0173],[-79.4576,33.0067],[-79.4913,32.9914],[-79.52,33.0412],[-79.5386,33.0363],[-79.5848,33.0138],[-79.5972,33.0005],[-79.6229,32.9553],[-79.6245,32.9438],[-79.6074,32.9162],[-79.5945,32.9301],[-79.5738,32.9368],[-79.5887,32.9141],[-79.6537,32.8858],[-79.6615,32.8716],[-79.6664,32.8685],[-79.693,32.8601],[-79.7445,32.7996],[-79.7987,32.7731],[-79.8287,32.7628],[-79.851,32.7586],[-79.8621,32.7641],[-79.8817,32.788],[-79.8991,32.7934],[-79.9062,32.8004],[-79.8975,32.8161],[-79.8749,32.8412],[-79.8923,32.8548],[-79.8992,32.8518],[-79.9034,32.8449],[-79.9028,32.8344],[-79.9381,32.8541],[-79.9438,32.8515],[-79.9322,32.8122],[-79.9301,32.7965],[-79.9341,32.7834],[-79.944,32.7824],[-79.9717,32.7996],[-79.9676,32.7852],[-79.9574,32.772],[-79.9431,32.7624],[-79.9078,32.7555],[-79.8931,32.7391],[-79.879,32.7314],[-79.876,32.7322],[-79.8749,32.7381],[-79.868,32.7381],[-79.8714,32.7083],[-79.8873,32.6881],[-79.9559,32.6494],[-79.9813,32.6487],[-80.0167,32.6537],[-80.0257,32.6487],[-80.0257,32.6425],[-80.0028,32.6295],[-79.9955,32.619],[-80.0051,32.6116],[-80.0579,32.604],[-80.1042,32.5908],[-80.1256,32.588],[-80.1491,32.5814],[-80.1631,32.5703],[-80.1771,32.567],[-80.2323,32.613],[-80.2513,32.6238],[-80.2659,32.6214],[-80.254,32.6085],[-80.2018,32.5715],[-80.2045,32.5606],[-80.2113,32.5521],[-80.3232,32.4884],[-80.3312,32.4864],[-80.3445,32.4948],[-80.3554,32.5269],[-80.369,32.5334],[-80.366,32.5169],[-80.3693,32.4988],[-80.3782,32.4841],[-80.3926,32.4781],[-80.4093,32.4811],[-80.4278,32.4973],[-80.4434,32.5054],[-80.4517,32.5067],[-80.4503,32.5317],[-80.4769,32.6155],[-80.4939,32.6315],[-80.5217,32.6364]]],[[[-77.4619,34.468],[-77.4678,34.4654],[-77.5146,34.4538],[-77.6178,34.3776],[-77.6268,34.3693],[-77.63,34.3696],[-77.6147,34.3955],[-77.5787,34.4254],[-77.4637,34.4881],[-77.4619,34.468]]],[[[-76.2495,34.9219],[-76.234,34.9317],[-76.2023,34.9447],[-76.2228,34.9174],[-76.2497,34.9032],[-76.258,34.8959],[-76.2663,34.8977],[-76.2739,34.9003],[-76.2623,34.9067],[-76.2495,34.9219]]],[[[-76.4561,34.9379],[-76.4398,34.9387],[-76.3961,34.9501],[-76.3873,34.9481],[-76.3776,34.9658],[-76.3563,34.972],[-76.3252,34.9757],[-76.3282,34.9912],[-76.3531,35.0272],[-76.3222,35.0199],[-76.2935,34.9848],[-76.2699,34.9726],[-76.2699,34.9652],[-76.2794,34.9597],[-76.2935,34.9438],[-76.3047,34.9379],[-76.3404,34.9397],[-76.3463,34.9242],[-76.3441,34.914],[-76.344,34.9139],[-76.4213,34.9149],[-76.5249,34.8173],[-76.7009,34.8275],[-76.7095,34.9228],[-76.7226,34.9271],[-76.7134,34.9299],[-76.6615,34.9726],[-76.6318,34.987],[-76.62,34.9863],[-76.6106,34.9805],[-76.5961,34.9583],[-76.5553,34.9367],[-76.5399,34.9321],[-76.5449,34.9515],[-76.5665,34.9792],[-76.5686,34.9932],[-76.5482,34.9993],[-76.5183,34.9973],[-76.5032,34.9896],[-76.4896,34.9726],[-76.4836,34.9871],[-76.4835,35.0272],[-76.4652,35.0598],[-76.4538,35.0734],[-76.4487,35.0716],[-76.435,35.0512],[-76.4425,35.0167],[-76.4189,34.9865],[-76.4241,34.9809],[-76.4503,34.9695],[-76.4643,34.9685],[-76.4696,34.9499],[-76.4618,34.9406],[-76.4561,34.9379]]],[[[-76.147,34.9925],[-76.1064,35.0303],[-76.0965,35.0496],[-76.0815,35.0622],[-76.0781,35.0716],[-76.0725,35.0748],[-76.0372,35.0613],[-76.1256,35.0115],[-76.1409,34.9925],[-76.147,34.9925]]],[[[-75.8174,35.1629],[-75.9081,35.1365],[-76.0173,35.075],[-76.006,35.0851],[-75.9989,35.0971],[-75.99,35.1234],[-75.967,35.1177],[-75.9398,35.1269],[-75.8863,35.157],[-75.8204,35.1775],[-75.7989,35.1842],[-75.7703,35.1979],[-75.7821,35.1859],[-75.7982,35.178],[-75.8143,35.1654],[-75.8174,35.1629]]],[[[-75.685,35.2333],[-75.6798,35.2252],[-75.6754,35.2258],[-75.6126,35.2526],[-75.5641,35.2669],[-75.5431,35.2731],[-75.5163,35.291],[-75.5171,35.3215],[-75.5109,35.3337],[-75.4988,35.3829],[-75.4944,35.4205],[-75.4845,35.4567],[-75.4822,35.4791],[-75.4891,35.5207],[-75.4686,35.5651],[-75.4758,35.6301],[-75.501,35.7033],[-75.5028,35.7227],[-75.5058,35.7286],[-75.52,35.7567],[-75.5261,35.7757],[-75.5171,35.7807],[-75.4995,35.7675],[-75.4867,35.7438],[-75.4855,35.7397],[-75.4787,35.7172],[-75.4735,35.6749],[-75.4549,35.6231],[-75.4518,35.5825],[-75.4706,35.5048],[-75.4908,35.3364],[-75.5156,35.2602],[-75.5254,35.244],[-75.5438,35.2333],[-75.5492,35.2333],[-75.5853,35.2333],[-75.6232,35.2191],[-75.6444,35.2158],[-75.704,35.196],[-75.7175,35.1869],[-75.7256,35.1849],[-75.7357,35.1877],[-75.7334,35.194],[-75.7247,35.2009],[-75.7016,35.21],[-75.6903,35.2313],[-75.685,35.2333]]],[[[-75.7078,35.9134],[-75.7213,35.93],[-75.7299,35.9394],[-75.7218,35.9453],[-75.713,35.947],[-75.6952,35.9425],[-75.661,35.9248],[-75.6593,35.9154],[-75.647,35.8992],[-75.6169,35.8678],[-75.6126,35.8633],[-75.6219,35.8449],[-75.6221,35.8347],[-75.6254,35.8301],[-75.644,35.8292],[-75.6564,35.8347],[-75.6593,35.836],[-75.6785,35.8869],[-75.7078,35.9134]]]]}},{"type":"Feature","properties":{"power":"Nuka World","endonym":null,"regions":2,"era":"2290","regionIds":[94,132]},"geometry":{"type":"MultiPolygon","coordinates":[[[[-73.1475,40.6443],[-73.1501,40.6438],[-73.1613,40.6545],[-73.1449,40.6582],[-73.0403,40.682],[-72.9489,40.7154],[-72.9428,40.7171],[-72.8518,40.7423],[-72.8324,40.7477],[-72.7792,40.7668],[-72.7571,40.7688],[-72.7572,40.7601],[-72.8049,40.7508],[-72.8518,40.7353],[-72.9279,40.7101],[-73.041,40.6726],[-73.1426,40.6456],[-73.1475,40.6443]]],[[[-73.3709,40.9001],[-73.3583,40.9004],[-73.3547,40.9141],[-73.3606,40.9251],[-73.3946,40.9254],[-73.3996,40.9254],[-73.41,40.9399],[-73.4019,40.9544],[-73.3952,40.9544],[-73.387,40.9505],[-73.3798,40.947],[-73.3741,40.9361],[-73.2932,40.9247],[-73.2634,40.9136],[-73.2353,40.9078],[-73.1787,40.919],[-73.1595,40.9302],[-73.1481,40.9456],[-73.1528,40.9625],[-73.1131,40.9735],[-73.0987,40.9695],[-73.1044,40.9488],[-73.0913,40.9483],[-73.0821,40.9516],[-73.0792,40.9586],[-73.0846,40.9693],[-73.0762,40.9719],[-73.0484,40.963],[-73.009,40.9671],[-72.9004,40.9633],[-72.8301,40.9692],[-72.7811,40.9651],[-72.6961,40.981],[-72.6283,40.9836],[-72.6061,40.9899],[-72.4717,41.056],[-72.4452,41.0858],[-72.4129,41.0898],[-72.383,41.1089],[-72.3587,41.1311],[-72.3434,41.1407],[-72.2895,41.1612],[-72.26,41.1608],[-72.2472,41.1557],[-72.2417,41.1468],[-72.2469,41.1354],[-72.2602,41.125],[-72.2895,41.1133],[-72.3044,41.1319],[-72.3436,41.1142],[-72.4123,41.0649],[-72.4153,41.0544],[-72.3851,41.0445],[-72.3905,41.0315],[-72.4121,41.0341],[-72.4311,41.0304],[-72.4374,41.0257],[-72.4388,41.016],[-72.4335,40.9932],[-72.4377,40.9842],[-72.4549,41.0037],[-72.4665,41.0038],[-72.4725,40.9904],[-72.5207,40.9852],[-72.5436,40.9666],[-72.5431,40.9566],[-72.58,40.9329],[-72.6159,40.9277],[-72.6246,40.9078],[-72.6029,40.9084],[-72.5843,40.9004],[-72.5636,40.9124],[-72.5439,40.9101],[-72.5014,40.8974],[-72.4808,40.8979],[-72.4571,40.9103],[-72.4437,40.9317],[-72.441,40.943],[-72.4082,40.9506],[-72.3672,40.9946],[-72.3421,40.9998],[-72.3265,40.9992],[-72.3211,41.0059],[-72.3321,41.0307],[-72.3215,41.0358],[-72.3067,41.0355],[-72.2985,41.006],[-72.2701,41.0024],[-72.2634,41.0155],[-72.2486,41.0176],[-72.2402,41.0378],[-72.2337,41.0441],[-72.2138,41.0398],[-72.1868,41.0092],[-72.18,41.0471],[-72.1669,41.0566],[-72.1554,41.055],[-72.1324,41.0284],[-72.1229,41.0174],[-72.1182,41.0069],[-72.109,41.0014],[-72.088,41.0048],[-72.0499,41.0177],[-72.0461,41.0201],[-72.0117,41.0421],[-71.9927,41.0496],[-71.9757,41.0434],[-71.9588,41.0463],[-71.9581,41.0697],[-71.9453,41.0735],[-71.9189,41.0587],[-71.9189,41.0649],[-71.9309,41.0788],[-71.9033,41.0847],[-71.8574,41.0717],[-71.8696,41.0601],[-71.885,41.0454],[-71.9125,41.0407],[-71.9295,41.0378],[-72.0089,41.0074],[-72.0149,41.0056],[-72.0871,40.9834],[-72.4067,40.8621],[-72.4608,40.8526],[-72.4484,40.8682],[-72.4474,40.8791],[-72.4591,40.8854],[-72.4706,40.8863],[-72.4847,40.8874],[-72.4966,40.8841],[-72.5001,40.877],[-72.5006,40.876],[-72.4984,40.8658],[-72.4915,40.856],[-72.4908,40.8469],[-72.5023,40.8391],[-72.5418,40.8205],[-72.7051,40.7756],[-72.724,40.7704],[-72.7245,40.7704],[-72.732,40.77],[-72.7379,40.7738],[-72.7323,40.7773],[-72.7317,40.7776],[-72.7003,40.7853],[-72.6505,40.7975],[-72.6636,40.8008],[-72.6931,40.7998],[-72.7003,40.7996],[-72.727,40.8078],[-72.75,40.7929],[-72.7652,40.7831],[-72.8019,40.7827],[-72.828,40.7897],[-72.8136,40.7816],[-72.8179,40.7684],[-72.8528,40.7494],[-72.8562,40.7489],[-72.8791,40.7457],[-72.8891,40.7652],[-72.8893,40.7656],[-72.8896,40.7655],[-72.9104,40.7583],[-72.9263,40.7564],[-72.9468,40.7419],[-73.0122,40.7496],[-73.0226,40.7476],[-73.0254,40.7433],[-73.0334,40.7314],[-73.0991,40.7204],[-73.1147,40.728],[-73.1294,40.7301],[-73.1404,40.7262],[-73.1454,40.7052],[-73.1507,40.7029],[-73.158,40.6997],[-73.1795,40.7047],[-73.2119,40.7056],[-73.2161,40.7074],[-73.2466,40.7367],[-73.2379,40.7973],[-73.2969,40.803],[-73.3424,40.8112],[-73.3997,40.839],[-73.4086,40.8793],[-73.4012,40.9038],[-73.3887,40.906],[-73.3709,40.9001]]],[[[-72.2828,41.069],[-72.2785,41.0585],[-72.2824,41.0479],[-72.2757,41.0393],[-72.2755,41.0318],[-72.3178,41.0488],[-72.3588,41.0458],[-72.3713,41.055],[-72.3724,41.0686],[-72.3619,41.0799],[-72.3416,41.0907],[-72.3402,41.1037],[-72.3278,41.1051],[-72.3227,41.0946],[-72.3052,41.0842],[-72.2805,41.0789],[-72.2828,41.069]]],[[[-72.1026,41.0813],[-72.1081,41.0905],[-72.136,41.0928],[-72.1415,41.0968],[-72.1281,41.1092],[-72.131,41.1205],[-72.1091,41.1069],[-72.0784,41.1],[-72.079,41.0948],[-72.0851,41.0917],[-72.0815,41.0749],[-72.1008,41.0542],[-72.1026,41.0813]]],[[[-71.608,41.1806],[-71.5827,41.204],[-71.5792,41.2256],[-71.5764,41.227],[-71.5726,41.2288],[-71.5622,41.2211],[-71.5535,41.2146],[-71.5662,41.1938],[-71.5445,41.1629],[-71.5491,41.152],[-71.5995,41.1458],[-71.6137,41.1552],[-71.608,41.1806]]],[[[-71.9539,41.2867],[-71.9398,41.2922],[-71.9207,41.2914],[-71.928,41.282],[-71.9702,41.2736],[-71.9987,41.2517],[-72.0228,41.2535],[-72.0388,41.2494],[-72.0366,41.2609],[-72.0262,41.2669],[-72.0221,41.2769],[-72.0113,41.2762],[-72.0034,41.267],[-71.994,41.2831],[-71.9539,41.2867]]],[[[-71.829,41.317],[-71.8715,41.3026],[-71.8779,41.3115],[-71.8565,41.3225],[-71.8624,41.3326],[-71.8854,41.3446],[-71.8981,41.3465],[-71.9729,41.3437],[-71.997,41.3339],[-72.0362,41.3179],[-72.0834,41.352],[-72.0951,41.3461],[-72.1011,41.3225],[-72.1107,41.3111],[-72.1354,41.3121],[-72.168,41.3225],[-72.1943,41.3238],[-72.2001,41.2974],[-72.2269,41.3107],[-72.288,41.2829],[-72.3199,41.2937],[-72.3472,41.3073],[-72.3504,41.3146],[-72.344,41.3293],[-72.3434,41.3384],[-72.3484,41.3483],[-72.3582,41.358],[-72.3727,41.3647],[-72.3918,41.3663],[-72.3802,41.3501],[-72.3636,41.3369],[-72.3544,41.3212],[-72.3646,41.2974],[-72.3509,41.29],[-72.3698,41.2766],[-72.3908,41.2778],[-72.4335,41.29],[-72.4526,41.2879],[-72.4751,41.2811],[-72.4953,41.2703],[-72.5079,41.2564],[-72.5222,41.2702],[-72.5297,41.2702],[-72.5406,41.2637],[-72.5819,41.2788],[-72.6048,41.2838],[-72.6618,41.2741],[-72.6867,41.2564],[-72.6993,41.2566],[-72.7277,41.2702],[-72.7794,41.2702],[-72.806,41.2578],[-72.8429,41.2585],[-72.8561,41.2454],[-72.8924,41.245],[-72.8953,41.2659],[-72.9031,41.2772],[-72.9052,41.2955],[-72.9058,41.3005],[-72.91,41.3051],[-72.9189,41.2987],[-72.9198,41.2974],[-72.93,41.2838],[-72.9673,41.2564],[-73.0138,41.2067],[-73.0384,41.2052],[-73.0535,41.2117],[-73.0945,41.1913],[-73.1074,41.1747],[-73.1106,41.1619],[-73.1085,41.1487],[-73.1342,41.1472],[-73.1701,41.1696],[-73.1841,41.1741],[-73.1843,41.1618],[-73.2089,41.1567],[-73.2144,41.1614],[-73.2211,41.1671],[-73.2231,41.1652],[-73.2252,41.1633],[-73.2246,41.1545],[-73.2242,41.1498],[-73.2279,41.1428],[-73.2445,41.128],[-73.2715,41.1176],[-73.2783,41.13],[-73.2865,41.1345],[-73.2936,41.1231],[-73.3019,41.117],[-73.3103,41.1161],[-73.3324,41.1137],[-73.3798,41.1002],[-73.4552,41.0641],[-73.4762,41.0893],[-73.496,41.1265],[-73.5144,41.2194],[-73.6146,41.27],[-73.7683,41.2589],[-73.8283,41.3863],[-73.8524,41.439],[-73.8945,41.4663],[-73.9561,41.5261],[-74.0103,41.5516],[-74.1155,41.5803],[-74.1849,41.5892],[-74.3682,41.5664],[-74.4084,41.6625],[-74.4644,41.7518],[-74.5126,41.7947],[-74.5625,41.8358],[-74.5827,41.8527],[-74.6642,41.9026],[-74.7567,41.9467],[-74.8619,41.983],[-74.9087,42.2506],[-74.9086,42.4375],[-74.6459,42.6677],[-74.4985,42.7066],[-74.4501,42.7335],[-74.3986,42.9637],[-74.2533,42.9592],[-74.0757,42.9341],[-74.0162,42.9191],[-73.9382,42.9103],[-73.8637,42.8804],[-73.8043,42.8653],[-73.7375,42.8336],[-73.6855,42.8191],[-73.6216,42.9135],[-73.6181,42.9187],[-73.549,42.7877],[-73.6158,42.7271],[-73.5374,42.6365],[-73.5126,42.6034],[-73.4598,42.5982],[-73.4228,42.5123],[-73.2678,42.5229],[-73.145,42.7495],[-73.1342,42.7685],[-73.0894,42.7568],[-73.1251,43.0099],[-72.9845,43.1915],[-72.9561,43.1926],[-72.2861,43.2105],[-72.157,43.2524],[-71.8718,43.1736],[-71.8261,43.3154],[-71.5344,43.2852],[-71.267,43.1836],[-71.144,43.3167],[-71.1005,43.292],[-70.9766,43.2821],[-70.9746,43.1648],[-70.9853,43.136],[-70.9765,43.0954],[-70.9296,43.077],[-70.8911,43.0757],[-70.8408,43.1127],[-70.7675,43.0791],[-70.8063,43.0131],[-70.8121,42.9634],[-70.9489,42.8475],[-70.8813,42.6486],[-71.0234,42.6248],[-71.0991,42.6343],[-71.0388,42.5014],[-70.8606,42.5659],[-70.8721,42.5408],[-70.878,42.5375],[-70.8749,42.5347],[-70.8706,42.5307],[-70.8775,42.5256],[-70.8851,42.52],[-70.8917,42.5028],[-70.8799,42.5071],[-70.8778,42.5079],[-70.8541,42.5237],[-70.8501,42.5137],[-70.8382,42.4992],[-70.8553,42.4951],[-70.8684,42.4858],[-70.8917,42.4693],[-70.9155,42.4694],[-70.9221,42.4656],[-70.9254,42.4532],[-70.9176,42.4428],[-70.8917,42.4283],[-70.9164,42.4224],[-70.9437,42.447],[-70.963,42.4383],[-70.9734,42.4251],[-70.9744,42.4164],[-70.9662,42.4004],[-70.9603,42.369],[-70.9525,42.3594],[-70.9673,42.3607],[-70.9836,42.3766],[-70.9972,42.3806],[-71.0072,42.3776],[-71.0058,42.3708],[-70.9872,42.3594],[-71.006,42.3571],[-71.0369,42.3725],[-71.0487,42.3594],[-71.0277,42.3536],[-71.0146,42.3389],[-71.0299,42.3378],[-71.0423,42.3318],[-71.0468,42.3215],[-71.0384,42.3079],[-71.0272,42.3005],[-71.0178,42.3002],[-70.9935,42.311],[-70.9989,42.2838],[-70.9835,42.2796],[-70.9629,42.2802],[-70.9525,42.2672],[-70.9662,42.2538],[-70.9662,42.2496],[-70.9553,42.2433],[-70.9258,42.2504],[-70.8985,42.2639],[-70.8872,42.2506],[-70.8754,42.2545],[-70.8673,42.2648],[-70.8671,42.2707],[-70.8801,42.2767],[-70.8919,42.2907],[-70.8991,42.3066],[-70.8985,42.3184],[-70.8558,42.2839],[-70.8314,42.2697],[-70.7838,42.2597],[-70.7418,42.2357],[-70.7217,42.2169],[-70.7163,42.2119],[-70.7137,42.2051],[-70.7137,42.2038],[-70.7131,42.1724],[-70.6959,42.1639],[-70.653,42.109],[-70.631,42.0925],[-70.6361,42.0754],[-70.6278,42.0591],[-70.5908,42.0173],[-70.6068,42.0046],[-70.6173,42.0032],[-70.6378,42.0106],[-70.6173,42.0168],[-70.6293,42.0443],[-70.6389,42.0589],[-70.6483,42.0653],[-70.6558,42.058],[-70.6651,42.0106],[-70.6829,42.0161],[-70.7148,42.0027],[-70.6549,41.9571],[-70.605,41.9525],[-70.5658,41.9554],[-70.545,41.9406],[-70.5297,41.9065],[-70.5239,41.8684],[-70.5316,41.8418],[-70.5331,41.8162],[-70.5043,41.79],[-70.472,41.7732],[-70.4392,41.7561],[-70.4009,41.745],[-70.2747,41.7363],[-70.2899,41.7316],[-70.3265,41.7314],[-70.3395,41.7257],[-70.3352,41.7192],[-70.3153,41.7156],[-70.2747,41.7152],[-70.2437,41.7241],[-70.1913,41.7471],[-70.0702,41.7735],[-70.0215,41.7909],[-70.0001,41.8163],[-70.0038,41.8463],[-70.0018,41.8819],[-70.0153,41.899],[-70.0215,41.9069],[-69.9867,41.9138],[-69.9867,41.9212],[-70.006,41.9228],[-70.0379,41.9416],[-70.0518,41.9352],[-70.0574,41.9042],[-70.0687,41.8933],[-70.0715,41.9193],[-70.0798,41.995],[-70.0838,42.0125],[-70.0999,42.0374],[-70.1381,42.0574],[-70.1656,42.0638],[-70.1898,42.0494],[-70.1921,42.0379],[-70.1716,42.0379],[-70.1708,42.0279],[-70.1869,42.0192],[-70.1893,42.0179],[-70.1966,42.0224],[-70.2026,42.0262],[-70.2314,42.0572],[-70.2468,42.0615],[-70.2443,42.0687],[-70.2294,42.0806],[-70.2158,42.0846],[-70.1922,42.0861],[-70.1465,42.081],[-70.1404,42.0795],[-70.1179,42.0738],[-70.0812,42.0584],[-70.0511,42.0398],[-70.014,41.9989],[-69.9822,41.9536],[-69.9635,41.9075],[-69.9433,41.8576],[-69.9247,41.8381],[-69.931,41.833],[-69.9389,41.8319],[-69.9534,41.8409],[-69.964,41.8435],[-69.972,41.8392],[-69.9798,41.7971],[-69.9567,41.8078],[-69.942,41.8065],[-69.9342,41.793],[-69.9325,41.741],[-69.9389,41.6742],[-69.9781,41.6818],[-70.1369,41.6605],[-70.1853,41.6605],[-70.2174,41.6483],[-70.2399,41.6433],[-70.2642,41.6162],[-70.2728,41.6106],[-70.2611,41.6462],[-70.3191,41.6326],[-70.352,41.6352],[-70.3659,41.6328],[-70.3916,41.6192],[-70.4059,41.6375],[-70.4181,41.64],[-70.4284,41.6319],[-70.4591,41.5916],[-70.4798,41.5739],[-70.5043,41.5637],[-70.5961,41.553],[-70.6587,41.5213],[-70.6856,41.5308],[-70.6617,41.5505],[-70.6525,41.578],[-70.652,41.6542],[-70.6583,41.6845],[-70.652,41.6939],[-70.6319,41.7111],[-70.6378,41.722],[-70.6236,41.7294],[-70.6306,41.7401],[-70.64,41.741],[-70.6482,41.7342],[-70.6514,41.722],[-70.6583,41.722],[-70.7104,41.748],[-70.7197,41.7462],[-70.7233,41.7138],[-70.7219,41.7016],[-70.7129,41.6878],[-70.7393,41.6901],[-70.7491,41.6798],[-70.7561,41.663],[-70.7743,41.6462],[-70.786,41.6605],[-70.7978,41.6589],[-70.8057,41.651],[-70.805,41.6426],[-70.8406,41.6289],[-70.8501,41.6295],[-70.844,41.6039],[-70.8452,41.5925],[-70.8569,41.5916],[-70.8629,41.5972],[-70.8743,41.623],[-70.9054,41.64],[-70.9073,41.6149],[-70.9316,41.5803],[-70.9252,41.5507],[-70.9476,41.5364],[-70.9597,41.5312],[-70.9736,41.5308],[-70.9709,41.5377],[-71.0155,41.5123],[-71.0402,41.5071],[-71.0698,41.5172],[-71.0495,41.5237],[-71.0439,41.5369],[-71.0493,41.5519],[-71.0624,41.5644],[-71.0621,41.5438],[-71.0737,41.5387],[-71.1107,41.5438],[-71.0972,41.5234],[-71.1219,41.513],[-71.1859,41.4687],[-71.202,41.5026],[-71.1957,41.5208],[-71.2069,41.5582],[-71.2102,41.5984],[-71.2105,41.6022],[-71.2069,41.6462],[-71.1903,41.6856],[-71.1728,41.708],[-71.1356,41.7555],[-71.1107,41.7971],[-71.126,41.7924],[-71.1381,41.7799],[-71.1722,41.7323],[-71.1763,41.7266],[-71.1859,41.722],[-71.2211,41.7314],[-71.2269,41.7257],[-71.2384,41.7073],[-71.241,41.6812],[-71.2449,41.6803],[-71.2604,41.6511],[-71.2702,41.6544],[-71.2857,41.6596],[-71.3018,41.6596],[-71.3088,41.6708],[-71.3015,41.7026],[-71.2923,41.7199],[-71.2809,41.7414],[-71.283,41.7488],[-71.2988,41.7561],[-71.3015,41.747],[-71.3088,41.722],[-71.3322,41.7318],[-71.3371,41.7338],[-71.3556,41.7463],[-71.364,41.7598],[-71.3704,41.7921],[-71.3913,41.8188],[-71.3963,41.7833],[-71.3913,41.7425],[-71.3675,41.7238],[-71.364,41.7121],[-71.3844,41.6742],[-71.3984,41.6898],[-71.4186,41.6946],[-71.4416,41.6841],[-71.4468,41.6772],[-71.4233,41.6682],[-71.4138,41.6529],[-71.4103,41.633],[-71.4125,41.6127],[-71.4237,41.5943],[-71.4374,41.5848],[-71.4428,41.5747],[-71.4295,41.5544],[-71.4246,41.5389],[-71.4234,41.4864],[-71.4261,41.4687],[-71.4266,41.4676],[-71.4548,41.4061],[-71.484,41.38],[-71.4883,41.3706],[-71.4977,41.3663],[-71.5304,41.3765],[-71.5989,41.3675],[-71.7538,41.331],[-71.7988,41.3226],[-71.829,41.317]]],[[[-71.3952,41.4909],[-71.3982,41.5007],[-71.3988,41.5029],[-71.3973,41.5036],[-71.3922,41.5059],[-71.3844,41.5172],[-71.3917,41.5234],[-71.3953,41.5264],[-71.3927,41.5427],[-71.3777,41.5779],[-71.3762,41.5776],[-71.3684,41.5762],[-71.3591,41.5664],[-71.3573,41.5366],[-71.3604,41.5146],[-71.3714,41.4824],[-71.3841,41.4695],[-71.3988,41.4619],[-71.401,41.4685],[-71.3952,41.4909]]],[[[-70.814,41.2632],[-70.8018,41.2568],[-70.8018,41.2481],[-70.8231,41.2508],[-70.8323,41.2567],[-70.8305,41.2604],[-70.8219,41.2604],[-70.814,41.2632]]],[[[-70.0372,41.3729],[-70.0541,41.3927],[-70.0524,41.3966],[-70.0397,41.3944],[-70.0289,41.3861],[-70.0053,41.3427],[-69.9578,41.2757],[-69.9671,41.2495],[-70.0011,41.2393],[-70.043,41.2433],[-70.0976,41.2418],[-70.1377,41.2472],[-70.2563,41.2928],[-70.2781,41.3079],[-70.2724,41.3113],[-70.2563,41.3092],[-70.2408,41.3009],[-70.1611,41.293],[-70.1243,41.2959],[-70.1068,41.2952],[-70.0978,41.2904],[-70.0819,41.2925],[-70.0714,41.3016],[-70.046,41.3076],[-70.0314,41.3175],[-70.0201,41.3308],[-70.014,41.3446],[-70.0323,41.3395],[-70.0603,41.3166],[-70.0761,41.3111],[-70.0443,41.351],[-70.0372,41.3729]]],[[[-70.5463,41.4443],[-70.5764,41.4278],[-70.5633,41.4187],[-70.5493,41.4145],[-70.5174,41.4135],[-70.5074,41.3626],[-70.525,41.3591],[-70.666,41.357],[-70.6963,41.3515],[-70.7239,41.3427],[-70.7477,41.331],[-70.7759,41.3044],[-70.7864,41.3041],[-70.8047,41.3126],[-70.8341,41.3399],[-70.8462,41.3467],[-70.8462,41.3541],[-70.782,41.3542],[-70.7545,41.3725],[-70.7153,41.4204],[-70.6896,41.4331],[-70.6599,41.4565],[-70.6051,41.474],[-70.593,41.4717],[-70.6037,41.4482],[-70.5888,41.4542],[-70.5704,41.4739],[-70.5559,41.4687],[-70.5458,41.4539],[-70.5463,41.4443]]],[[[-70.4707,41.4203],[-70.4557,41.4296],[-70.446,41.4135],[-70.4467,41.3674],[-70.4529,41.3589],[-70.4655,41.3603],[-70.4813,41.3696],[-70.4948,41.3823],[-70.5006,41.3936],[-70.4869,41.4027],[-70.4707,41.4203]]],[[[-70.8595,41.4483],[-70.8486,41.4343],[-70.8545,41.4292],[-70.876,41.4225],[-70.9064,41.4224],[-70.9279,41.4186],[-70.9387,41.4112],[-70.9485,41.4141],[-70.926,41.4289],[-70.9113,41.4297],[-70.8976,41.4364],[-70.8712,41.4387],[-70.8595,41.4483]]],[[[-70.7106,41.5192],[-70.6949,41.517],[-70.6792,41.5104],[-70.7586,41.4757],[-70.7576,41.4684],[-70.7683,41.4595],[-70.7908,41.4492],[-70.833,41.4425],[-70.8399,41.4505],[-70.8281,41.4572],[-70.8134,41.455],[-70.7821,41.4786],[-70.7106,41.5192]]],[[[-71.335,41.4591],[-71.3462,41.4547],[-71.3546,41.4583],[-71.3578,41.4725],[-71.3513,41.4779],[-71.32,41.4885],[-71.3088,41.4954],[-71.3214,41.5085],[-71.3256,41.52],[-71.3223,41.5304],[-71.3092,41.5461],[-71.3088,41.5678],[-71.2855,41.5817],[-71.2794,41.5931],[-71.2736,41.621],[-71.2678,41.6326],[-71.2635,41.6351],[-71.2206,41.6605],[-71.2206,41.64],[-71.2326,41.6059],[-71.2326,41.6046],[-71.2336,41.5308],[-71.238,41.5003],[-71.2336,41.4892],[-71.2648,41.4961],[-71.3032,41.4664],[-71.3231,41.4687],[-71.335,41.4591]]],[[[-70.0215,41.5507],[-69.981,41.6277],[-69.973,41.6537],[-69.9651,41.6514],[-69.9613,41.647],[-69.9594,41.6326],[-69.9762,41.6123],[-70.0021,41.5538],[-70.0215,41.5507]]],[[[-71.3307,41.6107],[-71.3359,41.6264],[-71.3568,41.6316],[-71.3587,41.6391],[-71.3594,41.642],[-71.3555,41.6602],[-71.3517,41.6635],[-71.3437,41.6706],[-71.3307,41.6472],[-71.3177,41.6329],[-71.3034,41.6264],[-71.3047,41.6042],[-71.3151,41.5808],[-71.3307,41.5756],[-71.3372,41.5821],[-71.3372,41.5925],[-71.3307,41.6107]]]]}},{"type":"Feature","properties":{"power":"West Khans","endonym":null,"regions":2,"era":"2290","regionIds":[104,141]},"geometry":{"type":"Polygon","coordinates":[[[-112.3093,41.0797],[-112.37,41.1521],[-112.4143,41.2159],[-112.4662,41.2437],[-112.5628,41.3352],[-112.5663,41.5001],[-112.62,41.5275],[-112.7047,41.4902],[-112.7487,41.5],[-112.7907,41.5281],[-112.7737,41.5669],[-112.7428,41.59],[-112.7995,41.7116],[-112.8932,41.7087],[-112.8731,41.7594],[-112.8055,41.8055],[-112.8041,41.8656],[-112.7882,42.0709],[-112.8886,42.0305],[-112.9479,42.0207],[-112.9803,41.9791],[-113.0231,41.9437],[-113.0779,41.9143],[-113.1462,41.8916],[-113.2263,41.8747],[-113.3183,41.8638],[-113.4474,41.7471],[-113.6278,41.7163],[-113.8787,41.376],[-113.8613,41.2971],[-113.9699,41.3019],[-114.0397,41.2662],[-114.0456,41.2181],[-114.0717,41.2146],[-114.4988,41.1617],[-114.5551,41.3399],[-114.7684,41.3249],[-114.8087,41.3961],[-114.8308,41.4336],[-114.9229,41.4627],[-114.9924,41.4847],[-115.045,41.5109],[-115.0756,41.5199],[-115.0988,41.5358],[-115.115,41.5597],[-115.1267,41.5901],[-115.1312,41.6275],[-115.1315,41.6724],[-115.129,41.791],[-115.1515,41.8217],[-115.2171,41.85],[-115.2754,41.8852],[-115.3239,41.929],[-115.3665,41.9784],[-115.3996,42.0375],[-115.4253,42.1026],[-116.0044,42.1574],[-116.0072,42.1738],[-116.0261,42.1769],[-116.0158,42.2342],[-116.0132,42.2472],[-116.0226,42.3267],[-116.041,42.4113],[-115.8743,42.4918],[-115.8613,42.5544],[-115.8359,42.5775],[-115.8011,42.5662],[-115.4324,42.7698],[-115.3809,42.8184],[-115.3496,42.8689],[-115.3261,42.9144],[-115.2995,42.997],[-115.2972,43.0682],[-115.3019,43.1267],[-115.3152,43.1881],[-115.3352,43.2562],[-115.0639,43.249],[-114.8233,43.2742],[-114.8034,43.2528],[-114.7554,43.2549],[-114.754,43.2552],[-114.7075,43.2205],[-114.373,43.1019],[-114.3692,43.0614],[-114.3584,43.028],[-114.3419,43.0013],[-114.3186,42.9827],[-114.291,42.9706],[-114.2565,42.9666],[-114.1583,42.9068],[-114.1594,42.8998],[-114.14,42.8953],[-113.9061,42.8369],[-113.7739,42.8124],[-113.6953,42.8525],[-113.6889,42.8514],[-113.5506,42.9236],[-113.4814,42.8397],[-113.44,42.8378],[-113.4033,42.8418],[-113.3575,42.852],[-113.3004,42.871],[-113.2396,42.8815],[-113.2489,42.7954],[-113.2402,42.7969],[-113.0649,42.8153],[-112.977,42.5894],[-112.906,42.6253],[-112.72,42.4409],[-112.2625,42.5632],[-112.1862,42.5036],[-112.1196,42.4902],[-112.0502,42.4898],[-112.0412,42.4901],[-111.9103,42.4025],[-111.7038,42.4596],[-111.6756,42.4036],[-111.6814,42.364],[-111.6803,42.3334],[-111.6577,42.3005],[-111.6063,42.3061],[-111.5452,42.3154],[-111.4788,42.2686],[-111.3014,42.2088],[-111.2112,42.2223],[-111.1818,42.2323],[-111.1421,42.236],[-111.0924,42.1614],[-111.0206,42.1424],[-111.0855,41.8581],[-111.2012,41.8173],[-111.2076,41.7405],[-111.1735,41.6991],[-111.1641,41.6971],[-111.1255,41.6768],[-111.0944,41.6496],[-111.0706,41.6135],[-111.0523,41.5529],[-111.0455,41.5188],[-111.0743,41.4988],[-111.0815,41.4899],[-111.101,41.4453],[-111.0425,41.2846],[-110.9821,41.1953],[-110.9957,41.1416],[-111.0112,41.0741],[-111.0419,41.0709],[-111.0843,41.0591],[-111.1481,40.9466],[-111.1642,40.9207],[-111.2478,40.8828],[-111.4402,40.7976],[-111.4787,40.7807],[-111.6113,40.8071],[-111.7501,40.8345],[-111.8079,40.8651],[-111.8568,40.9036],[-111.9013,40.9496],[-111.9382,41.0023],[-111.9814,41.0709],[-112.0587,41.0703],[-112.3093,41.0797]]]}},{"type":"Feature","properties":{"power":"Maxsonian Dynasty","endonym":null,"regions":2,"era":"2290","regionIds":[118,149]},"geometry":{"type":"MultiPolygon","coordinates":[[[[-75.0577,38.4534],[-75.0627,38.4573],[-75.085,38.4609],[-75.0829,38.4475],[-75.0899,38.4322],[-75.102,38.4385],[-75.1182,38.4375],[-75.098,38.4079],[-75.1025,38.3985],[-75.1058,38.3998],[-75.2317,38.4419],[-75.2237,38.4885],[-75.1829,38.5517],[-75.425,38.6207],[-75.4872,38.6952],[-75.5084,38.7498],[-75.3341,38.9039],[-75.3499,38.9934],[-75.4303,39.0481],[-75.484,39.0001],[-75.5258,38.9994],[-75.5579,39.0056],[-75.5821,39.0344],[-75.5917,39.0737],[-75.5006,39.0771],[-75.4113,39.1051],[-75.4173,39.1309],[-75.4051,39.1375],[-75.4046,39.1306],[-75.3974,39.1026],[-75.4014,39.0783],[-75.3938,39.0556],[-75.3426,39.0202],[-75.3148,38.9841],[-75.3111,38.968],[-75.3103,38.9278],[-75.2444,38.8598],[-75.1955,38.8155],[-75.1663,38.7944],[-75.1304,38.7828],[-75.0999,38.788],[-75.0959,38.7976],[-75.0993,38.8055],[-75.0925,38.8076],[-75.0843,38.796],[-75.0661,38.678],[-75.0648,38.6326],[-75.0718,38.6383],[-75.0776,38.6865],[-75.0864,38.6933],[-75.1209,38.6838],[-75.1392,38.6881],[-75.1198,38.6589],[-75.1394,38.6621],[-75.1533,38.6589],[-75.1304,38.6431],[-75.1161,38.6384],[-75.0987,38.6384],[-75.1214,38.6213],[-75.1901,38.6067],[-75.2079,38.59],[-75.1874,38.59],[-75.1964,38.5769],[-75.2079,38.5695],[-75.1918,38.567],[-75.1522,38.5884],[-75.126,38.59],[-75.1033,38.5659],[-75.0956,38.5664],[-75.0696,38.5935],[-75.0692,38.6083],[-75.0653,38.6149],[-75.0601,38.6125],[-75.0567,38.5867],[-75.0577,38.5527],[-75.044,38.4538],[-75.0447,38.425],[-75.0511,38.3878],[-75.055,38.3794],[-75.067,38.3535],[-75.0788,38.3367],[-75.0758,38.3663],[-75.0702,38.3855],[-75.0592,38.4228],[-75.0577,38.4534]]],[[[-75.398,39.2493],[-75.3942,39.2246],[-75.3988,39.1968],[-75.47,39.1803],[-75.4507,39.2119],[-75.502,39.2156],[-75.5245,39.2475],[-75.4908,39.3506],[-75.4885,39.3473],[-75.4344,39.3149],[-75.4285,39.2913],[-75.4077,39.2702],[-75.398,39.2493]]],[[[-74.4255,39.3937],[-74.4481,39.4199],[-74.4309,39.4254],[-74.4136,39.4048],[-74.3998,39.3994],[-74.3866,39.4065],[-74.3717,39.4366],[-74.3588,39.4472],[-74.3675,39.465],[-74.3516,39.4702],[-74.3021,39.4647],[-74.3049,39.4598],[-74.3179,39.454],[-74.3309,39.4261],[-74.3592,39.4016],[-74.3934,39.3891],[-74.4255,39.3937]]],[[[-74.6145,39.3124],[-74.6421,39.3067],[-74.6605,39.2895],[-74.6426,39.289],[-74.6052,39.2752],[-74.5506,39.2895],[-74.5506,39.2827],[-74.579,39.2678],[-74.6208,39.2232],[-74.6431,39.2138],[-74.6544,39.2014],[-74.6908,39.1419],[-74.7015,39.1244],[-74.7118,39.131],[-74.7228,39.1318],[-74.7333,39.1274],[-74.7424,39.1181],[-74.7375,39.1177],[-74.7356,39.1114],[-74.7253,39.116],[-74.7164,39.1149],[-74.7102,39.1088],[-74.7083,39.0977],[-74.7372,39.0703],[-74.7457,39.0545],[-74.7641,39.0443],[-74.7881,39.039],[-74.7894,39.0312],[-74.7834,39.0151],[-74.8033,38.9876],[-74.8361,38.9634],[-74.8751,38.9445],[-74.9331,38.9263],[-74.9547,38.9264],[-74.9676,38.9358],[-74.9693,38.946],[-74.9526,39.0075],[-74.8944,39.1076],[-74.8873,39.1468],[-74.9063,39.1796],[-74.9222,39.1885],[-74.9386,39.1925],[-74.9789,39.1933],[-75.0131,39.1871],[-75.0222,39.1893],[-75.0229,39.2025],[-75.0267,39.2107],[-75.0403,39.2145],[-75.0924,39.2076],[-75.1289,39.1877],[-75.1465,39.1871],[-75.145,39.1915],[-75.1593,39.1986],[-75.167,39.2076],[-75.167,39.2343],[-75.2117,39.2644],[-75.2342,39.2734],[-75.2421,39.2926],[-75.2495,39.2969],[-75.2874,39.2969],[-75.3036,39.3033],[-75.3209,39.3337],[-75.3314,39.3441],[-75.3406,39.345],[-75.3594,39.3379],[-75.3672,39.3426],[-75.4651,39.4297],[-75.4777,39.4409],[-75.5082,39.4573],[-75.5316,39.478],[-75.5413,39.5089],[-75.5316,39.4985],[-75.5238,39.4949],[-75.5104,39.5596],[-75.5137,39.5738],[-75.5475,39.6011],[-75.5582,39.6135],[-75.5574,39.6212],[-75.5354,39.6389],[-75.5102,39.6527],[-75.5011,39.6883],[-75.4875,39.6968],[-75.4767,39.7114],[-75.4652,39.7147],[-75.465,39.7166],[-75.4618,39.7482],[-75.4475,39.7672],[-75.3969,39.8079],[-75.3673,39.8238],[-75.3109,39.8432],[-75.2291,39.8546],[-75.1929,39.8675],[-75.1662,39.8734],[-75.1608,39.8786],[-75.1442,39.8749],[-75.0987,39.9064],[-75.1137,39.9221],[-75.1202,39.9407],[-75.116,39.9526],[-75.0987,39.9475],[-75.085,39.9611],[-75.0788,39.9536],[-75.0394,40.0026],[-75.0236,40.0163],[-75.0465,40.0091],[-75.08,39.9864],[-75.1197,39.9742],[-75.1329,39.9561],[-75.1387,39.9336],[-75.1334,39.9127],[-75.1478,39.9026],[-75.2079,39.8854],[-75.2487,39.8673],[-75.2731,39.8641],[-75.2974,39.8717],[-75.3353,39.8573],[-75.2373,39.9359],[-75.1858,40.0845],[-75.1353,40.082],[-75.0913,40.0751],[-75.0539,40.0628],[-75.0244,40.0464],[-75.0027,40.0259],[-74.986,40.0009],[-74.9251,40.011],[-74.9315,40.0372],[-74.9364,40.063],[-74.9114,40.1064],[-74.9048,40.1224],[-74.8751,40.1471],[-74.8765,40.1886],[-74.865,40.2187],[-74.8688,40.5296],[-74.8387,40.6346],[-74.8272,40.6886],[-74.825,40.7389],[-74.8306,40.7853],[-74.8443,40.8265],[-74.8656,40.8648],[-74.895,40.8979],[-74.8098,40.9593],[-74.6711,40.9815],[-74.7444,41.3872],[-74.3591,41.5438],[-74.3682,41.5664],[-74.1849,41.5892],[-74.1155,41.5803],[-74.0103,41.5516],[-73.9561,41.5261],[-73.8945,41.4663],[-73.8524,41.439],[-73.8283,41.3863],[-73.7683,41.2589],[-73.6146,41.27],[-73.5144,41.2194],[-73.496,41.1265],[-73.4762,41.0893],[-73.4552,41.0641],[-73.4746,41.0548],[-73.4852,41.0539],[-73.5042,41.0426],[-73.5232,41.0215],[-73.5371,41.0313],[-73.5648,41.0189],[-73.59,41.0148],[-73.5969,41.0237],[-73.6021,41.023],[-73.6039,41.0228],[-73.6111,41.0113],[-73.6346,41.0071],[-73.6503,40.9966],[-73.648,40.9921],[-73.6531,40.9821],[-73.677,40.9548],[-73.7108,40.953],[-73.7204,40.947],[-73.7644,40.9101],[-73.7774,40.8941],[-73.7828,40.876],[-73.7882,40.8718],[-73.8117,40.871],[-73.817,40.862],[-73.8199,40.8391],[-73.8051,40.8261],[-73.7977,40.8132],[-73.866,40.8118],[-73.8938,40.8039],[-73.9268,40.8048],[-73.9323,40.8256],[-73.9088,40.8686],[-73.9128,40.8816],[-73.9219,40.8868],[-73.898,40.9305],[-73.8895,40.9722],[-73.8754,41.0133],[-73.8722,41.0336],[-73.8716,41.1155],[-73.8753,41.1533],[-73.8859,41.1876],[-73.8957,41.2032],[-73.9405,41.236],[-73.957,41.2578],[-73.9535,41.2747],[-73.9451,41.291],[-73.9473,41.3111],[-73.9759,41.2922],[-73.982,41.2838],[-73.985,41.2696],[-73.9776,41.2529],[-73.9702,41.2191],[-73.9523,41.1893],[-73.9323,41.1783],[-73.9179,41.1635],[-73.9167,41.1457],[-73.9206,41.102],[-73.9064,41.0163],[-73.9077,40.9719],[-73.9181,40.9315],[-73.9547,40.8586],[-74.0143,40.7658],[-74.0319,40.7142],[-74.071,40.6872],[-74.0893,40.6693],[-74.096,40.6548],[-74.131,40.6452],[-74.1421,40.6463],[-74.139,40.6578],[-74.1056,40.7052],[-74.1124,40.7179],[-74.126,40.7032],[-74.15,40.6642],[-74.1608,40.6625],[-74.1903,40.6494],[-74.2096,40.6342],[-74.2153,40.5917],[-74.2217,40.5721],[-74.249,40.563],[-74.2605,40.5518],[-74.2639,40.5133],[-74.2696,40.5049],[-74.2827,40.4973],[-74.2695,40.4831],[-74.2563,40.46],[-74.2219,40.4519],[-74.2059,40.4429],[-74.1971,40.4409],[-74.1459,40.4477],[-74.1199,40.4453],[-74.0323,40.4216],[-73.993,40.4024],[-73.988,40.4078],[-73.9953,40.4219],[-73.9982,40.4411],[-74.0182,40.4805],[-73.9896,40.4682],[-73.9792,40.4493],[-73.9709,40.3947],[-73.9724,40.3276],[-73.9799,40.2802],[-73.9921,40.2269],[-74.0256,40.111],[-74.093,39.7763],[-74.1004,39.7832],[-74.0807,39.9229],[-74.0722,39.973],[-74.0513,40.0354],[-74.0503,40.055],[-74.0607,40.0622],[-74.0805,40.0513],[-74.0781,40.0438],[-74.0671,40.0419],[-74.0635,40.0308],[-74.0757,40.0252],[-74.083,40.0112],[-74.1037,40.014],[-74.1095,40.0028],[-74.1221,39.9973],[-74.1261,39.9816],[-74.1058,39.9855],[-74.1023,39.9709],[-74.1124,39.9497],[-74.1329,39.9338],[-74.1136,39.9311],[-74.11,39.9217],[-74.127,39.9059],[-74.1368,39.891],[-74.1259,39.8556],[-74.1273,39.8485],[-74.1659,39.8066],[-74.1865,39.7721],[-74.1902,39.7442],[-74.1633,39.7352],[-74.1611,39.7209],[-74.1676,39.6994],[-74.1818,39.692],[-74.1988,39.6761],[-74.2109,39.651],[-74.2436,39.6435],[-74.2521,39.6314],[-74.2475,39.6214],[-74.2564,39.6116],[-74.2909,39.6052],[-74.3285,39.5762],[-74.3297,39.5622],[-74.3035,39.5417],[-74.2902,39.5231],[-74.2974,39.5086],[-74.3109,39.5067],[-74.3213,39.5297],[-74.3588,39.5502],[-74.3736,39.5434],[-74.3868,39.5444],[-74.4072,39.557],[-74.4065,39.5201],[-74.4013,39.5024],[-74.3801,39.4875],[-74.3837,39.4711],[-74.3964,39.4472],[-74.433,39.4562],[-74.4481,39.4472],[-74.4621,39.4264],[-74.4687,39.3994],[-74.4503,39.4064],[-74.4344,39.395],[-74.4134,39.3571],[-74.4444,39.3471],[-74.5028,39.3182],[-74.5301,39.3106],[-74.5301,39.3162],[-74.5211,39.3304],[-74.4818,39.3647],[-74.5096,39.3789],[-74.5423,39.3473],[-74.5552,39.3293],[-74.5506,39.3106],[-74.5693,39.3111],[-74.6145,39.3124]]],[[[-74.1329,39.7147],[-74.1183,39.738],[-74.1095,39.7489],[-74.0981,39.7557],[-74.1058,39.7292],[-74.1297,39.7013],[-74.1479,39.6659],[-74.2564,39.5222],[-74.2546,39.5474],[-74.2401,39.5754],[-74.16,39.6855],[-74.1329,39.7147]]],[[[-74.1918,40.6283],[-74.1824,40.6374],[-74.1709,40.6434],[-74.1536,40.6375],[-74.1261,40.6335],[-74.1103,40.6378],[-74.0835,40.6495],[-74.0767,40.6487],[-74.0714,40.638],[-74.0746,40.634],[-74.0719,40.6233],[-74.0615,40.6146],[-74.0536,40.6027],[-74.1021,40.5546],[-74.1339,40.5327],[-74.148,40.5346],[-74.1924,40.5115],[-74.243,40.4994],[-74.2508,40.5014],[-74.2529,40.5074],[-74.2394,40.5169],[-74.2416,40.5392],[-74.2328,40.5479],[-74.2072,40.5603],[-74.2015,40.5699],[-74.1918,40.6283]]],[[[-73.2561,40.6391],[-73.3203,40.6351],[-73.3895,40.6168],[-73.5636,40.5775],[-73.5741,40.5751],[-73.5722,40.5788],[-73.5664,40.5903],[-73.3394,40.6446],[-73.2695,40.6493],[-73.2484,40.6477],[-73.2561,40.6391]]],[[[-73.2975,40.6226],[-73.305,40.6299],[-73.2553,40.6297],[-73.1766,40.651],[-73.1613,40.6545],[-73.1501,40.6438],[-73.2458,40.6238],[-73.2975,40.6226]]],[[[-73.9395,40.542],[-73.9395,40.5555],[-73.7898,40.6003],[-73.7768,40.6116],[-73.7688,40.6185],[-73.7714,40.6233],[-73.7981,40.6381],[-73.8296,40.6488],[-73.8688,40.6401],[-73.8861,40.6274],[-73.8913,40.6236],[-73.8929,40.6143],[-73.8835,40.6004],[-73.8778,40.5821],[-73.8919,40.5769],[-73.8976,40.5833],[-73.9264,40.5837],[-73.9322,40.5777],[-73.9416,40.5746],[-73.9881,40.5694],[-74.0038,40.5706],[-74.0117,40.5793],[-74.0007,40.5833],[-73.9981,40.5896],[-74.0049,40.5972],[-74.03,40.6055],[-74.04,40.6198],[-74.0358,40.6389],[-74.0238,40.6492],[-74.0128,40.6647],[-74.0155,40.6778],[-73.9977,40.6961],[-73.9693,40.7087],[-73.9594,40.7247],[-73.9568,40.7432],[-73.9302,40.7731],[-73.9086,40.7887],[-73.8871,40.7799],[-73.8703,40.7823],[-73.8609,40.7764],[-73.8231,40.7974],[-73.779,40.7922],[-73.7604,40.774],[-73.7575,40.7711],[-73.7565,40.7738],[-73.7501,40.7913],[-73.7643,40.81],[-73.7555,40.8328],[-73.7398,40.8343],[-73.7146,40.8048],[-73.7084,40.8077],[-73.703,40.8102],[-73.6969,40.8219],[-73.6983,40.8267],[-73.7004,40.8336],[-73.7331,40.8437],[-73.7313,40.8544],[-73.7202,40.8662],[-73.7053,40.8667],[-73.6813,40.859],[-73.6744,40.8568],[-73.6655,40.8385],[-73.6533,40.8239],[-73.6461,40.8309],[-73.6534,40.8678],[-73.6327,40.8996],[-73.5653,40.9145],[-73.5205,40.9176],[-73.5127,40.9051],[-73.5153,40.9004],[-73.5286,40.8917],[-73.5407,40.8953],[-73.5491,40.891],[-73.535,40.8786],[-73.5113,40.8773],[-73.5076,40.8936],[-73.4934,40.892],[-73.4929,40.8816],[-73.4798,40.8772],[-73.4724,40.8824],[-73.4755,40.8907],[-73.4681,40.8936],[-73.4691,40.9013],[-73.4941,40.9271],[-73.4857,40.9456],[-73.4621,40.9364],[-73.4313,40.9333],[-73.4408,40.9147],[-73.4203,40.9004],[-73.4012,40.9038],[-73.4086,40.8793],[-73.3997,40.839],[-73.3424,40.8112],[-73.2969,40.803],[-73.2379,40.7973],[-73.2466,40.7367],[-73.2161,40.7074],[-73.2333,40.7145],[-73.275,40.6869],[-73.3175,40.6836],[-73.3722,40.6624],[-73.5611,40.638],[-73.6272,40.6144],[-73.6529,40.6014],[-73.6644,40.6038],[-73.656,40.6089],[-73.6554,40.618],[-73.668,40.626],[-73.6958,40.6215],[-73.7109,40.6102],[-73.7106,40.601],[-73.7104,40.5951],[-73.6702,40.5945],[-73.5755,40.5932],[-73.5818,40.5845],[-73.6055,40.5842],[-73.7073,40.5828],[-73.7523,40.5857],[-73.7681,40.5896],[-73.8126,40.5837],[-73.9395,40.542]]],[[[-74.0032,40.7559],[-73.9392,40.8542],[-73.928,40.8775],[-73.918,40.8751],[-73.9167,40.8633],[-73.9388,40.8282],[-73.9401,40.8139],[-73.9334,40.7972],[-73.9464,40.7772],[-73.9722,40.7407],[-73.9758,40.714],[-74.0169,40.6993],[-74.012,40.73],[-74.0032,40.7559]]]]}},{"type":"Feature","properties":{"power":"Houston Republic","endonym":null,"regions":2,"era":"2290","regionIds":[123,178]},"geometry":{"type":"Polygon","coordinates":[[[-94.5672,31.529],[-94.5894,31.5171],[-94.6136,31.5402],[-94.7214,31.5545],[-94.8192,31.5611],[-94.9099,31.5599],[-94.9919,31.552],[-95.0653,31.5364],[-95.1315,31.5131],[-95.3753,31.609],[-95.4901,31.6122],[-95.6971,31.5512],[-95.72,31.5961],[-95.7516,31.5747],[-96.0965,31.5606],[-96.1747,31.5064],[-96.1889,31.3961],[-96.2502,31.4742],[-96.8483,31.4845],[-96.9059,31.4854],[-97.0032,31.5087],[-97.0092,31.6868],[-97.0287,31.6849],[-97.034,31.7208],[-96.856,31.7733],[-96.8954,31.93],[-97.0069,31.9537],[-97.0212,32.07],[-96.806,32.0842],[-96.7483,32.0833],[-96.7239,32.0914],[-96.4904,32.1681],[-96.3615,32.2103],[-96.3469,32.2291],[-96.2771,32.321],[-95.9304,32.3362],[-95.9224,32.6599],[-96.0863,32.7421],[-95.9599,33.1093],[-95.9601,33.1339],[-95.9564,33.1434],[-95.7985,33.14],[-95.4044,33.3099],[-95.3442,33.3018],[-95.2901,33.3004],[-95.2426,33.3033],[-95.2027,33.3129],[-95.1679,33.3269],[-95.1407,33.3475],[-95.1217,33.3695],[-94.9914,33.5242],[-94.7169,33.5155],[-94.4596,33.6195],[-94.4409,33.6639],[-94.3407,33.4585],[-94.4146,33.2446],[-94.5761,33.0931],[-94.5892,33.0273],[-94.6087,32.966],[-94.6358,32.9114],[-94.6691,32.8634],[-94.7087,32.821],[-94.756,32.7842],[-94.7745,32.6282],[-94.7365,32.5886],[-94.7074,32.544],[-94.6858,32.4943],[-94.672,32.4385],[-94.6672,32.3778],[-94.67,32.3109],[-94.4263,32.2013],[-94.4203,32.078],[-94.4901,31.9248],[-94.5006,31.8977],[-94.4974,31.87],[-94.4527,31.8758],[-94.4203,31.8714],[-94.4196,31.7645],[-94.4188,31.6101],[-94.4331,31.5863],[-94.5124,31.5587],[-94.5672,31.529]]]}}]}
