{"type":"FeatureCollection","features":[{"type":"Feature","properties":{},"bbox":[-125.123737,64.80732,-117.462469,67.046548],"geometry":{"type":"Polygon","coordinates":[[[-118.9007,65.789],[-119.1955,65.8096],[-119.2247,65.8055],[-119.2787,65.792],[-119.3053,65.789],[-119.633,65.7976],[-119.6561,65.789],[-119.6882,65.7967],[-119.7032,65.7961],[-119.7219,65.7725],[-119.7504,65.7628],[-119.7647,65.7481],[-119.75,65.7416],[-119.6964,65.734],[-119.7107,65.7278],[-119.6806,65.719],[-119.6131,65.7296],[-119.5866,65.7134],[-119.6494,65.6939],[-119.7172,65.6836],[-119.854,65.6792],[-119.8398,65.6651],[-119.852,65.6589],[-119.8465,65.6513],[-119.8988,65.6474],[-119.9236,65.6392],[-119.9434,65.6242],[-119.9223,65.6103],[-120.0661,65.6357],[-120.0898,65.6362],[-120.1073,65.6242],[-120.0217,65.6003],[-120.0083,65.5768],[-119.9496,65.5627],[-119.9,65.5326],[-119.8598,65.5244],[-119.8467,65.5147],[-119.8299,65.4914],[-119.8143,65.4861],[-119.7367,65.4738],[-119.6312,65.4738],[-119.6174,65.4696],[-119.5501,65.4284],[-119.5108,65.3919],[-119.5232,65.3781],[-119.5107,65.3584],[-119.4772,65.3225],[-119.6165,65.3484],[-119.7101,65.3434],[-119.7481,65.3542],[-119.7722,65.3398],[-119.7853,65.3372],[-119.7981,65.3398],[-119.8208,65.3528],[-119.8537,65.3366],[-119.8926,65.3384],[-119.8882,65.3298],[-119.9035,65.3177],[-119.9504,65.293],[-119.985,65.2824],[-120.0065,65.2686],[-120.0195,65.253],[-120.0117,65.2412],[-120.0454,65.1988],[-120.0558,65.1926],[-120.131,65.1923],[-120.1482,65.1894],[-120.1849,65.1759],[-120.2625,65.1585],[-120.2991,65.145],[-120.3484,65.1143],[-120.382,65.1058],[-120.4179,65.087],[-120.4426,65.0802],[-120.4573,65.0622],[-120.4768,65.0549],[-120.5365,65.0416],[-120.5512,65.034],[-120.553,65.0213],[-120.6696,64.9866],[-120.7797,64.9842],[-120.8151,64.971],[-120.8506,64.9689],[-120.9042,64.9421],[-120.9161,64.9395],[-121.0037,64.9377],[-121.0533,64.9251],[-121.0328,64.9121],[-121.0328,64.9048],[-121.0799,64.9048],[-121.0737,64.8986],[-121.1079,64.8986],[-121.097,64.8697],[-121.1277,64.8559],[-121.1709,64.8462],[-121.1966,64.8297],[-121.1625,64.8226],[-121.2047,64.8094],[-121.2284,64.8073],[-121.3116,64.8276],[-121.3481,64.8159],[-121.3669,64.8214],[-121.3947,64.8415],[-121.5051,64.8841],[-121.4914,64.8909],[-121.5067,64.9109],[-121.5088,64.9283],[-121.4991,64.9433],[-121.478,64.9566],[-121.4421,64.9713],[-121.4171,64.9769],[-121.3974,64.9931],[-121.3816,64.9939],[-121.389,64.9866],[-121.3669,64.9769],[-121.286,64.9598],[-121.286,64.9669],[-121.3139,64.973],[-121.3088,64.9828],[-121.2998,64.9842],[-121.2754,64.9804],[-121.2314,65.001],[-121.1762,64.9939],[-121.1709,64.991],[-121.1692,64.9822],[-121.1628,64.9804],[-121.1431,64.9857],[-121.0836,64.9866],[-121.0739,64.991],[-121.0552,65.0101],[-121.0235,65.0178],[-120.957,65.0419],[-120.9766,65.059],[-120.9997,65.0702],[-121.0135,65.0828],[-121.0054,65.104],[-120.9804,65.1211],[-120.9176,65.132],[-120.8887,65.1411],[-120.8291,65.1676],[-120.7652,65.1859],[-120.7037,65.1926],[-120.69,65.2138],[-120.6672,65.2177],[-120.6468,65.2324],[-120.5982,65.258],[-120.5686,65.2639],[-120.5564,65.2715],[-120.5359,65.3057],[-120.4123,65.3784],[-120.3915,65.3952],[-120.3733,65.4164],[-120.3608,65.4367],[-120.34,65.4808],[-120.3475,65.4876],[-120.3333,65.5079],[-120.3527,65.5135],[-120.3893,65.5306],[-120.4089,65.5353],[-120.3765,65.5468],[-120.368,65.5553],[-120.3808,65.5574],[-120.3889,65.563],[-120.3917,65.5718],[-120.3884,65.5833],[-120.7174,65.618],[-120.8304,65.6018],[-120.8767,65.588],[-120.9095,65.573],[-120.9577,65.568],[-121.0824,65.5265],[-121.128,65.525],[-121.1488,65.5141],[-121.1283,65.5079],[-121.1556,65.4944],[-121.2739,65.4652],[-121.3548,65.4323],[-121.4752,65.4087],[-121.5331,65.3899],[-121.5734,65.3572],[-121.5419,65.3575],[-121.5119,65.351],[-121.5238,65.3292],[-121.5397,65.3136],[-121.6187,65.268],[-121.6161,65.2518],[-121.6217,65.2412],[-121.6142,65.2359],[-121.5877,65.2336],[-121.5865,65.2221],[-121.598,65.2109],[-121.6014,65.2032],[-121.5942,65.1823],[-121.5945,65.1723],[-121.6079,65.152],[-121.6524,65.1379],[-121.6703,65.1238],[-121.6488,65.1167],[-121.6117,65.0973],[-121.5877,65.0902],[-121.6152,65.0684],[-121.7109,65.0731],[-121.7384,65.0622],[-121.7196,65.0587],[-121.7174,65.0525],[-121.7204,65.0443],[-121.7453,65.0493],[-121.7602,65.0463],[-121.7852,65.0352],[-121.7999,65.0352],[-121.7999,65.0275],[-121.7945,65.0193],[-121.821,65.0078],[-121.8408,65.0213],[-121.9397,65.0045],[-121.9727,64.9898],[-121.992,64.9866],[-122.0576,64.986],[-122.0743,64.9804],[-122.0485,64.9666],[-122.0191,64.9598],[-122.0475,64.9451],[-122.0887,64.9489],[-122.1667,64.9669],[-122.2042,64.9904],[-122.224,64.9978],[-123.3389,65.1126],[-123.4517,65.1414],[-123.4925,65.1653],[-123.4846,65.187],[-123.4307,65.2021],[-123.0916,65.22],[-123.0474,65.2336],[-122.9971,65.2262],[-122.9793,65.2268],[-122.9575,65.2347],[-122.917,65.2565],[-122.8498,65.2709],[-122.7316,65.3434],[-122.7534,65.3757],[-122.7582,65.3937],[-122.7532,65.4119],[-122.7924,65.4434],[-122.8386,65.467],[-122.8901,65.4823],[-122.9444,65.4876],[-122.9444,65.495],[-122.9075,65.4961],[-122.8629,65.4899],[-122.8215,65.4908],[-122.7943,65.5141],[-122.8209,65.5141],[-122.7821,65.5547],[-122.7609,65.5656],[-122.6159,65.5741],[-122.5807,65.5833],[-122.5483,65.6006],[-122.4767,65.6162],[-122.4306,65.6206],[-122.3622,65.6386],[-122.3343,65.6513],[-122.2933,65.6863],[-122.2655,65.6931],[-122.2557,65.7169],[-122.2326,65.7331],[-122.1797,65.7566],[-122.1563,65.7749],[-122.1486,65.8217],[-122.201,65.8514],[-122.511,65.9041],[-122.5403,65.918],[-122.5542,65.9339],[-122.5336,65.9468],[-122.5541,65.9618],[-122.59,65.9674],[-122.7557,65.9589],[-122.7868,65.9665],[-122.755,65.9768],[-122.6016,65.9812],[-122.5846,65.9839],[-122.5548,65.9966],[-122.4926,65.9939],[-122.3972,66.0127],[-122.2307,66.0095],[-122.1875,65.9901],[-122.1702,65.9874],[-122.0757,65.9889],[-122.017,65.9824],[-121.838,65.9288],[-121.395,65.9524],[-121.2826,65.9874],[-121.2717,65.9939],[-121.2645,66.0057],[-121.2604,66.0292],[-121.235,66.0648],[-121.2364,66.0813],[-121.2546,66.0928],[-121.327,66.1137],[-121.3685,66.1175],[-121.394,66.1108],[-121.4103,66.1025],[-121.4436,66.1114],[-121.55,66.0934],[-121.5808,66.104],[-121.5945,66.1387],[-121.6045,66.1487],[-121.662,66.1849],[-121.9071,66.2497],[-123.0445,66.2529],[-123.0611,66.2485],[-123.0402,66.2276],[-122.9603,66.2014],[-122.9376,66.1796],[-123.0152,66.1381],[-123.0549,66.1052],[-123.0645,66.1055],[-123.0847,66.1175],[-123.1047,66.1175],[-123.1121,66.1143],[-123.1197,66.1063],[-123.1188,66.1022],[-123.0887,66.0666],[-123.0885,66.056],[-123.1032,66.0434],[-123.1234,66.0445],[-123.1605,66.056],[-123.1695,66.0616],[-123.1708,66.0849],[-123.1742,66.0902],[-123.2392,66.1449],[-123.2501,66.1637],[-123.2575,66.1702],[-123.2734,66.1726],[-123.7723,66.1255],[-123.8639,66.1058],[-124.0442,66.1119],[-124.0768,66.1178],[-124.1095,66.1311],[-124.1634,66.1741],[-124.1852,66.1796],[-124.5961,66.1523],[-124.608,66.1487],[-124.6164,66.1396],[-124.6199,66.1281],[-124.6165,66.1175],[-124.6051,66.1111],[-124.5693,66.1043],[-124.5546,66.0975],[-124.5855,66.0722],[-124.5901,66.0601],[-124.5824,66.0425],[-124.5572,66.0257],[-124.5546,66.0151],[-124.5603,66.0045],[-124.5718,65.9986],[-124.621,65.9913],[-124.6498,65.993],[-124.6772,66.0007],[-124.6985,66.0151],[-124.7094,66.0357],[-124.6928,66.0398],[-124.637,66.0357],[-124.6538,66.0487],[-124.6731,66.0545],[-124.7159,66.056],[-124.735,66.0507],[-124.7689,66.0272],[-124.7842,66.0219],[-124.8046,66.0089],[-124.8036,65.9795],[-124.7955,65.9471],[-124.7946,65.9256],[-124.7896,65.9185],[-124.7902,65.9132],[-124.7963,65.9118],[-124.8227,65.9206],[-124.856,65.9262],[-124.8698,65.9327],[-124.879,65.9421],[-124.894,65.9704],[-124.9053,65.978],[-124.9353,65.9877],[-125.0317,66.0498],[-125.1098,66.1222],[-125.119,66.1373],[-125.1237,66.1688],[-125.119,66.1888],[-125.0866,66.2229],[-125.0828,66.2309],[-125.0887,66.2529],[-125.0828,66.2621],[-125.0019,66.2827],[-124.9833,66.2977],[-124.962,66.3083],[-124.9318,66.303],[-124.9455,66.2894],[-124.8827,66.2656],[-124.8195,66.2741],[-124.7575,66.2921],[-124.6985,66.2956],[-124.6542,66.2777],[-124.5918,66.2744],[-124.5477,66.2682],[-124.4816,66.2521],[-124.4557,66.2597],[-124.439,66.3047],[-124.4245,66.3095],[-124.3937,66.3092],[-124.3788,66.3142],[-124.3485,66.3504],[-124.3182,66.3648],[-124.2845,66.3695],[-124.2505,66.3651],[-124.1862,66.3427],[-124.1155,66.3312],[-124.048,66.3121],[-124.0134,66.3159],[-123.8742,66.3592],[-123.8244,66.3833],[-123.8007,66.3892],[-123.7181,66.3945],[-123.6434,66.4122],[-123.5474,66.4172],[-123.5016,66.4399],[-123.382,66.4496],[-123.3246,66.4637],[-123.2701,66.4696],[-123.2457,66.4767],[-123.1977,66.4979],[-123.1923,66.5052],[-123.1889,66.5243],[-123.1539,66.5346],[-123.1413,66.5355],[-123.1294,66.5285],[-123.1636,66.5152],[-123.144,66.512],[-123.1388,66.5014],[-123.1461,66.4893],[-123.1636,66.4814],[-123.1362,66.4699],[-123.1073,66.4672],[-123.0474,66.4743],[-123.0301,66.4875],[-123.0202,66.4743],[-122.9743,66.4775],[-122.9612,66.4843],[-122.9513,66.5188],[-122.9203,66.5464],[-122.8923,66.5555],[-122.8218,66.5429],[-122.7943,66.5503],[-122.7943,66.5426],[-122.7554,66.5544],[-122.6186,66.5426],[-122.5403,66.5488],[-122.4646,66.5638],[-122.4883,66.5709],[-122.5416,66.5641],[-122.567,66.57],[-122.5479,66.5809],[-122.5154,66.6082],[-122.4926,66.6109],[-122.5012,66.6018],[-122.5033,66.5918],[-122.4982,66.5826],[-122.4852,66.5767],[-122.4696,66.5782],[-122.4403,66.5941],[-122.407,66.6012],[-122.3779,66.6153],[-122.3619,66.6182],[-122.3479,66.6156],[-122.3201,66.5912],[-122.3304,66.577],[-122.3828,66.57],[-122.3828,66.5638],[-122.3576,66.5594],[-122.3264,66.5632],[-122.2967,66.5738],[-122.2529,66.5997],[-121.9969,66.6227],[-121.7486,66.6939],[-121.4639,66.7239],[-121.4368,66.7351],[-121.4822,66.7557],[-121.4814,66.7651],[-121.4629,66.7737],[-121.4401,66.774],[-121.3962,66.7687],[-121.3797,66.7707],[-121.3135,66.7966],[-121.303,66.8061],[-121.2587,66.8028],[-121.2587,66.8096],[-121.2649,66.8208],[-121.2561,66.8278],[-121.2246,66.8375],[-121.1793,66.8676],[-121.1628,66.8717],[-120.9775,66.8579],[-120.9342,66.8623],[-120.8558,66.8817],[-120.7947,66.8882],[-120.7558,66.8973],[-120.6491,66.9058],[-120.6428,66.9191],[-120.5849,66.9344],[-120.5359,66.9535],[-120.4291,66.9462],[-120.3437,66.9553],[-120.2926,66.9535],[-120.2667,66.9574],[-120.1999,66.9791],[-120.1543,67.0018],[-120.0526,67.0015],[-119.936,67.0368],[-119.8739,67.043],[-119.8683,67.041],[-119.8671,67.0292],[-119.858,67.0312],[-119.8398,67.043],[-119.8096,67.0465],[-119.784,67.0448],[-119.7606,67.0368],[-119.7367,67.0224],[-119.7522,67.0151],[-119.8125,67.0089],[-119.7785,66.9771],[-119.7179,66.9833],[-119.6515,66.9986],[-119.6009,66.9944],[-119.6555,66.9815],[-119.6313,66.9697],[-119.5985,66.9697],[-119.4294,66.9944],[-119.4971,66.9815],[-119.5145,66.9597],[-119.5245,66.9535],[-119.4864,66.9432],[-119.2781,66.9332],[-119.2207,66.9459],[-119.2023,66.94],[-119.2303,66.9126],[-119.2197,66.9067],[-119.1888,66.9126],[-119.1483,66.8997],[-119.1237,66.8973],[-119.0407,66.9008],[-119.0105,66.9058],[-118.9993,66.9038],[-118.9837,66.892],[-118.963,66.8885],[-118.9552,66.8841],[-118.9596,66.8749],[-118.9805,66.8661],[-119.3022,66.8311],[-119.3401,66.8169],[-119.3442,66.8046],[-119.3763,66.7934],[-119.4431,66.7822],[-119.4714,66.7578],[-119.4909,66.7542],[-119.5725,66.7687],[-119.5794,66.7654],[-119.5473,66.7513],[-119.5204,66.7478],[-119.5183,66.7386],[-119.522,66.7307],[-119.5525,66.7351],[-119.6097,66.7366],[-119.6571,66.7174],[-119.6727,66.7157],[-119.6889,66.7207],[-119.6827,66.7278],[-119.7054,66.726],[-119.7351,66.7166],[-119.7635,66.7033],[-119.806,66.6774],[-119.9712,66.6633],[-120.0148,66.6518],[-120.1063,66.6689],[-120.1353,66.6662],[-120.1353,66.6589],[-120.0917,66.6497],[-120.0526,66.6321],[-120.0891,66.6156],[-120.1284,66.6109],[-120.1388,66.6056],[-120.1725,66.567],[-120.1878,66.5588],[-120.2451,66.5503],[-120.2953,66.552],[-120.3212,66.5488],[-120.34,66.5358],[-120.3196,66.5285],[-120.3484,66.5173],[-120.3809,66.5152],[-120.3809,66.5084],[-120.3196,66.4949],[-120.3321,66.4884],[-120.3458,66.4878],[-120.3748,66.4949],[-120.354,66.4752],[-120.3168,66.4728],[-120.2451,66.4814],[-120.2616,66.4687],[-120.2788,66.4628],[-120.3609,66.454],[-120.3718,66.4558],[-120.3946,66.4669],[-120.4354,66.4678],[-120.4542,66.4628],[-120.471,66.454],[-120.4934,66.4237],[-120.5119,66.4193],[-120.4778,66.4122],[-120.4673,66.3884],[-120.4522,66.381],[-120.4353,66.3819],[-120.3652,66.3992],[-120.3462,66.3975],[-120.3126,66.3798],[-120.2941,66.3789],[-120.258,66.3851],[-120.2201,66.3848],[-120.2012,66.3872],[-120.1731,66.4042],[-120.1575,66.4084],[-120.14,66.4084],[-120.0056,66.3795],[-119.9638,66.3778],[-119.998,66.3571],[-119.9802,66.3445],[-119.9491,66.3362],[-119.8879,66.3304],[-119.8362,66.3368],[-119.7564,66.3672],[-119.7263,66.371],[-119.6502,66.3704],[-119.6152,66.3627],[-119.6069,66.3571],[-119.6085,66.346],[-119.6166,66.3386],[-119.6278,66.3365],[-119.6624,66.3489],[-119.6989,66.3498],[-119.7647,66.3442],[-119.7924,66.3368],[-119.8034,66.3251],[-119.795,66.3142],[-119.7644,66.3092],[-119.5573,66.3018],[-119.5201,66.3062],[-119.4909,66.3168],[-119.5165,66.3271],[-119.5455,66.3304],[-119.518,66.3395],[-119.3763,66.343],[-119.2017,66.3186],[-118.895,66.3236],[-118.8333,66.3092],[-118.7279,66.3307],[-118.6782,66.3533],[-118.6433,66.3507],[-118.5866,66.3371],[-118.5528,66.3418],[-118.4935,66.3642],[-118.4624,66.3713],[-118.4652,66.3633],[-118.4141,66.3675],[-118.3211,66.3913],[-118.2593,66.4243],[-118.1608,66.4499],[-118.1199,66.4743],[-118.1311,66.482],[-118.1273,66.4949],[-118.1455,66.5014],[-118.1561,66.5002],[-118.165,66.477],[-118.2103,66.4505],[-118.2434,66.4419],[-118.2798,66.439],[-118.2341,66.4778],[-118.2297,66.4843],[-118.2247,66.5052],[-118.2174,66.5126],[-118.1762,66.5232],[-118.0521,66.5973],[-117.9856,66.6153],[-117.8222,66.6306],[-117.7655,66.6568],[-117.7362,66.6662],[-117.6233,66.6804],[-117.606,66.6798],[-117.6407,66.6662],[-117.6439,66.66],[-117.6445,66.6456],[-117.6537,66.6383],[-117.6763,66.6356],[-117.7209,66.6459],[-117.7437,66.6383],[-117.7284,66.6283],[-117.7259,66.6206],[-117.7295,66.6109],[-117.6129,66.6315],[-117.5923,66.6253],[-117.6612,66.6097],[-117.6937,66.595],[-117.7272,66.5738],[-117.7362,66.5638],[-117.7196,66.5576],[-117.7196,66.5461],[-117.7437,66.5223],[-117.764,66.5137],[-117.8257,66.5084],[-117.8721,66.4828],[-117.8802,66.4743],[-117.8769,66.4599],[-117.864,66.451],[-117.8317,66.4402],[-117.8755,66.434],[-117.8961,66.4263],[-117.9075,66.4122],[-117.8865,66.4084],[-117.8604,66.4095],[-117.7873,66.4249],[-117.7228,66.4299],[-117.6952,66.4472],[-117.6407,66.4643],[-117.5964,66.474],[-117.5723,66.4875],[-117.5478,66.4961],[-117.524,66.4875],[-117.5724,66.4602],[-117.5311,66.4528],[-117.5116,66.4549],[-117.4795,66.4675],[-117.4706,66.4678],[-117.4642,66.4637],[-117.4625,66.454],[-117.4666,66.4428],[-117.4969,66.4296],[-117.5188,66.4257],[-117.5692,66.4325],[-117.5923,66.426],[-117.6097,66.3957],[-117.6469,66.3778],[-117.6254,66.3713],[-117.5818,66.3672],[-117.5649,66.3571],[-117.6286,66.3554],[-117.6594,66.3495],[-117.6884,66.3371],[-117.7065,66.3206],[-117.7118,66.3027],[-117.7021,66.29],[-117.6749,66.2894],[-117.6884,66.303],[-117.671,66.3071],[-117.65,66.3021],[-117.6133,66.2827],[-117.6133,66.2753],[-117.6226,66.2756],[-117.6469,66.2682],[-117.6407,66.2547],[-117.6679,66.2485],[-117.661,66.235],[-117.6862,66.225],[-117.7499,66.2138],[-117.7259,66.2315],[-117.7233,66.2412],[-117.8113,66.2138],[-117.8053,66.2017],[-117.8089,66.1923],[-117.8257,66.1726],[-117.7951,66.1785],[-117.7783,66.1882],[-117.7499,66.1858],[-117.714,66.1926],[-117.6965,66.1929],[-117.681,66.1858],[-117.7177,66.1746],[-117.7409,66.1585],[-117.7574,66.1523],[-117.7686,66.1567],[-117.782,66.1699],[-117.7914,66.1726],[-117.8044,66.1705],[-117.8132,66.1646],[-117.8163,66.1555],[-117.8113,66.1449],[-117.8267,66.1423],[-117.8666,66.1585],[-117.8843,66.1605],[-117.9173,66.157],[-117.963,66.1423],[-117.9879,66.1296],[-118.031,66.0975],[-117.9936,66.0958],[-117.9828,66.0902],[-117.9928,66.074],[-117.967,66.069],[-117.9008,66.0704],[-117.8325,66.056],[-117.787,66.0631],[-117.7704,66.0628],[-117.7732,66.0551],[-117.7704,66.0425],[-117.7773,66.0295],[-117.8728,66.0492],[-117.9382,66.0336],[-117.9554,66.0357],[-117.9301,66.0507],[-117.9246,66.0572],[-117.9355,66.0628],[-117.9508,66.0625],[-117.9945,66.0522],[-118.0356,66.0357],[-118.1105,66.0331],[-118.1335,66.0151],[-118.0926,66.0016],[-118.1273,65.9939],[-118.113,65.981],[-118.1246,65.9706],[-118.1645,65.95],[-118.1673,65.9409],[-118.1472,65.9121],[-118.1971,65.9165],[-118.2155,65.9121],[-118.2208,65.9085],[-118.223,65.8982],[-118.2471,65.8815],[-118.2662,65.8558],[-118.2506,65.8503],[-118.2205,65.8526],[-118.1962,65.8505],[-118.2093,65.837],[-118.1926,65.8246],[-118.1692,65.8146],[-118.1199,65.8023],[-118.0886,65.8017],[-117.9167,65.8305],[-117.875,65.8544],[-117.8443,65.8632],[-117.8119,65.8647],[-117.7846,65.857],[-117.7986,65.8511],[-117.8462,65.8432],[-117.9008,65.8158],[-117.9024,65.8191],[-117.9492,65.8096],[-117.9417,65.7961],[-117.9757,65.7967],[-117.9911,65.7929],[-118.0038,65.7823],[-117.963,65.7549],[-117.914,65.7558],[-117.8602,65.7664],[-117.8045,65.7687],[-117.8198,65.7546],[-117.8394,65.7481],[-117.8342,65.7396],[-117.8262,65.7346],[-117.816,65.7331],[-117.8337,65.7316],[-117.8725,65.7378],[-117.9049,65.7387],[-117.9145,65.7201],[-117.9295,65.7254],[-117.9828,65.734],[-117.9995,65.7296],[-118.0175,65.706],[-118.0438,65.6898],[-118.0765,65.6795],[-118.1105,65.6757],[-118.1851,65.6884],[-118.3675,65.6551],[-118.3941,65.6589],[-118.3687,65.673],[-118.3587,65.6822],[-118.3669,65.6863],[-118.4345,65.6963],[-118.4823,65.6798],[-118.5613,65.6798],[-118.5859,65.6589],[-118.5125,65.6374],[-118.4904,65.6242],[-118.5108,65.6251],[-118.5478,65.6357],[-118.6412,65.6451],[-118.7088,65.6686],[-118.7042,65.6839],[-118.6925,65.6916],[-118.6617,65.6998],[-118.6748,65.7054],[-118.7163,65.7134],[-118.7432,65.7134],[-118.7503,65.7154],[-118.764,65.7278],[-118.8547,65.7287],[-118.8815,65.734],[-118.86,65.7425],[-118.8317,65.7466],[-118.7777,65.7481],[-118.8046,65.764],[-118.8369,65.7752],[-118.9007,65.789]],[[-118.5519,65.706],[-118.4976,65.6884],[-118.2993,65.724],[-118.2639,65.7481],[-118.2155,65.7552],[-118.1837,65.7675],[-118.1442,65.7669],[-118.1364,65.7714],[-118.1335,65.7858],[-118.1466,65.7982],[-118.2088,65.8249],[-118.23,65.8302],[-118.2885,65.8294],[-118.3176,65.8252],[-118.415,65.7843],[-118.4545,65.7575],[-118.5045,65.739],[-118.5245,65.7201],[-118.5404,65.7178],[-118.5519,65.706]],[[-119.45,66.8308],[-119.3604,66.8328],[-119.2712,66.8449],[-119.2179,66.862],[-119.1333,66.8717],[-119.1136,66.8785],[-119.1907,66.8967],[-119.2713,66.9053],[-119.3502,66.8991],[-119.4221,66.8717],[-119.4425,66.8579],[-119.425,66.8629],[-119.39,66.8652],[-119.3742,66.8717],[-119.3858,66.857],[-119.4066,66.8508],[-119.4301,66.8517],[-119.45,66.8579],[-119.45,66.8511],[-119.3873,66.8449],[-119.4178,66.8373],[-119.45,66.8375],[-119.45,66.8308]],[[-122.3418,66.3201],[-122.3697,66.3463],[-122.433,66.3457],[-122.4999,66.3315],[-122.5398,66.3168],[-122.5438,66.3059],[-122.5536,66.3015],[-122.5807,66.2956],[-122.4462,66.2909],[-122.3735,66.2971],[-122.3418,66.3201]]]}},{"type":"Feature","properties":{},"bbox":[-117.688393,60.834876,-109.684044,62.801228],"geometry":{"type":"Polygon","coordinates":[[[-111.6716,62.3841],[-111.6707,62.3706],[-111.6555,62.3697],[-111.6305,62.3829],[-111.5848,62.4424],[-111.5725,62.4518],[-111.5622,62.4554],[-111.535,62.4783],[-111.3423,62.5631],[-111.2879,62.5746],[-111.297,62.5878],[-111.3083,62.5958],[-111.2602,62.6237],[-111.1983,62.6278],[-111.1329,62.6243],[-111.0749,62.6293],[-110.9903,62.649],[-110.8609,62.6591],[-110.8285,62.6508],[-110.8004,62.6658],[-110.6783,62.6726],[-110.5482,62.6617],[-110.5208,62.6641],[-110.4997,62.6696],[-110.4966,62.6755],[-110.527,62.692],[-110.4721,62.7182],[-110.4491,62.7341],[-110.4314,62.7597],[-110.4875,62.768],[-110.5031,62.7774],[-110.4866,62.7945],[-110.464,62.8012],[-110.4485,62.7953],[-110.4177,62.7739],[-110.4046,62.7724],[-110.3693,62.78],[-110.2138,62.7724],[-110.1031,62.7815],[-109.8973,62.7762],[-109.8833,62.7739],[-109.8492,62.7459],[-109.8274,62.7391],[-109.7697,62.7321],[-109.7462,62.7329],[-109.7659,62.7253],[-109.9522,62.7459],[-110.2018,62.7391],[-110.2492,62.7309],[-110.2884,62.7485],[-110.3231,62.7556],[-110.3596,62.7553],[-110.3898,62.7459],[-110.4177,62.7159],[-110.4223,62.7053],[-110.4351,62.6988],[-110.4279,62.6882],[-110.4023,62.6805],[-110.2873,62.692],[-110.1661,62.6747],[-110.0964,62.6888],[-109.684,62.6708],[-109.6948,62.6561],[-109.7105,62.6505],[-109.7492,62.6508],[-109.7612,62.647],[-109.8005,62.6193],[-109.8555,62.5943],[-109.887,62.5855],[-110.1721,62.5478],[-110.1898,62.5481],[-110.2054,62.5543],[-110.198,62.561],[-110.2299,62.5719],[-110.3628,62.5684],[-110.3955,62.5631],[-110.4534,62.5392],[-110.4863,62.5337],[-110.5748,62.5472],[-110.6443,62.541],[-110.7177,62.5513],[-110.7555,62.5495],[-110.7876,62.5337],[-110.756,62.5272],[-110.6931,62.5231],[-110.6641,62.513],[-110.6618,62.4954],[-110.6543,62.4927],[-110.6136,62.4939],[-110.5062,62.5101],[-110.3851,62.5466],[-110.3215,62.541],[-110.5835,62.4754],[-110.6406,62.4721],[-110.6634,62.4654],[-110.6822,62.4503],[-110.6844,62.4362],[-110.6579,62.4312],[-110.6457,62.4345],[-110.6163,62.4518],[-110.4909,62.4739],[-110.3352,62.5175],[-110.2716,62.5228],[-110.2117,62.513],[-110.2117,62.5057],[-110.2397,62.4995],[-110.1923,62.4848],[-110.1406,62.4951],[-110.0886,62.5145],[-109.9228,62.5528],[-109.877,62.5684],[-109.8492,62.561],[-109.8757,62.549],[-110.173,62.4542],[-110.3188,62.4536],[-110.3564,62.4448],[-110.3306,62.4448],[-110.3078,62.4374],[-110.3194,62.4327],[-110.3564,62.4312],[-110.3971,62.4106],[-110.4791,62.3903],[-110.4791,62.3829],[-110.2451,62.398],[-110.219,62.3903],[-110.2385,62.3785],[-110.2636,62.3726],[-110.5546,62.3623],[-110.6313,62.3503],[-110.6579,62.3556],[-110.6369,62.3965],[-110.6727,62.4056],[-110.7015,62.4021],[-110.7604,62.3829],[-110.7758,62.3809],[-110.8659,62.3871],[-110.9221,62.4056],[-111.0047,62.4009],[-111.0346,62.3932],[-111.1378,62.3417],[-111.1378,62.335],[-111.1166,62.3417],[-111.106,62.3408],[-111.0961,62.335],[-111.1232,62.3223],[-111.1401,62.3167],[-111.1753,62.3126],[-111.2068,62.3032],[-111.2493,62.2985],[-111.2827,62.2905],[-111.3128,62.2758],[-111.3295,62.2525],[-111.2738,62.2702],[-111.2436,62.2758],[-111.2196,62.2731],[-111.2479,62.2578],[-111.3836,62.2075],[-111.4255,62.1745],[-111.4351,62.1707],[-111.5256,62.1598],[-111.5619,62.1463],[-111.5796,62.1433],[-111.5862,62.1404],[-111.5896,62.1339],[-111.5865,62.1198],[-111.579,62.1159],[-111.524,62.1339],[-111.5092,62.1345],[-111.5003,62.1227],[-111.6788,62.0721],[-111.7091,62.0591],[-111.7268,62.0403],[-111.7135,62.0368],[-111.6996,62.0385],[-111.6383,62.0568],[-111.4969,62.0818],[-111.4661,62.075],[-111.4763,62.0559],[-111.4934,62.0406],[-111.515,62.0303],[-111.5384,62.0265],[-111.5565,62.0188],[-111.5914,61.9823],[-111.6101,61.9714],[-111.5964,61.9514],[-111.6288,61.9508],[-111.8183,61.8975],[-111.8434,61.8831],[-111.8088,61.8831],[-111.8261,61.8669],[-111.8547,61.849],[-111.8852,61.8339],[-111.9292,61.8231],[-111.9558,61.8113],[-112.0085,61.7774],[-112.0397,61.7704],[-112.0521,61.763],[-112.0712,61.7339],[-112.0824,61.7256],[-112.1358,61.7109],[-112.1551,61.6988],[-112.1513,61.6771],[-112.1869,61.665],[-112.2026,61.6559],[-112.2128,61.6423],[-112.2113,61.6364],[-112.2003,61.6264],[-112.2028,61.6191],[-112.2097,61.6141],[-112.2535,61.6058],[-112.2926,61.592],[-112.3251,61.5855],[-112.3579,61.5675],[-112.4902,61.5181],[-112.5473,61.509],[-112.5821,61.4898],[-112.623,61.4837],[-112.6687,61.4725],[-112.6863,61.4648],[-112.6643,61.4648],[-112.6448,61.458],[-112.7027,61.4439],[-112.885,61.4442],[-112.885,61.4369],[-112.8689,61.4286],[-112.8716,61.4171],[-112.8851,61.4071],[-112.9571,61.3892],[-112.9805,61.3892],[-113.0068,61.3942],[-113.0121,61.3998],[-112.9908,61.4201],[-112.9849,61.4369],[-113.0111,61.4495],[-113.0079,61.4648],[-113.075,61.4857],[-113.1113,61.4904],[-113.1381,61.4792],[-113.0973,61.4689],[-113.0897,61.458],[-113.2089,61.4666],[-113.2826,61.4633],[-113.3384,61.4545],[-113.3505,61.4477],[-113.3598,61.4374],[-113.4041,61.4257],[-113.4194,61.4162],[-113.3914,61.4162],[-113.4105,61.3989],[-113.4794,61.3906],[-113.5087,61.383],[-113.5323,61.3724],[-113.5274,61.3538],[-113.5292,61.3482],[-113.5426,61.3441],[-113.5754,61.3482],[-113.5873,61.3447],[-113.61,61.3309],[-113.6656,61.3138],[-113.6898,61.2973],[-113.7055,61.2776],[-113.7096,61.2635],[-113.6931,61.2246],[-113.7005,61.2184],[-113.6911,61.2093],[-113.6862,61.2111],[-113.6725,61.1972],[-113.7364,61.1784],[-113.7477,61.1631],[-113.7014,61.169],[-113.6552,61.1628],[-113.6262,61.1398],[-113.6316,61.0942],[-113.6538,61.0654],[-113.6872,61.0398],[-113.7254,61.0191],[-113.762,61.0056],[-114.043,60.97],[-114.0568,60.9747],[-114.0667,60.9862],[-114.0899,60.993],[-114.1388,60.9994],[-114.1682,60.9974],[-114.1852,60.9994],[-114.1997,61.0168],[-114.2156,61.018],[-114.2331,61.0147],[-114.2638,60.9974],[-114.4315,60.9526],[-114.5452,60.9411],[-114.577,60.9229],[-114.604,60.9167],[-114.6697,60.9141],[-114.7034,60.8996],[-114.7163,60.9038],[-114.7346,60.9167],[-114.763,60.9279],[-114.7961,60.9305],[-114.8258,60.9244],[-114.8813,60.9064],[-114.9729,60.8999],[-115.0048,60.8937],[-115.0288,60.882],[-115.0226,60.8893],[-115.053,60.8902],[-115.1809,60.8711],[-115.2628,60.8478],[-115.5434,60.8349],[-115.6445,60.8578],[-115.6771,60.8617],[-115.9431,60.8437],[-116.0055,60.8502],[-116.1175,60.8861],[-116.2908,60.9167],[-116.3373,60.9347],[-116.3988,60.9423],[-116.4135,60.9479],[-116.4501,60.9735],[-116.4722,60.9838],[-116.503,60.9856],[-116.493,61.0041],[-116.4995,61.0186],[-116.5162,61.0283],[-116.5371,61.0327],[-116.5623,61.0312],[-116.6112,61.0159],[-116.6363,61.0124],[-116.6736,61.0271],[-116.6954,61.018],[-116.7067,61.0209],[-116.7255,61.0365],[-116.7463,61.0474],[-116.7734,61.048],[-116.8244,61.0403],[-116.8568,61.0409],[-116.9482,61.0539],[-117.0789,61.0465],[-117.1999,61.0633],[-117.2598,61.0813],[-117.3042,61.1086],[-117.3697,61.1737],[-117.383,61.1813],[-117.4352,61.1911],[-117.4567,61.1993],[-117.476,61.222],[-117.4932,61.2561],[-117.5068,61.2632],[-117.5653,61.2655],[-117.5957,61.2708],[-117.6884,61.3073],[-117.606,61.3073],[-117.0732,61.151],[-117.0408,61.1496],[-117.0174,61.1537],[-116.9417,61.1837],[-116.8805,61.1975],[-116.8047,61.207],[-116.7631,61.2246],[-116.7176,61.2187],[-116.7015,61.2246],[-116.7697,61.2652],[-116.7976,61.2911],[-116.7944,61.3173],[-116.7531,61.3332],[-116.693,61.3338],[-116.5854,61.3209],[-116.5408,61.3209],[-116.5095,61.3094],[-116.4768,61.3017],[-116.4421,61.2785],[-116.4201,61.2732],[-116.3278,61.2802],[-116.2058,61.2735],[-116.1808,61.2655],[-116.1767,61.2452],[-116.138,61.2343],[-116.091,61.2261],[-116.061,61.2146],[-116.0354,61.1972],[-115.9946,61.1816],[-115.9553,61.1784],[-115.9338,61.1972],[-115.9608,61.2043],[-115.9672,61.2114],[-115.9617,61.2246],[-116.0092,61.227],[-116.0232,61.232],[-116.0232,61.239],[-115.9939,61.2408],[-115.9491,61.2608],[-115.8979,61.2676],[-115.8756,61.2747],[-115.8586,61.2885],[-115.8519,61.3106],[-115.8586,61.3173],[-115.9034,61.3247],[-115.9168,61.3429],[-115.925,61.3471],[-116.0023,61.355],[-116.0307,61.3756],[-116.0641,61.3756],[-116.0333,61.393],[-115.9628,61.3989],[-115.9412,61.4104],[-115.9469,61.4248],[-115.9371,61.4292],[-115.907,61.4239],[-115.9007,61.4183],[-115.8991,61.4054],[-115.8928,61.4027],[-115.8622,61.4027],[-115.7649,61.4292],[-115.7203,61.4348],[-115.7111,61.4421],[-115.7079,61.4545],[-115.7471,61.4636],[-115.7562,61.4722],[-115.7507,61.4884],[-115.7376,61.4993],[-115.7372,61.5087],[-115.7699,61.5196],[-115.7544,61.5328],[-115.7116,61.5552],[-115.7215,61.5678],[-115.6942,61.589],[-115.7057,61.5985],[-115.6975,61.6058],[-115.6791,61.6099],[-115.6601,61.6088],[-115.6654,61.6344],[-115.6568,61.652],[-115.6396,61.6635],[-115.5406,61.6921],[-115.5154,61.705],[-115.5526,61.7085],[-115.57,61.7138],[-115.5781,61.7256],[-115.5743,61.7333],[-115.5526,61.7492],[-115.3753,61.7789],[-115.2237,61.7774],[-115.1872,61.7598],[-115.2281,61.7459],[-115.1957,61.7359],[-115.1404,61.733],[-115.0844,61.7362],[-115.0506,61.7459],[-115.0463,61.7574],[-115.0165,61.7583],[-114.9543,61.7521],[-114.86,61.7795],[-114.8445,61.7768],[-114.8404,61.7642],[-114.8311,61.7668],[-114.8141,61.7836],[-114.8008,61.7916],[-114.7626,61.793],[-114.7409,61.8013],[-114.7016,61.8231],[-114.6806,61.8281],[-114.6806,61.8354],[-114.708,61.8295],[-114.7216,61.8304],[-114.7346,61.8354],[-114.7346,61.8416],[-114.6978,61.8543],[-114.6342,61.8575],[-114.6185,61.8622],[-114.6326,61.8749],[-114.672,61.8772],[-114.6868,61.8893],[-114.655,61.9043],[-114.6435,61.9158],[-114.6391,61.934],[-114.7524,61.9373],[-114.7679,61.944],[-114.7589,61.9617],[-114.7601,61.9714],[-114.7898,62.0129],[-114.8102,62.0223],[-114.8624,62.0279],[-114.8855,62.0341],[-114.9022,62.0559],[-114.9134,62.0615],[-114.947,62.0524],[-114.9736,62.0694],[-115.0226,62.0886],[-115.0635,62.1295],[-115.0424,62.1351],[-115.0288,62.1501],[-115.051,62.1536],[-115.0705,62.1636],[-115.0516,62.1672],[-115.0363,62.1781],[-115.0559,62.1916],[-115.0762,62.1981],[-115.1182,62.2046],[-115.1666,62.2184],[-115.1694,62.2334],[-115.1666,62.2525],[-115.3037,62.2243],[-115.3311,62.2319],[-115.3289,62.2469],[-115.2765,62.2731],[-115.2594,62.3043],[-115.2409,62.3132],[-115.2355,62.3214],[-115.2589,62.3205],[-115.2831,62.3252],[-115.3023,62.3355],[-115.3099,62.3523],[-115.2987,62.3988],[-115.307,62.4141],[-115.306,62.4262],[-115.2932,62.4427],[-115.2625,62.4683],[-115.2596,62.4801],[-115.2855,62.4874],[-115.3413,62.4927],[-115.4974,62.4742],[-115.5994,62.4845],[-115.6904,62.476],[-115.701,62.4783],[-115.7104,62.4863],[-115.7141,62.4942],[-115.7114,62.5013],[-115.701,62.5057],[-115.7209,62.5086],[-115.7761,62.5337],[-115.7481,62.5416],[-115.712,62.5469],[-115.6961,62.5543],[-115.729,62.5684],[-115.7566,62.5699],[-115.8042,62.5601],[-115.8239,62.5684],[-115.804,62.6093],[-115.8171,62.6143],[-115.8586,62.6155],[-115.886,62.6367],[-115.9319,62.6443],[-115.948,62.6508],[-115.9618,62.6685],[-115.9933,62.6761],[-116.0336,62.7003],[-116.0542,62.7056],[-116.0541,62.7112],[-116.0316,62.7406],[-116.0307,62.7532],[-115.9876,62.7859],[-115.9249,62.7789],[-115.804,62.7329],[-115.7662,62.7256],[-115.7624,62.7235],[-115.7628,62.7144],[-115.7594,62.7123],[-115.6988,62.7044],[-115.688,62.6982],[-115.7023,62.6847],[-115.7694,62.6688],[-115.7761,62.6573],[-115.7621,62.6532],[-115.7045,62.6641],[-115.6161,62.6552],[-115.5866,62.6461],[-115.3807,62.6311],[-115.3534,62.6175],[-115.3099,62.6155],[-115.2322,62.5887],[-115.2243,62.5828],[-115.2212,62.5716],[-115.1987,62.561],[-115.1945,62.5507],[-115.2026,62.5392],[-115.2007,62.5337],[-115.194,62.5292],[-115.1729,62.5275],[-115.1402,62.511],[-115.0789,62.488],[-115.0047,62.4801],[-114.9582,62.4668],[-114.865,62.4648],[-114.8765,62.4465],[-114.856,62.4371],[-114.8035,62.4312],[-114.7343,62.4003],[-114.7252,62.3935],[-114.723,62.3815],[-114.7175,62.3732],[-114.7068,62.3682],[-114.6738,62.3768],[-114.6504,62.372],[-114.6223,62.355],[-114.598,62.3556],[-114.4221,62.38],[-114.3831,62.3785],[-114.3409,62.4177],[-114.2649,62.4112],[-114.2412,62.4038],[-114.248,62.3829],[-114.2145,62.3768],[-114.2555,62.3623],[-114.2281,62.3494],[-114.2588,62.335],[-114.2617,62.3282],[-114.253,62.3185],[-114.2145,62.3214],[-114.1388,62.294],[-114.1593,62.2805],[-114.142,62.2731],[-114.1228,62.2752],[-114.0835,62.2867],[-114.0662,62.287],[-113.9266,62.219],[-113.8923,62.2116],[-113.8973,62.2007],[-113.8961,62.1945],[-113.8849,62.1842],[-113.8508,62.1636],[-113.8253,62.1607],[-113.7726,62.1639],[-113.7477,62.1575],[-113.791,62.1489],[-113.7997,62.1386],[-113.7887,62.1227],[-113.7778,62.1174],[-113.7416,62.1092],[-113.7411,62.0912],[-113.5645,62.063],[-113.5355,62.0477],[-113.5798,62.0418],[-113.5933,62.0368],[-113.5873,62.0232],[-113.5679,62.0129],[-113.5437,62.0103],[-113.498,62.0129],[-113.4774,62.0173],[-113.4494,62.0368],[-113.4261,62.0403],[-113.4048,62.0359],[-113.3579,62.0067],[-113.3209,61.9964],[-113.2697,61.9932],[-113.2188,61.9991],[-113.1466,62.0338],[-113.1051,62.0306],[-113.0154,62.0129],[-113.0238,62.03],[-113.0289,62.0341],[-112.9655,62.0644],[-112.9319,62.0753],[-112.8979,62.0683],[-112.9191,62.0403],[-112.8823,62.0356],[-112.7568,62.0562],[-112.7066,62.0683],[-112.6425,62.0624],[-112.4391,62.0794],[-112.4116,62.0868],[-112.3349,62.1189],[-112.2569,62.1675],[-112.2059,62.1707],[-112.1945,62.1763],[-112.1725,62.1978],[-112.1298,62.2216],[-111.9726,62.2776],[-111.9618,62.2831],[-111.9551,62.2917],[-111.9498,62.3138],[-111.9324,62.3264],[-111.8925,62.3314],[-111.8666,62.3397],[-111.8161,62.3623],[-111.7287,62.3821],[-111.7025,62.4003],[-111.6688,62.3876],[-111.6716,62.3841]],[[-116.4613,61.1222],[-116.4663,61.1348],[-116.5302,61.1345],[-116.5542,61.1395],[-116.5651,61.1457],[-116.6546,61.1766],[-116.6805,61.1902],[-116.6961,61.1919],[-116.7787,61.1875],[-116.8437,61.1758],[-116.8958,61.1543],[-116.907,61.1222],[-116.8979,61.1098],[-116.8858,61.1036],[-116.8368,61.0992],[-116.7807,61.0851],[-116.7566,61.0718],[-116.7426,61.0677],[-116.7264,61.068],[-116.6878,61.0813],[-116.6537,61.0851],[-116.5542,61.0813],[-116.5389,61.0842],[-116.5098,61.1086],[-116.4613,61.1222]],[[-113.0787,61.9246],[-113.0694,61.9305],[-113.0982,61.9449],[-113.1408,61.9508],[-113.313,61.944],[-113.3783,61.9496],[-113.3989,61.944],[-113.3989,61.9379],[-113.3785,61.9311],[-113.3503,61.9096],[-113.33,61.9031],[-113.2447,61.9031],[-113.0787,61.9246]],[[-113.051,61.8022],[-112.9942,61.8007],[-112.9427,61.8107],[-112.9259,61.8075],[-112.9334,61.8007],[-112.8911,61.8048],[-112.8097,61.8236],[-112.7482,61.8304],[-112.6186,61.8619],[-112.5969,61.8622],[-112.5622,61.8763],[-112.5946,61.884],[-113.002,61.8231],[-113.1291,61.8192],[-113.1745,61.8113],[-113.1996,61.793],[-113.1687,61.7895],[-113.051,61.8022]],[[-112.6923,61.6435],[-112.6505,61.6444],[-112.6068,61.6541],[-112.5796,61.667],[-112.5469,61.7136],[-112.535,61.7256],[-112.5182,61.7324],[-112.4824,61.7368],[-112.4665,61.7459],[-112.4687,61.7586],[-112.491,61.7571],[-112.535,61.7459],[-112.552,61.7483],[-112.5609,61.7609],[-112.5697,61.7665],[-112.6359,61.7636],[-112.6798,61.7462],[-112.7119,61.7265],[-112.775,61.705],[-112.7161,61.7068],[-112.7027,61.7015],[-112.7057,61.6941],[-112.7478,61.6709],[-112.735,61.6641],[-112.7207,61.6635],[-112.6926,61.6709],[-112.6926,61.6635],[-112.7136,61.6567],[-112.6923,61.6435]],[[-112.2903,61.7966],[-112.4533,61.7083],[-112.4618,61.7074],[-112.484,61.718],[-112.5107,61.705],[-112.5526,61.6282],[-112.5588,61.6226],[-112.6094,61.6108],[-112.6243,61.6155],[-112.6175,61.6155],[-112.6175,61.6226],[-112.6349,61.6223],[-112.6789,61.6088],[-112.6789,61.6014],[-112.6604,61.5988],[-112.662,61.5926],[-112.6926,61.5823],[-112.663,61.5708],[-112.6274,61.5731],[-112.5622,61.589],[-112.5021,61.5923],[-112.474,61.5973],[-112.4253,61.6252],[-112.3689,61.6305],[-112.3199,61.6473],[-112.3084,61.6553],[-112.3089,61.6709],[-112.3168,61.6779],[-112.3286,61.6779],[-112.341,61.6723],[-112.3505,61.6635],[-112.3682,61.6735],[-112.4069,61.6788],[-112.4222,61.6871],[-112.4184,61.6947],[-112.384,61.7141],[-112.3707,61.718],[-112.3277,61.7209],[-112.2884,61.7324],[-112.2836,61.7371],[-112.2845,61.7468],[-112.2817,61.7521],[-112.2605,61.7601],[-112.2537,61.7665],[-112.264,61.773],[-112.2619,61.7804],[-112.2407,61.793],[-112.2402,61.7992],[-112.2335,61.8063],[-112.2903,61.7966]],[[-112.1588,61.9305],[-112.0488,61.9514],[-111.939,61.985],[-111.939,61.9923],[-111.9673,61.9926],[-112.0793,61.9667],[-112.1758,61.9585],[-112.2271,61.9379],[-112.4592,61.8964],[-112.5144,61.8763],[-112.5553,61.8501],[-112.5787,61.8395],[-112.7622,61.8145],[-112.8168,61.7969],[-112.871,61.7901],[-112.8973,61.7813],[-112.92,61.7665],[-112.9334,61.7459],[-112.9045,61.7542],[-112.7061,61.7739],[-112.6789,61.7801],[-112.7273,61.7598],[-112.7026,61.7524],[-112.6465,61.7736],[-112.6209,61.7801],[-112.5141,61.793],[-112.4965,61.7977],[-112.4147,61.8413],[-112.3551,61.8434],[-112.3332,61.8522],[-112.3121,61.869],[-112.1588,61.9305]],[[-111.7882,62.0129],[-111.8176,62.012],[-111.852,62.0041],[-111.8856,61.992],[-111.9118,61.9788],[-111.9452,61.9514],[-112.0911,61.9022],[-112.1178,61.8893],[-112.185,61.8416],[-112.2128,61.8354],[-112.1916,61.8298],[-112.1365,61.8454],[-112.1103,61.8484],[-112.1178,61.8416],[-112.0753,61.8501],[-111.9939,61.894],[-111.9527,61.9099],[-111.8788,61.9276],[-111.857,61.9379],[-111.8391,61.9538],[-111.8129,61.9888],[-111.7945,61.9994],[-111.7882,62.0129]],[[-112.0005,62.0197],[-111.9882,62.012],[-111.9452,62.0341],[-111.929,62.0332],[-111.9162,62.0285],[-111.9131,62.0215],[-111.9261,62.0129],[-111.8927,62.0167],[-111.8582,62.0276],[-111.8255,62.0441],[-111.7807,62.0747],[-111.7193,62.0886],[-111.6579,62.1295],[-111.7677,62.1289],[-111.8018,62.1227],[-111.9662,62.055],[-111.9933,62.0362],[-112.0005,62.0197]],[[-112.7609,61.9379],[-112.775,61.9167],[-112.7526,61.9167],[-112.6895,61.9305],[-112.6116,61.934],[-112.5559,61.9549],[-112.4696,61.9561],[-112.4028,61.9941],[-112.3538,62.0047],[-112.1739,62.0197],[-112.1293,62.0294],[-112.0961,62.0477],[-112.1002,62.058],[-112.1128,62.0591],[-112.1523,62.04],[-112.2811,62.0191],[-112.3217,62.0173],[-112.3432,62.0341],[-112.3167,62.0397],[-112.2469,62.0683],[-112.1858,62.0821],[-112.0621,62.0924],[-112.0337,62.1006],[-112.0278,62.1165],[-112.0522,62.1318],[-112.0881,62.1274],[-112.1516,62.1092],[-112.1817,62.1074],[-112.2753,62.085],[-112.3332,62.078],[-112.4188,62.0403],[-112.6796,62.0232],[-112.741,62.0067],[-112.7289,62.0006],[-112.7156,61.9985],[-112.6863,61.9994],[-112.6863,61.9923],[-112.7156,61.985],[-112.7521,61.9708],[-112.7744,61.9535],[-112.7609,61.9379]],[[-111.8634,62.1781],[-111.7677,62.1781],[-111.7508,62.181],[-111.7203,62.1948],[-111.6681,62.2016],[-111.631,62.2125],[-111.598,62.2296],[-111.5759,62.2525],[-111.6123,62.2652],[-111.6246,62.2755],[-111.617,62.2867],[-111.6373,62.294],[-111.6292,62.3061],[-111.6068,62.3202],[-111.6027,62.335],[-111.6145,62.3435],[-111.6477,62.3458],[-111.6859,62.3426],[-111.7125,62.335],[-111.7219,62.3214],[-111.7268,62.3043],[-111.7202,62.3002],[-111.6784,62.3076],[-111.726,62.2693],[-111.7546,62.2525],[-111.7911,62.2408],[-111.8161,62.2046],[-111.8634,62.1781]],[[-111.3909,62.294],[-111.3763,62.2982],[-111.3515,62.3117],[-111.2601,62.3282],[-111.2564,62.3467],[-111.1887,62.4003],[-111.1341,62.4206],[-111.0893,62.4518],[-111.0887,62.4627],[-111.1107,62.4574],[-111.157,62.4374],[-111.3357,62.3556],[-111.3766,62.3282],[-111.3847,62.3008],[-111.3909,62.294]]]}},{"type":"Feature","properties":{},"bbox":[-111.702498,62.387647,-108.902507,62.953709],"geometry":{"type":"Polygon","coordinates":[[[-111.691,62.4159],[-111.6579,62.4783],[-111.6317,62.5172],[-111.6139,62.5339],[-111.5672,62.5454],[-111.5418,62.5543],[-111.5297,62.5625],[-111.5207,62.5884],[-111.4794,62.6532],[-111.4735,62.6747],[-111.4604,62.6932],[-111.4307,62.7035],[-111.3766,62.7123],[-111.3551,62.7259],[-111.3175,62.76],[-111.2665,62.7718],[-111.1924,62.808],[-110.7467,62.9178],[-110.4504,62.9537],[-110.3419,62.9452],[-110.2332,62.9537],[-110.1284,62.9446],[-109.9242,62.9514],[-109.9406,62.9387],[-109.959,62.9316],[-109.959,62.9249],[-109.8181,62.9325],[-109.7743,62.9225],[-109.6983,62.9249],[-109.6225,62.911],[-109.6431,62.8898],[-109.6206,62.8828],[-109.5339,62.8769],[-109.4957,62.8633],[-109.3315,62.8557],[-109.2578,62.8619],[-109.2316,62.8557],[-109.2254,62.8416],[-109.2254,62.8489],[-109.2042,62.8407],[-109.0883,62.8354],[-108.9648,62.8012],[-108.9916,62.7874],[-109.1639,62.7256],[-109.1052,62.727],[-109.0793,62.7332],[-109.0313,62.7591],[-108.9368,62.7939],[-108.9147,62.7977],[-108.9025,62.793],[-108.9107,62.7739],[-108.9321,62.7585],[-108.9883,62.7447],[-109.013,62.7329],[-108.9929,62.7218],[-108.9785,62.7056],[-109.0158,62.6847],[-109.2378,62.5987],[-109.2856,62.5866],[-109.3352,62.5822],[-109.2993,62.6152],[-109.1989,62.6399],[-109.1639,62.6641],[-109.2612,62.6432],[-109.28,62.6434],[-109.2758,62.6582],[-109.2117,62.6982],[-109.283,62.6791],[-109.3005,62.6844],[-109.2931,62.7103],[-109.2943,62.7194],[-109.3067,62.7297],[-109.6636,62.7671],[-109.735,62.7965],[-109.7743,62.808],[-109.8409,62.798],[-109.9447,62.8221],[-110.454,62.833],[-110.4874,62.8295],[-110.5133,62.8148],[-110.5661,62.8321],[-110.6334,62.8377],[-110.699,62.8283],[-110.7467,62.8012],[-110.7237,62.7942],[-110.6992,62.7942],[-110.6504,62.8012],[-110.6276,62.7998],[-110.5754,62.78],[-110.5754,62.7739],[-110.8166,62.7597],[-111.4198,62.6281],[-111.4592,62.6025],[-111.4766,62.5646],[-111.6545,62.4074],[-111.6688,62.3876],[-111.7025,62.4003],[-111.691,62.4159]]]}},{"type":"Feature","properties":{},"bbox":[-99.252956,50.387893,-96.260451,54.415383],"geometry":{"type":"Polygon","coordinates":[[[-96.2634,51.2224],[-96.2605,51.2171],[-96.2638,51.2048],[-96.2722,51.2027],[-96.294,51.2068],[-96.3162,51.2033],[-96.3357,51.1962],[-96.3513,51.1841],[-96.3622,51.1644],[-96.3439,51.1577],[-96.329,51.1456],[-96.3083,51.1173],[-96.3841,51.1214],[-96.4038,51.1173],[-96.42,51.1011],[-96.4203,51.0829],[-96.4038,51.0484],[-96.3909,51.009],[-96.3499,50.7762],[-96.3501,50.7529],[-96.3753,50.7238],[-96.38,50.7138],[-96.3758,50.7032],[-96.3468,50.669],[-96.294,50.624],[-96.395,50.6243],[-96.4243,50.6302],[-96.4505,50.6422],[-96.4799,50.6622],[-96.5037,50.6878],[-96.5202,50.7317],[-96.5352,50.7329],[-96.5513,50.7249],[-96.5616,50.7135],[-96.5581,50.6705],[-96.5717,50.6649],[-96.5913,50.6643],[-96.5974,50.6614],[-96.5947,50.6101],[-96.5819,50.5831],[-96.6035,50.5675],[-96.6131,50.5563],[-96.616,50.5418],[-96.5666,50.4812],[-96.5682,50.465],[-96.6054,50.4288],[-96.6505,50.4],[-96.7089,50.3879],[-96.77,50.3879],[-96.9047,50.4191],[-96.9178,50.4288],[-96.932,50.4662],[-96.9382,50.5009],[-96.9696,50.5589],[-96.9693,50.5692],[-96.9525,50.5828],[-96.9382,50.6034],[-96.973,50.624],[-96.9724,50.6584],[-96.9843,50.6843],[-96.9866,50.7029],[-96.973,50.74],[-96.973,50.7809],[-96.9607,50.8021],[-96.9485,50.815],[-96.9457,50.8289],[-96.9744,50.8712],[-96.9769,50.888],[-96.9715,50.9057],[-96.9593,50.9257],[-96.9157,50.9787],[-96.9103,50.9975],[-96.939,51.0252],[-96.945,51.0355],[-96.9441,51.0487],[-96.9245,51.0626],[-96.9207,51.0938],[-96.9072,51.097],[-96.869,51.0964],[-96.8598,51.1003],[-96.8448,51.1135],[-96.8358,51.1309],[-96.8342,51.16],[-96.8284,51.1721],[-96.7563,51.2371],[-96.7385,51.248],[-96.6915,51.2542],[-96.6714,51.2613],[-96.6568,51.2913],[-96.6417,51.3001],[-96.6194,51.3263],[-96.6119,51.3455],[-96.6302,51.3522],[-96.6575,51.3484],[-96.6776,51.3363],[-96.6714,51.3431],[-96.6883,51.336],[-96.7055,51.3431],[-96.6961,51.3537],[-96.6985,51.3625],[-96.7077,51.3684],[-96.7185,51.3705],[-96.7344,51.3672],[-96.7737,51.3431],[-96.7768,51.3201],[-96.7983,51.2934],[-96.8935,51.2121],[-96.921,51.1965],[-96.9519,51.1862],[-96.9822,51.1892],[-96.9887,51.2101],[-96.9791,51.2645],[-96.9613,51.2872],[-96.9275,51.3084],[-96.9078,51.3275],[-96.932,51.3431],[-96.8701,51.4149],[-96.827,51.437],[-96.8021,51.4891],[-96.7618,51.5112],[-96.745,51.535],[-96.7316,51.5624],[-96.726,51.5827],[-96.7336,51.6127],[-96.7538,51.6095],[-96.779,51.5998],[-96.8016,51.6107],[-96.7828,51.6313],[-96.7751,51.6463],[-96.7737,51.6593],[-96.7818,51.6698],[-96.8284,51.6784],[-96.8255,51.7211],[-96.8557,51.734],[-96.8988,51.7252],[-96.9713,51.6828],[-97.0571,51.6725],[-97.0959,51.6593],[-97.0895,51.6422],[-97.1013,51.621],[-97.1375,51.5904],[-97.1201,51.5183],[-97.2036,51.4535],[-97.2382,51.4373],[-97.2691,51.4402],[-97.2878,51.4735],[-97.2872,51.4903],[-97.2747,51.5459],[-97.2778,51.5533],[-97.2982,51.573],[-97.3015,51.5801],[-97.2962,51.6445],[-97.2829,51.6769],[-97.2258,51.7835],[-97.2213,51.807],[-97.2333,51.8353],[-97.2399,51.8703],[-97.296,51.9421],[-97.3087,51.9642],[-97.305,51.9739],[-97.3116,51.978],[-97.3361,52.0081],[-97.3378,52.0225],[-97.3344,52.0316],[-97.3353,52.0396],[-97.3497,52.049],[-97.3718,52.0528],[-97.3974,52.0487],[-97.4208,52.0407],[-97.455,52.0196],[-97.5031,52.0016],[-97.5211,51.9875],[-97.5306,51.9633],[-97.5324,51.9413],[-97.5387,51.9251],[-97.5624,51.9186],[-97.5844,51.9236],[-97.5879,51.9357],[-97.5689,51.9672],[-97.5857,51.9845],[-97.6104,51.9942],[-97.6032,52.0072],[-97.5858,52.0228],[-97.5686,52.031],[-97.5412,52.0381],[-97.5342,52.0563],[-97.5153,52.072],[-97.5006,52.0899],[-97.4794,52.1308],[-97.4931,52.1385],[-97.5049,52.1361],[-97.5483,52.1385],[-97.5732,52.1314],[-97.6231,52.1073],[-97.6513,52.1043],[-97.6666,52.1082],[-97.6716,52.1132],[-97.6853,52.1482],[-97.6894,52.1485],[-97.7607,52.1308],[-97.7745,52.114],[-97.7785,52.1017],[-97.7742,52.0899],[-97.7635,52.087],[-97.7123,52.0837],[-97.7379,52.041],[-97.7742,52.0019],[-97.7699,51.9851],[-97.7785,51.9645],[-97.8053,51.9292],[-97.8054,51.9136],[-97.7897,51.8962],[-97.7538,51.8703],[-97.7803,51.8632],[-97.8045,51.8691],[-97.8281,51.8791],[-97.8775,51.8886],[-97.909,51.8989],[-97.9288,51.9121],[-97.9183,51.9254],[-97.9308,51.9321],[-97.9626,51.9254],[-98.0322,51.946],[-98.0412,51.9636],[-98.0486,52.087],[-98.0599,52.1099],[-98.0861,52.1205],[-98.1157,52.1273],[-98.1375,52.1385],[-98.1423,52.1558],[-98.1323,52.1926],[-98.1445,52.2156],[-98.1448,52.2344],[-98.1647,52.2483],[-98.2024,52.2954],[-98.218,52.3057],[-98.296,52.3127],[-98.325,52.3207],[-98.4162,52.3648],[-98.4365,52.3799],[-98.4664,52.4325],[-98.462,52.4617],[-98.4732,52.4673],[-98.4654,52.4944],[-98.4701,52.5041],[-98.4976,52.5106],[-98.5284,52.5362],[-98.6092,52.5783],[-98.6308,52.5977],[-98.6619,52.6357],[-98.6736,52.6421],[-98.7066,52.6465],[-98.7202,52.6524],[-98.7378,52.6766],[-98.7883,52.7022],[-98.8021,52.7137],[-98.8186,52.7343],[-98.8295,52.7584],[-98.8169,52.7911],[-98.8411,52.802],[-98.8806,52.8323],[-98.8915,52.8441],[-98.9084,52.8929],[-98.8906,52.9235],[-98.851,52.9415],[-98.7331,52.9786],[-98.6589,52.9827],[-98.522,53.0051],[-98.4826,53.0192],[-98.446,53.041],[-98.439,53.0563],[-98.5444,53.0572],[-98.607,53.0701],[-98.6966,53.0716],[-98.7383,53.0775],[-98.7817,53.091],[-98.796,53.0816],[-98.8192,53.0392],[-98.837,53.0325],[-98.857,53.0381],[-98.8878,53.0601],[-98.9253,53.0695],[-99.0119,53.0404],[-99.0423,53.0501],[-99.0556,53.066],[-99.0702,53.1034],[-99.0834,53.1184],[-99.1386,53.1384],[-99.1551,53.1617],[-99.1648,53.1699],[-99.1929,53.1743],[-99.2062,53.1917],[-99.2393,53.1882],[-99.2512,53.1902],[-99.253,53.2085],[-99.2391,53.2323],[-99.2062,53.2685],[-99.2266,53.2753],[-99.2062,53.3027],[-99.2067,53.3109],[-99.2137,53.3239],[-99.1932,53.3783],[-99.1704,53.3978],[-99.1448,53.4128],[-99.1047,53.4234],[-99.0936,53.4304],[-99.0768,53.4581],[-99.0725,53.4743],[-99.0878,53.4873],[-99.0809,53.5002],[-99.0628,53.5193],[-99.0613,53.5367],[-99.0571,53.5476],[-99.0272,53.58],[-99.0287,53.5867],[-99.056,53.6044],[-99.0114,53.6586],[-98.991,53.6706],[-98.9735,53.7007],[-98.9755,53.7107],[-98.9866,53.7195],[-98.9998,53.7381],[-99.007,53.7537],[-99.0101,53.7713],[-99.0045,53.7866],[-98.9707,53.8025],[-98.9548,53.8143],[-98.9612,53.8567],[-98.9236,53.8796],[-98.8716,53.8941],[-98.8332,53.8994],[-98.7923,53.8976],[-98.744,53.8899],[-98.7051,53.8714],[-98.6923,53.8378],[-98.6542,53.8508],[-98.3769,53.8573],[-98.2766,53.8402],[-98.1141,53.7781],[-98.0667,53.7657],[-98.0452,53.7522],[-98.0363,53.7398],[-98.025,53.7127],[-98.014,53.7007],[-97.9895,53.6915],[-97.9642,53.6924],[-97.885,53.7063],[-97.8786,53.7201],[-97.8868,53.736],[-97.9046,53.7492],[-98.0051,53.7684],[-98.0319,53.7772],[-98.0902,53.8378],[-98.1319,53.8573],[-98.2417,53.8858],[-98.2745,53.9203],[-98.2796,53.9618],[-98.288,53.9762],[-98.3122,53.9818],[-98.3183,53.9921],[-98.3078,54.0145],[-98.282,54.0501],[-98.2796,54.0627],[-98.2636,54.0654],[-98.2562,54.0698],[-98.2325,54.0948],[-98.2284,54.1037],[-98.2242,54.1378],[-98.2168,54.159],[-98.2059,54.1781],[-98.1927,54.194],[-98.1544,54.2252],[-98.1494,54.2349],[-98.1562,54.2517],[-98.1544,54.2594],[-98.107,54.3121],[-98.0902,54.3244],[-98.0499,54.3447],[-98.0389,54.3562],[-98.0303,54.4086],[-98.018,54.4154],[-97.9934,54.4139],[-97.923,54.3733],[-97.9115,54.3621],[-97.9214,54.3444],[-97.9448,54.3353],[-97.9934,54.3244],[-97.9791,54.3129],[-97.9603,54.3088],[-97.9407,54.3091],[-97.8257,54.3244],[-97.7985,54.3179],[-97.8025,54.3026],[-97.8225,54.2844],[-97.8646,54.2561],[-97.8861,54.2479],[-97.9357,54.2426],[-97.9573,54.2373],[-98.0004,54.214],[-98.0275,54.2079],[-98.0793,54.2079],[-98.1492,54.1867],[-98.1566,54.1684],[-98.1579,54.1251],[-98.1626,54.1142],[-98.1757,54.0981],[-98.1784,54.0881],[-98.1741,54.0772],[-98.1553,54.063],[-98.151,54.0536],[-98.1638,54.056],[-98.1921,54.0424],[-98.2336,54.0159],[-98.2239,54.0039],[-98.21,53.9944],[-98.145,53.9674],[-98.1313,53.9588],[-98.0993,53.9288],[-98.088,53.925],[-98.0684,53.9264],[-98.0508,53.9332],[-98.0384,53.9438],[-98.0362,53.9562],[-98.0486,53.9677],[-98.0311,53.9883],[-97.9772,54.0071],[-97.9364,54.0336],[-97.9101,54.0421],[-97.8827,54.043],[-97.836,54.0251],[-97.815,54.0354],[-97.7717,54.0783],[-97.7483,54.0892],[-97.7367,54.091],[-97.7258,54.0501],[-97.7543,54.0153],[-97.7735,54.0012],[-97.7917,53.9953],[-97.8596,53.9936],[-97.8909,53.9818],[-97.9419,53.9883],[-97.9688,53.9847],[-97.9804,53.9644],[-97.9753,53.9441],[-97.9635,53.927],[-97.9517,53.9156],[-97.9383,53.9082],[-97.9318,53.8994],[-97.9495,53.8855],[-97.9567,53.8743],[-97.9542,53.8629],[-97.9424,53.8481],[-97.9338,53.8434],[-97.9109,53.8399],[-97.9015,53.8343],[-97.8983,53.8272],[-97.8984,53.8037],[-97.8818,53.7787],[-97.8338,53.7419],[-97.8153,53.7213],[-97.8215,53.7086],[-97.8085,53.6907],[-97.8153,53.6494],[-97.8362,53.6253],[-97.8327,53.6147],[-97.8065,53.5994],[-97.7922,53.5753],[-97.7198,53.5361],[-97.6856,53.4931],[-97.665,53.4814],[-97.6719,53.4746],[-97.6649,53.4643],[-97.6759,53.4413],[-97.6787,53.4269],[-97.6725,53.4119],[-97.6609,53.4037],[-97.6303,53.3928],[-97.6047,53.378],[-97.5917,53.3666],[-97.5824,53.3518],[-97.5793,53.3362],[-97.5894,53.2997],[-97.5589,53.2653],[-97.5471,53.2576],[-97.5169,53.2476],[-97.4632,53.2023],[-97.4186,53.1738],[-97.4425,53.1502],[-97.446,53.142],[-97.4411,53.1311],[-97.4235,53.1222],[-97.4248,53.1111],[-97.4186,53.1111],[-97.4266,53.0881],[-97.4226,53.0669],[-97.4096,53.0489],[-97.3908,53.036],[-97.3449,53.026],[-97.3327,53.0189],[-97.3302,53.0095],[-97.3381,53.0018],[-97.3839,52.9874],[-97.3908,52.9677],[-97.4351,52.9639],[-97.4351,52.9474],[-97.3917,52.9141],[-97.3771,52.8994],[-97.4023,52.8806],[-97.4051,52.872],[-97.3949,52.8555],[-97.3578,52.8314],[-97.345,52.8005],[-97.3087,52.7546],[-97.2884,52.7428],[-97.2419,52.7237],[-97.2229,52.7104],[-97.1976,52.6842],[-97.1921,52.6727],[-97.1917,52.6624],[-97.1983,52.6392],[-97.1859,52.6201],[-97.1513,52.5886],[-97.1391,52.5471],[-97.1135,52.5108],[-97.1034,52.4879],[-97.1034,52.4502],[-97.0989,52.4405],[-97.0894,52.434],[-97.0798,52.4323],[-97.0754,52.4361],[-97.0635,52.4331],[-97.0418,52.4219],[-97.0318,52.4052],[-97.0549,52.3854],[-97.0351,52.3737],[-97.0295,52.366],[-97.0276,52.3542],[-97.0604,52.3401],[-97.0686,52.3301],[-97.0552,52.3278],[-97.0468,52.3225],[-97.0052,52.2842],[-97.0003,52.2756],[-97.009,52.2509],[-97.0358,52.2453],[-97.067,52.2462],[-97.0891,52.2409],[-97.0788,52.2356],[-97.0549,52.2068],[-97.0364,52.1926],[-97.0311,52.165],[-97.0111,52.1408],[-96.9668,52.1117],[-96.9519,52.0973],[-96.9659,52.0805],[-96.9596,52.0702],[-96.8693,52.0148],[-96.834,51.9733],[-96.8253,51.9672],[-96.8206,51.9586],[-96.8674,51.893],[-96.8693,51.8844],[-96.8632,51.8671],[-96.7874,51.8641],[-96.7492,51.8509],[-96.7154,51.8267],[-96.6776,51.782],[-96.6807,51.7785],[-96.6918,51.7752],[-96.723,51.7746],[-96.7515,51.7623],[-96.7874,51.7685],[-96.7828,51.7576],[-96.7594,51.7411],[-96.721,51.6922],[-96.541,51.5427],[-96.5739,51.5097],[-96.5792,51.4941],[-96.5516,51.4873],[-96.5423,51.4794],[-96.4965,51.4196],[-96.4795,51.3911],[-96.4552,51.3867],[-96.4455,51.359],[-96.4285,51.3496],[-96.3867,51.3431],[-96.3713,51.3378],[-96.2634,51.2224]],[[-96.5994,51.2],[-96.6196,51.2021],[-96.6481,51.2],[-96.694,51.2056],[-96.7139,51.1924],[-96.7403,51.1515],[-96.756,51.1082],[-96.7684,51.0861],[-96.7843,51.0764],[-96.8242,51.0708],[-96.8417,51.0605],[-96.8501,51.0417],[-96.8321,51.0134],[-96.7856,51.0117],[-96.7316,51.0249],[-96.6918,51.0417],[-96.6624,51.0711],[-96.6296,51.1503],[-96.6025,51.1862],[-96.5994,51.2]],[[-96.3349,51.241],[-96.3364,51.2624],[-96.3697,51.2672],[-96.4416,51.2613],[-96.4671,51.253],[-96.5485,51.2136],[-96.5682,51.1992],[-96.5713,51.1803],[-96.5586,51.1771],[-96.4956,51.1915],[-96.4296,51.1956],[-96.3941,51.2045],[-96.3607,51.2195],[-96.3349,51.241]],[[-97.0829,51.7473],[-97.091,51.7593],[-97.106,51.7629],[-97.1231,51.7605],[-97.1502,51.7467],[-97.1549,51.7399],[-97.1634,51.6802],[-97.2057,51.6169],[-97.1983,51.6169],[-97.2052,51.6016],[-97.1984,51.5986],[-97.1848,51.603],[-97.1589,51.6207],[-97.1499,51.6322],[-97.1375,51.6593],[-97.1375,51.6857],[-97.1332,51.694],[-97.1163,51.7064],[-97.0829,51.7473]],[[-97.2193,52.3369],[-97.2254,52.3401],[-97.2263,52.3581],[-97.2578,52.3651],[-97.3051,52.3495],[-97.3439,52.3213],[-97.3497,52.2892],[-97.3331,52.2759],[-97.3137,52.2774],[-97.2778,52.2892],[-97.2622,52.3066],[-97.2411,52.3124],[-97.2327,52.3192],[-97.2193,52.3369]],[[-97.8984,52.3746],[-97.9252,52.399],[-97.9291,52.4111],[-97.9282,52.4208],[-97.9252,52.4393],[-97.9183,52.4537],[-97.9298,52.4655],[-97.9388,52.5085],[-97.9592,52.5423],[-97.9776,52.5468],[-98.0025,52.535],[-98.0193,52.5167],[-98.014,52.5014],[-98.0249,52.4838],[-98.0084,52.4585],[-98.014,52.4393],[-98.0315,52.4493],[-98.0446,52.4526],[-98.0527,52.4476],[-98.0555,52.4325],[-98.0522,52.4225],[-98.0383,52.4022],[-98.035,52.3887],[-98.0218,52.3616],[-97.9697,52.3169],[-97.9661,52.296],[-97.9065,52.3204],[-97.8984,52.3336],[-97.8984,52.3746]]]}},{"type":"Feature","properties":{},"bbox":[-83.466208,41.393597,-78.867505,43.106208],"geometry":{"type":"Polygon","coordinates":[[[-83.0788,42.3035],[-83.09,42.2852],[-83.1024,42.2434],[-83.113,42.138],[-83.124,42.0901],[-83.1236,42.0721],[-83.1068,42.0556],[-83.0514,42.045],[-83.0232,42.0303],[-82.9895,42.0235],[-82.959,42.0032],[-82.9188,41.9888],[-82.8742,41.9844],[-82.8294,41.9897],[-82.7125,42.0353],[-82.6676,42.0441],[-82.6227,42.038],[-82.5822,42.0168],[-82.5487,41.9873],[-82.5231,41.952],[-82.5066,41.9137],[-82.4991,41.9137],[-82.5066,41.9282],[-82.4991,41.9552],[-82.4867,42.035],[-82.4577,42.0656],[-82.3869,42.126],[-82.37,42.1366],[-82.123,42.2358],[-82.0846,42.2549],[-82.0612,42.2614],[-81.9237,42.2637],[-81.9312,42.2843],[-81.8556,42.3253],[-81.8591,42.3014],[-81.8869,42.2752],[-81.8971,42.2564],[-81.874,42.2505],[-81.8566,42.259],[-81.8457,42.2776],[-81.8375,42.3229],[-81.8188,42.3594],[-81.8145,42.3771],[-81.7932,42.4047],[-81.6569,42.4827],[-81.6353,42.5022],[-81.5402,42.5716],[-81.5053,42.5825],[-81.479,42.6005],[-81.4581,42.609],[-81.4173,42.6202],[-81.3591,42.6494],[-81.229,42.6697],[-80.9325,42.6667],[-80.779,42.6364],[-80.7556,42.6343],[-80.7036,42.6117],[-80.5775,42.5908],[-80.5112,42.5722],[-80.3583,42.5793],[-80.3314,42.5764],[-80.2516,42.5581],[-80.1526,42.5513],[-80.1097,42.5425],[-80.0737,42.5569],[-80.0461,42.5581],[-80.0956,42.5713],[-80.3,42.5825],[-80.3286,42.589],[-80.3411,42.6031],[-80.4434,42.5996],[-80.4538,42.6182],[-80.444,42.6373],[-80.4039,42.6717],[-80.3704,42.6882],[-80.358,42.6711],[-80.3479,42.6679],[-80.3348,42.6797],[-80.3184,42.7206],[-80.288,42.7356],[-80.2317,42.7777],[-80.1877,42.7924],[-79.8748,42.8324],[-79.8346,42.8324],[-79.7173,42.8672],[-79.6429,42.8451],[-79.6251,42.8492],[-79.6062,42.8586],[-79.5791,42.8616],[-79.4955,42.8575],[-79.4845,42.8595],[-79.4604,42.8781],[-79.447,42.8807],[-79.3685,42.8731],[-79.2029,42.8801],[-79.1561,42.8734],[-79.113,42.8536],[-79.0949,42.8501],[-79.0872,42.8634],[-79.0767,42.8704],[-78.9654,42.8899],[-78.9435,42.899],[-78.9258,42.9113],[-78.9153,42.9319],[-78.927,42.9458],[-78.9705,42.962],[-79.0198,42.9896],[-79.0422,43.01],[-79.0425,43.0276],[-79.0319,43.0553],[-79.0755,43.0888],[-79.0662,43.1062],[-79.0262,43.0865],[-78.9149,43.0765],[-78.888,43.0515],[-78.8931,43.0294],[-78.928,43.002],[-78.9364,42.9796],[-78.9321,42.9708],[-78.909,42.9523],[-78.9017,42.9081],[-78.8694,42.8545],[-78.8675,42.8224],[-78.8709,42.7983],[-78.8806,42.7806],[-78.8959,42.7677],[-78.9159,42.7574],[-78.9939,42.7312],[-79.0313,42.7141],[-79.0593,42.6885],[-79.0803,42.6517],[-79.0964,42.6343],[-79.1221,42.6229],[-79.1388,42.5958],[-79.1561,42.5769],[-79.2352,42.5569],[-79.2559,42.5354],[-79.3083,42.5098],[-79.3684,42.4898],[-79.3941,42.4657],[-79.4239,42.4545],[-79.4708,42.4071],[-79.5267,42.3838],[-79.5601,42.3582],[-79.6284,42.3388],[-79.7035,42.2944],[-79.7315,42.2843],[-79.7518,42.272],[-79.8891,42.2296],[-79.933,42.2055],[-79.9742,42.1954],[-80.0192,42.1672],[-80.0619,42.1554],[-80.111,42.1316],[-80.1355,42.126],[-80.1355,42.1336],[-80.1166,42.1513],[-80.1116,42.1539],[-80.0872,42.1545],[-80.0768,42.1581],[-80.0673,42.1672],[-80.0896,42.1743],[-80.1496,42.1413],[-80.1626,42.1183],[-80.182,42.111],[-80.2107,42.0924],[-80.3758,42.0235],[-80.4393,42.0138],[-80.4702,41.997],[-80.7806,41.919],[-80.8124,41.9017],[-80.8693,41.8934],[-80.896,41.8728],[-80.9317,41.8672],[-80.9572,41.8552],[-81.0262,41.8454],[-81.3484,41.7295],[-81.6722,41.5222],[-81.709,41.5134],[-81.743,41.4975],[-81.7667,41.4954],[-81.8078,41.5096],[-81.8391,41.4922],[-81.8521,41.4893],[-81.8775,41.4901],[-81.9979,41.5119],[-82.0408,41.511],[-82.1732,41.4828],[-82.2509,41.4501],[-82.2943,41.441],[-82.3631,41.4389],[-82.4384,41.3992],[-82.4582,41.3936],[-82.5048,41.3957],[-82.5465,41.4116],[-82.6164,41.4545],[-82.6507,41.4687],[-82.6741,41.4925],[-82.6847,41.4954],[-82.6717,41.474],[-82.6298,41.446],[-82.609,41.4277],[-82.6571,41.4542],[-82.6839,41.4645],[-82.709,41.4687],[-82.7462,41.4619],[-82.7596,41.4628],[-82.7877,41.476],[-82.8291,41.4707],[-82.8785,41.4469],[-82.9256,41.4325],[-82.959,41.4545],[-82.9795,41.4436],[-82.9887,41.446],[-82.9926,41.4581],[-83.0615,41.4619],[-83.0453,41.4684],[-83.0091,41.4695],[-82.9926,41.476],[-82.9792,41.4687],[-82.972,41.4728],[-82.959,41.4893],[-82.9397,41.4943],[-82.8454,41.5046],[-82.8218,41.4954],[-82.8001,41.5087],[-82.7664,41.5152],[-82.6984,41.5172],[-82.7109,41.5431],[-82.721,41.5481],[-82.759,41.5517],[-82.7694,41.5508],[-82.7856,41.5437],[-82.8045,41.5581],[-82.8158,41.5749],[-82.8282,41.5864],[-82.8458,41.5917],[-82.8464,41.5735],[-82.856,41.5508],[-82.8689,41.542],[-82.8845,41.5364],[-82.9181,41.5308],[-82.9378,41.5314],[-82.9895,41.5437],[-83.0189,41.5537],[-83.07,41.6017],[-83.0956,41.6197],[-83.1222,41.6197],[-83.1561,41.6261],[-83.2185,41.6462],[-83.2448,41.6603],[-83.2915,41.6977],[-83.3148,41.7089],[-83.3261,41.7094],[-83.3663,41.7015],[-83.4591,41.7215],[-83.4646,41.7292],[-83.4662,41.7462],[-83.4624,41.7595],[-83.4531,41.7674],[-83.4418,41.7692],[-83.4321,41.7636],[-83.4246,41.7636],[-83.4207,41.8104],[-83.4126,41.8275],[-83.3708,41.8775],[-83.3541,41.8896],[-83.3358,41.8872],[-83.3264,41.9149],[-83.3096,41.9352],[-83.2871,41.9435],[-83.2602,41.9343],[-83.254,41.9467],[-83.2528,41.9597],[-83.2572,41.9723],[-83.2669,41.9826],[-83.237,41.9853],[-83.2213,41.9947],[-83.1994,42.038],[-83.1898,42.0253],[-83.1782,42.0168],[-83.188,42.0509],[-83.1994,42.0653],[-83.1969,42.0795],[-83.1879,42.0954],[-83.1919,42.1057],[-83.1782,42.126],[-83.1461,42.2328],[-83.1255,42.2684],[-83.0816,42.3091],[-83.0768,42.3044],[-83.0788,42.3035]],[[-78.9644,42.9764],[-78.9127,43.037],[-78.9086,43.0494],[-78.9174,43.0585],[-78.9589,43.0709],[-79.0114,43.0653],[-79.0098,43.0509],[-79.0231,43.017],[-79.022,43.0105],[-78.9817,42.979],[-78.9644,42.9764]],[[-83.1418,42.1372],[-83.1434,42.1949],[-83.1509,42.1887],[-83.1668,42.1325],[-83.1698,42.1024],[-83.1577,42.0924],[-83.1449,42.1077],[-83.1418,42.1372]],[[-82.6227,41.7498],[-82.6287,41.7598],[-82.6443,41.8245],[-82.6443,41.8381],[-82.6775,41.8081],[-82.6844,41.7954],[-82.6858,41.7445],[-82.6835,41.7336],[-82.6748,41.7295],[-82.6623,41.733],[-82.6383,41.7474],[-82.6227,41.7498]]]}},{"type":"Feature","properties":{},"bbox":[-79.774735,43.190102,-75.770205,44.504437],"geometry":{"type":"Polygon","coordinates":[[[-76.1201,43.9663],[-76.1335,43.9566],[-76.1405,43.9416],[-76.1458,43.9169],[-76.1613,43.9013],[-76.2048,43.8745],[-76.2159,43.8604],[-76.2432,43.8745],[-76.229,43.9013],[-76.2784,43.8839],[-76.2917,43.8745],[-76.3032,43.8586],[-76.2973,43.8515],[-76.2824,43.8465],[-76.2432,43.8192],[-76.2387,43.7965],[-76.2253,43.7771],[-76.2097,43.7373],[-76.219,43.7179],[-76.2204,43.6952],[-76.2097,43.6481],[-76.1917,43.6714],[-76.1808,43.6743],[-76.1682,43.6684],[-76.2104,43.6234],[-76.2154,43.6013],[-76.1881,43.5866],[-76.2073,43.5734],[-76.2463,43.5383],[-76.2668,43.5313],[-76.3341,43.521],[-76.36,43.5245],[-76.4015,43.5363],[-76.4193,43.5339],[-76.4904,43.4842],[-76.5949,43.4474],[-76.6331,43.4271],[-76.6679,43.4015],[-76.7128,43.3388],[-76.7369,43.3511],[-76.751,43.3538],[-76.7625,43.3385],[-76.827,43.3167],[-76.9301,43.3008],[-76.9413,43.289],[-76.9406,43.2755],[-76.9456,43.2613],[-76.9563,43.2569],[-76.9758,43.2581],[-76.9837,43.2631],[-76.9905,43.2705],[-76.9831,43.2843],[-77.3667,43.2978],[-77.4125,43.2908],[-77.538,43.2569],[-77.5832,43.2572],[-77.6247,43.2713],[-77.6962,43.319],[-77.7236,43.3252],[-77.7239,43.3358],[-77.7488,43.3446],[-78.1066,43.3941],[-78.227,43.38],[-78.3802,43.3962],[-78.6894,43.3614],[-78.7542,43.3382],[-78.8621,43.3243],[-78.9907,43.2869],[-79.0593,43.2781],[-79.079,43.2713],[-79.1744,43.2596],[-79.2306,43.229],[-79.2912,43.2104],[-79.3304,43.1901],[-79.3532,43.1939],[-79.395,43.2098],[-79.4445,43.2137],[-79.545,43.2095],[-79.5937,43.216],[-79.6923,43.2413],[-79.7404,43.2619],[-79.7725,43.2917],[-79.7747,43.3293],[-79.7487,43.3623],[-79.683,43.4153],[-79.617,43.4942],[-79.6092,43.5366],[-79.6012,43.5586],[-79.5893,43.571],[-79.5709,43.5822],[-79.5497,43.5901],[-79.5082,43.6002],[-79.4846,43.6337],[-79.4708,43.6481],[-79.4473,43.652],[-79.3715,43.6446],[-79.3383,43.6705],[-79.2802,43.6991],[-79.2009,43.7541],[-79.1351,43.7844],[-79.1167,43.8112],[-79.0965,43.825],[-79.0627,43.8256],[-79.041,43.8298],[-78.9773,43.8604],[-78.9527,43.8657],[-78.8784,43.8604],[-78.8548,43.8633],[-78.8107,43.8769],[-78.6701,43.8972],[-78.6074,43.9154],[-78.5821,43.9145],[-78.5013,43.9013],[-78.4801,43.9045],[-78.4224,43.9293],[-78.2795,43.9587],[-78.0208,43.9778],[-78.0016,43.9822],[-77.9066,43.9858],[-77.8032,44.019],[-77.7822,44.0214],[-77.7183,44.0084],[-77.6752,44.0043],[-77.6847,44.0149],[-77.7371,44.0255],[-77.726,44.0379],[-77.7089,44.0446],[-77.6905,44.0432],[-77.6752,44.0317],[-77.6608,44.0376],[-77.6163,44.0455],[-77.6007,44.0452],[-77.5318,44.0179],[-77.5533,44.0058],[-77.5795,44.0043],[-77.5638,43.9911],[-77.4918,43.9522],[-77.4774,43.9487],[-77.4391,43.9496],[-77.3601,43.9681],[-77.3184,43.9722],[-77.2916,43.9566],[-77.2506,43.9702],[-77.2643,43.9478],[-77.284,43.9454],[-77.3258,43.9625],[-77.3005,43.9234],[-77.2562,43.921],[-77.2071,43.9381],[-77.1681,43.9566],[-77.1815,43.9357],[-77.2363,43.8807],[-77.2199,43.8763],[-77.1681,43.8745],[-77.1683,43.8624],[-77.1649,43.8604],[-77.1228,43.8618],[-77.0854,43.8872],[-76.9764,43.9154],[-76.9248,43.9372],[-76.9081,43.9422],[-76.8649,43.9428],[-76.8498,43.9469],[-76.8566,43.9596],[-76.8873,43.9658],[-76.9711,43.9516],[-77.0036,43.9625],[-77.0298,43.9407],[-77.0416,43.9381],[-77.0445,43.9566],[-77.0364,43.971],[-77.013,43.9881],[-77.0173,43.9972],[-76.9914,44.0128],[-76.9274,44.0329],[-76.9012,44.052],[-76.8959,44.0741],[-76.8906,44.0823],[-76.8502,44.1159],[-76.8769,44.1135],[-76.891,44.1082],[-76.9207,44.0847],[-77.009,44.0496],[-77.0626,44.0588],[-77.1212,44.0446],[-77.134,44.0452],[-77.1082,44.0732],[-77.0916,44.1056],[-77.0663,44.1824],[-77.1416,44.1639],[-77.1715,44.1509],[-77.1854,44.1483],[-77.2472,44.1483],[-77.2623,44.1447],[-77.299,44.1209],[-77.299,44.1135],[-77.2643,44.1135],[-77.2643,44.1073],[-77.3065,44.0947],[-77.3277,44.095],[-77.34,44.1073],[-77.3267,44.1147],[-77.3189,44.1271],[-77.3331,44.1409],[-77.3053,44.1483],[-77.3053,44.1544],[-77.4151,44.1483],[-77.4431,44.13],[-77.4902,44.1209],[-77.5524,44.0903],[-77.5864,44.0794],[-77.5836,44.0994],[-77.5729,44.1144],[-77.556,44.1238],[-77.5086,44.1288],[-77.3767,44.1724],[-77.3362,44.1812],[-77.3271,44.1809],[-77.3065,44.1683],[-77.294,44.1689],[-77.2718,44.1756],[-77.2464,44.1939],[-77.2363,44.1954],[-77.225,44.1904],[-77.2049,44.1727],[-77.1923,44.1686],[-77.1708,44.1718],[-77.0385,44.2151],[-77.0142,44.2171],[-76.9995,44.2151],[-77.0397,44.1806],[-77.0492,44.1415],[-77.0394,44.1362],[-77.022,44.1435],[-76.9218,44.203],[-76.907,44.1877],[-76.8875,44.1824],[-76.8961,44.1703],[-76.9067,44.1668],[-76.9463,44.1665],[-77.0037,44.1465],[-77.0725,44.0929],[-77.0533,44.0859],[-77.0316,44.0856],[-77.0445,44.0726],[-77.0445,44.0664],[-76.9737,44.0767],[-76.9627,44.0823],[-76.9533,44.0985],[-76.9313,44.1106],[-76.8875,44.1271],[-76.8367,44.1642],[-76.7946,44.1727],[-76.7368,44.203],[-76.6957,44.2171],[-76.6593,44.2233],[-76.638,44.236],[-76.6165,44.2233],[-76.5442,44.2254],[-76.523,44.2301],[-76.5035,44.2395],[-76.4771,44.2592],[-76.4524,44.2439],[-76.4414,44.2463],[-76.4077,44.2642],[-76.3326,44.2922],[-76.3073,44.3107],[-76.2603,44.3202],[-76.2357,44.3319],[-76.1682,44.3325],[-76.1083,44.3623],[-76.089,44.3673],[-76.0095,44.3746],[-75.9739,44.3852],[-75.9415,44.4014],[-75.8445,44.4877],[-75.8119,44.5044],[-75.792,44.4971],[-75.7792,44.4824],[-75.7723,44.4638],[-75.7702,44.4462],[-75.7808,44.4323],[-75.8454,44.4014],[-75.8529,44.3811],[-75.909,44.3637],[-75.9239,44.3478],[-76.0538,44.2657],[-76.1835,44.223],[-76.3575,44.1315],[-76.3661,44.1173],[-76.3607,44.0959],[-76.347,44.0888],[-76.3294,44.085],[-76.3115,44.0726],[-76.3065,44.0611],[-76.313,44.047],[-76.3115,44.039],[-76.3043,44.0335],[-76.2952,44.0326],[-76.2875,44.0373],[-76.2842,44.0488],[-76.2747,44.062],[-76.2097,44.0856],[-76.201,44.072],[-76.1613,44.0773],[-76.147,44.0664],[-76.1571,44.0582],[-76.1613,44.0452],[-76.1454,44.0555],[-76.1265,44.0588],[-76.1327,44.0458],[-76.1443,44.0326],[-76.1583,44.0223],[-76.1847,44.0126],[-76.2017,44.0008],[-76.2122,43.9893],[-76.206,43.9837],[-76.1439,43.9837],[-76.1254,43.9881],[-76.0978,44.007],[-76.0818,44.0111],[-76.0652,44.0078],[-76.0579,43.9996],[-76.0603,43.9884],[-76.0719,43.9763],[-76.0872,43.9705],[-76.1201,43.9663]],[[-76.0515,44.3325],[-76.0384,44.3293],[-76.0387,44.3084],[-76.0309,44.2993],[-76.0217,44.3007],[-75.993,44.3196],[-75.9754,44.3249],[-75.9533,44.3372],[-75.9333,44.3528],[-75.9161,44.3734],[-75.9143,44.3811],[-75.9278,44.3805],[-75.9381,44.3761],[-75.9552,44.3605],[-75.9607,44.3761],[-75.973,44.369],[-75.9961,44.3402],[-76.003,44.3464],[-75.9961,44.3537],[-76.0078,44.3537],[-76.0256,44.3472],[-76.0309,44.3402],[-76.0515,44.3402],[-76.0515,44.3325]],[[-76.1601,44.276],[-76.158,44.2678],[-76.1507,44.2642],[-76.1265,44.2687],[-76.0886,44.2901],[-76.0652,44.2993],[-76.0653,44.3034],[-76.0719,44.3128],[-76.0786,44.3134],[-76.0953,44.3075],[-76.1061,44.3128],[-76.1178,44.3054],[-76.1438,44.2993],[-76.1545,44.2922],[-76.1601,44.276]],[[-76.6368,44.1989],[-76.6601,44.2007],[-76.7161,44.1824],[-76.7943,44.1627],[-76.8152,44.1512],[-76.8146,44.1324],[-76.7784,44.1229],[-76.7365,44.1209],[-76.7032,44.1247],[-76.6589,44.1633],[-76.6405,44.1756],[-76.6368,44.1989]],[[-76.3532,44.2642],[-76.2755,44.2695],[-76.2387,44.2798],[-76.2059,44.3019],[-76.1954,44.3128],[-76.2419,44.3107],[-76.2792,44.3037],[-76.3139,44.289],[-76.3532,44.2642]],[[-76.435,44.2233],[-76.406,44.2154],[-76.2528,44.2163],[-76.2221,44.2198],[-76.1954,44.2307],[-76.1813,44.241],[-76.1907,44.2445],[-76.2259,44.2439],[-76.2715,44.238],[-76.36,44.2372],[-76.4162,44.2227],[-76.435,44.2233]],[[-76.36,44.1544],[-76.3797,44.1618],[-76.3538,44.1874],[-76.3463,44.1892],[-76.3679,44.2009],[-76.4013,44.211],[-76.4355,44.2142],[-76.4596,44.2062],[-76.4993,44.1665],[-76.5023,44.15],[-76.4692,44.1483],[-76.4777,44.1347],[-76.4896,44.1271],[-76.4896,44.1209],[-76.4801,44.1253],[-76.4561,44.1271],[-76.4333,44.1203],[-76.4085,44.135],[-76.36,44.1544]],[[-76.2128,44.0429],[-76.224,44.0438],[-76.2413,44.0382],[-76.2745,44.0193],[-76.2803,44.0087],[-76.2774,43.9763],[-76.2416,43.997],[-76.2282,44.0093],[-76.2128,44.0429]]]}},{"type":"Feature","properties":{},"bbox":[-83.081622,42.30436,-82.407528,42.702046],"geometry":{"type":"Polygon","coordinates":[[[-83.0619,42.3273],[-83.0426,42.3409],[-82.9796,42.3594],[-82.938,42.3662],[-82.9057,42.3877],[-82.89,42.4033],[-82.8697,42.4618],[-82.8712,42.4721],[-82.8834,42.4966],[-82.8813,42.516],[-82.8738,42.5387],[-82.8635,42.5575],[-82.8526,42.5655],[-82.8083,42.5793],[-82.7852,42.5819],[-82.7781,42.5861],[-82.7734,42.5996],[-82.7977,42.6108],[-82.8143,42.6317],[-82.8148,42.652],[-82.7912,42.6611],[-82.7668,42.6655],[-82.7053,42.702],[-82.6929,42.6953],[-82.6507,42.6817],[-82.6314,42.6814],[-82.6315,42.6694],[-82.6443,42.6405],[-82.6293,42.6264],[-82.6254,42.6161],[-82.637,42.5996],[-82.609,42.5793],[-82.6371,42.5684],[-82.6449,42.5616],[-82.6443,42.5513],[-82.6025,42.5157],[-82.5925,42.5101],[-82.5217,42.5128],[-82.4863,42.5054],[-82.4657,42.4827],[-82.4461,42.4972],[-82.4353,42.5013],[-82.4209,42.5028],[-82.4159,42.4969],[-82.4171,42.4836],[-82.4227,42.4698],[-82.4309,42.4618],[-82.4186,42.4448],[-82.4105,42.4242],[-82.4075,42.4024],[-82.4111,42.3806],[-82.4389,42.3391],[-82.4788,42.3253],[-82.5755,42.3253],[-82.6264,42.3108],[-82.7734,42.3108],[-82.847,42.3297],[-82.9477,42.3432],[-82.9721,42.3388],[-83.0076,42.3194],[-83.0305,42.3285],[-83.0768,42.3044],[-83.0816,42.3091],[-83.0619,42.3273]]]}},{"type":"Feature","properties":{},"bbox":[-81.102023,26.687754,-80.614703,27.196415],"geometry":{"type":"Polygon","coordinates":[[[-80.6185,26.9777],[-80.6147,26.938],[-80.6204,26.8973],[-80.636,26.8661],[-80.659,26.8399],[-80.6874,26.814],[-80.6918,26.8008],[-80.6942,26.749],[-80.7107,26.7407],[-80.7183,26.7428],[-80.732,26.7696],[-80.7357,26.7525],[-80.7252,26.6989],[-80.7417,26.6878],[-80.7563,26.6898],[-80.7813,26.6992],[-80.8141,26.7034],[-80.8481,26.7287],[-80.896,26.749],[-80.931,26.7784],[-80.9656,26.8476],[-80.9853,26.8585],[-80.9787,26.8791],[-80.9884,26.8817],[-81.02,26.872],[-81.0377,26.8761],[-81.0568,26.8859],[-81.0692,26.897],[-81.0673,26.9135],[-81.0741,26.9221],[-81.0779,26.9456],[-81.0877,26.955],[-81.0947,26.9503],[-81.0991,26.9544],[-81.102,26.9756],[-81.086,26.9792],[-81.033,27.003],[-80.9765,27.0436],[-80.9579,27.0507],[-80.964,27.0622],[-80.9603,27.0657],[-80.9272,27.0743],[-80.9201,27.0952],[-80.845,27.1726],[-80.8184,27.1908],[-80.7885,27.1964],[-80.7519,27.1879],[-80.7339,27.1623],[-80.6792,27.1134],[-80.6569,27.0781],[-80.6284,27.0116],[-80.6185,26.9777]]]}},{"type":"Feature","properties":{},"bbox":[-85.937984,11.029055,-84.766415,12.119968],"geometry":{"type":"Polygon","coordinates":[[[-84.7786,11.1412],[-84.7664,11.1088],[-84.7677,11.0903],[-84.7764,11.0809],[-84.8195,11.0494],[-84.8515,11.0482],[-84.8981,11.0291],[-84.9186,11.0329],[-84.9342,11.0517],[-84.9728,11.0573],[-85.1526,11.0979],[-85.2015,11.0941],[-85.2247,11.105],[-85.2574,11.1047],[-85.2658,11.1088],[-85.296,11.1389],[-85.3329,11.1515],[-85.3674,11.1592],[-85.4089,11.1624],[-85.4972,11.1936],[-85.5356,11.2248],[-85.5628,11.2413],[-85.5951,11.2522],[-85.628,11.2554],[-85.7503,11.3755],[-85.7683,11.4064],[-85.7957,11.5089],[-85.8027,11.5251],[-85.8335,11.5769],[-85.8503,11.5913],[-85.8503,11.5769],[-85.8632,11.5919],[-85.8645,11.6119],[-85.8441,11.6048],[-85.8567,11.6637],[-85.8645,11.6802],[-85.8594,11.6849],[-85.8606,11.6949],[-85.8645,11.7011],[-85.8713,11.7011],[-85.8707,11.6784],[-85.8645,11.6596],[-85.8788,11.6702],[-85.9125,11.7046],[-85.9191,11.7179],[-85.9091,11.737],[-85.9012,11.7449],[-85.8851,11.7535],[-85.885,11.7647],[-85.8918,11.7832],[-85.8913,11.8294],[-85.8982,11.8542],[-85.9274,11.8748],[-85.9186,11.8924],[-85.9043,11.8998],[-85.8987,11.8786],[-85.8918,11.8786],[-85.9018,11.9083],[-85.9113,11.9172],[-85.9297,11.9201],[-85.9367,11.9283],[-85.9362,11.9672],[-85.9221,12.0125],[-85.8903,12.0749],[-85.8713,12.0979],[-85.8445,12.0896],[-85.8176,12.0958],[-85.7756,12.12],[-85.7596,12.1064],[-85.6932,12.0711],[-85.6697,12.0629],[-85.6616,12.0573],[-85.6539,12.0402],[-85.6435,12.0387],[-85.6243,12.0431],[-85.6243,12.0364],[-85.6182,12.0364],[-85.5951,12.0523],[-85.5631,12.0284],[-85.511,11.9684],[-85.4917,11.9389],[-85.4805,11.9124],[-85.4326,11.865],[-85.4102,11.8862],[-85.3675,11.8777],[-85.3232,11.8559],[-85.296,11.8377],[-85.2721,11.7953],[-85.2456,11.7873],[-85.2156,11.7614],[-85.1862,11.7553],[-85.1473,11.6961],[-85.1104,11.6528],[-85.1036,11.6384],[-85.0899,11.6322],[-85.0656,11.6063],[-85.0577,11.5801],[-85.021,11.5498],[-84.9813,11.5015],[-84.9585,11.4874],[-84.9254,11.4403],[-84.9048,11.4329],[-84.8981,11.4262],[-84.8862,11.3682],[-84.8612,11.3467],[-84.8509,11.3308],[-84.8627,11.319],[-84.8572,11.3102],[-84.8354,11.3125],[-84.8262,11.3063],[-84.7978,11.2784],[-84.7883,11.2643],[-84.782,11.2413],[-84.782,11.1627],[-84.7786,11.1412]],[[-85.782,11.7111],[-85.7867,11.7438],[-85.7921,11.7617],[-85.7993,11.7694],[-85.8344,11.7614],[-85.8441,11.7694],[-85.8713,11.7485],[-85.8725,11.7314],[-85.8576,11.714],[-85.8782,11.7079],[-85.782,11.7111]],[[-85.4488,11.4415],[-85.4724,11.4862],[-85.5237,11.4983],[-85.5356,11.4944],[-85.5497,11.5068],[-85.5555,11.5571],[-85.5615,11.5669],[-85.5977,11.5913],[-85.6098,11.586],[-85.6522,11.5854],[-85.6728,11.5769],[-85.6857,11.5601],[-85.7022,11.5212],[-85.7137,11.5089],[-85.675,11.4859],[-85.6585,11.4809],[-85.6388,11.4794],[-85.5902,11.4883],[-85.5663,11.4744],[-85.5474,11.4188],[-85.5253,11.4064],[-85.5054,11.4],[-85.4976,11.3988],[-85.4769,11.4126],[-85.4635,11.4167],[-85.4526,11.4273],[-85.4488,11.4415]]]}},{"type":"Feature","properties":{},"bbox":[-100.520636,53.623838,-99.583527,54.269084],"geometry":{"type":"MultiPolygon","coordinates":[[[[-100.2614,53.6238],[-100.2688,53.6256],[-100.2687,53.6258],[-100.2614,53.6238]]],[[[-100.284,53.6553],[-100.2924,53.6665],[-100.319,53.6883],[-100.3261,53.7127],[-100.3514,53.7354],[-100.3788,53.7698],[-100.3974,53.7796],[-100.4534,53.7893],[-100.4662,53.8028],[-100.4625,53.8187],[-100.4394,53.8311],[-100.3682,53.8431],[-100.3277,53.8658],[-100.184,53.907],[-100.1731,53.9167],[-100.1817,53.9362],[-100.2014,53.9312],[-100.2414,53.9061],[-100.296,53.9061],[-100.3138,53.8908],[-100.3253,53.887],[-100.3405,53.8958],[-100.3574,53.8982],[-100.4033,53.8711],[-100.4264,53.8652],[-100.4431,53.8699],[-100.4479,53.8849],[-100.4537,53.8923],[-100.4678,53.8994],[-100.5052,53.8994],[-100.514,53.9047],[-100.5149,53.9285],[-100.5206,53.9379],[-100.4878,53.9615],[-100.4587,53.9656],[-100.3676,53.9515],[-100.3477,53.9303],[-100.3375,53.9241],[-100.3289,53.925],[-100.3103,53.9341],[-100.2722,53.9418],[-100.2619,53.947],[-100.2548,53.9559],[-100.2564,53.9624],[-100.2957,53.9738],[-100.3136,53.9891],[-100.3265,54.0095],[-100.3296,54.0304],[-100.3158,54.0463],[-100.2687,54.0763],[-100.2654,54.0881],[-100.325,54.1343],[-100.3439,54.1531],[-100.3576,54.1737],[-100.3923,54.194],[-100.3614,54.2282],[-100.3399,54.2414],[-100.3165,54.2426],[-100.3113,54.2394],[-100.303,54.2282],[-100.2516,54.1964],[-100.2476,54.184],[-100.2426,54.1802],[-100.2326,54.1808],[-100.226,54.1864],[-100.2308,54.1973],[-100.2307,54.2058],[-100.2067,54.2317],[-100.1979,54.252],[-100.1765,54.2632],[-100.1249,54.2691],[-100.1316,54.2555],[-100.1138,54.2279],[-100.0691,54.2164],[-100.0195,54.209],[-99.987,54.194],[-100.0087,54.1669],[-99.9534,54.1684],[-99.95,54.1725],[-99.9535,54.184],[-99.945,54.2005],[-99.925,54.2079],[-99.9023,54.207],[-99.8858,54.2002],[-99.8663,54.207],[-99.8357,54.209],[-99.8075,54.2043],[-99.7952,54.1908],[-99.8047,54.1834],[-99.953,54.1263],[-99.9993,54.116],[-100.1019,54.109],[-100.1275,54.1001],[-100.1384,54.081],[-100.1615,54.0671],[-100.1709,54.0527],[-100.1824,54.0548],[-100.2005,54.0639],[-100.2169,54.058],[-100.232,54.0474],[-100.2432,54.0321],[-100.2476,54.0124],[-100.2366,53.9977],[-100.2111,53.9947],[-100.1313,54.0089],[-100.1185,54.0086],[-100.1327,53.9735],[-100.1275,53.9685],[-100.0753,53.9665],[-100.0513,53.9615],[-100.0392,53.9491],[-100.0497,53.9264],[-100.058,53.9209],[-100.0975,53.9123],[-100.1185,53.9129],[-100.1359,53.9011],[-100.1521,53.897],[-100.1831,53.8808],[-100.1521,53.8576],[-100.1296,53.8202],[-100.1154,53.8034],[-100.0938,53.7963],[-100.0878,53.8013],[-100.0804,53.8343],[-100.0354,53.8576],[-100.0195,53.8602],[-99.9739,53.8576],[-99.9366,53.8793],[-99.9169,53.8864],[-99.8807,53.9182],[-99.8579,53.9264],[-99.8273,53.922],[-99.8189,53.9108],[-99.7952,53.9409],[-99.7516,53.9821],[-99.7412,54.0024],[-99.7259,54.0209],[-99.6652,54.0551],[-99.6381,54.0639],[-99.6162,54.0663],[-99.6072,54.0633],[-99.6047,54.0439],[-99.6065,54.0371],[-99.6168,54.0286],[-99.6177,54.0227],[-99.6108,54.0168],[-99.5897,54.0183],[-99.5835,54.0159],[-99.5874,53.9915],[-99.6143,53.9732],[-99.6729,53.9538],[-99.6977,53.9373],[-99.7063,53.892],[-99.7275,53.872],[-99.7126,53.8576],[-99.7198,53.8293],[-99.7391,53.8002],[-99.761,53.7831],[-99.783,53.7807],[-99.799,53.7869],[-99.8231,53.8105],[-99.8485,53.8296],[-99.8554,53.8417],[-99.8505,53.8576],[-99.8679,53.8561],[-99.9053,53.8402],[-99.9313,53.8184],[-99.9351,53.7984],[-99.9404,53.7902],[-99.8991,53.7663],[-99.9282,53.7395],[-99.9432,53.7354],[-99.9512,53.7375],[-99.9671,53.7492],[-100.0051,53.7492],[-100.0118,53.7436],[-100.0137,53.7163],[-100.0183,53.7042],[-100.0301,53.6971],[-100.077,53.6871],[-100.1227,53.6686],[-100.1384,53.6665],[-100.1503,53.6712],[-100.1778,53.6915],[-100.1936,53.6945],[-100.2032,53.6889],[-100.1731,53.6598],[-100.1948,53.6503],[-100.2582,53.6415],[-100.2687,53.6258],[-100.2856,53.6303],[-100.284,53.6553]]]]}},{"type":"Feature","properties":{},"bbox":[-103.866378,57.668107,-102.766487,58.572393],"geometry":{"type":"Polygon","coordinates":[[[-103.6209,58.4073],[-103.5711,58.4346],[-103.5579,58.4564],[-103.5401,58.4488],[-103.5333,58.442],[-103.5243,58.4205],[-103.5099,58.4181],[-103.4828,58.4223],[-103.387,58.4226],[-103.3695,58.4255],[-103.352,58.4346],[-103.23,58.4641],[-103.2102,58.4767],[-103.1948,58.4979],[-103.2425,58.5138],[-103.2494,58.5215],[-103.2158,58.5594],[-103.1873,58.5724],[-103.1702,58.5692],[-103.1689,58.5541],[-103.188,58.5321],[-103.1732,58.5212],[-103.1527,58.5185],[-103.1309,58.5215],[-103.0775,58.54],[-103.0682,58.5465],[-103.0629,58.5441],[-103.0576,58.5321],[-103.0249,58.5303],[-102.9204,58.5521],[-102.9347,58.5321],[-102.9756,58.5109],[-102.9671,58.4994],[-102.9278,58.4632],[-102.9079,58.457],[-102.8682,58.457],[-102.838,58.4435],[-102.8042,58.4426],[-102.797,58.4396],[-102.794,58.4282],[-102.7665,58.4117],[-102.7674,58.3996],[-102.7809,58.3834],[-102.8112,58.354],[-102.8365,58.3207],[-102.8541,58.3072],[-102.8733,58.3054],[-102.8791,58.3192],[-102.8711,58.3572],[-102.8866,58.3569],[-102.9222,58.3393],[-102.9881,58.2925],[-103.0167,58.2645],[-102.9864,58.2442],[-103.0067,58.2324],[-103.0372,58.2215],[-103.0372,58.203],[-103.0204,58.1988],[-102.9159,58.2171],[-102.8931,58.2153],[-102.8972,58.1997],[-102.9509,58.1585],[-102.9836,58.1417],[-103.0136,58.135],[-103.0469,58.1173],[-103.0642,58.1129],[-103.0713,58.1273],[-103.0642,58.1376],[-103.0167,58.1685],[-103.0488,58.1779],[-103.0848,58.1618],[-103.147,58.1205],[-103.1917,58.1108],[-103.2361,58.107],[-103.2456,58.0991],[-103.2774,58.0455],[-103.2432,58.0455],[-103.254,58.0243],[-103.29,57.989],[-103.3047,57.9698],[-103.2821,57.9631],[-103.2569,57.9636],[-103.2769,57.9336],[-103.3012,57.9051],[-103.305,57.8898],[-103.2877,57.8777],[-103.2494,57.8603],[-103.2456,57.8541],[-103.2494,57.8362],[-103.2462,57.8253],[-103.2379,57.8256],[-103.2035,57.838],[-103.1539,57.8742],[-103.1746,57.8365],[-103.2924,57.7196],[-103.3292,57.6996],[-103.4078,57.6681],[-103.3749,57.7023],[-103.3461,57.7229],[-103.3183,57.7582],[-103.2757,57.7864],[-103.2704,57.8017],[-103.2769,57.8112],[-103.3044,57.797],[-103.3108,57.8088],[-103.3172,57.8412],[-103.3351,57.8612],[-103.3623,57.8712],[-103.3972,57.8742],[-103.4733,57.8668],[-103.5151,57.8674],[-103.5374,57.8803],[-103.5261,57.888],[-103.524,57.8951],[-103.5302,57.9001],[-103.5442,57.9021],[-103.557,57.8995],[-103.5957,57.8774],[-103.615,57.8547],[-103.6262,57.8468],[-103.6814,57.8332],[-103.7008,57.8147],[-103.7344,57.7723],[-103.7572,57.7644],[-103.7723,57.7673],[-103.7913,57.7808],[-103.8049,57.7847],[-103.8215,57.782],[-103.8664,57.7582],[-103.8503,57.79],[-103.8287,57.8159],[-103.8107,57.8244],[-103.7663,57.8312],[-103.7321,57.855],[-103.6814,57.8803],[-103.6329,57.9357],[-103.7155,57.9492],[-103.7376,57.9575],[-103.7469,57.9531],[-103.7639,57.9289],[-103.8006,57.9286],[-103.8215,57.9339],[-103.8322,57.943],[-103.826,57.9569],[-103.8068,57.9675],[-103.7673,57.9766],[-103.7497,57.9843],[-103.7319,58.0175],[-103.7189,58.0249],[-103.6814,58.0249],[-103.6553,58.0369],[-103.568,58.0523],[-103.5551,58.0599],[-103.5554,58.0764],[-103.5679,58.0908],[-103.592,58.0932],[-103.5383,58.1111],[-103.5168,58.125],[-103.5305,58.1412],[-103.5579,58.1414],[-103.5858,58.1264],[-103.6329,58.0932],[-103.6525,58.0882],[-103.6599,58.0908],[-103.6665,58.112],[-103.6945,58.1123],[-103.7087,58.107],[-103.7112,58.089],[-103.7255,58.0846],[-103.7435,58.0723],[-103.7987,58.0584],[-103.7533,58.1099],[-103.7423,58.1155],[-103.6951,58.1273],[-103.6672,58.1403],[-103.6438,58.1588],[-103.6328,58.1721],[-103.6262,58.203],[-103.6422,58.2115],[-103.6463,58.2192],[-103.6412,58.2283],[-103.6084,58.2686],[-103.5953,58.2804],[-103.5554,58.2925],[-103.5564,58.3066],[-103.5711,58.316],[-103.6363,58.2845],[-103.6647,58.2639],[-103.6799,58.2577],[-103.6914,58.2592],[-103.6951,58.2713],[-103.6881,58.2804],[-103.5942,58.3657],[-103.5969,58.3816],[-103.6405,58.3881],[-103.6209,58.4073]],[[-103.5786,58.0178],[-103.592,58.004],[-103.5819,58.0022],[-103.578,57.9984],[-103.5858,57.984],[-103.5666,57.9784],[-103.5317,57.984],[-103.4444,58.0131],[-103.4107,58.0175],[-103.4011,58.0231],[-103.4072,58.0358],[-103.4281,58.0584],[-103.415,58.0711],[-103.4001,58.0796],[-103.4203,58.084],[-103.4506,58.0808],[-103.5039,58.0661],[-103.5786,58.0178]]]}},{"type":"Feature","properties":{},"bbox":[-103.325043,56.266345,-101.515734,58.160578],"geometry":{"type":"Polygon","coordinates":[[[-101.5397,57.9101],[-101.5503,57.8995],[-101.5471,57.8948],[-101.533,57.8904],[-101.5259,57.8803],[-101.5269,57.8689],[-101.5363,57.8603],[-101.531,57.8391],[-101.5447,57.8162],[-101.5812,57.7814],[-101.592,57.7758],[-101.6185,57.7723],[-101.6291,57.7673],[-101.638,57.7579],[-101.6691,57.7031],[-101.6797,57.6961],[-101.7241,57.6875],[-101.7209,57.6563],[-101.7259,57.6457],[-101.749,57.6378],[-101.7629,57.6072],[-101.8294,57.5716],[-101.8759,57.563],[-101.8905,57.5574],[-101.9028,57.5483],[-101.9253,57.5118],[-101.9342,57.5036],[-101.9617,57.4974],[-102.054,57.5036],[-102.0855,57.5012],[-102.0949,57.4941],[-102.0849,57.4626],[-102.0828,57.4444],[-102.0858,57.4306],[-102.1055,57.4011],[-102.156,57.3599],[-102.1675,57.3467],[-102.1421,57.3396],[-102.0708,57.3399],[-102.0253,57.3322],[-102.0092,57.3322],[-101.9683,57.3478],[-101.9546,57.3467],[-101.9482,57.3396],[-101.9504,57.3222],[-101.9404,57.3119],[-101.8931,57.3119],[-101.8721,57.2981],[-101.8528,57.3057],[-101.8447,57.3057],[-101.8361,57.2999],[-101.8311,57.2916],[-101.825,57.271],[-101.8485,57.2528],[-101.8615,57.2472],[-101.9089,57.2357],[-101.9137,57.2398],[-101.9137,57.2578],[-101.9268,57.2645],[-101.939,57.2607],[-101.9888,57.2298],[-102.0437,57.2098],[-102.0577,57.2018],[-102.0672,57.1904],[-102.0577,57.1547],[-102.0687,57.133],[-102.0708,57.1238],[-102.0684,57.1194],[-102.0048,57.0703],[-101.9869,57.0482],[-101.988,57.0279],[-101.9617,57.0449],[-101.9517,57.0411],[-101.9477,57.0208],[-101.9567,56.9887],[-101.9788,56.9822],[-102.0365,56.9896],[-102.0587,56.9811],[-102.0837,56.9646],[-102.1226,56.9316],[-102.1732,56.8601],[-102.1963,56.8489],[-102.2201,56.8501],[-102.2727,56.8601],[-102.2983,56.8598],[-102.3148,56.8563],[-102.3519,56.8259],[-102.3738,56.8133],[-102.4246,56.7921],[-102.4344,56.7744],[-102.4238,56.7591],[-102.3988,56.7626],[-102.3694,56.7729],[-102.3457,56.7774],[-102.3158,56.7591],[-102.2905,56.7638],[-102.2578,56.7647],[-102.2419,56.7629],[-102.2284,56.757],[-102.2531,56.7553],[-102.2787,56.7347],[-102.2939,56.7297],[-102.3589,56.7397],[-102.3798,56.7364],[-102.4324,56.7029],[-102.4489,56.677],[-102.5027,56.6402],[-102.4793,56.6246],[-102.4571,56.6255],[-102.434,56.6325],[-102.4071,56.634],[-102.4185,56.6102],[-102.4399,56.5987],[-102.4668,56.596],[-102.5487,56.6052],[-102.5747,56.6002],[-102.5716,56.5787],[-102.5822,56.571],[-102.5784,56.5592],[-102.5853,56.5522],[-102.5981,56.5489],[-102.647,56.5522],[-102.6582,56.5504],[-102.7032,56.5295],[-102.7263,56.5266],[-102.7223,56.5166],[-102.734,56.5071],[-102.7684,56.4971],[-102.7839,56.4968],[-102.8064,56.5098],[-102.8204,56.5139],[-102.8351,56.5071],[-102.8829,56.4659],[-102.8987,56.4592],[-102.9384,56.46],[-102.9552,56.4486],[-102.9229,56.4271],[-102.9129,56.4171],[-102.9143,56.4006],[-102.9265,56.3838],[-102.9459,56.3682],[-102.9677,56.357],[-102.9862,56.3529],[-103.0597,56.362],[-103.0713,56.3697],[-103.0738,56.397],[-103.08,56.4112],[-103.0923,56.4212],[-103.0884,56.438],[-103.111,56.44],[-103.1396,56.4282],[-103.1648,56.3885],[-103.2176,56.3547],[-103.2363,56.3391],[-103.2253,56.3249],[-103.2208,56.3131],[-103.2241,56.3005],[-103.2513,56.2702],[-103.264,56.2663],[-103.2978,56.2778],[-103.2935,56.2808],[-103.2903,56.2908],[-103.2944,56.2981],[-103.2897,56.3237],[-103.2903,56.3391],[-103.3071,56.3582],[-103.308,56.3673],[-103.2903,56.3803],[-103.3034,56.3906],[-103.2519,56.4359],[-103.2276,56.4715],[-103.1896,56.4803],[-103.1811,56.4901],[-103.1923,56.4998],[-103.2631,56.5104],[-103.2888,56.4695],[-103.3041,56.458],[-103.3108,56.4727],[-103.2978,56.5071],[-103.3019,56.5189],[-103.32,56.5339],[-103.325,56.5445],[-103.3225,56.5572],[-103.314,56.5692],[-103.2903,56.5857],[-103.2763,56.5887],[-103.2585,56.5878],[-103.2463,56.596],[-103.2242,56.6007],[-103.2097,56.5804],[-103.1948,56.5377],[-103.1846,56.5324],[-103.1734,56.5322],[-103.1627,56.536],[-103.1539,56.5445],[-103.1487,56.5581],[-103.1612,56.5893],[-103.1587,56.611],[-103.1471,56.639],[-103.147,56.6749],[-103.1415,56.684],[-103.1256,56.6985],[-103.1162,56.7217],[-103.1262,56.78],[-103.14,56.7906],[-103.1355,56.8039],[-103.1122,56.8395],[-103.114,56.8695],[-103.0848,56.8869],[-103.0541,56.8824],[-103.0514,56.8462],[-103.0657,56.8189],[-103.0682,56.8062],[-103.0651,56.7847],[-103.0539,56.7626],[-103.0576,56.75],[-103.0625,56.7447],[-103.085,56.7297],[-103.0712,56.6994],[-103.0687,56.6661],[-103.0812,56.6355],[-103.1122,56.6128],[-103.1009,56.5981],[-103.085,56.5857],[-103.0985,56.5651],[-103.0935,56.5589],[-103.0937,56.5542],[-103.1054,56.5195],[-103.106,56.5071],[-103.129,56.498],[-103.1333,56.4865],[-103.1271,56.4759],[-103.1127,56.475],[-103.0224,56.5048],[-102.9864,56.5239],[-102.97,56.5269],[-102.9591,56.5351],[-102.9552,56.5616],[-102.9424,56.596],[-102.8861,56.6505],[-102.8655,56.6999],[-102.8112,56.7364],[-102.7939,56.7744],[-102.7653,56.7888],[-102.756,56.798],[-102.7597,56.7847],[-102.7733,56.7606],[-102.7763,56.7438],[-102.7646,56.7155],[-102.7696,56.7023],[-102.7821,56.6914],[-102.8317,56.6676],[-102.8788,56.6317],[-102.8863,56.6234],[-102.8733,56.5966],[-102.8429,56.6057],[-102.8077,56.6278],[-102.7683,56.6467],[-102.7528,56.6746],[-102.7388,56.6811],[-102.6991,56.6858],[-102.6783,56.6923],[-102.6671,56.7023],[-102.6919,56.7126],[-102.6972,56.7288],[-102.7088,56.7438],[-102.7061,56.757],[-102.6975,56.7676],[-102.6841,56.7765],[-102.6492,56.7918],[-102.6306,56.7959],[-102.6115,56.7959],[-102.5921,56.7912],[-102.5672,56.7765],[-102.5554,56.7788],[-102.5506,56.8015],[-102.5587,56.8648],[-102.5568,56.891],[-102.5403,56.9184],[-102.5378,56.9681],[-102.5442,56.9802],[-102.5437,57.004],[-102.554,57.0096],[-102.5921,57.0176],[-102.5878,57.0323],[-102.5885,57.047],[-102.584,57.0591],[-102.5643,57.0652],[-102.5766,57.075],[-102.6046,57.077],[-102.6353,57.0979],[-102.6638,57.0997],[-102.6764,57.0967],[-102.7088,57.0791],[-102.7269,57.0773],[-102.7449,57.0797],[-102.7763,57.0926],[-102.7656,57.1],[-102.7474,57.1227],[-102.7388,57.1274],[-102.7128,57.1321],[-102.6876,57.1412],[-102.7016,57.1539],[-102.7443,57.1594],[-102.7497,57.1748],[-102.7357,57.1871],[-102.6851,57.1974],[-102.6739,57.2057],[-102.6695,57.2433],[-102.6758,57.2536],[-102.6985,57.2572],[-102.7421,57.2433],[-102.7632,57.2436],[-102.7634,57.2645],[-102.7696,57.2645],[-102.7702,57.2766],[-102.7834,57.2834],[-102.818,57.2913],[-102.8043,57.3193],[-102.8519,57.3107],[-102.9356,57.2734],[-102.9831,57.2645],[-102.9235,57.3125],[-102.9068,57.3322],[-102.9146,57.3537],[-102.9221,57.3587],[-102.9515,57.3629],[-102.9562,57.369],[-102.9519,57.3779],[-102.9415,57.3876],[-102.9051,57.3976],[-102.9006,57.4117],[-102.9048,57.4256],[-102.9151,57.4356],[-102.9415,57.4491],[-102.9194,57.4568],[-102.8686,57.4638],[-102.7768,57.493],[-102.6958,57.5427],[-102.6668,57.5798],[-102.6598,57.5966],[-102.6668,57.6048],[-102.6951,57.5998],[-102.6867,57.626],[-102.6851,57.6419],[-102.6876,57.6552],[-102.7251,57.6763],[-102.7223,57.6884],[-102.7154,57.6931],[-102.6876,57.6961],[-102.6745,57.7123],[-102.6671,57.7164],[-102.6346,57.7208],[-102.6125,57.7164],[-102.5981,57.6828],[-102.5853,57.6755],[-102.5688,57.6775],[-102.5563,57.6881],[-102.5369,57.7164],[-102.4487,57.7985],[-102.4483,57.8165],[-102.4318,57.8371],[-102.4081,57.8536],[-102.3745,57.8633],[-102.3382,57.8803],[-102.3077,57.8742],[-102.2973,57.8948],[-102.2566,57.9009],[-102.2184,57.9189],[-102.1912,57.9213],[-102.1464,57.943],[-102.1373,57.9531],[-102.1192,57.984],[-102.1586,57.9943],[-102.1677,58.0019],[-102.1675,58.0249],[-102.1614,58.0419],[-102.1502,58.0514],[-102.1129,58.0661],[-102.0962,58.0443],[-102.0799,58.0517],[-102.0688,58.0696],[-102.0677,58.0796],[-102.0783,58.0876],[-102.0849,58.1035],[-102.0241,58.1276],[-101.998,58.1332],[-101.9717,58.1335],[-101.9512,58.1241],[-101.9557,58.1129],[-101.9708,58.0929],[-102.0031,58.0584],[-101.9958,58.0478],[-101.9983,58.0402],[-102.0162,58.0249],[-102.0471,57.9872],[-102.0633,57.9722],[-102.0621,57.9669],[-102.0507,57.9601],[-102.0435,57.9586],[-102.0316,57.9622],[-102.0229,57.9601],[-102.0031,57.943],[-101.9754,57.9433],[-101.9327,57.9695],[-101.8856,57.9813],[-101.8701,57.9949],[-101.8618,58.0146],[-101.8584,58.0387],[-101.8594,58.1082],[-101.8553,58.1205],[-101.8354,58.1294],[-101.7863,58.1606],[-101.7704,58.1553],[-101.773,58.1373],[-101.7905,58.1167],[-101.8281,58.0829],[-101.8341,58.0634],[-101.8244,58.044],[-101.797,58.0113],[-101.797,57.984],[-101.7908,57.9775],[-101.7754,57.9725],[-101.7704,57.9636],[-101.7707,57.9478],[-101.7782,57.936],[-101.7904,57.9277],[-101.8038,57.9213],[-101.8379,57.9151],[-101.8409,57.8945],[-101.8447,57.8877],[-101.8816,57.863],[-101.9404,57.8126],[-101.9415,57.7953],[-101.9339,57.785],[-101.9208,57.7814],[-101.9062,57.7847],[-101.8828,57.805],[-101.8604,57.8321],[-101.8354,57.8512],[-101.8038,57.8468],[-101.8105,57.838],[-101.8108,57.8324],[-101.7891,57.8159],[-101.781,57.8194],[-101.7704,57.8332],[-101.7252,57.8715],[-101.7077,57.8803],[-101.7303,57.8992],[-101.7365,57.9115],[-101.7315,57.9251],[-101.7163,57.9357],[-101.7047,57.9339],[-101.6692,57.8948],[-101.6288,57.8974],[-101.6154,57.9051],[-101.6045,57.9163],[-101.5984,57.9289],[-101.577,57.9139],[-101.5603,57.9166],[-101.5421,57.9251],[-101.5157,57.9289],[-101.5397,57.9101]],[[-102.1713,57.1018],[-102.1851,57.1091],[-102.2079,57.0997],[-102.216,57.0932],[-102.2201,57.0876],[-102.2225,57.0564],[-102.2254,57.0499],[-102.2771,56.9908],[-102.283,56.9766],[-102.2631,56.9454],[-102.2697,56.9281],[-102.283,56.9219],[-102.2948,56.9051],[-102.284,56.8928],[-102.2618,56.8904],[-102.239,56.9039],[-102.2066,56.9378],[-102.1873,56.9504],[-102.1398,56.9587],[-102.133,56.9672],[-102.1395,57.0005],[-102.1352,57.0388],[-102.1377,57.0526],[-102.1713,57.1018]],[[-102.4344,57.49],[-102.4534,57.495],[-102.4689,57.4935],[-102.5126,57.4647],[-102.5878,57.4594],[-102.6208,57.45],[-102.6487,57.4353],[-102.6604,57.4155],[-102.6571,57.4052],[-102.6058,57.4217],[-102.583,57.417],[-102.5538,57.3979],[-102.5369,57.3943],[-102.52,57.4029],[-102.5033,57.435],[-102.4921,57.4423],[-102.4748,57.4473],[-102.4596,57.46],[-102.4344,57.49]]]}},{"type":"Feature","properties":{},"bbox":[-95.327905,48.853962,-94.012392,49.994328],"geometry":{"type":"Polygon","coordinates":[[[-94.3207,49.0691],[-94.4101,49.0064],[-94.4466,48.9861],[-94.4581,48.967],[-94.533,48.9617],[-94.5626,48.9543],[-94.5913,48.942],[-94.6155,48.9237],[-94.6497,48.8749],[-94.6715,48.8593],[-94.6975,48.8699],[-94.7352,48.854],[-94.7876,48.8543],[-94.8387,48.8663],[-94.8719,48.8866],[-94.903,48.9108],[-94.9304,48.9449],[-94.9455,48.9585],[-94.9651,48.9699],[-94.9876,48.9773],[-95.0122,48.9791],[-95.0176,48.9767],[-95.0206,48.9676],[-95.0265,48.9655],[-95.0572,48.9655],[-95.0677,48.9623],[-95.1076,48.9184],[-95.1227,48.9067],[-95.1414,48.899],[-95.1885,48.8937],[-95.2299,48.8831],[-95.2524,48.8828],[-95.2739,48.8893],[-95.2948,48.9011],[-95.3276,48.9314],[-95.3235,48.9458],[-95.3276,48.9791],[-95.3194,48.99],[-95.3085,48.9953],[-95.25,49.007],[-95.2361,49.0147],[-95.2319,49.0276],[-95.2804,49.0618],[-95.2913,49.0871],[-95.2904,49.1124],[-95.2792,49.1363],[-95.2593,49.1572],[-95.2271,49.1716],[-95.1632,49.176],[-95.1357,49.1919],[-95.1248,49.1851],[-95.1238,49.1786],[-95.1295,49.1607],[-95.1263,49.151],[-95.118,49.1507],[-94.9717,49.1928],[-94.9448,49.2151],[-94.933,49.2475],[-94.9304,49.2911],[-94.9336,49.3079],[-94.9424,49.3226],[-94.9554,49.3344],[-94.9713,49.3429],[-94.9922,49.3441],[-95.0421,49.3355],[-95.0762,49.345],[-95.0851,49.3482],[-95.0886,49.3559],[-95.0839,49.367],[-95.0736,49.3706],[-95.0477,49.37],[-95.0238,49.3744],[-94.9635,49.3953],[-94.9474,49.3844],[-94.9368,49.3823],[-94.9271,49.3868],[-94.9105,49.4174],[-94.927,49.423],[-94.9326,49.4286],[-94.9305,49.4356],[-94.9148,49.4574],[-94.9073,49.4618],[-94.8825,49.4656],[-94.8631,49.4642],[-94.8543,49.4671],[-94.8484,49.4801],[-94.8479,49.491],[-94.8513,49.4992],[-94.8584,49.5045],[-94.8688,49.5066],[-94.8565,49.5178],[-94.8432,49.5219],[-94.8142,49.521],[-94.7901,49.5136],[-94.7699,49.5251],[-94.7108,49.5366],[-94.6862,49.5478],[-94.6696,49.5619],[-94.6771,49.5754],[-94.6335,49.5981],[-94.6161,49.6164],[-94.6191,49.634],[-94.6385,49.6432],[-94.6631,49.644],[-94.7248,49.6349],[-94.7499,49.6278],[-94.759,49.6234],[-94.7763,49.5987],[-94.8114,49.5925],[-94.8348,49.5834],[-94.8556,49.5704],[-94.8688,49.5551],[-94.8559,49.5504],[-94.8484,49.5407],[-94.914,49.5233],[-94.9448,49.5192],[-94.9622,49.5069],[-94.97,49.4874],[-95.006,49.4863],[-95.0477,49.4656],[-95.0839,49.4589],[-95.1123,49.445],[-95.1364,49.4471],[-95.1545,49.4595],[-95.1569,49.4801],[-95.1037,49.5233],[-95.0948,49.5378],[-95.1001,49.559],[-95.1139,49.569],[-95.1569,49.5816],[-95.1822,49.599],[-95.1787,49.6131],[-95.1157,49.654],[-95.0971,49.6502],[-95.0606,49.6308],[-94.9869,49.6358],[-94.9442,49.6164],[-94.9508,49.6034],[-94.958,49.599],[-94.9925,49.5893],[-94.9788,49.5722],[-94.9713,49.5681],[-94.9651,49.5754],[-94.9576,49.5681],[-94.9417,49.5749],[-94.9028,49.5678],[-94.8825,49.5681],[-94.8516,49.5858],[-94.8098,49.6317],[-94.8144,49.6384],[-94.8341,49.6437],[-94.8844,49.6437],[-94.903,49.6499],[-94.8229,49.6935],[-94.6566,49.7126],[-94.5421,49.6964],[-94.5163,49.7017],[-94.514,49.7138],[-94.5296,49.7223],[-94.5611,49.7326],[-94.5643,49.7479],[-94.5565,49.7606],[-94.5331,49.7809],[-94.5439,49.7915],[-94.5637,49.8024],[-94.5726,49.8342],[-94.5966,49.8501],[-94.6063,49.873],[-94.6169,49.8828],[-94.6392,49.8907],[-94.6941,49.9216],[-94.7065,49.9455],[-94.6991,49.9667],[-94.6779,49.9834],[-94.6491,49.9932],[-94.6236,49.9943],[-94.5976,49.9896],[-94.5733,49.9799],[-94.5294,49.9475],[-94.5209,49.9169],[-94.5305,49.8869],[-94.5611,49.8698],[-94.5611,49.8636],[-94.5525,49.8566],[-94.5422,49.8398],[-94.5088,49.8318],[-94.5012,49.8245],[-94.4934,49.7803],[-94.4554,49.735],[-94.4447,49.7273],[-94.4065,49.7265],[-94.3695,49.7156],[-94.3531,49.7144],[-94.3344,49.7265],[-94.3107,49.6994],[-94.2982,49.6935],[-94.2729,49.6917],[-94.2954,49.6661],[-94.3224,49.6546],[-94.3823,49.637],[-94.3571,49.6205],[-94.2751,49.6102],[-94.2519,49.5893],[-94.3921,49.6034],[-94.4154,49.5996],[-94.4157,49.5902],[-94.4015,49.5787],[-94.3527,49.5504],[-94.3282,49.5272],[-94.3165,49.5116],[-94.3065,49.5066],[-94.2558,49.5045],[-94.2003,49.4936],[-94.1647,49.4718],[-94.1113,49.4701],[-94.0676,49.4521],[-94.0953,49.4468],[-94.1582,49.4598],[-94.1774,49.445],[-94.1491,49.4291],[-94.1001,49.3885],[-94.0738,49.3762],[-94.0362,49.3732],[-94.017,49.3685],[-94.0158,49.3591],[-94.0249,49.3564],[-94.0449,49.3647],[-94.0533,49.3626],[-94.0577,49.3547],[-94.0574,49.3456],[-94.0526,49.3385],[-94.0433,49.3352],[-94.0245,49.3214],[-94.0259,49.2896],[-94.0379,49.2561],[-94.0498,49.236],[-94.1032,49.2007],[-94.1351,49.1919],[-94.1557,49.2057],[-94.1401,49.2184],[-94.1023,49.236],[-94.0875,49.2466],[-94.0752,49.2622],[-94.0749,49.2702],[-94.0805,49.2802],[-94.0898,49.2849],[-94.115,49.2861],[-94.1441,49.3058],[-94.1613,49.3129],[-94.2003,49.3149],[-94.2208,49.3244],[-94.2184,49.3456],[-94.2098,49.3688],[-94.2109,49.39],[-94.1967,49.3968],[-94.2226,49.4168],[-94.2311,49.4165],[-94.2879,49.3803],[-94.3082,49.3732],[-94.3282,49.3762],[-94.3165,49.3915],[-94.2786,49.4118],[-94.2655,49.4247],[-94.258,49.4571],[-94.2491,49.4656],[-94.2246,49.4656],[-94.2689,49.4818],[-94.3187,49.4866],[-94.5091,49.4724],[-94.5737,49.4589],[-94.5951,49.4589],[-94.622,49.4698],[-94.6361,49.4656],[-94.6818,49.4268],[-94.7396,49.4218],[-94.759,49.4174],[-94.7807,49.3729],[-94.8039,49.3523],[-94.8089,49.3411],[-94.7922,49.3264],[-94.7836,49.3138],[-94.7664,49.3352],[-94.7365,49.35],[-94.7317,49.3458],[-94.7286,49.3347],[-94.7218,49.3317],[-94.7149,49.3358],[-94.7021,49.3665],[-94.6793,49.3676],[-94.6329,49.3559],[-94.5686,49.3485],[-94.5611,49.3429],[-94.5804,49.3332],[-94.6072,49.3311],[-94.6226,49.3261],[-94.6082,49.3082],[-94.591,49.2979],[-94.5531,49.2826],[-94.5193,49.2605],[-94.5144,49.2555],[-94.5125,49.2428],[-94.5071,49.2363],[-94.4944,49.2337],[-94.4682,49.2328],[-94.4435,49.2363],[-94.3884,49.267],[-94.3461,49.2814],[-94.3228,49.2843],[-94.3065,49.2802],[-94.314,49.267],[-94.2953,49.2584],[-94.2813,49.226],[-94.2655,49.2466],[-94.2604,49.2334],[-94.2611,49.2116],[-94.2519,49.2057],[-94.2619,49.1881],[-94.2798,49.1784],[-94.2798,49.1707],[-94.247,49.1786],[-94.0124,49.1845],[-94.0124,49.1784],[-94.0429,49.171],[-94.0536,49.163],[-94.0533,49.151],[-94.1153,49.1195],[-94.1502,49.0956],[-94.1728,49.093],[-94.2146,49.0956],[-94.2383,49.1157],[-94.2608,49.123],[-94.2866,49.123],[-94.3101,49.1174],[-94.3259,49.1071],[-94.3306,49.0909],[-94.3207,49.0691]],[[-94.4982,49.1301],[-94.5062,49.1436],[-94.5241,49.1366],[-94.5611,49.1095],[-94.6026,49.0959],[-94.6219,49.0844],[-94.6332,49.0556],[-94.6431,49.0394],[-94.6392,49.0306],[-94.6311,49.0285],[-94.6151,49.0432],[-94.6051,49.0474],[-94.5486,49.017],[-94.5468,49.0276],[-94.5318,49.0338],[-94.5165,49.0477],[-94.5069,49.0641],[-94.5091,49.0786],[-94.5225,49.0959],[-94.5237,49.1074],[-94.4982,49.1301]],[[-94.4369,49.1784],[-94.4461,49.1831],[-94.4506,49.1892],[-94.45,49.1966],[-94.4438,49.2057],[-94.4486,49.2057],[-94.4573,49.2125],[-94.4887,49.2193],[-94.5041,49.2137],[-94.5156,49.2022],[-94.5194,49.1937],[-94.5296,49.1919],[-94.5611,49.1981],[-94.6073,49.1789],[-94.6225,49.1784],[-94.6509,49.2022],[-94.6696,49.2057],[-94.7199,49.1828],[-94.7386,49.1784],[-94.7686,49.1904],[-94.7816,49.1919],[-94.7869,49.1784],[-94.7698,49.1542],[-94.7523,49.1489],[-94.7461,49.1439],[-94.7312,49.1151],[-94.7218,49.0868],[-94.7118,49.0747],[-94.6721,49.1021],[-94.6566,49.1095],[-94.6125,49.1112],[-94.5985,49.1195],[-94.5723,49.143],[-94.5442,49.1583],[-94.513,49.1651],[-94.4778,49.1639],[-94.4853,49.151],[-94.4731,49.1451],[-94.4613,49.151],[-94.4369,49.1784]]]}},{"type":"Feature","properties":{},"bbox":[-89.105783,49.36645,-88.011043,50.301056],"geometry":{"type":"Polygon","coordinates":[[[-88.9275,50.0508],[-88.9003,50.0485],[-88.8787,50.0544],[-88.8587,50.0659],[-88.8439,50.0832],[-88.836,50.1185],[-88.8261,50.1368],[-88.8219,50.1818],[-88.8177,50.1924],[-88.8038,50.2066],[-88.7643,50.2189],[-88.7458,50.2295],[-88.6906,50.2728],[-88.6588,50.2855],[-88.646,50.2863],[-88.6191,50.2813],[-88.5815,50.2607],[-88.5712,50.2487],[-88.5587,50.2204],[-88.5458,50.2248],[-88.5042,50.2513],[-88.4941,50.2545],[-88.482,50.254],[-88.4742,50.2484],[-88.4627,50.2298],[-88.4246,50.2219],[-88.4114,50.211],[-88.3864,50.1645],[-88.3786,50.1618],[-88.3584,50.1645],[-88.3316,50.1409],[-88.3212,50.1374],[-88.2767,50.1327],[-88.266,50.14],[-88.2696,50.1645],[-88.2752,50.1768],[-88.297,50.1924],[-88.3175,50.1924],[-88.3169,50.2098],[-88.3285,50.2186],[-88.3385,50.2404],[-88.3599,50.2289],[-88.3693,50.2292],[-88.4312,50.2696],[-88.441,50.2813],[-88.4273,50.2931],[-88.4123,50.2999],[-88.3962,50.3011],[-88.316,50.2678],[-88.3014,50.2392],[-88.2932,50.2328],[-88.2284,50.226],[-88.2142,50.2207],[-88.1988,50.1933],[-88.1603,50.1418],[-88.15,50.1162],[-88.1529,50.0962],[-88.1678,50.0865],[-88.1784,50.0929],[-88.1946,50.1174],[-88.2037,50.1244],[-88.2128,50.1283],[-88.2423,50.1303],[-88.2124,50.0779],[-88.2083,50.0585],[-88.2112,50.0367],[-88.2349,49.9864],[-88.2078,49.9914],[-88.1934,50.0082],[-88.1835,50.0258],[-88.1704,50.0344],[-88.1476,50.0408],[-88.1258,50.0291],[-88.1033,50.0064],[-88.0983,49.9967],[-88.087,49.9993],[-88.0611,49.9967],[-88.0334,49.9899],[-88.0165,49.9796],[-88.011,49.9561],[-88.024,49.9458],[-88.0434,49.9511],[-88.0574,49.9734],[-88.0655,49.9599],[-88.0861,49.9387],[-88.0848,49.9313],[-88.1052,49.9181],[-88.1279,49.9254],[-88.1541,49.9252],[-88.1799,49.9199],[-88.2014,49.9113],[-88.1871,49.9007],[-88.1587,49.8969],[-88.1019,49.8978],[-88.0983,49.8869],[-88.0989,49.8622],[-88.1052,49.8227],[-88.1135,49.8133],[-88.1292,49.813],[-88.14,49.8083],[-88.1479,49.798],[-88.1522,49.7842],[-88.1492,49.7724],[-88.1129,49.7597],[-88.107,49.7403],[-88.112,49.6917],[-88.1052,49.6576],[-88.136,49.6114],[-88.1442,49.6037],[-88.1735,49.5908],[-88.174,49.5781],[-88.1604,49.5272],[-88.1725,49.5027],[-88.1557,49.4765],[-88.1398,49.433],[-88.14,49.4174],[-88.1462,49.4041],[-88.1607,49.4144],[-88.1697,49.4483],[-88.1772,49.4621],[-88.1975,49.4748],[-88.2084,49.4686],[-88.2281,49.4383],[-88.2645,49.4621],[-88.2745,49.4795],[-88.287,49.4798],[-88.3212,49.4724],[-88.3459,49.4742],[-88.3524,49.4521],[-88.3606,49.4383],[-88.3958,49.3935],[-88.4242,49.3665],[-88.4348,49.3673],[-88.4473,49.3826],[-88.4672,49.4247],[-88.4658,49.4386],[-88.4551,49.4521],[-88.4547,49.4589],[-88.4648,49.4668],[-88.4782,49.4615],[-88.5031,49.4383],[-88.5118,49.4709],[-88.5044,49.4986],[-88.5047,49.5219],[-88.5366,49.5407],[-88.5343,49.561],[-88.5471,49.5743],[-88.5634,49.5716],[-88.5714,49.5445],[-88.5693,49.5278],[-88.5547,49.5228],[-88.544,49.5136],[-88.5415,49.5016],[-88.5428,49.4824],[-88.5297,49.4801],[-88.5391,49.4656],[-88.5912,49.4383],[-88.6226,49.4141],[-88.6342,49.4103],[-88.6595,49.4212],[-88.6831,49.4262],[-88.7085,49.4383],[-88.7458,49.4383],[-88.764,49.4445],[-88.7829,49.4589],[-88.7977,49.4771],[-88.8046,49.4936],[-88.7876,49.4989],[-88.7598,49.521],[-88.7495,49.5345],[-88.7312,49.5828],[-88.7191,49.5893],[-88.6806,49.5893],[-88.6734,49.5943],[-88.6703,49.6061],[-88.6601,49.6096],[-88.6458,49.6075],[-88.614,49.5928],[-88.5949,49.5893],[-88.5812,49.5955],[-88.5773,49.6099],[-88.5805,49.6267],[-88.5881,49.6405],[-88.6049,49.6493],[-88.6273,49.6511],[-88.6675,49.6437],[-88.715,49.6146],[-88.7259,49.6131],[-88.7415,49.6423],[-88.7499,49.6502],[-88.7637,49.6437],[-88.7598,49.6305],[-88.7609,49.5987],[-88.7564,49.5816],[-88.7739,49.5787],[-88.7904,49.5481],[-88.7998,49.5451],[-88.8177,49.5481],[-88.8413,49.5363],[-88.9037,49.5172],[-88.9446,49.496],[-88.9555,49.4801],[-88.9791,49.521],[-88.9838,49.5392],[-89.0028,49.5407],[-89.025,49.5504],[-89.0426,49.5687],[-89.0493,49.5816],[-89.0491,49.5943],[-89.0375,49.6034],[-89.0206,49.6025],[-89.0072,49.5916],[-88.9891,49.5681],[-88.9755,49.5575],[-88.9624,49.5516],[-88.9197,49.546],[-88.9156,49.5422],[-88.9071,49.5481],[-88.891,49.5846],[-88.8962,49.6146],[-88.9193,49.6458],[-88.9184,49.654],[-88.9071,49.6717],[-88.9412,49.6779],[-88.9339,49.6855],[-88.9421,49.7061],[-88.9255,49.7335],[-88.9175,49.7571],[-88.9518,49.7674],[-88.9618,49.7394],[-89.005,49.7026],[-89.017,49.7053],[-89.0216,49.7109],[-89.0306,49.7394],[-89.0391,49.7335],[-89.0512,49.7053],[-89.0599,49.722],[-89.0599,49.7653],[-89.0644,49.7741],[-89.0763,49.7677],[-89.0869,49.7568],[-89.0967,49.7547],[-89.1058,49.7741],[-89.102,49.8],[-89.0883,49.8395],[-89.0697,49.8666],[-89.0512,49.8566],[-89.0563,49.8195],[-89.0544,49.8021],[-88.9911,49.7791],[-88.9889,49.7759],[-88.9754,49.7809],[-88.9618,49.8083],[-88.9508,49.8127],[-88.9361,49.8112],[-88.9339,49.8257],[-88.9389,49.8463],[-88.952,49.858],[-88.9891,49.8698],[-88.9845,49.8836],[-88.9755,49.8931],[-88.9632,49.8963],[-88.9482,49.8907],[-88.932,49.9034],[-88.8828,49.9066],[-88.8671,49.9287],[-88.85,49.9381],[-88.8556,49.9484],[-88.8676,49.9555],[-88.8875,49.9599],[-88.8928,49.9734],[-88.8893,49.9776],[-88.8754,49.9826],[-88.8791,49.9932],[-88.9153,50.012],[-88.9361,50.0167],[-88.9434,50.0232],[-88.9482,50.0447],[-88.9418,50.0503],[-88.9275,50.0508]],[[-88.4074,50.022],[-88.3995,50.0076],[-88.3862,49.9961],[-88.3379,49.9667],[-88.3175,50.0076],[-88.3331,50.0105],[-88.3727,50.0411],[-88.3945,50.04],[-88.4059,50.0332],[-88.4074,50.022]],[[-88.462,50.1159],[-88.4498,50.0924],[-88.4274,50.1032],[-88.4383,50.1268],[-88.4414,50.1698],[-88.4477,50.1789],[-88.4619,50.1521],[-88.462,50.1159]],[[-88.4957,49.619],[-88.4831,49.6119],[-88.4583,49.6096],[-88.3897,49.6199],[-88.3903,49.6308],[-88.3752,49.667],[-88.3727,49.6855],[-88.3993,49.7],[-88.4237,49.6811],[-88.4547,49.637],[-88.4491,49.6473],[-88.4486,49.6549],[-88.4583,49.6682],[-88.4669,49.6711],[-88.4957,49.6317],[-88.4957,49.619]],[[-88.6479,49.9696],[-88.6435,49.9522],[-88.626,49.9387],[-88.6245,49.9564],[-88.6155,49.9693],[-88.5912,49.9864],[-88.5644,49.9967],[-88.5503,50.0273],[-88.5612,50.0397],[-88.5762,50.0455],[-88.6404,50.0494],[-88.6327,50.0273],[-88.6327,50.0002],[-88.6258,49.9911],[-88.626,49.9864],[-88.6397,49.9796],[-88.6479,49.9696]],[[-88.7637,49.8698],[-88.7158,49.853],[-88.6601,49.8492],[-88.6398,49.8413],[-88.6135,49.8192],[-88.5898,49.8098],[-88.5781,49.8083],[-88.6154,49.8669],[-88.6464,49.8978],[-88.6327,49.9113],[-88.6675,49.9098],[-88.6816,49.9137],[-88.6873,49.9249],[-88.6976,49.9193],[-88.7228,49.8907],[-88.7637,49.8698]]]}},{"type":"Feature","properties":{},"bbox":[-99.561892,50.186843,-97.93185,51.809966],"geometry":{"type":"Polygon","coordinates":[[[-97.9364,50.3961],[-97.9318,50.3532],[-97.9405,50.3337],[-97.9611,50.322],[-98.0071,50.3093],[-98.0505,50.289],[-98.1279,50.2387],[-98.1722,50.2198],[-98.3175,50.188],[-98.4174,50.1868],[-98.4683,50.1942],[-98.5132,50.211],[-98.549,50.2404],[-98.5581,50.2543],[-98.5736,50.2928],[-98.5762,50.3122],[-98.5736,50.3384],[-98.5656,50.3529],[-98.5169,50.3917],[-98.5163,50.4153],[-98.5369,50.4591],[-98.5769,50.4974],[-98.5899,50.5142],[-98.5921,50.5542],[-98.5983,50.5695],[-98.621,50.5754],[-98.6185,50.5854],[-98.6451,50.6443],[-98.6801,50.6817],[-98.6941,50.7026],[-98.7079,50.7553],[-98.728,50.775],[-98.7748,50.8082],[-98.8021,50.8436],[-98.8537,50.8736],[-98.8572,50.8865],[-98.8431,50.9095],[-98.8529,50.9348],[-98.8498,50.9484],[-98.841,50.9598],[-98.8295,50.9666],[-98.8517,50.9769],[-98.8641,50.974],[-98.8748,50.9657],[-98.8915,50.9595],[-98.913,50.9666],[-98.9328,51.0058],[-98.9568,51.0234],[-98.9738,51.0605],[-99.0101,51.0761],[-99.0183,51.0935],[-99.0219,51.1309],[-99.0142,51.1515],[-99.0069,51.1606],[-98.9977,51.1644],[-98.9861,51.1615],[-98.9735,51.1379],[-98.9418,51.1079],[-98.9216,51.0953],[-98.9015,51.09],[-98.8924,51.0794],[-98.8982,51.032],[-98.8878,51.0211],[-98.8451,51.0214],[-98.8383,51.0308],[-98.8506,51.0552],[-98.789,51.0911],[-98.7817,51.1038],[-98.7945,51.1182],[-98.8161,51.1097],[-98.8386,51.0955],[-98.8537,51.0935],[-98.8569,51.1256],[-98.8754,51.1362],[-98.8766,51.1485],[-98.871,51.1721],[-98.846,51.2268],[-98.8432,51.251],[-98.8516,51.2639],[-98.8712,51.263],[-98.8932,51.2545],[-98.9264,51.2321],[-98.9342,51.2242],[-98.9262,51.2162],[-98.9171,51.1947],[-98.9189,51.1862],[-98.9347,51.1841],[-98.9926,51.2286],[-99.0157,51.2713],[-99.0219,51.2892],[-99.0526,51.2792],[-99.0652,51.2822],[-99.0747,51.3087],[-99.1037,51.3502],[-99.1114,51.3737],[-99.1125,51.3896],[-99.1017,51.4155],[-99.1168,51.4564],[-99.1167,51.4782],[-99.1093,51.4932],[-99.1128,51.4997],[-99.1243,51.5082],[-99.1514,51.5492],[-99.1619,51.5556],[-99.1894,51.5495],[-99.2069,51.5556],[-99.214,51.5603],[-99.2137,51.563],[-99.2306,51.5565],[-99.2466,51.535],[-99.2615,51.5283],[-99.2842,51.568],[-99.2752,51.5904],[-99.288,51.6027],[-99.3012,51.6354],[-99.3093,51.6448],[-99.3273,51.6451],[-99.3377,51.6331],[-99.3513,51.6236],[-99.3782,51.6313],[-99.3988,51.6522],[-99.4219,51.6401],[-99.4408,51.6463],[-99.4533,51.6448],[-99.4634,51.6398],[-99.4728,51.6257],[-99.4758,51.601],[-99.498,51.5865],[-99.4995,51.5798],[-99.4898,51.5659],[-99.4874,51.5556],[-99.499,51.5294],[-99.5064,51.5018],[-99.5185,51.5021],[-99.5304,51.5141],[-99.5391,51.5518],[-99.5531,51.5865],[-99.5563,51.6074],[-99.5557,51.6272],[-99.5495,51.6448],[-99.5276,51.6631],[-99.5222,51.6722],[-99.5619,51.6828],[-99.5486,51.719],[-99.512,51.7608],[-99.4812,51.7882],[-99.4452,51.8079],[-99.4331,51.81],[-99.4255,51.8067],[-99.3979,51.782],[-99.3508,51.7652],[-99.3257,51.7652],[-99.3161,51.782],[-99.2927,51.7355],[-99.2895,51.7234],[-99.2615,51.6784],[-99.2516,51.6501],[-99.2431,51.6369],[-99.2304,51.6313],[-99.2135,51.6333],[-99.1848,51.6428],[-99.1412,51.6487],[-99.1351,51.6566],[-99.1386,51.6722],[-99.168,51.7016],[-99.176,51.7311],[-99.1917,51.7585],[-99.1932,51.7752],[-99.1858,51.7885],[-99.1727,51.7967],[-99.1596,51.7941],[-99.1454,51.757],[-99.1293,51.7317],[-99.1081,51.7137],[-99.0774,51.7181],[-99.05,51.7072],[-99.0423,51.7002],[-99.0409,51.6878],[-99.056,51.6516],[-99.0412,51.6422],[-99.0329,51.6266],[-99.0248,51.5662],[-98.9939,51.5221],[-98.9824,51.4558],[-98.9701,51.4455],[-98.967,51.4355],[-98.8988,51.3455],[-98.8843,51.3396],[-98.8779,51.3611],[-98.8797,51.3834],[-98.9108,51.5035],[-98.9125,51.5804],[-98.9147,51.5868],[-98.9337,51.603],[-98.9687,51.6233],[-98.9908,51.6484],[-98.9923,51.6657],[-98.9791,51.6872],[-98.9607,51.7055],[-98.9462,51.7137],[-98.9118,51.7013],[-98.8977,51.7002],[-98.8756,51.7072],[-98.8603,51.7234],[-98.852,51.7258],[-98.8323,51.7155],[-98.8176,51.6993],[-98.8096,51.6722],[-98.7752,51.613],[-98.7393,51.5948],[-98.7237,51.5798],[-98.7259,51.5727],[-98.7745,51.528],[-98.7804,51.5138],[-98.7776,51.4997],[-98.7649,51.4838],[-98.7667,51.4714],[-98.8096,51.4123],[-98.7923,51.4002],[-98.7765,51.3961],[-98.7565,51.3608],[-98.749,51.3296],[-98.7408,51.3166],[-98.7333,51.3125],[-98.7127,51.306],[-98.6926,51.2942],[-98.6619,51.3022],[-98.5793,51.296],[-98.5628,51.2901],[-98.5643,51.2757],[-98.5762,51.2477],[-98.5664,51.2304],[-98.5574,51.2257],[-98.5569,51.2209],[-98.5728,51.203],[-98.5883,51.195],[-98.6279,51.1927],[-98.6451,51.1862],[-98.6551,51.1718],[-98.6511,51.1415],[-98.6588,51.1235],[-98.6402,51.1138],[-98.6427,51.1047],[-98.6823,51.0799],[-98.6973,51.0849],[-98.7202,51.1038],[-98.7408,51.0826],[-98.6985,51.0741],[-98.6923,51.0658],[-98.6966,51.057],[-98.7197,51.039],[-98.7305,51.0355],[-98.7656,51.0446],[-98.7748,51.0355],[-98.7774,51.0222],[-98.7737,51.0096],[-98.7655,50.9996],[-98.7545,50.9946],[-98.7748,50.9728],[-98.7525,50.964],[-98.7368,50.9625],[-98.734,50.959],[-98.7506,50.9425],[-98.7555,50.926],[-98.7431,50.9092],[-98.7227,50.896],[-98.7029,50.891],[-98.6369,50.888],[-98.6017,50.9021],[-98.5764,50.8977],[-98.5384,50.8845],[-98.4788,50.8736],[-98.4595,50.8636],[-98.4421,50.8436],[-98.3906,50.8362],[-98.3749,50.8253],[-98.3173,50.7673],[-98.3108,50.7629],[-98.2879,50.7588],[-98.2802,50.7532],[-98.2774,50.7464],[-98.282,50.74],[-98.2574,50.7188],[-98.2473,50.7135],[-98.2172,50.7108],[-98.2193,50.699],[-98.2012,50.6799],[-98.1164,50.6169],[-98.1088,50.6043],[-98.1101,50.5831],[-98.0779,50.5548],[-98.0829,50.5418],[-98.0671,50.5289],[-98.0225,50.5109],[-97.9959,50.4924],[-97.9713,50.4815],[-97.9661,50.4765],[-97.9455,50.432],[-97.9364,50.3961]]]}},{"type":"Feature","properties":{},"bbox":[-101.114515,51.575947,-99.604722,53.179937],"geometry":{"type":"Polygon","coordinates":[[[-99.6097,51.6757],[-99.6047,51.6687],[-99.6047,51.6275],[-99.6106,51.6172],[-99.6243,51.6148],[-99.6518,51.6169],[-99.6571,51.6148],[-99.6605,51.606],[-99.6655,51.6039],[-99.6929,51.6107],[-99.7052,51.621],[-99.7154,51.623],[-99.7295,51.5915],[-99.7518,51.5789],[-99.779,51.5759],[-99.8027,51.5827],[-99.8027,51.6039],[-99.8233,51.6107],[-99.8542,51.6413],[-99.8755,51.656],[-99.9216,51.676],[-99.9406,51.6928],[-99.9459,51.7078],[-99.9406,51.7649],[-99.9584,51.7864],[-99.9603,51.7958],[-99.9527,51.8088],[-99.9397,51.8123],[-99.9251,51.8094],[-99.9126,51.8026],[-99.9051,51.8161],[-99.9095,51.8279],[-99.9044,51.8368],[-99.8858,51.8509],[-99.9126,51.8738],[-99.9269,51.9118],[-99.944,51.9265],[-99.946,51.936],[-99.944,51.9448],[-99.9331,51.9704],[-99.9435,52.0057],[-99.9689,52.0402],[-100.0003,52.0543],[-100.0293,52.0284],[-100.022,52.0113],[-100.0218,51.991],[-100.0046,51.9745],[-100.0014,51.9633],[-100.0014,51.9221],[-99.9971,51.9106],[-99.9783,51.9036],[-99.974,51.895],[-99.974,51.8606],[-99.9665,51.8359],[-99.9709,51.8267],[-99.993,51.8176],[-100.0018,51.8103],[-99.998,51.7991],[-99.9852,51.7858],[-99.9808,51.7649],[-99.9837,51.7443],[-99.9925,51.7267],[-100.0077,51.7152],[-100.0293,51.7137],[-100.0466,51.7234],[-100.0499,51.7396],[-100.0497,51.782],[-100.0703,51.7958],[-100.0703,51.8161],[-100.0907,51.83],[-100.0907,51.8509],[-100.1333,51.8997],[-100.1453,51.9186],[-100.1252,51.9262],[-100.1216,51.9574],[-100.1112,51.9739],[-100.1225,51.9866],[-100.1533,52.0107],[-100.1596,52.0251],[-100.1533,52.0708],[-100.1517,52.1326],[-100.1583,52.1788],[-100.1733,52.2068],[-100.1531,52.225],[-100.1578,52.2459],[-100.172,52.2668],[-100.1801,52.2854],[-100.1746,52.3089],[-100.1615,52.3375],[-100.1316,52.3854],[-100.1157,52.3993],[-100.0622,52.4272],[-100.0389,52.4325],[-100.0157,52.4434],[-100.0036,52.4679],[-100.0067,52.4935],[-100.0293,52.5076],[-100.0198,52.5229],[-99.99,52.5429],[-99.9808,52.5568],[-99.9833,52.5685],[-99.9925,52.5844],[-100.0054,52.598],[-100.0185,52.6039],[-100.0442,52.6021],[-100.0539,52.6047],[-100.0669,52.6145],[-100.0695,52.6201],[-100.0701,52.636],[-100.0541,52.643],[-100.0542,52.6507],[-100.0633,52.6592],[-100.0601,52.6951],[-100.0423,52.7378],[-100.0399,52.7531],[-100.0519,52.7781],[-100.0535,52.8046],[-100.0703,52.8093],[-100.1087,52.8096],[-100.1272,52.8058],[-100.1386,52.7958],[-100.1481,52.8029],[-100.1949,52.8235],[-100.2005,52.8305],[-100.1942,52.8473],[-100.1971,52.8544],[-100.2182,52.8582],[-100.2223,52.862],[-100.2279,52.8782],[-100.2401,52.895],[-100.2469,52.8985],[-100.2654,52.8994],[-100.2924,52.8682],[-100.2956,52.862],[-100.2957,52.8482],[-100.303,52.8373],[-100.3262,52.8229],[-100.3624,52.8132],[-100.3718,52.7825],[-100.3041,52.8002],[-100.2825,52.7958],[-100.2645,52.7784],[-100.2666,52.7605],[-100.2825,52.7275],[-100.262,52.6934],[-100.2551,52.6727],[-100.2279,52.666],[-100.2267,52.6483],[-100.2519,52.6242],[-100.262,52.6039],[-100.2924,52.6283],[-100.2954,52.6377],[-100.2806,52.6521],[-100.2825,52.6592],[-100.3034,52.6613],[-100.3473,52.6436],[-100.3651,52.6592],[-100.3545,52.6872],[-100.3474,52.6904],[-100.3234,52.7137],[-100.3458,52.7237],[-100.406,52.7316],[-100.43,52.7449],[-100.4401,52.7699],[-100.4354,52.7984],[-100.4219,52.8249],[-100.406,52.8441],[-100.4382,52.8567],[-100.447,52.8647],[-100.4507,52.8744],[-100.4423,52.8894],[-100.4322,52.9233],[-100.4101,52.9439],[-100.4203,52.96],[-100.4382,52.9706],[-100.4584,52.9721],[-100.479,52.9651],[-100.4986,52.9503],[-100.51,52.9471],[-100.557,52.973],[-100.5546,52.9845],[-100.5432,53.0013],[-100.553,53.0083],[-100.5633,53.0083],[-100.5841,53.0013],[-100.6047,52.9874],[-100.635,53.0013],[-100.7145,52.9845],[-100.7282,52.9745],[-100.7051,52.9497],[-100.649,52.93],[-100.5998,52.9035],[-100.5978,52.8576],[-100.6144,52.845],[-100.6605,52.8397],[-100.6803,52.8305],[-100.6628,52.8176],[-100.6578,52.794],[-100.6625,52.7696],[-100.6736,52.7546],[-100.6877,52.7543],[-100.7182,52.764],[-100.7401,52.754],[-100.8268,52.7407],[-100.8494,52.7487],[-100.8511,52.7752],[-100.8335,52.7899],[-100.8087,52.8008],[-100.7982,52.8126],[-100.8237,52.8305],[-100.8358,52.8223],[-100.9063,52.8032],[-100.9266,52.7911],[-100.9367,52.7896],[-100.9576,52.7958],[-100.9241,52.8341],[-100.933,52.8576],[-100.9482,52.862],[-100.9856,52.8594],[-101.0019,52.8647],[-101.0108,52.8747],[-101.0165,52.8882],[-101.014,52.9003],[-100.9988,52.9056],[-100.9609,52.9368],[-100.9657,52.9512],[-101.0093,52.9677],[-100.9794,52.9821],[-100.9694,52.9936],[-100.9712,53.0048],[-100.9862,53.0154],[-101.0428,53.0283],[-101.0698,53.0422],[-101.0977,53.0631],[-101.1145,53.0866],[-101.108,53.1078],[-101.0839,53.1246],[-101.0553,53.1387],[-101.0241,53.1484],[-100.9919,53.152],[-100.9557,53.1511],[-100.9338,53.1473],[-100.9194,53.1384],[-100.9195,53.1296],[-100.9473,53.0972],[-100.9308,53.0981],[-100.8995,53.0837],[-100.8696,53.0778],[-100.8374,53.0769],[-100.7457,53.0978],[-100.7248,53.0943],[-100.7089,53.0854],[-100.6931,53.0854],[-100.6627,53.091],[-100.6462,53.1225],[-100.6319,53.1219],[-100.6109,53.1146],[-100.6017,53.119],[-100.5978,53.1352],[-100.5882,53.1381],[-100.5694,53.1343],[-100.5561,53.1352],[-100.5636,53.152],[-100.5563,53.1593],[-100.5705,53.1738],[-100.5705,53.1799],[-100.5315,53.1764],[-100.4264,53.152],[-100.406,53.1175],[-100.3914,53.1031],[-100.3684,53.0972],[-100.0839,53.0663],[-100.0354,53.0428],[-100.008,53.016],[-99.9883,53.0074],[-99.9678,53.0086],[-99.9502,52.9904],[-99.9432,52.9874],[-99.9138,52.9845],[-99.8596,52.9715],[-99.8299,52.9677],[-99.7753,52.9665],[-99.7437,52.9618],[-99.7378,52.9503],[-99.7719,52.923],[-99.7916,52.8797],[-99.8027,52.8647],[-99.774,52.8756],[-99.7432,52.9047],[-99.7104,52.9265],[-99.6761,52.9162],[-99.6624,52.8997],[-99.6649,52.8932],[-99.6929,52.8782],[-99.7066,52.8441],[-99.7284,52.8258],[-99.7344,52.8167],[-99.6963,52.7946],[-99.6867,52.7825],[-99.7133,52.7484],[-99.7086,52.7354],[-99.6907,52.7266],[-99.6833,52.7113],[-99.6687,52.6989],[-99.6655,52.6901],[-99.6792,52.6695],[-99.6593,52.6524],[-99.6593,52.6174],[-99.673,52.5977],[-99.6593,52.5806],[-99.6581,52.5653],[-99.654,52.5594],[-99.6352,52.5459],[-99.6355,52.537],[-99.6662,52.4938],[-99.6976,52.4585],[-99.6994,52.4446],[-99.6867,52.4293],[-99.6932,52.4099],[-99.7269,52.3854],[-99.7413,52.371],[-99.7413,52.3445],[-99.749,52.3313],[-99.7597,52.3201],[-99.7725,52.3124],[-99.7989,52.3063],[-99.82,52.2786],[-99.8333,52.273],[-99.8527,52.2768],[-99.8579,52.2612],[-99.8563,52.2453],[-99.8299,52.2068],[-99.8237,52.1888],[-99.8231,52.1762],[-99.8343,52.1149],[-99.834,52.0834],[-99.824,52.059],[-99.799,52.049],[-99.7662,52.0599],[-99.7488,52.0584],[-99.7413,52.039],[-99.7425,51.9884],[-99.7332,51.9633],[-99.7548,51.9153],[-99.7622,51.9065],[-99.8003,51.9086],[-99.817,51.9056],[-99.81,51.893],[-99.817,51.8541],[-99.8148,51.8403],[-99.8049,51.8214],[-99.8027,51.81],[-99.817,51.7852],[-99.8096,51.7582],[-99.8022,51.744],[-99.7856,51.7443],[-99.7546,51.7546],[-99.7325,51.7311],[-99.7201,51.7337],[-99.7066,51.7788],[-99.7036,51.8329],[-99.6955,51.8606],[-99.6792,51.8777],[-99.6405,51.8521],[-99.6289,51.8359],[-99.6246,51.8132],[-99.6289,51.8026],[-99.6476,51.7823],[-99.6518,51.7717],[-99.6536,51.7402],[-99.6456,51.6857],[-99.635,51.6796],[-99.6097,51.6757]],[[-99.8683,52.386],[-99.8538,52.401],[-99.8505,52.409],[-99.8583,52.4361],[-99.8579,52.447],[-99.8402,52.4732],[-99.8374,52.4844],[-99.8299,52.522],[-99.8359,52.5368],[-99.8535,52.535],[-99.8956,52.522],[-99.9231,52.5194],[-99.9309,52.5106],[-99.9323,52.4955],[-99.9406,52.4735],[-99.9678,52.447],[-99.9678,52.409],[-99.9615,52.3875],[-99.9332,52.3601],[-99.9269,52.3475],[-99.9359,52.3154],[-99.9309,52.3057],[-99.9051,52.3095],[-99.8889,52.3195],[-99.8786,52.3342],[-99.8683,52.386]]]}},{"type":"Feature","properties":{},"bbox":[-111.329539,58.477608,-106.018327,59.615031],"geometry":{"type":"Polygon","coordinates":[[[-109.2031,59.1017],[-109.2369,59.1379],[-109.2462,59.1423],[-109.2768,59.1399],[-109.2984,59.1332],[-109.3414,59.1081],[-109.3926,59.0866],[-109.9206,59.0113],[-109.951,58.9883],[-109.9622,58.9839],[-109.9743,58.9827],[-110.2117,58.9021],[-110.2756,58.8659],[-110.2979,58.8612],[-110.3035,58.8567],[-110.3181,58.8297],[-110.3291,58.8229],[-110.3693,58.8126],[-110.3855,58.8038],[-110.4437,58.7493],[-110.4504,58.739],[-110.4451,58.7308],[-110.4724,58.6931],[-110.4796,58.6713],[-110.4623,58.6619],[-110.4512,58.6651],[-110.4279,58.6931],[-110.4135,58.7001],[-110.3923,58.7031],[-110.3711,58.7019],[-110.3564,58.6966],[-110.3455,58.6863],[-110.3468,58.6819],[-110.3624,58.6692],[-110.3705,58.6539],[-110.3693,58.6377],[-110.3746,58.6292],[-110.3982,58.6239],[-110.4094,58.6057],[-110.4227,58.608],[-110.4451,58.621],[-110.5071,58.6283],[-110.5863,58.648],[-110.5982,58.648],[-110.6072,58.6251],[-110.617,58.6177],[-110.6303,58.6148],[-110.6602,58.6157],[-110.705,58.6283],[-110.7708,58.6283],[-110.786,58.6189],[-110.7811,58.5977],[-110.7604,58.5594],[-110.7613,58.54],[-110.7716,58.5271],[-110.8047,58.5015],[-110.826,58.4797],[-110.8391,58.4776],[-110.854,58.4803],[-110.8559,58.4876],[-110.8491,58.5109],[-110.8491,58.5465],[-110.8375,58.5765],[-110.836,58.5898],[-110.836,58.6316],[-110.8427,58.6374],[-110.8906,58.6283],[-110.9165,58.6469],[-110.9317,58.648],[-110.945,58.6439],[-110.9558,58.6354],[-110.9631,58.6239],[-110.9659,58.6107],[-111.0266,58.5739],[-111.0415,58.5594],[-111.0483,58.5185],[-111.059,58.5079],[-111.0677,58.5065],[-111.086,58.5109],[-111.1235,58.5427],[-111.1198,58.555],[-111.1021,58.5697],[-111.0961,58.5798],[-111.116,58.6004],[-111.0749,58.621],[-111.094,58.6257],[-111.1311,58.6174],[-111.1473,58.6245],[-111.1671,58.6463],[-111.1641,58.6548],[-111.1439,58.6619],[-111.1751,58.6754],[-111.2879,58.6966],[-111.2951,58.7346],[-111.3036,58.7481],[-111.3295,58.7573],[-111.3198,58.774],[-111.3013,58.7835],[-111.2149,58.8041],[-111.1918,58.8058],[-111.1713,58.7996],[-111.1775,58.7896],[-111.1341,58.7681],[-111.136,58.7578],[-111.1503,58.7428],[-111.1852,58.7205],[-111.1813,58.706],[-111.175,58.7028],[-111.1638,58.7031],[-111.1298,58.7134],[-111.0977,58.7311],[-111.0689,58.7308],[-110.9834,58.7793],[-110.9108,58.7926],[-110.8471,58.8276],[-110.8143,58.84],[-110.8201,58.8806],[-110.7854,58.9109],[-110.705,58.9504],[-110.6924,58.9677],[-110.6771,59.006],[-110.6675,59.0219],[-110.5777,59.0958],[-110.5602,59.1061],[-110.5399,59.1123],[-110.4503,59.117],[-110.3898,59.1279],[-110.1706,59.2241],[-110.1433,59.2538],[-110.1332,59.2583],[-110.1054,59.2615],[-110.0795,59.2703],[-110.0563,59.2824],[-110.0058,59.3151],[-109.9862,59.3316],[-109.9637,59.3436],[-109.9228,59.3539],[-109.856,59.3581],[-109.8287,59.3539],[-109.8458,59.3648],[-109.8613,59.3798],[-109.8673,59.3954],[-109.856,59.4084],[-109.8268,59.4119],[-109.7946,59.4066],[-109.7656,59.4057],[-109.7462,59.4222],[-109.8349,59.4222],[-109.8203,59.4381],[-109.7706,59.4631],[-109.7492,59.4929],[-109.6977,59.5173],[-109.6057,59.5491],[-109.5651,59.5788],[-109.5394,59.593],[-109.5118,59.6033],[-109.4861,59.6077],[-109.2256,59.615],[-109.1845,59.6009],[-109.1542,59.6012],[-109.1496,59.598],[-109.1461,59.5723],[-109.1356,59.555],[-109.1186,59.5426],[-109.0638,59.5208],[-109.0541,59.5114],[-109.064,59.4929],[-109.0454,59.4814],[-109.0148,59.4793],[-108.9889,59.4879],[-108.9474,59.5176],[-108.9259,59.5238],[-108.835,59.532],[-108.8195,59.527],[-108.7983,59.5144],[-108.7559,59.5041],[-108.7677,59.487],[-108.8634,59.4346],[-108.8999,59.4054],[-108.9515,59.3866],[-108.95,59.3772],[-108.9445,59.3748],[-108.9107,59.3813],[-108.8158,59.3678],[-108.778,59.3828],[-108.7156,59.3828],[-108.6767,59.3954],[-108.6179,59.4063],[-108.6049,59.4122],[-108.5892,59.4352],[-108.579,59.444],[-108.5606,59.4502],[-108.4439,59.457],[-108.3991,59.4502],[-108.3832,59.4384],[-108.3756,59.4364],[-108.3341,59.4437],[-108.2832,59.4773],[-108.2627,59.474],[-108.2274,59.4623],[-108.2043,59.4631],[-108.1642,59.4746],[-108.1451,59.4761],[-108.1224,59.4705],[-108.1286,59.4502],[-108.102,59.4469],[-108.04,59.4537],[-108.0068,59.4366],[-107.9648,59.4437],[-107.9482,59.4414],[-107.8959,59.4222],[-107.864,59.416],[-107.7723,59.416],[-107.7273,59.4125],[-107.7146,59.419],[-107.7042,59.4205],[-107.6631,59.4022],[-107.6497,59.4034],[-107.6147,59.416],[-107.5976,59.4187],[-107.5227,59.4122],[-107.3194,59.3372],[-107.2529,59.3224],[-107.1895,59.3198],[-107.1649,59.3257],[-107.1144,59.3266],[-107.0511,59.3348],[-106.9994,59.3254],[-106.922,59.3448],[-106.8885,59.3477],[-106.9052,59.3251],[-106.9014,59.3177],[-106.8823,59.313],[-106.8658,59.3139],[-106.8065,59.3266],[-106.6499,59.3174],[-106.6353,59.313],[-106.6524,59.3068],[-106.6625,59.293],[-106.6402,59.2892],[-106.3199,59.2712],[-106.0941,59.2939],[-106.0183,59.2789],[-106.0183,59.2712],[-106.7534,59.2583],[-106.7991,59.2521],[-106.786,59.265],[-106.8053,59.2756],[-106.9089,59.265],[-106.896,59.2789],[-106.9329,59.2889],[-107.0904,59.2865],[-107.1085,59.2892],[-107.1633,59.3089],[-107.2577,59.3045],[-107.2926,59.2948],[-107.3131,59.293],[-107.3839,59.3009],[-107.4503,59.293],[-107.4595,59.2956],[-107.465,59.3083],[-107.4707,59.313],[-107.5131,59.3154],[-107.5533,59.3068],[-107.539,59.293],[-107.539,59.2856],[-107.5905,59.2889],[-107.6125,59.2951],[-107.6351,59.3068],[-107.6175,59.3142],[-107.6017,59.3266],[-107.6261,59.3424],[-107.6691,59.3457],[-107.7586,59.3401],[-107.7486,59.3195],[-107.7571,59.3086],[-107.7716,59.2989],[-107.7845,59.265],[-107.7979,59.2553],[-107.8344,59.238],[-107.8064,59.2168],[-107.8343,59.2041],[-107.9012,59.2247],[-107.9262,59.2203],[-107.9498,59.2085],[-108.0399,59.2038],[-108.1944,59.152],[-108.602,59.1408],[-108.6399,59.1246],[-108.6692,59.1282],[-108.6919,59.1173],[-108.7073,59.1146],[-108.7381,59.1143],[-108.8517,59.1014],[-108.8664,59.1028],[-108.876,59.1073],[-108.8926,59.1243],[-108.9069,59.1332],[-108.9194,59.1323],[-108.9442,59.1205],[-109.0543,59.0884],[-109.1134,59.0811],[-109.1701,59.0869],[-109.2031,59.1017]]]}},{"type":"Feature","properties":{},"bbox":[-74.227149,50.039366,-72.617713,51.399328],"geometry":{"type":"Polygon","coordinates":[[[-73.4265,50.8077],[-73.503,50.7514],[-73.5297,50.7473],[-73.5433,50.7338],[-73.5292,50.757],[-73.479,50.7879],[-73.4622,50.8277],[-73.3988,50.8951],[-73.3467,50.9348],[-73.3192,50.9434],[-73.2794,50.9666],[-73.2245,50.9804],[-73.2137,50.9869],[-73.21,51.0025],[-73.2176,51.014],[-73.2416,51.0278],[-73.1923,51.0814],[-73.1801,51.09],[-73.1694,51.09],[-73.1599,51.0861],[-73.1538,51.0788],[-73.1529,51.0691],[-73.1944,51.0417],[-73.1666,51.0476],[-73.1446,51.0652],[-73.1119,51.11],[-73.127,51.1111],[-73.1392,51.1173],[-73.129,51.1344],[-73.1398,51.1524],[-73.1589,51.1662],[-73.1736,51.1721],[-73.249,51.1067],[-73.3139,51.0658],[-73.329,51.0396],[-73.3433,51.0326],[-73.4787,50.9345],[-73.509,50.9051],[-73.5951,50.7991],[-73.6327,50.7673],[-73.6293,50.7876],[-73.5932,50.8174],[-73.5843,50.8327],[-73.5875,50.8489],[-73.6093,50.8356],[-73.6252,50.8362],[-73.6346,50.82],[-73.6661,50.7809],[-73.6648,50.7685],[-73.6852,50.7464],[-73.6805,50.727],[-73.7216,50.7096],[-73.7403,50.694],[-73.7481,50.6755],[-73.776,50.6443],[-73.7788,50.6178],[-73.7828,50.6101],[-73.8062,50.599],[-73.8187,50.5842],[-73.8239,50.5619],[-73.8228,50.518],[-73.8168,50.5062],[-73.8034,50.5071],[-73.8058,50.4918],[-73.8209,50.468],[-73.8245,50.4559],[-73.822,50.4438],[-73.8159,50.4338],[-73.7862,50.4011],[-73.7857,50.3947],[-73.7965,50.382],[-73.7931,50.3738],[-73.779,50.367],[-73.7481,50.377],[-73.7351,50.3696],[-73.7406,50.3632],[-73.7562,50.3582],[-73.7921,50.3561],[-73.8056,50.3573],[-73.8156,50.3632],[-73.8245,50.377],[-73.8312,50.4223],[-73.8449,50.4662],[-73.8663,50.4267],[-73.844,50.3761],[-73.8172,50.3293],[-73.8245,50.3016],[-73.8075,50.2525],[-73.8296,50.2175],[-74.096,50.082],[-74.1125,50.0623],[-74.0641,50.0753],[-74.0498,50.0747],[-74.0483,50.07],[-74.0555,50.062],[-74.0792,50.0453],[-74.0932,50.0423],[-74.1686,50.0394],[-74.1814,50.0411],[-74.1739,50.0547],[-74.1948,50.0494],[-74.2148,50.0547],[-74.201,50.0629],[-74.1486,50.0794],[-74.1075,50.0873],[-74.0714,50.1303],[-74.033,50.1442],[-73.9992,50.1818],[-73.9681,50.2007],[-73.9487,50.2054],[-73.9269,50.2057],[-73.9343,50.1851],[-73.9114,50.1874],[-73.8499,50.2074],[-73.8312,50.2198],[-73.8271,50.2286],[-73.8217,50.2572],[-73.8245,50.2675],[-73.8688,50.2746],[-73.8901,50.2819],[-73.9014,50.3005],[-73.9064,50.3464],[-73.9209,50.3782],[-73.9135,50.3838],[-73.9036,50.3808],[-73.8579,50.3564],[-73.8561,50.3746],[-73.8848,50.407],[-73.8928,50.4288],[-73.8713,50.4582],[-73.8814,50.4809],[-73.8654,50.5071],[-73.8654,50.5345],[-73.8452,50.5951],[-73.814,50.6249],[-73.8034,50.6443],[-73.8003,50.6705],[-73.8084,50.6749],[-73.8514,50.6402],[-73.8827,50.6204],[-73.8889,50.6087],[-73.8844,50.591],[-73.8858,50.5831],[-73.8922,50.5769],[-73.9042,50.5754],[-73.9132,50.5692],[-73.9373,50.5312],[-73.9393,50.5239],[-73.9343,50.49],[-73.9293,50.4865],[-73.8897,50.5124],[-73.8797,50.5071],[-73.9064,50.4736],[-73.9269,50.432],[-73.9329,50.4474],[-73.9476,50.4653],[-73.9668,50.4803],[-73.9858,50.4868],[-74.0099,50.4833],[-74.0292,50.4738],[-74.0641,50.4459],[-74.0981,50.4253],[-74.1269,50.3788],[-74.136,50.3464],[-74.2005,50.2949],[-74.2245,50.2849],[-74.2271,50.2875],[-74.2183,50.2984],[-74.1596,50.3458],[-74.1459,50.3638],[-74.1368,50.3953],[-74.1249,50.4159],[-74.0776,50.4562],[-74.073,50.4635],[-74.0701,50.4915],[-74.066,50.5009],[-74.023,50.5551],[-74.0339,50.5642],[-74.0311,50.5736],[-74.0162,50.5892],[-74.0106,50.601],[-74.0087,50.6302],[-74.0002,50.6549],[-73.9616,50.7202],[-73.9481,50.7332],[-73.9134,50.7856],[-73.8976,50.8318],[-73.8767,50.8515],[-73.8312,50.8845],[-73.8507,50.9066],[-73.8596,50.9074],[-73.9022,50.8759],[-73.9188,50.8718],[-73.9343,50.8771],[-73.9282,50.8913],[-73.9244,50.9222],[-73.9169,50.9354],[-73.8892,50.9516],[-73.8579,50.9595],[-73.8704,50.9687],[-73.8922,50.9678],[-73.9139,50.9613],[-73.9269,50.9534],[-73.9409,50.9669],[-73.944,50.9772],[-73.9404,50.9869],[-73.9312,50.9893],[-73.8626,50.9869],[-73.819,51.0249],[-73.8071,51.0278],[-73.7575,51.0246],[-73.7326,51.0273],[-73.7111,51.0384],[-73.6918,51.0537],[-73.6327,51.0826],[-73.6119,51.0961],[-73.5638,51.1447],[-73.4927,51.1721],[-73.4608,51.2],[-73.3377,51.2675],[-73.3407,51.2819],[-73.3232,51.2854],[-73.2862,51.2819],[-73.249,51.2928],[-73.2447,51.3069],[-73.2343,51.3122],[-73.2075,51.3166],[-73.0997,51.3681],[-73.0701,51.3911],[-73.0579,51.3852],[-73.0219,51.3984],[-72.9698,51.3958],[-72.9536,51.3911],[-72.9286,51.374],[-72.9397,51.3637],[-73.0229,51.3522],[-73.0631,51.3281],[-73.1092,51.3148],[-73.1365,51.2957],[-73.1608,51.273],[-73.1733,51.2545],[-73.1439,51.2574],[-73.0999,51.2831],[-73.0631,51.2925],[-73.0401,51.306],[-73.0111,51.3113],[-72.9246,51.3528],[-72.8928,51.3596],[-72.8785,51.3466],[-72.8641,51.3449],[-72.7968,51.3614],[-72.7761,51.3705],[-72.7765,51.3622],[-72.7686,51.3502],[-72.7867,51.3284],[-72.8141,51.309],[-72.8456,51.2945],[-72.8899,51.2866],[-72.9337,51.2675],[-72.9536,51.2751],[-72.9673,51.2613],[-72.9916,51.2542],[-73.0231,51.2348],[-73.0797,51.2124],[-73.1044,51.1992],[-73.1306,51.1741],[-73.1143,51.1694],[-73.0793,51.1712],[-73.0498,51.1644],[-73.0613,51.1521],[-73.0572,51.1379],[-73.0379,51.145],[-72.981,51.1788],[-72.9105,51.2101],[-72.8765,51.233],[-72.8723,51.2442],[-72.8665,51.2477],[-72.8052,51.2504],[-72.7344,51.2751],[-72.7333,51.2586],[-72.7413,51.241],[-72.7294,51.241],[-72.714,51.2545],[-72.6751,51.2539],[-72.6177,51.241],[-72.711,51.2174],[-72.7344,51.1992],[-72.7683,51.2083],[-72.7926,51.1998],[-72.8161,51.1859],[-72.8759,51.1724],[-72.9262,51.1441],[-72.9637,51.1335],[-73.0094,51.0932],[-73.022,51.0888],[-73.0372,51.0882],[-73.0362,51.09],[-73.0545,51.0752],[-73.066,51.0532],[-73.0846,51.0008],[-73.0972,51.0255],[-73.1136,51.0072],[-73.1343,50.9751],[-73.1596,50.9595],[-73.1296,51.0084],[-73.1255,51.0211],[-73.1278,51.0346],[-73.1317,51.0381],[-73.149,51.0355],[-73.1529,51.0311],[-73.1529,51.0008],[-73.1614,50.9796],[-73.173,50.9687],[-73.2263,50.9454],[-73.2328,50.9395],[-73.2396,50.9198],[-73.258,50.9142],[-73.2703,50.8971],[-73.3089,50.8636],[-73.3204,50.8565],[-73.341,50.8512],[-73.3789,50.8274],[-73.4265,50.8077]],[[-73.6951,50.8359],[-73.7011,50.8415],[-73.718,50.8436],[-73.7273,50.838],[-73.7389,50.8138],[-73.7613,50.7988],[-73.78,50.7779],[-73.794,50.7547],[-73.7965,50.74],[-73.7709,50.7591],[-73.7297,50.7997],[-73.7077,50.8156],[-73.6979,50.8271],[-73.6951,50.8359]],[[-73.1801,51.241],[-73.4263,51.0961],[-73.5297,51.0081],[-73.5728,50.9781],[-73.5806,50.9651],[-73.56,50.9595],[-73.5508,50.964],[-73.537,50.9946],[-73.3014,51.1656],[-73.2696,51.1786],[-73.2075,51.2204],[-73.191,51.2268],[-73.1801,51.241]]]}},{"type":"Feature","properties":{},"bbox":[-76.120352,43.175089,-75.731938,43.263693],"geometry":{"type":"Polygon","coordinates":[[[-75.7517,43.2304],[-75.7319,43.2213],[-75.7324,43.206],[-75.7484,43.1916],[-75.7645,43.1851],[-75.8802,43.1751],[-75.9325,43.1777],[-75.9602,43.1827],[-75.9948,43.1992],[-76.0685,43.216],[-76.1112,43.2525],[-76.1204,43.2637],[-75.9757,43.2637],[-75.8875,43.2457],[-75.7517,43.2304]]]}},{"type":"Feature","properties":{},"bbox":[-155.929237,59.319784,-153.884584,59.805779],"geometry":{"type":"Polygon","coordinates":[[[-153.9327,59.7996],[-153.8846,59.7996],[-153.8846,59.7925],[-153.9932,59.731],[-154.09,59.6972],[-154.1578,59.6857],[-154.3706,59.6766],[-154.6399,59.6171],[-154.6542,59.6112],[-154.6586,59.6009],[-154.6505,59.5953],[-154.6039,59.5838],[-154.5799,59.5744],[-154.5709,59.5665],[-154.5728,59.5562],[-154.5809,59.5435],[-154.5806,59.5353],[-154.5725,59.5314],[-154.5568,59.532],[-154.5359,59.5544],[-154.5197,59.5659],[-154.505,59.5635],[-154.5067,59.55],[-154.5273,59.5358],[-154.5699,59.5185],[-154.6074,59.5188],[-154.6488,59.5288],[-154.6917,59.5335],[-154.7343,59.5185],[-154.7132,59.4849],[-154.7069,59.4849],[-154.6897,59.4982],[-154.6446,59.4667],[-154.617,59.4631],[-154.6145,59.4817],[-154.5759,59.4911],[-154.5459,59.4917],[-154.5145,59.4849],[-154.5413,59.4726],[-154.551,59.4637],[-154.5568,59.4502],[-154.5568,59.457],[-154.5685,59.4355],[-154.5977,59.4331],[-154.6586,59.4437],[-154.8026,59.4502],[-155.0095,59.4175],[-155.0769,59.416],[-155.1917,59.4266],[-155.2491,59.4246],[-155.3034,59.4084],[-155.327,59.3863],[-155.337,59.3813],[-155.3536,59.3804],[-155.3873,59.3848],[-155.4225,59.366],[-155.5015,59.3401],[-155.5661,59.3289],[-155.7826,59.3198],[-155.844,59.3266],[-155.8958,59.3477],[-155.9067,59.3583],[-155.9292,59.4708],[-155.9251,59.4873],[-155.9098,59.5082],[-155.8894,59.5258],[-155.6748,59.6277],[-154.9833,59.6663],[-154.9489,59.6724],[-154.9224,59.6863],[-154.8778,59.726],[-154.8123,59.7652],[-154.7895,59.7752],[-154.7612,59.779],[-154.7026,59.7778],[-154.6741,59.784],[-154.6243,59.7722],[-154.4851,59.7884],[-154.4468,59.7996],[-154.381,59.7925],[-154.1514,59.8058],[-154.1514,59.7996],[-154.1915,59.7984],[-154.2084,59.7925],[-154.2203,59.779],[-154.1866,59.7613],[-154.1658,59.759],[-154.1308,59.7811],[-154.1102,59.784],[-154.0689,59.779],[-154.0262,59.7811],[-153.9327,59.7996]]]}},{"type":"Feature","properties":{},"bbox":[-156.8896,57.607173,-155.951314,58.105532],"geometry":{"type":"Polygon","coordinates":[[[-155.9569,57.8915],[-155.9513,57.875],[-155.9521,57.8639],[-155.9675,57.8603],[-155.9787,57.8409],[-156.1321,57.8259],[-156.106,57.8182],[-156.0223,57.8188],[-156.0002,57.8121],[-155.9827,57.8009],[-155.9797,57.7885],[-156.0017,57.7779],[-155.9859,57.7608],[-155.9987,57.7544],[-156.0047,57.7264],[-156.0608,57.7005],[-156.0632,57.6884],[-156.1013,57.6687],[-156.1182,57.6522],[-156.1253,57.6304],[-156.13,57.6248],[-156.1547,57.6098],[-156.1662,57.6072],[-156.1865,57.6107],[-156.1847,57.6169],[-156.1593,57.634],[-156.1419,57.6557],[-156.1396,57.6649],[-156.101,57.6922],[-156.1016,57.7099],[-156.1144,57.7332],[-156.1215,57.7541],[-156.1047,57.7644],[-156.1147,57.7785],[-156.1321,57.7847],[-156.0911,57.7985],[-156.1499,57.8144],[-156.2826,57.8118],[-156.3443,57.8188],[-156.4302,57.8571],[-156.4417,57.8603],[-156.4977,57.8624],[-156.5055,57.8774],[-156.5122,57.8806],[-156.5225,57.8742],[-156.5498,57.868],[-156.5704,57.8742],[-156.6239,57.8803],[-156.6687,57.8715],[-156.6971,57.8783],[-156.749,57.9021],[-156.8036,57.9151],[-156.8338,57.9395],[-156.8753,57.9666],[-156.8889,57.9819],[-156.8896,57.9904],[-156.8862,58.004],[-156.879,58.016],[-156.8415,58.0623],[-156.8187,58.0734],[-156.7689,58.0723],[-156.7239,58.0932],[-156.6067,58.1046],[-156.5786,58.0858],[-156.5573,58.0796],[-156.5188,58.0605],[-156.2552,58.0146],[-156.139,57.9666],[-156.1218,57.9531],[-156.1039,57.9445],[-156.0296,57.9492],[-155.9894,57.9372],[-155.9694,57.926],[-155.9607,57.9115],[-155.9569,57.8915]]]}},{"type":"Feature","properties":{},"bbox":[-120.155017,38.939778,-119.922322,39.263873],"geometry":{"type":"Polygon","coordinates":[[[-119.9298,39.228],[-119.9223,39.2212],[-119.9223,39.1694],[-119.9254,39.1564],[-119.9395,39.1364],[-119.9434,39.1243],[-119.9429,39.1111],[-119.9373,39.0926],[-119.9353,39.0419],[-119.9395,38.9987],[-119.947,38.9751],[-119.9625,38.958],[-119.9906,38.9468],[-120.0173,38.9407],[-120.0315,38.9398],[-120.0645,38.9571],[-120.0791,38.961],[-120.0936,38.9604],[-120.0895,38.9742],[-120.0908,38.9878],[-120.0998,39.0151],[-120.1073,39.0699],[-120.1201,39.079],[-120.149,39.087],[-120.155,39.1046],[-120.1513,39.119],[-120.1418,39.1349],[-120.0775,39.2097],[-120.0517,39.23],[-120.018,39.2418],[-119.9959,39.233],[-119.9875,39.238],[-119.9707,39.2621],[-119.9515,39.2639],[-119.9345,39.2568],[-119.9256,39.2439],[-119.9298,39.228]]]}},{"type":"Feature","properties":{},"bbox":[-88.516025,43.805617,-88.303788,44.22332],"geometry":{"type":"Polygon","coordinates":[[[-88.327,44.133],[-88.3344,44.0914],[-88.3247,43.9334],[-88.3281,43.9187],[-88.3808,43.8807],[-88.3931,43.8671],[-88.4076,43.8253],[-88.4189,43.8112],[-88.4445,43.8056],[-88.465,43.8112],[-88.472,43.8253],[-88.4683,43.8671],[-88.4701,43.8898],[-88.4931,43.954],[-88.5119,43.9622],[-88.516,43.9731],[-88.516,44.0823],[-88.5103,44.0847],[-88.4757,44.1209],[-88.4652,44.1444],[-88.4436,44.1627],[-88.441,44.1721],[-88.4604,44.2045],[-88.4622,44.2233],[-88.4563,44.2148],[-88.439,44.2045],[-88.3575,44.2004],[-88.3281,44.1904],[-88.3038,44.1686],[-88.327,44.133]]]}},{"type":"Feature","properties":{},"bbox":[-71.476169,65.955046,-69.15393,67.041838],"geometry":{"type":"Polygon","coordinates":[[[-71.4762,66.5947],[-71.4426,66.6153],[-71.4398,66.6383],[-71.3777,66.6321],[-71.3777,66.6383],[-71.3914,66.6456],[-71.3505,66.6798],[-71.3505,66.6865],[-71.3714,66.6933],[-71.3411,66.7142],[-71.3088,66.7275],[-71.2972,66.7584],[-71.2951,66.7722],[-71.2985,66.7943],[-71.2932,66.8013],[-71.2747,66.8028],[-71.2747,66.8096],[-71.2238,66.8234],[-71.1928,66.8364],[-71.1927,66.8579],[-71.1827,66.8685],[-71.1811,66.8967],[-71.1653,66.9058],[-71.1859,66.9267],[-71.1687,66.9338],[-71.1575,66.9473],[-71.1535,66.9624],[-71.158,66.9738],[-71.18,66.9821],[-71.2392,66.988],[-71.2678,66.9944],[-71.2413,67.0103],[-71.2132,67.0224],[-71.2277,67.0324],[-71.2162,67.0404],[-71.1964,67.0418],[-71.1859,67.033],[-71.1034,67.0292],[-71.0354,67.0374],[-70.9953,67.0371],[-70.9894,67.0348],[-70.9831,67.0183],[-70.9525,67.0089],[-70.96,67.0012],[-70.937,66.9947],[-70.9042,66.9942],[-70.8735,66.9992],[-70.857,67.0089],[-70.8262,66.9956],[-70.7956,66.9883],[-70.7126,66.9868],[-70.6857,66.9815],[-70.721,66.9733],[-70.7697,66.9744],[-70.8141,66.9703],[-70.8371,66.9462],[-70.7266,66.9223],[-70.6924,66.9091],[-70.6383,66.9055],[-70.631,66.8958],[-70.6583,66.8717],[-70.6436,66.8567],[-70.6028,66.8593],[-70.6205,66.834],[-70.5987,66.8022],[-70.5934,66.7963],[-70.5592,66.7943],[-70.543,66.7899],[-70.5354,66.7822],[-70.5482,66.7784],[-70.5476,66.7722],[-70.5317,66.7581],[-70.5137,66.7513],[-70.4372,66.7498],[-70.3605,66.7298],[-70.2809,66.7207],[-70.2809,66.7275],[-70.31,66.7369],[-70.3361,66.7542],[-70.315,66.7522],[-70.2668,66.7398],[-70.234,66.7272],[-70.1989,66.7351],[-70.1864,66.7333],[-70.1607,66.7174],[-70.1583,66.7089],[-70.1549,66.7071],[-70.137,66.7139],[-69.9935,66.7139],[-69.9868,66.708],[-69.9247,66.6865],[-69.9247,66.6798],[-69.939,66.6659],[-69.7839,66.6609],[-69.7335,66.6518],[-69.7335,66.6456],[-69.7518,66.6418],[-69.7677,66.6321],[-69.695,66.6185],[-69.6851,66.6012],[-69.6763,66.595],[-69.6168,66.6109],[-69.4629,66.5868],[-69.4434,66.5809],[-69.4245,66.57],[-69.4356,66.5588],[-69.4705,66.5503],[-69.4871,66.5426],[-69.5035,66.5188],[-69.5123,66.514],[-69.5479,66.5084],[-69.5479,66.5011],[-69.503,66.5008],[-69.4548,66.5093],[-69.4086,66.5243],[-69.3697,66.5426],[-69.3161,66.5764],[-69.2946,66.5841],[-69.2777,66.5859],[-69.2618,66.5832],[-69.2263,66.57],[-69.2584,66.5561],[-69.3094,66.5467],[-69.3407,66.5317],[-69.3875,66.5241],[-69.4871,66.4949],[-69.4796,66.4852],[-69.466,66.4811],[-69.4977,66.4634],[-69.5338,66.459],[-69.5528,66.4672],[-69.5342,66.4873],[-69.5775,66.4858],[-69.6661,66.4725],[-69.7062,66.4602],[-69.6714,66.4537],[-69.6714,66.4463],[-69.7062,66.4328],[-69.636,66.4463],[-69.6168,66.4463],[-69.5677,66.4281],[-69.4281,66.4193],[-69.4062,66.4225],[-69.4131,66.4307],[-69.4517,66.4463],[-69.4517,66.4537],[-69.4077,66.4743],[-69.386,66.4722],[-69.3425,66.4537],[-69.3241,66.4519],[-69.2777,66.4578],[-69.2605,66.4634],[-69.2458,66.4643],[-69.2258,66.4593],[-69.1916,66.4463],[-69.1595,66.4278],[-69.1539,66.4101],[-69.1707,66.3951],[-69.2798,66.3689],[-69.3492,66.3439],[-69.3288,66.3371],[-69.3538,66.3224],[-69.4178,66.3277],[-69.4421,66.3201],[-69.4554,66.3042],[-69.4948,66.3042],[-69.5085,66.3012],[-69.5144,66.2924],[-69.5044,66.2438],[-69.5144,66.2341],[-69.539,66.2297],[-69.5931,66.2347],[-69.6168,66.2273],[-69.5912,66.222],[-69.5345,66.2214],[-69.5144,66.2135],[-69.5563,66.1955],[-69.5806,66.192],[-69.6505,66.2017],[-69.6591,66.2135],[-69.6647,66.2156],[-69.6626,66.2253],[-69.653,66.2276],[-69.6357,66.2524],[-69.6435,66.2621],[-69.6548,66.2647],[-69.6651,66.2603],[-69.6987,66.2273],[-69.7117,66.2256],[-69.735,66.2297],[-69.7471,66.2273],[-69.7335,66.1994],[-69.7531,66.1923],[-69.7848,66.2141],[-69.8018,66.2212],[-69.8214,66.2226],[-69.8388,66.2282],[-69.853,66.2385],[-69.8632,66.2547],[-69.861,66.2644],[-69.8736,66.27],[-69.8923,66.2706],[-69.9381,66.2515],[-69.973,66.2485],[-70.0821,66.2665],[-70.1165,66.2621],[-70.1439,66.2488],[-70.1586,66.2391],[-70.1649,66.2306],[-70.2132,66.2212],[-70.2434,66.1902],[-70.3177,66.172],[-70.3293,66.1658],[-70.3567,66.1796],[-70.3361,66.1858],[-70.3549,66.1997],[-70.3926,66.2082],[-70.4665,66.2135],[-70.458,66.2482],[-70.4586,66.2668],[-70.4696,66.275],[-70.5186,66.283],[-70.5354,66.2827],[-70.5629,66.265],[-70.5726,66.2621],[-70.5792,66.2668],[-70.5685,66.2944],[-70.5689,66.3092],[-70.5813,66.3215],[-70.6022,66.3318],[-70.6256,66.3362],[-70.6452,66.3304],[-70.6104,66.3165],[-70.6439,66.3159],[-70.6583,66.3118],[-70.672,66.303],[-70.6627,66.298],[-70.6235,66.2894],[-70.6328,66.2756],[-70.6452,66.265],[-70.672,66.2485],[-70.6515,66.2273],[-70.6584,66.2217],[-70.6924,66.2212],[-70.7185,66.2103],[-70.7403,66.1932],[-70.731,66.1791],[-70.7461,66.1732],[-70.7887,66.1726],[-70.8412,66.1796],[-70.8652,66.1764],[-70.8637,66.1585],[-70.8917,66.1446],[-70.8843,66.1384],[-70.9083,66.1296],[-70.9161,66.1205],[-70.9191,66.1075],[-70.9263,66.0972],[-70.9805,66.0902],[-71.0074,66.0799],[-71.013,66.0698],[-71.0146,66.0525],[-71.0205,66.0401],[-71.0342,66.0322],[-71.0623,66.0219],[-71.1207,65.991],[-71.1884,65.9659],[-71.2616,65.955],[-71.3361,65.9665],[-71.3269,65.9812],[-71.3088,65.9877],[-71.3184,66.0007],[-71.3299,66.0074],[-71.2953,66.0192],[-71.1859,66.0219],[-71.1697,66.026],[-71.1244,66.0492],[-71.0844,66.0631],[-71.076,66.0757],[-71.0972,66.0922],[-71.1284,66.0931],[-71.1999,66.0834],[-71.2707,66.0816],[-71.286,66.089],[-71.2541,66.1111],[-71.202,66.1272],[-71.1856,66.1399],[-71.1797,66.1693],[-71.1734,66.1835],[-71.1581,66.1979],[-71.1244,66.2212],[-71.117,66.2341],[-71.1588,66.2512],[-71.1686,66.2662],[-71.1653,66.2894],[-71.1531,66.3047],[-71.1153,66.3192],[-71.0972,66.3304],[-71.1229,66.3451],[-71.1337,66.3545],[-71.1381,66.3677],[-71.1466,66.3725],[-71.187,66.3695],[-71.2002,66.3713],[-71.2101,66.4122],[-71.2224,66.4148],[-71.2616,66.4328],[-71.2539,66.4428],[-71.2514,66.454],[-71.2564,66.4631],[-71.2831,66.4728],[-71.289,66.5152],[-71.309,66.5361],[-71.3338,66.5497],[-71.4762,66.5947]]]}},{"type":"Feature","properties":{},"bbox":[-102.198217,62.645215,-100.611447,63.589536],"geometry":{"type":"Polygon","coordinates":[[[-102.1826,63.176],[-102.1467,63.1848],[-102.027,63.1901],[-101.8716,63.2254],[-101.797,63.2672],[-101.7804,63.3037],[-101.7629,63.3084],[-101.7833,63.3214],[-101.749,63.3314],[-101.7078,63.3661],[-101.6897,63.3738],[-101.6762,63.3926],[-101.6666,63.3976],[-101.6522,63.3956],[-101.6475,63.3879],[-101.6507,63.3779],[-101.6604,63.3696],[-101.6491,63.3643],[-101.637,63.3635],[-101.6105,63.3749],[-101.6002,63.3761],[-101.6008,63.3908],[-101.6105,63.4076],[-101.6067,63.4126],[-101.5506,63.3903],[-101.5203,63.3879],[-101.5157,63.3941],[-101.5184,63.4026],[-101.6012,63.4335],[-101.6189,63.445],[-101.5889,63.4647],[-101.5331,63.4624],[-101.4264,63.445],[-101.4339,63.4312],[-101.422,63.4259],[-101.3974,63.4229],[-101.3855,63.4182],[-101.3856,63.3923],[-101.3487,63.3788],[-101.3044,63.3841],[-101.283,63.4147],[-101.3007,63.4462],[-101.3849,63.4497],[-101.4133,63.4727],[-101.3587,63.4859],[-101.3173,63.5056],[-101.3035,63.5074],[-101.2903,63.503],[-101.2489,63.4794],[-101.2083,63.4721],[-101.1562,63.435],[-101.1322,63.3903],[-101.1052,63.3794],[-101.0891,63.3785],[-101.0776,63.3835],[-101.0776,63.4276],[-101.072,63.4491],[-101.0732,63.455],[-101.0983,63.4744],[-101.092,63.4791],[-101.0602,63.4794],[-101.0414,63.4688],[-101.0284,63.4471],[-101.0131,63.4294],[-100.9882,63.4312],[-100.9841,63.4368],[-100.9815,63.4665],[-100.9609,63.4794],[-100.9616,63.4844],[-100.9719,63.4903],[-100.9745,63.4965],[-100.9635,63.5106],[-100.892,63.5486],[-100.8884,63.5333],[-100.8776,63.5218],[-100.8622,63.5139],[-100.8222,63.5021],[-100.8076,63.5036],[-100.7978,63.5139],[-100.7895,63.5342],[-100.7828,63.5813],[-100.776,63.5895],[-100.765,63.5887],[-100.7586,63.5834],[-100.7508,63.5545],[-100.7402,63.5545],[-100.7214,63.5622],[-100.698,63.561],[-100.6847,63.5563],[-100.6593,63.5342],[-100.629,63.5159],[-100.617,63.5048],[-100.6114,63.4859],[-100.6212,63.4597],[-100.6415,63.4315],[-100.6553,63.4029],[-100.6456,63.3758],[-100.6697,63.3458],[-100.7077,63.3349],[-100.7002,63.3287],[-100.7399,63.3143],[-100.8278,63.3343],[-100.8647,63.3214],[-100.8218,63.3064],[-100.8066,63.2949],[-100.8135,63.2778],[-100.833,63.2746],[-100.8636,63.2799],[-100.893,63.289],[-100.9251,63.3055],[-100.9957,63.3214],[-101.0208,63.3234],[-101.0399,63.3172],[-101.0776,63.2878],[-101.0496,63.2749],[-101.0605,63.2678],[-101.068,63.2563],[-101.0698,63.244],[-101.0633,63.2325],[-101.0511,63.2295],[-100.9957,63.2325],[-101.0512,63.1939],[-101.0907,63.1916],[-101.1356,63.168],[-101.1434,63.1592],[-101.1431,63.1539],[-101.1127,63.0974],[-101.0845,63.0697],[-101.0458,63.0529],[-100.9834,63.045],[-100.9473,63.027],[-100.9152,63.0214],[-100.8347,63.0202],[-100.8237,63.0141],[-100.8224,63.0058],[-100.8341,62.9911],[-100.8459,62.964],[-100.9096,62.9281],[-100.9473,62.8969],[-100.9626,62.8954],[-100.9741,62.8984],[-100.9772,62.9057],[-100.9678,62.9178],[-101.0038,62.9184],[-101.0395,62.8934],[-101.0581,62.8872],[-101.0839,62.8695],[-101.1204,62.8675],[-101.1322,62.8633],[-101.0776,62.8489],[-101.0634,62.8392],[-101.0639,62.8274],[-101.0602,62.8186],[-101.0383,62.8027],[-100.9912,62.7968],[-100.9678,62.7868],[-101.0097,62.7792],[-101.023,62.7739],[-101.0462,62.7362],[-101.0668,62.7229],[-101.098,62.7097],[-101.13,62.702],[-101.1526,62.7056],[-101.1391,62.7256],[-101.1615,62.7226],[-101.1784,62.7167],[-101.2607,62.6711],[-101.2783,62.6452],[-101.2992,62.6482],[-101.3409,62.6641],[-101.4061,62.6505],[-101.4264,62.6573],[-101.4159,62.6711],[-101.4264,62.69],[-101.4162,62.7138],[-101.4183,62.7212],[-101.4339,62.7391],[-101.4028,62.7459],[-101.375,62.7453],[-101.3353,62.7524],[-101.327,62.7609],[-101.3103,62.8207],[-101.3104,62.8442],[-101.3309,62.8557],[-101.3103,62.8837],[-101.3268,62.8948],[-101.3684,62.9416],[-101.392,62.9549],[-101.419,62.9558],[-101.4748,62.9452],[-101.428,62.9137],[-101.4339,62.8969],[-101.4092,62.8701],[-101.4059,62.8633],[-101.4052,62.8424],[-101.4131,62.8392],[-101.4271,62.8404],[-101.4439,62.8321],[-101.4544,62.808],[-101.4726,62.8012],[-101.4982,62.7803],[-101.4994,62.7715],[-101.4885,62.7597],[-101.5118,62.7397],[-101.5157,62.7329],[-101.5118,62.722],[-101.4928,62.7141],[-101.4885,62.7091],[-101.4932,62.6861],[-101.5063,62.6717],[-101.526,62.6643],[-101.5506,62.6641],[-101.5506,62.6708],[-101.5321,62.6838],[-101.54,62.6988],[-101.5711,62.7256],[-101.5558,62.7306],[-101.5512,62.7409],[-101.5568,62.7671],[-101.5518,62.7844],[-101.6838,62.8098],[-101.7077,62.808],[-101.7246,62.8009],[-101.7281,62.7836],[-101.7368,62.7797],[-101.7714,62.7824],[-101.7734,62.7906],[-101.7701,62.8056],[-101.7921,62.8274],[-101.7795,62.8633],[-101.7891,62.8751],[-101.8077,62.8819],[-101.8975,62.8954],[-101.9168,62.8869],[-101.9368,62.8686],[-101.9545,62.8598],[-101.9749,62.8601],[-102.0031,62.8695],[-101.9848,62.8792],[-101.9774,62.8872],[-101.9751,62.8969],[-101.9807,62.9063],[-102.0162,62.911],[-102.0356,62.9254],[-102.0279,62.9325],[-102.0075,62.939],[-101.9888,62.9514],[-101.9929,62.9596],[-101.9888,62.9731],[-102.0073,62.9793],[-102.0328,62.9964],[-102.0621,63.0043],[-102.084,63.0155],[-102.1039,63.0291],[-102.1129,63.0408],[-102.1014,63.0564],[-102.0812,63.0703],[-102.056,63.0773],[-101.9994,63.0638],[-101.9705,63.0659],[-101.961,63.075],[-101.9888,63.0885],[-102.0507,63.1024],[-102.0931,63.09],[-102.1251,63.0768],[-102.1499,63.0865],[-102.1739,63.1018],[-102.1948,63.1097],[-102.1948,63.1165],[-102.1828,63.1241],[-102.1819,63.1333],[-102.1979,63.1542],[-102.1982,63.1659],[-102.1826,63.176]]]}},{"type":"Feature","properties":{},"bbox":[-96.321237,63.938357,-94.196664,64.315143],"geometry":{"type":"Polygon","coordinates":[[[-96.3023,64.2427],[-96.3212,64.2542],[-96.2903,64.2625],[-96.2597,64.2542],[-96.23,64.2407],[-96.2022,64.2339],[-96.1383,64.2271],[-96.1059,64.2301],[-96.0816,64.2469],[-96.0799,64.2672],[-96.1069,64.2698],[-96.1711,64.2604],[-96.2007,64.2636],[-96.2282,64.2725],[-96.2528,64.2854],[-96.2734,64.3013],[-96.2064,64.2922],[-96.0141,64.3151],[-95.7923,64.2878],[-95.6529,64.3098],[-95.6133,64.3098],[-95.556,64.2854],[-95.5226,64.2904],[-95.4585,64.309],[-95.3058,64.2987],[-95.2296,64.2816],[-95.1233,64.2342],[-95.0846,64.2233],[-95.0443,64.2207],[-94.9711,64.231],[-94.8893,64.2268],[-94.8413,64.2304],[-94.8219,64.2292],[-94.821,64.2195],[-94.8039,64.213],[-94.7664,64.2268],[-94.7498,64.2268],[-94.6921,64.2162],[-94.6682,64.2021],[-94.6563,64.1989],[-94.621,64.1998],[-94.6036,64.1977],[-94.5877,64.1915],[-94.6537,64.1847],[-94.6754,64.1771],[-94.6665,64.1547],[-94.6372,64.14],[-94.5948,64.1353],[-94.2754,64.1391],[-94.1967,64.1238],[-94.2043,64.1085],[-94.2184,64.0964],[-94.2285,64.0655],[-94.2549,64.0467],[-94.2869,64.0323],[-94.314,64.014],[-94.3259,63.9852],[-94.3076,63.9666],[-94.2451,63.9384],[-94.3282,63.9525],[-94.3692,63.976],[-94.4221,63.9846],[-94.4935,64.0084],[-94.5262,64.014],[-94.6036,64.0143],[-94.6423,64.0193],[-94.694,64.0367],[-94.7337,64.0426],[-94.749,64.0517],[-94.7526,64.0667],[-94.7557,64.0688],[-94.7661,64.0699],[-94.8961,64.1138],[-95.0026,64.1238],[-95.0606,64.1035],[-95.1221,64.0897],[-95.1569,64.0897],[-95.1913,64.0761],[-95.2927,64.0797],[-95.5145,64.0482],[-95.6162,64.0549],[-95.6492,64.0514],[-95.7115,64.0364],[-95.7459,64.0352],[-95.8121,64.0405],[-95.8423,64.0496],[-95.87,64.0688],[-95.821,64.0823],[-95.8324,64.097],[-95.8439,64.1032],[-95.8954,64.1056],[-95.9483,64.117],[-95.9718,64.13],[-96.0342,64.1406],[-96.0528,64.1488],[-96.0612,64.1582],[-96.0475,64.1647],[-96.0829,64.1812],[-96.1944,64.1709],[-96.2394,64.1718],[-96.2597,64.1806],[-96.2691,64.1912],[-96.2637,64.2006],[-96.2394,64.2059],[-96.2148,64.2006],[-96.1886,64.19],[-96.1638,64.1856],[-96.1431,64.1989],[-96.3023,64.2427]],[[-94.602,64.1035],[-94.6116,64.0914],[-94.6298,64.0897],[-94.6033,64.0676],[-94.5696,64.0576],[-94.4504,64.0549],[-94.4027,64.0482],[-94.4001,64.0573],[-94.413,64.0658],[-94.4645,64.0829],[-94.5399,64.0897],[-94.5399,64.0964],[-94.5331,64.1035],[-94.5829,64.1162],[-94.6095,64.1173],[-94.6298,64.1097],[-94.602,64.1035]],[[-95.7193,64.13],[-95.7022,64.1132],[-95.6698,64.1111],[-95.6363,64.1185],[-95.6155,64.13],[-95.6386,64.1412],[-95.6754,64.1503],[-95.7082,64.1491],[-95.7193,64.13]]]}},{"type":"Feature","properties":{},"bbox":[-73.458417,43.75116,-73.078687,45.087278],"geometry":{"type":"Polygon","coordinates":[[[-73.3692,44.2065],[-73.3719,44.203],[-73.3703,44.1995],[-73.3583,44.1892],[-73.3583,44.1618],[-73.3626,44.1512],[-73.4069,44.0847],[-73.4113,44.0588],[-73.4053,44.034],[-73.3925,44.0111],[-73.4034,43.9943],[-73.4048,43.9775],[-73.3998,43.9457],[-73.3944,43.9257],[-73.3704,43.9007],[-73.3651,43.8807],[-73.3754,43.843],[-73.3756,43.8274],[-73.3535,43.795],[-73.3517,43.7777],[-73.3575,43.7615],[-73.3719,43.7512],[-73.3719,43.7912],[-73.4015,43.818],[-73.406,43.8289],[-73.3925,43.8707],[-73.3948,43.8824],[-73.4219,43.9263],[-73.426,43.9449],[-73.4262,43.9972],[-73.4203,44.0285],[-73.425,44.0373],[-73.4356,44.0358],[-73.4471,44.0282],[-73.4544,44.0179],[-73.4584,44.0602],[-73.424,44.1612],[-73.4334,44.1954],[-73.4069,44.2074],[-73.3377,44.2642],[-73.3538,44.2896],[-73.3673,44.3667],[-73.3788,44.384],[-73.3788,44.45],[-73.3903,44.4497],[-73.3995,44.4335],[-73.406,44.3946],[-73.4119,44.407],[-73.4131,44.4208],[-73.4098,44.4344],[-73.3987,44.4597],[-73.4037,44.4732],[-73.4203,44.4971],[-73.4028,44.5083],[-73.3957,44.5245],[-73.4018,44.5392],[-73.4237,44.5454],[-73.4307,44.5539],[-73.4425,44.5936],[-73.4408,44.6069],[-73.4469,44.6069],[-73.4455,44.6239],[-73.4544,44.6416],[-73.4387,44.6516],[-73.4356,44.6657],[-73.4408,44.6925],[-73.4355,44.7128],[-73.4234,44.7214],[-73.4115,44.7193],[-73.4037,44.7022],[-73.3981,44.6975],[-73.3914,44.6967],[-73.3863,44.7031],[-73.3859,44.7134],[-73.39,44.7205],[-73.4166,44.7458],[-73.4066,44.7667],[-73.3929,44.7676],[-73.3863,44.7714],[-73.3735,44.7903],[-73.3732,44.8023],[-73.3962,44.8235],[-73.4004,44.835],[-73.4001,44.853],[-73.396,44.8715],[-73.3841,44.898],[-73.3825,44.9345],[-73.3788,44.9495],[-73.3639,44.9536],[-73.3583,44.9639],[-73.3592,44.9828],[-73.3651,44.9981],[-73.3348,45.0799],[-73.328,45.079],[-73.3211,45.0711],[-73.3173,45.0593],[-73.3345,45.0255],[-73.3377,45.0149],[-73.3377,44.9954],[-73.3327,44.9872],[-73.3058,44.9804],[-73.3043,44.9719],[-73.3105,44.9495],[-73.2973,44.8836],[-73.2899,44.8677],[-73.2825,44.8677],[-73.2693,44.9351],[-73.254,44.9651],[-73.2318,44.9775],[-73.2259,44.9851],[-73.2006,45.0322],[-73.1586,45.0782],[-73.1454,45.0873],[-73.1337,45.0758],[-73.0959,45.0852],[-73.0787,45.054],[-73.0934,45.0396],[-73.0983,45.0284],[-73.0928,45.0028],[-73.0983,44.991],[-73.1124,44.981],[-73.1289,44.9813],[-73.1384,44.9913],[-73.1317,45.011],[-73.1683,45.001],[-73.2038,44.9751],[-73.2162,44.9486],[-73.1835,44.9366],[-73.1702,44.9277],[-73.1676,44.908],[-73.1702,44.8874],[-73.1835,44.8371],[-73.1823,44.8197],[-73.1733,44.7988],[-73.1454,44.8206],[-73.1465,44.8035],[-73.187,44.7579],[-73.1947,44.7405],[-73.2006,44.689],[-73.2294,44.6201],[-73.2297,44.5892],[-73.1944,44.5798],[-73.2013,44.5568],[-73.2135,44.5565],[-73.2416,44.5733],[-73.2688,44.5598],[-73.2989,44.5633],[-73.3105,44.5598],[-73.273,44.5368],[-73.2638,44.5077],[-73.2384,44.4986],[-73.2279,44.4909],[-73.2242,44.4791],[-73.2212,44.4323],[-73.2276,44.4244],[-73.2403,44.4244],[-73.2485,44.4329],[-73.2416,44.45],[-73.2568,44.4414],[-73.2697,44.4223],[-73.2755,44.3999],[-73.2688,44.3811],[-73.2937,44.3246],[-73.3011,44.2922],[-73.2931,44.2781],[-73.2794,44.2731],[-73.2887,44.2622],[-73.3139,44.2472],[-73.3583,44.2098],[-73.3692,44.2065]],[[-73.3289,44.6134],[-73.3105,44.6069],[-73.2983,44.6116],[-73.2815,44.6245],[-73.2708,44.6422],[-73.2764,44.6622],[-73.2856,44.6634],[-73.3118,44.6563],[-73.3173,44.6587],[-73.3145,44.6693],[-73.2899,44.689],[-73.2834,44.719],[-73.2615,44.7452],[-73.2621,44.7579],[-73.2724,44.7702],[-73.2843,44.7667],[-73.2981,44.757],[-73.3299,44.7485],[-73.3392,44.7396],[-73.3514,44.7105],[-73.3446,44.7105],[-73.3516,44.6955],[-73.3483,44.6678],[-73.3514,44.6554],[-73.3289,44.6134]]]}},{"type":"Feature","properties":{},"bbox":[-109.206144,55.523664,-108.039873,56.815628],"geometry":{"type":"Polygon","coordinates":[[[-108.2384,55.9034],[-108.2864,55.8816],[-108.2932,55.8737],[-108.2951,55.8369],[-108.3033,55.8316],[-108.3297,55.8263],[-108.3756,55.8083],[-108.4024,55.811],[-108.4301,55.828],[-108.4445,55.8304],[-108.4508,55.8148],[-108.4571,55.783],[-108.4749,55.76],[-108.4933,55.7268],[-108.5618,55.7109],[-108.5958,55.7068],[-108.6321,55.6929],[-108.6426,55.6817],[-108.643,55.6641],[-108.6332,55.6479],[-108.6084,55.6193],[-108.6008,55.5952],[-108.5992,55.5793],[-108.6015,55.5646],[-108.6123,55.5516],[-108.6405,55.5325],[-108.6426,55.5237],[-108.6614,55.5328],[-108.6694,55.5502],[-108.6705,55.5952],[-108.6878,55.6202],[-108.691,55.6296],[-108.666,55.7206],[-108.6644,55.7597],[-108.6757,55.7954],[-108.704,55.8316],[-108.7327,55.8475],[-108.7381,55.8595],[-108.7252,55.8966],[-108.7356,55.9116],[-108.807,55.9284],[-108.8249,55.9402],[-108.8326,55.942],[-108.8611,55.9387],[-108.8873,55.9302],[-108.9829,55.9178],[-109.013,55.9208],[-109.0637,55.942],[-109.0908,55.9581],[-109.1377,56.0306],[-109.1496,56.0438],[-109.1917,56.0676],[-109.2061,56.0865],[-109.1944,56.1094],[-109.1716,56.1265],[-109.1505,56.1371],[-109.1284,56.1412],[-109.1024,56.1401],[-109.0094,56.115],[-108.9855,56.1159],[-108.9626,56.123],[-108.9331,56.1268],[-108.9043,56.1259],[-108.8828,56.1195],[-108.8355,56.0712],[-108.7877,56.0594],[-108.7652,56.0467],[-108.6814,55.987],[-108.6573,55.9799],[-108.6483,55.9737],[-108.6323,55.9587],[-108.6289,55.9414],[-108.6049,55.9378],[-108.5933,55.9199],[-108.5993,55.9096],[-108.6289,55.8928],[-108.6391,55.8778],[-108.6439,55.8598],[-108.6413,55.843],[-108.6289,55.8316],[-108.5902,55.856],[-108.5712,55.8634],[-108.5507,55.8663],[-108.5084,55.8631],[-108.4963,55.8701],[-108.485,55.8928],[-108.4786,55.9208],[-108.4571,55.9437],[-108.4651,55.952],[-108.4576,55.9861],[-108.4923,56.0102],[-108.4714,56.0206],[-108.4588,56.0229],[-108.4526,56.0291],[-108.4518,56.0794],[-108.456,56.0947],[-108.4651,56.1065],[-108.3896,56.1477],[-108.3584,56.1563],[-108.3535,56.1698],[-108.3484,56.1748],[-108.3173,56.1748],[-108.2596,56.1633],[-108.2459,56.168],[-108.2386,56.2163],[-108.2509,56.2519],[-108.2555,56.2572],[-108.2814,56.2684],[-108.3032,56.2899],[-108.3261,56.3055],[-108.3553,56.2981],[-108.3317,56.2669],[-108.3395,56.2637],[-108.3651,56.2634],[-108.4167,56.3152],[-108.4245,56.3355],[-108.4434,56.3461],[-108.4671,56.3464],[-108.4886,56.3358],[-108.5084,56.3214],[-108.5228,56.3193],[-108.564,56.3255],[-108.5834,56.3735],[-108.5822,56.3806],[-108.5658,56.4035],[-108.5487,56.4135],[-108.5259,56.4347],[-108.5259,56.4553],[-108.4989,56.4736],[-108.4923,56.4833],[-108.4992,56.5242],[-108.4926,56.5354],[-108.4651,56.5522],[-108.4439,56.5931],[-108.4826,56.609],[-108.5109,56.5666],[-108.5332,56.508],[-108.5538,56.4756],[-108.5718,56.4753],[-108.5775,56.4833],[-108.5844,56.5071],[-108.5971,56.5118],[-108.6073,56.5039],[-108.6221,56.4833],[-108.6482,56.4736],[-108.6788,56.4742],[-108.7381,56.4901],[-108.7305,56.5221],[-108.7456,56.5987],[-108.7353,56.6317],[-108.69,56.6646],[-108.6767,56.6888],[-108.714,56.7002],[-108.7795,56.702],[-108.7979,56.6996],[-108.8135,56.6926],[-108.8316,56.6782],[-108.9107,56.6676],[-108.9159,56.6811],[-108.9044,56.697],[-108.8753,56.722],[-108.8828,56.7297],[-108.8753,56.7364],[-108.8828,56.7438],[-108.835,56.798],[-108.8155,56.8089],[-108.7934,56.8127],[-108.7456,56.8121],[-108.72,56.8047],[-108.6652,56.8156],[-108.6426,56.8121],[-108.6444,56.8015],[-108.691,56.7438],[-108.6707,56.7211],[-108.6569,56.7158],[-108.602,56.7197],[-108.5942,56.7123],[-108.5984,56.684],[-108.5934,56.6773],[-108.5743,56.6749],[-108.5591,56.6776],[-108.5466,56.6846],[-108.5413,56.6952],[-108.5477,56.7085],[-108.5326,56.7155],[-108.5129,56.7176],[-108.4933,56.7152],[-108.4786,56.7085],[-108.5029,56.6949],[-108.5112,56.6832],[-108.5091,56.6714],[-108.4988,56.6673],[-108.4714,56.6758],[-108.4576,56.6749],[-108.4457,56.6396],[-108.4268,56.634],[-108.4195,56.6278],[-108.4024,56.5857],[-108.4293,56.5472],[-108.4412,56.5219],[-108.4277,56.506],[-108.4199,56.4606],[-108.3893,56.4421],[-108.3649,56.4147],[-108.3504,56.4109],[-108.331,56.4244],[-108.3005,56.4621],[-108.2826,56.4689],[-108.2589,56.4553],[-108.253,56.4459],[-108.2502,56.4306],[-108.2386,56.4212],[-108.2286,56.4182],[-108.1791,56.4156],[-108.1336,56.4362],[-108.0951,56.4212],[-108.0505,56.4215],[-108.0399,56.4144],[-108.0516,56.3864],[-108.0567,56.365],[-108.0703,56.3455],[-108.0734,56.3358],[-108.0671,56.2981],[-108.084,56.2643],[-108.113,56.2655],[-108.1481,56.2808],[-108.1832,56.2908],[-108.2174,56.2828],[-108.2346,56.2884],[-108.2367,56.2796],[-108.2343,56.2687],[-108.2119,56.2472],[-108.1938,56.2422],[-108.1634,56.2499],[-108.1681,56.2284],[-108.1659,56.1925],[-108.1734,56.178],[-108.1949,56.1574],[-108.1941,56.1536],[-108.2057,56.1471],[-108.209,56.1415],[-108.2078,56.1365],[-108.2013,56.1312],[-108.1922,56.1303],[-108.1361,56.1065],[-108.1136,56.0585],[-108.1143,56.047],[-108.1255,56.0276],[-108.1342,56.0276],[-108.1635,56.0385],[-108.177,56.0376],[-108.1893,56.02],[-108.1951,55.9946],[-108.2049,55.9717],[-108.228,55.962],[-108.2333,55.957],[-108.2317,55.9246],[-108.2333,55.9105],[-108.2384,55.9034]],[[-108.5397,56.6308],[-108.5401,56.6402],[-108.5942,56.6402],[-108.6293,56.654],[-108.6426,56.654],[-108.6602,56.652],[-108.6972,56.6128],[-108.6276,56.5557],[-108.5889,56.5375],[-108.5606,56.5584],[-108.5606,56.5987],[-108.5397,56.6308]]]}},{"type":"Feature","properties":{},"bbox":[-118.66789,63.095887,-117.256414,63.589536],"geometry":{"type":"Polygon","coordinates":[[[-117.7499,63.1506],[-117.7499,63.1574],[-117.9075,63.1506],[-117.9386,63.1433],[-117.9432,63.1465],[-117.9355,63.1648],[-117.9516,63.1871],[-117.9632,63.1921],[-117.9828,63.1916],[-117.9754,63.2045],[-117.9622,63.2122],[-118.0044,63.2198],[-118.0827,63.1954],[-118.1199,63.206],[-118.107,63.2154],[-118.0926,63.2195],[-118.0926,63.2257],[-118.1145,63.2254],[-118.1223,63.2304],[-118.1273,63.2392],[-118.0993,63.2469],[-118.0993,63.2531],[-118.205,63.2442],[-118.223,63.2531],[-118.1767,63.2628],[-118.1335,63.281],[-118.1112,63.2852],[-118.1071,63.289],[-118.113,63.3014],[-118.1257,63.3114],[-118.1408,63.3128],[-118.1907,63.304],[-118.2324,63.2852],[-118.3276,63.2657],[-118.3395,63.2749],[-118.298,63.2878],[-118.298,63.294],[-118.3354,63.309],[-118.5649,63.3064],[-118.599,63.3205],[-118.6227,63.3255],[-118.6679,63.3287],[-118.6224,63.3646],[-118.6092,63.3838],[-118.627,63.4038],[-118.5809,63.4003],[-118.56,63.4041],[-118.545,63.4182],[-118.5766,63.4365],[-118.5797,63.445],[-118.5727,63.4532],[-118.5587,63.4574],[-118.5032,63.4603],[-118.4471,63.4706],[-118.4215,63.4794],[-118.3941,63.5],[-118.3492,63.5174],[-118.3385,63.5327],[-118.3191,63.541],[-118.2496,63.5548],[-118.2088,63.5486],[-118.1965,63.551],[-118.1682,63.5678],[-118.113,63.5751],[-118.0745,63.5878],[-118.0615,63.5895],[-118.0382,63.5869],[-118.0194,63.5789],[-118.0054,63.5663],[-117.9963,63.5486],[-117.9963,63.538],[-118.0014,63.5227],[-117.9882,63.503],[-117.9828,63.4862],[-117.953,63.4574],[-117.7636,63.4038],[-117.7773,63.3976],[-117.7773,63.3903],[-117.7484,63.3844],[-117.6201,63.3932],[-117.606,63.3903],[-117.5581,63.3696],[-117.5786,63.3567],[-117.5636,63.3493],[-117.5284,63.3535],[-117.5097,63.3493],[-117.4991,63.3411],[-117.5003,63.3349],[-117.524,63.3152],[-117.4714,63.3125],[-117.4551,63.3084],[-117.4491,63.2908],[-117.4454,63.2878],[-117.4216,63.3014],[-117.3951,63.3067],[-117.3881,63.3019],[-117.3761,63.2746],[-117.3756,63.2631],[-117.3868,63.2392],[-117.3291,63.2242],[-117.3101,63.2095],[-117.3253,63.1916],[-117.2957,63.1813],[-117.2873,63.1721],[-117.2907,63.1574],[-117.272,63.153],[-117.2564,63.1433],[-117.2742,63.1365],[-117.3368,63.1333],[-117.4352,63.1097],[-117.5854,63.0959],[-117.782,63.1133],[-117.8016,63.1186],[-117.8045,63.13],[-117.795,63.1374],[-117.7499,63.1506]],[[-117.7846,63.3214],[-117.8129,63.3408],[-117.8554,63.3449],[-117.9005,63.337],[-117.9355,63.3214],[-117.9145,63.3084],[-117.9282,63.3087],[-117.9424,63.3049],[-117.9529,63.2975],[-117.9554,63.2878],[-117.9455,63.2746],[-117.9305,63.2754],[-117.9008,63.2878],[-117.8373,63.2975],[-117.8108,63.3058],[-117.7846,63.3214]]]}},{"type":"Feature","properties":{},"bbox":[-77.216416,42.414746,-77.066291,42.661129],"geometry":{"type":"Polygon","coordinates":[[[-77.0873,42.6235],[-77.0663,42.6611],[-77.0666,42.6202],[-77.1037,42.5169],[-77.1134,42.5028],[-77.1444,42.4863],[-77.1618,42.4557],[-77.1727,42.4433],[-77.1857,42.4321],[-77.2164,42.4147],[-77.2051,42.4395],[-77.1653,42.4804],[-77.1545,42.5101],[-77.1611,42.5525],[-77.1503,42.5743],[-77.1486,42.5878],[-77.1545,42.6129],[-77.1356,42.5952],[-77.1293,42.5378],[-77.1103,42.5478],[-77.1034,42.5599],[-77.0873,42.6235]]]}},{"type":"Feature","properties":{},"bbox":[-76.976362,42.389431,-76.860236,42.880725],"geometry":{"type":"Polygon","coordinates":[[[-76.8639,42.4145],[-76.8602,42.3968],[-76.8677,42.3894],[-76.8841,42.4086],[-76.9107,42.4568],[-76.9218,42.5101],[-76.9218,42.5855],[-76.9257,42.6214],[-76.9228,42.6364],[-76.9117,42.6505],[-76.9082,42.6658],[-76.9209,42.6841],[-76.9527,42.7126],[-76.9662,42.745],[-76.9694,42.8295],[-76.9764,42.8528],[-76.97,42.8807],[-76.9581,42.8745],[-76.9563,42.8595],[-76.9447,42.8363],[-76.9218,42.7497],[-76.8773,42.6832],[-76.8664,42.6611],[-76.8639,42.6317],[-76.8719,42.6064],[-76.8936,42.5581],[-76.8969,42.5281],[-76.8925,42.5022],[-76.8819,42.4801],[-76.8664,42.4618],[-76.8736,42.4448],[-76.8639,42.4145]]]}},{"type":"Feature","properties":{},"bbox":[-76.780169,42.48039,-76.508471,42.944602],"geometry":{"type":"Polygon","coordinates":[[[-76.517,42.5172],[-76.5085,42.4904],[-76.5169,42.4804],[-76.5304,42.4845],[-76.5435,42.5131],[-76.5859,42.5581],[-76.6567,42.5931],[-76.6911,42.6414],[-76.7094,42.6885],[-76.7503,42.7227],[-76.7749,42.7574],[-76.7802,42.7883],[-76.7699,42.8177],[-76.7472,42.8492],[-76.7443,42.8613],[-76.7503,42.9143],[-76.7453,42.9337],[-76.7382,42.9446],[-76.7319,42.9422],[-76.7228,42.8831],[-76.7223,42.7574],[-76.7128,42.7371],[-76.6819,42.7065],[-76.6611,42.6488],[-76.6405,42.6129],[-76.6097,42.5858],[-76.5425,42.5454],[-76.517,42.5172]]]}},{"type":"Feature","properties":{},"bbox":[-107.176503,57.214197,-106.042318,57.723447],"geometry":{"type":"Polygon","coordinates":[[[-106.169,57.432],[-106.1742,57.4247],[-106.2101,57.4155],[-106.203,57.3967],[-106.2245,57.3811],[-106.2852,57.3528],[-106.2886,57.367],[-106.2777,57.3796],[-106.2441,57.3943],[-106.2682,57.402],[-106.2962,57.3999],[-106.323,57.3908],[-106.3654,57.3643],[-106.4435,57.3528],[-106.5115,57.3166],[-106.5323,57.3119],[-106.5648,57.3155],[-106.5577,57.3243],[-106.5117,57.3467],[-106.504,57.3626],[-106.5261,57.3658],[-106.6359,57.354],[-106.658,57.3455],[-106.6762,57.3322],[-106.6917,57.311],[-106.7035,57.3057],[-106.7183,57.3031],[-106.7687,57.3057],[-106.7776,57.3099],[-106.7787,57.319],[-106.7728,57.3281],[-106.7096,57.3467],[-106.6986,57.3555],[-106.6762,57.3876],[-106.6899,57.3952],[-106.7045,57.3976],[-106.81,57.3908],[-106.8181,57.3764],[-106.8127,57.354],[-106.8165,57.3431],[-106.8289,57.3316],[-106.8417,57.3258],[-106.8548,57.3278],[-106.868,57.3399],[-106.883,57.3243],[-106.9027,57.311],[-106.9525,57.2943],[-106.9704,57.271],[-106.9621,57.2654],[-106.9232,57.271],[-106.9232,57.2645],[-107.0122,57.2277],[-107.0624,57.2142],[-107.0939,57.223],[-107.0667,57.2366],[-107.081,57.241],[-107.1281,57.243],[-107.1351,57.2463],[-107.1125,57.2613],[-107.0819,57.2669],[-107.0524,57.2846],[-107.0373,57.2857],[-107.0056,57.2819],[-106.9909,57.2846],[-106.9787,57.3004],[-106.9959,57.3158],[-107.0252,57.3275],[-107.0492,57.3322],[-107.1156,57.3275],[-107.1516,57.3311],[-107.1765,57.3467],[-107.15,57.3487],[-107.1064,57.369],[-107.0362,57.384],[-107.0295,57.4047],[-107.0096,57.4126],[-106.9924,57.4291],[-107.0052,57.4423],[-107.0186,57.4482],[-107.0917,57.4623],[-107.0797,57.4753],[-107.0517,57.4871],[-107.0256,57.49],[-106.984,57.4626],[-106.9537,57.4582],[-106.9413,57.4526],[-106.9363,57.4388],[-106.9395,57.4282],[-106.9535,57.4138],[-106.9568,57.4047],[-106.95,57.3994],[-106.9348,57.4049],[-106.9089,57.4217],[-106.8593,57.4821],[-106.8143,57.4965],[-106.7582,57.5445],[-106.6967,57.5663],[-106.6567,57.5957],[-106.6309,57.6031],[-106.6038,57.6178],[-106.5906,57.621],[-106.4384,57.6413],[-106.3986,57.6519],[-106.367,57.6914],[-106.3339,57.7102],[-106.2971,57.7229],[-106.2721,57.7234],[-106.2668,57.7111],[-106.2793,57.6905],[-106.279,57.6822],[-106.2678,57.6805],[-106.2238,57.6961],[-106.2023,57.6972],[-106.1138,57.6755],[-106.1105,57.6628],[-106.1108,57.6563],[-106.1138,57.6552],[-106.096,57.6484],[-106.0693,57.6554],[-106.0525,57.6552],[-106.0423,57.6472],[-106.0501,57.6372],[-106.1889,57.5663],[-106.177,57.5498],[-106.1658,57.5409],[-106.1509,57.5374],[-106.1281,57.5383],[-106.0672,57.5515],[-106.0457,57.5521],[-106.0666,57.5348],[-106.1286,57.4983],[-106.1281,57.483],[-106.1096,57.4788],[-106.0941,57.4818],[-106.0837,57.4794],[-106.0797,57.4594],[-106.0844,57.4426],[-106.0929,57.4317],[-106.0962,57.4197],[-106.0859,57.4011],[-106.1303,57.3932],[-106.154,57.3952],[-106.1517,57.4117],[-106.1343,57.4217],[-106.1343,57.4423],[-106.1105,57.4547],[-106.1077,57.4662],[-106.1186,57.4706],[-106.1428,57.4706],[-106.1685,57.4659],[-106.1827,57.4565],[-106.182,57.4509],[-106.1717,57.4397],[-106.169,57.432]],[[-106.4845,57.5351],[-106.5973,57.5109],[-106.6122,57.5068],[-106.6378,57.4935],[-106.6552,57.4974],[-106.6415,57.518],[-106.6577,57.5218],[-106.6746,57.5162],[-106.7298,57.4768],[-106.7435,57.4626],[-106.7513,57.4491],[-106.7513,57.4353],[-106.6659,57.4588],[-106.6353,57.4626],[-106.5753,57.4579],[-106.5508,57.4883],[-106.5254,57.5036],[-106.4989,57.5124],[-106.4886,57.5197],[-106.4845,57.5351]]]}},{"type":"Feature","properties":{},"bbox":[-99.793703,62.797696,-99.10445,63.195971],"geometry":{"type":"Polygon","coordinates":[[[-99.7024,62.8819],[-99.6792,62.8969],[-99.6838,62.9146],[-99.6634,62.9216],[-99.6375,62.9257],[-99.6159,62.9446],[-99.5631,62.9793],[-99.5768,62.9934],[-99.5358,63.0141],[-99.5457,63.0158],[-99.5563,63.027],[-99.5339,63.0379],[-99.4951,63.0441],[-99.4739,63.0579],[-99.4524,63.0667],[-99.4444,63.0906],[-99.4365,63.0959],[-99.3963,63.0921],[-99.3912,63.0991],[-99.3816,63.1356],[-99.3645,63.1648],[-99.3442,63.1771],[-99.3133,63.1892],[-99.2824,63.196],[-99.2615,63.1916],[-99.3093,63.1648],[-99.303,63.1574],[-99.3441,63.13],[-99.3235,63.1024],[-99.3407,63.0868],[-99.3368,63.0635],[-99.3195,63.0426],[-99.2962,63.0332],[-99.2368,63.0297],[-99.2072,63.0132],[-99.1694,63.0043],[-99.1523,62.9934],[-99.1386,62.9514],[-99.1103,62.9369],[-99.1044,62.9284],[-99.1566,62.9207],[-99.195,62.9101],[-99.2247,62.8951],[-99.2266,62.8769],[-99.2356,62.8628],[-99.2471,62.8545],[-99.2612,62.8501],[-99.2983,62.846],[-99.3343,62.8321],[-99.3539,62.8292],[-99.4154,62.7977],[-99.428,62.798],[-99.4656,62.818],[-99.4993,62.8053],[-99.5563,62.8148],[-99.5772,62.8145],[-99.632,62.8012],[-99.6526,62.7998],[-99.673,62.8012],[-99.7066,62.8148],[-99.7434,62.8121],[-99.7588,62.8148],[-99.7685,62.8292],[-99.7562,62.846],[-99.7481,62.8489],[-99.7884,62.8683],[-99.7937,62.8795],[-99.7685,62.8898],[-99.7423,62.8898],[-99.7219,62.8834],[-99.7024,62.8819]]]}},{"type":"Feature","properties":{},"bbox":[-102.660368,59.910867,-101.825405,60.662967],"geometry":{"type":"Polygon","coordinates":[[[-102.5579,60.3477],[-102.5716,60.3289],[-102.561,60.3136],[-102.5385,60.3035],[-102.5107,60.2977],[-102.4988,60.2882],[-102.4857,60.2862],[-102.4652,60.2932],[-102.4487,60.3065],[-102.4412,60.3412],[-102.4343,60.3521],[-102.4069,60.3718],[-102.3863,60.3757],[-102.3386,60.3745],[-102.3177,60.3886],[-102.3077,60.4069],[-102.306,60.4239],[-102.3108,60.4398],[-102.3208,60.454],[-102.3317,60.4593],[-102.381,60.4472],[-102.386,60.4234],[-102.4015,60.4131],[-102.4121,60.411],[-102.4208,60.4166],[-102.4228,60.4275],[-102.4071,60.454],[-102.41,60.4707],[-102.4184,60.4869],[-102.4315,60.4996],[-102.4487,60.5058],[-102.4269,60.5258],[-102.4565,60.5264],[-102.463,60.5373],[-102.4543,60.5773],[-102.3656,60.6468],[-102.3495,60.6521],[-102.2881,60.6488],[-102.2216,60.663],[-102.2352,60.63],[-102.2359,60.6215],[-102.2272,60.6132],[-102.2053,60.6135],[-102.201,60.605],[-102.2035,60.5744],[-102.1979,60.5635],[-102.1866,60.5582],[-102.1535,60.5576],[-102.1395,60.5532],[-102.1605,60.5337],[-102.1657,60.5143],[-102.1601,60.4681],[-102.1485,60.4546],[-102.1209,60.4443],[-102.0644,60.4307],[-102.0388,60.4192],[-101.9945,60.3886],[-101.9459,60.3768],[-101.9327,60.3618],[-101.9303,60.3398],[-101.9342,60.3136],[-101.9421,60.2891],[-101.9404,60.2788],[-101.9099,60.2514],[-101.8852,60.2461],[-101.8759,60.2391],[-101.8697,60.2135],[-101.8447,60.1967],[-101.8288,60.1784],[-101.8254,60.1693],[-101.8258,60.1308],[-101.8304,60.1196],[-101.8512,60.1116],[-101.8612,60.1037],[-101.869,60.0937],[-101.8753,60.0737],[-101.8994,60.0528],[-101.9052,60.0289],[-101.899,60.0074],[-101.8721,59.9709],[-101.8893,59.9603],[-101.9021,59.9727],[-101.9137,59.9936],[-101.927,60.0083],[-101.9614,60.031],[-101.9817,60.0354],[-101.9955,60.0192],[-101.9852,60.016],[-101.9651,60.0012],[-101.9561,59.9712],[-101.9583,59.9653],[-102.0134,59.9188],[-102.0387,59.9109],[-102.0577,59.93],[-102.0541,59.9435],[-102.0229,59.9709],[-102.0291,59.9795],[-102.0365,60.0051],[-102.0515,60.0101],[-102.0887,60.0098],[-102.1021,60.0154],[-102.1292,60.043],[-102.1376,60.0619],[-102.1732,60.0739],[-102.1801,60.0834],[-102.1873,60.1075],[-102.2059,60.1393],[-102.2147,60.1711],[-102.2306,60.1914],[-102.2631,60.2173],[-102.3173,60.2138],[-102.3417,60.2179],[-102.3519,60.2417],[-102.3582,60.2694],[-102.3738,60.2753],[-102.3938,60.2668],[-102.43,60.2347],[-102.4377,60.2326],[-102.5133,60.2323],[-102.5391,60.2199],[-102.5678,60.2247],[-102.585,60.2235],[-102.6501,60.2035],[-102.6604,60.2043],[-102.6604,60.2111],[-102.6283,60.245],[-102.5916,60.3415],[-102.5579,60.3477]]]}},{"type":"Feature","properties":{},"bbox":[-90.592911,30.176264,-90.401133,30.354059],"geometry":{"type":"Polygon","coordinates":[[[-90.4161,30.302],[-90.4011,30.2987],[-90.4304,30.2404],[-90.4493,30.2113],[-90.4756,30.1889],[-90.5114,30.1763],[-90.5465,30.1769],[-90.5755,30.1901],[-90.5929,30.2163],[-90.5755,30.2195],[-90.5748,30.2295],[-90.5854,30.2578],[-90.5829,30.2737],[-90.576,30.2843],[-90.523,30.3317],[-90.4999,30.3473],[-90.4756,30.3541],[-90.4694,30.3467],[-90.4462,30.3385],[-90.4285,30.3261],[-90.4223,30.3096],[-90.4161,30.302]]]}},{"type":"Feature","properties":{},"bbox":[-74.852231,55.928415,-73.95236,56.347589],"geometry":{"type":"Polygon","coordinates":[[[-73.9524,56.0938],[-73.9753,56.0718],[-73.9666,56.0515],[-73.9837,56.0158],[-74.0118,55.9805],[-74.0361,55.962],[-74.0845,55.9502],[-74.1118,55.9475],[-74.1571,55.9587],[-74.2254,55.9596],[-74.2489,55.9555],[-74.2489,55.9481],[-74.1876,55.9346],[-74.1876,55.9284],[-74.2614,55.937],[-74.2871,55.9496],[-74.2701,55.9693],[-74.2558,55.9729],[-74.2008,55.9761],[-74.1842,55.9802],[-74.1853,55.9896],[-74.1976,55.9991],[-74.2148,56.0029],[-74.208,55.9896],[-74.2572,55.9879],[-74.2819,55.9902],[-74.3004,55.9997],[-74.3446,56.0376],[-74.3661,56.0456],[-74.4663,56.055],[-74.5115,56.0706],[-74.5364,56.0718],[-74.5574,56.06],[-74.5677,56.0579],[-74.6344,56.0665],[-74.6531,56.0785],[-74.8097,56.0938],[-74.8076,56.0983],[-74.7909,56.1065],[-74.7545,56.1109],[-74.7424,56.1195],[-74.7561,56.1268],[-74.8045,56.1401],[-74.8522,56.161],[-74.8388,56.1666],[-74.8106,56.1692],[-74.797,56.1748],[-74.8466,56.239],[-74.8486,56.2499],[-74.8182,56.2555],[-74.8015,56.2696],[-74.8023,56.2875],[-74.825,56.3043],[-74.8028,56.3131],[-74.7151,56.3187],[-74.7258,56.3326],[-74.7424,56.3391],[-74.7233,56.3399],[-74.646,56.3311],[-74.6263,56.3323],[-74.6313,56.3379],[-74.6263,56.3455],[-74.6053,56.3391],[-74.5171,56.3391],[-74.4765,56.3476],[-74.4554,56.3476],[-74.4345,56.3391],[-74.4378,56.332],[-74.4345,56.3273],[-74.4135,56.3255],[-74.3904,56.3161],[-74.3551,56.3076],[-74.3453,56.2884],[-74.309,56.2799],[-74.2898,56.269],[-74.2564,56.236],[-74.279,56.2384],[-74.2803,56.229],[-74.2564,56.2019],[-74.274,56.2013],[-74.3009,56.2078],[-74.3021,56.2025],[-74.2931,56.1801],[-74.2626,56.1536],[-74.2345,56.1409],[-74.2015,56.1345],[-74.1665,56.1342],[-74.086,56.1524],[-74.0474,56.1524],[-74.034,56.1492],[-73.9553,56.1089],[-73.9524,56.0938]]]}},{"type":"Feature","properties":{},"bbox":[-80.470906,46.130211,-79.360123,46.37571],"geometry":{"type":"Polygon","coordinates":[[[-80.4578,46.2659],[-80.4709,46.2862],[-80.4621,46.2968],[-80.4459,46.2977],[-80.4288,46.278],[-80.41,46.2827],[-80.3792,46.2995],[-80.3395,46.3062],[-80.3168,46.3062],[-80.3068,46.2965],[-80.3225,46.2659],[-80.3215,46.2515],[-80.2753,46.2441],[-80.2659,46.2456],[-80.2379,46.2591],[-80.1629,46.2659],[-80.118,46.2562],[-80.0969,46.2547],[-80.0878,46.2659],[-80.0965,46.2753],[-80.1561,46.2865],[-80.1405,46.2927],[-80.1225,46.2933],[-80.1427,46.316],[-80.1698,46.3336],[-80.1352,46.333],[-80.0662,46.3451],[-80.04,46.3336],[-80.0307,46.3427],[-80.0196,46.3678],[-80.0127,46.3748],[-80.0007,46.3734],[-79.9909,46.3413],[-79.9693,46.3383],[-79.9032,46.3401],[-79.8748,46.3213],[-79.842,46.326],[-79.7711,46.3445],[-79.7415,46.3716],[-79.7304,46.3757],[-79.683,46.3748],[-79.6702,46.3695],[-79.6284,46.3684],[-79.5806,46.3413],[-79.5027,46.3257],[-79.4814,46.3095],[-79.4314,46.2477],[-79.4193,46.2382],[-79.3947,46.2332],[-79.3695,46.2221],[-79.3601,46.2085],[-79.3821,46.197],[-79.4021,46.205],[-79.434,46.2117],[-79.4664,46.2138],[-79.4969,46.2032],[-79.5192,46.1991],[-79.5291,46.1938],[-79.5387,46.18],[-79.5254,46.1493],[-79.5473,46.1302],[-79.5924,46.1482],[-79.6763,46.2047],[-79.7185,46.2179],[-79.7715,46.2212],[-79.8249,46.2162],[-79.868,46.2047],[-79.926,46.1741],[-79.9565,46.1673],[-79.9977,46.1414],[-80.0098,46.1449],[-80.0202,46.1529],[-80.0257,46.1623],[-80.0332,46.1623],[-80.0332,46.17],[-79.984,46.1747],[-79.9594,46.182],[-79.9082,46.2173],[-79.9098,46.2247],[-80.0107,46.2494],[-80.0366,46.2518],[-80.2821,46.2203],[-80.3274,46.2312],[-80.3601,46.2824],[-80.3723,46.2827],[-80.3883,46.2703],[-80.4112,46.2603],[-80.4359,46.2571],[-80.4578,46.2659]]]}},{"type":"Feature","properties":{},"bbox":[-76.613117,56.112687,-75.883241,56.565124],"geometry":{"type":"Polygon","coordinates":[[[-76.5854,56.1592],[-76.6131,56.161],[-76.6131,56.168],[-76.4936,56.1601],[-76.4561,56.168],[-76.4811,56.1833],[-76.5445,56.1748],[-76.5716,56.1816],[-76.522,56.1928],[-76.4992,56.2034],[-76.4867,56.2366],[-76.4795,56.2466],[-76.4698,56.2543],[-76.4475,56.2622],[-76.4503,56.2734],[-76.463,56.2908],[-76.4458,56.3023],[-76.3909,56.3129],[-76.3698,56.322],[-76.3681,56.337],[-76.3882,56.3496],[-76.4174,56.3579],[-76.4425,56.3597],[-76.4355,56.3708],[-76.4127,56.3826],[-76.4077,56.3903],[-76.4129,56.3973],[-76.4362,56.4073],[-76.4425,56.4144],[-76.4352,56.4368],[-76.3845,56.4609],[-76.3661,56.4756],[-76.3941,56.4968],[-76.3926,56.4995],[-76.4041,56.5401],[-76.3941,56.5522],[-76.3853,56.5566],[-76.3532,56.5651],[-76.3489,56.5548],[-76.3573,56.5428],[-76.3532,56.5304],[-76.3082,56.5071],[-76.3059,56.4968],[-76.3532,56.4901],[-76.3163,56.4686],[-76.2961,56.4606],[-76.2699,56.4553],[-76.2787,56.4409],[-76.2917,56.428],[-76.2051,56.4197],[-76.201,56.4159],[-76.2022,56.4079],[-76.2179,56.3926],[-76.2432,56.3867],[-76.2979,56.387],[-76.2825,56.3773],[-76.285,56.3706],[-76.2979,56.3597],[-76.2881,56.3479],[-76.2285,56.3317],[-76.1936,56.3255],[-76.1817,56.3187],[-76.1747,56.3055],[-76.1711,56.2902],[-76.1542,56.2808],[-75.9718,56.2181],[-75.9446,56.2051],[-75.9218,56.1883],[-75.9465,56.1883],[-75.9683,56.1816],[-75.9006,56.156],[-75.8832,56.1436],[-75.8874,56.1318],[-75.9186,56.1318],[-75.9757,56.1401],[-76.0045,56.1365],[-76.0512,56.1171],[-76.0787,56.1127],[-76.2022,56.1268],[-76.3046,56.1127],[-76.3357,56.1147],[-76.4471,56.1365],[-76.5238,56.133],[-76.5463,56.1383],[-76.5854,56.1592]]]}},{"type":"Feature","properties":{},"bbox":[-157.097862,57.421135,-156.554908,57.798216],"geometry":{"type":"Polygon","coordinates":[[[-156.5634,57.7779],[-156.5549,57.7529],[-156.5581,57.7335],[-156.5707,57.7176],[-156.6194,57.6819],[-156.6286,57.6719],[-156.6385,57.6507],[-156.6467,57.644],[-156.6665,57.6413],[-156.6858,57.6328],[-156.7214,57.5948],[-156.7384,57.586],[-156.7961,57.5724],[-156.7978,57.5636],[-156.7932,57.5368],[-156.7961,57.5242],[-156.7664,57.5242],[-156.753,57.5206],[-156.7415,57.5109],[-156.7496,57.5015],[-156.772,57.4959],[-156.7832,57.49],[-156.7926,57.4803],[-156.7863,57.4738],[-156.7832,57.4626],[-156.7894,57.4462],[-156.8047,57.4285],[-156.8248,57.4211],[-156.8452,57.4353],[-156.831,57.4618],[-156.831,57.4694],[-156.8421,57.4744],[-156.9516,57.4671],[-156.9814,57.4726],[-157.0381,57.5097],[-157.0413,57.5221],[-157.0262,57.5415],[-157.0196,57.5577],[-157.0403,57.5636],[-157.0979,57.5663],[-157.0781,57.5822],[-157.0431,57.5822],[-156.9682,57.5724],[-156.9261,57.5748],[-156.8862,57.5724],[-156.8482,57.5657],[-156.8285,57.566],[-156.8104,57.5724],[-156.8353,57.588],[-156.8515,57.6072],[-156.8562,57.639],[-156.8525,57.6552],[-156.8304,57.6666],[-156.79,57.6961],[-156.7686,57.6996],[-156.7074,57.6961],[-156.6938,57.7008],[-156.703,57.7111],[-156.7286,57.7264],[-156.7242,57.7388],[-156.7134,57.7482],[-156.6613,57.7776],[-156.6182,57.7935],[-156.5783,57.7982],[-156.5634,57.7779]]]}},{"type":"Feature","properties":{},"bbox":[-160.148652,66.419258,-159.640727,66.556432],"geometry":{"type":"Polygon","coordinates":[[[-159.6683,66.492],[-159.6407,66.4602],[-159.6484,66.4334],[-159.6722,66.4216],[-159.7361,66.4193],[-159.7692,66.4246],[-159.8377,66.4458],[-159.8668,66.4463],[-159.8998,66.4243],[-159.9145,66.4193],[-159.9302,66.4193],[-159.9738,66.4272],[-159.9828,66.4366],[-159.9921,66.4563],[-160.0088,66.4772],[-160.0162,66.4923],[-159.9971,66.4949],[-159.9971,66.5011],[-160.074,66.4952],[-160.1147,66.4967],[-160.1411,66.5084],[-160.1487,66.5326],[-160.132,66.5455],[-160.1045,66.5485],[-160.079,66.5426],[-160.0882,66.5252],[-160.058,66.5146],[-160.0153,66.5123],[-159.9866,66.5188],[-159.9544,66.5411],[-159.9208,66.5523],[-159.8425,66.5564],[-159.7939,66.547],[-159.7276,66.5232],[-159.6683,66.492]]]}},{"type":"Feature","properties":{},"bbox":[-115.941195,60.093079,-115.050596,60.368015],"geometry":{"type":"Polygon","coordinates":[[[-115.0574,60.3465],[-115.0506,60.3339],[-115.0652,60.3224],[-115.0737,60.2924],[-115.1074,60.2732],[-115.1257,60.2726],[-115.1296,60.2662],[-115.1257,60.2514],[-115.1597,60.242],[-115.1666,60.2323],[-115.1471,60.2294],[-115.1393,60.2214],[-115.1388,60.1938],[-115.1449,60.1799],[-115.1586,60.1826],[-115.1803,60.1967],[-115.2,60.1976],[-115.2489,60.1731],[-115.2699,60.1676],[-115.311,60.1631],[-115.3311,60.1558],[-115.2964,60.1375],[-115.2861,60.1352],[-115.2826,60.1299],[-115.2849,60.1066],[-115.2933,60.1013],[-115.3248,60.0931],[-115.3379,60.0943],[-115.3687,60.1166],[-115.3863,60.1216],[-115.4268,60.1207],[-115.4633,60.1378],[-115.5145,60.1472],[-115.5585,60.1705],[-115.5843,60.1764],[-115.7147,60.1764],[-115.7407,60.1723],[-115.804,60.1422],[-115.8299,60.1381],[-115.8402,60.1416],[-115.8483,60.162],[-115.8792,60.1496],[-115.8978,60.1549],[-115.9234,60.1832],[-115.9412,60.1967],[-115.8638,60.2276],[-115.8374,60.2497],[-115.804,60.257],[-115.4963,60.2514],[-115.4078,60.2771],[-115.3292,60.2885],[-115.3099,60.3136],[-115.2911,60.3274],[-115.2413,60.3509],[-115.133,60.3677],[-115.1052,60.368],[-115.0737,60.3571],[-115.0574,60.3465]]]}},{"type":"Feature","properties":{},"bbox":[-76.983133,52.96093,-76.469173,53.489314],"geometry":{"type":"Polygon","coordinates":[[[-76.5375,53.3027],[-76.571,53.2927],[-76.6443,53.2806],[-76.6699,53.2718],[-76.6957,53.2556],[-76.6801,53.2388],[-76.6456,53.2473],[-76.6268,53.2353],[-76.6343,53.2282],[-76.5927,53.242],[-76.579,53.2353],[-76.5941,53.2253],[-76.6405,53.2209],[-76.6841,53.207],[-76.7019,53.2073],[-76.6941,53.2188],[-76.6814,53.2282],[-76.7019,53.2341],[-76.7147,53.2244],[-76.7298,53.1867],[-76.7064,53.1808],[-76.6405,53.1935],[-76.6481,53.1811],[-76.6615,53.1738],[-76.6543,53.1558],[-76.6601,53.1526],[-76.6852,53.1593],[-76.7441,53.1593],[-76.8025,53.1741],[-76.8342,53.1534],[-76.8389,53.144],[-76.8186,53.1384],[-76.8421,53.1255],[-76.8667,53.1066],[-76.8776,53.0834],[-76.8602,53.0563],[-76.8398,53.0719],[-76.8246,53.0616],[-76.8151,53.0392],[-76.8118,53.0189],[-76.823,53.0042],[-76.8585,52.9854],[-76.8465,52.9745],[-76.8218,52.9704],[-76.7435,52.9818],[-76.6343,52.9745],[-76.6343,52.9677],[-76.7094,52.9609],[-76.871,52.9651],[-76.9422,52.9818],[-76.9137,52.9815],[-76.8875,52.9874],[-76.8928,52.9968],[-76.8932,53.006],[-76.8807,53.0222],[-76.8936,53.0269],[-76.9181,53.0298],[-76.9319,53.0392],[-76.9352,53.0504],[-76.9081,53.0837],[-76.9831,53.0972],[-76.9808,53.109],[-76.9622,53.1196],[-76.9284,53.132],[-76.8897,53.1626],[-76.8807,53.1738],[-76.8705,53.1949],[-76.8758,53.2023],[-76.9154,53.2147],[-76.8991,53.2197],[-76.8465,53.2209],[-76.8181,53.2279],[-76.8159,53.232],[-76.8323,53.2353],[-76.8339,53.2497],[-76.9319,53.2385],[-76.9546,53.2538],[-76.9561,53.26],[-76.9422,53.2685],[-76.9275,53.2721],[-76.8732,53.2753],[-76.9045,53.3059],[-76.9012,53.3171],[-76.8863,53.3186],[-76.8511,53.3047],[-76.839,53.3171],[-76.8482,53.3321],[-76.8566,53.3362],[-76.9006,53.3395],[-76.9122,53.3454],[-76.9154,53.358],[-76.9035,53.3716],[-76.8323,53.4128],[-76.7681,53.436],[-76.7082,53.4799],[-76.6842,53.489],[-76.6548,53.4884],[-76.6548,53.4814],[-76.6757,53.4693],[-76.7262,53.4231],[-76.7777,53.358],[-76.8031,53.3374],[-76.8056,53.3301],[-76.7993,53.3227],[-76.7713,53.3112],[-76.7609,53.3133],[-76.7234,53.3321],[-76.7066,53.3448],[-76.7019,53.3648],[-76.7219,53.3518],[-76.7441,53.3445],[-76.7123,53.3872],[-76.6805,53.3978],[-76.671,53.4248],[-76.6548,53.4399],[-76.62,53.4475],[-76.603,53.4781],[-76.5841,53.4864],[-76.5563,53.4893],[-76.5039,53.4884],[-76.5039,53.4837],[-76.5107,53.4746],[-76.545,53.4508],[-76.5516,53.4399],[-76.5278,53.4363],[-76.5005,53.4278],[-76.4784,53.416],[-76.4692,53.4028],[-76.4782,53.3839],[-76.5001,53.3725],[-76.5272,53.3666],[-76.6097,53.3648],[-76.6246,53.3763],[-76.6368,53.3769],[-76.6763,53.3548],[-76.6923,53.341],[-76.6939,53.3324],[-76.6898,53.3206],[-76.681,53.3133],[-76.6679,53.3171],[-76.6692,53.3042],[-76.6752,53.2891],[-76.6063,53.2965],[-76.5678,53.3153],[-76.5516,53.3171],[-76.5569,53.3301],[-76.5528,53.3386],[-76.5422,53.343],[-76.5275,53.3445],[-76.5195,53.3392],[-76.5033,53.3162],[-76.4896,53.3098],[-76.4982,53.298],[-76.5096,53.2971],[-76.5375,53.3027]],[[-76.8323,53.3783],[-76.7955,53.3863],[-76.7766,53.3957],[-76.7526,53.4131],[-76.7441,53.4269],[-76.7934,53.4078],[-76.8174,53.3948],[-76.8323,53.3783]],[[-76.7572,53.2891],[-76.7791,53.2939],[-76.7949,53.293],[-76.809,53.285],[-76.8255,53.2685],[-76.7903,53.2706],[-76.7759,53.2747],[-76.7572,53.2891]]]}},{"type":"Feature","properties":{},"bbox":[-105.113893,21.776878,-105.019403,21.82898],"geometry":{"type":"Polygon","coordinates":[[[-105.0502,21.8151],[-105.0194,21.799],[-105.0209,21.7778],[-105.0315,21.7769],[-105.0655,21.8078],[-105.1037,21.8101],[-105.1139,21.8151],[-105.1065,21.829],[-105.0502,21.8151]]]}},{"type":"Feature","properties":{},"bbox":[-106.429848,59.787234,-105.606806,60.257039],"geometry":{"type":"Polygon","coordinates":[[[-105.8834,59.9842],[-105.9118,59.9856],[-105.9702,60.0083],[-106.002,60.0151],[-106.0357,60.0089],[-106.0622,59.9924],[-106.0729,59.9674],[-106.0656,59.9574],[-106.0667,59.9509],[-106.0731,59.9418],[-106.0844,59.9412],[-106.1087,59.9321],[-106.1161,59.917],[-106.1208,59.8964],[-106.0985,59.8997],[-106.0793,59.9067],[-106.0637,59.9067],[-106.0525,59.8888],[-106.0509,59.87],[-106.0534,59.857],[-106.0503,59.8464],[-106.032,59.8337],[-106.0775,59.8243],[-106.0934,59.8058],[-106.1424,59.8037],[-106.1904,59.7872],[-106.1958,59.7925],[-106.1949,59.8181],[-106.1827,59.8417],[-106.1892,59.8532],[-106.2169,59.8685],[-106.2008,59.8826],[-106.1786,59.8935],[-106.1645,59.9062],[-106.1723,59.9265],[-106.1901,59.9306],[-106.2145,59.9215],[-106.2375,59.9073],[-106.3131,59.8446],[-106.3055,59.8261],[-106.2868,59.8243],[-106.2441,59.8411],[-106.2613,59.7996],[-106.3131,59.7925],[-106.3408,59.8058],[-106.3465,59.8131],[-106.3844,59.7925],[-106.3991,59.7928],[-106.4019,59.8131],[-106.3948,59.8349],[-106.372,59.875],[-106.3671,59.8994],[-106.3555,59.9238],[-106.3299,59.9397],[-106.3043,59.9509],[-106.2927,59.9603],[-106.2872,59.9692],[-106.2637,59.9862],[-106.2578,59.9974],[-106.2624,60.0107],[-106.2747,60.0192],[-106.2908,60.0236],[-106.3062,60.0254],[-106.3566,60.0183],[-106.3995,60.0207],[-106.4019,60.0289],[-106.3998,60.0357],[-106.3814,60.0466],[-106.3925,60.0516],[-106.4298,60.0528],[-106.4298,60.0601],[-106.3867,60.0872],[-106.3671,60.0943],[-106.3092,60.1051],[-106.2927,60.1149],[-106.2662,60.1007],[-106.2585,60.0863],[-106.2678,60.0725],[-106.2927,60.0601],[-106.2353,60.0486],[-106.2097,60.0369],[-106.2169,60.0192],[-106.1998,60.0059],[-106.1795,60.0151],[-106.1692,60.0366],[-106.1827,60.0601],[-106.1455,60.0695],[-106.1353,60.076],[-106.1449,60.091],[-106.1745,60.1043],[-106.1754,60.1149],[-106.1187,60.1361],[-106.0968,60.1705],[-106.0859,60.1837],[-106.0766,60.1879],[-106.0498,60.1943],[-106.03,60.1885],[-105.9977,60.2043],[-105.9309,60.2085],[-105.8913,60.2326],[-105.843,60.2388],[-105.8039,60.257],[-105.7939,60.247],[-105.7943,60.2285],[-105.8061,60.2111],[-105.8258,60.2002],[-105.8676,60.187],[-105.8879,60.1764],[-105.8555,60.1602],[-105.8129,60.1552],[-105.7708,60.1617],[-105.7262,60.1896],[-105.6879,60.1988],[-105.6427,60.227],[-105.6249,60.232],[-105.6068,60.2323],[-105.6167,60.212],[-105.6379,60.194],[-105.6635,60.1811],[-105.7109,60.1696],[-105.7712,60.1216],[-105.7911,60.1152],[-105.8814,60.1013],[-105.9104,60.1025],[-105.9363,60.1072],[-105.9603,60.1157],[-105.9998,60.1387],[-106.0227,60.1484],[-106.0433,60.1475],[-106.0617,60.104],[-106.1038,60.0666],[-106.1138,60.0466],[-106.1058,60.0266],[-106.0846,60.0336],[-106.0422,60.0601],[-105.9221,60.0666],[-105.8956,60.0592],[-105.8688,60.0445],[-105.8533,60.0233],[-105.8607,59.9974],[-105.8834,59.9842]]]}},{"type":"Feature","properties":{},"bbox":[-89.551451,52.830527,-88.912828,53.02569],"geometry":{"type":"Polygon","coordinates":[[[-89.54,52.8694],[-89.5515,52.8782],[-89.5316,52.882],[-89.4683,52.9056],[-89.4178,52.8956],[-89.3962,52.8988],[-89.404,52.9162],[-89.4316,52.9459],[-89.4486,52.9562],[-89.4757,52.96],[-89.4757,52.9677],[-89.3405,52.9589],[-89.3243,52.9689],[-89.2982,53.0086],[-89.2796,53.0207],[-89.2561,53.0257],[-89.2331,53.0222],[-89.2156,53.0086],[-89.2097,52.9974],[-89.2067,52.9742],[-89.1884,52.9677],[-89.1629,52.945],[-89.1536,52.9403],[-89.1474,52.9606],[-89.1296,52.9706],[-89.0875,52.9754],[-89.0768,52.9801],[-89.0786,52.9818],[-89.0727,52.9792],[-89.0649,52.9677],[-89.0519,52.9615],[-89.0306,52.96],[-89.0212,52.9668],[-89.0028,52.9951],[-88.9929,52.9986],[-88.9242,53.0048],[-88.9128,53.0007],[-88.9277,52.9874],[-88.9507,52.9798],[-88.9716,52.9668],[-88.9894,52.9509],[-89.0028,52.9336],[-89.0406,52.8576],[-89.1745,52.8635],[-89.1925,52.8576],[-89.2156,52.8441],[-89.2079,52.8326],[-89.2141,52.8305],[-89.226,52.8335],[-89.2572,52.8491],[-89.2702,52.8647],[-89.2686,52.877],[-89.2837,52.8803],[-89.3026,52.875],[-89.3118,52.8611],[-89.3238,52.8579],[-89.419,52.8594],[-89.4757,52.872],[-89.54,52.8694]]]}},{"type":"Feature","properties":{},"bbox":[-70.99665,53.23881,-70.98723,53.248229],"geometry":{"type":"Polygon","coordinates":[[[-70.9872,53.2482],[-70.9967,53.2388],[-70.9925,53.2435],[-70.9872,53.2482]]]}},{"type":"Feature","properties":{},"bbox":[-101.996872,57.0208,-101.9954,57.021978],"geometry":{"type":"Polygon","coordinates":[[[-101.9954,57.022],[-101.9969,57.0208],[-101.9955,57.022],[-101.9954,57.022]]]}},{"type":"Feature","properties":{},"bbox":[-110.566253,44.298088,-110.191969,44.572436],"geometry":{"type":"Polygon","coordinates":[[[-110.1926,44.3443],[-110.192,44.3314],[-110.198,44.3196],[-110.211,44.3128],[-110.2498,44.3263],[-110.255,44.3664],[-110.2622,44.3946],[-110.2798,44.4091],[-110.2982,44.3581],[-110.2985,44.3311],[-110.2798,44.3128],[-110.3024,44.2981],[-110.3183,44.3143],[-110.3408,44.3843],[-110.3449,44.3896],[-110.4124,44.3826],[-110.4245,44.3873],[-110.3836,44.4014],[-110.3782,44.4167],[-110.3926,44.4288],[-110.3971,44.4391],[-110.4329,44.4503],[-110.4604,44.4532],[-110.4791,44.45],[-110.4865,44.4414],[-110.4909,44.4232],[-110.4997,44.4152],[-110.5114,44.4132],[-110.542,44.4182],[-110.5645,44.4391],[-110.5663,44.4444],[-110.5507,44.4647],[-110.527,44.4841],[-110.5065,44.4803],[-110.4849,44.4718],[-110.4629,44.4685],[-110.4205,44.4941],[-110.4051,44.4959],[-110.3967,44.5027],[-110.3971,44.5318],[-110.4016,44.5424],[-110.4069,44.5439],[-110.3971,44.5524],[-110.3593,44.5698],[-110.3449,44.5724],[-110.3197,44.5689],[-110.2944,44.5613],[-110.2798,44.5524],[-110.2737,44.5386],[-110.2744,44.4579],[-110.2669,44.4356],[-110.207,44.3926],[-110.198,44.3708],[-110.1926,44.3443]]]}},{"type":"Feature","properties":{},"bbox":[-154.26814,70.462349,-152.927311,70.746999],"geometry":{"type":"Polygon","coordinates":[[[-152.9332,70.5783],[-152.9273,70.5689],[-152.9339,70.5589],[-152.9523,70.5518],[-152.9757,70.5521],[-153.0121,70.5607],[-153.0311,70.5483],[-153.0685,70.5321],[-153.1232,70.5301],[-153.2259,70.538],[-153.2745,70.5351],[-153.3717,70.5162],[-153.5249,70.4671],[-153.5692,70.4629],[-153.621,70.4844],[-153.6501,70.4897],[-153.6716,70.483],[-153.6579,70.4768],[-153.6757,70.4671],[-153.6963,70.4694],[-153.7099,70.4803],[-153.7063,70.4971],[-153.7668,70.5133],[-153.7808,70.5106],[-153.7818,70.5],[-153.761,70.4629],[-153.7768,70.4623],[-153.8066,70.4706],[-153.8535,70.5106],[-153.8663,70.5086],[-153.8869,70.4991],[-153.9053,70.4971],[-153.9159,70.5009],[-153.9463,70.5274],[-153.961,70.5312],[-154.0006,70.5239],[-154.0178,70.5292],[-154.0385,70.5498],[-154.0571,70.5627],[-154.0749,70.5651],[-154.09,70.5586],[-154.1027,70.5624],[-154.1235,70.5854],[-154.1105,70.5942],[-154.0818,70.6007],[-154.0764,70.6098],[-154.0996,70.6363],[-154.107,70.6404],[-154.1703,70.6478],[-154.2517,70.641],[-154.2681,70.6478],[-154.2517,70.6528],[-154.244,70.6578],[-154.2408,70.6643],[-154.244,70.6728],[-154.2608,70.6808],[-154.2681,70.689],[-154.224,70.6746],[-154.1788,70.6678],[-154.1923,70.6814],[-154.177,70.6896],[-154.165,70.6864],[-154.1374,70.6725],[-154.1257,70.6631],[-154.117,70.661],[-154.0795,70.6678],[-154.0725,70.6805],[-154.0558,70.6952],[-154.039,70.6987],[-154.019,70.6975],[-154.0001,70.692],[-153.9869,70.6814],[-154.0081,70.6678],[-153.9752,70.6684],[-153.967,70.6787],[-153.9673,70.6943],[-153.9596,70.7093],[-153.9433,70.7137],[-153.9117,70.6958],[-153.8908,70.6952],[-153.8294,70.7361],[-153.7994,70.7432],[-153.6126,70.747],[-153.5829,70.7435],[-153.4935,70.7155],[-153.4439,70.7152],[-153.4211,70.7096],[-153.4052,70.6737],[-153.3895,70.6599],[-153.3694,70.651],[-153.3502,70.6478],[-153.3569,70.661],[-153.2928,70.6752],[-153.2576,70.6772],[-153.2259,70.6746],[-153.1853,70.6575],[-153.1674,70.6531],[-153.1282,70.6549],[-153.0445,70.6301],[-153.0243,70.6166],[-152.9491,70.5983],[-152.9523,70.5854],[-152.9332,70.5783]]]}},{"type":"Feature","properties":{},"bbox":[-114.316893,47.710652,-114.00163,48.095091],"geometry":{"type":"Polygon","coordinates":[[[-114.1491,47.9182],[-114.1388,47.9238],[-114.1562,47.9547],[-114.1593,47.9956],[-114.1672,48.01],[-114.2012,48.0327],[-114.2069,48.0542],[-114.1999,48.0718],[-114.1846,48.0848],[-114.1644,48.0924],[-114.1425,48.0951],[-114.1309,48.0919],[-114.1145,48.0642],[-114.1048,48.0607],[-114.0818,48.0633],[-114.0699,48.0612],[-114.0554,48.0465],[-114.0377,48.0012],[-114.0165,47.9632],[-114.0159,47.94],[-114.0227,47.8967],[-114.0209,47.8717],[-114.0053,47.8322],[-114.0016,47.8107],[-114.0031,47.786],[-114.0093,47.7636],[-114.0218,47.7519],[-114.0425,47.7595],[-114.0508,47.7884],[-114.0568,47.7937],[-114.0658,47.7916],[-114.0696,47.7845],[-114.0699,47.7657],[-114.0639,47.7527],[-114.0428,47.7283],[-114.0425,47.7183],[-114.0574,47.7107],[-114.1183,47.7183],[-114.1541,47.7121],[-114.1662,47.7154],[-114.1547,47.751],[-114.1077,47.7837],[-114.1058,47.7981],[-114.1211,47.8075],[-114.2167,47.8287],[-114.2412,47.8284],[-114.2833,47.8199],[-114.3,47.8243],[-114.3169,47.8419],[-114.286,47.8446],[-114.2467,47.8693],[-114.2059,47.8781],[-114.1961,47.8852],[-114.1891,47.8952],[-114.1865,47.9067],[-114.1491,47.9182]]]}},{"type":"Feature","properties":{},"bbox":[-112.460486,58.275086,-111.698819,58.850568],"geometry":{"type":"Polygon","coordinates":[[[-111.8161,58.6071],[-111.8248,58.593],[-111.8195,58.5659],[-111.8367,58.5594],[-111.8119,58.5377],[-111.8064,58.5215],[-111.7964,58.5156],[-111.7945,58.5109],[-111.797,58.5041],[-111.8226,58.4741],[-111.9118,58.4496],[-111.8423,58.4414],[-111.8292,58.429],[-111.8585,58.4173],[-111.867,58.4117],[-111.8729,58.4011],[-111.8632,58.3961],[-111.8363,58.3917],[-111.7774,58.3519],[-111.7508,58.3434],[-111.7746,58.3266],[-111.8207,58.3187],[-111.8292,58.3131],[-111.821,58.2969],[-111.7904,58.296],[-111.7336,58.3054],[-111.7475,58.2866],[-111.7714,58.2771],[-111.7983,58.2751],[-111.8537,58.2866],[-111.8685,58.293],[-111.8932,58.3145],[-111.9118,58.3131],[-111.9508,58.3033],[-111.973,58.3142],[-112.021,58.3266],[-112.0588,58.316],[-112.0715,58.3245],[-112.1103,58.3396],[-112.1343,58.3569],[-112.1379,58.3646],[-112.1339,58.3705],[-112.124,58.3737],[-112.1373,58.3958],[-112.1502,58.4049],[-112.1973,58.4128],[-112.2353,58.4237],[-112.27,58.439],[-112.2884,58.4564],[-112.2681,58.4579],[-112.2251,58.4464],[-112.2059,58.4496],[-112.2091,58.4546],[-112.2303,58.4585],[-112.248,58.4664],[-112.2407,58.4835],[-112.2469,58.4835],[-112.234,58.4953],[-112.1792,58.5109],[-112.1886,58.5168],[-112.1929,58.5241],[-112.2007,58.5427],[-112.1994,58.5506],[-112.2271,58.5594],[-112.2521,58.5845],[-112.2662,58.5874],[-112.2884,58.5798],[-112.2759,58.5621],[-112.2742,58.5465],[-112.309,58.5471],[-112.3432,58.5521],[-112.3812,58.5703],[-112.4227,58.578],[-112.4408,58.5909],[-112.4533,58.6089],[-112.4605,58.6283],[-112.4599,58.6754],[-112.4377,58.7119],[-112.4026,58.7408],[-112.3522,58.7711],[-112.275,58.7979],[-112.2388,58.8038],[-112.1214,58.8453],[-112.0914,58.8506],[-112.0824,58.8473],[-112.083,58.8291],[-112.0793,58.8264],[-112.0262,58.8258],[-112.0,58.8202],[-111.9869,58.8064],[-111.9933,58.7784],[-112.0195,58.7737],[-112.0793,58.7852],[-112.1334,58.7693],[-112.1617,58.7693],[-112.1588,58.7923],[-112.2059,58.7811],[-112.2128,58.7717],[-112.2072,58.7581],[-112.192,58.7528],[-112.1089,58.7475],[-112.0961,58.7443],[-112.0843,58.7346],[-112.0858,58.7252],[-112.1036,58.7028],[-112.069,58.7093],[-111.9595,58.7028],[-111.9564,58.7066],[-111.9531,58.7278],[-111.9452,58.7375],[-111.9317,58.7437],[-111.9161,58.7455],[-111.9034,58.7411],[-111.8944,58.7116],[-111.8859,58.7137],[-111.867,58.734],[-111.8517,58.7434],[-111.8382,58.7428],[-111.8263,58.7355],[-111.8161,58.7237],[-111.8107,58.6975],[-111.8045,58.6872],[-111.7795,58.6807],[-111.7609,58.6692],[-111.7525,58.6745],[-111.7545,58.6807],[-111.7677,58.6898],[-111.7511,58.6948],[-111.7294,58.6922],[-111.7097,58.6831],[-111.6988,58.6692],[-111.7003,58.6519],[-111.7104,58.6342],[-111.7397,58.6071],[-111.7611,58.6012],[-111.799,58.6104],[-111.8161,58.6071]]]}},{"type":"Feature","properties":{},"bbox":[-89.407507,15.365332,-88.830259,15.7901],"geometry":{"type":"Polygon","coordinates":[[[-88.842,15.7486],[-88.8728,15.7168],[-88.8825,15.6962],[-88.8906,15.6891],[-88.9009,15.6871],[-88.9211,15.6974],[-88.9292,15.6915],[-88.9412,15.6747],[-88.9754,15.6679],[-88.9911,15.6391],[-88.9845,15.63],[-89.0028,15.6032],[-89.0017,15.5896],[-88.9917,15.5564],[-88.9891,15.5075],[-88.9972,15.504],[-89.089,15.4295],[-89.1179,15.4154],[-89.1474,15.408],[-89.1772,15.4083],[-89.2634,15.4216],[-89.2634,15.4148],[-89.2497,15.4148],[-89.2652,15.3965],[-89.2911,15.3753],[-89.317,15.3653],[-89.3317,15.3806],[-89.3369,15.3942],[-89.3274,15.4174],[-89.3391,15.4289],[-89.3391,15.4351],[-89.332,15.4492],[-89.3439,15.4619],[-89.3636,15.4681],[-89.3863,15.4631],[-89.3915,15.4754],[-89.4075,15.476],[-89.4075,15.4831],[-89.3904,15.4919],[-89.3647,15.519],[-89.3423,15.5246],[-89.2687,15.5246],[-89.2572,15.5314],[-89.2472,15.5455],[-89.2433,15.559],[-89.235,15.569],[-89.2122,15.5729],[-89.1845,15.5861],[-89.1536,15.5729],[-89.1354,15.5755],[-89.0665,15.5976],[-89.0113,15.6473],[-88.9964,15.6679],[-88.9434,15.6956],[-88.9405,15.7183],[-88.9224,15.7309],[-88.9208,15.7368],[-88.9036,15.7362],[-88.885,15.7439],[-88.8673,15.7557],[-88.8531,15.7848],[-88.8404,15.7901],[-88.8303,15.7833],[-88.8314,15.7642],[-88.842,15.7486]]]}},{"type":"Feature","properties":{},"bbox":[-103.42807,20.105478,-102.685684,20.334788],"geometry":{"type":"Polygon","coordinates":[[[-102.6985,20.2047],[-102.6857,20.1967],[-102.6907,20.1788],[-102.715,20.1499],[-102.7497,20.1432],[-102.7939,20.1293],[-102.7927,20.1237],[-102.8015,20.1125],[-102.8126,20.1055],[-102.8215,20.112],[-102.8385,20.1358],[-102.8772,20.1605],[-102.9147,20.1685],[-103.003,20.1705],[-103.0451,20.1917],[-103.0681,20.197],[-103.0781,20.1802],[-103.0878,20.1735],[-103.1331,20.1705],[-103.1833,20.1723],[-103.3693,20.23],[-103.3992,20.2341],[-103.4232,20.2477],[-103.4281,20.2562],[-103.4242,20.2659],[-103.415,20.27],[-103.3564,20.283],[-103.3102,20.2877],[-103.2158,20.2865],[-103.1749,20.2803],[-103.1503,20.3006],[-103.0781,20.328],[-103.0354,20.3348],[-102.9006,20.328],[-102.8485,20.3104],[-102.8317,20.3006],[-102.8031,20.3104],[-102.7805,20.3098],[-102.7603,20.3006],[-102.7388,20.2833],[-102.7269,20.2606],[-102.7365,20.2397],[-102.7763,20.1985],[-102.6985,20.2047]]]}},{"type":"Feature","properties":{},"bbox":[-86.597507,12.164711,-86.090759,12.501464],"geometry":{"type":"Polygon","coordinates":[[[-86.0972,12.3304],[-86.0908,12.3113],[-86.0915,12.2889],[-86.1024,12.2142],[-86.1089,12.1939],[-86.1178,12.1803],[-86.1489,12.1688],[-86.3006,12.1647],[-86.3207,12.1685],[-86.3251,12.1783],[-86.3229,12.1915],[-86.3059,12.1986],[-86.2955,12.2109],[-86.2896,12.2283],[-86.2892,12.2486],[-86.3039,12.2819],[-86.3324,12.2933],[-86.3651,12.2875],[-86.3928,12.2689],[-86.4135,12.2468],[-86.4255,12.2465],[-86.4575,12.2689],[-86.5464,12.3051],[-86.5759,12.3213],[-86.594,12.3457],[-86.5968,12.4058],[-86.5907,12.4199],[-86.5838,12.424],[-86.5772,12.4232],[-86.5626,12.4005],[-86.5442,12.3937],[-86.5217,12.3908],[-86.502,12.3925],[-86.4787,12.4081],[-86.4465,12.4517],[-86.3426,12.4806],[-86.3189,12.5003],[-86.3027,12.4956],[-86.2896,12.5015],[-86.2755,12.4956],[-86.2688,12.4417],[-86.2719,12.4335],[-86.231,12.3925],[-86.2204,12.3775],[-86.2023,12.3037],[-86.2003,12.2766],[-86.1517,12.3263],[-86.124,12.3443],[-86.0972,12.3304]]]}},{"type":"Feature","properties":{},"bbox":[-93.642376,48.331171,-92.42209,48.959638],"geometry":{"type":"Polygon","coordinates":[[[-92.8854,48.4368],[-92.9674,48.4242],[-92.9909,48.4298],[-93.0528,48.4725],[-93.0872,48.4878],[-93.0937,48.4925],[-93.095,48.5037],[-93.0906,48.5149],[-93.0769,48.5266],[-93.0501,48.524],[-92.9998,48.5057],[-92.9475,48.4707],[-92.9285,48.4619],[-92.9056,48.4583],[-92.8404,48.4657],[-92.8199,48.4583],[-92.8541,48.4516],[-92.789,48.4519],[-92.7531,48.4589],[-92.7374,48.4757],[-92.7272,48.5019],[-92.6733,48.5013],[-92.6486,48.5199],[-92.6845,48.5302],[-92.8557,48.5355],[-92.8764,48.5402],[-92.9097,48.5628],[-92.9708,48.5608],[-92.9661,48.5705],[-92.9586,48.577],[-92.9372,48.582],[-92.9469,48.5967],[-92.9622,48.6008],[-93.0344,48.5926],[-93.1075,48.5976],[-93.1293,48.5958],[-93.1421,48.5887],[-93.1395,48.5746],[-93.1214,48.5655],[-93.0807,48.5608],[-93.0959,48.5469],[-93.1193,48.5461],[-93.1954,48.5584],[-93.1717,48.5826],[-93.1832,48.5985],[-93.2052,48.6043],[-93.3817,48.6158],[-93.373,48.6288],[-93.3265,48.65],[-93.3436,48.6635],[-93.3639,48.6647],[-93.4056,48.6576],[-93.4148,48.6688],[-93.4157,48.6935],[-93.4089,48.7333],[-93.3885,48.7121],[-93.3748,48.6912],[-93.3598,48.6853],[-93.3462,48.6859],[-93.3402,48.6909],[-93.3476,48.6985],[-93.3343,48.7109],[-93.3371,48.718],[-93.3582,48.7294],[-93.3633,48.7424],[-93.351,48.771],[-93.3701,48.7786],[-93.4506,48.7974],[-93.4618,48.8119],[-93.4878,48.821],[-93.5458,48.8295],[-93.5561,48.8345],[-93.5632,48.8357],[-93.5704,48.8328],[-93.5878,48.8145],[-93.6018,48.8145],[-93.6247,48.8228],[-93.6424,48.8213],[-93.6305,48.8363],[-93.5978,48.8442],[-93.5816,48.854],[-93.5704,48.8563],[-93.5438,48.8537],[-93.5221,48.8472],[-93.4596,48.8231],[-93.44,48.8213],[-93.4291,48.8245],[-93.4195,48.8316],[-93.4159,48.8387],[-93.4449,48.8469],[-93.4543,48.8531],[-93.4574,48.8625],[-93.4524,48.8693],[-93.4413,48.8731],[-93.4165,48.8766],[-93.427,48.8884],[-93.4668,48.8916],[-93.4847,48.8966],[-93.4581,48.9125],[-93.4323,48.9208],[-93.3783,48.9237],[-93.3686,48.9125],[-93.3618,48.9108],[-93.3527,48.9137],[-93.3208,48.9552],[-93.3114,48.9596],[-93.3009,48.9058],[-93.2855,48.8699],[-93.2991,48.8699],[-93.2793,48.818],[-93.2712,48.8098],[-93.2172,48.8077],[-93.1939,48.7874],[-93.2095,48.7439],[-93.1832,48.7395],[-93.2008,48.7191],[-93.2261,48.708],[-93.2793,48.6912],[-93.2706,48.677],[-93.2563,48.6656],[-93.2382,48.6603],[-93.2172,48.6644],[-93.2041,48.677],[-93.1798,48.7118],[-93.1498,48.7224],[-93.1325,48.7368],[-93.1216,48.7395],[-93.1128,48.7356],[-93.1072,48.7289],[-93.1063,48.7221],[-93.1517,48.7074],[-93.1682,48.6944],[-93.1763,48.6779],[-93.1605,48.6812],[-93.1216,48.6576],[-93.1084,48.6579],[-93.0528,48.6706],[-92.9845,48.6991],[-92.9468,48.7059],[-92.923,48.6912],[-92.9974,48.6644],[-92.9974,48.6576],[-92.779,48.6779],[-92.8067,48.6676],[-92.895,48.65],[-92.8884,48.6403],[-92.8789,48.6347],[-92.8541,48.6297],[-92.8541,48.6235],[-92.8766,48.6214],[-92.8862,48.6167],[-92.889,48.6091],[-92.88,48.6008],[-92.8645,48.6017],[-92.837,48.6091],[-92.734,48.6017],[-92.7195,48.5979],[-92.7272,48.5717],[-92.7165,48.567],[-92.7039,48.5693],[-92.6827,48.582],[-92.6651,48.6117],[-92.6521,48.6158],[-92.6455,48.6114],[-92.6455,48.5767],[-92.565,48.5578],[-92.5525,48.5508],[-92.5649,48.5375],[-92.5887,48.5355],[-92.6039,48.5293],[-92.5903,48.5031],[-92.58,48.5007],[-92.5515,48.5069],[-92.5456,48.5031],[-92.5497,48.4922],[-92.56,48.4875],[-92.6417,48.4895],[-92.6655,48.4842],[-92.6766,48.4651],[-92.4788,48.4725],[-92.4705,48.4689],[-92.464,48.4498],[-92.4632,48.441],[-92.4705,48.4242],[-92.447,48.4174],[-92.4221,48.4242],[-92.4258,48.4104],[-92.4395,48.3915],[-92.4462,48.3753],[-92.429,48.3689],[-92.4386,48.3615],[-92.4493,48.3353],[-92.4627,48.3312],[-92.4808,48.3485],[-92.4952,48.3721],[-92.4944,48.3797],[-92.4869,48.3912],[-92.4866,48.4009],[-92.4913,48.4095],[-92.4979,48.4174],[-92.5181,48.4307],[-92.5378,48.4292],[-92.5766,48.4174],[-92.6175,48.4315],[-92.6326,48.4298],[-92.6691,48.4174],[-92.683,48.4177],[-92.7175,48.4315],[-92.755,48.4218],[-92.7852,48.4333],[-92.8854,48.4368]]]}},{"type":"Feature","properties":{},"bbox":[-96.581896,56.064705,-95.835242,56.298136],"geometry":{"type":"Polygon","coordinates":[[[-96.0286,56.1598],[-96.0416,56.1265],[-96.0509,56.1195],[-96.1053,56.118],[-96.1225,56.1127],[-96.1105,56.1018],[-96.0699,56.0968],[-96.0612,56.0885],[-96.0673,56.0738],[-96.0828,56.0718],[-96.1225,56.0785],[-96.1773,56.0727],[-96.2103,56.0915],[-96.2278,56.0965],[-96.4878,56.0912],[-96.5224,56.0832],[-96.5545,56.0647],[-96.5682,56.1094],[-96.5572,56.1289],[-96.5597,56.1368],[-96.5819,56.1401],[-96.5819,56.1474],[-96.4359,56.1671],[-96.3833,56.168],[-96.3283,56.1601],[-96.2992,56.1598],[-96.2734,56.168],[-96.2666,56.1883],[-96.2393,56.1945],[-96.2045,56.211],[-96.1983,56.2195],[-96.201,56.2337],[-96.1983,56.2413],[-96.1877,56.2534],[-96.1776,56.2602],[-96.1657,56.2631],[-96.1399,56.2634],[-96.0813,56.2572],[-96.016,56.2752],[-95.9705,56.294],[-95.9447,56.2981],[-95.8352,56.2908],[-95.8545,56.2781],[-95.8762,56.2711],[-95.9121,56.2669],[-95.9252,56.2605],[-95.9549,56.2293],[-95.9655,56.2243],[-96.0924,56.2243],[-96.1089,56.2195],[-96.1215,56.1954],[-96.1222,56.1854],[-96.0428,56.1751],[-96.0301,56.1713],[-96.0286,56.1598]]]}},{"type":"Feature","properties":{},"bbox":[-91.408447,50.890962,-90.4107,51.222121],"geometry":{"type":"Polygon","coordinates":[[[-91.3806,50.9257],[-91.3874,50.9257],[-91.3125,50.9875],[-91.286,51.0005],[-91.2714,51.0008],[-91.2655,50.996],[-91.2669,50.986],[-91.2639,50.9802],[-91.2672,50.981],[-91.268,50.9772],[-91.2577,50.9666],[-91.223,50.9728],[-91.1908,50.9693],[-91.1774,50.9725],[-91.1684,50.9869],[-91.1887,51.0355],[-91.2021,51.0431],[-91.2508,51.0484],[-91.2942,51.0629],[-91.3123,51.0626],[-91.292,51.0708],[-91.2719,51.0749],[-91.2267,51.0764],[-91.2011,51.0717],[-91.1273,51.0355],[-91.0297,51.0061],[-90.9744,51.0016],[-90.9286,51.0149],[-90.8849,51.0682],[-90.8703,51.0764],[-90.8291,51.0691],[-90.8163,51.0708],[-90.7915,51.09],[-90.7812,51.11],[-90.771,51.1173],[-90.7296,51.1147],[-90.7061,51.1371],[-90.6998,51.1571],[-90.683,51.1788],[-90.6478,51.2045],[-90.616,51.2212],[-90.5967,51.2221],[-90.6072,51.1924],[-90.6176,51.1815],[-90.6443,51.1632],[-90.6544,51.1515],[-90.6591,51.135],[-90.6491,51.1344],[-90.6031,51.1488],[-90.5923,51.1677],[-90.5638,51.1756],[-90.524,51.1959],[-90.5176,51.2089],[-90.5042,51.1989],[-90.493,51.1812],[-90.4937,51.1721],[-90.4565,51.1582],[-90.434,51.1535],[-90.4312,51.1491],[-90.4422,51.1379],[-90.4191,51.1259],[-90.4107,51.1058],[-90.4198,51.0882],[-90.449,51.0826],[-90.5043,51.0823],[-90.5292,51.0761],[-90.6247,51.0205],[-90.6388,51.0158],[-90.6544,51.0149],[-90.6483,51.0355],[-90.6686,51.0328],[-90.7233,51.0081],[-90.7422,51.0069],[-90.7744,51.0143],[-90.8787,51.0096],[-90.9191,50.9975],[-90.9286,50.9728],[-90.9504,50.9572],[-90.9738,50.9504],[-91.0175,50.9534],[-91.0359,50.9463],[-91.1376,50.9319],[-91.1962,50.9392],[-91.2417,50.9319],[-91.2577,50.9392],[-91.2663,50.9342],[-91.2913,50.9319],[-91.326,50.9119],[-91.3877,50.8986],[-91.4084,50.891],[-91.3806,50.9257]]]}},{"type":"Feature","properties":{},"bbox":[-72.069754,64.563292,-70.35052,65.431078],"geometry":{"type":"Polygon","coordinates":[[[-70.672,64.6513],[-70.6698,64.6581],[-70.6717,64.6752],[-70.6555,64.696],[-70.6109,64.7064],[-70.5968,64.7066],[-70.6256,64.7164],[-70.6929,64.7258],[-70.7061,64.744],[-70.7217,64.7582],[-70.7816,64.7705],[-70.7818,64.7888],[-70.8504,64.8082],[-70.8855,64.8088],[-70.9518,64.7891],[-71.0187,64.79],[-71.0488,64.7811],[-71.076,64.7476],[-71.0919,64.7399],[-71.097,64.7334],[-71.0903,64.7099],[-71.0933,64.686],[-71.1028,64.6684],[-71.1178,64.6551],[-71.1381,64.6439],[-71.174,64.6345],[-71.2885,64.6439],[-71.3004,64.641],[-71.3078,64.6272],[-71.3231,64.6242],[-71.3428,64.6263],[-71.3845,64.6439],[-71.3951,64.6442],[-71.4397,64.6378],[-71.45,64.6157],[-71.4604,64.6069],[-71.4909,64.6183],[-71.5244,64.603],[-71.5845,64.6069],[-71.6984,64.6351],[-71.7552,64.6584],[-71.8123,64.6737],[-71.8371,64.6857],[-71.8759,64.7202],[-71.8971,64.7343],[-71.9227,64.7402],[-71.9301,64.7449],[-71.9285,64.7564],[-71.9155,64.7779],[-71.9017,64.7844],[-71.8444,64.795],[-71.971,64.8061],[-71.981,64.8226],[-71.9932,64.8294],[-71.9906,64.8371],[-71.9673,64.85],[-72.0362,64.8841],[-72.0199,64.8936],[-72.0015,64.8986],[-72.0181,64.9033],[-72.0512,64.8953],[-72.0698,64.8986],[-72.0565,64.9236],[-72.034,64.9351],[-71.9502,64.9577],[-71.9395,64.948],[-71.9494,64.9312],[-71.981,64.9183],[-71.9638,64.9048],[-71.9314,64.8983],[-71.8973,64.8992],[-71.8744,64.9086],[-71.8528,64.9248],[-71.8257,64.9336],[-71.7967,64.9342],[-71.7686,64.9251],[-71.7857,64.9092],[-71.8056,64.905],[-71.8506,64.9048],[-71.9037,64.8809],[-71.9227,64.8774],[-71.9338,64.8677],[-71.9401,64.8538],[-71.9357,64.8441],[-71.9252,64.8418],[-71.8984,64.8432],[-71.8534,64.8368],[-71.8304,64.8297],[-71.7956,64.8106],[-71.7719,64.8067],[-71.7474,64.8073],[-71.7274,64.8126],[-71.6787,64.8159],[-71.6578,64.8206],[-71.6588,64.8359],[-71.6713,64.8432],[-71.734,64.8638],[-71.8135,64.8641],[-71.8371,64.8706],[-71.8112,64.8841],[-71.7872,64.8856],[-71.7345,64.8774],[-71.6266,64.8765],[-71.5852,64.8868],[-71.4383,64.888],[-71.4127,64.8962],[-71.3914,64.9121],[-71.4113,64.9086],[-71.4704,64.9183],[-71.4943,64.9327],[-71.6083,64.956],[-71.6793,64.9804],[-71.6719,64.9957],[-71.631,65.001],[-71.6182,65.0098],[-71.6304,65.0169],[-71.631,65.0275],[-71.6122,65.0428],[-71.5518,65.0387],[-71.5211,65.0419],[-71.5586,65.099],[-71.5558,65.117],[-71.568,65.1238],[-71.5695,65.1517],[-71.5776,65.1647],[-71.5861,65.1709],[-71.7021,65.205],[-71.7271,65.22],[-71.6813,65.2471],[-71.6688,65.2577],[-71.6535,65.2836],[-71.6482,65.301],[-71.6697,65.3186],[-71.6835,65.3416],[-71.7811,65.3713],[-71.796,65.3852],[-71.7841,65.3905],[-71.7754,65.4134],[-71.7377,65.4305],[-71.7253,65.4311],[-71.7203,65.4152],[-71.7148,65.4099],[-71.6793,65.3919],[-71.6451,65.3572],[-71.5966,65.3475],[-71.5857,65.3228],[-71.5736,65.3151],[-71.5125,65.2989],[-71.4772,65.2818],[-71.4425,65.2748],[-71.4124,65.2957],[-71.394,65.2854],[-71.3702,65.2792],[-71.3015,65.2712],[-71.2795,65.2615],[-71.2708,65.2503],[-71.289,65.2412],[-71.289,65.2336],[-71.1722,65.2],[-71.1487,65.1865],[-71.1154,65.1594],[-71.0903,65.1517],[-71.0281,65.1517],[-71.0192,65.1482],[-71.0046,65.1302],[-70.9934,65.1238],[-70.9649,65.1244],[-70.9307,65.1305],[-70.8992,65.1299],[-70.878,65.1102],[-70.9443,65.1155],[-70.96,65.1102],[-70.9219,65.1011],[-70.8058,65.0964],[-70.7956,65.0911],[-70.7869,65.0678],[-70.7781,65.0622],[-70.7381,65.059],[-70.7172,65.054],[-70.7026,65.0455],[-70.6857,65.0146],[-70.6617,64.9975],[-70.6593,64.9907],[-70.6751,64.9848],[-70.6787,64.9804],[-70.6708,64.9654],[-70.6415,64.9627],[-70.6235,64.953],[-70.6157,64.9395],[-70.6202,64.9289],[-70.6315,64.9218],[-70.6452,64.9183],[-70.6287,64.9062],[-70.6104,64.8986],[-70.6134,64.8774],[-70.5848,64.8544],[-70.5061,64.8132],[-70.4727,64.7811],[-70.4578,64.7714],[-70.4044,64.7537],[-70.4135,64.7326],[-70.3997,64.7184],[-70.3748,64.7102],[-70.3505,64.7066],[-70.3617,64.6972],[-70.4396,64.6719],[-70.4603,64.6678],[-70.5074,64.6657],[-70.459,64.6513],[-70.487,64.631],[-70.468,64.6283],[-70.4465,64.606],[-70.4318,64.5969],[-70.4144,64.5951],[-70.3566,64.603],[-70.3676,64.5865],[-70.3754,64.5807],[-70.4275,64.5633],[-70.463,64.5774],[-70.4962,64.5992],[-70.5508,64.6151],[-70.5879,64.6351],[-70.6104,64.6378],[-70.6717,64.6101],[-70.7123,64.621],[-70.7753,64.6186],[-70.7988,64.6275],[-70.7899,64.6325],[-70.6817,64.646],[-70.672,64.6513]]]}},{"type":"Feature","properties":{},"bbox":[-133.246273,59.587361,-132.092071,60.45132],"geometry":{"type":"Polygon","coordinates":[[[-132.1265,59.6283],[-132.0921,59.6077],[-132.1402,59.603],[-132.1821,59.5874],[-132.1708,59.615],[-132.1704,59.63],[-132.1957,59.6624],[-132.2323,59.7234],[-132.2503,59.7448],[-132.2368,59.7649],[-132.2504,59.7819],[-132.2949,59.8078],[-132.3152,59.8237],[-132.3801,59.8888],[-132.4037,59.9471],[-132.4257,59.9615],[-132.4384,59.9945],[-132.4715,60.0186],[-132.7478,60.1396],[-132.7676,60.1528],[-132.8168,60.1681],[-132.8451,60.172],[-132.9694,60.2338],[-133.1515,60.371],[-133.1577,60.3742],[-133.1786,60.3757],[-133.1889,60.4022],[-133.2404,60.4404],[-133.2463,60.4513],[-133.2318,60.4501],[-133.1956,60.4369],[-133.1828,60.4192],[-133.1636,60.4072],[-133.1424,60.3972],[-133.107,60.3733],[-132.983,60.3091],[-132.9014,60.2382],[-132.8584,60.2129],[-132.7029,60.1625],[-132.6427,60.1269],[-132.5657,60.1075],[-132.4974,60.1075],[-132.4974,60.1013],[-132.5217,60.1007],[-132.5445,60.0943],[-132.5282,60.0769],[-132.4968,60.0616],[-132.4095,60.0386],[-132.3895,60.0189],[-132.3156,59.925],[-132.2368,59.8632],[-132.2231,59.8411],[-132.2572,59.8479],[-132.2468,59.8314],[-132.2159,59.802],[-132.2055,59.7755],[-132.1545,59.701],[-132.1412,59.6445],[-132.1265,59.6283]]]}},{"type":"Feature","properties":{},"bbox":[-73.666091,54.909326,-72.118177,55.30348],"geometry":{"type":"Polygon","coordinates":[[[-73.2825,55.0712],[-73.2276,55.0898],[-73.193,55.0939],[-73.1473,55.1048],[-73.1317,55.1127],[-73.1658,55.1236],[-73.168,55.1301],[-73.1529,55.1401],[-73.1324,55.146],[-72.9599,55.1569],[-72.899,55.181],[-72.8778,55.204],[-72.8672,55.2108],[-72.8506,55.2084],[-72.8232,55.1798],[-72.8063,55.1692],[-72.7737,55.1834],[-72.7029,55.199],[-72.6526,55.2293],[-72.6288,55.2019],[-72.6115,55.2016],[-72.5953,55.2069],[-72.5713,55.2252],[-72.5563,55.2293],[-72.4994,55.2108],[-72.4813,55.2084],[-72.443,55.2222],[-72.3834,55.2658],[-72.2864,55.2773],[-72.2521,55.2717],[-72.2293,55.2746],[-72.2088,55.2823],[-72.1888,55.3023],[-72.1632,55.3035],[-72.1182,55.297],[-72.1901,55.2646],[-72.2343,55.2534],[-72.2832,55.2649],[-72.3027,55.257],[-72.3372,55.2355],[-72.3953,55.2322],[-72.4124,55.2219],[-72.3915,55.2214],[-72.3304,55.2293],[-72.3453,55.2219],[-72.3918,55.2084],[-72.32,55.2152],[-72.2877,55.2105],[-72.2823,55.206],[-72.297,55.2016],[-72.2484,55.1678],[-72.2581,55.1572],[-72.3161,55.1469],[-72.4471,55.0889],[-72.4567,55.0812],[-72.5329,55.0668],[-72.5599,55.048],[-72.5775,55.0439],[-72.6628,55.0506],[-72.706,55.0459],[-72.7344,55.0232],[-72.694,55.025],[-72.6867,55.0165],[-72.7344,54.9956],[-72.7521,54.9929],[-72.8791,54.9956],[-72.8952,54.9926],[-72.9194,54.9682],[-72.9496,54.9561],[-72.9835,54.9526],[-73.0504,54.9544],[-73.1471,54.9302],[-73.1733,54.9346],[-73.1529,54.9488],[-73.0846,54.9611],[-73.0968,54.9664],[-73.1255,54.9611],[-73.1529,54.9756],[-73.1724,54.9788],[-73.2646,54.977],[-73.2794,54.9753],[-73.2962,54.9682],[-73.348,54.924],[-73.361,54.9208],[-73.4237,54.9279],[-73.5023,54.9134],[-73.5433,54.9093],[-73.5648,54.9105],[-73.6022,54.9237],[-73.6473,54.9338],[-73.6661,54.9346],[-73.4088,54.9358],[-73.3651,54.9482],[-73.3878,54.9485],[-73.3995,54.9573],[-73.4097,54.9703],[-73.4272,54.9817],[-73.3828,54.9826],[-73.3619,54.9788],[-73.3446,54.9682],[-73.3033,54.9859],[-73.2899,54.9956],[-73.3071,54.9985],[-73.3413,54.9909],[-73.3583,54.9956],[-73.3377,55.0085],[-73.3098,55.0171],[-73.2419,55.025],[-73.2441,55.0291],[-73.2688,55.0365],[-73.2843,55.0365],[-73.4369,55.0082],[-73.4908,55.0091],[-73.5297,55.0439],[-73.5227,55.0456],[-73.509,55.058],[-73.4818,55.0642],[-73.4733,55.0618],[-73.4575,55.0506],[-73.3962,55.0365],[-73.3804,55.0391],[-73.3446,55.058],[-73.313,55.0533],[-73.2889,55.0595],[-73.2688,55.058],[-73.2769,55.0621],[-73.2825,55.0712]]]}},{"type":"Feature","properties":{},"bbox":[-116.571134,47.95674,-116.189491,48.312921],"geometry":{"type":"Polygon","coordinates":[[[-116.203,48.1696],[-116.1895,48.1551],[-116.2067,48.1501],[-116.2553,48.1551],[-116.2628,48.1534],[-116.2754,48.1384],[-116.283,48.1348],[-116.3922,48.1348],[-116.4109,48.1301],[-116.4136,48.1186],[-116.4125,48.1045],[-116.4192,48.0907],[-116.4528,48.0639],[-116.4577,48.0527],[-116.4549,48.0442],[-116.4416,48.0327],[-116.4353,48.0147],[-116.4372,47.9941],[-116.4537,47.9709],[-116.492,47.9617],[-116.5669,47.9567],[-116.5669,47.9635],[-116.5613,47.9667],[-116.5542,47.9788],[-116.5504,47.9971],[-116.5343,47.9947],[-116.5254,47.9977],[-116.5154,48.0097],[-116.5162,48.0177],[-116.5327,48.0392],[-116.5315,48.0615],[-116.5237,48.0886],[-116.5111,48.1116],[-116.4789,48.1313],[-116.4518,48.1799],[-116.4372,48.1966],[-116.4136,48.1866],[-116.3888,48.1831],[-116.3801,48.1893],[-116.3711,48.2069],[-116.3613,48.2149],[-116.363,48.2243],[-116.3693,48.234],[-116.3892,48.2426],[-116.4041,48.2608],[-116.4154,48.2652],[-116.426,48.2614],[-116.4422,48.2461],[-116.4501,48.244],[-116.4602,48.2529],[-116.4693,48.28],[-116.4812,48.2855],[-116.5037,48.2785],[-116.538,48.2487],[-116.5601,48.244],[-116.5711,48.2529],[-116.5363,48.2873],[-116.5254,48.3023],[-116.5133,48.3073],[-116.4861,48.3112],[-116.4372,48.3129],[-116.4262,48.3076],[-116.4122,48.2914],[-116.4031,48.2855],[-116.39,48.2835],[-116.3512,48.2855],[-116.3336,48.2794],[-116.3136,48.2652],[-116.2863,48.2384],[-116.2797,48.2276],[-116.2863,48.2167],[-116.2629,48.1899],[-116.2522,48.1831],[-116.203,48.1696]]]}},{"type":"Feature","properties":{},"bbox":[-77.366689,42.687916,-77.250563,42.893971],"geometry":{"type":"Polygon","coordinates":[[[-77.2545,42.8807],[-77.2506,42.8734],[-77.2643,42.8263],[-77.2715,42.8133],[-77.3322,42.7415],[-77.347,42.7153],[-77.3552,42.6879],[-77.3646,42.6979],[-77.3667,42.7056],[-77.357,42.7453],[-77.3384,42.7768],[-77.308,42.8115],[-77.2934,42.8369],[-77.2718,42.894],[-77.2645,42.891],[-77.2545,42.8807]]]}},{"type":"Feature","properties":{},"bbox":[-76.547474,42.763568,-76.466524,42.921936],"geometry":{"type":"Polygon","coordinates":[[[-76.4751,42.798],[-76.4665,42.7809],[-76.4692,42.7636],[-76.5127,42.818],[-76.5244,42.8392],[-76.5436,42.8854],[-76.5475,42.909],[-76.5375,42.9219],[-76.4971,42.8263],[-76.4751,42.798]]]}},{"type":"Feature","properties":{},"bbox":[-76.432672,42.783879,-76.269889,42.958731],"geometry":{"type":"Polygon","coordinates":[[[-76.292,42.8272],[-76.2699,42.7839],[-76.2843,42.7927],[-76.3221,42.8292],[-76.3355,42.8392],[-76.3647,42.8533],[-76.4175,42.8969],[-76.4283,42.9143],[-76.4327,42.9343],[-76.4312,42.9526],[-76.4233,42.9587],[-76.4077,42.9422],[-76.3766,42.8937],[-76.292,42.8272]]]}},{"type":"Feature","properties":{},"bbox":[-164.16319,60.155189,-163.37606,60.450731],"geometry":{"type":"Polygon","coordinates":[[[-163.3824,60.426],[-163.3761,60.4216],[-163.3797,60.4178],[-163.419,60.4104],[-163.4922,60.4166],[-163.5631,60.4022],[-163.5877,60.4022],[-163.5877,60.396],[-163.5783,60.3922],[-163.5468,60.3886],[-163.5399,60.3842],[-163.5406,60.3751],[-163.5499,60.3612],[-163.5653,60.3568],[-163.6049,60.335],[-163.6151,60.3271],[-163.6227,60.3118],[-163.6163,60.3053],[-163.6015,60.3006],[-163.5661,60.2788],[-163.5259,60.2741],[-163.5053,60.2656],[-163.5154,60.2485],[-163.534,60.2335],[-163.5562,60.227],[-163.5776,60.2353],[-163.5924,60.235],[-163.656,60.2043],[-163.701,60.1967],[-163.7084,60.1935],[-163.7184,60.1796],[-163.7471,60.1699],[-163.767,60.159],[-163.7854,60.1552],[-163.8001,60.1702],[-163.7523,60.1876],[-163.7386,60.1967],[-163.7518,60.2046],[-163.8001,60.2005],[-163.7973,60.2208],[-163.8035,60.2285],[-163.813,60.2317],[-163.8547,60.2247],[-163.7723,60.2729],[-163.73,60.2832],[-163.7108,60.293],[-163.7237,60.3018],[-163.7324,60.3339],[-163.7471,60.3345],[-163.8138,60.3209],[-163.8138,60.3136],[-163.7795,60.3065],[-163.7845,60.2971],[-163.7919,60.293],[-163.8235,60.2953],[-163.841,60.3065],[-163.8618,60.3038],[-163.8962,60.2894],[-163.937,60.2829],[-163.9769,60.2688],[-163.9986,60.2656],[-164.1364,60.267],[-164.1564,60.2735],[-164.1632,60.2862],[-164.1489,60.2959],[-163.9677,60.3041],[-163.9155,60.3144],[-163.8819,60.3339],[-163.8956,60.3477],[-163.8703,60.3533],[-163.7864,60.3551],[-163.7864,60.3612],[-163.8191,60.3707],[-163.9168,60.368],[-163.9449,60.3786],[-163.9589,60.3874],[-163.9645,60.396],[-163.9557,60.4054],[-163.9358,60.4092],[-163.8956,60.4095],[-163.9099,60.4022],[-163.9099,60.396],[-163.8863,60.3969],[-163.8621,60.4027],[-163.8205,60.4234],[-163.866,60.4207],[-163.881,60.4236],[-163.869,60.4369],[-163.849,60.444],[-163.7966,60.4307],[-163.7858,60.4242],[-163.7707,60.3951],[-163.7523,60.3886],[-163.7046,60.3895],[-163.6823,60.3954],[-163.6697,60.4095],[-163.7099,60.426],[-163.7314,60.4292],[-163.7523,60.4234],[-163.7523,60.4307],[-163.7144,60.4507],[-163.6999,60.4475],[-163.6821,60.434],[-163.6355,60.4166],[-163.5809,60.4166],[-163.52,60.4304],[-163.4575,60.4369],[-163.3959,60.4307],[-163.3824,60.426]]]}},{"type":"Feature","properties":{},"bbox":[-111.420056,41.868701,-111.283618,42.158355],"geometry":{"type":"Polygon","coordinates":[[[-111.2892,42.1233],[-111.2836,42.0962],[-111.2851,42.038],[-111.306,41.9685],[-111.3135,41.9114],[-111.3325,41.8834],[-111.3462,41.8725],[-111.36,41.8687],[-111.3718,41.8731],[-111.3811,41.8828],[-111.4102,41.9582],[-111.4109,41.9929],[-111.4201,42.0215],[-111.4128,42.0695],[-111.3961,42.126],[-111.3884,42.1398],[-111.375,42.1495],[-111.3359,42.1584],[-111.3247,42.156],[-111.2973,42.1422],[-111.2892,42.1233]]]}},{"type":"Feature","properties":{},"bbox":[-111.919886,40.060717,-111.669824,40.380396],"geometry":{"type":"Polygon","coordinates":[[[-111.6707,40.2291],[-111.6716,40.2158],[-111.6804,40.2064],[-111.7096,40.1991],[-111.7315,40.2008],[-111.7467,40.1802],[-111.754,40.1761],[-111.8066,40.1788],[-111.8205,40.169],[-111.8336,40.1555],[-111.8467,40.1199],[-111.8411,40.1063],[-111.8588,40.0896],[-111.8632,40.0719],[-111.8746,40.0648],[-111.8944,40.0607],[-111.8921,40.086],[-111.8796,40.091],[-111.8741,40.0966],[-111.8784,40.1034],[-111.9013,40.1217],[-111.901,40.1449],[-111.9187,40.159],[-111.9199,40.1682],[-111.8684,40.23],[-111.8498,40.2647],[-111.8428,40.2835],[-111.8419,40.2947],[-111.8697,40.3442],[-111.8853,40.3624],[-111.8871,40.3666],[-111.8838,40.3707],[-111.8628,40.3795],[-111.8448,40.3804],[-111.7786,40.3642],[-111.769,40.3592],[-111.7567,40.3442],[-111.7517,40.3133],[-111.725,40.2891],[-111.7331,40.2682],[-111.726,40.2379],[-111.6872,40.2388],[-111.6742,40.2338],[-111.6707,40.2291]]]}},{"type":"Feature","properties":{},"bbox":[-126.438955,66.742175,-126.101173,67.032124],"geometry":{"type":"Polygon","coordinates":[[[-126.4356,66.9353],[-126.439,66.95],[-126.4316,66.9721],[-126.4136,66.9927],[-126.3707,67.0224],[-126.3386,67.0321],[-126.2999,67.0321],[-126.2606,67.0245],[-126.2263,67.0118],[-126.1673,67.0098],[-126.1096,66.9288],[-126.1012,66.9085],[-126.1137,66.8997],[-126.1637,66.915],[-126.1789,66.9126],[-126.1854,66.9041],[-126.1902,66.8785],[-126.2023,66.8529],[-126.1986,66.8367],[-126.1823,66.8134],[-126.1478,66.7931],[-126.1467,66.7843],[-126.1799,66.7875],[-126.2229,66.8052],[-126.2366,66.7996],[-126.2397,66.7902],[-126.2266,66.7737],[-126.2335,66.7651],[-126.2616,66.7584],[-126.2826,66.7442],[-126.2938,66.7422],[-126.305,66.7457],[-126.3333,66.7722],[-126.357,66.7822],[-126.3911,66.7899],[-126.3988,66.8072],[-126.411,66.8137],[-126.3979,66.8414],[-126.3995,66.8532],[-126.4356,66.9353]]]}},{"type":"Feature","properties":{},"bbox":[-94.629821,47.04686,-94.224628,47.306784],"geometry":{"type":"Polygon","coordinates":[[[-94.2532,47.1958],[-94.2246,47.197],[-94.2573,47.1675],[-94.2655,47.1561],[-94.2679,47.1387],[-94.2647,47.1231],[-94.2663,47.1125],[-94.2981,47.1031],[-94.3174,47.0742],[-94.3753,47.0536],[-94.4314,47.0672],[-94.4595,47.0816],[-94.4716,47.0981],[-94.4666,47.1278],[-94.4688,47.1428],[-94.4946,47.1316],[-94.5082,47.1305],[-94.5215,47.1346],[-94.5331,47.1425],[-94.5378,47.1561],[-94.5568,47.159],[-94.5742,47.1484],[-94.5746,47.1219],[-94.5596,47.0807],[-94.5656,47.066],[-94.5877,47.0469],[-94.5789,47.0884],[-94.5808,47.1016],[-94.5926,47.1128],[-94.6236,47.1246],[-94.6298,47.139],[-94.6254,47.2017],[-94.6129,47.23],[-94.5877,47.225],[-94.5846,47.2135],[-94.5885,47.1811],[-94.5808,47.1696],[-94.5671,47.1714],[-94.5542,47.1834],[-94.5365,47.2076],[-94.4826,47.2305],[-94.4538,47.2464],[-94.4369,47.2735],[-94.4164,47.2597],[-94.4221,47.2361],[-94.4403,47.2117],[-94.4573,47.197],[-94.4372,47.1985],[-94.314,47.2797],[-94.3028,47.3006],[-94.2941,47.3068],[-94.2798,47.3],[-94.2691,47.2626],[-94.2897,47.235],[-94.3174,47.2073],[-94.3282,47.1696],[-94.2794,47.189],[-94.2532,47.1958]]]}},{"type":"Feature","properties":{},"bbox":[-90.702856,48.780371,-90.277647,48.985837],"geometry":{"type":"Polygon","coordinates":[[[-90.2899,48.9476],[-90.2776,48.9314],[-90.2791,48.9064],[-90.2885,48.889],[-90.3219,48.8593],[-90.3498,48.8516],[-90.3527,48.8389],[-90.3352,48.8163],[-90.3465,48.8077],[-90.3465,48.801],[-90.3323,48.801],[-90.3401,48.7886],[-90.3527,48.7804],[-90.3842,48.7877],[-90.4629,48.7818],[-90.4831,48.7942],[-90.4488,48.7936],[-90.4356,48.7974],[-90.4285,48.8077],[-90.4756,48.8213],[-90.5423,48.8095],[-90.5875,48.7942],[-90.6072,48.801],[-90.5856,48.8104],[-90.5814,48.8175],[-90.5854,48.8284],[-90.5987,48.8219],[-90.634,48.8284],[-90.6692,48.8195],[-90.6817,48.8213],[-90.6939,48.8345],[-90.6568,48.8572],[-90.6544,48.8699],[-90.6265,48.8828],[-90.5992,48.8807],[-90.5994,48.9067],[-90.6175,48.932],[-90.6444,48.9276],[-90.6675,48.9031],[-90.6825,48.8949],[-90.6911,48.9161],[-90.7029,48.9314],[-90.6967,48.9549],[-90.7029,48.9655],[-90.6544,48.9626],[-90.6483,48.9755],[-90.5929,48.9858],[-90.5813,48.9655],[-90.5738,48.9352],[-90.5623,48.9111],[-90.5383,48.9108],[-90.5392,48.8952],[-90.553,48.8757],[-90.5582,48.8625],[-90.4694,48.8828],[-90.4432,48.881],[-90.4145,48.9008],[-90.4045,48.9037],[-90.3954,48.9025],[-90.3874,48.8966],[-90.4004,48.8755],[-90.3791,48.8725],[-90.348,48.881],[-90.3323,48.8934],[-90.3249,48.9164],[-90.3083,48.9384],[-90.2899,48.9476]]]}},{"type":"Feature","properties":{},"bbox":[-121.615652,60.391564,-121.047088,60.781596],"geometry":{"type":"Polygon","coordinates":[[[-121.0474,60.5514],[-121.0484,60.5473],[-121.073,60.5237],[-121.1835,60.4922],[-121.2308,60.4507],[-121.2939,60.4266],[-121.3101,60.4234],[-121.3344,60.4022],[-121.3532,60.3969],[-121.4196,60.3916],[-121.4446,60.3939],[-121.4468,60.406],[-121.3924,60.4437],[-121.3849,60.4519],[-121.3846,60.4914],[-121.3816,60.5058],[-121.3966,60.5064],[-121.4286,60.4969],[-121.4535,60.4799],[-121.4827,60.4696],[-121.5203,60.4434],[-121.5555,60.4298],[-121.5906,60.4245],[-121.6157,60.4307],[-121.5934,60.4451],[-121.5475,60.4669],[-121.477,60.5323],[-121.4396,60.5438],[-121.3679,60.5741],[-121.3381,60.5776],[-121.2346,60.5579],[-121.1866,60.5599],[-121.1745,60.5641],[-121.1863,60.5729],[-121.2252,60.5897],[-121.2571,60.592],[-121.2686,60.5976],[-121.2833,60.6173],[-121.2924,60.6256],[-121.303,60.6288],[-121.3105,60.6382],[-121.3055,60.685],[-121.3064,60.7039],[-121.3133,60.7121],[-121.3329,60.7227],[-121.3406,60.7313],[-121.3432,60.7622],[-121.3481,60.7728],[-121.3204,60.7816],[-121.2967,60.7766],[-121.2587,60.7522],[-121.2336,60.7436],[-121.1829,60.7422],[-121.1625,60.7386],[-121.1488,60.718],[-121.1146,60.7112],[-121.1067,60.7021],[-121.1017,60.6765],[-121.0927,60.6583],[-121.0699,60.6223],[-121.0606,60.6014],[-121.0693,60.5914],[-121.0649,60.577],[-121.0474,60.5514]]]}},{"type":"Feature","properties":{},"bbox":[-65.205771,44.134127,-64.949822,44.28337],"geometry":{"type":"Polygon","coordinates":[[[-64.9679,44.2557],[-64.9498,44.2581],[-64.9498,44.2507],[-64.964,44.243],[-64.9876,44.2221],[-65.005,44.2171],[-64.984,44.1954],[-65.0049,44.1644],[-65.0321,44.148],[-65.0503,44.1424],[-65.0664,44.1418],[-65.0733,44.1512],[-65.1416,44.1544],[-65.1466,44.15],[-65.1522,44.1341],[-65.1615,44.1362],[-65.1915,44.153],[-65.2017,44.1647],[-65.2058,44.1792],[-65.1955,44.2007],[-65.2028,44.2163],[-65.203,44.2233],[-65.1971,44.2292],[-65.1757,44.2372],[-65.171,44.2598],[-65.1659,44.2681],[-65.159,44.2716],[-65.1317,44.2719],[-65.0832,44.2834],[-65.0733,44.2781],[-65.0771,44.2666],[-65.0963,44.2645],[-65.1007,44.2613],[-65.1007,44.2307],[-65.1122,44.231],[-65.1132,44.221],[-65.1026,44.2057],[-65.0733,44.2098],[-65.0518,44.1945],[-65.0428,44.1992],[-65.0187,44.2307],[-65.004,44.2413],[-64.9679,44.2557]]]}},{"type":"Feature","properties":{},"bbox":[-66.190566,45.854391,-65.895761,46.104012],"geometry":{"type":"Polygon","coordinates":[[[-66.0338,45.8965],[-66.0465,45.8885],[-66.1149,45.875],[-66.1354,45.8544],[-66.1697,45.862],[-66.1844,45.8718],[-66.1906,45.8853],[-66.1832,45.8927],[-66.1109,45.9165],[-66.1017,45.9224],[-66.0872,45.9247],[-66.0875,45.9365],[-66.0669,45.9589],[-66.0443,45.9904],[-66.0331,46.0207],[-66.0465,46.0387],[-66.0397,46.0531],[-66.0197,46.0446],[-66.0095,46.0531],[-65.995,46.084],[-65.9872,46.0875],[-65.9742,46.0702],[-65.9599,46.0728],[-65.9442,46.0805],[-65.9542,46.0919],[-65.9708,46.0946],[-65.951,46.104],[-65.9178,46.1014],[-65.8958,46.0919],[-65.9094,46.0805],[-65.9546,46.0657],[-65.9764,46.0513],[-65.9776,46.0328],[-65.9632,46.0287],[-65.8958,46.0387],[-65.9108,46.0169],[-65.9988,45.978],[-65.9671,45.9686],[-65.9635,45.9607],[-65.9688,45.9539],[-65.995,45.9442],[-66.005,45.9365],[-66.001,45.9283],[-66.0291,45.9062],[-66.0338,45.8965]]]}},{"type":"Feature","properties":{},"bbox":[-105.887924,58.907085,-104.908427,59.306832],"geometry":{"type":"Polygon","coordinates":[[[-105.1408,59.1379],[-105.3188,59.1485],[-105.5192,59.1279],[-105.5453,59.1205],[-105.6055,59.0787],[-105.6567,59.0696],[-105.6813,59.0602],[-105.7241,59.0325],[-105.7481,58.9951],[-105.7569,58.973],[-105.7541,58.9633],[-105.7418,58.9518],[-105.7384,58.9415],[-105.7409,58.9324],[-105.7587,58.915],[-105.7855,58.9083],[-105.8135,58.9071],[-105.8473,58.9103],[-105.8759,58.9203],[-105.8879,58.9395],[-105.8814,58.9633],[-105.8654,58.9792],[-105.8265,59.0051],[-105.7946,59.0649],[-105.775,59.0734],[-105.7519,59.0781],[-105.683,59.1143],[-105.5735,59.1396],[-105.5385,59.1552],[-105.4839,59.1967],[-105.4275,59.2171],[-105.3799,59.2468],[-105.3436,59.2583],[-105.299,59.2877],[-105.2815,59.293],[-105.2065,59.3068],[-105.1475,59.2848],[-105.127,59.293],[-105.1208,59.2856],[-105.0892,59.283],[-105.0235,59.2686],[-104.9685,59.2633],[-104.9401,59.2568],[-104.9164,59.2459],[-104.9084,59.2303],[-104.9489,59.2038],[-104.9838,59.1926],[-105.0123,59.1732],[-105.0859,59.1485],[-105.1408,59.1379]]]}},{"type":"Feature","properties":{},"bbox":[-146.716817,62.283736,-146.448651,62.505687],"geometry":{"type":"Polygon","coordinates":[[[-146.4768,62.3441],[-146.4487,62.3214],[-146.4672,62.3014],[-146.4953,62.2887],[-146.5261,62.2837],[-146.5524,62.2867],[-146.5995,62.3146],[-146.6309,62.3494],[-146.6563,62.3553],[-146.6846,62.3709],[-146.7074,62.3938],[-146.7168,62.4206],[-146.7121,62.443],[-146.6894,62.4848],[-146.6821,62.5057],[-146.6342,62.4927],[-146.6615,62.483],[-146.6625,62.4763],[-146.6547,62.4648],[-146.6471,62.4601],[-146.6182,62.4518],[-146.607,62.4518],[-146.6085,62.4439],[-146.6138,62.4374],[-146.607,62.4106],[-146.6108,62.4035],[-146.6275,62.3903],[-146.6217,62.3741],[-146.6083,62.3738],[-146.5727,62.3829],[-146.5384,62.3765],[-146.5065,62.3629],[-146.4768,62.3441]]]}},{"type":"Feature","properties":{},"bbox":[-119.908634,68.235779,-119.448102,68.762985],"geometry":{"type":"Polygon","coordinates":[[[-119.8966,68.5516],[-119.9086,68.5643],[-119.883,68.5669],[-119.8199,68.5978],[-119.6964,68.6196],[-119.7182,68.6338],[-119.8059,68.6285],[-119.8398,68.6326],[-119.8261,68.6388],[-119.8337,68.6617],[-119.828,68.6717],[-119.7651,68.6876],[-119.7419,68.6985],[-119.7319,68.7109],[-119.751,68.7221],[-119.7457,68.7309],[-119.7378,68.7365],[-119.7169,68.7424],[-119.7132,68.758],[-119.6876,68.763],[-119.6559,68.7609],[-119.6343,68.7559],[-119.6489,68.745],[-119.683,68.7403],[-119.6964,68.7356],[-119.7068,68.7247],[-119.7049,68.7188],[-119.6754,68.715],[-119.5996,68.7215],[-119.5594,68.7206],[-119.5382,68.7076],[-119.5691,68.7035],[-119.6346,68.7068],[-119.6623,68.6941],[-119.6768,68.6644],[-119.6787,68.6467],[-119.6689,68.6388],[-119.6037,68.6258],[-119.5489,68.6388],[-119.5433,68.6423],[-119.5491,68.6505],[-119.566,68.6635],[-119.5832,68.6673],[-119.6172,68.6644],[-119.6343,68.6667],[-119.5988,68.6873],[-119.5544,68.6823],[-119.5107,68.6644],[-119.4772,68.6461],[-119.4555,68.6308],[-119.4481,68.6117],[-119.4588,68.5949],[-119.4909,68.5849],[-119.5245,68.5902],[-119.5891,68.614],[-119.6206,68.6052],[-119.5841,68.597],[-119.5797,68.5881],[-119.582,68.5802],[-119.6009,68.5643],[-119.6241,68.5213],[-119.6567,68.4807],[-119.6614,68.4527],[-119.6521,68.4265],[-119.6281,68.4059],[-119.6065,68.3974],[-119.5382,68.393],[-119.5182,68.3888],[-119.5002,68.3797],[-119.4921,68.3656],[-119.5006,68.3479],[-119.5157,68.3388],[-119.5648,68.3211],[-119.6331,68.312],[-119.6453,68.3014],[-119.6343,68.2832],[-119.6553,68.2761],[-119.6951,68.2543],[-119.7172,68.2496],[-119.7784,68.2496],[-119.8267,68.2358],[-119.8667,68.2393],[-119.8668,68.2481],[-119.8504,68.2661],[-119.8421,68.2817],[-119.8499,68.3114],[-119.8355,68.3538],[-119.833,68.4368],[-119.8367,68.4545],[-119.84,68.4583],[-119.8261,68.4825],[-119.8265,68.4992],[-119.8336,68.5157],[-119.8515,68.5337],[-119.8966,68.5516]]]}},{"type":"Feature","properties":{},"bbox":[-58.083778,48.646435,-56.905144,49.376164],"geometry":{"type":"Polygon","coordinates":[[[-57.7323,48.6847],[-57.9052,48.6464],[-57.9906,48.6594],[-58.0359,48.6706],[-58.0838,48.6706],[-58.0604,48.6794],[-57.9808,48.6706],[-57.9303,48.6706],[-57.9095,48.6762],[-57.6578,48.8604],[-57.6396,48.8696],[-57.5972,48.8828],[-57.5439,48.9184],[-57.4396,48.9449],[-57.4235,48.959],[-57.3958,48.9967],[-57.3775,49.0138],[-57.2777,49.0644],[-57.2657,49.0759],[-57.2584,49.0918],[-57.2528,49.1377],[-57.2535,49.1604],[-57.26,49.1798],[-57.2756,49.1919],[-57.2571,49.1987],[-57.203,49.1784],[-57.1841,49.1816],[-57.1698,49.1895],[-57.1446,49.2125],[-57.1172,49.2316],[-57.084,49.2481],[-57.0485,49.259],[-57.0142,49.2602],[-57.0232,49.2846],[-57.0123,49.3026],[-56.9957,49.3208],[-56.987,49.3458],[-56.994,49.3691],[-56.987,49.3762],[-56.9726,49.3762],[-56.953,49.3352],[-56.9193,49.3082],[-56.9324,49.3017],[-56.9063,49.2793],[-56.9051,49.267],[-56.9141,49.2569],[-56.9659,49.236],[-57.0108,49.2087],[-57.0628,49.1919],[-57.0591,49.2045],[-57.0514,49.2149],[-57.0408,49.2222],[-57.0279,49.2254],[-57.0376,49.2328],[-57.0564,49.234],[-57.0775,49.2299],[-57.1272,49.209],[-57.1446,49.1707],[-57.1289,49.1654],[-57.1112,49.1639],[-57.1112,49.1572],[-57.1568,49.1407],[-57.3683,48.9349],[-57.4053,48.9108],[-57.4463,48.904],[-57.5059,48.874],[-57.5494,48.8145],[-57.5663,48.803],[-57.6088,48.7842],[-57.6278,48.771],[-57.6927,48.7047],[-57.7323,48.6847]],[[-57.7407,48.7094],[-57.5648,48.8363],[-57.5289,48.8766],[-57.5248,48.8925],[-57.5497,48.8896],[-57.6034,48.8699],[-57.6776,48.8154],[-57.726,48.7992],[-57.8705,48.6815],[-57.8988,48.6706],[-57.8988,48.6644],[-57.8433,48.6697],[-57.7901,48.6847],[-57.7407,48.7094]]]}},{"type":"Feature","properties":{},"bbox":[-126.843559,67.252014,-126.089545,67.587295],"geometry":{"type":"Polygon","coordinates":[[[-126.1702,67.2935],[-126.3009,67.2817],[-126.3642,67.2591],[-126.3954,67.2529],[-126.5349,67.252],[-126.5488,67.2553],[-126.5499,67.2656],[-126.5215,67.29],[-126.5103,67.3483],[-126.4874,67.3756],[-126.4944,67.3915],[-126.5488,67.3986],[-126.5758,67.4275],[-126.5898,67.4339],[-126.5646,67.4466],[-126.5081,67.446],[-126.4936,67.4539],[-126.5212,67.4713],[-126.5516,67.4775],[-126.5588,67.476],[-126.5761,67.4645],[-126.6045,67.459],[-126.6309,67.4654],[-126.6786,67.4887],[-126.6447,67.4955],[-126.5742,67.486],[-126.5488,67.5022],[-126.5683,67.5031],[-126.586,67.5081],[-126.5953,67.519],[-126.5898,67.5358],[-126.6032,67.534],[-126.6313,67.5084],[-126.6625,67.5352],[-126.7246,67.5531],[-126.8436,67.5705],[-126.8224,67.5785],[-126.8016,67.5761],[-126.7611,67.5637],[-126.7394,67.564],[-126.6792,67.5773],[-126.5997,67.5687],[-126.5761,67.574],[-126.544,67.5873],[-126.5345,67.5861],[-126.542,67.5705],[-126.4797,67.5549],[-126.4506,67.5367],[-126.4245,67.5155],[-126.4136,67.4972],[-126.3898,67.4796],[-126.3792,67.4545],[-126.3662,67.4413],[-126.3487,67.4316],[-126.3297,67.4266],[-126.3062,67.4283],[-126.2612,67.4442],[-126.2404,67.4469],[-126.2095,67.4336],[-126.1929,67.4216],[-126.1857,67.4095],[-126.2117,67.3804],[-126.2709,67.3833],[-126.3358,67.3951],[-126.378,67.3924],[-126.3605,67.3736],[-126.3353,67.3589],[-126.275,67.338],[-126.2276,67.328],[-126.1789,67.3241],[-126.1124,67.3309],[-126.0895,67.3241],[-126.1702,67.2935]]]}},{"type":"Feature","properties":{},"bbox":[-126.275583,67.041544,-125.698482,67.330904],"geometry":{"type":"Polygon","coordinates":[[[-125.7223,67.3303],[-125.6985,67.3309],[-125.739,67.2853],[-125.7537,67.2756],[-125.7403,67.2508],[-125.7416,67.2238],[-125.7541,67.1987],[-125.7747,67.1802],[-125.8186,67.1625],[-125.8332,67.149],[-125.8426,67.1278],[-125.838,67.1178],[-125.8226,67.1113],[-125.8333,67.0934],[-125.8511,67.0822],[-125.8908,67.0669],[-125.9206,67.0624],[-125.9927,67.0686],[-126.0299,67.0548],[-126.0764,67.056],[-126.1243,67.043],[-126.1489,67.0415],[-126.1718,67.0457],[-126.1879,67.0554],[-126.1918,67.0704],[-126.2021,67.0742],[-126.2198,67.0907],[-126.2682,67.1045],[-126.2431,67.1143],[-126.2161,67.1184],[-126.1584,67.1187],[-126.1584,67.1248],[-126.1857,67.1322],[-126.1799,67.1525],[-126.1727,67.1634],[-126.1584,67.1734],[-126.2227,67.1955],[-126.247,67.2005],[-126.2693,67.1926],[-126.275,67.2005],[-126.2756,67.2126],[-126.269,67.2185],[-126.199,67.2249],[-125.9902,67.2664],[-125.8923,67.2729],[-125.8486,67.285],[-125.8056,67.2882],[-125.7668,67.3138],[-125.7453,67.3241],[-125.7223,67.3303]]]}},{"type":"Feature","properties":{},"bbox":[-118.883511,64.769347,-118.092555,65.308916],"geometry":{"type":"Polygon","coordinates":[[[-118.656,64.9789],[-118.6452,64.9922],[-118.6474,65.0146],[-118.6604,65.0272],[-118.7047,65.0393],[-118.7231,65.0493],[-118.6542,65.0602],[-118.6412,65.0761],[-118.685,65.0773],[-118.7035,65.0843],[-118.6989,65.1002],[-118.6898,65.1155],[-118.6932,65.1279],[-118.7163,65.145],[-118.8352,65.175],[-118.8597,65.1926],[-118.8317,65.1932],[-118.8051,65.2],[-118.823,65.2041],[-118.8656,65.2018],[-118.8815,65.2065],[-118.8835,65.2156],[-118.8653,65.2197],[-118.826,65.22],[-118.7883,65.2268],[-118.7808,65.2297],[-118.7777,65.2474],[-118.7201,65.2524],[-118.6691,65.2689],[-118.4352,65.3089],[-118.4349,65.3042],[-118.442,65.3024],[-118.4557,65.2821],[-118.4256,65.2754],[-118.3941,65.2821],[-118.405,65.2654],[-118.4037,65.248],[-118.3932,65.2383],[-118.3609,65.2545],[-118.3516,65.2518],[-118.3395,65.2336],[-118.3038,65.2212],[-118.2618,65.2156],[-118.2433,65.2068],[-118.2782,65.1859],[-118.2496,65.1859],[-118.223,65.1785],[-118.2524,65.1576],[-118.2696,65.1532],[-118.2949,65.1517],[-118.3023,65.155],[-118.3101,65.1691],[-118.3188,65.1723],[-118.3551,65.1694],[-118.3663,65.1653],[-118.3663,65.1591],[-118.3538,65.1558],[-118.3188,65.1276],[-118.3041,65.1264],[-118.2545,65.1347],[-118.2281,65.1479],[-118.2138,65.1473],[-118.2032,65.1411],[-118.2024,65.1314],[-118.2141,65.1196],[-118.2639,65.104],[-118.2508,65.104],[-118.2508,65.0964],[-118.303,65.0802],[-118.3226,65.0637],[-118.3191,65.0419],[-118.2926,65.0575],[-118.2796,65.0584],[-118.2706,65.0493],[-118.2865,65.0384],[-118.2779,65.0316],[-118.2403,65.0275],[-118.1993,65.0346],[-118.1888,65.0275],[-118.1876,65.0199],[-118.1931,65.0134],[-118.2088,65.0078],[-118.3447,65.0087],[-118.3629,65.0051],[-118.36,64.9939],[-118.3382,64.9828],[-118.3119,64.9789],[-118.2196,64.9836],[-118.1979,64.9792],[-118.1888,64.9633],[-118.1993,64.9448],[-118.2235,64.9451],[-118.2706,64.9598],[-118.2948,64.9598],[-118.3523,64.948],[-118.3737,64.9395],[-118.3703,64.9209],[-118.3856,64.9021],[-118.429,64.8706],[-118.3737,64.8706],[-118.3874,64.8577],[-118.3252,64.8577],[-118.3316,64.84],[-118.3459,64.8297],[-118.3459,64.8226],[-118.2652,64.8318],[-118.2294,64.8503],[-118.2035,64.8585],[-118.1762,64.8635],[-118.1539,64.8638],[-118.1654,64.8594],[-118.1745,64.85],[-118.1488,64.8426],[-118.1199,64.8432],[-118.1351,64.8323],[-118.1558,64.8309],[-118.1993,64.8359],[-118.2152,64.8323],[-118.2511,64.8179],[-118.2706,64.8159],[-118.2706,64.8091],[-118.1745,64.8159],[-118.1745,64.8091],[-118.2024,64.795],[-118.1782,64.7908],[-118.0926,64.795],[-118.0993,64.7811],[-118.0964,64.7711],[-118.114,64.7693],[-118.313,64.7835],[-118.3874,64.8023],[-118.429,64.8091],[-118.4361,64.8153],[-118.4455,64.8326],[-118.4557,64.8365],[-118.5075,64.8379],[-118.5351,64.85],[-118.6332,64.9142],[-118.6443,64.9183],[-118.6754,64.9521],[-118.6889,64.9598],[-118.656,64.9789]],[[-118.5996,64.9669],[-118.5719,64.9451],[-118.5369,64.9304],[-118.5023,64.9289],[-118.4761,64.9457],[-118.4702,64.9604],[-118.4699,64.9766],[-118.4658,64.9816],[-118.4386,64.9904],[-118.4314,65.0028],[-118.4333,65.0137],[-118.4557,65.0352],[-118.471,65.0402],[-118.4867,65.0393],[-118.4948,65.0325],[-118.487,65.0181],[-118.4724,65.0072],[-118.4717,65.001],[-118.4798,64.9904],[-118.5057,64.9757],[-118.568,64.9725],[-118.5996,64.9669]]]}},{"type":"Feature","properties":{},"bbox":[-90.373168,53.664755,-89.557632,53.898185],"geometry":{"type":"Polygon","coordinates":[[[-90.358,53.7492],[-90.3732,53.7695],[-90.3305,53.794],[-90.3186,53.8037],[-90.3086,53.8184],[-90.3206,53.8361],[-90.3255,53.8546],[-90.3036,53.8726],[-90.26,53.8788],[-90.2269,53.872],[-90.2367,53.8514],[-90.228,53.842],[-90.182,53.8446],[-90.1764,53.8331],[-90.1715,53.8311],[-90.144,53.8311],[-90.1371,53.8343],[-90.1334,53.8431],[-90.1358,53.8534],[-90.1422,53.8617],[-90.1567,53.867],[-90.1465,53.8764],[-90.133,53.8805],[-90.1063,53.8793],[-90.0725,53.8682],[-90.0581,53.8673],[-90.0647,53.8793],[-90.0647,53.8855],[-90.0391,53.8982],[-90.0092,53.8976],[-89.9198,53.8687],[-89.857,53.8375],[-89.832,53.8172],[-89.8524,53.8122],[-89.8526,53.8055],[-89.8389,53.7993],[-89.8183,53.7963],[-89.7588,53.8037],[-89.6711,53.7728],[-89.6545,53.7813],[-89.6165,53.7837],[-89.5993,53.7902],[-89.5794,53.781],[-89.5576,53.7763],[-89.5704,53.766],[-89.6078,53.7566],[-89.6515,53.7563],[-89.6711,53.7454],[-89.6844,53.7198],[-89.7117,53.6954],[-89.9483,53.6845],[-90.0417,53.6648],[-90.0619,53.6815],[-90.0921,53.7213],[-90.1334,53.7433],[-90.1864,53.7598],[-90.2419,53.769],[-90.2912,53.7695],[-90.3361,53.751],[-90.358,53.7492]]]}},{"type":"Feature","properties":{},"bbox":[-93.491515,51.02107,-93.047761,51.309253],"geometry":{"type":"Polygon","coordinates":[[[-93.2684,51.1003],[-93.2715,51.0935],[-93.2672,51.0885],[-93.252,51.0826],[-93.2404,51.0808],[-93.2172,51.09],[-93.1802,51.0858],[-93.1624,51.0794],[-93.1558,51.0691],[-93.211,51.0211],[-93.23,51.022],[-93.2557,51.0299],[-93.2991,51.0484],[-93.2886,51.0664],[-93.3196,51.0808],[-93.361,51.0938],[-93.3817,51.1067],[-93.3973,51.1256],[-93.47,51.1859],[-93.4915,51.1992],[-93.4915,51.2068],[-93.4808,51.2142],[-93.4769,51.2262],[-93.4786,51.2386],[-93.4847,51.2477],[-93.4714,51.2627],[-93.435,51.273],[-93.4165,51.2819],[-93.4047,51.3057],[-93.3919,51.3093],[-93.372,51.309],[-93.3543,51.3022],[-93.3948,51.2742],[-93.4022,51.2613],[-93.3649,51.2675],[-93.3512,51.2657],[-93.3339,51.2545],[-93.3128,51.256],[-93.2953,51.2627],[-93.2684,51.2857],[-93.2351,51.3042],[-93.1913,51.3087],[-93.1509,51.2992],[-93.1175,51.2636],[-93.1088,51.2468],[-93.101,51.2171],[-93.1121,51.2089],[-93.1832,51.1862],[-93.1832,51.1788],[-93.1524,51.1768],[-93.1261,51.1688],[-93.1027,51.1677],[-93.0807,51.1862],[-93.056,51.1641],[-93.0478,51.1506],[-93.0564,51.1447],[-93.0968,51.1456],[-93.1166,51.1429],[-93.1318,51.1344],[-93.1445,51.1315],[-93.2001,51.1309],[-93.2148,51.1273],[-93.2684,51.1003]]]}},{"type":"Feature","properties":{},"bbox":[-94.971283,53.692131,-93.989432,54.003568],"geometry":{"type":"Polygon","coordinates":[[[-94.0328,53.7551],[-94.1385,53.7622],[-94.1624,53.7566],[-94.207,53.7333],[-94.232,53.728],[-94.2866,53.7354],[-94.32,53.7148],[-94.37,53.733],[-94.4158,53.7454],[-94.4301,53.7354],[-94.4377,53.7227],[-94.4404,53.703],[-94.4511,53.6945],[-94.4635,53.6921],[-94.535,53.6983],[-94.6417,53.7342],[-94.7764,53.7492],[-94.8153,53.7392],[-94.8279,53.7416],[-94.8416,53.7492],[-94.8338,53.766],[-94.8441,53.7763],[-94.8752,53.7902],[-94.9003,53.8317],[-94.9173,53.8378],[-94.9488,53.8264],[-94.9639,53.8264],[-94.9713,53.8446],[-94.9652,53.8599],[-94.9499,53.8711],[-94.9173,53.8855],[-94.941,53.8994],[-94.9482,53.9088],[-94.9508,53.9235],[-94.9442,53.935],[-94.9289,53.9447],[-94.8968,53.9538],[-94.8708,53.9397],[-94.8552,53.935],[-94.8294,53.98],[-94.8341,53.9953],[-94.7895,54.0036],[-94.766,54.003],[-94.7459,53.9953],[-94.759,53.9818],[-94.6361,53.9818],[-94.5808,53.9891],[-94.5659,53.9859],[-94.5405,53.9709],[-94.5814,53.9503],[-94.6088,53.9456],[-94.6937,53.9214],[-94.7043,53.9129],[-94.7077,53.9017],[-94.7034,53.8908],[-94.6927,53.8826],[-94.6485,53.8729],[-94.5926,53.844],[-94.5604,53.8378],[-94.5134,53.8455],[-94.4383,53.8782],[-94.3921,53.8855],[-94.3686,53.882],[-94.3201,53.867],[-94.2935,53.8652],[-94.2723,53.8702],[-94.2285,53.8885],[-94.1744,53.8988],[-94.1631,53.8994],[-94.1116,53.8855],[-94.0352,53.8891],[-94.0124,53.8855],[-93.9894,53.8729],[-93.9919,53.8587],[-94.0047,53.842],[-94.0124,53.8208],[-94.0124,53.7831],[-94.0215,53.7757],[-94.033,53.7734],[-94.0393,53.7687],[-94.0328,53.7551]]]}},{"type":"Feature","properties":{},"bbox":[-70.993117,52.577079,-70.35052,53.07691],"geometry":{"type":"Polygon","coordinates":[[[-70.3954,52.9668],[-70.4142,52.9615],[-70.4119,52.9465],[-70.4472,52.94],[-70.4948,52.9118],[-70.5077,52.9062],[-70.5211,52.9056],[-70.5211,52.8994],[-70.5006,52.8926],[-70.5136,52.8782],[-70.507,52.8706],[-70.4903,52.8638],[-70.4802,52.8647],[-70.4824,52.8714],[-70.4802,52.885],[-70.4472,52.8561],[-70.4391,52.8441],[-70.4859,52.8435],[-70.4945,52.8373],[-70.4939,52.8226],[-70.4662,52.8152],[-70.459,52.8061],[-70.4747,52.7719],[-70.4608,52.7419],[-70.4665,52.7337],[-70.4781,52.7266],[-70.487,52.7137],[-70.483,52.6833],[-70.459,52.6695],[-70.401,52.666],[-70.3991,52.653],[-70.4142,52.6242],[-70.446,52.5771],[-70.4452,52.5883],[-70.4482,52.5936],[-70.459,52.6039],[-70.4709,52.6086],[-70.4727,52.6145],[-70.4684,52.6265],[-70.4727,52.6318],[-70.49,52.6421],[-70.5491,52.6592],[-70.5111,52.6863],[-70.5005,52.7031],[-70.5105,52.7243],[-70.5342,52.7384],[-70.5354,52.7484],[-70.5095,52.7616],[-70.5074,52.7752],[-70.5137,52.782],[-70.5367,52.7931],[-70.5416,52.7993],[-70.5442,52.8126],[-70.5507,52.8158],[-70.5658,52.8061],[-70.5863,52.7999],[-70.6219,52.8005],[-70.6037,52.7896],[-70.5792,52.7899],[-70.5763,52.779],[-70.5795,52.7664],[-70.5973,52.7631],[-70.6452,52.741],[-70.6612,52.7169],[-70.672,52.7137],[-70.6855,52.7216],[-70.6777,52.7369],[-70.6484,52.7652],[-70.643,52.7752],[-70.6469,52.7823],[-70.665,52.7896],[-70.6993,52.7684],[-70.7235,52.7755],[-70.7726,52.7823],[-70.7955,52.7896],[-70.779,52.8167],[-70.7691,52.8541],[-70.769,52.8918],[-70.7818,52.9191],[-70.7616,52.9365],[-70.774,52.9524],[-70.8006,52.955],[-70.8227,52.9336],[-70.8043,52.925],[-70.8243,52.8962],[-70.8091,52.8782],[-70.8269,52.8782],[-70.8746,52.8876],[-70.8842,52.875],[-70.8886,52.8579],[-70.8994,52.8411],[-70.9251,52.8093],[-70.9335,52.8214],[-70.9426,52.8202],[-70.9662,52.8093],[-70.9777,52.8105],[-70.9825,52.8149],[-70.9931,52.8691],[-70.9909,52.8965],[-70.9871,52.8985],[-70.9803,52.885],[-70.947,52.9091],[-70.9116,52.9265],[-70.9326,52.9465],[-70.9094,52.9539],[-70.901,52.9433],[-70.8972,52.9274],[-70.888,52.9191],[-70.8521,52.9206],[-70.84,52.9268],[-70.8501,52.9403],[-70.8305,52.9515],[-70.7956,52.963],[-70.7625,52.9692],[-70.7476,52.9639],[-70.7428,52.9471],[-70.7332,52.9442],[-70.7264,52.9515],[-70.7354,52.9777],[-70.7298,52.9886],[-70.7061,53.0013],[-70.7319,53.0148],[-70.7731,53.0172],[-70.8149,53.0116],[-70.8433,53.0013],[-70.8492,53.0127],[-70.8349,53.0172],[-70.8296,53.0222],[-70.8227,53.0392],[-70.8262,53.0436],[-70.8336,53.0431],[-70.8433,53.036],[-70.8486,53.0484],[-70.8296,53.064],[-70.7955,53.0769],[-70.8013,53.0604],[-70.7978,53.0542],[-70.7581,53.0351],[-70.707,53.0216],[-70.6743,53.0036],[-70.6993,52.9745],[-70.6857,52.96],[-70.6564,52.9595],[-70.6174,52.9874],[-70.5863,52.9818],[-70.5782,52.9854],[-70.5751,53.0021],[-70.5689,53.0086],[-70.5006,53.0086],[-70.4952,52.9942],[-70.5133,52.9871],[-70.5558,52.9818],[-70.5211,52.9677],[-70.5305,52.9527],[-70.5385,52.9494],[-70.5491,52.9539],[-70.5651,52.9415],[-70.5826,52.9336],[-70.5608,52.9256],[-70.5329,52.9265],[-70.4802,52.9403],[-70.4981,52.9486],[-70.4989,52.9565],[-70.4945,52.9677],[-70.4868,52.9751],[-70.4559,52.9745],[-70.3505,52.9818],[-70.3695,52.9709],[-70.3954,52.9668]],[[-70.8985,52.9129],[-70.922,52.9085],[-70.9496,52.8944],[-70.9703,52.8741],[-70.9737,52.8508],[-70.965,52.8438],[-70.951,52.8423],[-70.9384,52.8461],[-70.9116,52.8994],[-70.8985,52.9129]]]}},{"type":"Feature","properties":{},"bbox":[-105.283742,54.904911,-104.35414,55.331739],"geometry":{"type":"Polygon","coordinates":[[[-104.3667,55.181],[-104.3541,55.1704],[-104.3677,55.1616],[-104.3918,55.1557],[-104.4454,55.1507],[-104.456,55.1469],[-104.4865,55.1257],[-104.5313,55.1286],[-104.5776,55.1389],[-104.6201,55.1581],[-104.6541,55.1884],[-104.6977,55.1587],[-104.7024,55.1469],[-104.6959,55.1404],[-104.6743,55.1395],[-104.6682,55.133],[-104.67,55.123],[-104.6956,55.1195],[-104.7245,55.0889],[-104.7521,55.0703],[-104.7986,55.058],[-104.7789,55.0321],[-104.791,55.0124],[-104.8225,54.9923],[-104.8197,54.9829],[-104.8284,54.975],[-104.8416,54.9708],[-104.883,54.98],[-104.9624,54.9817],[-105.0019,54.9582],[-105.0297,54.9479],[-105.0859,54.9073],[-105.1313,54.9049],[-105.1929,54.9173],[-105.244,54.9452],[-105.2572,54.9891],[-105.2505,54.9988],[-105.2285,55.0147],[-105.2232,55.0232],[-105.2262,55.0365],[-105.2608,55.0544],[-105.2837,55.0839],[-105.2764,55.0942],[-105.2091,55.1195],[-105.1982,55.1386],[-105.1825,55.1572],[-105.1891,55.1604],[-105.235,55.1554],[-105.2437,55.1604],[-105.2412,55.1722],[-105.2293,55.1825],[-105.2034,55.1946],[-105.218,55.1993],[-105.2496,55.1981],[-105.2642,55.2016],[-105.2746,55.2108],[-105.274,55.2196],[-105.2642,55.2267],[-105.2268,55.234],[-105.2004,55.2461],[-105.1776,55.2626],[-105.1679,55.2802],[-105.1522,55.2899],[-105.1162,55.3044],[-105.0771,55.3144],[-105.0519,55.3114],[-105.046,55.2973],[-105.0555,55.2876],[-105.0828,55.2735],[-105.1065,55.2355],[-105.1065,55.2293],[-105.0622,55.2308],[-105.0405,55.237],[-105.0246,55.2487],[-105.0256,55.2611],[-105.0166,55.2699],[-105.0022,55.2749],[-104.9399,55.2793],[-104.9148,55.2852],[-104.8908,55.2841],[-104.8777,55.3008],[-104.8123,55.325],[-104.8175,55.3017],[-104.8103,55.2888],[-104.7938,55.2855],[-104.7707,55.2902],[-104.7548,55.2976],[-104.7093,55.3317],[-104.7037,55.3147],[-104.7074,55.2941],[-104.7228,55.2561],[-104.7016,55.2605],[-104.6541,55.3114],[-104.6381,55.3182],[-104.6017,55.317],[-104.5733,55.3079],[-104.5659,55.297],[-104.5795,55.2705],[-104.5584,55.2629],[-104.5782,55.2537],[-104.5993,55.2487],[-104.5948,55.2337],[-104.6002,55.2216],[-104.6123,55.2131],[-104.6273,55.2084],[-104.5952,55.2002],[-104.5602,55.2078],[-104.5287,55.2231],[-104.5,55.2423],[-104.4623,55.2452],[-104.4349,55.2629],[-104.4174,55.2661],[-104.4077,55.2637],[-104.3877,55.2425],[-104.4232,55.2172],[-104.428,55.2049],[-104.4192,55.1957],[-104.3987,55.1931],[-104.3597,55.1946],[-104.3667,55.181]]]}},{"type":"Feature","properties":{},"bbox":[-93.838717,46.12138,-93.484744,46.371883],"geometry":{"type":"Polygon","coordinates":[[[-93.5441,46.283],[-93.5461,46.2518],[-93.5385,46.2274],[-93.5226,46.2009],[-93.4847,46.1561],[-93.5257,46.1493],[-93.5464,46.1305],[-93.5598,46.1281],[-93.5931,46.1408],[-93.6076,46.142],[-93.6424,46.1214],[-93.6659,46.1229],[-93.7569,46.1611],[-93.7659,46.17],[-93.761,46.1906],[-93.772,46.197],[-93.7692,46.2094],[-93.7769,46.2185],[-93.8,46.2312],[-93.8124,46.2424],[-93.8372,46.2756],[-93.8387,46.2915],[-93.8188,46.3071],[-93.7249,46.348],[-93.6774,46.3528],[-93.6425,46.3681],[-93.6084,46.3719],[-93.5747,46.3675],[-93.5523,46.3542],[-93.5373,46.3336],[-93.5377,46.3101],[-93.5441,46.283]]]}},{"type":"Feature","properties":{},"bbox":[-95.300824,47.879617,-94.758163,48.086554],"geometry":{"type":"Polygon","coordinates":[[[-95.0094,48.048],[-94.991,48.0306],[-94.9688,48.0177],[-94.9474,48.0127],[-94.9067,48.0262],[-94.8947,48.0247],[-94.8621,48.0127],[-94.7824,48.0047],[-94.7627,47.9956],[-94.7582,47.9785],[-94.7624,47.9523],[-94.7795,47.9102],[-94.8216,47.889],[-95.165,47.8796],[-95.2447,47.8873],[-95.2711,47.8946],[-95.2918,47.9082],[-95.3008,47.9308],[-95.2948,47.95],[-95.2652,48.008],[-95.2558,48.02],[-95.204,48.0406],[-95.1513,48.0515],[-95.1432,48.0577],[-95.035,48.0866],[-95.0197,48.0674],[-95.0094,48.048]]]}},{"type":"Feature","properties":{},"bbox":[-95.048259,48.052703,-94.539892,48.211954],"geometry":{"type":"Polygon","coordinates":[[[-95.0259,48.0889],[-95.0259,48.0951],[-95.0483,48.1051],[-95.0483,48.1216],[-95.0328,48.1369],[-94.9861,48.1478],[-94.941,48.1666],[-94.8974,48.1752],[-94.8525,48.194],[-94.7242,48.212],[-94.6216,48.2114],[-94.5711,48.2017],[-94.5399,48.1772],[-94.5425,48.1469],[-94.5693,48.1157],[-94.6077,48.0913],[-94.7929,48.0527],[-94.8516,48.0715],[-94.9788,48.0542],[-95.0197,48.0674],[-95.035,48.0866],[-95.0259,48.0889]]]}},{"type":"Feature","properties":{},"bbox":[-71.468515,43.489764,-71.200055,43.737325],"geometry":{"type":"Polygon","coordinates":[[[-71.2863,43.6631],[-71.3025,43.6337],[-71.289,43.6063],[-71.2708,43.6199],[-71.2633,43.6152],[-71.2541,43.5934],[-71.2059,43.5913],[-71.2001,43.576],[-71.2283,43.5519],[-71.2448,43.5251],[-71.2483,43.5101],[-71.2405,43.4898],[-71.2594,43.5074],[-71.2869,43.5557],[-71.3249,43.5698],[-71.3424,43.589],[-71.4124,43.6063],[-71.4367,43.6172],[-71.461,43.6334],[-71.4685,43.6481],[-71.4428,43.6549],[-71.4186,43.6481],[-71.4161,43.6534],[-71.4179,43.6661],[-71.4341,43.6732],[-71.4431,43.6838],[-71.4534,43.7032],[-71.4534,43.7094],[-71.4224,43.7091],[-71.4099,43.7038],[-71.4049,43.6926],[-71.3542,43.6746],[-71.3355,43.6764],[-71.3341,43.6811],[-71.3801,43.7123],[-71.3946,43.7197],[-71.4124,43.7238],[-71.4014,43.7338],[-71.3892,43.7373],[-71.364,43.73],[-71.3044,43.6908],[-71.2863,43.6631]]]}},{"type":"Feature","properties":{},"bbox":[-79.670089,44.217138,-79.156129,44.751703],"geometry":{"type":"Polygon","coordinates":[[[-79.4701,44.3263],[-79.4982,44.2993],[-79.498,44.2925],[-79.4913,44.2642],[-79.4662,44.2516],[-79.4652,44.2377],[-79.474,44.2236],[-79.4879,44.2171],[-79.5036,44.218],[-79.5155,44.2227],[-79.5229,44.2339],[-79.5254,44.2542],[-79.5225,44.4038],[-79.5282,44.4114],[-79.5459,44.4152],[-79.5752,44.4091],[-79.6034,44.3952],[-79.6339,44.3864],[-79.6701,44.3946],[-79.6573,44.4079],[-79.6349,44.4105],[-79.5875,44.4091],[-79.5379,44.4279],[-79.5254,44.4356],[-79.4459,44.5144],[-79.423,44.525],[-79.3997,44.5436],[-79.4009,44.5536],[-79.4112,44.5645],[-79.4156,44.5866],[-79.4121,44.5954],[-79.3957,44.6057],[-79.3695,44.6101],[-79.3725,44.6169],[-79.4077,44.6396],[-79.4075,44.6599],[-79.3843,44.7031],[-79.3404,44.7517],[-79.3344,44.7441],[-79.3391,44.7376],[-79.3428,44.717],[-79.361,44.6964],[-79.3541,44.6622],[-79.3548,44.6198],[-79.35,44.603],[-79.3344,44.5933],[-79.3199,44.6007],[-79.3263,44.591],[-79.3263,44.5845],[-79.3132,44.5733],[-79.3082,44.5727],[-79.2926,44.5798],[-79.2798,44.5677],[-79.2433,44.5651],[-79.2255,44.5598],[-79.2122,44.5474],[-79.161,44.4809],[-79.1561,44.4668],[-79.1594,44.4438],[-79.1676,44.4214],[-79.1895,44.3811],[-79.1973,44.3584],[-79.2101,44.3537],[-79.2244,44.3534],[-79.2516,44.3673],[-79.2628,44.364],[-79.2659,44.3496],[-79.2756,44.3464],[-79.3269,44.3402],[-79.4221,44.3372],[-79.4701,44.3263]]]}},{"type":"Feature","properties":{},"bbox":[-94.793046,54.385947,-93.607641,54.874297],"geometry":{"type":"Polygon","coordinates":[[[-94.2248,54.8743],[-94.194,54.8705],[-94.1582,54.8587],[-94.145,54.8578],[-94.1184,54.859],[-94.0919,54.8711],[-94.0805,54.8519],[-94.0258,54.8404],[-93.7684,54.8198],[-93.7448,54.811],[-93.7254,54.7866],[-93.7073,54.7836],[-93.6946,54.7851],[-93.6561,54.7975],[-93.6076,54.7695],[-93.9366,54.7769],[-93.9366,54.7695],[-93.9036,54.7574],[-93.8873,54.748],[-93.8854,54.7386],[-93.9094,54.7251],[-93.9157,54.7106],[-93.9267,54.6974],[-93.9516,54.6785],[-93.9924,54.6618],[-94.0233,54.6382],[-94.0396,54.6329],[-94.0783,54.6397],[-94.1631,54.6397],[-94.2274,54.6182],[-94.2614,54.6126],[-94.2866,54.6261],[-94.3265,54.6105],[-94.3521,54.5941],[-94.4065,54.5982],[-94.4193,54.5958],[-94.4483,54.5811],[-94.4573,54.5708],[-94.4619,54.5549],[-94.4369,54.5237],[-94.4788,54.5243],[-94.4887,54.5199],[-94.4924,54.5099],[-94.4881,54.4922],[-94.4982,54.4822],[-94.5125,54.4793],[-94.5604,54.4884],[-94.5736,54.486],[-94.588,54.4807],[-94.6211,54.4589],[-94.6566,54.4475],[-94.6897,54.4292],[-94.724,54.4201],[-94.7671,54.391],[-94.793,54.3859],[-94.7719,54.4198],[-94.7508,54.4431],[-94.7689,54.4448],[-94.7832,54.451],[-94.7872,54.4713],[-94.7324,54.4822],[-94.7459,54.5019],[-94.7312,54.5096],[-94.7112,54.5296],[-94.6975,54.5367],[-94.683,54.5384],[-94.6261,54.5367],[-94.5611,54.5573],[-94.5509,54.5664],[-94.5381,54.5829],[-94.5322,54.5985],[-94.5527,54.6105],[-94.5762,54.6344],[-94.5808,54.6432],[-94.5721,54.6606],[-94.552,54.6641],[-94.5125,54.6597],[-94.4812,54.6662],[-94.4548,54.6797],[-94.4027,54.7148],[-94.4236,54.7277],[-94.4442,54.7624],[-94.4682,54.7695],[-94.4823,54.7789],[-94.4893,54.7984],[-94.4815,54.8137],[-94.4511,54.811],[-94.4302,54.7922],[-94.4164,54.7901],[-94.4063,54.7931],[-94.35,54.8275],[-94.3104,54.8357],[-94.2798,54.8663],[-94.2555,54.8731],[-94.2248,54.8743]],[[-94.2548,54.6653],[-94.2594,54.6526],[-94.2466,54.6526],[-94.19,54.6671],[-94.0498,54.68],[-94.0448,54.6856],[-94.0492,54.7148],[-94.047,54.7395],[-94.1086,54.7256],[-94.1557,54.7012],[-94.2548,54.6653]]]}},{"type":"Feature","properties":{},"bbox":[-98.494233,62.415611,-97.279834,62.979319],"geometry":{"type":"Polygon","coordinates":[[[-97.9626,62.5437],[-97.953,62.5472],[-97.9545,62.5654],[-97.9862,62.5681],[-98.0486,62.561],[-98.039,62.5793],[-98.0514,62.6022],[-98.0486,62.6155],[-98.0621,62.6202],[-98.0677,62.6287],[-98.0655,62.6393],[-98.0555,62.6508],[-98.0734,62.6558],[-98.1183,62.6532],[-98.1375,62.6573],[-98.1771,62.6873],[-98.2028,62.6964],[-98.2268,62.6844],[-98.2322,62.6655],[-98.2218,62.6567],[-98.2189,62.6496],[-98.2801,62.6243],[-98.3497,62.6155],[-98.3238,62.6314],[-98.2951,62.6434],[-98.2854,62.6658],[-98.3036,62.6858],[-98.3348,62.6982],[-98.364,62.6982],[-98.364,62.7056],[-98.3491,62.7188],[-98.3702,62.7282],[-98.4254,62.7391],[-98.4133,62.7524],[-98.4186,62.7671],[-98.4111,62.78],[-98.439,62.7889],[-98.4716,62.8162],[-98.4942,62.8292],[-98.4942,62.8354],[-98.4283,62.8345],[-98.4018,62.8265],[-98.4111,62.808],[-98.3902,62.8045],[-98.3738,62.8053],[-98.3094,62.8218],[-98.2886,62.8204],[-98.2559,62.8027],[-98.2395,62.8027],[-98.1897,62.8115],[-98.1871,62.8189],[-98.196,62.8262],[-98.2131,62.8292],[-98.2049,62.856],[-98.1956,62.8616],[-98.1111,62.8616],[-98.0902,62.8557],[-98.1033,62.8354],[-98.0762,62.826],[-98.0615,62.8371],[-98.0452,62.8731],[-98.0202,62.8801],[-97.9628,62.8522],[-97.9245,62.8642],[-97.8631,62.8648],[-97.7889,62.8834],[-97.7763,62.8825],[-97.7414,62.8548],[-97.7123,62.8416],[-97.7245,62.8804],[-97.7236,62.8937],[-97.6812,62.9578],[-97.6631,62.9734],[-97.634,62.9793],[-97.6189,62.9693],[-97.6095,62.9464],[-97.603,62.9004],[-97.6088,62.891],[-97.6223,62.886],[-97.6662,62.8813],[-97.6696,62.8751],[-97.6619,62.8348],[-97.6471,62.8227],[-97.6216,62.8115],[-97.6166,62.8012],[-97.622,62.7921],[-97.6513,62.7671],[-97.6475,62.7453],[-97.6166,62.692],[-97.6259,62.6608],[-97.6235,62.6508],[-97.6126,62.647],[-97.562,62.6508],[-97.5218,62.6323],[-97.5068,62.6293],[-97.5259,62.6149],[-97.5025,62.5763],[-97.5137,62.5543],[-97.459,62.5375],[-97.4479,62.5295],[-97.4317,62.5057],[-97.4135,62.4892],[-97.3913,62.4768],[-97.3668,62.4739],[-97.3422,62.486],[-97.3702,62.5057],[-97.3456,62.5128],[-97.3263,62.5048],[-97.3077,62.4924],[-97.2842,62.486],[-97.2798,62.4783],[-97.296,62.4615],[-97.3202,62.445],[-97.3518,62.435],[-97.3839,62.4177],[-97.4609,62.4159],[-97.4726,62.4177],[-97.498,62.435],[-97.5314,62.4442],[-97.5642,62.4754],[-97.5824,62.486],[-97.6924,62.4995],[-97.7293,62.5175],[-97.7439,62.5201],[-97.7546,62.5175],[-97.7811,62.4995],[-97.8097,62.4919],[-97.8622,62.4951],[-97.8909,62.4927],[-97.8767,62.4721],[-97.8848,62.4598],[-97.8989,62.4471],[-97.9123,62.4427],[-97.9183,62.4554],[-97.9267,62.4609],[-97.9804,62.4783],[-98.0829,62.5337],[-98.0681,62.5407],[-98.0141,62.5337],[-97.9626,62.5437]]]}},{"type":"Feature","properties":{},"bbox":[-56.774741,48.170448,-56.454179,48.389161],"geometry":{"type":"Polygon","coordinates":[[[-56.4601,48.3191],[-56.4542,48.3094],[-56.473,48.3],[-56.4952,48.2958],[-56.5131,48.2852],[-56.5535,48.2505],[-56.583,48.2399],[-56.6239,48.2181],[-56.6788,48.2002],[-56.7117,48.1787],[-56.7329,48.1731],[-56.7747,48.171],[-56.7608,48.1808],[-56.7262,48.1916],[-56.6956,48.2099],[-56.6888,48.2152],[-56.682,48.2331],[-56.6513,48.2399],[-56.6354,48.2496],[-56.6301,48.2585],[-56.6314,48.2905],[-56.6049,48.2929],[-56.5841,48.3],[-56.5693,48.3144],[-56.5893,48.3197],[-56.6102,48.3144],[-56.6102,48.3218],[-56.5969,48.3288],[-56.583,48.3418],[-56.5897,48.3418],[-56.5488,48.3521],[-56.5379,48.3591],[-56.5236,48.383],[-56.5148,48.3892],[-56.5004,48.3833],[-56.5136,48.3739],[-56.5248,48.3597],[-56.5266,48.3471],[-56.5108,48.3418],[-56.4726,48.3477],[-56.4593,48.3418],[-56.469,48.3297],[-56.4601,48.3191]]]}},{"type":"Feature","properties":{},"bbox":[-95.93194,55.406802,-95.575171,55.623454],"geometry":{"type":"Polygon","coordinates":[[[-95.5884,55.6235],[-95.5752,55.6202],[-95.5821,55.6055],[-95.6445,55.5637],[-95.6672,55.5578],[-95.6831,55.5466],[-95.6875,55.5219],[-95.6844,55.4827],[-95.6919,55.4604],[-95.7075,55.4477],[-95.7297,55.4424],[-95.7795,55.4386],[-95.9035,55.4068],[-95.9277,55.4218],[-95.9319,55.4309],[-95.9006,55.4433],[-95.9025,55.463],[-95.911,55.4857],[-95.9105,55.5031],[-95.7516,55.5404],[-95.7459,55.5646],[-95.7624,55.5669],[-95.842,55.5578],[-95.842,55.5646],[-95.7078,55.5964],[-95.6831,55.6067],[-95.6261,55.6193],[-95.5884,55.6235]]]}},{"type":"Feature","properties":{},"bbox":[-165.965582,65.060768,-165.363018,65.220607],"geometry":{"type":"Polygon","coordinates":[[[-165.3917,65.2206],[-165.363,65.2065],[-165.3835,65.2],[-165.3908,65.1647],[-165.4237,65.1494],[-165.4646,65.1414],[-165.5089,65.1208],[-165.5807,65.0999],[-165.6521,65.0637],[-165.6784,65.0608],[-165.7045,65.0637],[-165.7226,65.0725],[-165.7283,65.0887],[-165.7943,65.0902],[-165.8365,65.0979],[-165.8714,65.1164],[-165.9384,65.1653],[-165.9308,65.1723],[-165.9656,65.1723],[-165.9294,65.1776],[-165.8567,65.1461],[-165.8216,65.1517],[-165.8534,65.1667],[-165.8626,65.1762],[-165.8558,65.1926],[-165.8386,65.2003],[-165.7884,65.1944],[-165.7419,65.1932],[-165.6606,65.1732],[-165.634,65.1709],[-165.6069,65.172],[-165.582,65.1785],[-165.5882,65.1859],[-165.582,65.1926],[-165.568,65.187],[-165.4927,65.1735],[-165.4759,65.1738],[-165.4585,65.1785],[-165.4151,65.2124],[-165.3917,65.2206]]]}},{"type":"Feature","properties":{},"bbox":[-163.944625,61.049762,-163.512645,61.245514],"geometry":{"type":"Polygon","coordinates":[[[-163.7795,61.1631],[-163.7795,61.1557],[-163.759,61.1496],[-163.7952,61.1381],[-163.8348,61.1366],[-163.8102,61.1257],[-163.7599,61.1334],[-163.7324,61.1289],[-163.7324,61.1222],[-163.7512,61.121],[-163.8205,61.0942],[-163.8069,61.0942],[-163.8135,61.0801],[-163.7864,61.0539],[-163.8376,61.0498],[-163.8554,61.0536],[-163.8388,61.0845],[-163.8503,61.0963],[-163.9236,61.1289],[-163.9417,61.1325],[-163.944,61.1395],[-163.9395,61.1557],[-163.9446,61.1802],[-163.9253,61.1966],[-163.8974,61.2072],[-163.8665,61.2131],[-163.8188,61.2323],[-163.759,61.239],[-163.7508,61.2305],[-163.7567,61.2231],[-163.7733,61.2184],[-163.7698,61.2087],[-163.7615,61.2025],[-163.7487,61.2019],[-163.7202,61.2114],[-163.6626,61.2202],[-163.5665,61.2455],[-163.5384,61.2449],[-163.5126,61.232],[-163.5399,61.2246],[-163.5671,61.2108],[-163.6635,61.1972],[-163.7108,61.1699],[-163.7266,61.1649],[-163.7795,61.1631]]]}},{"type":"Feature","properties":{},"bbox":[-162.788068,60.753043,-162.491055,60.851655],"geometry":{"type":"Polygon","coordinates":[[[-162.5099,60.8125],[-162.4911,60.7928],[-162.4975,60.7639],[-162.5393,60.753],[-162.5913,60.7533],[-162.7486,60.7937],[-162.7791,60.8131],[-162.7881,60.8269],[-162.7851,60.8366],[-162.7722,60.8431],[-162.7517,60.8478],[-162.6939,60.8517],[-162.6356,60.8478],[-162.5527,60.8293],[-162.5099,60.8125]]]}},{"type":"Feature","properties":{},"bbox":[-159.078491,59.158472,-158.859337,59.347749],"geometry":{"type":"Polygon","coordinates":[[[-158.8729,59.235],[-158.8593,59.2003],[-158.863,59.1758],[-158.8742,59.1626],[-158.8935,59.1585],[-158.9209,59.1614],[-158.9394,59.1679],[-158.9532,59.1788],[-158.961,59.1911],[-158.9618,59.2038],[-158.9449,59.2377],[-158.9426,59.2568],[-158.9928,59.2797],[-159.0208,59.303],[-159.0389,59.3127],[-159.0583,59.3171],[-159.0733,59.3257],[-159.0785,59.3477],[-159.0374,59.3401],[-158.9066,59.2809],[-158.8904,59.2683],[-158.8729,59.235]]]}},{"type":"Feature","properties":{},"bbox":[-159.175337,59.88879,-158.202022,60.032145],"geometry":{"type":"Polygon","coordinates":[[[-158.2051,59.9497],[-158.202,59.9412],[-158.2151,59.9374],[-158.2426,59.9435],[-158.27,59.93],[-158.3569,59.9432],[-158.3864,59.9435],[-158.3826,59.9591],[-158.3953,59.9624],[-158.4279,59.9565],[-158.4531,59.9571],[-158.5198,59.9709],[-158.5756,59.9671],[-158.648,59.9521],[-158.684,59.9488],[-158.7079,59.9394],[-158.7347,59.9347],[-158.7802,59.92],[-158.8159,59.9038],[-159.1269,59.8888],[-159.0917,59.9091],[-159.0889,59.9197],[-159.1065,59.9374],[-159.1221,59.9468],[-159.1753,59.9709],[-159.1474,59.9709],[-159.071,59.9385],[-159.032,59.9274],[-158.9864,59.9229],[-158.9622,59.925],[-158.8814,59.9462],[-158.852,59.9509],[-158.8184,59.9709],[-158.7933,59.9774],[-158.6854,59.9889],[-158.6375,60.0074],[-158.596,60.016],[-158.5595,60.0319],[-158.5372,60.0321],[-158.4553,60.0051],[-158.5161,59.9845],[-158.4983,59.9795],[-158.4416,59.9777],[-158.4327,59.9898],[-158.4,59.9942],[-158.3318,59.9912],[-158.2834,59.9777],[-158.2219,59.9709],[-158.2288,59.9641],[-158.2051,59.9497]]]}},{"type":"Feature","properties":{},"bbox":[-159.181519,60.170202,-158.756899,60.295895],"geometry":{"type":"Polygon","coordinates":[[[-159.1639,60.1834],[-159.1815,60.1702],[-159.1761,60.1938],[-159.1615,60.1993],[-159.1505,60.2208],[-159.1366,60.235],[-159.1212,60.2441],[-159.1041,60.2459],[-159.0853,60.2382],[-159.0083,60.2426],[-158.9345,60.2588],[-158.8785,60.2853],[-158.8482,60.2959],[-158.8252,60.293],[-158.8911,60.257],[-158.9145,60.2514],[-158.8849,60.2341],[-158.8427,60.2311],[-158.7569,60.2382],[-158.7791,60.2232],[-158.7852,60.2094],[-158.7771,60.1946],[-158.7569,60.1764],[-158.7831,60.1746],[-158.8593,60.2043],[-158.9575,60.2141],[-159.0404,60.2032],[-159.058,60.2043],[-159.0976,60.2167],[-159.1126,60.2173],[-159.1346,60.2102],[-159.1639,60.1834]]]}},{"type":"Feature","properties":{},"bbox":[-159.17151,59.408388,-158.475781,59.682735],"geometry":{"type":"Polygon","coordinates":[[[-158.5196,59.5809],[-158.4758,59.5668],[-158.4939,59.5609],[-158.6218,59.5668],[-158.6464,59.5626],[-158.6602,59.5523],[-158.6774,59.5606],[-158.6948,59.5523],[-158.7119,59.5626],[-158.7354,59.5697],[-158.7594,59.5715],[-158.7775,59.5668],[-158.7638,59.5523],[-158.7859,59.552],[-158.852,59.56],[-158.8252,59.5668],[-158.8356,59.5768],[-158.8536,59.5762],[-158.8935,59.5668],[-158.9665,59.5641],[-158.9897,59.56],[-158.9697,59.5223],[-158.9343,59.4993],[-158.8902,59.4879],[-158.6818,59.4817],[-158.6542,59.4761],[-158.6281,59.4626],[-158.5987,59.4534],[-158.5803,59.4328],[-158.5651,59.4263],[-158.5681,59.419],[-158.5787,59.4119],[-158.5918,59.4084],[-158.6027,59.4107],[-158.6328,59.4296],[-158.6571,59.4393],[-158.6802,59.4434],[-158.7297,59.4437],[-158.7852,59.4352],[-158.8147,59.4343],[-158.8389,59.4437],[-158.7821,59.4464],[-158.7289,59.457],[-158.7482,59.4705],[-158.7713,59.4711],[-158.8181,59.4631],[-158.9447,59.4829],[-158.9777,59.4973],[-159.0073,59.5182],[-159.034,59.5429],[-159.0775,59.5638],[-159.0853,59.5729],[-159.0842,59.5903],[-159.077,59.6012],[-159.0757,59.6115],[-159.092,59.6283],[-159.1085,59.6362],[-159.1441,59.6456],[-159.1611,59.6554],[-159.1715,59.6713],[-159.168,59.6819],[-159.1558,59.6827],[-159.1406,59.6698],[-159.0798,59.6409],[-159.0189,59.6],[-158.9535,59.5732],[-158.8799,59.5874],[-158.8935,59.5947],[-158.8935,59.6009],[-158.7229,59.6109],[-158.6536,59.5953],[-158.6059,59.6009],[-158.5769,59.5894],[-158.5196,59.5809]]]}},{"type":"Feature","properties":{},"bbox":[-109.636945,63.924522,-107.957304,64.424941],"geometry":{"type":"Polygon","coordinates":[[[-107.9776,64.0437],[-107.9945,64.044],[-108.0218,64.059],[-108.0362,64.0626],[-108.1285,64.0561],[-108.155,64.0452],[-108.1801,64.0243],[-108.1929,64.0193],[-108.2855,64.0214],[-108.375,64.0011],[-108.3872,63.9931],[-108.4131,63.9625],[-108.4156,63.9531],[-108.4102,63.9295],[-108.4131,63.9245],[-108.4558,63.9272],[-108.5493,63.9684],[-108.5743,63.9731],[-108.6411,63.9766],[-108.6725,63.9831],[-108.736,64.0043],[-108.7512,64.0114],[-108.7593,64.0208],[-108.7338,64.0364],[-108.74,64.054],[-108.7618,64.0646],[-108.8064,64.0549],[-108.9412,64.0702],[-108.9926,64.0823],[-109.0366,64.0773],[-109.1685,64.077],[-109.198,64.0626],[-109.3012,64.0367],[-109.5185,64.0122],[-109.5909,64.0175],[-109.6369,64.042],[-109.6043,64.0537],[-109.5691,64.0546],[-109.4993,64.0482],[-109.4249,64.0505],[-109.2157,64.0847],[-109.1863,64.0944],[-109.1704,64.0964],[-109.0883,64.0897],[-108.9952,64.1132],[-108.9509,64.1191],[-108.91,64.13],[-108.8417,64.117],[-108.8232,64.1173],[-108.7798,64.13],[-108.7383,64.1362],[-108.7179,64.1447],[-108.5942,64.158],[-108.5669,64.1644],[-108.5603,64.1747],[-108.5674,64.2162],[-108.5774,64.2342],[-108.6014,64.2371],[-108.6308,64.2354],[-108.6569,64.2398],[-108.6142,64.2572],[-108.6015,64.2678],[-108.613,64.2772],[-108.6156,64.2842],[-108.6033,64.3022],[-108.6049,64.3069],[-108.6336,64.3299],[-108.6167,64.3455],[-108.588,64.3566],[-108.5559,64.389],[-108.5401,64.3976],[-108.5167,64.4037],[-108.4798,64.4082],[-108.4615,64.4217],[-108.4508,64.4249],[-108.4318,64.4196],[-108.4265,64.4067],[-108.4303,64.374],[-108.4234,64.3605],[-108.4253,64.3528],[-108.4346,64.3472],[-108.4524,64.3281],[-108.429,64.2945],[-108.4303,64.2642],[-108.4221,64.2457],[-108.4028,64.2413],[-108.38,64.2471],[-108.3613,64.2604],[-108.3765,64.2792],[-108.365,64.2898],[-108.3204,64.3013],[-108.2761,64.3275],[-108.2526,64.3325],[-108.2243,64.3225],[-108.2624,64.2901],[-108.2664,64.2742],[-108.2851,64.2498],[-108.287,64.2368],[-108.2726,64.2268],[-108.2942,64.2036],[-108.3269,64.2033],[-108.3607,64.2086],[-108.3859,64.2024],[-108.4044,64.1894],[-108.4074,64.183],[-108.4024,64.1718],[-108.3918,64.1621],[-108.3101,64.1326],[-108.2711,64.1265],[-108.1871,64.1238],[-108.1769,64.1279],[-108.1866,64.1371],[-108.2044,64.1465],[-108.218,64.1512],[-108.2643,64.1497],[-108.2864,64.1527],[-108.2999,64.1647],[-108.2589,64.1853],[-108.2409,64.1871],[-108.1351,64.1715],[-108.116,64.1612],[-108.1012,64.1444],[-108.0901,64.1182],[-108.065,64.1011],[-108.0487,64.0973],[-107.994,64.0944],[-107.9619,64.0847],[-107.9573,64.0455],[-107.9776,64.0437]]]}},{"type":"Feature","properties":{},"bbox":[-107.961866,63.732891,-107.045511,64.144706],"geometry":{"type":"Polygon","coordinates":[[[-107.9436,64.0823],[-107.9104,64.0861],[-107.8425,64.1103],[-107.8269,64.1097],[-107.8125,64.105],[-107.7738,64.0643],[-107.7636,64.0576],[-107.7518,64.0549],[-107.6884,64.0582],[-107.6768,64.0626],[-107.6769,64.0744],[-107.6956,64.0876],[-107.6972,64.0964],[-107.6831,64.105],[-107.6598,64.1041],[-107.6185,64.0964],[-107.5896,64.1008],[-107.4943,64.1426],[-107.4472,64.1444],[-107.4167,64.13],[-107.2759,64.1268],[-107.2407,64.1129],[-107.2174,64.0823],[-107.252,64.0794],[-107.2935,64.0664],[-107.3294,64.0482],[-107.3478,64.0275],[-107.2973,64.0314],[-107.2146,64.0476],[-107.1956,64.0399],[-107.1856,64.032],[-107.1814,64.0243],[-107.1902,64.0208],[-107.2585,64.0119],[-107.3007,63.9934],[-107.3556,63.9975],[-107.382,63.9934],[-107.3617,63.9802],[-107.2516,63.9384],[-107.228,63.911],[-107.1543,63.9122],[-107.0702,63.9295],[-107.0455,63.9275],[-107.0524,63.911],[-107.1962,63.8601],[-107.2731,63.8259],[-107.2795,63.8153],[-107.2767,63.8056],[-107.2564,63.7977],[-107.2446,63.7738],[-107.2126,63.7506],[-107.2031,63.7329],[-107.2311,63.7455],[-107.2889,63.7629],[-107.35,63.7744],[-107.3815,63.7982],[-107.4024,63.8091],[-107.4151,63.8112],[-107.4638,63.8091],[-107.4735,63.8018],[-107.4871,63.7812],[-107.4981,63.7744],[-107.5133,63.7723],[-107.5261,63.7756],[-107.5352,63.7829],[-107.539,63.795],[-107.5124,63.8286],[-107.5228,63.8324],[-107.539,63.8495],[-107.5626,63.8604],[-107.6145,63.8651],[-107.6398,63.8715],[-107.6647,63.8818],[-107.6835,63.8974],[-107.6871,63.9148],[-107.6732,63.9286],[-107.6507,63.9389],[-107.6284,63.9457],[-107.569,63.9537],[-107.5446,63.9604],[-107.539,63.9731],[-107.5592,63.991],[-107.588,63.991],[-107.6488,63.9793],[-107.681,63.9855],[-107.7396,64.0034],[-107.7717,64.0011],[-107.795,63.9884],[-107.7807,63.9631],[-107.7935,63.9457],[-107.8219,63.9419],[-107.8387,63.9448],[-107.8481,63.9525],[-107.8462,63.9607],[-107.8269,63.9934],[-107.8453,64.0011],[-107.8618,64.014],[-107.8515,64.0214],[-107.8519,64.029],[-107.868,64.042],[-107.8855,64.0479],[-107.9048,64.0496],[-107.9573,64.0455],[-107.9619,64.0847],[-107.9436,64.0823]]]}},{"type":"Feature","properties":{},"bbox":[-108.177047,55.199275,-107.664853,55.929004],"geometry":{"type":"Polygon","coordinates":[[[-107.9039,55.4568],[-107.9033,55.4721],[-107.909,55.4801],[-108.177,55.6267],[-108.177,55.6329],[-108.1584,55.6414],[-108.1491,55.6602],[-108.1311,55.6435],[-108.0876,55.6226],[-108.0537,55.5952],[-107.9786,55.5599],[-107.9368,55.5502],[-107.9096,55.5269],[-107.8822,55.5181],[-107.8468,55.4919],[-107.8269,55.4827],[-107.8344,55.4957],[-107.8176,55.501],[-107.7847,55.4966],[-107.7717,55.5092],[-107.7992,55.5437],[-107.8307,55.5752],[-107.8406,55.6161],[-107.8693,55.6405],[-107.9205,55.7003],[-107.9388,55.7121],[-107.9498,55.7309],[-107.9474,55.7397],[-107.9396,55.7388],[-107.9164,55.7085],[-107.856,55.6717],[-107.8035,55.6267],[-107.7825,55.6155],[-107.7655,55.6193],[-107.7586,55.6541],[-107.743,55.6767],[-107.7389,55.6894],[-107.7485,55.695],[-107.7782,55.6979],[-107.7938,55.7053],[-107.791,55.7165],[-107.7655,55.7291],[-107.7483,55.7229],[-107.7415,55.7259],[-107.7389,55.7368],[-107.7548,55.7453],[-107.763,55.7612],[-107.7679,55.7892],[-107.7677,55.8274],[-107.7717,55.8457],[-107.7875,55.8701],[-107.7892,55.8822],[-107.7792,55.9004],[-107.7552,55.9131],[-107.748,55.929],[-107.7393,55.9237],[-107.7245,55.9072],[-107.7245,55.8489],[-107.7181,55.8342],[-107.69,55.8151],[-107.6835,55.801],[-107.6649,55.715],[-107.6699,55.6817],[-107.7061,55.6317],[-107.7115,55.6161],[-107.7042,55.5884],[-107.7069,55.5346],[-107.7314,55.4957],[-107.7404,55.4642],[-107.7498,55.4548],[-107.7717,55.4554],[-107.7633,55.4421],[-107.7415,55.4224],[-107.7382,55.4068],[-107.757,55.413],[-107.787,55.4145],[-107.8147,55.4095],[-107.8269,55.3968],[-107.8064,55.3176],[-107.7752,55.2676],[-107.7717,55.2455],[-107.7727,55.2031],[-107.7789,55.1993],[-107.7935,55.2152],[-107.8113,55.2511],[-107.8374,55.325],[-107.8618,55.3523],[-107.9809,55.4221],[-108.0132,55.4554],[-108.0402,55.4957],[-108.0536,55.5092],[-107.9898,55.4951],[-107.9747,55.486],[-107.9368,55.4409],[-107.9177,55.4368],[-107.9077,55.4436],[-107.9039,55.4568]]]}},{"type":"Feature","properties":{},"bbox":[-104.668226,60.306493,-103.612489,61.032983],"geometry":{"type":"Polygon","coordinates":[[[-103.9635,60.3977],[-104.0063,60.4019],[-104.0206,60.3992],[-104.052,60.3807],[-104.0717,60.376],[-104.0929,60.3757],[-104.0861,60.3612],[-104.102,60.3492],[-104.168,60.3339],[-104.229,60.3068],[-104.2438,60.3065],[-104.238,60.3133],[-104.2317,60.3336],[-104.1953,60.3551],[-104.1606,60.4022],[-104.1719,60.4198],[-104.1577,60.4395],[-104.1066,60.471],[-104.1172,60.4813],[-104.0789,60.5061],[-104.0786,60.5258],[-104.0445,60.5532],[-104.0698,60.5641],[-104.107,60.5679],[-104.1783,60.5673],[-104.1962,60.5705],[-104.2401,60.5879],[-104.2916,60.5879],[-104.2829,60.6112],[-104.2881,60.6182],[-104.3331,60.6215],[-104.3528,60.6282],[-104.3696,60.6406],[-104.3786,60.6571],[-104.374,60.6765],[-104.3956,60.6812],[-104.3992,60.6877],[-104.3945,60.6977],[-104.4383,60.7154],[-104.4947,60.7086],[-104.5993,60.6842],[-104.3387,60.821],[-104.3257,60.831],[-104.2984,60.8684],[-104.3107,60.8867],[-104.2947,60.8917],[-104.2847,60.9099],[-104.3644,60.9179],[-104.4087,60.9158],[-104.4422,60.8893],[-104.4423,60.882],[-104.4367,60.8764],[-104.4112,60.872],[-104.4079,60.8599],[-104.4173,60.8493],[-104.4731,60.816],[-104.5022,60.8057],[-104.534,60.801],[-104.6063,60.8019],[-104.6211,60.8069],[-104.6273,60.8169],[-104.6294,60.8337],[-104.6361,60.8443],[-104.6487,60.8487],[-104.6682,60.8478],[-104.6551,60.8643],[-104.6286,60.877],[-104.5999,60.8823],[-104.5795,60.8758],[-104.5779,60.8673],[-104.5908,60.8519],[-104.5898,60.8443],[-104.5786,60.8396],[-104.5496,60.8434],[-104.5206,60.8578],[-104.4984,60.8858],[-104.5041,60.8926],[-104.5138,60.8964],[-104.5175,60.9026],[-104.5068,60.9173],[-104.4485,60.9509],[-104.4619,60.9673],[-104.4554,60.98],[-104.428,61.0056],[-104.4538,61.013],[-104.4764,61.0265],[-104.4553,61.0303],[-104.3198,61.033],[-104.2961,61.0292],[-104.2704,61.0197],[-104.295,61.0065],[-104.3524,60.9509],[-104.3182,60.9432],[-104.2465,60.9697],[-104.209,60.9647],[-104.2248,60.9461],[-104.2276,60.932],[-104.2159,60.9238],[-104.1884,60.9229],[-104.2102,60.8996],[-104.2128,60.8884],[-104.2015,60.8758],[-104.2362,60.8452],[-104.2438,60.8349],[-104.2439,60.8246],[-104.2371,60.8051],[-104.2438,60.7928],[-104.2158,60.7943],[-104.1708,60.8266],[-104.1438,60.8349],[-104.0512,60.8481],[-104.0315,60.8411],[-104.0639,60.8228],[-104.1173,60.809],[-104.1484,60.7907],[-104.1788,60.7828],[-104.2295,60.7592],[-104.2697,60.748],[-104.2873,60.7363],[-104.2847,60.718],[-104.2702,60.7148],[-104.1984,60.718],[-104.1812,60.7224],[-104.1465,60.7407],[-104.1238,60.7477],[-104.1092,60.7631],[-104.1025,60.7769],[-104.0724,60.7863],[-104.02,60.8093],[-104.0036,60.8069],[-104.0348,60.7842],[-104.0346,60.7763],[-104.0209,60.7707],[-103.9725,60.7863],[-103.9288,60.7854],[-103.8986,60.801],[-103.8534,60.8149],[-103.813,60.8514],[-103.7913,60.8617],[-103.7694,60.8587],[-103.7529,60.8508],[-103.7366,60.8478],[-103.7155,60.8617],[-103.7261,60.8796],[-103.7218,60.8911],[-103.7143,60.8999],[-103.7155,60.9099],[-103.7374,60.9226],[-103.7888,60.917],[-103.8118,60.9229],[-103.7829,60.9456],[-103.7455,60.9532],[-103.6671,60.9509],[-103.6814,60.9385],[-103.6727,60.9297],[-103.6405,60.9167],[-103.6322,60.9046],[-103.6226,60.8764],[-103.6125,60.8684],[-103.6263,60.8511],[-103.6734,60.8299],[-103.7018,60.8116],[-103.7291,60.8081],[-103.7464,60.8001],[-103.761,60.7998],[-103.7673,60.7963],[-103.7807,60.7763],[-103.8026,60.7689],[-103.8643,60.7757],[-103.8936,60.7728],[-103.9186,60.7607],[-103.9289,60.7472],[-103.9267,60.731],[-103.9142,60.7112],[-103.9381,60.7006],[-103.9706,60.6948],[-104.0033,60.6962],[-104.0561,60.7207],[-104.0892,60.716],[-104.1206,60.7006],[-104.1647,60.6656],[-104.2131,60.6385],[-104.2158,60.6215],[-104.1961,60.6085],[-104.1687,60.6144],[-104.1133,60.6356],[-104.1122,60.607],[-104.0746,60.5959],[-104.0256,60.5961],[-103.9497,60.6085],[-103.9073,60.6082],[-103.8927,60.6126],[-103.8742,60.6347],[-103.8589,60.643],[-103.8589,60.6491],[-103.8882,60.6518],[-103.8974,60.6591],[-103.8892,60.6703],[-103.8664,60.6842],[-103.8387,60.6933],[-103.8159,60.7145],[-103.7987,60.7251],[-103.7701,60.7304],[-103.7545,60.7215],[-103.7298,60.6842],[-103.7045,60.6727],[-103.7005,60.6488],[-103.6959,60.6412],[-103.6876,60.6368],[-103.6746,60.6356],[-103.6921,60.6197],[-103.777,60.6082],[-103.8118,60.5803],[-103.8321,60.5782],[-103.839,60.5741],[-103.8421,60.5499],[-103.8621,60.5349],[-103.8837,60.5258],[-103.8902,60.4952],[-103.9052,60.4908],[-103.9276,60.5102],[-103.9386,60.509],[-103.9762,60.471],[-103.9587,60.4649],[-103.9189,60.4646],[-103.9073,60.4575],[-103.906,60.4463],[-103.9278,60.4369],[-103.9454,60.406],[-103.9635,60.3977]]]}},{"type":"Feature","properties":{},"bbox":[-96.10223,64.753746,-95.171009,65.063122],"geometry":{"type":"Polygon","coordinates":[[[-96.0051,64.9039],[-96.1022,64.9048],[-96.0803,64.918],[-96.0192,64.9421],[-96.0066,64.9566],[-95.9964,64.9754],[-95.9771,64.9813],[-95.9658,64.9892],[-95.9793,65.0146],[-95.8279,64.9916],[-95.8011,64.9939],[-95.804,65.0084],[-95.8385,65.0204],[-95.8483,65.0275],[-95.8404,65.0419],[-95.8164,65.0416],[-95.7896,65.0343],[-95.7459,65.0131],[-95.6292,64.973],[-95.605,64.9716],[-95.5849,64.9763],[-95.5466,64.9939],[-95.4804,65.0037],[-95.4648,65.0146],[-95.5219,65.0355],[-95.5485,65.0393],[-95.5821,65.0352],[-95.6093,65.0213],[-95.6435,65.0275],[-95.7118,65.0275],[-95.6872,65.0355],[-95.6165,65.0405],[-95.602,65.0455],[-95.5881,65.0614],[-95.5562,65.0631],[-95.4797,65.0525],[-95.4527,65.0387],[-95.4374,65.0352],[-95.3996,65.0405],[-95.2765,65.0408],[-95.1875,65.0154],[-95.171,65.0054],[-95.1985,64.9939],[-95.2147,64.9939],[-95.2558,65.0078],[-95.2759,65.0054],[-95.2804,64.9998],[-95.2802,64.9928],[-95.2865,64.9866],[-95.3024,64.9848],[-95.3283,64.9975],[-95.364,65.0022],[-95.3691,65.001],[-95.3746,64.9934],[-95.365,64.986],[-95.3534,64.9683],[-95.354,64.9625],[-95.3691,64.9598],[-95.4636,64.9589],[-95.5404,64.9395],[-95.5334,64.9283],[-95.492,64.9121],[-95.4907,64.8939],[-95.4689,64.8721],[-95.4402,64.8529],[-95.4175,64.8432],[-95.4346,64.8291],[-95.4741,64.8214],[-95.4852,64.8091],[-95.4374,64.795],[-95.4554,64.7688],[-95.4774,64.7567],[-95.5053,64.7537],[-95.5559,64.7552],[-95.5674,64.7593],[-95.6025,64.7817],[-95.6089,64.7823],[-95.5917,64.7985],[-95.5967,64.8097],[-95.6692,64.8085],[-95.6776,64.8226],[-95.6536,64.8368],[-95.5784,64.8394],[-95.5466,64.85],[-95.563,64.8562],[-95.6155,64.8638],[-95.6654,64.8762],[-95.7382,64.8836],[-95.753,64.8809],[-95.7799,64.8662],[-95.7934,64.8638],[-95.8074,64.8706],[-95.7762,64.9074],[-95.7795,64.9204],[-95.8074,64.9251],[-95.8663,64.9183],[-95.8759,64.9215],[-95.8872,64.936],[-95.8968,64.9395],[-95.9227,64.9283],[-95.93,64.918],[-95.924,64.9086],[-95.9087,64.9033],[-95.8782,64.8989],[-95.8626,64.8909],[-95.8461,64.8738],[-95.8486,64.8621],[-95.8582,64.8494],[-95.8626,64.8297],[-95.9019,64.8615],[-95.9241,64.8697],[-95.952,64.8706],[-95.9583,64.8942],[-96.0051,64.9039]]]}},{"type":"Feature","properties":{},"bbox":[-81.685011,29.199269,-81.519726,29.510706],"geometry":{"type":"Polygon","coordinates":[[[-81.5225,29.2361],[-81.5197,29.2293],[-81.5705,29.2034],[-81.5985,29.1993],[-81.6228,29.2163],[-81.6158,29.2258],[-81.6185,29.2349],[-81.6282,29.2414],[-81.6426,29.2431],[-81.6369,29.2593],[-81.6395,29.2737],[-81.6569,29.2982],[-81.6752,29.3067],[-81.6774,29.315],[-81.6774,29.3394],[-81.6587,29.3423],[-81.6582,29.3529],[-81.6706,29.3741],[-81.6641,29.4009],[-81.6644,29.415],[-81.6678,29.4227],[-81.6835,29.4348],[-81.6847,29.4412],[-81.6849,29.4842],[-81.6774,29.5107],[-81.6778,29.506],[-81.6706,29.5036],[-81.6684,29.4524],[-81.6594,29.4303],[-81.6395,29.4212],[-81.6437,29.3865],[-81.6395,29.3803],[-81.5955,29.3741],[-81.5837,29.357],[-81.5627,29.3138],[-81.5347,29.3005],[-81.5442,29.2773],[-81.5436,29.2676],[-81.53,29.2629],[-81.5225,29.2361]]]}},{"type":"Feature","properties":{},"bbox":[-114.398432,34.307958,-114.063593,34.5408],"geometry":{"type":"Polygon","coordinates":[[[-114.0846,34.3156],[-114.0636,34.308],[-114.1008,34.3088],[-114.1289,34.3186],[-114.2234,34.3854],[-114.2489,34.398],[-114.2805,34.408],[-114.3025,34.4375],[-114.3151,34.4463],[-114.3296,34.4531],[-114.3899,34.4672],[-114.3984,34.4881],[-114.3911,34.5128],[-114.3715,34.5337],[-114.3789,34.5408],[-114.3703,34.5367],[-114.3605,34.5237],[-114.3581,34.4913],[-114.3509,34.4725],[-114.3223,34.469],[-114.2426,34.406],[-114.2106,34.3898],[-114.189,34.3857],[-114.1702,34.3754],[-114.1044,34.325],[-114.0846,34.3156]]]}},{"type":"Feature","properties":{},"bbox":[-114.508672,64.95303,-112.137569,65.681581],"geometry":{"type":"Polygon","coordinates":[[[-114.4286,65.6483],[-114.5087,65.6725],[-114.4866,65.6801],[-114.4583,65.6816],[-114.2891,65.6489],[-114.166,65.6383],[-114.1938,65.6221],[-114.2337,65.6215],[-114.3082,65.6315],[-114.3379,65.6259],[-114.3432,65.6106],[-114.3384,65.5886],[-114.3374,65.5627],[-114.3559,65.5217],[-114.3505,65.51],[-114.3169,65.5079],[-114.2571,65.5179],[-114.2351,65.5282],[-114.248,65.5415],[-114.2305,65.5476],[-114.2106,65.5423],[-114.1975,65.53],[-114.2002,65.5141],[-114.2462,65.5038],[-114.2673,65.4952],[-114.2617,65.4808],[-114.2374,65.4749],[-114.0375,65.4629],[-114.0084,65.4534],[-114.0153,65.4464],[-113.9638,65.4328],[-113.8372,65.4549],[-113.7825,65.4464],[-113.8522,65.4361],[-113.8896,65.4199],[-113.9431,65.4164],[-113.9801,65.404],[-114.0016,65.4025],[-114.0189,65.3963],[-114.0227,65.3775],[-114.0087,65.3651],[-113.9809,65.3587],[-113.95,65.3566],[-113.8037,65.3728],[-113.7547,65.386],[-113.7179,65.404],[-113.6902,65.409],[-113.6385,65.4119],[-113.5292,65.4055],[-113.5292,65.3981],[-113.5498,65.3919],[-113.5062,65.3787],[-113.4772,65.3734],[-113.4523,65.3551],[-113.4392,65.351],[-113.4095,65.3554],[-113.3919,65.3663],[-113.3579,65.3981],[-113.3034,65.414],[-113.2453,65.4049],[-113.1867,65.3872],[-113.1313,65.3775],[-113.0935,65.3775],[-113.046,65.3725],[-113.0218,65.3849],[-113.0092,65.3804],[-112.9984,65.3719],[-112.9942,65.364],[-113.0011,65.3542],[-113.0161,65.351],[-113.0488,65.351],[-113.1571,65.3386],[-113.1826,65.3472],[-113.2046,65.3628],[-113.2332,65.3704],[-113.2631,65.3672],[-113.2891,65.351],[-113.2766,65.3386],[-113.2906,65.3295],[-113.3158,65.3242],[-113.3843,65.323],[-113.4066,65.3175],[-113.4194,65.3024],[-113.2548,65.3024],[-113.2099,65.2862],[-113.182,65.301],[-113.1653,65.3027],[-113.148,65.3001],[-113.0673,65.2706],[-112.8306,65.2406],[-112.7743,65.2094],[-112.6755,65.1853],[-112.6399,65.1829],[-112.6243,65.1965],[-112.6143,65.2],[-112.5307,65.2024],[-112.4939,65.2268],[-112.4623,65.2362],[-112.4409,65.2277],[-112.4203,65.2138],[-112.3909,65.2065],[-112.3553,65.2094],[-112.288,65.2236],[-112.2319,65.2268],[-112.1961,65.2244],[-112.1792,65.22],[-112.1533,65.2077],[-112.1423,65.1988],[-112.1376,65.1894],[-112.1454,65.1791],[-112.1636,65.1735],[-112.1997,65.1723],[-112.2213,65.1767],[-112.2234,65.1809],[-112.2195,65.1868],[-112.2232,65.1965],[-112.2561,65.2074],[-112.2948,65.2],[-112.3211,65.185],[-112.3158,65.1723],[-112.323,65.1591],[-112.3804,65.1238],[-112.3841,65.117],[-112.3828,65.1058],[-112.366,65.1067],[-112.3567,65.104],[-112.3264,65.0664],[-112.3089,65.0622],[-112.2477,65.0758],[-112.2271,65.0761],[-112.2528,65.0581],[-112.3432,65.0419],[-112.3432,65.0352],[-112.3221,65.0278],[-112.3031,65.0148],[-112.2711,64.9836],[-112.2627,64.9663],[-112.2784,64.9595],[-112.3295,64.953],[-112.3295,64.9598],[-112.3073,64.9625],[-112.2884,64.973],[-112.3135,64.9966],[-112.3859,65.0222],[-112.4119,65.0493],[-112.3915,65.0493],[-112.4051,65.0622],[-112.3893,65.0717],[-112.371,65.0761],[-112.3794,65.0896],[-112.4256,65.0964],[-112.4605,65.1238],[-112.4256,65.1653],[-112.4427,65.1709],[-112.4804,65.1714],[-112.4939,65.1653],[-112.4937,65.1556],[-112.5018,65.1494],[-112.5146,65.1458],[-112.5473,65.1455],[-112.555,65.1485],[-112.5553,65.1688],[-112.5685,65.1806],[-112.5982,65.177],[-112.6702,65.1485],[-112.7172,65.1747],[-112.741,65.1785],[-112.7491,65.1558],[-112.7615,65.1517],[-112.7797,65.1526],[-112.8148,65.162],[-112.8298,65.1723],[-112.8215,65.1826],[-112.8189,65.1965],[-112.8224,65.2085],[-112.857,65.2268],[-112.8673,65.2271],[-112.8914,65.22],[-113.0102,65.2465],[-113.042,65.2412],[-113.0205,65.2315],[-112.9669,65.1859],[-112.9912,65.1688],[-113.0132,65.1691],[-113.0324,65.1815],[-113.0857,65.2389],[-113.1444,65.2542],[-113.1381,65.2542],[-113.1568,65.2659],[-113.1862,65.2709],[-113.2174,65.2701],[-113.265,65.2586],[-113.2921,65.2595],[-113.3437,65.2677],[-113.3923,65.2677],[-113.4875,65.2527],[-113.5355,65.2542],[-113.5355,65.2609],[-113.4871,65.2754],[-113.5203,65.2845],[-113.5602,65.2798],[-113.5995,65.268],[-113.6949,65.2253],[-113.7277,65.2206],[-113.7682,65.2268],[-113.917,65.2968],[-113.9083,65.3054],[-113.883,65.316],[-113.865,65.3366],[-113.9791,65.3369],[-114.1173,65.3713],[-114.1523,65.3707],[-114.1334,65.3875],[-114.074,65.4137],[-114.0493,65.4323],[-114.0921,65.459],[-114.2827,65.467],[-114.3363,65.4808],[-114.3646,65.4838],[-114.4162,65.4714],[-114.4811,65.4699],[-114.5019,65.4738],[-114.467,65.4973],[-114.3859,65.5312],[-114.358,65.5627],[-114.3653,65.5694],[-114.358,65.5768],[-114.3737,65.6165],[-114.3853,65.6365],[-114.4028,65.6451],[-114.4286,65.6483]]]}},{"type":"Feature","properties":{},"bbox":[-122.081042,42.243427,-121.806694,42.634342],"geometry":{"type":"Polygon","coordinates":[[[-121.8095,42.2705],[-121.8067,42.259],[-121.8101,42.249],[-121.821,42.2434],[-121.8732,42.2946],[-121.891,42.3179],[-121.9312,42.312],[-121.9439,42.3253],[-121.9397,42.3453],[-121.9091,42.3609],[-121.9097,42.3806],[-121.9202,42.3941],[-121.9355,42.4018],[-121.9533,42.4018],[-121.9712,42.393],[-121.974,42.4115],[-121.9858,42.4212],[-122.0005,42.4206],[-122.0122,42.4071],[-122.0328,42.4209],[-122.0525,42.4421],[-122.081,42.4827],[-122.0538,42.4966],[-122.0191,42.5028],[-121.9955,42.5443],[-121.9955,42.5513],[-121.9792,42.5566],[-121.9743,42.5855],[-121.9531,42.5902],[-121.9475,42.6023],[-121.9581,42.6343],[-121.9448,42.632],[-121.9371,42.6202],[-121.9318,42.6002],[-121.9292,42.5702],[-121.933,42.5428],[-121.9473,42.5307],[-121.967,42.5245],[-121.9799,42.5098],[-121.9792,42.4916],[-121.9581,42.4763],[-121.9097,42.4763],[-121.8844,42.4583],[-121.8613,42.4501],[-121.8439,42.4359],[-121.8298,42.418],[-121.821,42.4003],[-121.8174,42.3803],[-121.821,42.3147],[-121.8254,42.2917],[-121.8095,42.2705]]]}},{"type":"Feature","properties":{},"bbox":[-67.868884,45.593879,-67.432783,45.769909],"geometry":{"type":"Polygon","coordinates":[[[-67.4381,45.623],[-67.4328,45.6118],[-67.4421,45.6036],[-67.5405,45.5939],[-67.6031,45.6059],[-67.6494,45.6112],[-67.6669,45.6201],[-67.6976,45.6492],[-67.7115,45.6422],[-67.7232,45.6454],[-67.7938,45.6763],[-67.8358,45.704],[-67.8568,45.7237],[-67.8689,45.7446],[-67.8277,45.739],[-67.8218,45.7408],[-67.8178,45.7549],[-67.808,45.7655],[-67.7946,45.7699],[-67.7801,45.7652],[-67.767,45.7549],[-67.7756,45.7225],[-67.7698,45.7069],[-67.7595,45.6996],[-67.7533,45.6996],[-67.7386,45.7037],[-67.7329,45.7152],[-67.7235,45.7157],[-67.7039,45.6951],[-67.6859,45.6684],[-67.633,45.6498],[-67.5953,45.628],[-67.5831,45.641],[-67.5667,45.6413],[-67.5368,45.6248],[-67.5255,45.6251],[-67.5108,45.6342],[-67.4977,45.6475],[-67.4844,45.6922],[-67.4688,45.6854],[-67.4566,45.6595],[-67.4585,45.6354],[-67.4381,45.623]]]}},{"type":"Feature","properties":{},"bbox":[-137.522942,61.225203,-136.993528,61.653503],"geometry":{"type":"Polygon","coordinates":[[[-136.9935,61.2626],[-136.996,61.2317],[-137.0028,61.2252],[-137.0175,61.2334],[-137.03,61.2452],[-137.0162,61.2579],[-137.024,61.2691],[-137.0433,61.277],[-137.0807,61.285],[-137.089,61.297],[-137.0983,61.3276],[-137.1207,61.3794],[-137.1286,61.408],[-137.1257,61.4233],[-137.14,61.4445],[-137.1559,61.4572],[-137.2864,61.5207],[-137.3181,61.5257],[-137.3373,61.5355],[-137.379,61.5787],[-137.4071,61.5923],[-137.441,61.6164],[-137.4813,61.6261],[-137.5229,61.6294],[-137.5109,61.6456],[-137.4906,61.6535],[-137.4677,61.6529],[-137.4003,61.6199],[-137.3871,61.6176],[-137.369,61.6314],[-137.3584,61.6355],[-137.349,61.6329],[-137.3144,61.6126],[-137.316,61.6073],[-137.3454,61.5884],[-137.3298,61.5832],[-137.2839,61.5811],[-137.2492,61.5537],[-137.1865,61.5293],[-137.1877,61.5196],[-137.1219,61.496],[-137.097,61.4807],[-137.1126,61.471],[-137.1004,61.4583],[-137.0852,61.4324],[-137.0606,61.4045],[-137.0601,61.3918],[-137.0846,61.3689],[-137.0739,61.3553],[-137.0567,61.3156],[-137.0437,61.2997],[-137.0053,61.2832],[-136.996,61.2732],[-136.9935,61.2626]]]}},{"type":"Feature","properties":{},"bbox":[-156.461006,58.50469,-155.350664,58.737826],"geometry":{"type":"Polygon","coordinates":[[[-155.3663,58.5485],[-155.3507,58.5388],[-155.3699,58.5271],[-155.4499,58.5274],[-155.4772,58.5215],[-155.5024,58.5097],[-155.5355,58.5047],[-155.6569,58.5097],[-155.6882,58.5165],[-155.7099,58.5285],[-155.7347,58.5491],[-155.7635,58.5544],[-155.7688,58.5606],[-155.7751,58.5798],[-155.808,58.6001],[-155.8449,58.6054],[-155.926,58.6004],[-156.066,58.6154],[-156.1479,58.5956],[-156.1983,58.5951],[-156.2479,58.6007],[-156.2826,58.6107],[-156.3431,58.6168],[-156.3653,58.6687],[-156.358,58.6828],[-156.3817,58.6898],[-156.4104,58.6916],[-156.4385,58.6872],[-156.461,58.6754],[-156.4514,58.6837],[-156.4229,58.6957],[-156.3962,58.7157],[-156.3546,58.7287],[-156.2953,58.7319],[-156.2769,58.7302],[-156.2555,58.7237],[-156.2217,58.7069],[-156.2033,58.7031],[-156.1872,58.7102],[-156.2146,58.7237],[-156.1697,58.7378],[-156.1519,58.7375],[-156.0571,58.7175],[-156.0563,58.6996],[-156.0766,58.6798],[-156.1122,58.681],[-156.1248,58.6907],[-156.0769,58.6966],[-156.0986,58.7131],[-156.129,58.7087],[-156.1572,58.6913],[-156.1736,58.6692],[-156.1323,58.6581],[-156.0735,58.653],[-156.0181,58.6595],[-155.9875,58.6828],[-156.0223,58.6966],[-155.9977,58.7131],[-155.9572,58.7052],[-155.8849,58.6754],[-155.8393,58.6681],[-155.536,58.6707],[-155.5218,58.6692],[-155.4915,58.6557],[-155.4429,58.6695],[-155.417,58.6722],[-155.4059,58.6586],[-155.4123,58.6422],[-155.429,58.6374],[-155.4736,58.6413],[-155.469,58.6204],[-155.5151,58.613],[-155.8031,58.621],[-155.7304,58.5904],[-155.6939,58.5824],[-155.6862,58.5636],[-155.6799,58.5594],[-155.4772,58.5465],[-155.3663,58.5485]]]}},{"type":"Feature","properties":{},"bbox":[-163.060208,61.046524,-162.703291,61.110695],"geometry":{"type":"Polygon","coordinates":[[[-162.7629,61.0592],[-162.8337,61.0465],[-162.8954,61.058],[-162.9975,61.0674],[-163.0393,61.0801],[-163.0602,61.1013],[-163.0156,61.1107],[-162.7033,61.0813],[-162.7083,61.0721],[-162.7161,61.066],[-162.738,61.0601],[-162.7629,61.0592]]]}},{"type":"Feature","properties":{},"bbox":[-154.776948,60.032734,-153.589042,60.450731],"geometry":{"type":"Polygon","coordinates":[[[-153.6135,60.4496],[-153.589,60.4507],[-153.5921,60.4434],[-153.603,60.4342],[-153.6364,60.4231],[-153.6856,60.4007],[-153.7767,60.3886],[-153.9511,60.3451],[-154.0968,60.2788],[-154.1376,60.2694],[-154.1604,60.2573],[-154.2135,60.2588],[-154.2287,60.2562],[-154.2477,60.2323],[-154.2718,60.2241],[-154.3316,60.2179],[-154.3535,60.2076],[-154.3903,60.1817],[-154.5214,60.129],[-154.5444,60.1096],[-154.5694,60.1063],[-154.5967,60.0978],[-154.6539,60.0475],[-154.6723,60.0398],[-154.7275,60.0398],[-154.7552,60.0327],[-154.7691,60.033],[-154.7753,60.043],[-154.7769,60.0563],[-154.7563,60.0763],[-154.7337,60.0842],[-154.7038,60.109],[-154.6449,60.1352],[-154.6243,60.159],[-154.6175,60.1625],[-154.6086,60.1575],[-154.6121,60.1469],[-154.6342,60.1187],[-154.6792,60.1013],[-154.6926,60.0875],[-154.6623,60.0945],[-154.5759,60.1422],[-154.5643,60.154],[-154.5562,60.1558],[-154.5214,60.1484],[-154.4531,60.1837],[-154.4743,60.1985],[-154.5101,60.199],[-154.5759,60.1837],[-154.5606,60.2043],[-154.5247,60.2117],[-154.4836,60.2144],[-154.4448,60.2238],[-154.419,60.2247],[-154.4019,60.2453],[-154.3635,60.247],[-154.3466,60.2532],[-154.337,60.2656],[-154.3501,60.2656],[-154.3364,60.2771],[-154.2159,60.303],[-154.1938,60.3115],[-154.1554,60.3356],[-154.1114,60.3442],[-154.0758,60.3554],[-154.0282,60.3551],[-153.9944,60.3757],[-153.978,60.3786],[-153.9317,60.3757],[-153.8908,60.3886],[-153.8497,60.3886],[-153.8036,60.4001],[-153.7078,60.4113],[-153.6698,60.4325],[-153.6425,60.4431],[-153.6135,60.4496]]]}},{"type":"Feature","properties":{},"bbox":[-151.177169,60.040387,-150.64231,60.299722],"geometry":{"type":"Polygon","coordinates":[[[-150.6433,60.1216],[-150.6423,60.109],[-150.6645,60.1016],[-150.6707,60.091],[-150.6631,60.058],[-150.6669,60.0498],[-150.6809,60.0422],[-150.7105,60.0424],[-150.7551,60.0578],[-150.7764,60.0722],[-150.7892,60.0919],[-150.7935,60.1181],[-150.8047,60.1416],[-150.831,60.1528],[-150.8626,60.1561],[-150.9259,60.1528],[-150.9381,60.1558],[-150.9607,60.1799],[-150.9683,60.1837],[-151.0231,60.1932],[-151.0497,60.2041],[-151.0672,60.2173],[-151.0568,60.2282],[-151.0437,60.2326],[-151.0132,60.2323],[-151.0262,60.2426],[-151.0429,60.247],[-151.0747,60.2453],[-151.0843,60.2244],[-151.1321,60.2161],[-151.177,60.2226],[-151.1772,60.2453],[-151.084,60.2947],[-151.0662,60.2997],[-151.0144,60.2965],[-150.9564,60.2821],[-150.9028,60.2744],[-150.8531,60.2512],[-150.7652,60.1867],[-150.6433,60.1216]]]}},{"type":"Feature","properties":{},"bbox":[-160.137172,61.334412,-159.928909,61.420661],"geometry":{"type":"Polygon","coordinates":[[[-159.9346,61.3803],[-159.9289,61.3638],[-159.9561,61.355],[-159.9922,61.3527],[-160.0964,61.3344],[-160.107,61.3382],[-160.1279,61.3586],[-160.1372,61.3836],[-160.1356,61.3906],[-160.1279,61.3956],[-160.0968,61.4089],[-160.0318,61.4207],[-160.0,61.4065],[-159.9589,61.3959],[-159.9346,61.3803]]]}},{"type":"Feature","properties":{},"bbox":[-162.427031,60.813093,-162.175644,61.000014],"geometry":{"type":"Polygon","coordinates":[[[-162.2514,60.8349],[-162.2514,60.8275],[-162.231,60.8131],[-162.2441,60.8131],[-162.2787,60.8275],[-162.2975,60.8305],[-162.3542,60.8275],[-162.3869,60.831],[-162.3924,60.8425],[-162.386,60.8617],[-162.3824,60.8893],[-162.3849,60.9091],[-162.3954,60.9229],[-162.4163,60.9347],[-162.427,60.9456],[-162.3966,60.9612],[-162.3687,61.0],[-162.3477,60.9994],[-162.3545,60.9918],[-162.3462,60.9612],[-162.3137,60.9411],[-162.2378,60.9167],[-162.2564,60.9132],[-162.2981,60.9264],[-162.3492,60.9064],[-162.3545,60.9026],[-162.349,60.8961],[-162.2856,60.8802],[-162.2676,60.8893],[-162.231,60.8893],[-162.2166,60.8808],[-162.1756,60.8411],[-162.2339,60.8396],[-162.2514,60.8349]]]}},{"type":"Feature","properties":{},"bbox":[-163.999229,61.470703,-163.63672,61.666455],"geometry":{"type":"Polygon","coordinates":[[[-163.9786,61.6291],[-163.9992,61.6361],[-163.9839,61.6414],[-163.9666,61.6394],[-163.9641,61.6629],[-163.9611,61.6665],[-163.9373,61.6567],[-163.9252,61.64],[-163.9147,61.6326],[-163.9055,61.6526],[-163.8946,61.657],[-163.8812,61.6553],[-163.869,61.65],[-163.871,61.6311],[-163.8684,61.6185],[-163.8575,61.6111],[-163.8341,61.6088],[-163.787,61.6102],[-163.7643,61.6049],[-163.7453,61.589],[-163.759,61.5746],[-163.7063,61.5734],[-163.6835,61.5675],[-163.6582,61.549],[-163.6367,61.5163],[-163.6519,61.4922],[-163.6651,61.4787],[-163.6809,61.4707],[-163.6977,61.4722],[-163.7046,61.4828],[-163.7022,61.5093],[-163.7181,61.5196],[-163.7121,61.5384],[-163.7312,61.5461],[-163.8002,61.5502],[-163.8615,61.5746],[-163.9046,61.5723],[-163.9168,61.5746],[-163.9271,61.5817],[-163.9284,61.5867],[-163.9236,61.5985],[-163.9324,61.6161],[-163.9536,61.6244],[-163.9786,61.6291]]]}},{"type":"Feature","properties":{},"bbox":[-163.642902,62.574568,-163.382242,62.708209],"geometry":{"type":"Polygon","coordinates":[[[-163.6157,62.6723],[-163.6429,62.692],[-163.6177,62.6967],[-163.5656,62.6791],[-163.5399,62.6782],[-163.4942,62.7017],[-163.4667,62.7082],[-163.437,62.6982],[-163.3949,62.6752],[-163.3822,62.6641],[-163.4433,62.6841],[-163.4642,62.6844],[-163.4797,62.6785],[-163.5256,62.6508],[-163.5066,62.6349],[-163.4853,62.6231],[-163.502,62.6246],[-163.5297,62.6352],[-163.5462,62.6367],[-163.5174,62.5911],[-163.5126,62.5746],[-163.5358,62.5769],[-163.5597,62.5902],[-163.5808,62.6078],[-163.5946,62.6231],[-163.6083,62.6641],[-163.6157,62.6723]]]}},{"type":"Feature","properties":{},"bbox":[-77.024785,51.292769,-76.606347,51.419051],"geometry":{"type":"Polygon","coordinates":[[[-76.8573,51.3649],[-76.8527,51.3775],[-76.8592,51.3849],[-76.8805,51.3926],[-76.8732,51.4046],[-76.8641,51.4093],[-76.8289,51.4191],[-76.8108,51.4129],[-76.813,51.3982],[-76.8276,51.382],[-76.8465,51.3705],[-76.8412,51.354],[-76.851,51.3319],[-76.839,51.3228],[-76.8231,51.3216],[-76.6281,51.344],[-76.6131,51.3502],[-76.6063,51.3431],[-76.6362,51.331],[-76.6473,51.3296],[-76.6633,51.3166],[-76.7131,51.314],[-76.7526,51.296],[-76.7791,51.2928],[-76.8255,51.296],[-76.8532,51.3075],[-76.9394,51.3254],[-77.0248,51.3228],[-77.0074,51.341],[-76.988,51.344],[-76.9353,51.3363],[-76.921,51.3399],[-76.9044,51.3543],[-76.8677,51.3593],[-76.8573,51.3649]]]}},{"type":"Feature","properties":{},"bbox":[-91.661747,51.066403,-91.39314,51.170019],"geometry":{"type":"Polygon","coordinates":[[[-91.6391,51.165],[-91.5489,51.1582],[-91.4666,51.17],[-91.4495,51.1644],[-91.4513,51.1556],[-91.4223,51.15],[-91.4146,51.1379],[-91.4292,51.1226],[-91.4255,51.1106],[-91.398,51.0864],[-91.3931,51.0702],[-91.4095,51.0664],[-91.4495,51.0764],[-91.4679,51.067],[-91.5075,51.09],[-91.569,51.0826],[-91.5734,51.0858],[-91.5655,51.1067],[-91.5673,51.1153],[-91.6061,51.1329],[-91.6448,51.1453],[-91.6617,51.1582],[-91.6391,51.165]]]}},{"type":"Feature","properties":{},"bbox":[-91.999088,51.892094,-91.89768,51.987468],"geometry":{"type":"Polygon","coordinates":[[[-91.9966,51.9324],[-91.9991,51.9371],[-91.9758,51.9448],[-91.961,51.9577],[-91.9568,51.9736],[-91.9702,51.9875],[-91.9364,51.9792],[-91.8978,51.9495],[-91.8977,51.9395],[-91.9109,51.9074],[-91.91,51.8962],[-91.9218,51.8921],[-91.9314,51.8924],[-91.9402,51.8968],[-91.9523,51.9148],[-91.9602,51.9204],[-91.9894,51.9277],[-91.9966,51.9324]]]}},{"type":"Feature","properties":{},"bbox":[-78.838804,51.035494,-78.539142,51.165309],"geometry":{"type":"Polygon","coordinates":[[[-78.7264,51.0994],[-78.6688,51.09],[-78.5696,51.0535],[-78.5391,51.0355],[-78.5667,51.0358],[-78.6679,51.0708],[-78.7216,51.0811],[-78.7752,51.0835],[-78.8023,51.0879],[-78.8242,51.0973],[-78.8334,51.1135],[-78.8388,51.1332],[-78.8366,51.1415],[-78.8139,51.1465],[-78.8129,51.1509],[-78.8298,51.1653],[-78.7982,51.1529],[-78.7888,51.1412],[-78.7412,51.1067],[-78.7264,51.0994]]]}},{"type":"Feature","properties":{},"bbox":[-78.8129,47.534916,-78.56637,47.694756],"geometry":{"type":"Polygon","coordinates":[[[-78.7973,47.6462],[-78.8129,47.6565],[-78.7986,47.6712],[-78.7748,47.6868],[-78.7487,47.6948],[-78.7078,47.6783],[-78.6348,47.6912],[-78.5889,47.6771],[-78.5723,47.6647],[-78.5664,47.6427],[-78.5736,47.6197],[-78.6057,47.6271],[-78.6217,47.6162],[-78.6071,47.6026],[-78.6001,47.5811],[-78.6723,47.5956],[-78.69,47.6091],[-78.7081,47.5958],[-78.7177,47.5599],[-78.7275,47.5435],[-78.7448,47.5349],[-78.7546,47.5429],[-78.7568,47.5605],[-78.7508,47.5811],[-78.7894,47.5788],[-78.805,47.5835],[-78.7855,47.6147],[-78.7871,47.6312],[-78.7973,47.6462]]]}},{"type":"Feature","properties":{},"bbox":[-108.109048,64.714007,-107.977762,64.751685],"geometry":{"type":"Polygon","coordinates":[[[-108.1082,64.7196],[-108.109,64.7337],[-108.0852,64.7458],[-108.0524,64.7517],[-108.0262,64.7476],[-107.9778,64.7196],[-108.0034,64.714],[-108.0851,64.7143],[-108.1082,64.7196]]]}},{"type":"Feature","properties":{},"bbox":[-108.533374,64.551812,-108.108165,64.685748],"geometry":{"type":"Polygon","coordinates":[[[-108.51,64.553],[-108.5334,64.5621],[-108.5041,64.5674],[-108.4234,64.5969],[-108.3619,64.6021],[-108.3311,64.6086],[-108.3142,64.6242],[-108.3613,64.631],[-108.342,64.6454],[-108.2521,64.6787],[-108.2159,64.6857],[-108.1082,64.6857],[-108.2172,64.6528],[-108.2386,64.6378],[-108.2211,64.6322],[-108.186,64.6298],[-108.1695,64.6242],[-108.1944,64.6151],[-108.22,64.6133],[-108.273,64.6166],[-108.2821,64.6142],[-108.2932,64.5969],[-108.3085,64.5924],[-108.4339,64.5818],[-108.4542,64.5727],[-108.4729,64.5583],[-108.4907,64.5518],[-108.51,64.553]]]}},{"type":"Feature","properties":{},"bbox":[-109.129167,64.54828,-108.820674,64.737261],"geometry":{"type":"Polygon","coordinates":[[[-109.0938,64.6048],[-109.1292,64.603],[-109.1206,64.6192],[-109.0887,64.623],[-109.0746,64.631],[-109.0703,64.6445],[-109.0981,64.651],[-109.1087,64.6584],[-109.0994,64.6749],[-109.0643,64.671],[-108.9988,64.6513],[-109.0052,64.6622],[-109.0154,64.6693],[-109.0398,64.6787],[-109.03,64.699],[-109.0969,64.7128],[-109.1161,64.7296],[-109.0968,64.7373],[-108.9374,64.7025],[-108.8996,64.6719],[-108.9846,64.7093],[-109.0007,64.7034],[-108.977,64.6657],[-108.9648,64.6584],[-108.9047,64.6648],[-108.8763,64.664],[-108.8753,64.6513],[-108.8843,64.6351],[-108.8795,64.6228],[-108.8313,64.5901],[-108.8274,64.5659],[-108.8207,64.5483],[-108.851,64.5548],[-108.8554,64.5589],[-108.8548,64.573],[-108.8589,64.5827],[-108.9237,64.603],[-108.9863,64.6328],[-109.0172,64.6384],[-109.0472,64.6242],[-109.0192,64.6104],[-109.041,64.5942],[-109.0676,64.5854],[-109.1224,64.5757],[-109.0678,64.5933],[-109.0756,64.6021],[-109.0938,64.6048]]]}},{"type":"Feature","properties":{},"bbox":[-109.382468,64.527968,-109.136821,64.766992],"geometry":{"type":"Polygon","coordinates":[[[-109.3694,64.7614],[-109.2911,64.767],[-109.2663,64.7614],[-109.2281,64.7464],[-109.2139,64.7373],[-109.2179,64.7258],[-109.2421,64.7196],[-109.3279,64.7334],[-109.3196,64.7172],[-109.308,64.7066],[-109.3117,64.6766],[-109.2053,64.6242],[-109.1907,64.5969],[-109.157,64.5886],[-109.1368,64.5768],[-109.137,64.5615],[-109.1639,64.5415],[-109.1964,64.5303],[-109.2295,64.528],[-109.2625,64.5324],[-109.2943,64.5415],[-109.2702,64.5606],[-109.1901,64.5603],[-109.1845,64.5757],[-109.2079,64.5886],[-109.3209,64.6104],[-109.3017,64.6366],[-109.3195,64.6563],[-109.3825,64.6787],[-109.3825,64.6857],[-109.3541,64.6952],[-109.3496,64.7158],[-109.3694,64.7614]]]}},{"type":"Feature","properties":{},"bbox":[-79.388971,71.072566,-78.552829,71.195316],"geometry":{"type":"Polygon","coordinates":[[[-78.689,71.0952],[-78.6831,71.0861],[-78.7146,71.0802],[-78.7296,71.0799],[-78.7446,71.0861],[-78.7458,71.0979],[-78.7618,71.0985],[-78.8241,71.0835],[-78.855,71.082],[-78.8856,71.0838],[-78.9577,71.1005],[-79.0035,71.0932],[-79.0482,71.0796],[-79.094,71.0726],[-79.0934,71.0891],[-79.1099,71.0955],[-79.1336,71.0952],[-79.1819,71.0858],[-79.2647,71.0929],[-79.3118,71.0917],[-79.3233,71.0964],[-79.3267,71.1038],[-79.3132,71.1135],[-79.3283,71.1273],[-79.3469,71.1341],[-79.389,71.1409],[-79.3725,71.147],[-79.3678,71.1753],[-79.361,71.1885],[-79.3451,71.1897],[-79.1934,71.1606],[-79.18,71.1623],[-79.1486,71.175],[-79.1179,71.1756],[-79.0527,71.1685],[-79.0251,71.175],[-79.0279,71.1847],[-79.0148,71.1894],[-78.9773,71.1953],[-78.9404,71.1862],[-78.8597,71.1794],[-78.8266,71.1679],[-78.8593,71.1691],[-78.8747,71.1671],[-78.888,71.1606],[-78.8628,71.152],[-78.5733,71.1341],[-78.5793,71.1329],[-78.5801,71.127],[-78.5528,71.1197],[-78.7172,71.1135],[-78.689,71.0952]]]}},{"type":"Feature","properties":{},"bbox":[-104.901068,69.712898,-104.325733,69.885101],"geometry":{"type":"Polygon","coordinates":[[[-104.8727,69.8356],[-104.9011,69.8598],[-104.8413,69.8807],[-104.8108,69.8851],[-104.8048,69.8733],[-104.7776,69.8436],[-104.7384,69.8312],[-104.6931,69.8327],[-104.5958,69.8563],[-104.428,69.8454],[-104.451,69.8236],[-104.4779,69.8112],[-104.5075,69.8074],[-104.538,69.8112],[-104.5677,69.8218],[-104.584,69.8242],[-104.5993,69.8186],[-104.6071,69.8089],[-104.6096,69.7974],[-104.6064,69.788],[-104.5965,69.7838],[-104.5275,69.7835],[-104.4963,69.7883],[-104.3973,69.8242],[-104.3257,69.8324],[-104.3307,69.8271],[-104.3331,69.8112],[-104.3566,69.778],[-104.3961,69.7535],[-104.4764,69.7188],[-104.5006,69.7129],[-104.6102,69.732],[-104.7024,69.7285],[-104.6771,69.7603],[-104.685,69.7735],[-104.7,69.7844],[-104.7166,69.7909],[-104.7951,69.8047],[-104.8354,69.8174],[-104.8727,69.8356]]]}},{"type":"Feature","properties":{},"bbox":[-98.576508,67.163705,-98.181324,67.440996],"geometry":{"type":"Polygon","coordinates":[[[-98.283,67.3],[-98.2882,67.2929],[-98.2886,67.2691],[-98.2944,67.2638],[-98.3351,67.2591],[-98.3646,67.25],[-98.3884,67.2341],[-98.3981,67.2105],[-98.3997,67.1669],[-98.4115,67.1637],[-98.439,67.1802],[-98.4732,67.207],[-98.492,67.2132],[-98.5312,67.2149],[-98.549,67.2211],[-98.5291,67.2335],[-98.5362,67.2473],[-98.5728,67.2726],[-98.5765,67.2829],[-98.5681,67.2906],[-98.5543,67.2941],[-98.5237,67.2879],[-98.5228,67.295],[-98.5353,67.3168],[-98.5365,67.3524],[-98.5266,67.393],[-98.5038,67.4266],[-98.4664,67.441],[-98.4767,67.4269],[-98.4842,67.4089],[-98.4811,67.393],[-98.4595,67.3857],[-98.4382,67.393],[-98.399,67.4219],[-98.3702,67.4204],[-98.3576,67.3977],[-98.3482,67.3224],[-98.3292,67.3106],[-98.3366,67.3241],[-98.2916,67.3277],[-98.2814,67.335],[-98.2012,67.3592],[-98.1813,67.3598],[-98.1859,67.3439],[-98.2052,67.3327],[-98.2133,67.3091],[-98.223,67.2982],[-98.2473,67.3241],[-98.283,67.3]]]}},{"type":"Feature","properties":{},"bbox":[-96.301367,55.215171,-95.680112,55.400031],"geometry":{"type":"Polygon","coordinates":[[[-95.6888,55.3897],[-95.6801,55.3694],[-95.6844,55.3585],[-95.7589,55.3253],[-95.7733,55.3114],[-95.705,55.3038],[-95.705,55.297],[-95.7378,55.2885],[-95.8483,55.2841],[-96.1368,55.2152],[-96.222,55.2158],[-96.2674,55.2225],[-96.3014,55.2355],[-96.2309,55.2658],[-96.1942,55.2752],[-96.1505,55.2767],[-96.0774,55.2637],[-96.0544,55.2705],[-96.0332,55.297],[-95.9976,55.3032],[-95.9592,55.3238],[-95.8676,55.3568],[-95.8483,55.3765],[-95.8255,55.3891],[-95.7739,55.3968],[-95.6844,55.4],[-95.6888,55.3897]]]}},{"type":"Feature","properties":{},"bbox":[-102.420756,54.430101,-102.076497,54.759495],"geometry":{"type":"Polygon","coordinates":[[[-102.0781,54.708],[-102.0781,54.6397],[-102.1139,54.6002],[-102.1179,54.5929],[-102.1212,54.5664],[-102.1307,54.5564],[-102.1329,54.5467],[-102.1307,54.5375],[-102.1192,54.5199],[-102.1205,54.4816],[-102.1264,54.4669],[-102.1395,54.4548],[-102.1582,54.4489],[-102.2141,54.4548],[-102.2355,54.4486],[-102.2565,54.4369],[-102.2762,54.4301],[-102.2939,54.4375],[-102.3208,54.4578],[-102.332,54.4798],[-102.3639,54.4849],[-102.4208,54.5093],[-102.4208,54.5164],[-102.4056,54.5252],[-102.3848,54.5461],[-102.3466,54.5549],[-102.3395,54.5667],[-102.3382,54.6261],[-102.3519,54.6526],[-102.3535,54.6677],[-102.3497,54.6791],[-102.3401,54.6894],[-102.2986,54.7174],[-102.2207,54.7577],[-102.1979,54.7595],[-102.1723,54.7359],[-102.1574,54.7271],[-102.1395,54.7218],[-102.0942,54.7156],[-102.0781,54.708]]]}},{"type":"Feature","properties":{},"bbox":[-105.830817,54.050077,-105.538514,54.514584],"geometry":{"type":"Polygon","coordinates":[[[-105.5515,54.3653],[-105.5453,54.3483],[-105.5472,54.3424],[-105.559,54.338],[-105.5722,54.3256],[-105.6071,54.3053],[-105.6227,54.2838],[-105.6604,54.2585],[-105.6688,54.2455],[-105.6742,54.2273],[-105.6878,54.2105],[-105.7056,54.1984],[-105.7241,54.194],[-105.7184,54.1849],[-105.6961,54.1669],[-105.6956,54.131],[-105.6992,54.1251],[-105.7082,54.1204],[-105.7132,54.0881],[-105.7393,54.0583],[-105.7507,54.0501],[-105.7967,54.0663],[-105.8092,54.0742],[-105.8124,54.0851],[-105.7986,54.1251],[-105.8054,54.1549],[-105.7996,54.1746],[-105.8082,54.1858],[-105.8265,54.2002],[-105.8308,54.2205],[-105.8083,54.2541],[-105.7986,54.2767],[-105.7951,54.3112],[-105.7886,54.3209],[-105.7781,54.3235],[-105.764,54.3185],[-105.744,54.3038],[-105.7377,54.3038],[-105.7307,54.3185],[-105.7229,54.4015],[-105.7166,54.4375],[-105.7187,54.451],[-105.7281,54.4672],[-105.7303,54.4787],[-105.7209,54.5052],[-105.6982,54.5146],[-105.6711,54.5116],[-105.6483,54.5019],[-105.6143,54.4684],[-105.6021,54.4672],[-105.5793,54.4731],[-105.5657,54.4684],[-105.565,54.4469],[-105.5582,54.4275],[-105.5385,54.3995],[-105.5465,54.3912],[-105.5515,54.3653]]]}},{"type":"Feature","properties":{},"bbox":[-71.117044,53.418078,-70.843286,53.603527],"geometry":{"type":"Polygon","coordinates":[[[-70.8527,53.4452],[-70.857,53.4399],[-70.8433,53.4337],[-70.8433,53.4269],[-70.8689,53.4187],[-70.8839,53.4181],[-70.9069,53.4313],[-70.9799,53.4257],[-70.9989,53.4284],[-71.0071,53.4369],[-71.0087,53.4528],[-71.0159,53.4587],[-71.0386,53.4643],[-71.0585,53.4808],[-71.0623,53.4884],[-71.0558,53.4993],[-71.0337,53.5208],[-71.0351,53.5361],[-71.0463,53.5432],[-71.0829,53.5452],[-71.097,53.5497],[-71.1039,53.5608],[-71.1063,53.5826],[-71.117,53.5909],[-71.0739,53.6035],[-71.0623,53.5982],[-71.0146,53.5982],[-71.0284,53.5885],[-71.076,53.5703],[-70.998,53.5844],[-70.9737,53.5847],[-70.9737,53.577],[-71.0009,53.5629],[-70.9613,53.5623],[-70.9422,53.5644],[-70.9251,53.5703],[-70.9313,53.5455],[-70.9537,53.5323],[-70.9809,53.5229],[-71.0009,53.5087],[-70.9521,53.5126],[-70.9307,53.5208],[-70.9116,53.5361],[-70.9038,53.5079],[-70.906,53.4943],[-70.9303,53.4843],[-70.9537,53.4658],[-70.9662,53.4611],[-70.9584,53.4407],[-70.941,53.4446],[-70.9054,53.4678],[-70.8941,53.4537],[-70.8599,53.4616],[-70.8433,53.4611],[-70.8527,53.4452]]]}},{"type":"Feature","properties":{},"bbox":[-61.297646,52.313918,-60.57145,52.621528],"geometry":{"type":"Polygon","coordinates":[[[-60.5829,52.3283],[-60.5714,52.3166],[-60.6306,52.3139],[-60.6605,52.3172],[-60.6812,52.3301],[-60.6996,52.3645],[-60.7389,52.3854],[-60.8248,52.4122],[-60.7986,52.4193],[-60.7694,52.4196],[-60.7943,52.4458],[-60.8308,52.4602],[-60.9363,52.4705],[-60.9454,52.4793],[-60.9476,52.5076],[-60.9538,52.5256],[-60.9627,52.5365],[-60.9759,52.5438],[-61.0776,52.5656],[-61.1175,52.5791],[-61.15,52.6006],[-61.1634,52.6047],[-61.2157,52.5909],[-61.2376,52.5894],[-61.2791,52.5959],[-61.2976,52.6039],[-61.2901,52.6115],[-61.2703,52.6039],[-61.2404,52.5986],[-61.2105,52.5989],[-61.1708,52.6215],[-61.148,52.6195],[-61.1059,52.5977],[-61.057,52.5821],[-60.9496,52.5659],[-60.8998,52.5494],[-60.9058,52.5273],[-60.9072,52.5058],[-60.8911,52.4923],[-60.834,52.4855],[-60.7716,52.4708],[-60.7297,52.4555],[-60.7148,52.447],[-60.7279,52.439],[-60.736,52.4264],[-60.7136,52.4149],[-60.6939,52.3999],[-60.6596,52.3643],[-60.6472,52.3372],[-60.633,52.3301],[-60.5829,52.3283]]]}},{"type":"Feature","properties":{},"bbox":[-112.396315,64.642476,-111.830253,64.904755],"geometry":{"type":"Polygon","coordinates":[[[-112.1588,64.8159],[-112.1078,64.7932],[-111.9898,64.7761],[-111.9421,64.7508],[-111.9153,64.7243],[-111.8968,64.7134],[-111.8562,64.7261],[-111.8375,64.714],[-111.8303,64.6952],[-111.8557,64.6687],[-111.867,64.6657],[-111.904,64.6693],[-111.9408,64.646],[-111.9721,64.6425],[-112.0353,64.6513],[-112.0353,64.6584],[-111.9882,64.6757],[-111.9711,64.6899],[-111.9801,64.7066],[-111.9745,64.7296],[-112.0129,64.7458],[-112.1725,64.7888],[-112.2612,64.8023],[-112.289,64.8182],[-112.331,64.8618],[-112.3726,64.8759],[-112.3963,64.8995],[-112.3947,64.9048],[-112.3545,64.9027],[-112.3376,64.8968],[-112.2611,64.8518],[-112.2407,64.8432],[-112.1861,64.8359],[-112.1674,64.8409],[-112.1588,64.8159]]]}},{"type":"Feature","properties":{},"bbox":[-83.939104,48.25287,-83.424556,48.506612],"geometry":{"type":"Polygon","coordinates":[[[-83.9191,48.295],[-83.9391,48.3],[-83.9216,48.3135],[-83.834,48.3527],[-83.7747,48.3906],[-83.7514,48.4009],[-83.7085,48.413],[-83.6406,48.4457],[-83.5891,48.4516],[-83.6127,48.4289],[-83.7132,48.3906],[-83.7319,48.3777],[-83.7407,48.3615],[-83.7339,48.3556],[-83.7244,48.3547],[-83.7113,48.3638],[-83.5623,48.4148],[-83.5345,48.4315],[-83.4839,48.4757],[-83.4559,48.494],[-83.4246,48.5066],[-83.4856,48.4398],[-83.5274,48.4095],[-83.6945,48.3471],[-83.7453,48.3194],[-83.8361,48.2529],[-83.8492,48.2591],[-83.8365,48.2767],[-83.7915,48.3179],[-83.7588,48.3415],[-83.7542,48.3518],[-83.7582,48.3653],[-83.7681,48.3677],[-83.7915,48.3627],[-83.8156,48.3353],[-83.825,48.3303],[-83.8565,48.3218],[-83.8973,48.3014],[-83.9191,48.295]]]}},{"type":"Feature","properties":{},"bbox":[-107.090843,55.794185,-106.861239,55.949609],"geometry":{"type":"Polygon","coordinates":[[[-106.8895,55.9181],[-106.8963,55.906],[-106.8871,55.8963],[-106.8612,55.8866],[-106.8927,55.8663],[-106.9388,55.8651],[-106.9822,55.8592],[-107.0052,55.8254],[-106.9569,55.8242],[-106.9431,55.8183],[-106.981,55.8015],[-107.0018,55.798],[-107.0189,55.8048],[-107.0576,55.7942],[-107.0745,55.7968],[-107.0908,55.808],[-107.0898,55.8186],[-107.0667,55.8495],[-107.0667,55.8663],[-107.0376,55.869],[-107.0114,55.8798],[-107.0002,55.8896],[-106.978,55.9208],[-106.9547,55.9343],[-106.9204,55.947],[-106.8874,55.9496],[-106.868,55.9346],[-106.8895,55.9181]]]}},{"type":"Feature","properties":{},"bbox":[-106.573204,55.620804,-106.272069,55.770047],"geometry":{"type":"Polygon","coordinates":[[[-106.5533,55.6882],[-106.5538,55.6997],[-106.5423,55.7003],[-106.5217,55.695],[-106.502,55.7015],[-106.4665,55.73],[-106.4014,55.7433],[-106.3171,55.7689],[-106.2721,55.77],[-106.2797,55.7662],[-106.2927,55.7494],[-106.3096,55.7403],[-106.3841,55.7159],[-106.3972,55.7079],[-106.4223,55.6817],[-106.4028,55.6761],[-106.3601,55.6856],[-106.3398,55.6817],[-106.3287,55.6682],[-106.3334,55.6547],[-106.3483,55.6438],[-106.3677,55.6396],[-106.4322,55.6417],[-106.4466,55.6364],[-106.4637,55.6249],[-106.4855,55.6208],[-106.5074,55.6235],[-106.5254,55.6329],[-106.5086,55.6452],[-106.4981,55.6676],[-106.5343,55.655],[-106.5535,55.6544],[-106.5732,55.6602],[-106.5533,55.6882]]]}},{"type":"Feature","properties":{},"bbox":[-102.811819,62.40472,-102.482278,62.759723],"geometry":{"type":"Polygon","coordinates":[[[-102.5154,62.4356],[-102.5905,62.4406],[-102.6262,62.4374],[-102.6798,62.4127],[-102.7083,62.4047],[-102.7354,62.4106],[-102.6739,62.4448],[-102.7001,62.4601],[-102.7082,62.4683],[-102.6677,62.5048],[-102.6555,62.5298],[-102.6225,62.5507],[-102.6267,62.5834],[-102.688,62.6093],[-102.8043,62.6367],[-102.7837,62.644],[-102.7606,62.6443],[-102.715,62.6367],[-102.7295,62.6649],[-102.7381,62.6747],[-102.7528,62.6782],[-102.795,62.6705],[-102.8118,62.6732],[-102.8112,62.692],[-102.7998,62.7011],[-102.7544,62.7218],[-102.7151,62.7273],[-102.6957,62.7335],[-102.6604,62.7597],[-102.6671,62.7329],[-102.6418,62.7232],[-102.6089,62.7194],[-102.603,62.7153],[-102.5988,62.6844],[-102.5882,62.6632],[-102.5868,62.6535],[-102.6081,62.6196],[-102.6103,62.6078],[-102.5219,62.5625],[-102.5133,62.5507],[-102.5303,62.5331],[-102.5385,62.5301],[-102.5887,62.5251],[-102.5975,62.5181],[-102.6052,62.4995],[-102.5485,62.468],[-102.5198,62.4559],[-102.4823,62.4518],[-102.4823,62.4448],[-102.5154,62.4356]]]}},{"type":"Feature","properties":{},"bbox":[-103.49651,61.365615,-103.126494,61.695597],"geometry":{"type":"Polygon","coordinates":[[[-103.2148,61.6276],[-103.2114,61.6344],[-103.2186,61.6585],[-103.2253,61.6662],[-103.2154,61.6871],[-103.2063,61.6944],[-103.1982,61.6956],[-103.1842,61.6665],[-103.1375,61.6464],[-103.1265,61.6288],[-103.1359,61.6093],[-103.1592,61.592],[-103.1867,61.5796],[-103.2233,61.5726],[-103.3183,61.5399],[-103.3401,61.5202],[-103.3601,61.4583],[-103.3729,61.4307],[-103.3892,61.4104],[-103.4163,61.383],[-103.4474,61.3656],[-103.4759,61.3756],[-103.4781,61.4018],[-103.4849,61.4107],[-103.4965,61.4162],[-103.4554,61.5025],[-103.4434,61.5163],[-103.3661,61.5543],[-103.3012,61.602],[-103.2807,61.6088],[-103.2409,61.6149],[-103.2148,61.6276]]]}},{"type":"Feature","properties":{},"bbox":[-103.845184,58.538836,-103.574958,58.70574],"geometry":{"type":"Polygon","coordinates":[[[-103.6312,58.6639],[-103.6051,58.6704],[-103.592,58.6692],[-103.5775,58.6551],[-103.575,58.6366],[-103.5838,58.6207],[-103.6184,58.6092],[-103.654,58.583],[-103.6609,58.5695],[-103.6658,58.5424],[-103.6708,58.5388],[-103.6873,58.5415],[-103.7018,58.5656],[-103.7399,58.5753],[-103.7875,58.5739],[-103.828,58.5777],[-103.8452,58.6039],[-103.8216,58.6216],[-103.7778,58.6386],[-103.7542,58.6616],[-103.7913,58.6966],[-103.6368,58.7057],[-103.6125,58.7028],[-103.6303,58.6931],[-103.6412,58.6775],[-103.6405,58.6692],[-103.6312,58.6639]]]}},{"type":"Feature","properties":{},"bbox":[-69.26726,56.057935,-68.794364,56.667563],"geometry":{"type":"Polygon","coordinates":[[[-68.942,56.158],[-68.8285,56.0936],[-68.8067,56.0768],[-68.7944,56.0579],[-68.817,56.0688],[-68.8615,56.1],[-68.8995,56.1124],[-69.1513,56.2734],[-69.1672,56.2869],[-69.18,56.3037],[-69.1854,56.322],[-69.1781,56.3423],[-69.1451,56.367],[-69.137,56.387],[-69.1575,56.428],[-69.2502,56.475],[-69.2673,56.5104],[-69.2611,56.5189],[-69.2378,56.5357],[-69.2275,56.5613],[-69.1916,56.5857],[-69.1395,56.6487],[-69.1165,56.6676],[-69.1165,56.6266],[-69.1797,56.5466],[-69.196,56.5051],[-69.1717,56.4621],[-69.1127,56.4112],[-69.1054,56.3912],[-69.1164,56.3685],[-69.1444,56.3323],[-69.1339,56.302],[-69.0958,56.2728],[-68.9716,56.2092],[-68.9574,56.1948],[-68.952,56.1713],[-68.942,56.158]]]}},{"type":"Feature","properties":{},"bbox":[-89.103134,66.474304,-88.783013,66.632083],"geometry":{"type":"Polygon","coordinates":[[[-88.7845,66.628],[-88.7843,66.6174],[-88.8148,66.5941],[-88.8245,66.5912],[-88.8722,66.5918],[-88.9692,66.5632],[-88.9823,66.5532],[-88.992,66.5373],[-89.0579,66.5011],[-89.0824,66.4772],[-89.0921,66.4743],[-89.1031,66.4778],[-89.0921,66.5011],[-89.0846,66.5532],[-89.0448,66.5626],[-89.0375,66.567],[-89.0345,66.5785],[-89.027,66.5841],[-88.9819,66.6088],[-88.9549,66.6124],[-88.9003,66.6109],[-88.8141,66.6291],[-88.783,66.6321],[-88.7845,66.628]]]}},{"type":"Feature","properties":{},"bbox":[-88.742097,66.572033,-88.084781,66.76072],"geometry":{"type":"Polygon","coordinates":[[[-88.5949,66.6421],[-88.6227,66.6182],[-88.6644,66.5906],[-88.7081,66.572],[-88.7421,66.5767],[-88.7238,66.6077],[-88.6926,66.6433],[-88.6975,66.6515],[-88.7153,66.6662],[-88.6514,66.658],[-88.6192,66.663],[-88.6055,66.6868],[-88.6132,66.7018],[-88.6271,66.7163],[-88.6336,66.7328],[-88.6191,66.7542],[-88.6014,66.7607],[-88.5862,66.7528],[-88.574,66.7372],[-88.5644,66.7207],[-88.5562,66.6898],[-88.5509,66.6833],[-88.5365,66.6792],[-88.482,66.6798],[-88.4566,66.693],[-88.4349,66.7239],[-88.4068,66.7278],[-88.3818,66.7222],[-88.2854,66.6756],[-88.233,66.6577],[-88.1785,66.6321],[-88.0848,66.6047],[-88.1276,66.5923],[-88.1523,66.5897],[-88.2336,66.5935],[-88.2423,66.5979],[-88.2446,66.6185],[-88.2486,66.6253],[-88.2663,66.6356],[-88.3706,66.6712],[-88.4324,66.6715],[-88.4823,66.663],[-88.5244,66.6503],[-88.5774,66.6489],[-88.5949,66.6421]]]}},{"type":"Feature","properties":{},"bbox":[-111.71236,46.359815,-111.474072,46.662421],"geometry":{"type":"Polygon","coordinates":[[[-111.5555,46.4784],[-111.5733,46.5138],[-111.6042,46.5459],[-111.6788,46.608],[-111.7071,46.6377],[-111.7124,46.6495],[-111.7031,46.6624],[-111.687,46.6601],[-111.67,46.6509],[-111.6578,46.6421],[-111.6277,46.6103],[-111.6052,46.5944],[-111.5687,46.5791],[-111.5418,46.5194],[-111.5321,46.5123],[-111.5001,46.4988],[-111.495,46.4917],[-111.4741,46.4487],[-111.4747,46.426],[-111.4864,46.389],[-111.5138,46.3598],[-111.5332,46.3848],[-111.5555,46.4784]]]}},{"type":"Feature","properties":{},"bbox":[-110.739928,43.826517,-110.58156,44.05877],"geometry":{"type":"Polygon","coordinates":[[[-110.6996,43.9334],[-110.6996,44.0114],[-110.7036,44.0367],[-110.7126,44.052],[-110.7126,44.0588],[-110.705,44.0588],[-110.6778,44.0255],[-110.6594,44.0105],[-110.6446,43.9878],[-110.6343,43.9616],[-110.63,43.9354],[-110.6362,43.8877],[-110.6334,43.8777],[-110.6235,43.8754],[-110.597,43.8842],[-110.5816,43.8807],[-110.5897,43.8633],[-110.6039,43.8468],[-110.6189,43.8371],[-110.63,43.8398],[-110.6446,43.8265],[-110.6556,43.8277],[-110.6778,43.8465],[-110.7251,43.8701],[-110.7399,43.8807],[-110.7165,43.8886],[-110.7043,43.9078],[-110.6996,43.9334]]]}},{"type":"Feature","properties":{},"bbox":[-94.638063,47.383319,-94.505599,47.471333],"geometry":{"type":"Polygon","coordinates":[[[-94.5358,47.4693],[-94.5056,47.4578],[-94.5199,47.4372],[-94.511,47.4216],[-94.5127,47.4036],[-94.5221,47.3892],[-94.5364,47.3833],[-94.5802,47.3877],[-94.5998,47.3936],[-94.6155,47.4025],[-94.6381,47.4287],[-94.637,47.4401],[-94.6001,47.4493],[-94.567,47.4684],[-94.5467,47.4713],[-94.5358,47.4693]]]}},{"type":"Feature","properties":{},"bbox":[-94.340166,47.357415,-94.066113,47.514605],"geometry":{"type":"Polygon","coordinates":[[[-94.0661,47.454],[-94.0754,47.4404],[-94.0941,47.4328],[-94.1116,47.4304],[-94.1429,47.4457],[-94.1616,47.4466],[-94.1797,47.3889],[-94.2055,47.3651],[-94.2408,47.3574],[-94.2798,47.3689],[-94.3122,47.3922],[-94.3343,47.4236],[-94.3402,47.4525],[-94.3378,47.461],[-94.3318,47.4613],[-94.3001,47.451],[-94.2998,47.4687],[-94.287,47.4949],[-94.2651,47.5146],[-94.149,47.5067],[-94.1089,47.4955],[-94.077,47.4749],[-94.0661,47.454]]]}},{"type":"Feature","properties":{},"bbox":[-98.111412,54.546964,-96.691547,54.948182],"geometry":{"type":"Polygon","coordinates":[[[-97.1141,54.8272],[-97.1169,54.8207],[-97.0995,54.8178],[-97.0626,54.8322],[-97.0514,54.8281],[-97.0521,54.8128],[-97.0747,54.7986],[-97.1038,54.7883],[-97.252,54.7642],[-97.2919,54.7433],[-97.3149,54.7421],[-97.3102,54.763],[-97.3249,54.7733],[-97.3667,54.7769],[-97.3882,54.7707],[-97.4459,54.7286],[-97.4832,54.7177],[-97.4868,54.708],[-97.4779,54.7018],[-97.4601,54.7],[-97.3761,54.7065],[-97.3677,54.7033],[-97.3907,54.6877],[-97.4129,54.6821],[-97.4718,54.6777],[-97.5033,54.6656],[-97.535,54.6765],[-97.5486,54.6771],[-97.6312,54.66],[-97.644,54.6597],[-97.6588,54.6644],[-97.6886,54.6877],[-97.7393,54.6824],[-97.7638,54.67],[-97.781,54.6465],[-97.7885,54.6329],[-97.7766,54.6153],[-97.7758,54.5926],[-97.7856,54.5732],[-97.8053,54.5646],[-97.8831,54.5617],[-97.9114,54.5646],[-97.9579,54.5855],[-97.9803,54.5891],[-98.0228,54.5596],[-98.0493,54.549],[-98.0777,54.547],[-98.1032,54.5573],[-98.1114,54.5746],[-98.1048,54.5952],[-98.0879,54.6123],[-98.0433,54.6253],[-97.9865,54.6671],[-97.9207,54.6897],[-97.9015,54.7047],[-97.8322,54.7015],[-97.8084,54.708],[-97.781,54.7421],[-97.748,54.7607],[-97.7367,54.7627],[-97.7264,54.7577],[-97.7305,54.7339],[-97.7264,54.7251],[-97.7151,54.7233],[-97.6787,54.7354],[-97.5718,54.7489],[-97.5501,54.7557],[-97.5087,54.7875],[-97.4868,54.7975],[-97.3299,54.811],[-97.2807,54.8248],[-97.2672,54.8384],[-97.2398,54.8446],[-97.2067,54.8572],[-97.1718,54.8631],[-97.1032,54.8931],[-97.0448,54.9026],[-97.0137,54.9108],[-96.9924,54.9323],[-96.9743,54.9326],[-96.9366,54.9267],[-96.9176,54.9202],[-96.887,54.9202],[-96.8426,54.9346],[-96.7258,54.9482],[-96.6958,54.9449],[-96.6915,54.9405],[-96.7257,54.9223],[-96.7473,54.9143],[-96.7703,54.9099],[-96.8788,54.9037],[-96.9266,54.8887],[-97.0305,54.8743],[-97.0832,54.8481],[-97.1141,54.8272]]]}},{"type":"Feature","properties":{},"bbox":[-75.348529,51.307487,-74.816907,51.500884],"geometry":{"type":"Polygon","coordinates":[[[-75.0199,51.3296],[-75.006,51.3331],[-75.0063,51.341],[-75.018,51.364],[-75.0265,51.3664],[-75.0297,51.3705],[-75.0277,51.3814],[-75.0236,51.3843],[-75.0227,51.4067],[-75.0238,51.4182],[-75.0297,51.4252],[-75.0714,51.3852],[-75.0888,51.3775],[-75.1333,51.3705],[-75.1416,51.3622],[-75.1534,51.3363],[-75.1716,51.3328],[-75.1753,51.3478],[-75.1688,51.3675],[-75.157,51.3775],[-75.1426,51.3843],[-75.1459,51.3996],[-75.1623,51.414],[-75.1874,51.4191],[-75.2072,51.4123],[-75.2401,51.3893],[-75.2817,51.3802],[-75.2877,51.374],[-75.2844,51.3643],[-75.2746,51.3593],[-75.2359,51.3643],[-75.2537,51.3493],[-75.2632,51.3296],[-75.2427,51.3234],[-75.2296,51.3093],[-75.2973,51.3166],[-75.2907,51.3337],[-75.2963,51.3466],[-75.3103,51.3546],[-75.3485,51.3616],[-75.3466,51.3708],[-75.3306,51.3802],[-75.2742,51.3908],[-75.2565,51.3973],[-75.2427,51.4046],[-75.2255,51.4202],[-75.2242,51.4326],[-75.2371,51.4411],[-75.2632,51.4455],[-75.2532,51.4503],[-75.1943,51.4553],[-75.1688,51.4653],[-75.1466,51.4697],[-75.1129,51.4873],[-75.0577,51.5009],[-75.0593,51.4882],[-75.0568,51.4776],[-75.0495,51.4706],[-75.0372,51.4673],[-75.0015,51.4679],[-74.9925,51.4638],[-74.9766,51.4429],[-74.9838,51.4361],[-74.986,51.4279],[-74.9826,51.4123],[-74.9342,51.4046],[-74.9438,51.3823],[-74.9308,51.3749],[-74.8715,51.3811],[-74.8182,51.4123],[-74.8169,51.3973],[-74.8449,51.377],[-74.8522,51.3611],[-74.8541,51.3481],[-74.8758,51.3399],[-74.8931,51.3093],[-74.9042,51.3075],[-74.9146,51.3101],[-74.933,51.3201],[-74.9349,51.3281],[-74.941,51.3296],[-74.972,51.3296],[-74.9932,51.3257],[-75.0365,51.3098],[-75.0515,51.3093],[-75.0284,51.3272],[-75.0199,51.3296]],[[-75.0789,51.4803],[-75.0911,51.4856],[-75.112,51.4659],[-75.1229,51.46],[-75.1568,51.4564],[-75.1715,51.4503],[-75.1806,51.4397],[-75.1204,51.4397],[-75.0936,51.4503],[-75.0789,51.4803]]]}},{"type":"Feature","properties":{},"bbox":[-91.638934,48.812456,-91.285108,48.979067],"geometry":{"type":"Polygon","coordinates":[[[-91.3328,48.8905],[-91.3357,48.874],[-91.3048,48.8493],[-91.3306,48.8195],[-91.3488,48.8125],[-91.3706,48.8248],[-91.374,48.8575],[-91.3778,48.8654],[-91.4084,48.8828],[-91.4168,48.9052],[-91.4221,48.9108],[-91.4327,48.9125],[-91.4736,48.9075],[-91.4826,48.8881],[-91.4748,48.8687],[-91.442,48.8357],[-91.4785,48.816],[-91.4947,48.8169],[-91.4973,48.8357],[-91.5146,48.8278],[-91.5321,48.8357],[-91.5184,48.8493],[-91.5683,48.8407],[-91.5885,48.8407],[-91.5867,48.8563],[-91.6295,48.8651],[-91.6389,48.8713],[-91.6338,48.8905],[-91.6208,48.9055],[-91.5768,48.9384],[-91.5625,48.9449],[-91.5403,48.9493],[-91.5012,48.9679],[-91.4806,48.9723],[-91.4475,48.9652],[-91.4293,48.9758],[-91.4174,48.9791],[-91.4054,48.9779],[-91.3949,48.9723],[-91.4396,48.9487],[-91.442,48.9376],[-91.4283,48.9284],[-91.4117,48.9326],[-91.3874,48.9449],[-91.3752,48.937],[-91.3737,48.9208],[-91.3703,48.9178],[-91.3301,48.9181],[-91.2857,48.9314],[-91.2851,48.9264],[-91.3328,48.8905]]]}},{"type":"Feature","properties":{},"bbox":[-96.033202,50.281333,-95.766361,50.421156],"geometry":{"type":"Polygon","coordinates":[[[-95.8105,50.3782],[-95.8164,50.3643],[-95.8074,50.3358],[-95.8305,50.3278],[-95.8483,50.3155],[-95.8544,50.2925],[-95.8598,50.2837],[-95.8762,50.2813],[-95.8723,50.294],[-95.8798,50.317],[-95.8732,50.3323],[-95.8578,50.3452],[-95.8557,50.3532],[-95.8595,50.3582],[-95.8785,50.3629],[-95.9137,50.3467],[-95.9359,50.3529],[-95.9565,50.3546],[-96.0079,50.2905],[-96.0255,50.2816],[-96.0332,50.3055],[-96.0292,50.3358],[-96.0192,50.3605],[-95.9923,50.4047],[-95.9861,50.4047],[-95.9854,50.39],[-95.9792,50.3797],[-95.968,50.3749],[-95.952,50.377],[-95.9353,50.3861],[-95.9278,50.3935],[-95.9215,50.4085],[-95.8968,50.4047],[-95.8629,50.4047],[-95.8522,50.4067],[-95.8279,50.4191],[-95.8092,50.4212],[-95.7901,50.4197],[-95.7745,50.4126],[-95.7664,50.3973],[-95.8105,50.3782]]]}},{"type":"Feature","properties":{},"bbox":[-92.031616,51.247731,-91.756827,51.459673],"geometry":{"type":"Polygon","coordinates":[[[-92.0122,51.3293],[-92.0316,51.3363],[-92.0084,51.3425],[-91.9429,51.3496],[-91.9292,51.3537],[-91.9423,51.3873],[-91.9439,51.4046],[-91.9292,51.4191],[-91.9364,51.4332],[-91.8914,51.4597],[-91.8812,51.4564],[-91.8604,51.4397],[-91.7807,51.4417],[-91.7785,51.4326],[-91.7861,51.4246],[-91.82,51.4046],[-91.7983,51.3911],[-91.82,51.3775],[-91.8063,51.3722],[-91.7715,51.3775],[-91.7633,51.369],[-91.7568,51.3552],[-91.7568,51.3422],[-91.7682,51.3363],[-91.7916,51.3334],[-91.8941,51.3013],[-91.9065,51.2942],[-91.915,51.2819],[-91.9,51.2645],[-91.899,51.253],[-91.9184,51.2477],[-91.9336,51.2507],[-91.9583,51.2645],[-91.9733,51.2675],[-92.0248,51.2613],[-92.0131,51.2736],[-91.9985,51.2825],[-91.9635,51.296],[-91.9635,51.3022],[-92.0122,51.3293]]]}},{"type":"Feature","properties":{},"bbox":[-91.983046,51.486755,-91.592866,51.770522],"geometry":{"type":"Polygon","coordinates":[[[-91.8909,51.7696],[-91.8725,51.7614],[-91.8557,51.7482],[-91.8367,51.7411],[-91.6896,51.7431],[-91.6685,51.7473],[-91.6269,51.7661],[-91.6077,51.7705],[-91.5929,51.7617],[-91.6064,51.7411],[-91.6244,51.7414],[-91.64,51.7364],[-91.6856,51.7105],[-91.6975,51.7064],[-91.7624,51.7046],[-91.7936,51.6966],[-91.8209,51.6816],[-91.8404,51.6593],[-91.8211,51.6501],[-91.8273,51.6345],[-91.8468,51.6192],[-91.8672,51.6107],[-91.8535,51.5904],[-91.8939,51.5521],[-91.9081,51.5427],[-91.8591,51.5065],[-91.8473,51.5009],[-91.8759,51.4897],[-91.9081,51.4873],[-91.9673,51.4991],[-91.9801,51.5047],[-91.983,51.5265],[-91.9389,51.5792],[-91.9292,51.6107],[-91.9374,51.6248],[-91.9658,51.6422],[-91.9702,51.6516],[-91.957,51.659],[-91.9152,51.6678],[-91.9184,51.6822],[-91.9255,51.6937],[-91.9279,51.7064],[-91.9256,51.7193],[-91.9184,51.7302],[-91.8937,51.7511],[-91.8928,51.759],[-91.915,51.7617],[-91.8909,51.7696]]]}},{"type":"Feature","properties":{},"bbox":[-107.704151,55.852175,-107.546371,55.994352],"geometry":{"type":"Polygon","coordinates":[[[-107.6144,55.9431],[-107.6148,55.9284],[-107.6113,55.9178],[-107.5945,55.8937],[-107.5874,55.8866],[-107.5542,55.8704],[-107.5464,55.8595],[-107.5673,55.8528],[-107.6543,55.8522],[-107.6665,55.8557],[-107.675,55.866],[-107.6863,55.8966],[-107.6899,55.9208],[-107.7042,55.9555],[-107.6994,55.9723],[-107.6891,55.987],[-107.6759,55.9944],[-107.6631,55.9896],[-107.6345,55.9649],[-107.6158,55.9564],[-107.6144,55.9431]]]}},{"type":"Feature","properties":{},"bbox":[-93.676522,53.091039,-93.326523,53.219382],"geometry":{"type":"Polygon","coordinates":[[[-93.6338,53.217],[-93.5878,53.1935],[-93.5582,53.1926],[-93.4959,53.2032],[-93.4716,53.1935],[-93.4764,53.1829],[-93.4737,53.177],[-93.445,53.1711],[-93.4282,53.1573],[-93.4165,53.152],[-93.3961,53.154],[-93.3764,53.1629],[-93.3595,53.1661],[-93.3476,53.152],[-93.3458,53.1367],[-93.3303,53.1214],[-93.3265,53.1078],[-93.3321,53.0972],[-93.346,53.0946],[-93.3748,53.0972],[-93.5573,53.091],[-93.5882,53.0963],[-93.615,53.1111],[-93.6366,53.1467],[-93.6527,53.152],[-93.6605,53.1579],[-93.6668,53.1714],[-93.6698,53.1935],[-93.6765,53.2011],[-93.6561,53.2194],[-93.6338,53.217]]]}},{"type":"Feature","properties":{},"bbox":[-93.361847,52.940325,-92.527619,53.147851],"geometry":{"type":"Polygon","coordinates":[[[-93.3471,53.0607],[-93.3255,53.0587],[-93.2824,53.0428],[-93.1576,53.0366],[-93.1134,53.0475],[-92.9912,53.064],[-92.9494,53.0616],[-92.9372,53.064],[-92.9237,53.0737],[-92.9078,53.0937],[-92.8919,53.0972],[-92.8236,53.0837],[-92.7758,53.0857],[-92.751,53.1049],[-92.6922,53.1352],[-92.6573,53.1479],[-92.6418,53.142],[-92.6373,53.1305],[-92.6318,53.1267],[-92.6162,53.124],[-92.6108,53.1078],[-92.5977,53.1022],[-92.5666,53.1013],[-92.5525,53.091],[-92.5322,53.0648],[-92.5276,53.0495],[-92.5563,53.0354],[-92.575,53.0024],[-92.6111,52.9886],[-92.6228,52.986],[-92.6357,52.9874],[-92.6498,53.0054],[-92.6174,53.0257],[-92.6053,53.0375],[-92.6043,53.0428],[-92.619,53.0604],[-92.6593,53.0704],[-92.6691,53.0701],[-92.6875,53.0625],[-92.7176,53.0422],[-92.7374,53.036],[-92.8132,53.0222],[-92.871,53.0207],[-92.889,53.0154],[-92.882,52.9942],[-92.9013,52.9845],[-92.9792,52.978],[-93.0023,52.968],[-93.0458,52.9403],[-93.0592,52.9492],[-93.0793,52.955],[-93.1216,52.96],[-93.1124,52.9736],[-93.101,52.9677],[-93.0768,52.9768],[-93.0732,52.9818],[-93.125,53.0013],[-93.1375,52.9989],[-93.1629,52.9874],[-93.2247,52.9874],[-93.2541,52.9809],[-93.265,52.9818],[-93.2785,52.988],[-93.2824,53.0018],[-93.2891,53.0121],[-93.3111,53.0201],[-93.3579,53.026],[-93.3618,53.0428],[-93.3471,53.0607]]]}},{"type":"Feature","properties":{},"bbox":[-77.1964,48.431549,-76.893646,48.835711],"geometry":{"type":"Polygon","coordinates":[[[-77.1016,48.5661],[-77.0794,48.6235],[-77.0926,48.6444],[-77.0817,48.6762],[-77.0445,48.7333],[-77.0809,48.7662],[-77.0856,48.7842],[-77.0943,48.7957],[-77.1107,48.8016],[-77.1202,48.8116],[-77.1072,48.8357],[-77.106,48.8133],[-77.0794,48.798],[-77.0725,48.7842],[-77.0367,48.745],[-77.021,48.7462],[-77.0164,48.7501],[-77.0036,48.7742],[-76.9936,48.778],[-76.9627,48.7804],[-76.9091,48.8054],[-76.8936,48.801],[-76.9185,48.7636],[-76.9481,48.753],[-76.9422,48.7395],[-76.9789,48.7056],[-76.9909,48.6874],[-76.9831,48.6706],[-77.0027,48.655],[-77.0152,48.672],[-77.0282,48.6673],[-77.0427,48.6506],[-77.0735,48.599],[-77.0841,48.5569],[-77.0962,48.5349],[-77.1265,48.4993],[-77.1478,48.4819],[-77.1749,48.4315],[-77.1964,48.4545],[-77.1868,48.4863],[-77.162,48.5143],[-77.1175,48.5384],[-77.1016,48.5661]]]}},{"type":"Feature","properties":{},"bbox":[-76.010554,48.430372,-75.672624,48.657621],"geometry":{"type":"Polygon","coordinates":[[[-75.6726,48.5358],[-75.6934,48.5231],[-75.723,48.5157],[-75.7464,48.5137],[-75.7606,48.5031],[-75.7706,48.4789],[-75.7727,48.4536],[-75.7634,48.4377],[-75.7837,48.4307],[-75.797,48.4304],[-75.8082,48.4348],[-75.8133,48.4451],[-75.7908,48.4725],[-75.788,48.4916],[-75.7954,48.5322],[-75.8045,48.5469],[-75.8328,48.5119],[-75.8525,48.4931],[-75.8671,48.4925],[-75.8625,48.5093],[-75.8425,48.534],[-75.8045,48.5681],[-75.8294,48.5934],[-75.8628,48.5923],[-75.8859,48.572],[-75.8802,48.5402],[-75.9118,48.5472],[-75.9321,48.5431],[-75.949,48.5266],[-76.0106,48.4863],[-76.0075,48.4984],[-76.002,48.5054],[-75.9761,48.5255],[-75.9718,48.5319],[-75.9658,48.5985],[-75.9576,48.6111],[-75.9348,48.6158],[-75.949,48.5887],[-75.9317,48.5846],[-75.9062,48.5858],[-75.8834,48.5923],[-75.8732,48.6055],[-75.8709,48.6279],[-75.8634,48.6408],[-75.8317,48.6576],[-75.8225,48.6509],[-75.8248,48.6432],[-75.8238,48.6161],[-75.7718,48.579],[-75.7839,48.5608],[-75.7723,48.5475],[-75.7702,48.5305],[-75.7658,48.5252],[-75.7393,48.534],[-75.7053,48.5399],[-75.6754,48.5546],[-75.6726,48.5358]]]}},{"type":"Feature","properties":{},"bbox":[-77.908614,49.712622,-77.216416,50.335791],"geometry":{"type":"Polygon","coordinates":[[[-77.869,49.73],[-77.9086,49.7126],[-77.8989,49.7297],[-77.855,49.7535],[-77.8471,49.7741],[-77.8536,49.7827],[-77.8768,49.7895],[-77.8806,49.7948],[-77.8365,49.8257],[-77.8152,49.836],[-77.7841,49.841],[-77.7267,49.8424],[-77.7177,49.8477],[-77.7118,49.8598],[-77.7133,49.8719],[-77.7394,49.8801],[-77.7629,49.8939],[-77.7782,49.8978],[-77.7576,49.9151],[-77.7235,49.9281],[-77.6646,49.9387],[-77.6484,49.9225],[-77.6306,49.9157],[-77.5878,49.9207],[-77.5566,49.9305],[-77.538,49.9313],[-77.553,49.9151],[-77.5956,49.8975],[-77.6069,49.8772],[-77.5894,49.8778],[-77.5452,49.8907],[-77.5092,49.8916],[-77.4933,49.8984],[-77.5008,49.9149],[-77.5017,49.9331],[-77.4784,49.9949],[-77.4765,50.0211],[-77.4837,50.0314],[-77.5011,50.0438],[-77.5045,50.0585],[-77.4989,50.0688],[-77.4498,50.1236],[-77.4543,50.1327],[-77.4765,50.1374],[-77.5043,50.1686],[-77.5176,50.1789],[-77.484,50.2074],[-77.4737,50.2204],[-77.4697,50.2434],[-77.4727,50.2663],[-77.4824,50.2787],[-77.4996,50.2849],[-77.5761,50.2875],[-77.6106,50.2746],[-77.63,50.2793],[-77.6447,50.2913],[-77.6683,50.3222],[-77.6516,50.329],[-77.6385,50.327],[-77.6142,50.3155],[-77.5844,50.3105],[-77.5523,50.3093],[-77.5189,50.3143],[-77.4593,50.334],[-77.4281,50.3358],[-77.4004,50.3193],[-77.4017,50.3099],[-77.4181,50.2999],[-77.4356,50.2813],[-77.4156,50.2701],[-77.4014,50.254],[-77.4203,50.2331],[-77.4356,50.2057],[-77.437,50.188],[-77.4219,50.1509],[-77.4223,50.1333],[-77.4267,50.1191],[-77.4423,50.0962],[-77.4603,50.0841],[-77.4629,50.0788],[-77.4594,50.0623],[-77.4432,50.0503],[-77.4304,50.0467],[-77.4281,50.0376],[-77.4423,50.0076],[-77.4313,49.9699],[-77.4356,49.9522],[-77.4685,49.9146],[-77.4697,49.8978],[-77.4581,49.8863],[-77.4385,49.8822],[-77.4176,49.8842],[-77.4014,49.8907],[-77.3947,49.8834],[-77.3399,49.9004],[-77.2666,49.9481],[-77.2369,49.9617],[-77.2164,49.959],[-77.2197,49.9243],[-77.2704,49.8963],[-77.3667,49.8636],[-77.3471,49.8554],[-77.3426,49.8495],[-77.3462,49.8424],[-77.3565,49.8389],[-77.4173,49.856],[-77.4697,49.8566],[-77.5176,49.8492],[-77.5596,49.8151],[-77.5689,49.8189],[-77.5773,49.8363],[-77.5864,49.8424],[-77.6082,49.8389],[-77.6637,49.8118],[-77.6827,49.8106],[-77.7555,49.826],[-77.7778,49.8274],[-77.7987,49.8227],[-77.8179,49.8095],[-77.8266,49.7942],[-77.8396,49.7538],[-77.8515,49.7403],[-77.869,49.73]]]}},{"type":"Feature","properties":{},"bbox":[-75.688372,48.478942,-75.565475,48.636427],"geometry":{"type":"Polygon","coordinates":[[[-75.5843,48.6182],[-75.5655,48.6364],[-75.5717,48.6091],[-75.585,48.5943],[-75.6432,48.4978],[-75.6439,48.4925],[-75.6678,48.489],[-75.6884,48.4789],[-75.6797,48.5007],[-75.666,48.5207],[-75.6127,48.577],[-75.5843,48.6182]]]}},{"type":"Feature","properties":{},"bbox":[-77.559645,47.740382,-77.449847,47.848708],"geometry":{"type":"Polygon","coordinates":[[[-77.514,47.7937],[-77.5178,47.7913],[-77.5084,47.7731],[-77.4685,47.7748],[-77.4588,47.7725],[-77.4498,47.7595],[-77.4831,47.7424],[-77.4978,47.7404],[-77.5045,47.7525],[-77.5273,47.7442],[-77.5411,47.8157],[-77.5596,47.8419],[-77.5468,47.8481],[-77.5318,47.8481],[-77.5162,47.8369],[-77.4989,47.8184],[-77.4934,47.8013],[-77.514,47.7937]]]}},{"type":"Feature","properties":{},"bbox":[-79.655812,46.827265,-79.156129,47.578188],"geometry":{"type":"Polygon","coordinates":[[[-79.1561,46.8273],[-79.1892,46.829],[-79.231,46.857],[-79.2714,46.8941],[-79.3435,46.978],[-79.3541,47.016],[-79.4171,47.0619],[-79.4312,47.0766],[-79.4403,47.101],[-79.4536,47.1163],[-79.4565,47.1255],[-79.4503,47.1696],[-79.4506,47.2149],[-79.4593,47.2506],[-79.4755,47.2821],[-79.6454,47.4846],[-79.6558,47.5267],[-79.6404,47.5299],[-79.6012,47.4919],[-79.5815,47.4928],[-79.5753,47.5049],[-79.5738,47.5402],[-79.5662,47.5579],[-79.5559,47.5638],[-79.5192,47.5676],[-79.4891,47.5782],[-79.4739,47.5779],[-79.4565,47.5676],[-79.459,47.5396],[-79.5219,47.4958],[-79.5155,47.4681],[-79.4936,47.4437],[-79.4742,47.4116],[-79.4659,47.3774],[-79.4783,47.348],[-79.4503,47.335],[-79.4558,47.3144],[-79.447,47.2935],[-79.423,47.2591],[-79.4093,47.2456],[-79.411,47.2391],[-79.423,47.232],[-79.4156,47.1876],[-79.4287,47.1293],[-79.4155,47.1046],[-79.4099,47.0854],[-79.3431,47.021],[-79.2756,46.9271],[-79.1561,46.8273]]]}},{"type":"Feature","properties":{},"bbox":[-68.547982,49.335247,-68.280405,49.75501],"geometry":{"type":"Polygon","coordinates":[[[-68.2963,49.755],[-68.2804,49.7538],[-68.3215,49.7265],[-68.3472,49.7167],[-68.3656,49.6973],[-68.3903,49.6499],[-68.3834,49.6308],[-68.3812,49.5825],[-68.3599,49.5451],[-68.3624,49.5269],[-68.3828,49.4863],[-68.3848,49.4627],[-68.3697,49.4006],[-68.3614,49.3821],[-68.3468,49.362],[-68.3416,49.3453],[-68.3624,49.3352],[-68.3958,49.3488],[-68.4226,49.3879],[-68.4398,49.4371],[-68.4444,49.4801],[-68.4277,49.5425],[-68.4251,49.5651],[-68.4313,49.5816],[-68.4461,49.6008],[-68.4791,49.6308],[-68.548,49.6779],[-68.548,49.6855],[-68.5275,49.6838],[-68.4922,49.6682],[-68.4757,49.6643],[-68.4659,49.6588],[-68.447,49.6373],[-68.4313,49.637],[-68.4198,49.654],[-68.4171,49.6841],[-68.4269,49.7129],[-68.4517,49.7265],[-68.4517,49.7326],[-68.3903,49.7256],[-68.3646,49.7282],[-68.3697,49.7468],[-68.3536,49.7512],[-68.2963,49.755]]]}},{"type":"Feature","properties":{},"bbox":[-102.045736,62.081214,-101.350154,62.520405],"geometry":{"type":"Polygon","coordinates":[[[-101.8379,62.2184],[-101.8292,62.2352],[-101.8348,62.2496],[-101.8506,62.2605],[-101.8721,62.2667],[-101.9125,62.2684],[-101.9333,62.2752],[-101.9303,62.2902],[-101.9227,62.2958],[-101.8822,62.312],[-101.8738,62.3308],[-101.869,62.335],[-101.8584,62.3623],[-101.8607,62.3735],[-101.8709,62.3844],[-101.9011,62.4021],[-101.9461,62.4191],[-101.9683,62.4312],[-101.951,62.4421],[-101.9533,62.4536],[-101.9682,62.4624],[-101.9888,62.4648],[-101.9692,62.4836],[-101.933,62.4942],[-101.8622,62.4995],[-101.8373,62.5157],[-101.8235,62.5204],[-101.8175,62.5095],[-101.8186,62.4951],[-101.8311,62.4592],[-101.774,62.4609],[-101.7495,62.4571],[-101.7281,62.4448],[-101.7259,62.4294],[-101.7208,62.4212],[-101.6938,62.4153],[-101.6847,62.4097],[-101.6735,62.3965],[-101.6878,62.3773],[-101.7265,62.3561],[-101.7424,62.3417],[-101.6956,62.3385],[-101.5909,62.413],[-101.534,62.4136],[-101.4339,62.4374],[-101.4065,62.4392],[-101.3855,62.4312],[-101.3674,62.4015],[-101.3502,62.385],[-101.3596,62.3597],[-101.4042,62.2905],[-101.4268,62.2834],[-101.4382,62.2752],[-101.4544,62.2525],[-101.4686,62.2184],[-101.4931,62.2051],[-101.5088,62.2016],[-101.5157,62.2081],[-101.5159,62.2634],[-101.5097,62.2805],[-101.5503,62.2731],[-101.5815,62.2814],[-101.5915,62.2805],[-101.6058,62.2711],[-101.6213,62.2446],[-101.6324,62.2319],[-101.6523,62.2219],[-101.715,62.2184],[-101.7346,62.2125],[-101.7689,62.1948],[-101.8038,62.1878],[-101.8414,62.1736],[-101.88,62.1669],[-101.8988,62.1569],[-101.9139,62.1427],[-101.9264,62.1151],[-101.9586,62.0868],[-101.9717,62.0812],[-102.0237,62.0818],[-102.0457,62.0856],[-102.0226,62.1068],[-102.0025,62.1204],[-101.9495,62.1433],[-101.9242,62.1766],[-101.8379,62.2184]]]}},{"type":"Feature","properties":{},"bbox":[-101.351331,62.252534,-100.734933,62.443282],"geometry":{"type":"Polygon","coordinates":[[[-101.2755,62.372],[-101.2551,62.3903],[-101.2626,62.4062],[-101.2445,62.4212],[-101.2165,62.4327],[-101.1937,62.4374],[-101.1928,62.4168],[-101.1616,62.413],[-101.1235,62.4188],[-101.0886,62.4333],[-101.0528,62.435],[-101.0277,62.4433],[-100.9373,62.4327],[-100.8578,62.3965],[-100.7644,62.3694],[-100.7349,62.3556],[-100.8032,62.3556],[-100.8174,62.3517],[-100.8705,62.3211],[-100.8961,62.3123],[-100.9547,62.3076],[-100.9999,62.3223],[-101.0515,62.3476],[-101.1024,62.3597],[-101.1453,62.335],[-101.1135,62.3294],[-101.1042,62.3238],[-101.1186,62.3146],[-101.0989,62.2823],[-101.1002,62.2655],[-101.1186,62.2525],[-101.14,62.2743],[-101.1922,62.2952],[-101.2333,62.3196],[-101.2505,62.3211],[-101.3007,62.3102],[-101.3513,62.3076],[-101.3371,62.3214],[-101.3222,62.3423],[-101.2755,62.372]]]}},{"type":"Feature","properties":{},"bbox":[-100.552868,62.088573,-99.53584,62.670825],"geometry":{"type":"Polygon","coordinates":[[[-100.4819,62.438],[-100.406,62.4312],[-100.4242,62.4474],[-100.4522,62.4568],[-100.4716,62.468],[-100.4644,62.4892],[-100.4738,62.5036],[-100.4993,62.5222],[-100.51,62.5372],[-100.4749,62.541],[-100.4624,62.5372],[-100.4381,62.5225],[-100.4264,62.5201],[-100.4126,62.5245],[-100.4157,62.5313],[-100.4401,62.5442],[-100.4412,62.556],[-100.4169,62.5713],[-100.3651,62.5958],[-100.3234,62.6293],[-100.3081,62.6308],[-100.2719,62.6273],[-100.2585,62.6331],[-100.256,62.6429],[-100.2579,62.6661],[-100.2514,62.6708],[-100.2329,62.6696],[-100.144,62.6452],[-100.1316,62.6367],[-100.119,62.6069],[-100.1076,62.5934],[-100.115,62.5731],[-100.1281,62.5522],[-100.1386,62.541],[-100.16,62.5372],[-100.2042,62.5404],[-100.2279,62.5337],[-100.275,62.4995],[-100.2909,62.4842],[-100.3091,62.4936],[-100.319,62.4904],[-100.3265,62.4821],[-100.3297,62.4721],[-100.3219,62.4606],[-100.3038,62.4503],[-100.2688,62.4374],[-100.2859,62.425],[-100.3156,62.4191],[-100.4364,62.4106],[-100.4675,62.3768],[-100.4537,62.3656],[-100.3864,62.34],[-100.3614,62.335],[-100.2279,62.3282],[-100.2416,62.3076],[-100.2189,62.3032],[-100.1965,62.3035],[-100.1521,62.3146],[-100.1343,62.3264],[-100.0703,62.3282],[-100.0757,62.3146],[-100.1044,62.2867],[-100.0714,62.2799],[-100.0264,62.3067],[-100.0014,62.3008],[-100.0077,62.2902],[-100.0061,62.2811],[-99.9871,62.2667],[-100.0048,62.2572],[-100.0151,62.2396],[-99.9809,62.2331],[-99.9569,62.2366],[-99.9057,62.2634],[-99.8903,62.2646],[-99.8548,62.2575],[-99.8253,62.272],[-99.8165,62.2837],[-99.8265,62.2884],[-99.8299,62.294],[-99.8358,62.3214],[-99.8299,62.3282],[-99.8131,62.3326],[-99.7919,62.3294],[-99.7719,62.3211],[-99.7581,62.3111],[-99.7375,62.3085],[-99.663,62.3188],[-99.6456,62.3282],[-99.6604,62.3426],[-99.6982,62.3509],[-99.7682,62.3556],[-99.8239,62.3494],[-99.8379,62.3561],[-99.8436,62.3829],[-99.8439,62.4035],[-99.8398,62.4236],[-99.8273,62.4389],[-99.8024,62.4448],[-99.7678,62.4459],[-99.7493,62.443],[-99.7356,62.4244],[-99.6997,62.4106],[-99.6985,62.3994],[-99.7125,62.3812],[-99.7133,62.3697],[-99.7051,62.3629],[-99.6593,62.3623],[-99.5358,62.335],[-99.545,62.3261],[-99.6452,62.2902],[-99.7066,62.2396],[-99.7036,62.2269],[-99.6839,62.2084],[-99.6792,62.1945],[-99.6929,62.1672],[-99.6792,62.1395],[-99.6879,62.1233],[-99.7069,62.118],[-99.7259,62.1201],[-99.7495,62.1374],[-99.8505,62.0886],[-99.8989,62.1092],[-99.9678,62.1227],[-99.9889,62.1342],[-100.0497,62.1781],[-100.0729,62.186],[-100.2825,62.2184],[-100.2478,62.2396],[-100.2532,62.2528],[-100.252,62.282],[-100.262,62.294],[-100.2776,62.2982],[-100.2903,62.294],[-100.2954,62.2846],[-100.2887,62.2731],[-100.3362,62.2575],[-100.3642,62.2519],[-100.3818,62.2564],[-100.3924,62.2625],[-100.4023,62.259],[-100.4203,62.2458],[-100.4247,62.234],[-100.4538,62.2319],[-100.4891,62.224],[-100.5097,62.2549],[-100.4856,62.2734],[-100.4504,62.3111],[-100.4565,62.3326],[-100.5502,62.3573],[-100.5529,62.3797],[-100.5221,62.3965],[-100.5022,62.4312],[-100.4819,62.438]]]}},{"type":"Feature","properties":{},"bbox":[-139.006685,61.045052,-138.380425,61.623772],"geometry":{"type":"Polygon","coordinates":[[[-138.4534,61.0556],[-138.4758,61.0453],[-138.4857,61.0451],[-138.5023,61.0571],[-138.5011,61.0877],[-138.5105,61.1004],[-138.5392,61.116],[-138.5463,61.1292],[-138.5519,61.1719],[-138.5707,61.1934],[-138.5974,61.2031],[-138.6268,61.2087],[-138.6757,61.232],[-138.7159,61.2443],[-138.7491,61.2626],[-138.7962,61.2802],[-138.8257,61.297],[-138.8782,61.3412],[-138.9065,61.3527],[-138.9753,61.3733],[-138.9874,61.3856],[-139.0067,61.4145],[-138.9833,61.4233],[-138.9506,61.4124],[-138.9269,61.398],[-138.9009,61.3895],[-138.8458,61.3862],[-138.8137,61.373],[-138.7799,61.3674],[-138.7535,61.3783],[-138.6429,61.4569],[-138.6214,61.4834],[-138.6368,61.5081],[-138.6583,61.5296],[-138.6676,61.5549],[-138.6721,61.602],[-138.6832,61.6238],[-138.662,61.6152],[-138.6473,61.5832],[-138.6343,61.5425],[-138.6028,61.509],[-138.5965,61.4689],[-138.6508,61.4089],[-138.6964,61.3924],[-138.7134,61.3753],[-138.7147,61.3288],[-138.7269,61.3088],[-138.7151,61.292],[-138.6686,61.272],[-138.6233,61.2641],[-138.5662,61.2467],[-138.5307,61.2208],[-138.4733,61.2058],[-138.454,61.1875],[-138.4419,61.1401],[-138.4243,61.1269],[-138.3994,61.1225],[-138.3804,61.1098],[-138.3891,61.0919],[-138.4034,61.0757],[-138.42,61.0645],[-138.4534,61.0556]]]}},{"type":"Feature","properties":{},"bbox":[-104.839546,63.061152,-104.593163,63.271917],"geometry":{"type":"Polygon","coordinates":[[[-104.8335,63.0715],[-104.8395,63.0885],[-104.8259,63.1009],[-104.8117,63.1038],[-104.8144,63.1124],[-104.8123,63.1165],[-104.7639,63.13],[-104.7849,63.1506],[-104.7567,63.1574],[-104.7474,63.1627],[-104.7502,63.1712],[-104.7161,63.1848],[-104.7119,63.193],[-104.7208,63.1989],[-104.7228,63.206],[-104.7112,63.2239],[-104.7093,63.2325],[-104.7139,63.2425],[-104.727,63.2528],[-104.7194,63.264],[-104.7055,63.2699],[-104.6834,63.2719],[-104.6629,63.2663],[-104.6466,63.241],[-104.6113,63.218],[-104.5993,63.206],[-104.6104,63.1983],[-104.6121,63.191],[-104.6069,63.1712],[-104.5948,63.1577],[-104.5951,63.1448],[-104.6026,63.1421],[-104.6201,63.1188],[-104.6379,63.1047],[-104.7166,63.0626],[-104.7297,63.0612],[-104.7355,63.0638],[-104.7365,63.0756],[-104.7577,63.0818],[-104.8335,63.0715]]]}},{"type":"Feature","properties":{},"bbox":[-106.830183,62.101525,-105.791667,62.545426],"geometry":{"type":"Polygon","coordinates":[[[-106.817,62.4873],[-106.802,62.49],[-106.6724,62.4927],[-106.6315,62.5057],[-106.604,62.5022],[-106.5473,62.4789],[-106.5323,62.4783],[-106.4958,62.491],[-106.46,62.4842],[-106.4279,62.4845],[-106.405,62.4913],[-106.4087,62.5057],[-106.3913,62.5219],[-106.3607,62.5316],[-106.2671,62.5451],[-106.1942,62.5419],[-106.1623,62.5337],[-106.1375,62.5201],[-106.1445,62.5113],[-106.2463,62.4866],[-106.271,62.4754],[-106.2852,62.4592],[-106.2653,62.4601],[-106.2553,62.4533],[-106.2569,62.4424],[-106.2721,62.4312],[-106.2647,62.4239],[-106.3,62.4138],[-106.3062,62.4038],[-106.2918,62.3977],[-106.2756,62.3747],[-106.265,62.3697],[-106.2494,62.3726],[-106.2101,62.3965],[-106.1786,62.408],[-106.162,62.4071],[-106.1548,62.3932],[-106.1473,62.3865],[-106.0114,62.3965],[-105.994,62.3879],[-105.972,62.3667],[-105.9469,62.3606],[-105.9363,62.3494],[-105.8941,62.335],[-105.8801,62.3252],[-105.8776,62.3176],[-105.8941,62.294],[-105.8697,62.2887],[-105.8422,62.2908],[-105.8151,62.2976],[-105.7917,62.3076],[-105.8532,62.2731],[-105.8402,62.2567],[-105.8469,62.2449],[-105.8601,62.2325],[-105.8675,62.2149],[-105.8831,62.2054],[-105.9806,62.2116],[-106.0223,62.199],[-106.0429,62.1857],[-106.0457,62.1707],[-106.0235,62.1633],[-105.9552,62.1657],[-105.9363,62.1501],[-105.9681,62.148],[-106.0017,62.1413],[-106.0326,62.1298],[-106.0681,62.1054],[-106.0854,62.1015],[-106.101,62.103],[-106.1077,62.1127],[-106.1177,62.1201],[-106.1827,62.1295],[-106.1827,62.1357],[-106.1486,62.1433],[-106.1486,62.1501],[-106.1754,62.1636],[-106.1281,62.1842],[-106.1268,62.1925],[-106.1324,62.2131],[-106.1281,62.2257],[-106.1448,62.2308],[-106.1802,62.2325],[-106.1958,62.2396],[-106.1623,62.2552],[-106.1299,62.2631],[-106.0797,62.2599],[-106.0501,62.2631],[-106.0266,62.2714],[-105.9842,62.3008],[-106.0149,62.3085],[-106.0433,62.3014],[-106.071,62.289],[-106.1002,62.2805],[-106.1231,62.2849],[-106.1509,62.2982],[-106.172,62.3146],[-106.1754,62.3282],[-106.2381,62.335],[-106.2994,62.3214],[-106.3133,62.3247],[-106.3343,62.3388],[-106.3468,62.3417],[-106.3981,62.3347],[-106.4156,62.335],[-106.3992,62.3535],[-106.3936,62.3644],[-106.3956,62.413],[-106.3986,62.4188],[-106.4223,62.4239],[-106.4497,62.4177],[-106.4708,62.4374],[-106.5002,62.445],[-106.5875,62.4448],[-106.7096,62.4648],[-106.8131,62.4648],[-106.82,62.4668],[-106.8302,62.4783],[-106.8289,62.4852],[-106.817,62.4873]]]}},{"type":"Feature","properties":{},"bbox":[-101.934172,64.411106,-101.529421,64.507363],"geometry":{"type":"Polygon","coordinates":[[[-101.8441,64.4635],[-101.9342,64.4726],[-101.9028,64.4974],[-101.8476,64.5018],[-101.7424,64.4932],[-101.6461,64.5074],[-101.5558,64.4962],[-101.5294,64.5006],[-101.5363,64.4803],[-101.8113,64.4111],[-101.8057,64.445],[-101.8441,64.4635]]]}},{"type":"Feature","properties":{},"bbox":[-116.365815,62.780034,-115.578097,63.247779],"geometry":{"type":"Polygon","coordinates":[[[-116.347,62.9982],[-116.3658,62.9999],[-116.3561,63.0279],[-116.3521,63.0582],[-116.3352,63.0623],[-116.2388,63.055],[-116.1982,63.0285],[-116.1517,63.0114],[-116.1262,62.9831],[-116.1187,62.9793],[-116.1187,62.9731],[-116.1311,62.9684],[-116.158,62.9714],[-116.1671,62.9587],[-116.1265,62.9349],[-116.0932,62.9269],[-116.0542,62.8934],[-116.041,62.8875],[-115.9984,62.8816],[-115.9823,62.8837],[-115.958,62.9078],[-115.9508,62.9098],[-115.9207,62.9043],[-115.8895,62.9081],[-115.8742,62.9131],[-115.8622,62.9213],[-115.8404,62.9608],[-115.8146,62.9725],[-115.8183,62.9864],[-115.8342,62.9967],[-115.8586,62.9934],[-115.8663,62.9696],[-115.8757,62.9658],[-115.8861,62.967],[-115.8898,62.9702],[-115.886,62.9793],[-115.9238,63.0032],[-115.9335,63.0082],[-115.9587,63.0102],[-115.968,63.0141],[-115.9472,63.0294],[-115.9266,63.0314],[-115.8792,63.027],[-115.8592,63.032],[-115.8448,63.0405],[-115.8171,63.0612],[-115.8304,63.0703],[-115.8289,63.0876],[-115.8314,63.0959],[-115.8549,63.1106],[-115.9044,63.1265],[-115.9617,63.1712],[-116.0071,63.191],[-116.143,63.2054],[-116.1671,63.2122],[-116.1671,63.2195],[-116.1187,63.2325],[-116.1052,63.2469],[-115.9926,63.2469],[-115.968,63.2392],[-115.9521,63.2242],[-115.9306,63.191],[-115.8995,63.1821],[-115.8919,63.1751],[-115.886,63.1542],[-115.8789,63.1459],[-115.8314,63.1433],[-115.8204,63.1397],[-115.7973,63.1233],[-115.7731,63.0885],[-115.7609,63.0847],[-115.7547,63.0853],[-115.7457,63.0924],[-115.7215,63.13],[-115.7319,63.1462],[-115.7474,63.1527],[-115.754,63.1606],[-115.7385,63.1813],[-115.7197,63.1921],[-115.6944,63.1969],[-115.6396,63.1983],[-115.6459,63.1871],[-115.6738,63.1574],[-115.6545,63.1456],[-115.6253,63.1433],[-115.6396,63.1165],[-115.6192,63.1271],[-115.598,63.1318],[-115.5824,63.1268],[-115.5781,63.1097],[-115.5859,63.0959],[-115.6396,63.0756],[-115.6524,63.0641],[-115.6757,63.0311],[-115.688,63.0202],[-115.7067,63.0161],[-115.7482,63.0188],[-115.7699,63.0141],[-115.763,62.997],[-115.766,62.987],[-115.7725,62.9793],[-115.7831,62.9466],[-115.785,62.9316],[-115.7746,62.9204],[-115.7855,62.9113],[-115.8655,62.8695],[-115.902,62.8622],[-116.0269,62.8633],[-116.041,62.8589],[-116.0407,62.8486],[-116.0232,62.8292],[-115.9777,62.8148],[-115.968,62.8012],[-115.9884,62.8018],[-116.0369,62.7868],[-116.0772,62.7812],[-116.1187,62.78],[-116.1097,62.7918],[-116.0951,62.8018],[-116.0641,62.8148],[-116.0641,62.8221],[-116.1801,62.8062],[-116.2088,62.8148],[-116.2013,62.8148],[-116.203,62.8215],[-116.1802,62.8386],[-116.174,62.8524],[-116.1642,62.8557],[-116.1464,62.8689],[-116.138,62.8834],[-116.1567,62.8898],[-116.1749,62.8845],[-116.1967,62.8663],[-116.215,62.8695],[-116.2217,62.8969],[-116.2497,62.911],[-116.2409,62.9178],[-116.2401,62.9275],[-116.2497,62.9514],[-116.275,62.9434],[-116.299,62.9464],[-116.3222,62.9572],[-116.3454,62.9731],[-116.3299,62.9829],[-116.3327,62.992],[-116.347,62.9982]]]}},{"type":"Feature","properties":{},"bbox":[-68.50103,53.714208,-68.499264,53.714797],"geometry":{"type":"Polygon","coordinates":[[[-68.4996,53.7142],[-68.501,53.7148],[-68.4993,53.7148],[-68.4996,53.7142]]]}},{"type":"Feature","properties":{},"bbox":[-112.26444,41.467777,-112.187758,41.530182],"geometry":{"type":"Polygon","coordinates":[[[-112.2534,41.471],[-112.2644,41.4843],[-112.2631,41.5078],[-112.25,41.5155],[-112.2371,41.5302],[-112.1961,41.5016],[-112.1878,41.4884],[-112.1916,41.4678],[-112.2247,41.4743],[-112.2379,41.4743],[-112.2494,41.4681],[-112.2534,41.471]]]}},{"type":"Feature","properties":{},"bbox":[-76.188055,48.499253,-76.05147,48.657621],"geometry":{"type":"Polygon","coordinates":[[[-76.0856,48.6017],[-76.0878,48.5758],[-76.0961,48.5643],[-76.1371,48.5372],[-76.1571,48.5078],[-76.1682,48.4993],[-76.1742,48.5122],[-76.1881,48.5681],[-76.1616,48.5693],[-76.1424,48.5743],[-76.1273,48.5843],[-76.0878,48.6385],[-76.0725,48.6517],[-76.0515,48.6576],[-76.056,48.6523],[-76.0582,48.6364],[-76.0856,48.6017]]]}},{"type":"Feature","properties":{},"bbox":[-96.863161,45.600649,-96.602502,45.826721],"geometry":{"type":"Polygon","coordinates":[[[-96.8523,45.6248],[-96.8632,45.6006],[-96.862,45.6369],[-96.8259,45.6719],[-96.7794,45.7004],[-96.6771,45.7461],[-96.6577,45.759],[-96.6165,45.8182],[-96.6025,45.8267],[-96.6047,45.7849],[-96.6378,45.7472],[-96.684,45.7169],[-96.8253,45.6522],[-96.8408,45.6407],[-96.8523,45.6248]]]}},{"type":"Feature","properties":{},"bbox":[-92.860987,29.812135,-92.641833,29.97639],"geometry":{"type":"Polygon","coordinates":[[[-92.6557,29.851],[-92.6418,29.8198],[-92.6571,29.8121],[-92.6673,29.8157],[-92.6866,29.8363],[-92.8541,29.8669],[-92.8398,29.8837],[-92.7953,29.9146],[-92.7858,29.9255],[-92.7949,29.9402],[-92.861,29.9487],[-92.8177,29.9734],[-92.7987,29.9764],[-92.7443,29.9561],[-92.7145,29.9564],[-92.6913,29.9419],[-92.6601,29.9284],[-92.6558,29.9166],[-92.6617,29.9116],[-92.6986,29.9369],[-92.714,29.9316],[-92.7374,29.9078],[-92.6958,29.9078],[-92.7101,29.894],[-92.6869,29.884],[-92.6794,29.8769],[-92.6723,29.8489],[-92.6676,29.8489],[-92.6623,29.8607],[-92.6557,29.851]]]}},{"type":"Feature","properties":{},"bbox":[-92.621374,29.677905,-92.394714,29.833329],"geometry":{"type":"Polygon","coordinates":[[[-92.4022,29.7898],[-92.3947,29.7712],[-92.3963,29.7571],[-92.4032,29.7365],[-92.4155,29.7179],[-92.4464,29.7023],[-92.4636,29.6876],[-92.4823,29.6779],[-92.501,29.6853],[-92.5183,29.6988],[-92.5965,29.7318],[-92.6095,29.7412],[-92.6181,29.7547],[-92.6214,29.775],[-92.6131,29.7933],[-92.5737,29.8189],[-92.5593,29.8333],[-92.5562,29.8292],[-92.5285,29.8174],[-92.5041,29.7851],[-92.4889,29.78],[-92.4464,29.7918],[-92.4147,29.7951],[-92.4022,29.7898]]]}},{"type":"Feature","properties":{},"bbox":[-108.128624,70.001964,-106.943072,70.120593],"geometry":{"type":"Polygon","coordinates":[[[-108.0976,70.0638],[-108.1286,70.0788],[-108.0929,70.0903],[-107.6476,70.102],[-107.6284,70.1203],[-107.6042,70.1206],[-107.4167,70.0856],[-107.2778,70.0959],[-107.2187,70.0791],[-107.1937,70.0782],[-107.1833,70.0714],[-107.1811,70.0641],[-107.1856,70.0502],[-107.1833,70.0441],[-107.1694,70.0393],[-107.1463,70.0391],[-107.1245,70.0452],[-107.115,70.0614],[-107.0895,70.0785],[-107.0329,70.0767],[-106.9741,70.0629],[-106.9431,70.0441],[-107.0312,70.0261],[-107.091,70.0067],[-107.1254,70.002],[-107.4722,70.0267],[-107.5302,70.0523],[-107.5667,70.0523],[-107.6354,70.0441],[-107.9648,70.0653],[-108.0516,70.0605],[-108.0976,70.0638]]]}},{"type":"Feature","properties":{},"bbox":[-113.631614,66.003321,-112.737336,66.552605],"geometry":{"type":"Polygon","coordinates":[[[-113.62,66.2256],[-113.6316,66.2376],[-113.6259,66.2556],[-113.6113,66.275],[-113.5925,66.2856],[-113.5736,66.2788],[-113.5461,66.2582],[-113.5015,66.2335],[-113.456,66.2173],[-113.4261,66.2212],[-113.4431,66.23],[-113.5096,66.2762],[-113.515,66.2827],[-113.5171,66.3033],[-113.5218,66.3092],[-113.5125,66.3198],[-113.5111,66.3295],[-113.5218,66.3504],[-113.5061,66.3501],[-113.4678,66.3371],[-113.4465,66.3351],[-113.3846,66.3371],[-113.1285,66.2856],[-113.0316,66.2791],[-113.0148,66.2653],[-113.0079,66.2341],[-113.0121,66.2029],[-113.0279,66.1693],[-113.0289,66.1555],[-112.9971,66.1102],[-112.992,66.0869],[-112.978,66.0601],[-112.9325,66.071],[-112.9085,66.0866],[-112.9128,66.0978],[-112.9321,66.1116],[-112.9491,66.1314],[-112.9463,66.1585],[-112.9344,66.1732],[-112.9237,66.1741],[-112.8945,66.1661],[-112.883,66.1711],[-112.8935,66.1829],[-112.9191,66.1994],[-112.9379,66.2203],[-112.9485,66.2444],[-112.9481,66.2685],[-112.9334,66.2894],[-112.9496,66.3015],[-113.0154,66.3092],[-113.095,66.361],[-113.1296,66.373],[-113.2364,66.3928],[-113.267,66.4066],[-113.2957,66.4246],[-113.3465,66.4672],[-113.3605,66.4725],[-113.3813,66.4743],[-113.3999,66.4708],[-113.4088,66.4614],[-113.4082,66.4478],[-113.3989,66.4328],[-113.4231,66.4384],[-113.4531,66.4572],[-113.4757,66.4802],[-113.4774,66.4979],[-113.4657,66.5026],[-113.4259,66.4949],[-113.4145,66.497],[-113.3966,66.5064],[-113.3153,66.5252],[-113.1855,66.4884],[-113.167,66.4861],[-113.1494,66.4881],[-113.0932,66.514],[-113.0735,66.5199],[-113.0488,66.5223],[-112.9463,66.5084],[-112.9643,66.5293],[-112.9652,66.5397],[-112.9527,66.5503],[-112.9322,66.5526],[-112.9078,66.5461],[-112.8645,66.5285],[-112.8178,66.5173],[-112.775,66.4949],[-112.7894,66.4902],[-112.8248,66.4875],[-112.8365,66.4814],[-112.8412,66.4684],[-112.8348,66.4614],[-112.8125,66.4502],[-112.7549,66.4034],[-112.741,66.3851],[-112.7373,66.366],[-112.7448,66.3492],[-112.7784,66.313],[-112.7912,66.2927],[-112.7956,66.2273],[-112.8043,66.2058],[-112.8309,66.1661],[-112.8365,66.1484],[-112.837,66.1016],[-112.8427,66.0807],[-112.857,66.0628],[-112.9054,66.0425],[-112.9494,66.0045],[-112.968,66.0033],[-112.9937,66.0172],[-113.0538,66.0637],[-113.0601,66.0731],[-113.0642,66.1025],[-113.0691,66.1116],[-113.0866,66.1278],[-113.0916,66.1414],[-113.1099,66.1476],[-113.1444,66.1449],[-113.1581,66.1505],[-113.1996,66.1796],[-113.1933,66.1605],[-113.2068,66.157],[-113.2481,66.1661],[-113.3315,66.1723],[-113.3845,66.1885],[-113.405,66.1911],[-113.4535,66.1858],[-113.4791,66.187],[-113.522,66.2029],[-113.5933,66.2159],[-113.62,66.2256]]]}},{"type":"Feature","properties":{},"bbox":[-70.625162,43.790604,-70.472681,43.935432],"geometry":{"type":"Polygon","coordinates":[[[-70.4806,43.9042],[-70.4727,43.8945],[-70.474,43.8624],[-70.4859,43.8212],[-70.5071,43.7906],[-70.5354,43.7912],[-70.5279,43.8056],[-70.5405,43.8089],[-70.5558,43.8324],[-70.6001,43.8498],[-70.6252,43.8757],[-70.6231,43.8877],[-70.6065,43.9187],[-70.6066,43.9263],[-70.6034,43.9316],[-70.59,43.9354],[-70.5385,43.9216],[-70.5248,43.9122],[-70.5201,43.8701],[-70.4945,43.8604],[-70.5045,43.8842],[-70.4956,43.8998],[-70.4806,43.9042]]]}},{"type":"Feature","properties":{},"bbox":[-69.802414,45.4779,-69.515262,45.892364],"geometry":{"type":"Polygon","coordinates":[[[-69.5594,45.5874],[-69.5615,45.5771],[-69.5468,45.5547],[-69.5478,45.5453],[-69.5575,45.5424],[-69.5919,45.5512],[-69.6099,45.5453],[-69.5928,45.5335],[-69.5821,45.5182],[-69.5936,45.5062],[-69.598,45.4779],[-69.6168,45.4841],[-69.6223,45.49],[-69.6305,45.512],[-69.6608,45.5256],[-69.6953,45.5939],[-69.7073,45.6036],[-69.7081,45.6257],[-69.6987,45.6628],[-69.7193,45.6704],[-69.76,45.6928],[-69.7778,45.7069],[-69.7943,45.7278],[-69.8024,45.752],[-69.7974,45.7731],[-69.7745,45.7855],[-69.7646,45.7837],[-69.7459,45.7717],[-69.7335,45.772],[-69.7266,45.7793],[-69.7092,45.8167],[-69.7069,45.825],[-69.7117,45.8435],[-69.7003,45.8526],[-69.7022,45.8653],[-69.7101,45.8791],[-69.7198,45.8885],[-69.7025,45.8924],[-69.6776,45.8729],[-69.6426,45.8865],[-69.6258,45.8812],[-69.6171,45.8665],[-69.6236,45.847],[-69.6317,45.8414],[-69.6357,45.8329],[-69.6414,45.794],[-69.6517,45.7893],[-69.6788,45.7855],[-69.6904,45.7776],[-69.716,45.7481],[-69.725,45.7237],[-69.7335,45.7316],[-69.7353,45.7093],[-69.7125,45.6972],[-69.6847,45.6987],[-69.6714,45.7172],[-69.6611,45.7104],[-69.6583,45.7004],[-69.6651,45.6763],[-69.6106,45.6907],[-69.5968,45.7119],[-69.5833,45.7181],[-69.5677,45.7199],[-69.5553,45.7172],[-69.5451,45.7022],[-69.561,45.6848],[-69.6099,45.6492],[-69.5981,45.6354],[-69.5837,45.6307],[-69.5366,45.6248],[-69.5175,45.6112],[-69.5153,45.603],[-69.5594,45.5874]]]}},{"type":"Feature","properties":{},"bbox":[-81.340899,27.776902,-81.184592,27.992965],"geometry":{"type":"Polygon","coordinates":[[[-81.1934,27.7999],[-81.1846,27.7769],[-81.2009,27.784],[-81.2171,27.8234],[-81.2317,27.8384],[-81.2928,27.8543],[-81.3073,27.8732],[-81.3159,27.9229],[-81.3256,27.9276],[-81.3385,27.9285],[-81.3409,27.9415],[-81.3374,27.9582],[-81.3047,27.9785],[-81.3073,27.9891],[-81.2938,27.993],[-81.2803,27.9912],[-81.2666,27.985],[-81.2274,27.952],[-81.2239,27.8988],[-81.2009,27.8526],[-81.1934,27.7999]]]}},{"type":"Feature","properties":{},"bbox":[-103.714486,20.903499,-103.592031,20.979151],"geometry":{"type":"Polygon","coordinates":[[[-103.6118,20.9747],[-103.592,20.9792],[-103.5981,20.9594],[-103.6107,20.9438],[-103.6438,20.9141],[-103.6675,20.9035],[-103.6959,20.9061],[-103.7145,20.9185],[-103.7087,20.9376],[-103.6752,20.9282],[-103.6612,20.93],[-103.6472,20.9376],[-103.6118,20.9747]]]}},{"type":"Feature","properties":{},"bbox":[-81.074647,70.468237,-79.511721,70.761423],"geometry":{"type":"Polygon","coordinates":[[[-81.032,70.6608],[-81.0667,70.6828],[-81.0536,70.7026],[-81.0746,70.7131],[-81.0679,70.724],[-81.0455,70.7311],[-81.02,70.7299],[-80.9937,70.7211],[-80.9672,70.717],[-80.9099,70.7155],[-80.8893,70.712],[-80.8539,70.6943],[-80.8344,70.689],[-80.8102,70.6893],[-80.7937,70.6958],[-80.7692,70.7193],[-80.75,70.7234],[-80.6896,70.7123],[-80.6631,70.7155],[-80.6818,70.7287],[-80.6702,70.7391],[-80.5866,70.7558],[-80.5673,70.7535],[-80.5471,70.7435],[-80.5471,70.7361],[-80.6085,70.7435],[-80.5916,70.7261],[-80.5616,70.7205],[-80.5055,70.7229],[-80.461,70.7114],[-80.4334,70.7279],[-80.4173,70.7308],[-80.3826,70.7299],[-80.4532,70.7461],[-80.4646,70.7579],[-80.4419,70.7614],[-80.4101,70.7614],[-80.3791,70.757],[-80.3583,70.747],[-80.3482,70.7332],[-80.3433,70.7187],[-80.3495,70.7073],[-80.3723,70.7026],[-80.4337,70.6978],[-80.4627,70.6905],[-80.4578,70.6781],[-80.4216,70.6722],[-80.3426,70.6837],[-80.3068,70.6746],[-80.3009,70.6672],[-80.2991,70.6507],[-80.2933,70.6443],[-80.2796,70.6399],[-80.2653,70.6401],[-80.2512,70.6434],[-80.1629,70.6814],[-80.1468,70.6934],[-80.1355,70.6952],[-80.0741,70.689],[-80.0145,70.6931],[-79.9855,70.6917],[-79.9574,70.6814],[-79.9889,70.6772],[-80.0189,70.6678],[-79.9895,70.6575],[-79.948,70.6513],[-79.9363,70.6263],[-79.9184,70.6104],[-79.8966,70.5986],[-79.8726,70.5939],[-79.8476,70.5995],[-79.8619,70.6131],[-79.8268,70.6248],[-79.7952,70.6175],[-79.7384,70.5854],[-79.6794,70.5774],[-79.6532,70.571],[-79.6558,70.5586],[-79.6351,70.5283],[-79.6239,70.5174],[-79.608,70.5071],[-79.5843,70.4983],[-79.5356,70.488],[-79.5117,70.4768],[-79.5478,70.4682],[-79.59,70.4862],[-79.6336,70.5112],[-79.6944,70.5303],[-79.74,70.5589],[-79.7653,70.5654],[-79.8036,70.5533],[-79.8245,70.5507],[-79.8645,70.5727],[-79.9437,70.5789],[-79.963,70.5872],[-79.9924,70.6107],[-80.0127,70.6198],[-80.0536,70.6198],[-80.1007,70.6404],[-80.1236,70.6446],[-80.1414,70.6425],[-80.1475,70.6325],[-80.1355,70.6131],[-80.1611,70.6178],[-80.2089,70.6393],[-80.2314,70.6372],[-80.2593,70.6269],[-80.2852,70.6245],[-80.3411,70.6263],[-80.2937,70.6042],[-80.2863,70.5963],[-80.2946,70.588],[-80.3133,70.5833],[-80.4372,70.5704],[-80.4825,70.5763],[-80.4844,70.5995],[-80.5129,70.6119],[-80.5192,70.6198],[-80.498,70.6234],[-80.4998,70.6304],[-80.5162,70.6372],[-80.5396,70.6404],[-80.5754,70.6378],[-80.6094,70.6281],[-80.6475,70.6234],[-80.7014,70.6257],[-80.7538,70.6343],[-80.7873,70.6478],[-80.7656,70.661],[-80.7865,70.6702],[-80.813,70.6728],[-80.8399,70.6693],[-80.8618,70.661],[-80.8296,70.646],[-80.82,70.6348],[-80.8283,70.6198],[-80.8514,70.6154],[-80.9444,70.6337],[-81.032,70.6608]]]}},{"type":"Feature","properties":{},"bbox":[-112.422072,70.854148,-111.972578,71.036065],"geometry":{"type":"Polygon","coordinates":[[[-112.381,70.9734],[-112.3735,70.9846],[-112.3747,70.9984],[-112.3841,71.011],[-112.3507,71.0199],[-112.2407,71.0172],[-112.1911,71.0319],[-112.1669,71.0361],[-112.1376,71.0316],[-112.1455,71.0196],[-112.1588,71.011],[-112.1246,71.001],[-112.0556,71.0007],[-112.021,70.9966],[-111.9726,70.9763],[-111.9891,70.9681],[-112.0256,70.9634],[-112.0415,70.9557],[-112.0472,70.9475],[-112.0551,70.9142],[-112.0459,70.906],[-112.0079,70.8868],[-112.0117,70.8733],[-112.0301,70.8653],[-112.0853,70.8541],[-112.1058,70.8586],[-112.1233,70.8686],[-112.1308,70.8839],[-112.1452,70.8909],[-112.2332,70.908],[-112.2116,70.913],[-112.1923,70.9216],[-112.2039,70.9277],[-112.2407,70.9354],[-112.2817,70.9557],[-112.3067,70.956],[-112.3295,70.9495],[-112.3335,70.9383],[-112.3454,70.9339],[-112.3985,70.9404],[-112.4184,70.9519],[-112.4221,70.9637],[-112.381,70.9734]]]}},{"type":"Feature","properties":{},"bbox":[-125.199094,67.351509,-124.62685,67.589944],"geometry":{"type":"Polygon","coordinates":[[[-124.6338,67.5287],[-124.6269,67.5193],[-124.6492,67.4804],[-124.6666,67.4719],[-124.6723,67.4584],[-124.6781,67.4539],[-124.7063,67.4545],[-124.7737,67.4725],[-124.7932,67.4713],[-124.8152,67.4613],[-124.8542,67.4227],[-124.8698,67.413],[-124.9321,67.3989],[-124.9455,67.3857],[-124.8668,67.3748],[-124.8494,67.3577],[-124.8562,67.3515],[-124.8822,67.3598],[-124.939,67.3636],[-124.9661,67.3718],[-124.986,67.3733],[-124.9926,67.3818],[-125.0001,67.406],[-125.0204,67.4174],[-125.0484,67.4236],[-125.1031,67.4266],[-125.1385,67.433],[-125.1764,67.4513],[-125.1991,67.4784],[-125.1886,67.5122],[-125.1564,67.5361],[-125.0007,67.5899],[-124.9858,67.5891],[-124.9798,67.574],[-124.9794,67.559],[-124.944,67.5552],[-124.8971,67.5431],[-124.9046,67.557],[-124.7578,67.557],[-124.6338,67.5287]]]}},{"type":"Feature","properties":{},"bbox":[-97.890934,66.214969,-96.938224,66.645624],"geometry":{"type":"Polygon","coordinates":[[[-97.1568,66.3563],[-97.2057,66.3436],[-97.2263,66.3442],[-97.2198,66.3607],[-97.2271,66.3689],[-97.2411,66.368],[-97.2541,66.3571],[-97.2548,66.3524],[-97.2467,66.3407],[-97.2492,66.3336],[-97.2672,66.3304],[-97.2847,66.3162],[-97.2921,66.3089],[-97.3037,66.2797],[-97.3235,66.2833],[-97.3631,66.303],[-97.4147,66.3018],[-97.4344,66.3095],[-97.4522,66.3304],[-97.4395,66.3283],[-97.4158,66.318],[-97.4051,66.3168],[-97.3892,66.3206],[-97.3879,66.3251],[-97.3974,66.3371],[-97.4046,66.3657],[-97.4174,66.3786],[-97.4874,66.4107],[-97.5047,66.4154],[-97.5197,66.4104],[-97.5342,66.3919],[-97.5431,66.3739],[-97.5511,66.3533],[-97.554,66.3333],[-97.5483,66.3168],[-97.5655,66.3036],[-97.6189,66.2862],[-97.6303,66.2788],[-97.6431,66.2632],[-97.6994,66.2459],[-97.7186,66.215],[-97.7333,66.2173],[-97.7604,66.2309],[-97.7885,66.2341],[-97.7885,66.2547],[-97.8088,66.2688],[-97.8304,66.2774],[-97.8842,66.2827],[-97.8842,66.2894],[-97.8742,66.2927],[-97.8653,66.3047],[-97.8562,66.3092],[-97.8168,66.3042],[-97.8022,66.3092],[-97.8222,66.3201],[-97.8493,66.3251],[-97.87,66.3327],[-97.8705,66.3504],[-97.8909,66.3504],[-97.8646,66.3607],[-97.83,66.3636],[-97.8053,66.3583],[-97.8085,66.3442],[-97.7891,66.3354],[-97.7792,66.3421],[-97.7669,66.3645],[-97.7513,66.3695],[-97.7258,66.3571],[-97.7105,66.361],[-97.6866,66.3792],[-97.6719,66.3851],[-97.6571,66.3848],[-97.6166,66.3713],[-97.631,66.356],[-97.6338,66.3413],[-97.6264,66.3295],[-97.6104,66.3236],[-97.5882,66.3271],[-97.5729,66.3404],[-97.5558,66.3778],[-97.5727,66.3848],[-97.5824,66.3992],[-97.5774,66.3998],[-97.5662,66.4249],[-97.5595,66.4331],[-97.542,66.4446],[-97.5415,66.454],[-97.5509,66.4628],[-97.5969,66.4743],[-97.6298,66.4902],[-97.6447,66.5043],[-97.644,66.5223],[-97.6297,66.5208],[-97.5699,66.5008],[-97.534,66.4778],[-97.5174,66.4749],[-97.5053,66.4834],[-97.5006,66.5049],[-97.4921,66.5223],[-97.4544,66.547],[-97.4407,66.587],[-97.4266,66.5962],[-97.3839,66.5979],[-97.3736,66.6024],[-97.3668,66.6253],[-97.3213,66.6262],[-97.3087,66.6321],[-97.3156,66.643],[-97.3068,66.6456],[-97.2904,66.6394],[-97.2747,66.6253],[-97.2868,66.6068],[-97.3057,66.5909],[-97.3497,66.57],[-97.3194,66.5647],[-97.3112,66.5564],[-97.315,66.5426],[-97.2809,66.5426],[-97.2866,66.532],[-97.315,66.5223],[-97.3396,66.4722],[-97.3428,66.4552],[-97.3418,66.4378],[-97.3361,66.426],[-97.3387,66.411],[-97.3308,66.4037],[-97.3166,66.4022],[-97.3013,66.4054],[-97.2782,66.4201],[-97.2645,66.4222],[-97.2467,66.4122],[-97.248,66.3984],[-97.2048,66.3828],[-97.1921,66.3645],[-97.1745,66.3725],[-97.1474,66.409],[-97.1359,66.4143],[-97.1275,66.386],[-97.1201,66.3778],[-97.1035,66.3819],[-97.0903,66.4007],[-97.0754,66.4054],[-97.0647,66.4007],[-97.0567,66.3922],[-97.0496,66.3907],[-97.0413,66.4054],[-97.0461,66.4413],[-97.023,66.4764],[-96.9887,66.4949],[-96.9593,66.4814],[-96.9557,66.4652],[-96.9581,66.4446],[-96.9644,66.426],[-96.9724,66.4157],[-97.0128,66.3919],[-97.0254,66.3766],[-97.014,66.3645],[-97.0137,66.3433],[-96.9925,66.3218],[-96.963,66.3042],[-96.9382,66.2956],[-96.9566,66.285],[-96.978,66.2894],[-97.014,66.3092],[-97.0549,66.3236],[-97.0648,66.3471],[-97.0848,66.3545],[-97.1226,66.3457],[-97.1409,66.3536],[-97.1568,66.3563]]]}},{"type":"Feature","properties":{},"bbox":[-93.018619,62.914264,-92.011893,63.253077],"geometry":{"type":"Polygon","coordinates":[[[-92.0268,62.9852],[-92.0119,62.9761],[-92.0266,62.967],[-92.0606,62.9743],[-92.2228,63.0338],[-92.2592,63.0588],[-92.2745,63.0617],[-92.3057,63.0612],[-92.3263,63.065],[-92.3628,63.0779],[-92.381,63.0756],[-92.3663,63.0691],[-92.3481,63.042],[-92.3333,63.0302],[-92.2858,63.0214],[-92.2787,63.0141],[-92.2849,63.0076],[-92.3302,63.0067],[-92.3495,63.0114],[-92.4091,63.0476],[-92.4882,63.0697],[-92.5114,63.0818],[-92.4955,63.0912],[-92.4773,63.0959],[-92.4945,63.1177],[-92.5145,63.1177],[-92.5356,63.1041],[-92.5559,63.0853],[-92.5669,63.0853],[-92.6248,63.0991],[-92.6429,63.1239],[-92.6555,63.13],[-92.6669,63.1315],[-92.6764,63.1283],[-92.6841,63.1206],[-92.6903,63.1097],[-92.6847,63.0918],[-92.6931,63.0785],[-92.7053,63.0703],[-92.7662,63.0662],[-92.7693,63.0603],[-92.7647,63.0408],[-92.7655,63.0161],[-92.7474,62.9967],[-92.7331,62.9879],[-92.7175,62.9817],[-92.6761,62.9731],[-92.6663,62.9658],[-92.6623,62.9552],[-92.653,62.9496],[-92.5934,62.9384],[-92.5537,62.9254],[-92.5573,62.9154],[-92.5834,62.9143],[-92.6382,62.9405],[-92.8139,62.9528],[-92.8336,62.9587],[-92.8264,62.9631],[-92.8132,62.9793],[-92.8404,62.9934],[-92.7995,63.0102],[-92.8014,63.0199],[-92.807,63.027],[-92.8274,63.0332],[-92.8795,63.0211],[-92.9063,63.0214],[-92.923,63.0408],[-92.9031,63.0411],[-92.9018,63.0476],[-92.9147,63.0541],[-92.9372,63.055],[-92.929,63.0635],[-92.9144,63.07],[-92.8854,63.0756],[-92.8467,63.1097],[-92.8832,63.1283],[-92.9659,63.1515],[-92.9974,63.1712],[-92.9915,63.1854],[-93.0121,63.1983],[-93.0186,63.2122],[-93.011,63.2204],[-92.9977,63.2275],[-92.993,63.2372],[-93.0117,63.2531],[-92.9806,63.2493],[-92.8788,63.1983],[-92.7999,63.1712],[-92.7721,63.1712],[-92.7753,63.191],[-92.7477,63.1866],[-92.6995,63.1648],[-92.6707,63.163],[-92.6149,63.1486],[-92.5934,63.1371],[-92.6077,63.1165],[-92.5713,63.1032],[-92.5578,63.1068],[-92.5525,63.1268],[-92.4668,63.1506],[-92.37,63.1442],[-92.3199,63.1318],[-92.293,63.1097],[-92.3021,63.1074],[-92.3123,63.0959],[-92.2804,63.0912],[-92.1894,63.0612],[-92.1186,63.0603],[-92.0847,63.0544],[-92.0733,63.0332],[-92.0797,63.0143],[-92.0568,62.9982],[-92.0268,62.9852]]]}},{"type":"Feature","properties":{},"bbox":[-95.403262,62.029111,-94.651898,62.387941],"geometry":{"type":"Polygon","coordinates":[[[-94.6563,62.3111],[-94.6519,62.2976],[-94.6769,62.284],[-94.7317,62.2667],[-94.7209,62.2496],[-94.7184,62.2366],[-94.7277,62.2287],[-94.7524,62.2257],[-94.7852,62.2411],[-94.8059,62.2305],[-94.8416,62.2184],[-94.7936,62.1942],[-94.778,62.1804],[-94.7863,62.1672],[-94.8141,62.1569],[-94.8396,62.1545],[-94.864,62.1595],[-94.8893,62.1707],[-94.8974,62.1639],[-94.9087,62.1633],[-94.9207,62.1681],[-94.9304,62.1781],[-94.9574,62.1616],[-94.9723,62.1592],[-94.9788,62.1672],[-94.9928,62.1695],[-94.9973,62.166],[-94.9887,62.1539],[-94.9498,62.1271],[-94.9361,62.1109],[-94.9377,62.0886],[-94.9667,62.0986],[-94.9925,62.1165],[-94.9881,62.1042],[-94.9788,62.0948],[-94.9788,62.0886],[-95.002,62.0877],[-95.0743,62.0948],[-95.14,62.0842],[-95.1637,62.0886],[-95.1766,62.098],[-95.2012,62.1242],[-95.2183,62.1295],[-95.2923,62.1368],[-95.3076,62.1295],[-95.282,62.1121],[-95.1965,62.0715],[-95.1841,62.0477],[-95.1984,62.0368],[-95.2228,62.0335],[-95.2667,62.0341],[-95.3082,62.0291],[-95.3285,62.0326],[-95.3419,62.0477],[-95.3339,62.0556],[-95.3276,62.0683],[-95.3416,62.0786],[-95.35,62.0903],[-95.347,62.0992],[-95.3276,62.1024],[-95.3588,62.1198],[-95.3651,62.1286],[-95.3768,62.1689],[-95.3597,62.1919],[-95.3691,62.2046],[-95.356,62.2113],[-95.3451,62.2225],[-95.3378,62.236],[-95.335,62.249],[-95.3447,62.2555],[-95.3899,62.2531],[-95.4033,62.2667],[-95.391,62.2737],[-95.4033,62.294],[-95.3984,62.3002],[-95.357,62.3261],[-95.3444,62.3273],[-95.3076,62.3146],[-95.2552,62.3129],[-95.1996,62.3199],[-95.1466,62.3211],[-95.1023,62.3008],[-95.2683,62.2864],[-95.2865,62.294],[-95.2933,62.2867],[-95.2667,62.2396],[-95.2817,62.2157],[-95.2852,62.2037],[-95.273,62.191],[-95.2608,62.1898],[-95.2389,62.1984],[-95.2188,62.1901],[-95.1291,62.1786],[-95.1054,62.1792],[-95.0812,62.1842],[-95.1295,62.1978],[-95.117,62.2157],[-95.1191,62.2243],[-95.1295,62.2319],[-95.117,62.2487],[-95.0993,62.2511],[-95.0793,62.2452],[-95.0313,62.2225],[-95.014,62.211],[-95.0044,62.2137],[-94.9991,62.2204],[-95.0026,62.229],[-95.0394,62.2531],[-95.049,62.267],[-95.0265,62.2731],[-94.975,62.2731],[-94.9705,62.2764],[-94.9866,62.2908],[-95.0184,62.2987],[-95.0115,62.3091],[-94.9713,62.3282],[-94.9458,62.3311],[-94.8933,62.3294],[-94.8688,62.335],[-94.8437,62.3561],[-94.8147,62.3712],[-94.7467,62.3862],[-94.7215,62.3879],[-94.7043,62.3829],[-94.7733,62.3688],[-94.7869,62.3556],[-94.7562,62.362],[-94.7421,62.36],[-94.7317,62.3494],[-94.7733,62.335],[-94.782,62.3188],[-94.793,62.3146],[-94.793,62.3076],[-94.7683,62.3064],[-94.7623,62.3017],[-94.7664,62.294],[-94.7364,62.2849],[-94.6838,62.3114],[-94.6563,62.3111]]]}},{"type":"Feature","properties":{},"bbox":[-103.750252,54.557267,-103.089257,54.982034],"geometry":{"type":"Polygon","coordinates":[[[-103.0963,54.912],[-103.0893,54.9067],[-103.0915,54.8937],[-103.106,54.8793],[-103.1141,54.8625],[-103.1274,54.8496],[-103.1445,54.8413],[-103.2319,54.831],[-103.2463,54.8349],[-103.2632,54.8466],[-103.3036,54.8587],[-103.3217,54.8696],[-103.3283,54.8999],[-103.3596,54.917],[-103.372,54.9158],[-103.3798,54.8725],[-103.3998,54.8666],[-103.4481,54.8799],[-103.4691,54.8793],[-103.4802,54.8672],[-103.4791,54.8502],[-103.4624,54.8178],[-103.4446,54.7998],[-103.3866,54.7901],[-103.4028,54.781],[-103.4204,54.7772],[-103.4588,54.7769],[-103.47,54.771],[-103.4613,54.7574],[-103.435,54.7354],[-103.5033,54.7336],[-103.5301,54.7256],[-103.5176,54.708],[-103.4856,54.7009],[-103.4456,54.7003],[-103.4086,54.695],[-103.3866,54.6738],[-103.4001,54.6682],[-103.4239,54.6503],[-103.4906,54.6388],[-103.5039,54.6329],[-103.4889,54.6206],[-103.4905,54.6055],[-103.5039,54.5743],[-103.5146,54.5679],[-103.5783,54.5573],[-103.601,54.5632],[-103.6069,54.5735],[-103.6079,54.5867],[-103.6162,54.602],[-103.6328,54.6079],[-103.6743,54.6029],[-103.6951,54.6117],[-103.708,54.6406],[-103.6968,54.6712],[-103.6541,54.7218],[-103.6382,54.7304],[-103.6325,54.7368],[-103.6368,54.7457],[-103.644,54.7504],[-103.7154,54.766],[-103.7374,54.7748],[-103.7503,54.7836],[-103.7282,54.7763],[-103.6032,54.7783],[-103.5879,54.7727],[-103.592,54.7566],[-103.5772,54.7521],[-103.5566,54.7563],[-103.5385,54.768],[-103.5305,54.7869],[-103.5296,54.8263],[-103.5374,54.8663],[-103.5544,54.8799],[-103.5594,54.889],[-103.548,54.8931],[-103.4967,54.8931],[-103.4737,54.8961],[-103.4538,54.9055],[-103.445,54.9205],[-103.4554,54.9408],[-103.4207,54.9408],[-103.4172,54.9508],[-103.4203,54.957],[-103.4281,54.9611],[-103.4345,54.9761],[-103.4281,54.9817],[-103.4201,54.982],[-103.3679,54.9656],[-103.3305,54.9647],[-103.3108,54.9611],[-103.2955,54.9529],[-103.2696,54.932],[-103.2531,54.9279],[-103.2366,54.9311],[-103.2063,54.9449],[-103.1914,54.9482],[-103.1758,54.9455],[-103.1701,54.9382],[-103.1612,54.9134],[-103.1474,54.8976],[-103.1343,54.8908],[-103.1218,54.8925],[-103.0963,54.912]]]}},{"type":"Feature","properties":{},"bbox":[-101.577844,55.050621,-101.152635,55.303774],"geometry":{"type":"Polygon","coordinates":[[[-101.2626,55.2152],[-101.2399,55.1819],[-101.2549,55.1536],[-101.2858,55.1272],[-101.3103,55.0992],[-101.3041,55.0868],[-101.3075,55.0809],[-101.3178,55.0786],[-101.3278,55.0809],[-101.3357,55.093],[-101.3446,55.0992],[-101.3833,55.1089],[-101.3859,55.1174],[-101.3855,55.1433],[-101.3936,55.1569],[-101.4112,55.1457],[-101.4373,55.1163],[-101.4407,55.1092],[-101.4407,55.0821],[-101.4686,55.0506],[-101.4748,55.0506],[-101.4832,55.1089],[-101.4751,55.1289],[-101.4469,55.1469],[-101.4666,55.1604],[-101.4932,55.1489],[-101.5199,55.1298],[-101.54,55.1195],[-101.5484,55.1342],[-101.5778,55.2187],[-101.5717,55.2267],[-101.5571,55.2319],[-101.5097,55.2405],[-101.4894,55.2652],[-101.4748,55.2767],[-101.4601,55.2811],[-101.4442,55.2808],[-101.4315,55.2743],[-101.4221,55.2405],[-101.4111,55.2319],[-101.3787,55.2219],[-101.324,55.2425],[-101.3134,55.2608],[-101.2727,55.2632],[-101.2265,55.2891],[-101.2217,55.3005],[-101.2121,55.3038],[-101.1526,55.3038],[-101.1704,55.2985],[-101.1989,55.2811],[-101.1912,55.259],[-101.1971,55.2455],[-101.2134,55.2337],[-101.2626,55.2152]]]}},{"type":"Feature","properties":{},"bbox":[-97.167975,54.138092,-96.479458,54.334139],"geometry":{"type":"Polygon","coordinates":[[[-96.5389,54.2494],[-96.4795,54.2349],[-96.4876,54.2226],[-96.5001,54.2146],[-96.4931,54.2146],[-96.5576,54.1846],[-96.5897,54.1784],[-96.6084,54.169],[-96.6714,54.1593],[-96.7147,54.144],[-96.7413,54.1381],[-96.7591,54.1446],[-96.7983,54.1396],[-96.8127,54.1431],[-96.8358,54.1669],[-96.8768,54.1805],[-96.9017,54.1978],[-96.9141,54.2002],[-96.9248,54.1984],[-96.9375,54.1893],[-96.9485,54.1873],[-97.0298,54.1902],[-97.0723,54.2123],[-97.0906,54.2173],[-97.1034,54.2388],[-97.1087,54.2426],[-97.1443,54.2426],[-97.1614,54.2497],[-97.168,54.2588],[-97.1643,54.2682],[-97.1505,54.2767],[-97.1315,54.2794],[-97.0757,54.2691],[-97.0078,54.267],[-96.9612,54.2552],[-96.9468,54.2588],[-96.9282,54.2729],[-96.8979,54.2847],[-96.8109,54.28],[-96.7737,54.2835],[-96.7228,54.3103],[-96.691,54.3341],[-96.6843,54.3291],[-96.6857,54.3141],[-96.6918,54.297],[-96.6266,54.297],[-96.6172,54.2906],[-96.6209,54.262],[-96.6054,54.2555],[-96.5389,54.2494]]]}},{"type":"Feature","properties":{},"bbox":[-88.036211,52.130823,-87.454695,52.344532],"geometry":{"type":"Polygon","coordinates":[[[-87.4852,52.1976],[-87.4547,52.1935],[-87.4547,52.1862],[-87.5122,52.1791],[-87.5646,52.1659],[-87.5019,52.1308],[-87.5261,52.1352],[-87.5676,52.1517],[-87.6131,52.1426],[-87.7736,52.1603],[-87.802,52.1726],[-87.8065,52.1773],[-87.7951,52.1826],[-87.7992,52.19],[-87.8272,52.2132],[-87.8645,52.2077],[-87.9233,52.1862],[-87.9691,52.1876],[-87.9787,52.19],[-88.0037,52.2109],[-88.0362,52.2203],[-88.0228,52.2265],[-87.9754,52.2344],[-87.9588,52.2403],[-87.9475,52.2462],[-87.9264,52.268],[-87.9504,52.2704],[-87.9773,52.2777],[-87.996,52.2907],[-87.9953,52.3095],[-87.9868,52.3145],[-87.9297,52.326],[-87.9049,52.341],[-87.8929,52.3445],[-87.878,52.3425],[-87.8717,52.336],[-87.8731,52.326],[-87.8824,52.313],[-87.884,52.303],[-87.8725,52.2963],[-87.7881,52.2783],[-87.7285,52.2756],[-87.7285,52.268],[-87.7616,52.2509],[-87.7688,52.2386],[-87.7558,52.2271],[-87.7179,52.2344],[-87.7031,52.2336],[-87.7148,52.2165],[-87.6986,52.2035],[-87.6605,52.1918],[-87.582,52.1797],[-87.4852,52.1976]]]}},{"type":"Feature","properties":{},"bbox":[-75.427713,50.123554,-74.78335,50.58394],"geometry":{"type":"Polygon","coordinates":[[[-74.9826,50.3155],[-75.0057,50.2946],[-75.0331,50.281],[-75.0924,50.2607],[-75.0821,50.236],[-75.0907,50.2169],[-75.1052,50.1986],[-75.1197,50.1562],[-75.1359,50.1421],[-75.1744,50.1236],[-75.1791,50.1406],[-75.1706,50.1512],[-75.1431,50.1683],[-75.1114,50.2189],[-75.0988,50.2328],[-75.1113,50.2513],[-75.1129,50.271],[-75.0751,50.3016],[-75.0281,50.304],[-75.0106,50.314],[-74.9962,50.3358],[-74.977,50.3852],[-74.9762,50.4091],[-75.0206,50.4329],[-75.0358,50.4079],[-75.0414,50.4056],[-75.0425,50.4212],[-75.0297,50.4382],[-75.0462,50.4418],[-75.0664,50.4376],[-75.0988,50.4191],[-75.0833,50.4094],[-75.0646,50.4047],[-75.0759,50.3905],[-75.1101,50.3982],[-75.126,50.3973],[-75.1356,50.3861],[-75.1276,50.3773],[-75.1104,50.3717],[-75.0924,50.3705],[-75.1392,50.3602],[-75.1464,50.3532],[-75.1559,50.3258],[-75.1744,50.3016],[-75.1659,50.2899],[-75.155,50.2852],[-75.126,50.2875],[-75.1472,50.2775],[-75.1916,50.2746],[-75.2202,50.2563],[-75.2495,50.2466],[-75.257,50.2481],[-75.267,50.2607],[-75.3079,50.2475],[-75.339,50.2492],[-75.349,50.2534],[-75.3506,50.2595],[-75.339,50.2675],[-75.3256,50.2704],[-75.2774,50.2675],[-75.2529,50.2693],[-75.2221,50.2754],[-75.2003,50.2884],[-75.2018,50.3093],[-75.2197,50.3016],[-75.2423,50.3016],[-75.2617,50.3087],[-75.2707,50.3222],[-75.2418,50.3161],[-75.2116,50.3155],[-75.2046,50.3211],[-75.2034,50.3334],[-75.2089,50.3455],[-75.2222,50.3502],[-75.2222,50.3564],[-75.1934,50.3585],[-75.1732,50.3708],[-75.1656,50.3897],[-75.1744,50.4114],[-75.2122,50.4215],[-75.2222,50.432],[-75.2234,50.4444],[-75.2121,50.4627],[-75.2049,50.4894],[-75.209,50.4903],[-75.2504,50.4747],[-75.3036,50.4765],[-75.3178,50.4736],[-75.3453,50.4544],[-75.3594,50.4527],[-75.339,50.4868],[-75.3451,50.4897],[-75.3525,50.5009],[-75.3136,50.5236],[-75.3064,50.5383],[-75.3178,50.5551],[-75.3409,50.5625],[-75.4003,50.5622],[-75.4277,50.5692],[-75.3253,50.5625],[-75.3019,50.566],[-75.258,50.5807],[-75.1238,50.5839],[-75.1061,50.5792],[-75.1124,50.5645],[-75.1403,50.5519],[-75.1464,50.5451],[-75.1509,50.5307],[-75.1604,50.5174],[-75.17,50.5127],[-75.1771,50.5268],[-75.19,50.5292],[-75.1949,50.5277],[-75.2013,50.5195],[-75.1949,50.5009],[-75.1949,50.4459],[-75.1519,50.427],[-75.1397,50.4253],[-75.1267,50.4329],[-75.1161,50.4565],[-75.1061,50.4662],[-75.0958,50.4468],[-75.0706,50.4521],[-75.0433,50.4688],[-75.0044,50.5059],[-74.9791,50.5239],[-74.9511,50.5363],[-74.9205,50.5418],[-74.9488,50.5251],[-74.9581,50.5133],[-74.9679,50.4812],[-74.9884,50.4568],[-74.9826,50.4382],[-74.976,50.4294],[-74.9581,50.432],[-74.9491,50.4288],[-74.9478,50.4147],[-74.941,50.4114],[-74.928,50.4191],[-74.9273,50.4362],[-74.9338,50.4547],[-74.9417,50.4662],[-74.9251,50.4768],[-74.907,50.4789],[-74.8905,50.4733],[-74.879,50.4594],[-74.8931,50.4382],[-74.872,50.4432],[-74.825,50.4794],[-74.8101,50.4818],[-74.795,50.478],[-74.7842,50.4683],[-74.7833,50.4527],[-74.7963,50.4335],[-74.8157,50.427],[-74.8591,50.4253],[-74.8775,50.4188],[-74.8982,50.407],[-74.9129,50.392],[-74.9138,50.377],[-74.9616,50.3738],[-74.9689,50.3673],[-74.9725,50.3373],[-74.9826,50.3155]]]}},{"type":"Feature","properties":{},"bbox":[-77.456029,50.71346,-76.583828,51.062576],"geometry":{"type":"Polygon","coordinates":[[[-76.5896,51.0066],[-76.5838,50.9972],[-76.6063,50.9869],[-76.6165,51.0043],[-76.6218,51.0064],[-76.6557,50.9975],[-76.663,50.9834],[-76.6923,50.9766],[-76.7138,50.9675],[-76.7472,50.9425],[-76.7521,50.9225],[-76.7328,50.9095],[-76.6889,50.891],[-76.6872,50.8748],[-76.6935,50.8533],[-76.7044,50.8333],[-76.7161,50.8218],[-76.7406,50.8206],[-76.7431,50.838],[-76.7328,50.8598],[-76.7116,50.8742],[-76.7153,50.8833],[-76.7368,50.8983],[-76.7609,50.8977],[-76.8025,50.8751],[-76.8412,50.8665],[-76.8602,50.8498],[-76.8433,50.8492],[-76.8307,50.8418],[-76.8258,50.8333],[-76.8323,50.8294],[-76.8804,50.8265],[-76.9007,50.8038],[-76.9605,50.7865],[-76.9764,50.7747],[-76.9546,50.775],[-76.9468,50.7703],[-76.9422,50.7611],[-76.9661,50.757],[-77.0155,50.7379],[-77.0691,50.7296],[-77.125,50.714],[-77.1545,50.7135],[-77.0545,50.7573],[-77.0383,50.7709],[-77.042,50.785],[-77.0523,50.7947],[-77.1059,50.808],[-77.1203,50.8498],[-77.1088,50.8636],[-77.0806,50.8833],[-77.0725,50.8983],[-77.1024,50.8945],[-77.1234,50.901],[-77.1681,50.9319],[-77.199,50.9451],[-77.2264,50.9472],[-77.2519,50.9401],[-77.304,50.9116],[-77.3146,50.9019],[-77.3224,50.8721],[-77.3462,50.8362],[-77.3458,50.8103],[-77.3265,50.8115],[-77.2779,50.8294],[-77.2854,50.8159],[-77.299,50.8082],[-77.2879,50.7865],[-77.3102,50.7723],[-77.3437,50.7609],[-77.3667,50.7473],[-77.3786,50.7723],[-77.377,50.8041],[-77.3635,50.835],[-77.34,50.8565],[-77.3574,50.8595],[-77.3897,50.8421],[-77.4083,50.8362],[-77.43,50.8392],[-77.4407,50.85],[-77.456,50.8845],[-77.4385,50.8801],[-77.4176,50.863],[-77.4083,50.8771],[-77.3789,50.8807],[-77.3658,50.886],[-77.3258,50.9304],[-77.3166,50.9507],[-77.3955,50.9725],[-77.4164,50.9878],[-77.4219,51.0081],[-77.4051,51.0258],[-77.3727,51.0402],[-77.3392,51.047],[-77.3189,51.0417],[-77.3149,51.0134],[-77.3217,51.0055],[-77.3667,51.0081],[-77.3667,51.0008],[-77.348,50.996],[-77.3305,50.9769],[-77.3087,50.971],[-77.2788,50.9522],[-77.2581,50.9666],[-77.2225,50.9654],[-77.1608,50.9498],[-77.1265,50.946],[-77.134,50.9257],[-77.1138,50.9281],[-77.1041,50.9587],[-77.0893,50.9666],[-77.0731,50.9699],[-76.8732,51.0626],[-76.8118,51.0355],[-76.8468,51.0005],[-76.9353,50.891],[-76.958,50.8671],[-76.9627,50.8565],[-76.9636,50.8427],[-76.9587,50.8371],[-76.9499,50.8389],[-76.9387,50.8468],[-76.8307,50.9584],[-76.8152,50.9666],[-76.7931,50.9625],[-76.7828,50.9648],[-76.7937,50.9902],[-76.779,50.9896],[-76.7572,50.9802],[-76.7376,50.976],[-76.7161,50.9802],[-76.6891,51.0046],[-76.6714,51.0117],[-76.6492,51.0449],[-76.6375,51.037],[-76.6268,51.0211],[-76.5896,51.0066]],[[-76.9549,50.9439],[-76.9387,50.946],[-76.9304,50.951],[-76.8936,50.9802],[-76.871,51.0117],[-76.8602,51.0211],[-76.8486,51.0217],[-76.839,51.0278],[-76.8517,51.0387],[-76.8676,51.0426],[-76.8839,51.0399],[-76.8975,51.0317],[-76.9054,51.0105],[-76.9422,51.0081],[-76.9943,50.9598],[-77.0285,50.9498],[-77.0248,50.9422],[-77.0135,50.9345],[-76.9974,50.9319],[-76.9549,50.9439]]]}},{"type":"Feature","properties":{},"bbox":[-71.028882,50.555092,-70.425583,50.980154],"geometry":{"type":"Polygon","coordinates":[[[-70.4318,50.7202],[-70.4256,50.7135],[-70.4328,50.6896],[-70.4328,50.6693],[-70.4375,50.6555],[-70.459,50.6519],[-70.4563,50.6428],[-70.4578,50.6302],[-70.4665,50.6034],[-70.4924,50.6587],[-70.5074,50.6722],[-70.5027,50.6181],[-70.5105,50.6101],[-70.5641,50.6048],[-70.5826,50.6101],[-70.5395,50.624],[-70.528,50.6349],[-70.5416,50.6581],[-70.5628,50.672],[-70.5781,50.6669],[-70.5888,50.6508],[-70.5968,50.6302],[-70.6359,50.6584],[-70.6472,50.6581],[-70.6514,50.6302],[-70.648,50.6028],[-70.673,50.576],[-70.6924,50.5625],[-70.7057,50.5851],[-70.7373,50.5828],[-70.8024,50.5551],[-70.7987,50.5642],[-70.7859,50.5772],[-70.7607,50.5966],[-70.7239,50.6075],[-70.7139,50.6172],[-70.7197,50.6375],[-70.7288,50.6484],[-70.7341,50.6466],[-70.7403,50.6375],[-70.7891,50.6752],[-70.8024,50.6722],[-70.8149,50.6614],[-70.8146,50.654],[-70.8091,50.6443],[-70.8153,50.6375],[-70.8387,50.6575],[-70.8565,50.6481],[-70.8842,50.6034],[-70.8917,50.6193],[-70.9054,50.6784],[-70.9173,50.7043],[-70.9148,50.717],[-70.8985,50.727],[-70.9254,50.7526],[-70.9251,50.7611],[-70.9142,50.7647],[-70.8829,50.7594],[-70.8705,50.7611],[-70.9076,50.7971],[-70.9297,50.805],[-70.9503,50.7644],[-70.976,50.7467],[-71.0058,50.7367],[-71.0289,50.74],[-71.0114,50.755],[-71.0106,50.8041],[-70.9872,50.8218],[-70.9599,50.8177],[-70.9473,50.82],[-70.9394,50.8362],[-70.9426,50.8486],[-70.9737,50.8845],[-70.9607,50.901],[-70.9737,50.9802],[-70.9534,50.9693],[-70.9394,50.9534],[-70.9359,50.9289],[-70.9176,50.8874],[-70.9116,50.8636],[-70.9161,50.8306],[-70.9054,50.8218],[-70.8871,50.8165],[-70.8501,50.8362],[-70.8564,50.7938],[-70.8501,50.7809],[-70.8405,50.7871],[-70.8318,50.7876],[-70.8253,50.7823],[-70.8174,50.7617],[-70.794,50.7676],[-70.7887,50.7641],[-70.7854,50.7438],[-70.7771,50.7246],[-70.766,50.7176],[-70.7545,50.7338],[-70.7353,50.7208],[-70.7176,50.689],[-70.6993,50.6852],[-70.6784,50.707],[-70.6101,50.6746],[-70.6034,50.6867],[-70.6053,50.7067],[-70.6138,50.7235],[-70.639,50.7429],[-70.6378,50.7541],[-70.6305,50.757],[-70.5968,50.74],[-70.6007,50.7538],[-70.6037,50.7985],[-70.5982,50.8112],[-70.5863,50.8197],[-70.5744,50.8194],[-70.5689,50.805],[-70.5697,50.7376],[-70.5651,50.7014],[-70.5525,50.6852],[-70.5224,50.6799],[-70.5176,50.6852],[-70.5136,50.7064],[-70.512,50.7482],[-70.5082,50.7464],[-70.4933,50.7205],[-70.4792,50.6817],[-70.4727,50.6722],[-70.4609,50.6764],[-70.4318,50.7202]]]}},{"type":"Feature","properties":{},"bbox":[-72.357053,64.497943,-71.973203,64.709002],"geometry":{"type":"Polygon","coordinates":[[[-72.2999,64.6378],[-72.3571,64.6548],[-72.35,64.669],[-72.3334,64.6713],[-72.297,64.6657],[-72.1485,64.6787],[-72.1158,64.6855],[-72.0581,64.709],[-72.0219,64.7066],[-71.9934,64.6958],[-71.9732,64.6822],[-71.9741,64.6707],[-72.0288,64.664],[-72.0459,64.6581],[-72.0561,64.6472],[-72.0555,64.631],[-72.0468,64.6204],[-72.0048,64.5998],[-72.0031,64.588],[-72.0138,64.5748],[-72.0362,64.5559],[-72.0402,64.533],[-72.0461,64.5244],[-72.0558,64.5188],[-72.0668,64.5174],[-72.1529,64.5297],[-72.1974,64.5144],[-72.3206,64.4979],[-72.3278,64.5027],[-72.3304,64.518],[-72.3241,64.5268],[-72.2958,64.535],[-72.2895,64.545],[-72.2961,64.555],[-72.3273,64.5636],[-72.3372,64.5695],[-72.3397,64.5845],[-72.3313,64.591],[-72.31,64.5969],[-72.3019,64.6057],[-72.2919,64.6195],[-72.2885,64.6322],[-72.2999,64.6378]]]}},{"type":"Feature","properties":{},"bbox":[-64.62764,55.816262,-63.750582,56.160963],"geometry":{"type":"Polygon","coordinates":[[[-64.0084,55.9272],[-64.056,55.9146],[-64.0601,55.9166],[-64.0597,55.9284],[-64.1203,55.957],[-64.1383,55.952],[-64.1544,55.9408],[-64.1784,55.9314],[-64.1908,55.9213],[-64.2035,55.9246],[-64.2373,55.9555],[-64.2566,55.9584],[-64.279,55.9537],[-64.2957,55.9414],[-64.2987,55.9208],[-64.284,55.9046],[-64.257,55.894],[-64.2068,55.8866],[-64.1898,55.8813],[-64.1577,55.8575],[-64.1346,55.8519],[-64.0619,55.8601],[-64.038,55.8595],[-64.038,55.8519],[-64.1109,55.8239],[-64.1474,55.8163],[-64.1758,55.8254],[-64.2085,55.8684],[-64.2698,55.8866],[-64.2919,55.8881],[-64.3055,55.8737],[-64.2645,55.8663],[-64.2255,55.846],[-64.2248,55.8422],[-64.2354,55.8254],[-64.2504,55.8189],[-64.2612,55.8183],[-64.2816,55.8227],[-64.3055,55.8557],[-64.3239,55.8628],[-64.3745,55.8595],[-64.3692,55.8707],[-64.3434,55.8966],[-64.337,55.9087],[-64.335,55.9346],[-64.3165,55.9667],[-64.3331,55.9752],[-64.388,55.9761],[-64.4178,55.9841],[-64.461,56.0111],[-64.4911,56.017],[-64.5967,56.0235],[-64.6276,56.0306],[-64.6117,56.0367],[-64.5663,56.0306],[-64.5184,56.0438],[-64.4891,56.0467],[-64.4581,56.0456],[-64.4282,56.0403],[-64.4025,56.0306],[-64.3476,55.997],[-64.3261,55.9896],[-64.3016,55.9893],[-64.2373,56.017],[-64.2448,56.0279],[-64.2516,56.0306],[-64.2428,56.0403],[-64.2068,56.0615],[-64.2054,56.0727],[-64.2154,56.095],[-64.1857,56.1033],[-64.1553,56.133],[-64.1007,56.161],[-64.0865,56.1536],[-64.1313,56.1253],[-64.1416,56.1127],[-64.1025,56.1168],[-64.0885,56.1139],[-64.0932,56.0989],[-64.1101,56.085],[-64.169,56.0579],[-64.1849,56.0467],[-64.2136,56.0164],[-64.2388,55.982],[-64.2032,56.0029],[-64.1935,56.002],[-64.1749,55.9923],[-64.1281,55.9852],[-64.089,55.964],[-64.0759,55.962],[-63.9653,55.9944],[-63.8719,55.9973],[-63.8006,56.0132],[-63.7506,56.017],[-63.8602,55.9817],[-63.9646,55.9667],[-63.98,55.9587],[-63.99,55.9443],[-63.987,55.934],[-63.9728,55.9281],[-63.9499,55.9284],[-63.9499,55.9208],[-63.9633,55.9166],[-63.9971,55.9284],[-64.0084,55.9272]]]}},{"type":"Feature","properties":{},"bbox":[-68.760218,56.571012,-67.827967,57.27307],"geometry":{"type":"Polygon","coordinates":[[[-67.8387,56.7644],[-67.8843,56.7244],[-67.8999,56.7158],[-67.9254,56.7097],[-67.9691,56.6814],[-67.9924,56.6749],[-68.0418,56.6687],[-68.0613,56.6543],[-68.0607,56.6266],[-68.0452,56.6102],[-67.9988,56.5887],[-67.9856,56.5719],[-68.0025,56.571],[-68.0159,56.574],[-68.047,56.5978],[-68.0824,56.6128],[-68.1135,56.6375],[-68.2367,56.6496],[-68.2623,56.6467],[-68.3335,56.6275],[-68.3503,56.6287],[-68.3568,56.6381],[-68.3103,56.6599],[-68.3009,56.6676],[-68.3065,56.6829],[-68.2851,56.6891],[-68.2027,56.6867],[-68.1774,56.6811],[-68.1562,56.6826],[-68.15,56.6811],[-68.1432,56.6614],[-68.1178,56.6499],[-68.103,56.647],[-68.092,56.6505],[-68.0743,56.6773],[-68.0404,56.6867],[-68.0486,56.6994],[-68.0886,56.722],[-68.1422,56.7647],[-68.1684,56.7791],[-68.2053,56.8321],[-68.2289,56.8495],[-68.232,56.8565],[-68.2258,56.8972],[-68.2351,56.919],[-68.2563,56.9319],[-68.2791,56.9316],[-68.2935,56.9145],[-68.3118,56.9295],[-68.3382,56.979],[-68.3737,56.9996],[-68.438,57.0585],[-68.4452,57.0779],[-68.453,57.1197],[-68.4688,57.1274],[-68.4941,57.1215],[-68.5141,57.1062],[-68.5225,57.0841],[-68.5131,57.0585],[-68.5331,57.0597],[-68.5558,57.0685],[-68.5743,57.0817],[-68.5821,57.0962],[-68.5865,57.12],[-68.5993,57.1362],[-68.6186,57.145],[-68.6432,57.148],[-68.6534,57.145],[-68.6575,57.1374],[-68.6578,57.1171],[-68.67,57.1112],[-68.6844,57.0926],[-68.6784,57.0552],[-68.68,57.0388],[-68.6988,57.0311],[-68.7024,57.09],[-68.7096,57.1168],[-68.7224,57.1374],[-68.7557,57.1674],[-68.7602,57.178],[-68.753,57.1886],[-68.7365,57.1842],[-68.7049,57.1686],[-68.7302,57.2027],[-68.7292,57.2127],[-68.7147,57.2183],[-68.7015,57.208],[-68.6813,57.178],[-68.6541,57.1603],[-68.6194,57.153],[-68.548,57.148],[-68.5595,57.1153],[-68.5623,57.0965],[-68.5542,57.0864],[-68.5431,57.0882],[-68.5369,57.0962],[-68.5327,57.1274],[-68.52,57.1412],[-68.5021,57.1477],[-68.4996,57.158],[-68.5013,57.1642],[-68.5378,57.2248],[-68.548,57.2366],[-68.5583,57.2204],[-68.5752,57.2095],[-68.5814,57.2216],[-68.5983,57.2148],[-68.6094,57.2163],[-68.6186,57.2271],[-68.621,57.2386],[-68.6167,57.2448],[-68.5942,57.2327],[-68.5873,57.2354],[-68.5589,57.2692],[-68.4979,57.2731],[-68.4785,57.2716],[-68.4586,57.2645],[-68.445,57.2457],[-68.4377,57.243],[-68.4255,57.2466],[-68.4099,57.2563],[-68.3971,57.2504],[-68.3901,57.2369],[-68.4033,57.2127],[-68.3815,57.1892],[-68.3865,57.178],[-68.4089,57.1553],[-68.4118,57.1241],[-68.4076,57.1165],[-68.3971,57.1138],[-68.3899,57.1206],[-68.378,57.1427],[-68.3661,57.1374],[-68.3624,57.0962],[-68.3572,57.0897],[-68.3215,57.0791],[-68.3132,57.0682],[-68.309,57.0561],[-68.3094,57.0432],[-68.3151,57.0311],[-68.2928,57.0358],[-68.2825,57.0355],[-68.2742,57.0311],[-68.2801,57.0014],[-68.2427,56.9934],[-68.2258,56.9828],[-68.223,56.9725],[-68.2251,56.9525],[-68.1949,56.8992],[-68.1858,56.8674],[-68.1622,56.8857],[-68.1527,56.853],[-68.1423,56.8498],[-68.129,56.8557],[-68.116,56.8668],[-68.092,56.8972],[-68.0782,56.9072],[-68.0736,56.9054],[-68.0736,56.8792],[-68.0816,56.8462],[-68.0886,56.8321],[-68.1054,56.82],[-68.1107,56.8127],[-68.1004,56.7909],[-68.103,56.7824],[-68.1114,56.7774],[-68.1234,56.7774],[-68.1125,56.7629],[-68.0932,56.7465],[-68.0545,56.722],[-68.0384,56.7194],[-67.9931,56.7241],[-67.9537,56.737],[-67.9472,56.7435],[-67.9394,56.7635],[-67.9272,56.7635],[-67.9036,56.757],[-67.8849,56.7612],[-67.8509,56.7765],[-67.828,56.7774],[-67.8387,56.7644]]]}},{"type":"Feature","properties":{},"bbox":[-75.60021,59.967091,-75.133349,60.25439],"geometry":{"type":"Polygon","coordinates":[[[-75.2346,60.1784],[-75.1977,60.1602],[-75.1874,60.1496],[-75.1897,60.1311],[-75.2156,60.1057],[-75.2222,60.091],[-75.2146,60.0754],[-75.1534,60.0601],[-75.141,60.0525],[-75.1333,60.043],[-75.1348,60.0298],[-75.1388,60.0274],[-75.1657,60.0357],[-75.1846,60.0477],[-75.1949,60.0466],[-75.2002,60.0389],[-75.1489,59.9962],[-75.142,59.9842],[-75.1397,59.9674],[-75.1529,59.9671],[-75.2359,59.9845],[-75.208,59.9974],[-75.2234,60.0186],[-75.2462,60.0363],[-75.2732,60.0483],[-75.3365,60.0554],[-75.3538,60.053],[-75.3696,60.043],[-75.39,60.013],[-75.4071,60.0051],[-75.441,60.0012],[-75.4635,59.9862],[-75.476,59.9845],[-75.4923,59.9886],[-75.5262,60.0074],[-75.5443,60.0118],[-75.5853,60.0118],[-75.5983,60.0195],[-75.6002,60.0236],[-75.5103,60.0321],[-75.5171,60.0466],[-75.5028,60.0528],[-75.5325,60.0739],[-75.5655,60.0875],[-75.5502,60.0966],[-75.4891,60.0875],[-75.5076,60.1146],[-75.5343,60.119],[-75.565,60.1187],[-75.5955,60.1322],[-75.5973,60.1428],[-75.5853,60.1517],[-75.5681,60.1561],[-75.5546,60.1528],[-75.5334,60.1387],[-75.5207,60.1361],[-75.5034,60.1352],[-75.473,60.1393],[-75.4501,60.1502],[-75.414,60.1837],[-75.3856,60.1979],[-75.3316,60.1837],[-75.3048,60.1905],[-75.3197,60.2176],[-75.3104,60.2432],[-75.2932,60.2544],[-75.272,60.2152],[-75.2707,60.2076],[-75.2663,60.2026],[-75.2471,60.1946],[-75.2346,60.1784]]]}},{"type":"Feature","properties":{},"bbox":[-110.043609,54.761555,-109.518464,55.03031],"geometry":{"type":"Polygon","coordinates":[[[-109.5195,54.9611],[-109.5185,54.9488],[-109.5423,54.8996],[-109.5636,54.8814],[-109.5888,54.8663],[-109.609,54.859],[-109.712,54.8446],[-109.7666,54.8446],[-109.7829,54.8478],[-109.794,54.8725],[-109.814,54.8784],[-109.8442,54.8808],[-109.8714,54.8784],[-109.8833,54.8696],[-109.8716,54.8363],[-109.8727,54.8316],[-109.8816,54.8272],[-109.9107,54.7975],[-109.9323,54.791],[-109.9839,54.783],[-110.0249,54.7616],[-110.0395,54.7698],[-110.0436,54.7892],[-110.0336,54.811],[-110.0201,54.8216],[-109.9482,54.859],[-109.9278,54.8931],[-109.9048,54.9061],[-109.8417,54.9667],[-109.8128,55.0112],[-109.7757,55.0232],[-109.7325,55.0256],[-109.6983,55.0232],[-109.6447,55.0141],[-109.6265,55.0303],[-109.6027,55.0297],[-109.5772,55.0238],[-109.5532,55.0106],[-109.5488,55.0023],[-109.5489,54.9923],[-109.5544,54.9817],[-109.5252,54.9685],[-109.5195,54.9611]]]}},{"type":"Feature","properties":{},"bbox":[-65.477469,52.522033,-64.929363,52.926489],"geometry":{"type":"Polygon","coordinates":[[[-64.9442,52.5406],[-64.9294,52.522],[-64.969,52.5315],[-65.0802,52.5977],[-65.1069,52.5841],[-65.1211,52.563],[-65.1351,52.5544],[-65.1444,52.5535],[-65.1491,52.5594],[-65.1491,52.5703],[-65.1317,52.6083],[-65.1211,52.6174],[-65.1479,52.6324],[-65.2133,52.6463],[-65.2633,52.676],[-65.2994,52.6904],[-65.3329,52.6981],[-65.3636,52.681],[-65.3993,52.6898],[-65.4364,52.7069],[-65.4688,52.7307],[-65.4706,52.7378],[-65.4532,52.759],[-65.4538,52.7652],[-65.4683,52.7961],[-65.4775,52.8032],[-65.4454,52.8005],[-65.4364,52.8032],[-65.3945,52.7849],[-65.388,52.779],[-65.3828,52.7563],[-65.3675,52.741],[-65.3569,52.7622],[-65.3737,52.7805],[-65.4227,52.8093],[-65.3815,52.8093],[-65.3718,52.8073],[-65.3596,52.7979],[-65.351,52.7958],[-65.3215,52.7993],[-65.3032,52.8058],[-65.293,52.8167],[-65.3306,52.8682],[-65.3341,52.882],[-65.3297,52.8997],[-65.3135,52.9265],[-65.2462,52.887],[-65.2276,52.8835],[-65.2167,52.8885],[-65.2242,52.9056],[-65.2167,52.9129],[-65.2084,52.9041],[-65.1962,52.8782],[-65.1706,52.8594],[-65.1563,52.8535],[-65.1416,52.8508],[-65.0916,52.8585],[-65.0695,52.8558],[-65.0733,52.8373],[-65.0902,52.8447],[-65.1069,52.8373],[-65.092,52.8238],[-65.0773,52.8202],[-65.0392,52.8235],[-65.0651,52.8014],[-65.077,52.779],[-65.0743,52.7558],[-65.0562,52.7307],[-65.0108,52.6878],[-64.9829,52.6701],[-64.9573,52.666],[-64.9897,52.6533],[-65.1621,52.6934],[-65.1475,52.7075],[-65.1066,52.7187],[-65.1105,52.7307],[-65.1553,52.7484],[-65.1722,52.764],[-65.1827,52.7678],[-65.1962,52.7622],[-65.1621,52.7213],[-65.2071,52.7084],[-65.2359,52.7054],[-65.2455,52.701],[-65.2477,52.6936],[-65.2412,52.6836],[-65.2106,52.6686],[-65.135,52.6674],[-65.1007,52.6592],[-65.1051,52.6486],[-65.088,52.6471],[-65.0467,52.6524],[-65.0785,52.6221],[-65.0768,52.6174],[-65.059,52.6148],[-65.045,52.6077],[-65.0249,52.5909],[-64.9442,52.5406]]]}},{"type":"Feature","properties":{},"bbox":[-72.036196,53.418961,-71.720491,53.64621],"geometry":{"type":"Polygon","coordinates":[[[-71.9975,53.5897],[-72.0015,53.5847],[-71.9839,53.582],[-71.9469,53.5906],[-71.9154,53.5756],[-71.8715,53.58],[-71.844,53.5926],[-71.8376,53.6003],[-71.8388,53.6094],[-71.8558,53.6347],[-71.851,53.6389],[-71.8165,53.6462],[-71.8226,53.6318],[-71.796,53.6182],[-71.8029,53.6044],[-71.7964,53.6015],[-71.7892,53.5909],[-71.7997,53.5838],[-71.8003,53.5762],[-71.7935,53.5688],[-71.7817,53.5629],[-71.7524,53.5723],[-71.727,53.5658],[-71.7205,53.5511],[-71.7482,53.5361],[-71.8019,53.5338],[-71.8165,53.5361],[-71.8223,53.5411],[-71.8229,53.5541],[-71.8637,53.5629],[-71.8806,53.5447],[-71.8893,53.5317],[-71.8915,53.5226],[-71.8815,53.5161],[-71.8371,53.5226],[-71.8097,53.5087],[-71.785,53.5152],[-71.7608,53.5149],[-71.7271,53.502],[-71.7407,53.4902],[-71.7817,53.4952],[-71.7941,53.4902],[-71.8226,53.4678],[-71.8759,53.4493],[-71.9024,53.436],[-71.8984,53.4269],[-71.848,53.446],[-71.8247,53.4505],[-71.8371,53.4337],[-71.8633,53.4219],[-71.8956,53.419],[-71.9279,53.4237],[-71.953,53.4337],[-71.9401,53.4399],[-71.953,53.4475],[-71.9264,53.4537],[-71.9408,53.4705],[-71.9885,53.4849],[-72.0015,53.502],[-71.9822,53.5052],[-71.9189,53.5361],[-71.9327,53.5494],[-71.9563,53.5603],[-72.0235,53.5753],[-72.0327,53.5826],[-72.0362,53.5944],[-72.0303,53.6026],[-72.0165,53.6053],[-71.9878,53.6044],[-71.9975,53.5897]]]}},{"type":"Feature","properties":{},"bbox":[-97.477941,63.157409,-97.116314,63.515356],"geometry":{"type":"Polygon","coordinates":[[[-97.4145,63.2843],[-97.4149,63.2978],[-97.4322,63.3196],[-97.4289,63.3299],[-97.4177,63.3393],[-97.4073,63.3764],[-97.3889,63.4035],[-97.3839,63.4182],[-97.3879,63.4323],[-97.3705,63.4474],[-97.3293,63.4727],[-97.3119,63.5106],[-97.2997,63.5154],[-97.2638,63.5074],[-97.2551,63.4977],[-97.2404,63.4547],[-97.226,63.445],[-97.165,63.4415],[-97.1341,63.4335],[-97.1163,63.4182],[-97.2295,63.3979],[-97.2572,63.4076],[-97.2704,63.4156],[-97.2826,63.4117],[-97.2916,63.4008],[-97.2951,63.3867],[-97.29,63.3755],[-97.2781,63.367],[-97.2057,63.3349],[-97.1887,63.3058],[-97.169,63.2946],[-97.1505,63.2778],[-97.1346,63.2572],[-97.13,63.2392],[-97.1463,63.2263],[-97.1756,63.2304],[-97.2363,63.2469],[-97.2561,63.2704],[-97.2745,63.2769],[-97.2807,63.2858],[-97.296,63.2869],[-97.3497,63.2719],[-97.3558,63.2598],[-97.3527,63.2454],[-97.3596,63.2292],[-97.3724,63.2275],[-97.4126,63.2342],[-97.4282,63.2292],[-97.4357,63.2175],[-97.4305,63.1983],[-97.436,63.1742],[-97.4484,63.1618],[-97.459,63.1574],[-97.4544,63.1657],[-97.4559,63.1742],[-97.4726,63.1916],[-97.4779,63.2048],[-97.4759,63.2213],[-97.4687,63.2363],[-97.459,63.2469],[-97.4275,63.2584],[-97.4186,63.2672],[-97.4145,63.2843]]]}},{"type":"Feature","properties":{},"bbox":[-117.653658,64.041973,-117.085241,64.310139],"geometry":{"type":"Polygon","coordinates":[[[-117.4946,64.19],[-117.4352,64.2059],[-117.4183,64.2177],[-117.3909,64.2448],[-117.3731,64.2542],[-117.3518,64.2569],[-117.2872,64.2469],[-117.2813,64.2492],[-117.2775,64.2622],[-117.2707,64.2678],[-117.2561,64.2716],[-117.2121,64.2678],[-117.1762,64.2701],[-117.1472,64.2816],[-117.1298,64.3051],[-117.1212,64.309],[-117.0852,64.309],[-117.0994,64.3013],[-117.092,64.2951],[-117.0954,64.2816],[-117.0957,64.2398],[-117.1435,64.2516],[-117.1662,64.253],[-117.1814,64.2398],[-117.1781,64.231],[-117.195,64.2268],[-117.1766,64.218],[-117.1756,64.2121],[-117.1814,64.2059],[-117.1232,64.1989],[-117.1125,64.1915],[-117.1182,64.18],[-117.1746,64.1786],[-117.1827,64.1677],[-117.1814,64.1368],[-117.1943,64.1262],[-117.2427,64.117],[-117.3731,64.0823],[-117.4585,64.0437],[-117.4904,64.042],[-117.4785,64.0573],[-117.4316,64.1],[-117.4327,64.1212],[-117.3911,64.1235],[-117.3777,64.127],[-117.3664,64.1368],[-117.3887,64.1612],[-117.4164,64.1709],[-117.448,64.1691],[-117.5677,64.1326],[-117.6151,64.1259],[-117.6537,64.13],[-117.6213,64.1426],[-117.524,64.1671],[-117.4946,64.19]],[[-117.3937,64.1915],[-117.3777,64.1886],[-117.339,64.158],[-117.3179,64.158],[-117.3116,64.1444],[-117.2838,64.13],[-117.2976,64.125],[-117.3116,64.13],[-117.2957,64.1182],[-117.2649,64.1226],[-117.2473,64.1362],[-117.2707,64.1512],[-117.2523,64.1591],[-117.236,64.1718],[-117.2539,64.1809],[-117.3013,64.1815],[-117.3253,64.1853],[-117.3081,64.198],[-117.2627,64.2065],[-117.2427,64.2133],[-117.3179,64.2195],[-117.324,64.2307],[-117.3483,64.2245],[-117.3764,64.2089],[-117.3937,64.1915]]]}},{"type":"Feature","properties":{},"bbox":[-121.047088,60.551698,-121.046352,60.55317],"geometry":{"type":"MultiPolygon","coordinates":[[[[-121.0466,60.5523],[-121.0468,60.552],[-121.0471,60.5517],[-121.0466,60.5523]]],[[[-121.0464,60.5532],[-121.0465,60.5526],[-121.0466,60.5523],[-121.0464,60.5532]]]]}},{"type":"Feature","properties":{},"bbox":[-96.02702,54.721816,-95.273006,54.973792],"geometry":{"type":"Polygon","coordinates":[[[-95.3626,54.8475],[-95.3487,54.8349],[-95.36,54.824],[-95.3863,54.8175],[-95.4649,54.8081],[-95.5435,54.811],[-95.5687,54.8087],[-95.8279,54.7354],[-95.9138,54.7218],[-95.9297,54.7265],[-95.913,54.738],[-95.8626,54.7566],[-95.8139,54.7648],[-95.7881,54.773],[-95.78,54.7836],[-95.7977,54.7913],[-95.8307,54.7931],[-95.8825,54.7901],[-95.9043,54.7822],[-95.952,54.7489],[-95.9695,54.7465],[-95.9896,54.7518],[-96.0097,54.7621],[-96.027,54.7769],[-95.967,54.8036],[-95.8963,54.8251],[-95.8218,54.8396],[-95.7493,54.8446],[-95.7238,54.8543],[-95.6694,54.8976],[-95.6329,54.9073],[-95.492,54.9134],[-95.4995,54.9279],[-95.4751,54.9441],[-95.4474,54.9541],[-95.3584,54.9738],[-95.3303,54.9714],[-95.273,54.9544],[-95.2865,54.9461],[-95.4312,54.9073],[-95.4211,54.8925],[-95.4033,54.8861],[-95.4033,54.8793],[-95.4114,54.8631],[-95.3626,54.8475]]]}},{"type":"Feature","properties":{},"bbox":[-71.247889,53.008617,-70.678736,53.23881],"geometry":{"type":"Polygon","coordinates":[[[-70.9912,53.0737],[-71.0097,53.0513],[-71.0289,53.036],[-71.0324,53.0489],[-71.0289,53.0563],[-71.0523,53.0537],[-71.076,53.023],[-71.1107,53.0086],[-71.115,53.0121],[-71.117,53.0283],[-71.1593,53.023],[-71.1962,53.0386],[-71.2001,53.0466],[-71.1968,53.0539],[-71.1797,53.0701],[-71.1886,53.0819],[-71.2064,53.0804],[-71.2479,53.0701],[-71.2369,53.0902],[-71.2305,53.1155],[-71.2208,53.1367],[-71.2001,53.1458],[-71.1708,53.1281],[-71.1611,53.1116],[-71.1244,53.0972],[-71.1376,53.0931],[-71.1484,53.0857],[-71.1555,53.076],[-71.158,53.064],[-71.1518,53.064],[-71.1117,53.0866],[-71.1034,53.0972],[-71.1107,53.1287],[-71.1088,53.1384],[-71.0592,53.1699],[-71.0351,53.2011],[-70.9967,53.2388],[-71.0009,53.2282],[-70.9649,53.2214],[-70.9392,53.2338],[-70.9191,53.2353],[-70.9266,53.2312],[-70.9326,53.2147],[-70.9244,53.2041],[-70.8917,53.2011],[-70.8852,53.1779],[-70.8705,53.1738],[-70.8633,53.1761],[-70.8433,53.1935],[-70.8311,53.1952],[-70.8056,53.1914],[-70.7955,53.1867],[-70.8081,53.1761],[-70.7865,53.1652],[-70.7504,53.1584],[-70.7197,53.1593],[-70.6961,53.1735],[-70.684,53.1755],[-70.6787,53.1629],[-70.6886,53.1411],[-70.7061,53.1184],[-70.7176,53.1234],[-70.7476,53.1184],[-70.7403,53.132],[-70.7647,53.1367],[-70.781,53.1222],[-70.8024,53.0837],[-70.8109,53.1087],[-70.8174,53.1128],[-70.8501,53.091],[-70.8702,53.0854],[-70.8789,53.0878],[-70.8842,53.0972],[-70.8829,53.1078],[-70.857,53.132],[-70.8667,53.1355],[-70.888,53.152],[-70.9042,53.1514],[-70.908,53.1487],[-70.9076,53.1428],[-70.9251,53.0943],[-70.8842,53.0701],[-70.9219,53.0548],[-70.9395,53.0545],[-70.96,53.064],[-70.9469,53.0769],[-70.9556,53.0863],[-70.9662,53.1252],[-70.9737,53.1252],[-70.9777,53.0993],[-70.9912,53.0737]],[[-70.9974,53.1637],[-70.9822,53.1752],[-70.9662,53.1799],[-70.9803,53.2011],[-71.0252,53.1808],[-71.047,53.1673],[-71.0561,53.1487],[-71.0592,53.1252],[-71.0829,53.0701],[-71.058,53.0751],[-71.0321,53.0922],[-71.0162,53.114],[-71.0214,53.132],[-70.9974,53.1637]]]}},{"type":"Feature","properties":{},"bbox":[-73.446937,55.807137,-73.116071,56.196286],"geometry":{"type":"Polygon","coordinates":[[[-73.1193,55.9605],[-73.1161,55.9473],[-73.1221,55.9414],[-73.1501,55.9423],[-73.1643,55.9387],[-73.1733,55.9284],[-73.151,55.929],[-73.1317,55.9208],[-73.1432,55.9128],[-73.1739,55.9028],[-73.1801,55.8966],[-73.183,55.8807],[-73.2028,55.8881],[-73.2425,55.8763],[-73.3065,55.8857],[-73.331,55.8737],[-73.3236,55.8737],[-73.3326,55.8548],[-73.3405,55.8457],[-73.3719,55.8316],[-73.4003,55.8118],[-73.416,55.8071],[-73.4272,55.8183],[-73.4126,55.8295],[-73.3998,55.8457],[-73.4037,55.8536],[-73.4204,55.8631],[-73.4203,55.8737],[-73.4088,55.8798],[-73.3629,55.8854],[-73.3446,55.8928],[-73.3842,55.9037],[-73.4028,55.9122],[-73.406,55.9284],[-73.3957,55.9355],[-73.3751,55.9423],[-73.3377,55.9481],[-73.3583,55.9726],[-73.431,55.9876],[-73.4469,56.0135],[-73.4393,56.0203],[-73.3925,56.0438],[-73.3711,56.0476],[-73.303,56.0512],[-73.303,56.0579],[-73.3583,56.0718],[-73.3583,56.0785],[-73.328,56.0788],[-73.3139,56.0832],[-73.303,56.0921],[-73.2989,56.1024],[-73.3058,56.1159],[-73.303,56.1268],[-73.2943,56.1348],[-73.2688,56.133],[-73.2547,56.1259],[-73.249,56.1268],[-73.2425,56.1339],[-73.249,56.1474],[-73.2456,56.1654],[-73.2353,56.1748],[-73.2295,56.1763],[-73.2075,56.1748],[-73.2075,56.1945],[-73.1529,56.1945],[-73.1361,56.1789],[-73.1255,56.1748],[-73.1393,56.158],[-73.1685,56.1401],[-73.187,56.1127],[-73.1991,56.1027],[-73.2353,56.0921],[-73.2562,56.0762],[-73.2416,56.0426],[-73.249,56.017],[-73.2172,56.0144],[-73.1827,55.992],[-73.1465,55.9879],[-73.1317,55.9823],[-73.1193,55.9605]]]}},{"type":"Feature","properties":{},"bbox":[-80.152699,46.81343,-79.957388,47.20464],"geometry":{"type":"Polygon","coordinates":[[[-79.9728,46.9768],[-79.9574,46.978],[-79.9801,46.9636],[-79.9879,46.9541],[-79.9967,46.9276],[-80.0239,46.9176],[-80.0332,46.9091],[-80.0311,46.8953],[-80.0214,46.872],[-80.0464,46.8635],[-80.0526,46.8543],[-80.0619,46.849],[-80.0809,46.8543],[-80.0753,46.8764],[-80.0772,46.9003],[-80.0876,46.9168],[-80.1082,46.9165],[-80.1216,46.9014],[-80.1152,46.8835],[-80.0946,46.8514],[-80.096,46.8279],[-80.101,46.8176],[-80.1116,46.8134],[-80.128,46.814],[-80.1225,46.8273],[-80.1446,46.857],[-80.1527,46.8785],[-80.1458,46.8991],[-80.0878,46.9538],[-80.0919,46.9727],[-80.1225,47.0189],[-80.1269,47.0466],[-80.1163,47.0522],[-80.1019,47.0419],[-80.0925,47.018],[-80.0831,47.0327],[-80.0809,47.0433],[-80.0846,47.0533],[-80.0934,47.0601],[-80.1152,47.0675],[-80.105,47.0728],[-80.0965,47.0822],[-80.0929,47.0934],[-80.0977,47.1048],[-80.1057,47.114],[-80.1105,47.1352],[-80.1152,47.1375],[-80.1225,47.1358],[-80.1436,47.1705],[-80.139,47.1767],[-80.1255,47.1784],[-80.1178,47.184],[-80.1166,47.1926],[-80.1225,47.2046],[-80.1037,47.1949],[-80.099,47.1696],[-80.0982,47.1402],[-80.0912,47.1187],[-80.0717,47.1154],[-80.0582,47.1652],[-80.0461,47.1561],[-80.0408,47.1366],[-80.0436,47.1269],[-80.0557,47.109],[-80.0469,47.1066],[-80.0257,47.1084],[-80.0146,47.0901],[-80.0258,47.0842],[-80.0673,47.0816],[-80.0544,47.0207],[-80.04,47.0054],[-80.0145,47.0098],[-80.0052,46.9992],[-80.0023,46.9827],[-80.0127,46.9644],[-79.9982,46.9668],[-79.9728,46.9768]]]}},{"type":"Feature","properties":{},"bbox":[-100.933923,56.175386,-100.021836,56.496832],"geometry":{"type":"Polygon","coordinates":[[[-100.9311,56.3173],[-100.9339,56.3287],[-100.9313,56.3402],[-100.9182,56.3496],[-100.8958,56.3767],[-100.8862,56.3776],[-100.8281,56.3644],[-100.8278,56.3535],[-100.8237,56.3455],[-100.8121,56.3355],[-100.7121,56.2875],[-100.6865,56.284],[-100.6064,56.2852],[-100.6054,56.289],[-100.6114,56.2981],[-100.6303,56.3137],[-100.6772,56.3352],[-100.694,56.3529],[-100.6371,56.3461],[-100.533,56.3064],[-100.4818,56.312],[-100.435,56.3358],[-100.4138,56.3429],[-100.3632,56.3508],[-100.3554,56.365],[-100.3506,56.3829],[-100.3371,56.4006],[-100.295,56.4265],[-100.2812,56.4418],[-100.3115,56.4515],[-100.3175,56.4594],[-100.3181,56.4697],[-100.3136,56.4795],[-100.3006,56.4851],[-100.2841,56.4821],[-100.2551,56.4695],[-100.2279,56.4621],[-100.2211,56.4486],[-100.2083,56.4427],[-100.1821,56.4388],[-100.15,56.4556],[-100.077,56.4756],[-100.038,56.4957],[-100.0218,56.4968],[-100.056,56.4553],[-100.1169,56.4318],[-100.1559,56.4112],[-100.1767,56.3803],[-100.1864,56.3735],[-100.2274,56.3791],[-100.2416,56.3735],[-100.2569,56.342],[-100.3066,56.3343],[-100.3227,56.3208],[-100.3221,56.3014],[-100.303,56.2778],[-100.3384,56.259],[-100.418,56.2549],[-100.4538,56.2431],[-100.4322,56.2346],[-100.4129,56.2089],[-100.4014,56.2001],[-100.3576,56.1816],[-100.3936,56.1754],[-100.4878,56.2175],[-100.5289,56.2293],[-100.567,56.2163],[-100.6662,56.2178],[-100.6925,56.2234],[-100.766,56.2778],[-100.8344,56.2799],[-100.8564,56.2887],[-100.8824,56.294],[-100.9311,56.3173]]]}},{"type":"Feature","properties":{},"bbox":[-97.5558,57.264534,-97.116314,57.430555],"geometry":{"type":"Polygon","coordinates":[[[-97.2193,57.2645],[-97.2842,57.2878],[-97.34,57.2884],[-97.3361,57.3057],[-97.3446,57.3169],[-97.4305,57.344],[-97.4419,57.3528],[-97.4522,57.367],[-97.4528,57.374],[-97.4469,57.3861],[-97.4522,57.3943],[-97.4587,57.3961],[-97.5417,57.3885],[-97.5558,57.3943],[-97.4912,57.4111],[-97.4251,57.4155],[-97.3839,57.4011],[-97.208,57.4306],[-97.1728,57.4306],[-97.1505,57.4079],[-97.1502,57.3935],[-97.1661,57.3737],[-97.1711,57.3602],[-97.1669,57.3455],[-97.1543,57.3399],[-97.1163,57.3322],[-97.1319,57.3234],[-97.1667,57.316],[-97.1815,57.3087],[-97.209,57.271],[-97.2193,57.2645]]]}},{"type":"Feature","properties":{},"bbox":[-102.132868,55.755917,-101.796998,55.909281],"geometry":{"type":"Polygon","coordinates":[[[-102.0992,55.8254],[-102.1003,55.8466],[-102.0912,55.8595],[-102.0758,55.8725],[-102.056,55.881],[-102.0126,55.8866],[-101.9842,55.9052],[-101.968,55.9093],[-101.9614,55.8928],[-101.9686,55.8766],[-101.948,55.8687],[-101.9187,55.8663],[-101.8214,55.8698],[-101.797,55.8663],[-101.8331,55.8525],[-101.8757,55.8425],[-102.0057,55.8298],[-102.0241,55.8254],[-102.0705,55.7889],[-102.1274,55.7559],[-102.1329,55.7639],[-102.1308,55.7718],[-102.1039,55.8083],[-102.0992,55.8254]]]}},{"type":"Feature","properties":{},"bbox":[-102.098574,55.626397,-101.618908,55.845699],"geometry":{"type":"Polygon","coordinates":[[[-102.0906,55.6647],[-102.0986,55.6744],[-102.0502,55.7012],[-102.0637,55.7132],[-102.0582,55.7229],[-101.9823,55.7609],[-101.9649,55.7639],[-101.8853,55.7633],[-101.8495,55.7689],[-101.8113,55.783],[-101.7193,55.8389],[-101.6834,55.8457],[-101.6722,55.841],[-101.6625,55.8298],[-101.6529,55.808],[-101.6189,55.7768],[-101.6881,55.7459],[-101.7315,55.7121],[-101.7484,55.7056],[-101.8113,55.7153],[-101.8634,55.7032],[-101.9146,55.6973],[-101.9496,55.6867],[-101.9829,55.6717],[-102.0092,55.6541],[-102.0297,55.6267],[-102.0393,55.6264],[-102.0469,55.637],[-102.0633,55.6438],[-102.0906,55.6647]]]}},{"type":"Feature","properties":{},"bbox":[-100.734933,55.619333,-99.912626,56.138885],"geometry":{"type":"Polygon","coordinates":[[[-100.1322,55.7391],[-100.1112,55.7639],[-100.1438,55.7892],[-100.1637,55.8001],[-100.2242,55.8169],[-100.2433,55.8163],[-100.2416,55.7974],[-100.2561,55.7983],[-100.2962,55.811],[-100.3496,55.8116],[-100.3651,55.8183],[-100.4264,55.8024],[-100.4395,55.7904],[-100.4366,55.7739],[-100.3949,55.7539],[-100.3788,55.7427],[-100.4251,55.7388],[-100.4406,55.7309],[-100.4334,55.7153],[-100.4551,55.6917],[-100.469,55.6293],[-100.479,55.6217],[-100.4986,55.6193],[-100.5043,55.6255],[-100.5059,55.6573],[-100.5118,55.6711],[-100.5243,55.6859],[-100.527,55.6968],[-100.5084,55.7229],[-100.6185,55.7521],[-100.7349,55.7639],[-100.7129,55.7636],[-100.5838,55.7851],[-100.5705,55.8048],[-100.5542,55.8198],[-100.5221,55.8416],[-100.4833,55.8619],[-100.4678,55.8737],[-100.4575,55.889],[-100.4459,55.9375],[-100.447,55.9481],[-100.4535,55.9555],[-100.5022,55.9823],[-100.5062,55.9929],[-100.5295,56.0276],[-100.5152,56.1027],[-100.5183,56.1251],[-100.4968,56.1389],[-100.4872,56.1389],[-100.4749,56.1268],[-100.483,56.11],[-100.48,56.0991],[-100.4423,56.0653],[-100.446,56.0582],[-100.4579,56.0515],[-100.4675,56.0376],[-100.4581,56.0097],[-100.4247,55.9967],[-100.3576,55.9823],[-100.3651,55.9761],[-100.3495,55.9499],[-100.363,55.9234],[-100.386,55.8978],[-100.3986,55.8737],[-100.3843,55.8504],[-100.3495,55.8454],[-100.169,55.8578],[-100.1419,55.8489],[-100.0856,55.8198],[-100.0658,55.7989],[-100.077,55.77],[-100.0594,55.7462],[-100.0529,55.7427],[-99.9585,55.7465],[-99.9403,55.7409],[-99.9535,55.7229],[-99.9126,55.7085],[-99.9126,55.7012],[-99.9321,55.6982],[-99.9871,55.7012],[-100.0124,55.7079],[-100.0218,55.6676],[-100.0352,55.6614],[-100.056,55.7085],[-100.072,55.7153],[-100.1386,55.7291],[-100.1322,55.7391]]]}},{"type":"Feature","properties":{},"bbox":[-111.212235,64.34664,-109.595882,64.733435],"geometry":{"type":"Polygon","coordinates":[[[-110.0152,64.5689],[-110.0336,64.5559],[-110.013,64.5415],[-110.0242,64.5312],[-110.0683,64.5244],[-110.0769,64.5127],[-110.2123,64.4932],[-110.2261,64.4888],[-110.2395,64.4797],[-110.2455,64.47],[-110.2364,64.4659],[-110.2032,64.4609],[-110.1799,64.4482],[-110.1771,64.4326],[-110.2054,64.4182],[-110.2241,64.417],[-110.2669,64.4385],[-110.2822,64.4405],[-110.2999,64.4397],[-110.3113,64.4347],[-110.3078,64.4249],[-110.3237,64.4152],[-110.3487,64.4114],[-110.5133,64.4111],[-110.568,64.4196],[-110.5975,64.4208],[-110.6232,64.4146],[-110.6585,64.3993],[-110.6653,64.3905],[-110.6443,64.384],[-110.6443,64.3778],[-110.7604,64.3605],[-110.7788,64.3466],[-110.821,64.3469],[-110.8976,64.3566],[-110.8976,64.364],[-110.8574,64.3681],[-110.8215,64.3808],[-110.7975,64.3837],[-110.7448,64.3775],[-110.7227,64.3873],[-110.7005,64.4152],[-110.6911,64.442],[-110.6999,64.465],[-110.7324,64.4803],[-110.7555,64.4829],[-110.829,64.4803],[-110.8538,64.4832],[-110.9015,64.4974],[-111.0208,64.508],[-111.0634,64.5206],[-111.062,64.5415],[-111.0855,64.5477],[-111.1227,64.5671],[-111.1856,64.5695],[-111.2009,64.5733],[-111.2091,64.5774],[-111.2122,64.5827],[-111.2063,64.5907],[-111.1787,64.5827],[-111.1222,64.5916],[-111.1023,64.5901],[-111.0709,64.5762],[-110.976,64.5901],[-110.9249,64.6142],[-110.8968,64.621],[-110.8771,64.603],[-110.9105,64.5933],[-110.9254,64.5842],[-110.9317,64.5727],[-110.9185,64.5636],[-110.8884,64.5533],[-110.8354,64.5415],[-110.5958,64.515],[-110.5958,64.5212],[-110.646,64.5389],[-110.6705,64.553],[-110.6778,64.5695],[-110.6554,64.586],[-110.6156,64.5865],[-110.5406,64.5757],[-110.5486,64.5848],[-110.5674,64.5942],[-110.5754,64.603],[-110.5222,64.6016],[-110.5102,64.6069],[-110.4996,64.6242],[-110.5002,64.6316],[-110.5071,64.6378],[-110.4885,64.6513],[-110.4687,64.6472],[-110.4484,64.6369],[-110.4114,64.6266],[-110.4208,64.6166],[-110.4525,64.5969],[-110.389,64.5874],[-110.3767,64.5757],[-110.3982,64.5671],[-110.4061,64.5592],[-110.4108,64.5483],[-110.392,64.543],[-110.3355,64.5559],[-110.3078,64.5347],[-110.281,64.5333],[-110.2563,64.5383],[-110.2432,64.5468],[-110.1849,64.5695],[-110.1562,64.5712],[-110.0683,64.5621],[-110.0867,64.5851],[-110.1549,64.5951],[-110.1815,64.6069],[-110.2026,64.6348],[-110.2289,64.6401],[-110.2563,64.6557],[-110.2669,64.6657],[-110.2501,64.671],[-110.2086,64.6513],[-110.1905,64.6543],[-110.1571,64.6787],[-110.1753,64.6878],[-110.2148,64.6931],[-110.2333,64.6993],[-110.2532,64.7334],[-110.226,64.7326],[-110.0975,64.6928],[-110.0845,64.6825],[-110.1023,64.6719],[-110.0876,64.6619],[-110.0466,64.6519],[-110.0546,64.6439],[-110.0365,64.623],[-110.0068,64.6122],[-109.9736,64.6104],[-109.9447,64.6166],[-109.9535,64.6389],[-109.9413,64.6469],[-109.9189,64.6451],[-109.8685,64.6228],[-109.8468,64.6281],[-109.8212,64.6439],[-109.7927,64.6484],[-109.7357,64.6416],[-109.7052,64.6439],[-109.6518,64.6545],[-109.5959,64.6584],[-109.5959,64.6513],[-109.6115,64.6451],[-109.684,64.6378],[-109.725,64.6166],[-109.7557,64.6142],[-109.8228,64.6183],[-109.9253,64.5951],[-109.9524,64.578],[-109.9925,64.5757],[-110.0152,64.5689]]]}},{"type":"Feature","properties":{},"bbox":[-121.80537,63.842689,-121.303773,64.08289],"geometry":{"type":"Polygon","coordinates":[[[-121.4036,63.8465],[-121.7627,63.8427],[-121.7962,63.8465],[-121.8054,63.8571],[-121.7974,63.8724],[-121.7444,63.9283],[-121.7229,63.9454],[-121.6828,63.9593],[-121.6716,63.9958],[-121.6566,64.014],[-121.5839,64.0434],[-121.5734,64.0588],[-121.5637,64.0814],[-121.5407,64.0829],[-121.4591,64.0484],[-121.4498,64.042],[-121.4405,64.0178],[-121.4218,64.0096],[-121.4089,63.9793],[-121.3859,63.9625],[-121.3223,63.8998],[-121.3038,63.868],[-121.3269,63.8565],[-121.4036,63.8465]]]}},{"type":"Feature","properties":{},"bbox":[-111.945202,63.68491,-109.766024,64.232427],"geometry":{"type":"Polygon","coordinates":[[[-111.9215,63.7759],[-111.7128,63.7873],[-111.6514,63.7744],[-111.6271,63.7809],[-111.6183,63.7856],[-111.6277,63.7941],[-111.5759,63.8359],[-111.6631,63.8224],[-111.6926,63.8221],[-111.6719,63.8365],[-111.6422,63.8498],[-111.6112,63.8595],[-111.5865,63.863],[-111.5586,63.8942],[-111.5452,63.9001],[-111.509,63.9033],[-111.4934,63.911],[-111.4841,63.9228],[-111.4934,63.9384],[-111.4892,63.9566],[-111.4805,63.9631],[-111.4626,63.9654],[-111.4567,63.971],[-111.4412,63.9961],[-111.4382,64.004],[-111.4401,64.022],[-111.4346,64.0273],[-111.4183,64.0352],[-111.4031,64.0384],[-111.2632,64.0334],[-111.252,64.0264],[-111.2476,64.0105],[-111.2401,64.0043],[-111.1924,63.9866],[-111.1673,63.9628],[-111.1507,63.9596],[-111.1007,63.9754],[-111.0575,63.9522],[-110.9522,63.9384],[-110.9239,63.9216],[-110.9111,63.9183],[-110.8637,63.9275],[-110.8491,63.9245],[-110.8372,63.911],[-110.8438,63.8983],[-110.8771,63.8768],[-110.8455,63.8586],[-110.7691,63.8548],[-110.733,63.8462],[-110.7084,63.8445],[-110.519,63.8945],[-110.4584,63.9007],[-110.431,63.9098],[-110.4057,63.9228],[-110.3655,63.9534],[-110.3534,63.9684],[-110.352,63.9849],[-110.3659,64.004],[-110.3793,64.0114],[-110.4095,64.0178],[-110.4211,64.0243],[-110.4245,64.0688],[-110.402,64.085],[-110.3424,64.0991],[-110.2965,64.1276],[-110.243,64.1415],[-110.219,64.1512],[-110.2004,64.1674],[-110.1697,64.2045],[-110.1509,64.2195],[-110.1212,64.2307],[-110.0925,64.2324],[-109.832,64.1839],[-109.8144,64.1786],[-109.78,64.155],[-109.766,64.1512],[-109.794,64.1438],[-109.8349,64.1453],[-109.8758,64.1521],[-109.9041,64.1615],[-109.93,64.1641],[-110.0267,64.1368],[-110.0882,64.13],[-110.1524,64.1044],[-110.174,64.0814],[-110.2364,64.062],[-110.2464,64.0549],[-110.2442,64.0337],[-110.207,64.0014],[-110.2086,63.9831],[-110.2291,63.9646],[-110.2528,63.9516],[-110.3016,63.9322],[-110.3734,63.8839],[-110.4364,63.8654],[-110.6501,63.8445],[-110.7351,63.8259],[-110.9155,63.8224],[-111.0415,63.8018],[-111.1529,63.7644],[-111.1787,63.7676],[-111.1314,63.8012],[-110.9659,63.863],[-110.9809,63.8721],[-111.0062,63.8789],[-111.0215,63.8865],[-111.0068,63.8974],[-111.0068,63.9042],[-111.0333,63.9042],[-111.0846,63.9104],[-111.1098,63.9042],[-111.1023,63.891],[-111.1548,63.8671],[-111.306,63.8551],[-111.3432,63.8286],[-111.3331,63.8138],[-111.2864,63.7853],[-111.2845,63.7709],[-111.2979,63.7635],[-111.3157,63.7597],[-111.3344,63.76],[-111.3662,63.7679],[-111.4108,63.7541],[-111.4797,63.7464],[-111.514,63.7285],[-111.5562,63.7199],[-111.6084,63.6923],[-111.6373,63.6849],[-111.6926,63.692],[-111.711,63.6987],[-111.7128,63.7049],[-111.7103,63.7123],[-111.7159,63.7229],[-111.7296,63.727],[-111.857,63.7199],[-111.8896,63.7249],[-111.9197,63.7391],[-111.9186,63.7541],[-111.9452,63.7676],[-111.9215,63.7759]]]}},{"type":"Feature","properties":{},"bbox":[-117.545332,63.691974,-116.975296,64.07612],"geometry":{"type":"Polygon","coordinates":[[[-117.0852,64.0208],[-117.0777,64.0305],[-117.0664,64.0337],[-117.0509,64.0275],[-117.0496,64.0225],[-117.0573,64.0072],[-117.0399,63.9981],[-117.0374,63.9934],[-117.0442,63.981],[-117.0763,63.9578],[-117.0852,63.9384],[-117.0633,63.9351],[-117.0033,63.9525],[-116.9897,63.946],[-116.999,63.9319],[-117.0181,63.9175],[-117.034,63.911],[-117.0723,63.9057],[-117.0813,63.8971],[-117.0716,63.8836],[-117.0479,63.8742],[-116.998,63.8727],[-116.9753,63.863],[-117.0355,63.8412],[-117.0624,63.8244],[-117.0646,63.8018],[-117.0933,63.7932],[-117.1047,63.785],[-117.1125,63.7744],[-117.1056,63.7503],[-117.1082,63.7438],[-117.1262,63.7329],[-117.1351,63.7102],[-117.14,63.7049],[-117.154,63.6993],[-117.1731,63.6952],[-117.236,63.692],[-117.2292,63.7123],[-117.218,63.7232],[-117.1812,63.7302],[-117.1671,63.7403],[-117.1628,63.7573],[-117.1737,63.7656],[-117.2086,63.7744],[-117.1924,63.7953],[-117.1653,63.8085],[-117.134,63.815],[-117.1056,63.8153],[-117.1122,63.825],[-117.1472,63.8359],[-117.1722,63.8268],[-117.2142,63.8206],[-117.2535,63.8209],[-117.2876,63.848],[-117.326,63.848],[-117.4213,63.8333],[-117.448,63.8356],[-117.4682,63.8474],[-117.4762,63.873],[-117.4669,63.8874],[-117.4448,63.9027],[-117.3998,63.9245],[-117.414,63.9384],[-117.4037,63.9543],[-117.3998,63.9731],[-117.4319,63.9596],[-117.4631,63.9372],[-117.4956,63.9228],[-117.5308,63.9322],[-117.5032,63.9457],[-117.4907,63.9545],[-117.4831,63.9654],[-117.5339,63.9525],[-117.543,63.9578],[-117.5453,63.9696],[-117.5411,63.9813],[-117.5081,63.9916],[-117.4607,64.0143],[-117.4352,64.0208],[-117.3749,64.0249],[-117.3462,64.0314],[-117.3022,64.0558],[-117.2451,64.0732],[-117.2223,64.0761],[-117.2457,64.0358],[-117.2417,64.0264],[-117.2086,64.0208],[-117.1147,64.0161],[-117.0852,64.0208]]]}},{"type":"Feature","properties":{},"bbox":[-118.039717,60.422766,-117.256414,60.662967],"geometry":{"type":"Polygon","coordinates":[[[-117.2651,60.5808],[-117.2564,60.5332],[-117.2669,60.5114],[-117.2838,60.4922],[-117.2853,60.4772],[-117.2981,60.4781],[-117.3157,60.4669],[-117.3284,60.4431],[-117.3533,60.4316],[-117.383,60.4257],[-117.4341,60.4228],[-117.4551,60.4307],[-117.4835,60.4543],[-117.4932,60.4575],[-117.5362,60.449],[-117.5614,60.464],[-117.5779,60.4684],[-117.8728,60.4649],[-117.9282,60.4507],[-117.9435,60.4522],[-117.9828,60.4649],[-118.0281,60.4504],[-118.0379,60.4507],[-118.0397,60.4596],[-118.0321,60.4687],[-118.0025,60.4866],[-117.9523,60.4855],[-117.9392,60.4887],[-117.9153,60.5028],[-117.8939,60.509],[-117.8733,60.5226],[-117.7158,60.5803],[-117.7015,60.5941],[-117.6679,60.6014],[-117.6426,60.612],[-117.5795,60.65],[-117.5578,60.6591],[-117.5339,60.663],[-117.4982,60.6577],[-117.4308,60.6541],[-117.414,60.6491],[-117.3678,60.6273],[-117.3103,60.6082],[-117.2651,60.5808]]]}},{"type":"Feature","properties":{},"bbox":[-104.908427,59.819909,-104.168543,60.323271],"geometry":{"type":"Polygon","coordinates":[[[-104.7402,59.988],[-104.6341,60.0601],[-104.6475,60.0675],[-104.6615,60.0807],[-104.6548,60.0901],[-104.5977,60.096],[-104.5932,60.1075],[-104.557,60.124],[-104.5397,60.1358],[-104.5311,60.1496],[-104.5786,60.154],[-104.5898,60.1593],[-104.6032,60.1799],[-104.641,60.1905],[-104.6442,60.2129],[-104.6326,60.2347],[-104.613,60.2517],[-104.5932,60.2588],[-104.6017,60.2715],[-104.613,60.2788],[-104.6013,60.29],[-104.5729,60.3065],[-104.5281,60.3233],[-104.518,60.3209],[-104.5249,60.3065],[-104.5166,60.2947],[-104.4695,60.2744],[-104.4719,60.2606],[-104.4832,60.2526],[-104.5771,60.2329],[-104.5932,60.2247],[-104.5907,60.2043],[-104.5648,60.2011],[-104.5324,60.207],[-104.5103,60.2141],[-104.486,60.2308],[-104.4722,60.2353],[-104.4591,60.2285],[-104.4564,60.217],[-104.4676,60.1958],[-104.4622,60.1837],[-104.443,60.1811],[-104.3874,60.2043],[-104.3633,60.2111],[-104.3198,60.2088],[-104.3129,60.1988],[-104.3115,60.1352],[-104.334,60.1066],[-104.2947,60.0525],[-104.2916,60.0192],[-104.273,60.003],[-104.2704,59.9945],[-104.2742,59.9856],[-104.2984,59.9565],[-104.2052,59.9709],[-104.1981,59.9621],[-104.1953,59.9094],[-104.1756,59.895],[-104.1685,59.8861],[-104.1783,59.882],[-104.2264,59.882],[-104.2424,59.887],[-104.277,59.9123],[-104.2847,59.9229],[-104.317,59.8911],[-104.3271,59.8723],[-104.3112,59.8446],[-104.3059,59.8243],[-104.3082,59.8199],[-104.3474,59.8211],[-104.3524,59.8337],[-104.3945,59.8685],[-104.4045,59.9026],[-104.431,59.9091],[-104.4413,59.9232],[-104.4341,59.9371],[-104.4076,59.9435],[-104.3602,59.9456],[-104.3536,59.9586],[-104.3524,59.988],[-104.3667,59.9974],[-104.3993,59.9954],[-104.456,59.9845],[-104.5503,59.9821],[-104.5731,59.9736],[-104.6202,59.9845],[-104.6523,59.983],[-104.6813,59.9777],[-104.7122,59.9665],[-104.7395,59.9521],[-104.812,59.8964],[-104.8863,59.8638],[-104.9084,59.8611],[-104.9011,59.8747],[-104.874,59.9014],[-104.8459,59.9229],[-104.8232,59.9223],[-104.7916,59.9424],[-104.7402,59.988]]]}},{"type":"Feature","properties":{},"bbox":[-107.575366,54.618494,-106.989434,54.913447],"geometry":{"type":"Polygon","coordinates":[[[-107.1669,54.8366],[-107.1697,54.8281],[-107.1665,54.816],[-107.1584,54.8122],[-107.1349,54.811],[-107.0963,54.8016],[-107.086,54.7904],[-107.0939,54.7695],[-107.0779,54.7551],[-107.0754,54.7448],[-107.0802,54.7354],[-107.0611,54.7292],[-107.0364,54.7298],[-107.0121,54.7359],[-106.9894,54.7462],[-106.9909,54.7354],[-107.0018,54.7115],[-107.018,54.6977],[-107.0393,54.6877],[-107.1191,54.673],[-107.1612,54.6494],[-107.1884,54.6444],[-107.2124,54.6518],[-107.2249,54.6738],[-107.2074,54.6992],[-107.2106,54.708],[-107.2236,54.71],[-107.2501,54.6924],[-107.2801,54.6835],[-107.3313,54.6626],[-107.3478,54.6526],[-107.3615,54.6261],[-107.3753,54.6206],[-107.413,54.6261],[-107.4503,54.6185],[-107.4604,54.6226],[-107.4433,54.6515],[-107.4366,54.6597],[-107.3957,54.6738],[-107.3901,54.6847],[-107.394,54.6886],[-107.4227,54.695],[-107.4433,54.6939],[-107.4453,54.7109],[-107.4509,54.7148],[-107.474,54.7145],[-107.4815,54.7089],[-107.4897,54.6888],[-107.5137,54.6791],[-107.5234,54.6585],[-107.5328,54.6612],[-107.5422,54.6691],[-107.5549,54.6856],[-107.5686,54.7089],[-107.5754,54.7318],[-107.5634,54.7421],[-107.5477,54.7454],[-107.5028,54.7636],[-107.4881,54.773],[-107.4753,54.7933],[-107.4804,54.8075],[-107.4919,54.8222],[-107.4981,54.8446],[-107.4796,54.8767],[-107.4367,54.8981],[-107.3852,54.9099],[-107.3409,54.9134],[-107.3143,54.9102],[-107.2745,54.8825],[-107.2516,54.8725],[-107.1856,54.8643],[-107.1697,54.8519],[-107.1616,54.8404],[-107.1669,54.8366]]]}},{"type":"Feature","properties":{},"bbox":[-75.051515,60.416585,-73.276353,60.777769],"geometry":{"type":"Polygon","coordinates":[[[-75.0049,60.5991],[-75.0515,60.6288],[-75.0268,60.6441],[-74.9625,60.6438],[-74.9379,60.653],[-74.933,60.6694],[-74.9511,60.6789],[-75.0031,60.69],[-74.9619,60.7027],[-74.9304,60.7024],[-74.9227,60.6983],[-74.9101,60.6803],[-74.8865,60.6686],[-74.8667,60.673],[-74.8608,60.6871],[-74.879,60.7039],[-74.8594,60.7074],[-74.8415,60.6998],[-74.8113,60.6765],[-74.7953,60.6686],[-74.7357,60.6491],[-74.7367,60.6326],[-74.7162,60.6206],[-74.6674,60.6082],[-74.602,60.6009],[-74.537,60.6014],[-74.4955,60.5803],[-74.4631,60.5782],[-74.4578,60.5694],[-74.4513,60.5673],[-74.3857,60.5602],[-74.3247,60.5467],[-74.3028,60.5458],[-74.2027,60.5611],[-74.1775,60.5596],[-74.1521,60.5541],[-74.1257,60.5432],[-74.1029,60.5402],[-74.076,60.5476],[-74.0296,60.5708],[-73.9884,60.5841],[-73.9816,60.5941],[-73.9958,60.615],[-73.9738,60.6147],[-73.9343,60.5879],[-73.8829,60.5697],[-73.837,60.5385],[-73.8195,60.5305],[-73.8034,60.5332],[-73.7974,60.5432],[-73.8245,60.5741],[-73.7721,60.5838],[-73.7454,60.5926],[-73.7251,60.605],[-73.7098,60.6221],[-73.7086,60.6332],[-73.735,60.6568],[-73.7178,60.6668],[-73.6645,60.6733],[-73.6531,60.6871],[-73.6474,60.7051],[-73.6205,60.7283],[-73.6115,60.7448],[-73.6661,60.7522],[-73.6353,60.7648],[-73.6191,60.766],[-73.6047,60.7592],[-73.5768,60.7778],[-73.5616,60.7778],[-73.5516,60.7642],[-73.5747,60.7351],[-73.5979,60.69],[-73.6524,60.6356],[-73.6601,60.6215],[-73.6439,60.612],[-73.594,60.6003],[-73.6047,60.5879],[-73.6586,60.585],[-73.6661,60.5708],[-73.6698,60.5485],[-73.6683,60.5387],[-73.6601,60.5258],[-73.6221,60.5635],[-73.5532,60.5673],[-73.5249,60.5764],[-73.5121,60.5635],[-73.5113,60.5541],[-73.5297,60.5155],[-73.5174,60.4967],[-73.4892,60.4781],[-73.4569,60.464],[-73.4334,60.4575],[-73.3995,60.459],[-73.3651,60.4649],[-73.3432,60.4813],[-73.332,60.4855],[-73.3173,60.4781],[-73.3236,60.4781],[-73.3151,60.4622],[-73.2871,60.449],[-73.2764,60.4369],[-73.3754,60.4307],[-73.3998,60.4166],[-73.4203,60.4166],[-73.4225,60.4222],[-73.4187,60.4301],[-73.4203,60.4369],[-73.4337,60.4422],[-73.4508,60.4307],[-73.4636,60.4313],[-73.4781,60.4472],[-73.4971,60.4537],[-73.5779,60.4507],[-73.574,60.4731],[-73.5954,60.4831],[-73.6531,60.4855],[-73.6372,60.4943],[-73.619,60.4984],[-73.619,60.5058],[-73.6546,60.5052],[-73.7623,60.4781],[-73.847,60.471],[-73.8892,60.4734],[-73.9269,60.4855],[-73.9114,60.4975],[-73.8923,60.5022],[-73.8854,60.507],[-73.9064,60.519],[-73.949,60.522],[-73.9616,60.5258],[-73.9786,60.5499],[-73.9889,60.5532],[-74.0134,60.5499],[-74.056,60.5364],[-74.1059,60.529],[-74.1543,60.5131],[-74.1814,60.512],[-74.1737,60.5299],[-74.1823,60.5349],[-74.1979,60.5311],[-74.2114,60.5223],[-74.2323,60.5152],[-74.3244,60.519],[-74.3362,60.5217],[-74.3587,60.5393],[-74.3729,60.5417],[-74.4203,60.5393],[-74.4669,60.5287],[-74.4884,60.5281],[-74.5028,60.5393],[-74.4816,60.5393],[-74.4802,60.5452],[-74.4916,60.5535],[-74.5535,60.5697],[-74.5951,60.5741],[-74.6138,60.572],[-74.6462,60.562],[-74.6736,60.5611],[-74.7049,60.5673],[-74.708,60.5702],[-74.7099,60.5835],[-74.7151,60.5879],[-74.7909,60.5879],[-74.8506,60.6056],[-74.869,60.6082],[-74.9064,60.5967],[-74.926,60.5941],[-74.9697,60.6209],[-74.9841,60.6203],[-74.9962,60.6082],[-74.9888,60.5941],[-75.0049,60.5991]]]}},{"type":"Feature","properties":{},"bbox":[-93.30945,69.062942,-92.805646,69.4412],"geometry":{"type":"Polygon","coordinates":[[[-93.3011,69.1557],[-93.2855,69.1601],[-93.2938,69.1716],[-93.3067,69.1807],[-93.2772,69.1992],[-93.2548,69.2213],[-93.2172,69.2699],[-93.2331,69.2758],[-93.2551,69.2608],[-93.2718,69.2631],[-93.23,69.3099],[-93.211,69.3252],[-93.2445,69.3391],[-93.2322,69.3461],[-93.2272,69.3635],[-93.2172,69.3729],[-93.2347,69.3859],[-93.2735,69.3959],[-93.2855,69.4076],[-93.2314,69.4141],[-93.2314,69.4209],[-93.2796,69.4318],[-93.293,69.4412],[-93.2241,69.4344],[-93.2035,69.4282],[-92.8056,69.3935],[-92.8056,69.3862],[-92.8264,69.3817],[-92.8461,69.3711],[-92.882,69.3449],[-92.9026,69.3346],[-92.9247,69.3285],[-92.9777,69.3252],[-92.9533,69.3143],[-92.9511,69.304],[-92.9706,69.2731],[-93.0046,69.2669],[-93.0186,69.2563],[-93.0121,69.2478],[-93.0135,69.2387],[-93.0207,69.2296],[-93.0322,69.2222],[-92.9645,69.2384],[-92.9503,69.2351],[-92.9693,69.2116],[-93.0344,69.2036],[-93.0937,69.1471],[-93.0644,69.156],[-93.0595,69.1401],[-93.0685,69.1139],[-93.0807,69.0918],[-93.0707,69.0741],[-93.0909,69.0644],[-93.1091,69.065],[-93.0937,69.0782],[-93.0937,69.085],[-93.1059,69.0888],[-93.1302,69.0838],[-93.1718,69.0647],[-93.1818,69.0629],[-93.1763,69.0721],[-93.2172,69.0918],[-93.1705,69.1162],[-93.1509,69.1327],[-93.1421,69.1539],[-93.1683,69.1598],[-93.1818,69.1574],[-93.205,69.1454],[-93.2445,69.1539],[-93.2685,69.1515],[-93.3072,69.1424],[-93.3094,69.148],[-93.3011,69.1557]]]}},{"type":"Feature","properties":{},"bbox":[-103.338731,66.302984,-102.173196,66.815178],"geometry":{"type":"Polygon","coordinates":[[[-103.322,66.7045],[-103.3387,66.7139],[-103.3365,66.7292],[-103.3217,66.7436],[-103.2838,66.7651],[-103.2129,66.789],[-103.1902,66.8152],[-103.1627,66.8128],[-103.1122,66.7966],[-103.09,66.7728],[-103.0779,66.7548],[-103.076,66.7354],[-103.085,66.7071],[-102.9752,66.7189],[-102.9415,66.7107],[-102.9122,66.696],[-102.8976,66.6951],[-102.8685,66.7127],[-102.8513,66.7154],[-102.818,66.7071],[-102.7996,66.6942],[-102.7741,66.6639],[-102.7267,66.6182],[-102.6961,66.5455],[-102.6876,66.5358],[-102.6593,66.5232],[-102.6412,66.5214],[-102.6209,66.5558],[-102.6187,66.567],[-102.6415,66.5956],[-102.6405,66.6047],[-102.6274,66.6082],[-102.61,66.6029],[-102.594,66.5932],[-102.5853,66.5844],[-102.5832,66.5747],[-102.584,66.517],[-102.579,66.4973],[-102.5684,66.4825],[-102.5506,66.4743],[-102.5285,66.4755],[-102.5064,66.4808],[-102.4858,66.4808],[-102.468,66.4669],[-102.4955,66.4422],[-102.5787,66.4357],[-102.6125,66.4193],[-102.5772,66.4104],[-102.5013,66.4263],[-102.4686,66.4225],[-102.4069,66.3963],[-102.3713,66.3878],[-102.3457,66.3919],[-102.338,66.4019],[-102.3355,66.4243],[-102.3314,66.4328],[-102.3152,66.4402],[-102.2962,66.4393],[-102.2466,66.4307],[-102.1904,66.416],[-102.1808,66.4078],[-102.1744,66.3966],[-102.1732,66.3851],[-102.1906,66.3622],[-102.2225,66.3571],[-102.2581,66.3563],[-102.2867,66.3471],[-102.3166,66.3298],[-102.3352,66.3336],[-102.3662,66.3645],[-102.3794,66.3698],[-102.3946,66.3707],[-102.4269,66.3645],[-102.4543,66.3504],[-102.4673,66.3516],[-102.5099,66.3645],[-102.5345,66.3557],[-102.5548,66.3145],[-102.5853,66.303],[-102.6131,66.3056],[-102.6225,66.313],[-102.628,66.3395],[-102.6623,66.3707],[-102.6666,66.3778],[-102.6362,66.3701],[-102.6155,66.3695],[-102.5778,66.3778],[-102.686,66.4175],[-102.6876,66.4328],[-102.6938,66.4446],[-102.691,66.4628],[-102.6951,66.4743],[-102.7045,66.4817],[-102.7497,66.5011],[-102.7688,66.5043],[-102.8363,66.4761],[-102.8526,66.477],[-102.8597,66.4911],[-102.8626,66.5182],[-102.8723,66.5332],[-102.8891,66.5429],[-102.9137,66.5532],[-102.95,66.5597],[-103.0349,66.5608],[-103.0651,66.5767],[-102.9843,66.5929],[-102.9689,66.6047],[-102.9734,66.62],[-102.9892,66.6377],[-103.0083,66.6527],[-103.0232,66.6589],[-103.0461,66.663],[-103.0882,66.6824],[-103.1128,66.6868],[-103.2289,66.6936],[-103.322,66.7045]]]}},{"type":"Feature","properties":{},"bbox":[-109.931162,61.419483,-108.779757,62.294039],"geometry":{"type":"Polygon","coordinates":[[[-109.2853,62.0568],[-109.308,62.0265],[-109.3011,62.0147],[-109.3084,61.9964],[-109.3352,61.9649],[-109.38,61.9411],[-109.4079,61.9323],[-109.4309,61.9305],[-109.4184,61.9455],[-109.4218,61.954],[-109.4356,61.9576],[-109.474,61.9564],[-109.4896,61.9508],[-109.5023,61.9402],[-109.5127,61.924],[-109.4965,61.9146],[-109.5096,61.8975],[-109.5685,61.8513],[-109.6294,61.8148],[-109.6667,61.7807],[-109.668,61.7659],[-109.64,61.7598],[-109.6109,61.7659],[-109.5569,61.7857],[-109.5271,61.7801],[-109.5423,61.7621],[-109.5704,61.748],[-109.5809,61.7294],[-109.5959,61.7256],[-109.5731,61.7009],[-109.5338,61.7168],[-109.4718,61.7665],[-109.43,61.7751],[-109.3342,61.7789],[-109.3005,61.8007],[-109.3114,61.8089],[-109.3192,61.8204],[-109.3184,61.831],[-109.2968,61.8387],[-109.2942,61.8528],[-109.2906,61.8557],[-109.2828,61.8528],[-109.2725,61.8354],[-109.2559,61.8375],[-109.2404,61.8437],[-109.2148,61.8657],[-109.2051,61.8831],[-109.2091,61.894],[-109.239,61.9099],[-109.2544,61.924],[-109.2479,61.9311],[-109.2312,61.9302],[-109.2088,61.9161],[-109.1936,61.9105],[-109.1565,61.8831],[-109.1183,61.8684],[-109.0301,61.8634],[-108.9851,61.8557],[-108.9926,61.8354],[-108.9578,61.821],[-108.9776,61.8228],[-109.0267,61.8354],[-109.0459,61.8363],[-109.0987,61.8281],[-109.1203,61.8207],[-109.1568,61.7854],[-109.177,61.7733],[-109.239,61.7665],[-109.2502,61.7601],[-109.2763,61.7353],[-109.3154,61.7112],[-109.3299,61.6988],[-109.3414,61.6771],[-109.3457,61.6538],[-109.3352,61.5985],[-109.3351,61.5779],[-109.3176,61.5643],[-109.3108,61.5552],[-109.3102,61.5475],[-109.3209,61.5269],[-109.3368,61.509],[-109.3599,61.496],[-109.387,61.4881],[-109.4141,61.4854],[-109.429,61.4798],[-109.4515,61.4566],[-109.4784,61.4477],[-109.5127,61.4239],[-109.5417,61.4195],[-109.541,61.4307],[-109.4871,61.4839],[-109.4784,61.5013],[-109.4871,61.5125],[-109.5195,61.5134],[-109.5095,61.5193],[-109.4892,61.5434],[-109.4774,61.5517],[-109.4513,61.5584],[-109.416,61.5817],[-109.4178,61.589],[-109.4639,61.5867],[-109.4786,61.589],[-109.4581,61.6073],[-109.4035,61.6329],[-109.3898,61.65],[-109.3975,61.6712],[-109.4244,61.6709],[-109.4562,61.6603],[-109.5042,61.6364],[-109.5332,61.6288],[-109.5541,61.6273],[-109.5959,61.6423],[-109.6247,61.6429],[-109.6543,61.6344],[-109.6854,61.63],[-109.7188,61.6423],[-109.7039,61.6535],[-109.6745,61.6977],[-109.6935,61.7056],[-109.7098,61.7203],[-109.7272,61.728],[-109.7492,61.7147],[-109.7681,61.698],[-109.8287,61.6709],[-109.8873,61.6329],[-109.9107,61.6226],[-109.9048,61.6341],[-109.8861,61.647],[-109.8833,61.6567],[-109.8895,61.6682],[-109.9016,61.6747],[-109.9312,61.6771],[-109.8739,61.7097],[-109.8565,61.7233],[-109.8459,61.7403],[-109.838,61.773],[-109.8187,61.7866],[-109.809,61.8113],[-109.766,61.821],[-109.752,61.8351],[-109.7439,61.8546],[-109.7392,61.8999],[-109.7351,61.9087],[-109.7248,61.9167],[-109.7017,61.924],[-109.6849,61.9211],[-109.6852,61.9131],[-109.6983,61.8893],[-109.6908,61.8593],[-109.6916,61.8484],[-109.6982,61.8407],[-109.7202,61.8263],[-109.725,61.8181],[-109.7142,61.8098],[-109.6893,61.8175],[-109.6222,61.8531],[-109.6024,61.8672],[-109.5875,61.8849],[-109.5816,61.9064],[-109.5722,61.9193],[-109.4996,61.9805],[-109.4709,61.9956],[-109.4581,62.0067],[-109.4518,62.0244],[-109.4234,62.0506],[-109.3866,62.0733],[-109.3557,62.0812],[-109.3557,62.075],[-109.3825,62.0538],[-109.3601,62.0506],[-109.3386,62.0612],[-109.2316,62.1501],[-109.1879,62.1731],[-109.0398,62.2116],[-109.0615,62.2184],[-109.0423,62.2349],[-109.0044,62.2505],[-108.963,62.2622],[-108.8954,62.2717],[-108.8182,62.2917],[-108.7798,62.294],[-108.8965,62.2511],[-108.9336,62.2458],[-108.9661,62.2352],[-109.027,62.1887],[-109.0609,62.1781],[-109.0986,62.1739],[-109.1376,62.1625],[-109.1744,62.1451],[-109.2853,62.0568]]]}},{"type":"Feature","properties":{},"bbox":[-97.83574,61.069779,-96.923064,61.833065],"geometry":{"type":"Polygon","coordinates":[[[-97.0732,61.1716],[-97.0876,61.1628],[-97.072,61.1395],[-97.0604,61.1369],[-97.014,61.1496],[-96.9485,61.1557],[-96.9231,61.1487],[-96.9254,61.1322],[-96.9437,61.1136],[-96.9656,61.1013],[-97.0102,61.093],[-97.0464,61.0698],[-97.0577,61.0707],[-97.0808,61.0921],[-97.1225,61.1175],[-97.1184,61.1289],[-97.1435,61.1616],[-97.17,61.2093],[-97.2152,61.2234],[-97.2657,61.2323],[-97.3013,61.2526],[-97.2851,61.2579],[-97.2672,61.2593],[-97.2725,61.2694],[-97.2982,61.2835],[-97.296,61.31],[-97.3281,61.3203],[-97.3471,61.348],[-97.3634,61.355],[-97.3559,61.3756],[-97.4311,61.3715],[-97.4522,61.3756],[-97.4616,61.3827],[-97.4643,61.4021],[-97.4726,61.4162],[-97.4966,61.4289],[-97.5102,61.4419],[-97.5068,61.458],[-97.5119,61.4845],[-97.5075,61.4937],[-97.4931,61.499],[-97.4931,61.5057],[-97.5412,61.5175],[-97.5521,61.5231],[-97.5558,61.5331],[-97.5468,61.5387],[-97.5211,61.5399],[-97.5358,61.5543],[-97.5852,61.5517],[-97.603,61.5611],[-97.5979,61.5699],[-97.5592,61.5861],[-97.5102,61.5899],[-97.5006,61.5952],[-97.4953,61.6046],[-97.4956,61.6141],[-97.5006,61.6226],[-97.4958,61.6376],[-97.4912,61.6411],[-97.4606,61.6458],[-97.4544,61.6514],[-97.4522,61.66],[-97.4762,61.6709],[-97.8022,61.6155],[-97.7549,61.6385],[-97.7402,61.65],[-97.7608,61.6626],[-97.8113,61.6538],[-97.8357,61.6567],[-97.8153,61.6771],[-97.8122,61.6994],[-97.8153,61.6977],[-97.8023,61.7103],[-97.7717,61.7233],[-97.7607,61.7324],[-97.7574,61.745],[-97.7619,61.758],[-97.7707,61.7698],[-97.8084,61.801],[-97.8172,61.8128],[-97.8022,61.8148],[-97.7891,61.8083],[-97.7676,61.7889],[-97.7476,61.7869],[-97.7315,61.7936],[-97.6992,61.8281],[-97.68,61.8331],[-97.6303,61.8148],[-97.5558,61.821],[-97.5643,61.808],[-97.5889,61.7901],[-97.5969,61.7801],[-97.5969,61.7386],[-97.5758,61.7136],[-97.5381,61.6965],[-97.4955,61.6865],[-97.4397,61.6815],[-97.3805,61.6709],[-97.3774,61.6679],[-97.3736,61.6461],[-97.3645,61.6391],[-97.355,61.6361],[-97.3327,61.6361],[-97.3182,61.6311],[-97.2819,61.607],[-97.2747,61.5985],[-97.2776,61.5673],[-97.2759,61.5537],[-97.2672,61.5399],[-97.2798,61.5346],[-97.2823,61.5275],[-97.2809,61.5134],[-97.2763,61.5119],[-97.2754,61.5075],[-97.2822,61.4987],[-97.2982,61.4884],[-97.3361,61.4369],[-97.3216,61.4239],[-97.276,61.4442],[-97.2572,61.4407],[-97.2401,61.4265],[-97.1778,61.3959],[-97.2014,61.3727],[-97.2324,61.355],[-97.175,61.3123],[-97.1505,61.3009],[-97.1706,61.2956],[-97.2171,61.3035],[-97.2263,61.2903],[-97.2289,61.2788],[-97.2254,61.2747],[-97.1998,61.2723],[-97.1775,61.2644],[-97.1678,61.2561],[-97.1653,61.2485],[-97.1709,61.2405],[-97.1574,61.232],[-97.1034,61.2246],[-97.0276,61.1837],[-97.047,61.1755],[-97.0732,61.1716]]]}},{"type":"Feature","properties":{},"bbox":[-105.819631,61.245808,-104.661456,61.926378],"geometry":{"type":"Polygon","coordinates":[[[-105.807,61.6344],[-105.7777,61.6411],[-105.7315,61.6367],[-105.7023,61.6226],[-105.7216,61.6155],[-105.7377,61.6014],[-105.7219,61.597],[-105.6914,61.5985],[-105.6242,61.6155],[-105.4583,61.6179],[-105.3981,61.6326],[-105.3095,61.6403],[-105.2824,61.6464],[-105.2572,61.6567],[-105.1971,61.6997],[-105.1717,61.705],[-105.1092,61.7047],[-105.0799,61.7138],[-105.0724,61.7386],[-105.0886,61.748],[-105.1186,61.758],[-105.142,61.7712],[-105.1377,61.7901],[-105.1299,61.8001],[-105.1279,61.8101],[-105.1324,61.8181],[-105.1449,61.821],[-105.1523,61.8263],[-105.127,61.8557],[-105.1245,61.8937],[-105.1193,61.9108],[-105.0996,61.924],[-105.0874,61.9264],[-105.0455,61.924],[-105.0176,61.9261],[-105.0128,61.9234],[-105.0309,61.8981],[-105.0497,61.8516],[-105.0484,61.8416],[-105.0371,61.839],[-105.0343,61.8231],[-105.0246,61.8007],[-104.9966,61.7869],[-105.0022,61.7754],[-104.9963,61.7518],[-104.9966,61.7386],[-105.0172,61.7147],[-105.0132,61.7065],[-105.0004,61.703],[-105.0041,61.6977],[-104.9816,61.6938],[-104.9047,61.6977],[-104.795,61.6909],[-104.7883,61.6879],[-104.7786,61.6747],[-104.7707,61.6709],[-104.7576,61.672],[-104.7493,61.6771],[-104.7194,61.7088],[-104.7093,61.7112],[-104.6763,61.6982],[-104.6615,61.6977],[-104.6721,61.6747],[-104.6743,61.6573],[-104.6846,61.6461],[-104.7364,61.6391],[-104.768,61.6285],[-104.7846,61.6323],[-104.7938,61.6423],[-104.7966,61.6523],[-104.8029,61.6603],[-104.8225,61.6635],[-105.0996,61.6635],[-105.0871,61.6759],[-105.0724,61.6832],[-105.0724,61.6909],[-105.1143,61.6809],[-105.1274,61.6667],[-105.1427,61.6612],[-105.23,61.65],[-105.2403,61.6456],[-105.2553,61.6267],[-105.2645,61.6226],[-105.3213,61.6164],[-105.3522,61.6082],[-105.374,61.5952],[-105.3932,61.5428],[-105.3916,61.5366],[-105.3815,61.5269],[-105.4299,61.4795],[-105.466,61.4669],[-105.477,61.4307],[-105.5204,61.3924],[-105.5248,61.3656],[-105.5304,61.3527],[-105.5794,61.355],[-105.6173,61.3209],[-105.6296,61.3185],[-105.6688,61.3009],[-105.641,61.2732],[-105.6663,61.2626],[-105.6894,61.2458],[-105.6947,61.2517],[-105.6998,61.2755],[-105.716,61.2826],[-105.7577,61.2873],[-105.7518,61.2976],[-105.7422,61.3014],[-105.7169,61.3009],[-105.7031,61.3044],[-105.7051,61.3126],[-105.7166,61.3282],[-105.702,61.3412],[-105.656,61.358],[-105.641,61.3691],[-105.6371,61.3889],[-105.6566,61.4136],[-105.6552,61.4307],[-105.6389,61.4433],[-105.6131,61.4469],[-105.559,61.4442],[-105.5803,61.4748],[-105.6218,61.4739],[-105.7166,61.4513],[-105.7166,61.458],[-105.7064,61.4675],[-105.7019,61.4822],[-105.7031,61.4987],[-105.7098,61.5134],[-105.7297,61.5016],[-105.7986,61.5057],[-105.7827,61.5228],[-105.7344,61.5414],[-105.7241,61.5643],[-105.7351,61.5799],[-105.7616,61.587],[-105.8196,61.589],[-105.8196,61.5952],[-105.7855,61.6155],[-105.807,61.6344]]]}},{"type":"Feature","properties":{},"bbox":[-57.185673,48.554593,-56.507753,48.841893],"geometry":{"type":"Polygon","coordinates":[[[-56.5997,48.7601],[-56.8296,48.7321],[-56.8703,48.7121],[-56.9225,48.6582],[-56.9547,48.6426],[-57.0074,48.5955],[-57.0254,48.5846],[-57.0694,48.5702],[-57.1857,48.5546],[-57.1857,48.5608],[-57.1445,48.5755],[-57.105,48.6129],[-57.0959,48.6143],[-57.0709,48.6035],[-57.0579,48.6067],[-57.0146,48.6249],[-56.9783,48.6473],[-56.929,48.6879],[-56.9166,48.7165],[-56.8976,48.7188],[-56.8772,48.753],[-56.8685,48.7612],[-56.8232,48.7863],[-56.7739,48.7989],[-56.7543,48.801],[-56.6727,48.796],[-56.6355,48.788],[-56.609,48.796],[-56.5693,48.8145],[-56.5379,48.8236],[-56.5241,48.8301],[-56.5141,48.8419],[-56.5078,48.8419],[-56.5094,48.8304],[-56.515,48.8225],[-56.576,48.7942],[-56.5997,48.7601]]]}},{"type":"Feature","properties":{},"bbox":[-64.764814,52.473463,-64.169021,52.910888],"geometry":{"type":"Polygon","coordinates":[[[-64.1986,52.51],[-64.169,52.4735],[-64.2058,52.4882],[-64.308,52.5524],[-64.3398,52.5494],[-64.3239,52.5362],[-64.3322,52.5288],[-64.3539,52.5306],[-64.3952,52.5585],[-64.4061,52.5574],[-64.4036,52.5465],[-64.3807,52.5294],[-64.4005,52.5238],[-64.4775,52.5423],[-64.4643,52.5362],[-64.4359,52.5076],[-64.4359,52.5014],[-64.4635,52.5076],[-64.5111,52.5359],[-64.5352,52.5423],[-64.5985,52.5444],[-64.6334,52.5506],[-64.6556,52.563],[-64.7064,52.58],[-64.7264,52.593],[-64.7233,52.6115],[-64.7307,52.6115],[-64.7233,52.6318],[-64.6839,52.6015],[-64.6618,52.5977],[-64.6446,52.5997],[-64.5867,52.6174],[-64.6122,52.6365],[-64.6232,52.6383],[-64.6276,52.6251],[-64.6454,52.6321],[-64.6634,52.646],[-64.6967,52.6801],[-64.6484,52.681],[-64.6351,52.6872],[-64.665,52.7031],[-64.6786,52.7143],[-64.6793,52.7243],[-64.6425,52.7346],[-64.6488,52.7484],[-64.7136,52.7825],[-64.7282,52.7861],[-64.742,52.7946],[-64.7648,52.8167],[-64.7117,52.8291],[-64.6931,52.8305],[-64.6752,52.8255],[-64.6437,52.8105],[-64.6276,52.8167],[-64.6437,52.8335],[-64.6686,52.8373],[-64.6625,52.862],[-64.6681,52.8741],[-64.6774,52.8841],[-64.6822,52.9024],[-64.6706,52.9109],[-64.6449,52.9038],[-64.6072,52.885],[-64.6254,52.865],[-64.6145,52.8411],[-64.5724,52.8032],[-64.5866,52.7993],[-64.6156,52.8023],[-64.6209,52.7926],[-64.615,52.7846],[-64.5866,52.7708],[-64.47,52.741],[-64.5077,52.7378],[-64.5295,52.7316],[-64.5389,52.7213],[-64.528,52.7045],[-64.46,52.6901],[-64.4359,52.6727],[-64.4257,52.6424],[-64.3855,52.6045],[-64.3745,52.5977],[-64.3558,52.595],[-64.3283,52.5965],[-64.3124,52.5909],[-64.2648,52.563],[-64.2492,52.5447],[-64.2117,52.5267],[-64.1986,52.51]],[[-64.498,52.563],[-64.5267,52.5871],[-64.5457,52.5953],[-64.5903,52.603],[-64.6129,52.595],[-64.6243,52.5833],[-64.614,52.5771],[-64.498,52.563]]]}},{"type":"Feature","properties":{},"bbox":[-163.313508,65.562658,-163.080666,65.667746],"geometry":{"type":"Polygon","coordinates":[[[-163.0988,65.6045],[-163.0807,65.59],[-163.0904,65.5677],[-163.1228,65.5627],[-163.2691,65.5768],[-163.2857,65.5812],[-163.3022,65.6021],[-163.3135,65.6103],[-163.2954,65.6271],[-163.2908,65.6357],[-163.2929,65.6451],[-163.2511,65.6301],[-163.2042,65.6242],[-163.2087,65.6336],[-163.2164,65.6398],[-163.2383,65.6451],[-163.2242,65.6677],[-163.2008,65.6648],[-163.1409,65.6227],[-163.0988,65.6045]]]}},{"type":"Feature","properties":{},"bbox":[-155.605142,58.963603,-155.117822,59.045731],"geometry":{"type":"Polygon","coordinates":[[[-155.5995,59.0136],[-155.6051,59.0257],[-155.5985,59.0348],[-155.5831,59.0419],[-155.5647,59.0457],[-155.4588,59.0454],[-155.4397,59.0422],[-155.4166,59.0337],[-155.2516,59.0051],[-155.2058,58.9857],[-155.1418,58.9898],[-155.1178,58.9839],[-155.1398,58.9701],[-155.1777,58.9642],[-155.2928,58.9636],[-155.312,58.9665],[-155.346,58.9824],[-155.4444,58.9763],[-155.4624,58.9801],[-155.4878,58.9913],[-155.5435,58.9866],[-155.5995,59.0136]]]}},{"type":"Feature","properties":{},"bbox":[-164.15642,60.875793,-163.937266,61.050645],"geometry":{"type":"Polygon","coordinates":[[[-164.1424,60.9506],[-164.1564,60.9509],[-164.1411,60.9567],[-164.1017,60.9509],[-164.0799,60.9509],[-164.0163,60.9576],[-164.0045,60.9641],[-164.0041,60.9762],[-164.0132,60.9835],[-164.0426,60.967],[-164.0581,60.9641],[-164.0737,60.9656],[-164.0874,60.9715],[-164.0812,60.9782],[-164.097,60.9785],[-164.1102,60.9835],[-164.1149,60.9891],[-164.1051,60.9918],[-164.0403,60.9918],[-164.0203,61.0047],[-164.0393,61.015],[-164.1017,61.0265],[-164.0839,61.0424],[-164.0512,61.0506],[-164.0181,61.0504],[-163.9992,61.0403],[-163.9991,61.0147],[-163.9646,60.9594],[-163.9714,60.9447],[-163.9373,60.9229],[-163.9571,60.9176],[-163.9904,60.8996],[-164.0378,60.8923],[-164.0827,60.8779],[-164.1017,60.8758],[-164.0984,60.8914],[-164.109,60.9035],[-164.1427,60.9305],[-164.1326,60.94],[-164.1335,60.9467],[-164.1424,60.9506]]]}},{"type":"Feature","properties":{},"bbox":[-162.652955,60.947912,-162.415992,61.128652],"geometry":{"type":"Polygon","coordinates":[[[-162.425,60.9932],[-162.4348,60.9938],[-162.4469,60.9888],[-162.4672,60.9668],[-162.4794,60.9594],[-162.4978,60.9576],[-162.4909,60.9915],[-162.5072,60.9909],[-162.5599,60.9576],[-162.5988,60.9479],[-162.6184,60.9497],[-162.6356,60.9576],[-162.6502,60.9703],[-162.653,60.9794],[-162.6356,61.0056],[-162.6315,61.0209],[-162.6098,61.0309],[-162.6006,61.0312],[-162.5258,61.0097],[-162.5115,61.0124],[-162.5014,61.0292],[-162.5108,61.0395],[-162.5462,61.0465],[-162.5935,61.0451],[-162.6167,61.0483],[-162.6356,61.0601],[-162.611,61.0954],[-162.5798,61.1225],[-162.542,61.1287],[-162.4978,61.1013],[-162.5053,61.0942],[-162.4853,61.0921],[-162.4618,61.0986],[-162.4409,61.0998],[-162.4289,61.0813],[-162.437,61.0668],[-162.4808,61.073],[-162.4911,61.0639],[-162.4891,61.0562],[-162.4706,61.0403],[-162.4706,61.0233],[-162.4671,61.0194],[-162.4432,61.0197],[-162.4288,61.0256],[-162.42,61.0236],[-162.416,61.0088],[-162.4183,60.9956],[-162.425,60.9932]]]}},{"type":"Feature","properties":{},"bbox":[-106.170219,55.654656,-105.984181,55.804782],"geometry":{"type":"Polygon","coordinates":[[[-106.0038,55.7227],[-105.9842,55.7085],[-106.0457,55.695],[-106.1002,55.6602],[-106.1314,55.6547],[-106.1561,55.665],[-106.1702,55.6867],[-106.169,55.7153],[-106.1648,55.7229],[-106.1486,55.7365],[-106.1486,55.7639],[-106.138,55.7709],[-106.0642,55.8018],[-106.032,55.8048],[-106.0161,55.8018],[-105.9996,55.7954],[-105.9923,55.7865],[-106.0041,55.7768],[-106.0155,55.7559],[-106.0148,55.7383],[-106.0038,55.7227]]]}},{"type":"Feature","properties":{},"bbox":[-100.796455,64.363713,-97.027564,64.810558],"geometry":{"type":"Polygon","coordinates":[[[-98.6352,64.6148],[-98.5742,64.621],[-98.5147,64.6166],[-98.4736,64.5995],[-98.4595,64.5969],[-98.4449,64.6007],[-98.4463,64.6098],[-98.4722,64.6419],[-98.4769,64.6619],[-98.5004,64.6857],[-98.4334,64.6893],[-98.3999,64.6963],[-98.3597,64.7143],[-98.3382,64.7152],[-98.3019,64.7099],[-98.2473,64.6719],[-98.2161,64.6731],[-98.1587,64.7102],[-98.1305,64.7196],[-98.0285,64.7349],[-97.9934,64.7334],[-97.9502,64.7178],[-97.9318,64.7196],[-97.8948,64.7381],[-97.6201,64.792],[-97.4794,64.8023],[-97.436,64.7991],[-97.3989,64.7905],[-97.3293,64.7614],[-97.2673,64.7222],[-97.233,64.7105],[-97.1983,64.7196],[-97.2112,64.7278],[-97.2728,64.7867],[-97.2747,64.795],[-97.2682,64.8026],[-97.2553,64.8088],[-97.2407,64.8106],[-97.2293,64.8058],[-97.2062,64.762],[-97.1918,64.7508],[-97.178,64.7482],[-97.144,64.7614],[-97.1116,64.7602],[-97.097,64.7564],[-97.0829,64.7476],[-97.0754,64.7358],[-97.0501,64.719],[-97.0413,64.7066],[-97.0903,64.7143],[-97.1034,64.7128],[-97.1123,64.7061],[-97.1148,64.6908],[-97.1332,64.6637],[-97.1275,64.6516],[-97.0357,64.5954],[-97.0276,64.5863],[-97.0305,64.5748],[-97.0383,64.5701],[-97.0792,64.5695],[-97.0826,64.5712],[-97.0829,64.5901],[-97.0906,64.6069],[-97.1013,64.6222],[-97.1165,64.6334],[-97.159,64.6431],[-97.2324,64.6787],[-97.3712,64.7125],[-97.4517,64.7217],[-97.4931,64.7066],[-97.4544,64.7064],[-97.4182,64.6984],[-97.3559,64.6719],[-97.3559,64.6657],[-97.552,64.6669],[-97.6104,64.6787],[-97.5952,64.6916],[-97.5542,64.7037],[-97.5342,64.7128],[-97.5796,64.7228],[-97.6269,64.7258],[-97.665,64.7196],[-97.6997,64.7331],[-97.7123,64.7334],[-97.7349,64.7187],[-97.7468,64.696],[-97.763,64.6749],[-97.7985,64.6657],[-97.8157,64.6693],[-97.8562,64.6925],[-97.8765,64.6975],[-97.9424,64.6993],[-97.9444,64.6934],[-97.9866,64.6657],[-97.989,64.6528],[-97.9825,64.641],[-97.9592,64.6242],[-97.9748,64.611],[-97.9893,64.6142],[-98.0383,64.6563],[-98.0684,64.6719],[-98.1041,64.6849],[-98.1233,64.6857],[-98.1448,64.6787],[-98.1787,64.6551],[-98.1952,64.6472],[-98.22,64.6439],[-98.2442,64.6445],[-98.2724,64.6601],[-98.296,64.6657],[-98.3217,64.6487],[-98.3391,64.6413],[-98.3811,64.6378],[-98.3866,64.6319],[-98.3936,64.5724],[-98.3883,64.5636],[-98.3702,64.5559],[-98.3863,64.5241],[-98.3841,64.5132],[-98.3702,64.5006],[-98.3156,64.4803],[-98.2874,64.4638],[-98.2745,64.4597],[-98.087,64.452],[-98.0275,64.4385],[-98.3266,64.4338],[-98.3547,64.4364],[-98.3844,64.4458],[-98.4595,64.4932],[-98.4891,64.5027],[-98.521,64.5074],[-98.54,64.5071],[-98.5527,64.5012],[-98.5627,64.515],[-98.5808,64.5268],[-98.5873,64.5274],[-98.5899,64.515],[-98.587,64.5053],[-98.485,64.3923],[-98.4732,64.384],[-98.4847,64.374],[-98.5129,64.3637],[-98.5284,64.364],[-98.5744,64.3881],[-98.6142,64.3787],[-98.796,64.3976],[-98.8101,64.4023],[-98.8438,64.4214],[-98.8782,64.4311],[-98.9113,64.4288],[-98.9895,64.4149],[-99.0148,64.4008],[-99.0284,64.3976],[-99.0419,64.4005],[-99.0703,64.4249],[-99.1168,64.4458],[-99.1134,64.4582],[-99.0891,64.4788],[-99.0834,64.49],[-99.084,64.5097],[-99.0886,64.5212],[-99.1006,64.53],[-99.1433,64.5548],[-99.1549,64.5583],[-99.1722,64.5559],[-99.1958,64.543],[-99.2035,64.5321],[-99.2072,64.4844],[-99.2134,64.4803],[-99.282,64.4803],[-99.3782,64.5038],[-99.4481,64.5127],[-99.542,64.5483],[-99.5804,64.5524],[-99.7594,64.5503],[-99.7856,64.5601],[-99.8096,64.5827],[-99.8149,64.6016],[-99.8299,64.6104],[-99.8641,64.6166],[-99.8951,64.6295],[-100.0186,64.6404],[-100.056,64.6378],[-100.0814,64.6281],[-100.1377,64.5966],[-100.1627,64.5901],[-100.1665,64.5871],[-100.1658,64.5695],[-100.1761,64.5648],[-100.2068,64.5621],[-100.2347,64.545],[-100.2479,64.5418],[-100.4344,64.5659],[-100.4896,64.5421],[-100.5105,64.5427],[-100.654,64.5842],[-100.7018,64.581],[-100.7214,64.5827],[-100.7723,64.6013],[-100.7965,64.603],[-100.7763,64.6195],[-100.7423,64.6245],[-100.6736,64.6242],[-100.406,64.6513],[-100.3439,64.6699],[-100.3118,64.6737],[-100.2825,64.6657],[-100.3006,64.6407],[-100.3225,64.631],[-100.3467,64.6266],[-100.3718,64.6166],[-100.387,64.6039],[-100.3849,64.5863],[-100.3782,64.5851],[-100.3334,64.5969],[-100.3293,64.5948],[-100.3297,64.5827],[-100.303,64.5757],[-100.2447,64.5863],[-100.1965,64.6289],[-100.1864,64.6513],[-100.1993,64.659],[-100.1976,64.6648],[-100.187,64.669],[-100.1525,64.6728],[-100.0873,64.6657],[-100.0255,64.6787],[-99.9535,64.6657],[-99.9028,64.6628],[-99.8732,64.6516],[-99.8368,64.6275],[-99.8033,64.6163],[-99.7691,64.6136],[-99.5628,64.6439],[-99.5301,64.6272],[-99.4539,64.6178],[-99.211,64.6242],[-99.1386,64.6104],[-99.0914,64.5883],[-99.0179,64.5403],[-98.9667,64.528],[-98.9044,64.5291],[-98.8506,64.5412],[-98.6352,64.6148]]]}},{"type":"Feature","properties":{},"bbox":[-108.957847,63.331378,-108.153792,63.735246],"geometry":{"type":"Polygon","coordinates":[[[-108.444,63.3741],[-108.4713,63.3758],[-108.4699,63.3641],[-108.4782,63.3552],[-108.5169,63.3314],[-108.532,63.3343],[-108.5487,63.3408],[-108.5674,63.3426],[-108.5122,63.3835],[-108.5438,63.3929],[-108.6496,63.3835],[-108.7026,63.3876],[-108.7146,63.3941],[-108.7296,63.4276],[-108.7381,63.4385],[-108.7636,63.4453],[-108.8503,63.4565],[-108.8654,63.463],[-108.8383,63.4739],[-108.7962,63.475],[-108.7176,63.4665],[-108.671,63.453],[-108.6569,63.4524],[-108.6121,63.4762],[-108.5881,63.4756],[-108.5477,63.4668],[-108.5095,63.465],[-108.4923,63.4859],[-108.512,63.4986],[-108.7044,63.5342],[-108.8012,63.5321],[-108.8413,63.5227],[-108.8623,63.5212],[-108.9138,63.5342],[-108.9455,63.5298],[-108.9578,63.5342],[-108.9578,63.541],[-108.9169,63.5548],[-108.9032,63.5819],[-108.8423,63.6043],[-108.8282,63.6169],[-108.8533,63.6228],[-108.8594,63.6346],[-108.8516,63.6493],[-108.835,63.6646],[-108.8567,63.6778],[-108.8876,63.6876],[-108.9213,63.6926],[-108.9517,63.692],[-108.9175,63.7191],[-108.8729,63.7288],[-108.7552,63.7352],[-108.7431,63.7323],[-108.7087,63.6811],[-108.7176,63.6508],[-108.6635,63.6413],[-108.6494,63.6305],[-108.6555,63.6107],[-108.6393,63.5857],[-108.6129,63.5639],[-108.5494,63.5439],[-108.5116,63.5224],[-108.4742,63.5068],[-108.4377,63.5139],[-108.4582,63.5224],[-108.4661,63.531],[-108.4651,63.541],[-108.4539,63.5442],[-108.4364,63.5395],[-108.3718,63.5154],[-108.3613,63.5074],[-108.3541,63.4815],[-108.3484,63.4727],[-108.3238,63.4597],[-108.1684,63.4303],[-108.1566,63.4244],[-108.1538,63.4114],[-108.1632,63.405],[-108.1778,63.4029],[-108.2863,63.4038],[-108.322,63.4144],[-108.3329,63.4117],[-108.3409,63.3903],[-108.3204,63.3629],[-108.3325,63.3458],[-108.3503,63.3399],[-108.3703,63.342],[-108.4255,63.3688],[-108.444,63.3741]]]}},{"type":"Feature","properties":{},"bbox":[-103.223781,60.313557,-102.628724,60.931133],"geometry":{"type":"Polygon","coordinates":[[[-102.8454,60.6697],[-102.8454,60.663],[-102.8199,60.6627],[-102.797,60.6568],[-102.8226,60.6379],[-102.8806,60.6415],[-102.9037,60.6321],[-102.9237,60.6191],[-102.9686,60.6041],[-102.9831,60.5879],[-102.9827,60.5679],[-102.9591,60.5446],[-102.9814,60.5028],[-102.9864,60.4849],[-103.0136,60.461],[-103.0192,60.4469],[-103.0168,60.4298],[-103.0068,60.4136],[-102.9893,60.4022],[-102.939,60.391],[-102.9144,60.3777],[-102.9173,60.358],[-102.9346,60.3459],[-102.9895,60.3192],[-103.0104,60.3136],[-103.0232,60.315],[-103.0576,60.3271],[-103.0866,60.3239],[-103.1122,60.3136],[-103.1333,60.3271],[-103.0923,60.3551],[-103.0962,60.3668],[-103.1228,60.3854],[-103.1365,60.3886],[-103.178,60.368],[-103.2117,60.3674],[-103.2238,60.3715],[-103.2158,60.3824],[-103.1954,60.3848],[-103.1911,60.3933],[-103.1914,60.4131],[-103.1455,60.4307],[-103.1312,60.4755],[-103.1333,60.4855],[-103.163,60.5093],[-103.1674,60.519],[-103.1299,60.615],[-103.1181,60.6223],[-103.1137,60.6382],[-103.1122,60.663],[-103.0779,60.6806],[-103.085,60.69],[-103.036,60.7154],[-102.9566,60.7251],[-102.9415,60.7313],[-102.9405,60.7498],[-102.9324,60.7613],[-102.8913,60.7683],[-102.8753,60.7739],[-102.8624,60.7842],[-102.8521,60.8001],[-102.8691,60.8122],[-102.867,60.8269],[-102.8523,60.8402],[-102.8317,60.8478],[-102.8287,60.8411],[-102.818,60.8349],[-102.7797,60.844],[-102.756,60.8684],[-102.7703,60.8834],[-102.7549,60.8985],[-102.6905,60.9311],[-102.6744,60.9238],[-102.6599,60.9099],[-102.6287,60.8973],[-102.6289,60.8855],[-102.6365,60.8737],[-102.6464,60.8664],[-102.6479,60.8431],[-102.6876,60.8349],[-102.6816,60.8169],[-102.7004,60.794],[-102.6951,60.7795],[-102.7332,60.7645],[-102.7577,60.7436],[-102.7587,60.7345],[-102.7497,60.7148],[-102.7625,60.7001],[-102.7918,60.6853],[-102.8454,60.6697]]]}},{"type":"Feature","properties":{},"bbox":[-103.228933,61.836303,-102.602084,62.319943],"geometry":{"type":"Polygon","coordinates":[[[-102.6099,62.2013],[-102.6021,62.1978],[-102.6028,62.1925],[-102.6405,62.1636],[-102.6621,62.1345],[-102.6736,62.1268],[-102.6951,62.1227],[-102.7783,62.1218],[-102.8226,62.1157],[-102.8702,62.0883],[-102.9204,62.0683],[-102.9543,62.0409],[-102.9689,62.0341],[-102.9614,62.0265],[-102.9341,62.0353],[-102.919,62.0235],[-102.92,62.0029],[-102.9415,61.985],[-102.9818,61.9791],[-102.9961,61.9714],[-103.003,61.9514],[-103.023,61.9426],[-103.1371,61.846],[-103.1577,61.8363],[-103.1612,61.8484],[-103.1578,61.866],[-103.1433,61.8969],[-103.147,61.9099],[-103.1341,61.924],[-103.1094,61.9343],[-103.0832,61.9705],[-103.085,61.9923],[-103.0576,62.0197],[-103.0666,62.0291],[-103.0694,62.0447],[-103.0661,62.0615],[-103.0576,62.075],[-103.0408,62.0836],[-102.8909,62.0998],[-102.8112,62.1227],[-102.7815,62.1404],[-102.7488,62.1692],[-102.7354,62.1972],[-102.7634,62.2116],[-102.8882,62.214],[-102.9078,62.2196],[-102.9204,62.2319],[-102.9216,62.2434],[-102.9441,62.2472],[-102.9705,62.2393],[-102.9831,62.2149],[-102.9949,62.2016],[-103.0713,62.1707],[-103.1096,62.1371],[-103.1322,62.1227],[-103.1575,62.1165],[-103.1695,62.1174],[-103.1767,62.1207],[-103.1811,62.1395],[-103.1877,62.1466],[-103.2189,62.1539],[-103.2289,62.1636],[-103.1639,62.1757],[-103.1539,62.1875],[-103.1574,62.2031],[-103.147,62.2184],[-103.106,62.2319],[-103.1333,62.2396],[-103.1047,62.2555],[-103.0667,62.2637],[-102.9927,62.2667],[-102.9749,62.2705],[-102.9614,62.3076],[-102.9468,62.3173],[-102.9293,62.3199],[-102.9107,62.3176],[-102.8455,62.2985],[-102.8385,62.2902],[-102.8361,62.2776],[-102.8293,62.2681],[-102.8186,62.262],[-102.8043,62.2599],[-102.746,62.2767],[-102.7343,62.2776],[-102.6876,62.2525],[-102.6876,62.2458],[-102.6964,62.2337],[-102.6839,62.2302],[-102.6536,62.2319],[-102.6255,62.229],[-102.6187,62.2257],[-102.6139,62.2187],[-102.6099,62.2013]]]}},{"type":"Feature","properties":{},"bbox":[-125.534227,66.65887,-124.808325,67.008869],"geometry":{"type":"Polygon","coordinates":[[[-125.1167,66.7342],[-125.1947,66.7133],[-125.2073,66.7169],[-125.2182,66.7454],[-125.2327,66.7492],[-125.2677,66.7481],[-125.3354,66.7628],[-125.3726,66.7542],[-125.386,66.759],[-125.4112,66.776],[-125.4313,66.784],[-125.479,66.7949],[-125.5177,66.7975],[-125.531,66.8008],[-125.5342,66.8072],[-125.4625,66.8679],[-125.4456,66.8758],[-125.3925,66.882],[-125.3701,66.892],[-125.3934,66.9014],[-125.4131,66.9161],[-125.4269,66.935],[-125.4322,66.9571],[-125.4182,66.9868],[-125.3851,67.0018],[-125.3148,67.0089],[-125.3217,67.0015],[-125.2397,66.9815],[-125.2197,66.9868],[-125.2079,66.9865],[-125.2094,66.9777],[-125.2176,66.9721],[-125.2534,66.9603],[-125.2518,66.9518],[-125.2559,66.9459],[-125.2745,66.94],[-125.2316,66.9362],[-125.1913,66.925],[-125.1548,66.9079],[-125.0927,66.8643],[-124.9864,66.8169],[-124.9427,66.7866],[-124.9284,66.7822],[-124.9242,66.779],[-124.9318,66.7581],[-124.93,66.7487],[-124.9253,66.7436],[-124.8663,66.7045],[-124.8428,66.6957],[-124.8083,66.6662],[-124.8083,66.6589],[-124.895,66.6821],[-124.9361,66.7033],[-124.9381,66.7278],[-124.9496,66.7283],[-124.9704,66.7254],[-124.9798,66.7207],[-124.9702,66.7121],[-124.9674,66.7039],[-124.9723,66.6995],[-125.0041,66.7083],[-125.0136,66.7021],[-125.0207,66.6868],[-125.0337,66.6715],[-125.045,66.6674],[-125.0585,66.6762],[-125.076,66.6948],[-125.0964,66.7071],[-125.0872,66.7148],[-125.0836,66.7239],[-125.0871,66.7319],[-125.0995,66.7351],[-125.1167,66.7342]]]}},{"type":"Feature","properties":{},"bbox":[-104.70929,55.423286,-104.334123,55.645237],"geometry":{"type":"Polygon","coordinates":[[[-104.5212,55.4848],[-104.5032,55.4957],[-104.5168,55.5066],[-104.5347,55.5154],[-104.5439,55.5248],[-104.5311,55.5372],[-104.5511,55.5507],[-104.5714,55.5466],[-104.6063,55.5304],[-104.676,55.5908],[-104.7071,55.6102],[-104.7093,55.6267],[-104.6955,55.6391],[-104.6719,55.6452],[-104.6482,55.6435],[-104.6341,55.6329],[-104.6394,55.6143],[-104.627,55.6067],[-104.6088,55.6049],[-104.5796,55.6076],[-104.5249,55.6193],[-104.538,55.592],[-104.4904,55.5802],[-104.4764,55.5719],[-104.4856,55.5522],[-104.4748,55.5466],[-104.4386,55.5502],[-104.4205,55.5569],[-104.394,55.5855],[-104.384,55.592],[-104.3541,55.5964],[-104.338,55.5814],[-104.3341,55.5711],[-104.3346,55.5616],[-104.36,55.5522],[-104.3955,55.529],[-104.423,55.5181],[-104.4622,55.4827],[-104.5102,55.453],[-104.5361,55.4315],[-104.55,55.4233],[-104.5617,55.4256],[-104.5659,55.4477],[-104.5584,55.4677],[-104.5415,55.4777],[-104.5212,55.4848]]]}},{"type":"Feature","properties":{},"bbox":[-104.489547,55.38649,-104.106579,55.455666],"geometry":{"type":"Polygon","coordinates":[[[-104.136,55.4086],[-104.1066,55.4],[-104.125,55.4006],[-104.1407,55.3933],[-104.2264,55.3865],[-104.2489,55.39],[-104.3115,55.4139],[-104.3572,55.415],[-104.4014,55.4103],[-104.4451,55.4106],[-104.4895,55.4274],[-104.4664,55.4321],[-104.4321,55.4501],[-104.4076,55.4477],[-104.3653,55.4359],[-104.3493,55.4348],[-104.3053,55.4554],[-104.2785,55.4557],[-104.2619,55.4465],[-104.2295,55.4212],[-104.1997,55.4136],[-104.136,55.4086]]]}},{"type":"Feature","properties":{},"bbox":[-95.444768,56.332282,-94.779358,56.545108],"geometry":{"type":"Polygon","coordinates":[[[-95.3725,56.3597],[-95.2865,56.3658],[-95.2942,56.38],[-95.3101,56.3935],[-95.2907,56.4197],[-95.2911,56.4247],[-95.3016,56.428],[-95.4174,56.5104],[-95.3703,56.5404],[-95.3588,56.5445],[-95.3197,56.5451],[-95.2456,56.5192],[-95.1645,56.4745],[-95.1021,56.4621],[-95.0893,56.4568],[-95.0509,56.4356],[-95.0181,56.4094],[-95.0007,56.4026],[-94.7794,56.4006],[-94.8278,56.3803],[-94.9473,56.3803],[-94.9569,56.3779],[-94.965,56.3597],[-94.9888,56.3385],[-95.0032,56.3335],[-95.0257,56.3323],[-95.098,56.3499],[-95.1227,56.3529],[-95.2012,56.3529],[-95.2665,56.3423],[-95.2976,56.3526],[-95.3554,56.3323],[-95.4448,56.3391],[-95.4268,56.3444],[-95.3974,56.3476],[-95.3725,56.3597]]]}},{"type":"Feature","properties":{},"bbox":[-102.441214,53.961474,-102.146409,54.159286],"geometry":{"type":"Polygon","coordinates":[[[-102.2438,54.0639],[-102.2456,54.0471],[-102.1806,54.0159],[-102.1651,53.995],[-102.1588,53.9812],[-102.1672,53.973],[-102.1713,53.9635],[-102.1894,53.9621],[-102.2355,53.9735],[-102.4054,53.9653],[-102.4412,53.975],[-102.4306,53.9921],[-102.3897,54.0401],[-102.3645,54.0545],[-102.3544,54.0639],[-102.3517,54.073],[-102.3626,54.0775],[-102.38,54.0772],[-102.3712,54.083],[-102.35,54.134],[-102.3099,54.1528],[-102.2584,54.159],[-102.2078,54.1593],[-102.2078,54.1531],[-102.2129,54.1499],[-102.2215,54.1325],[-102.2051,54.1087],[-102.1979,54.1048],[-102.1675,54.1028],[-102.1555,54.0969],[-102.1464,54.0848],[-102.2088,54.0751],[-102.2438,54.0639]]]}},{"type":"Feature","properties":{},"bbox":[-101.235204,53.974131,-100.864747,54.159286],"geometry":{"type":"Polygon","coordinates":[[[-100.8824,54.056],[-100.8647,54.0501],[-100.8892,54.0221],[-100.9285,54.0009],[-100.9738,53.9891],[-101.0162,53.9891],[-101.0634,53.9997],[-101.0864,53.9983],[-101.1248,53.9771],[-101.1482,53.9741],[-101.1712,53.978],[-101.1868,53.9891],[-101.1806,53.9891],[-101.1937,54.0439],[-101.2352,54.0848],[-101.222,54.0981],[-101.2059,54.1066],[-101.1884,54.111],[-101.1254,54.1122],[-101.1158,54.1142],[-101.1033,54.1231],[-101.0034,54.1449],[-100.9669,54.1593],[-100.9473,54.1593],[-100.933,54.1457],[-100.9544,54.1366],[-100.9678,54.1184],[-100.9523,54.1107],[-100.9198,54.1016],[-100.9132,54.091],[-100.9473,54.0568],[-100.9254,54.0536],[-100.8824,54.056]]]}},{"type":"Feature","properties":{},"bbox":[-101.048578,54.11837,-100.529467,54.316477],"geometry":{"type":"Polygon","coordinates":[[[-100.5415,54.2464],[-100.5295,54.2426],[-100.5327,54.2332],[-100.5563,54.2002],[-100.5694,54.1949],[-100.5757,54.1978],[-100.5873,54.2185],[-100.6137,54.2285],[-100.6446,54.217],[-100.6647,54.1917],[-100.6593,54.1593],[-100.6778,54.1534],[-100.7076,54.1304],[-100.7282,54.1251],[-100.8066,54.1184],[-100.8363,54.1428],[-100.8647,54.1457],[-100.8856,54.1531],[-100.9015,54.1649],[-100.9043,54.179],[-100.8858,54.194],[-100.9216,54.2058],[-100.9338,54.2211],[-100.9498,54.2211],[-101.0296,54.2002],[-101.0449,54.2052],[-101.0486,54.2164],[-101.0453,54.2293],[-101.0327,54.2502],[-101.023,54.2835],[-101.0113,54.2956],[-100.9208,54.3165],[-100.8977,54.3162],[-100.8783,54.3038],[-100.8783,54.3103],[-100.7998,54.297],[-100.752,54.297],[-100.7315,54.3038],[-100.7198,54.2979],[-100.7145,54.2903],[-100.7182,54.2903],[-100.7167,54.2859],[-100.7077,54.2767],[-100.6803,54.2767],[-100.5956,54.2508],[-100.5415,54.2464]]]}},{"type":"Feature","properties":{},"bbox":[-69.035007,53.186119,-68.170607,53.741878],"geometry":{"type":"MultiPolygon","coordinates":[[[[-68.3326,53.7022],[-68.3319,53.7024],[-68.331,53.7024],[-68.3326,53.7022]]],[[[-68.3272,53.7027],[-68.2633,53.7142],[-68.1706,53.708],[-68.1706,53.7007],[-68.2184,53.6945],[-68.331,53.7024],[-68.3272,53.7027]]],[[[-68.6211,53.6927],[-68.5889,53.7213],[-68.5452,53.7389],[-68.5181,53.7419],[-68.5152,53.7389],[-68.5405,53.728],[-68.501,53.7148],[-68.52,53.708],[-68.5291,53.6945],[-68.511,53.6754],[-68.5131,53.6598],[-68.5069,53.6527],[-68.4192,53.6683],[-68.3903,53.6801],[-68.4043,53.6842],[-68.4218,53.6998],[-68.438,53.7007],[-68.4993,53.7148],[-68.4894,53.7263],[-68.4754,53.726],[-68.445,53.7113],[-68.4241,53.7057],[-68.3487,53.7007],[-68.3326,53.7022],[-68.3767,53.6871],[-68.2389,53.6727],[-68.2389,53.6665],[-68.3172,53.6712],[-68.3419,53.6665],[-68.3151,53.6598],[-68.3344,53.6533],[-68.3562,53.6527],[-68.3562,53.6462],[-68.262,53.6436],[-68.2389,53.6391],[-68.2669,53.6235],[-68.3057,53.6256],[-68.3767,53.6462],[-68.4089,53.6518],[-68.4439,53.6506],[-68.4744,53.6403],[-68.4928,53.6182],[-68.4654,53.6182],[-68.4826,53.5876],[-68.4834,53.5738],[-68.4654,53.5703],[-68.4522,53.5776],[-68.4108,53.6182],[-68.4167,53.5982],[-68.4304,53.5791],[-68.4342,53.5641],[-68.4108,53.5567],[-68.4108,53.5497],[-68.4323,53.5491],[-68.4582,53.5397],[-68.4957,53.509],[-68.5065,53.4958],[-68.5131,53.4814],[-68.4863,53.4775],[-68.4753,53.4555],[-68.4772,53.431],[-68.489,53.4195],[-68.5383,53.4275],[-68.5542,53.4269],[-68.5851,53.4075],[-68.6026,53.4063],[-68.5811,53.3583],[-68.5684,53.3445],[-68.5371,53.3271],[-68.5131,53.2965],[-68.4444,53.2556],[-68.4195,53.2264],[-68.4033,53.1935],[-68.4863,53.2553],[-68.5128,53.2906],[-68.5951,53.3445],[-68.6232,53.3875],[-68.6429,53.4051],[-68.6749,53.4128],[-68.7047,53.4066],[-68.7359,53.3901],[-68.7562,53.3663],[-68.7534,53.3377],[-68.7649,53.3365],[-68.7869,53.3445],[-68.7905,53.3566],[-68.805,53.358],[-68.8263,53.3539],[-68.8387,53.3433],[-68.869,53.2977],[-68.8706,53.2844],[-68.8761,53.2727],[-68.8968,53.2618],[-68.9357,53.2503],[-68.9501,53.2403],[-68.9595,53.2209],[-68.9544,53.2079],[-68.9567,53.1941],[-68.9647,53.1861],[-68.976,53.1902],[-68.991,53.2079],[-68.9947,53.2182],[-68.9948,53.2479],[-69.0072,53.2556],[-69.0225,53.2597],[-69.034,53.2685],[-69.035,53.2853],[-69.0247,53.2989],[-69.0088,53.3077],[-68.9929,53.3098],[-69.006,53.2841],[-68.992,53.2703],[-68.9647,53.2656],[-68.9377,53.2685],[-68.9246,53.2891],[-68.903,53.2865],[-68.8937,53.293],[-68.8836,53.315],[-68.8831,53.341],[-68.8731,53.3524],[-68.8312,53.3857],[-68.8248,53.3928],[-68.8281,53.3948],[-68.8231,53.4042],[-68.8182,53.4063],[-68.7955,53.3984],[-68.7869,53.3989],[-68.7652,53.4154],[-68.7534,53.4399],[-68.7471,53.4266],[-68.7534,53.4128],[-68.6644,53.434],[-68.6504,53.4304],[-68.6395,53.419],[-68.616,53.4337],[-68.5821,53.4678],[-68.601,53.4817],[-68.6367,53.4949],[-68.65,53.4926],[-68.661,53.4814],[-68.674,53.4784],[-68.7002,53.4643],[-68.7124,53.4611],[-68.7479,53.4764],[-68.7534,53.4849],[-68.7049,53.5629],[-68.6821,53.5632],[-68.6874,53.5467],[-68.7186,53.5087],[-68.6913,53.4884],[-68.6843,53.4884],[-68.6804,53.4964],[-68.6715,53.502],[-68.6348,53.5114],[-68.5921,53.5164],[-68.5508,53.507],[-68.5341,53.5084],[-68.5256,53.5288],[-68.5191,53.5314],[-68.5231,53.5399],[-68.5318,53.5438],[-68.5396,53.5349],[-68.5528,53.5361],[-68.567,53.5417],[-68.5752,53.5497],[-68.563,53.5544],[-68.5337,53.577],[-68.5057,53.5814],[-68.4996,53.5909],[-68.5156,53.5988],[-68.5166,53.6356],[-68.5299,53.6397],[-68.5517,53.6177],[-68.5651,53.6218],[-68.5695,53.6359],[-68.5461,53.6559],[-68.5405,53.6665],[-68.549,53.6839],[-68.5618,53.6804],[-68.603,53.6424],[-68.62,53.6218],[-68.6258,53.6009],[-68.6329,53.5982],[-68.6422,53.6009],[-68.6425,53.6076],[-68.6225,53.6386],[-68.626,53.6453],[-68.6504,53.6527],[-68.6837,53.678],[-68.6913,53.6871],[-68.6451,53.6848],[-68.6298,53.6871],[-68.6211,53.6927]]]]}},{"type":"Feature","properties":{},"bbox":[-68.382107,53.056304,-67.903618,53.318582],"geometry":{"type":"Polygon","coordinates":[[[-67.9651,53.2891],[-67.9036,53.2753],[-67.9253,53.2694],[-67.9413,53.2588],[-67.9482,53.2506],[-67.9582,53.2282],[-67.989,53.1973],[-67.9974,53.1849],[-68.0037,53.1417],[-68.0355,53.1349],[-68.0492,53.1234],[-68.0607,53.1252],[-68.0638,53.1317],[-68.061,53.1484],[-68.0716,53.152],[-68.0897,53.1473],[-68.096,53.1487],[-68.1023,53.1593],[-68.1214,53.1449],[-68.1239,53.1361],[-68.0894,53.1281],[-68.0886,53.1111],[-68.0814,53.0854],[-68.0914,53.0837],[-68.1119,53.089],[-68.137,53.0837],[-68.1295,53.0769],[-68.1534,53.0613],[-68.1653,53.0592],[-68.1774,53.064],[-68.1574,53.0698],[-68.1591,53.0766],[-68.1753,53.0804],[-68.1978,53.0769],[-68.2514,53.0581],[-68.2742,53.0563],[-68.2667,53.064],[-68.2742,53.0701],[-68.2667,53.0769],[-68.2775,53.0846],[-68.2773,53.1078],[-68.2879,53.1143],[-68.2988,53.1143],[-68.3215,53.1049],[-68.3224,53.1181],[-68.3184,53.1264],[-68.31,53.1308],[-68.285,53.1355],[-68.2804,53.1661],[-68.2583,53.2005],[-68.2539,53.22],[-68.2705,53.2282],[-68.2876,53.2285],[-68.3009,53.2209],[-68.295,53.2226],[-68.3182,53.2041],[-68.3302,53.1882],[-68.3409,53.1664],[-68.346,53.1434],[-68.3419,53.1252],[-68.3637,53.1299],[-68.3717,53.1361],[-68.3821,53.1617],[-68.3815,53.1776],[-68.3697,53.2073],[-68.3591,53.2203],[-68.3215,53.242],[-68.2987,53.2836],[-68.2804,53.2891],[-68.2605,53.2868],[-68.2527,53.2785],[-68.2574,53.2688],[-68.2742,53.2618],[-68.2558,53.255],[-68.1911,53.242],[-68.1911,53.2353],[-68.2295,53.2373],[-68.2389,53.2353],[-68.2464,53.2276],[-68.236,53.2194],[-68.232,53.2108],[-68.2268,53.2076],[-68.1708,53.2053],[-68.1185,53.1838],[-68.1032,53.1852],[-68.0639,53.2032],[-68.0289,53.2273],[-68.0136,53.242],[-68.0402,53.2482],[-68.0273,53.2753],[-68.0374,53.29],[-68.0443,53.2971],[-68.0477,53.2965],[-68.0415,53.31],[-68.0292,53.318],[-68.0139,53.3186],[-67.9993,53.3098],[-67.9944,53.2962],[-67.9994,53.2677],[-67.9924,53.2556],[-67.9784,53.2526],[-67.9673,53.2606],[-67.9618,53.2747],[-67.9651,53.2891]]]}},{"type":"Feature","properties":{},"bbox":[-74.45322,49.718509,-74.016237,49.986381],"geometry":{"type":"Polygon","coordinates":[[[-74.0279,49.9316],[-74.0162,49.9313],[-74.0466,49.8834],[-74.062,49.8798],[-74.0981,49.8492],[-74.0981,49.8636],[-74.105,49.8698],[-74.2138,49.8003],[-74.2716,49.7456],[-74.2871,49.7441],[-74.3071,49.7568],[-74.3483,49.7741],[-74.3602,49.7718],[-74.393,49.7538],[-74.4345,49.7394],[-74.4345,49.7188],[-74.4487,49.7203],[-74.4532,49.7241],[-74.4513,49.7294],[-74.4325,49.745],[-74.3718,49.7809],[-74.3321,49.8133],[-74.3121,49.8345],[-74.3035,49.853],[-74.313,49.8645],[-74.3337,49.8474],[-74.3656,49.8083],[-74.3846,49.7956],[-74.3951,49.795],[-74.4072,49.8015],[-74.3793,49.8315],[-74.3726,49.8501],[-74.3793,49.8698],[-74.2386,49.9287],[-74.1962,49.936],[-74.1596,49.9478],[-74.1565,49.9764],[-74.1322,49.9843],[-74.105,49.9864],[-74.1219,49.9619],[-74.1449,49.9431],[-74.1534,49.9313],[-74.133,49.9249],[-74.1427,49.9187],[-74.1405,49.9128],[-74.1309,49.9078],[-74.1187,49.9045],[-74.1116,49.906],[-74.0838,49.9181],[-74.0857,49.9163],[-74.0828,49.914],[-74.0745,49.9113],[-74.0572,49.9249],[-74.0279,49.9316]]]}},{"type":"Feature","properties":{},"bbox":[-87.100428,49.253414,-86.550703,49.787685],"geometry":{"type":"Polygon","coordinates":[[[-86.5597,49.7877],[-86.5507,49.7847],[-86.5507,49.7768],[-86.556,49.7677],[-86.6188,49.7167],[-86.6423,49.6817],[-86.6801,49.6576],[-86.7005,49.6308],[-86.7345,49.6134],[-86.8,49.5672],[-86.9914,49.3732],[-87.0432,49.3082],[-87.0695,49.2846],[-87.0803,49.2708],[-87.0842,49.2534],[-87.1004,49.2675],[-87.0888,49.2852],[-87.068,49.3035],[-86.9924,49.4162],[-86.9774,49.4318],[-86.9497,49.4462],[-86.9197,49.4998],[-86.8543,49.5401],[-86.844,49.5516],[-86.8381,49.5716],[-86.8239,49.5916],[-86.7899,49.6234],[-86.7279,49.6485],[-86.7105,49.6608],[-86.6651,49.6817],[-86.6521,49.7126],[-86.6007,49.7674],[-86.5728,49.7847],[-86.5597,49.7877]]]}},{"type":"Feature","properties":{},"bbox":[-138.239425,59.156706,-138.102987,59.243249],"geometry":{"type":"Polygon","coordinates":[[[-138.1148,59.2432],[-138.103,59.2303],[-138.1109,59.2118],[-138.1232,59.1964],[-138.1168,59.1817],[-138.1251,59.1729],[-138.1535,59.1582],[-138.1691,59.1567],[-138.1953,59.1617],[-138.2394,59.1758],[-138.2138,59.177],[-138.1997,59.1867],[-138.1781,59.21],[-138.1848,59.2241],[-138.1388,59.2424],[-138.1148,59.2432]]]}},{"type":"Feature","properties":{},"bbox":[-138.263268,59.244132,-138.191002,59.320078],"geometry":{"type":"Polygon","coordinates":[[[-138.2322,59.2762],[-138.2531,59.2856],[-138.2608,59.2989],[-138.2633,59.313],[-138.2574,59.3201],[-138.2394,59.313],[-138.1987,59.2892],[-138.191,59.2789],[-138.191,59.265],[-138.1975,59.2521],[-138.2076,59.2441],[-138.219,59.2447],[-138.2235,59.2656],[-138.2322,59.2762]]]}},{"type":"Feature","properties":{},"bbox":[-138.089299,59.436941,-137.965666,59.462845],"geometry":{"type":"Polygon","coordinates":[[[-137.9705,59.4628],[-137.9657,59.457],[-137.991,59.4452],[-138.0328,59.4384],[-138.0719,59.4369],[-138.0893,59.4402],[-138.0833,59.454],[-138.0688,59.4581],[-138.0341,59.457],[-137.9705,59.4628]]]}},{"type":"Feature","properties":{},"bbox":[-103.236292,55.873663,-103.071301,56.008482],"geometry":{"type":"Polygon","coordinates":[[[-103.1467,55.889],[-103.14,55.9002],[-103.1433,55.911],[-103.1689,55.9367],[-103.1643,55.9414],[-103.1496,55.9446],[-103.1492,55.9526],[-103.1571,55.9617],[-103.1674,55.9693],[-103.1845,55.9752],[-103.2197,55.9773],[-103.2363,55.9823],[-103.203,55.9994],[-103.1533,56.0085],[-103.104,56.0064],[-103.0713,55.9896],[-103.081,55.9528],[-103.1001,55.9146],[-103.1287,55.8851],[-103.1674,55.8737],[-103.1467,55.889]]]}},{"type":"Feature","properties":{},"bbox":[-113.827072,58.617431,-113.706677,58.72458],"geometry":{"type":"Polygon","coordinates":[[[-113.7995,58.6734],[-113.7887,58.6898],[-113.804,58.7028],[-113.8234,58.7102],[-113.7909,58.721],[-113.7633,58.7246],[-113.7368,58.7193],[-113.7067,58.7028],[-113.7176,58.6954],[-113.7226,58.6854],[-113.7212,58.6737],[-113.7134,58.6619],[-113.7217,58.6622],[-113.7414,58.6557],[-113.7798,58.6239],[-113.8029,58.6174],[-113.8234,58.6283],[-113.8271,58.6448],[-113.7995,58.6734]]]}},{"type":"Feature","properties":{},"bbox":[-97.267176,65.875862,-96.993417,66.159923],"geometry":{"type":"Polygon","coordinates":[[[-97.2514,65.9724],[-97.2672,65.9742],[-97.2639,65.9877],[-97.2445,66.0001],[-97.2057,66.0151],[-97.1619,66.0236],[-97.1396,66.0322],[-97.13,66.0457],[-97.1269,66.0975],[-97.109,66.1034],[-97.0829,66.1449],[-97.063,66.1558],[-97.0402,66.1599],[-97.0164,66.1582],[-96.9934,66.1523],[-97.0202,66.1387],[-97.061,66.1087],[-97.072,66.104],[-97.0772,66.0978],[-97.086,66.0595],[-97.106,66.0313],[-97.1163,66.0219],[-97.1589,65.9986],[-97.1647,65.9877],[-97.1591,65.9777],[-97.1129,65.948],[-97.1116,65.9397],[-97.1163,65.9227],[-97.1285,65.8938],[-97.1581,65.8785],[-97.1942,65.8759],[-97.2263,65.8847],[-97.1893,65.8944],[-97.1761,65.9044],[-97.1711,65.9227],[-97.1921,65.9704],[-97.2026,65.983],[-97.2514,65.9724]]]}},{"type":"Feature","properties":{},"bbox":[-95.760179,53.173755,-95.664658,53.237338],"geometry":{"type":"Polygon","coordinates":[[[-95.675,53.2097],[-95.6647,53.1799],[-95.6672,53.1738],[-95.6888,53.1758],[-95.7048,53.1817],[-95.7602,53.2176],[-95.7578,53.227],[-95.7441,53.2276],[-95.7216,53.2373],[-95.701,53.2367],[-95.6701,53.2282],[-95.6711,53.2217],[-95.6776,53.2209],[-95.675,53.2097]]]}},{"type":"Feature","properties":{},"bbox":[-91.976422,53.274722,-91.873984,53.342132],"geometry":{"type":"Polygon","coordinates":[[[-91.9579,53.2747],[-91.9764,53.2891],[-91.9635,53.3139],[-91.9274,53.3342],[-91.8903,53.3421],[-91.874,53.3301],[-91.9268,53.2883],[-91.9579,53.2747]]]}},{"type":"Feature","properties":{},"bbox":[-72.261532,52.522033,-72.1039,52.598862],"geometry":{"type":"Polygon","coordinates":[[[-72.2381,52.5347],[-72.2455,52.5421],[-72.2615,52.5423],[-72.2615,52.5494],[-72.2417,52.5529],[-72.1944,52.5532],[-72.1932,52.563],[-72.185,52.578],[-72.1723,52.5921],[-72.1582,52.5989],[-72.1454,52.5909],[-72.1439,52.5765],[-72.1395,52.5735],[-72.1319,52.5771],[-72.117,52.5753],[-72.1107,52.5703],[-72.1039,52.5568],[-72.1039,52.5494],[-72.1251,52.5515],[-72.1386,52.5494],[-72.1728,52.5256],[-72.2243,52.522],[-72.2333,52.5262],[-72.2381,52.5347]]]}},{"type":"Feature","properties":{},"bbox":[-71.34606,50.630155,-71.282036,50.788523],"geometry":{"type":"Polygon","coordinates":[[[-71.3368,50.6431],[-71.3362,50.6767],[-71.3436,50.6929],[-71.3361,50.699],[-71.3461,50.7288],[-71.3337,50.7532],[-71.289,50.7885],[-71.2901,50.7523],[-71.2882,50.7349],[-71.282,50.7202],[-71.2998,50.7008],[-71.3249,50.6346],[-71.3436,50.6302],[-71.3368,50.6431]]]}},{"type":"Feature","properties":{},"bbox":[-103.839002,55.350284,-103.544785,55.407096],"geometry":{"type":"Polygon","coordinates":[[[-103.5831,55.4071],[-103.5448,55.4068],[-103.5579,55.3865],[-103.6053,55.3565],[-103.688,55.3503],[-103.7759,55.3585],[-103.839,55.3727],[-103.8221,55.3791],[-103.7988,55.4],[-103.7844,55.4068],[-103.761,55.4071],[-103.7198,55.3906],[-103.6984,55.3865],[-103.5831,55.4071]]]}},{"type":"Feature","properties":{},"bbox":[-90.86667,53.783089,-90.736266,53.954409],"geometry":{"type":"Polygon","coordinates":[[[-90.8494,53.8399],[-90.8667,53.8514],[-90.8609,53.8637],[-90.8294,53.8994],[-90.8297,53.9167],[-90.8256,53.9264],[-90.8062,53.9412],[-90.777,53.9526],[-90.75,53.9544],[-90.7363,53.9409],[-90.7569,53.8923],[-90.7535,53.857],[-90.7569,53.8446],[-90.7717,53.8281],[-90.7954,53.8113],[-90.8462,53.7831],[-90.8456,53.8255],[-90.8494,53.8399]]]}},{"type":"Feature","properties":{},"bbox":[-69.26726,56.057935,-68.794364,56.667563],"geometry":{"type":"Polygon","coordinates":[[[-68.942,56.158],[-68.8285,56.0936],[-68.8067,56.0768],[-68.7944,56.0579],[-68.817,56.0688],[-68.8615,56.1],[-68.8995,56.1124],[-69.1513,56.2734],[-69.1672,56.2869],[-69.18,56.3037],[-69.1854,56.322],[-69.1781,56.3423],[-69.1451,56.367],[-69.137,56.387],[-69.1575,56.428],[-69.2502,56.475],[-69.2673,56.5104],[-69.2611,56.5189],[-69.2378,56.5357],[-69.2275,56.5613],[-69.1916,56.5857],[-69.1395,56.6487],[-69.1165,56.6676],[-69.1165,56.6266],[-69.1797,56.5466],[-69.196,56.5051],[-69.1717,56.4621],[-69.1127,56.4112],[-69.1054,56.3912],[-69.1164,56.3685],[-69.1444,56.3323],[-69.1339,56.302],[-69.0958,56.2728],[-68.9716,56.2092],[-68.9574,56.1948],[-68.952,56.1713],[-68.942,56.158]]]}},{"type":"Feature","properties":{},"bbox":[-89.103134,66.474304,-88.783013,66.632083],"geometry":{"type":"Polygon","coordinates":[[[-88.7845,66.628],[-88.7843,66.6174],[-88.8148,66.5941],[-88.8245,66.5912],[-88.8722,66.5918],[-88.9692,66.5632],[-88.9823,66.5532],[-88.992,66.5373],[-89.0579,66.5011],[-89.0824,66.4772],[-89.0921,66.4743],[-89.1031,66.4778],[-89.0921,66.5011],[-89.0846,66.5532],[-89.0448,66.5626],[-89.0375,66.567],[-89.0345,66.5785],[-89.027,66.5841],[-88.9819,66.6088],[-88.9549,66.6124],[-88.9003,66.6109],[-88.8141,66.6291],[-88.783,66.6321],[-88.7845,66.628]]]}},{"type":"Feature","properties":{},"bbox":[-88.742097,66.572033,-88.084781,66.76072],"geometry":{"type":"Polygon","coordinates":[[[-88.5949,66.6421],[-88.6227,66.6182],[-88.6644,66.5906],[-88.7081,66.572],[-88.7421,66.5767],[-88.7238,66.6077],[-88.6926,66.6433],[-88.6975,66.6515],[-88.7153,66.6662],[-88.6514,66.658],[-88.6192,66.663],[-88.6055,66.6868],[-88.6132,66.7018],[-88.6271,66.7163],[-88.6336,66.7328],[-88.6191,66.7542],[-88.6014,66.7607],[-88.5862,66.7528],[-88.574,66.7372],[-88.5644,66.7207],[-88.5562,66.6898],[-88.5509,66.6833],[-88.5365,66.6792],[-88.482,66.6798],[-88.4566,66.693],[-88.4349,66.7239],[-88.4068,66.7278],[-88.3818,66.7222],[-88.2854,66.6756],[-88.233,66.6577],[-88.1785,66.6321],[-88.0848,66.6047],[-88.1276,66.5923],[-88.1523,66.5897],[-88.2336,66.5935],[-88.2423,66.5979],[-88.2446,66.6185],[-88.2486,66.6253],[-88.2663,66.6356],[-88.3706,66.6712],[-88.4324,66.6715],[-88.4823,66.663],[-88.5244,66.6503],[-88.5774,66.6489],[-88.5949,66.6421]]]}},{"type":"Feature","properties":{},"bbox":[-125.301827,67.00622,-125.198799,67.034479],"geometry":{"type":"Polygon","coordinates":[[[-125.2437,67.0318],[-125.2116,67.0227],[-125.1988,67.0089],[-125.2148,67.0062],[-125.284,67.0218],[-125.3018,67.0292],[-125.279,67.0345],[-125.2437,67.0318]]]}},{"type":"Feature","properties":{},"bbox":[-96.951912,63.575112,-95.876158,63.68226],"geometry":{"type":"Polygon","coordinates":[[[-96.911,63.6137],[-96.9519,63.6366],[-96.9145,63.6496],[-96.9041,63.6578],[-96.9028,63.6625],[-96.9079,63.6714],[-96.8963,63.6823],[-96.8517,63.6746],[-96.8136,63.6608],[-96.7863,63.6549],[-96.8284,63.6366],[-96.8284,63.6305],[-96.7515,63.6181],[-96.5205,63.6169],[-96.5205,63.6231],[-96.5267,63.6305],[-96.4487,63.6175],[-96.4088,63.6175],[-96.3833,63.6366],[-96.4312,63.6366],[-96.3972,63.6478],[-96.3667,63.6431],[-96.336,63.6334],[-96.3014,63.6305],[-96.3118,63.6431],[-96.2899,63.649],[-96.2325,63.6508],[-96.1708,63.6422],[-96.1383,63.6422],[-96.1124,63.6543],[-96.0912,63.6693],[-96.0675,63.677],[-96.0416,63.6787],[-95.9059,63.6675],[-95.8762,63.6578],[-95.8862,63.6528],[-95.9393,63.6431],[-96.0348,63.6611],[-96.0743,63.6508],[-96.0545,63.6428],[-96.0407,63.6305],[-96.0562,63.6272],[-96.1056,63.6266],[-96.1228,63.6169],[-96.2231,63.6243],[-96.2413,63.6216],[-96.2693,63.6045],[-96.3061,63.5913],[-96.356,63.5978],[-96.4652,63.5751],[-96.5349,63.5975],[-96.5713,63.6045],[-96.5956,63.5895],[-96.5913,63.5778],[-96.6109,63.576],[-96.6577,63.5819],[-96.7594,63.5819],[-96.8632,63.5978],[-96.911,63.6137]]]}},{"type":"Feature","properties":{},"bbox":[-91.175752,49.834783,-90.763642,49.97961],"geometry":{"type":"Polygon","coordinates":[[[-90.8703,49.9181],[-90.8983,49.916],[-90.9852,49.8884],[-91.0175,49.8675],[-91.052,49.861],[-91.0829,49.8392],[-91.0929,49.8357],[-91.1593,49.8386],[-91.1699,49.8421],[-91.1758,49.8492],[-91.1738,49.8613],[-91.1529,49.873],[-91.1391,49.8984],[-91.1182,49.911],[-91.0084,49.949],[-90.9762,49.9546],[-90.9461,49.9667],[-90.8879,49.9449],[-90.8729,49.9475],[-90.8256,49.9667],[-90.7636,49.9796],[-90.7767,49.9672],[-90.8481,49.9234],[-90.8703,49.9181]]]}},{"type":"Feature","properties":{},"bbox":[-90.818247,50.022882,-90.578193,50.164471],"geometry":{"type":"Polygon","coordinates":[[[-90.7636,50.0273],[-90.7981,50.0679],[-90.8182,50.0753],[-90.8041,50.0897],[-90.7881,50.0962],[-90.7741,50.1339],[-90.7535,50.1483],[-90.6823,50.1645],[-90.6606,50.1627],[-90.5998,50.1442],[-90.5791,50.1344],[-90.5782,50.125],[-90.6159,50.0735],[-90.636,50.0564],[-90.6619,50.0438],[-90.7319,50.0246],[-90.7486,50.0229],[-90.7636,50.0273]]]}},{"type":"Feature","properties":{},"bbox":[-91.024302,49.753833,-90.874176,49.834194],"geometry":{"type":"Polygon","coordinates":[[[-90.921,49.8315],[-90.8939,49.8209],[-90.8742,49.8015],[-90.9372,49.7836],[-90.9488,49.7733],[-90.9492,49.7538],[-91.0049,49.7736],[-91.0175,49.7877],[-91.0243,49.8048],[-91.0215,49.8156],[-91.0099,49.823],[-90.9902,49.8289],[-90.9537,49.8342],[-90.921,49.8315]]]}},{"type":"Feature","properties":{},"bbox":[-94.037118,50.253958,-93.936593,50.355219],"geometry":{"type":"Polygon","coordinates":[[[-93.956,50.3246],[-93.9638,50.3222],[-93.9516,50.2922],[-93.9624,50.2693],[-93.9894,50.2557],[-94.0267,50.254],[-94.0245,50.2725],[-94.0371,50.3122],[-94.0258,50.3484],[-93.9853,50.3552],[-93.9447,50.3502],[-93.9366,50.3358],[-93.956,50.3246]]]}},{"type":"Feature","properties":{},"bbox":[-92.230311,49.883353,-91.743728,50.14151],"geometry":{"type":"Polygon","coordinates":[[[-91.9461,50.0076],[-91.9345,50.0114],[-91.9377,50.0199],[-91.9566,50.0344],[-92.0044,50.0344],[-92.0125,50.0288],[-92.0218,50.0276],[-92.0391,50.0344],[-91.9801,50.0547],[-91.9779,50.0806],[-91.9822,50.0994],[-91.9982,50.11],[-91.987,50.1218],[-91.9649,50.1342],[-91.9404,50.1415],[-91.9218,50.1374],[-91.9198,50.1297],[-91.9218,50.0962],[-91.8946,50.0691],[-91.9019,50.0691],[-91.874,50.0547],[-91.8503,50.0588],[-91.8185,50.0538],[-91.7955,50.0423],[-91.7983,50.0211],[-91.7765,50.0199],[-91.7682,50.0117],[-91.7654,49.9828],[-91.7517,49.9731],[-91.7437,49.959],[-91.7493,49.9478],[-91.7757,49.9237],[-91.7852,49.9181],[-91.7994,49.9163],[-91.8075,49.9216],[-91.8316,49.9617],[-91.8419,49.9702],[-91.8809,49.9734],[-91.9492,49.9667],[-92.0794,49.9249],[-92.1245,49.8978],[-92.1416,49.8907],[-92.1998,49.8907],[-92.2166,49.8834],[-92.2303,49.8907],[-92.2303,49.8978],[-92.191,49.9154],[-92.1645,49.9222],[-92.1416,49.9522],[-92.1317,49.9567],[-92.1074,49.9628],[-92.0852,49.9746],[-92.0541,49.9723],[-91.9736,50.0037],[-91.9461,50.0076]]]}},{"type":"Feature","properties":{},"bbox":[-111.637297,64.822921,-109.335222,66.042472],"geometry":{"type":"Polygon","coordinates":[[[-111.592,65.7834],[-111.6373,65.8023],[-111.6101,65.8126],[-111.5772,65.8093],[-111.5144,65.7961],[-111.4847,65.7982],[-111.4605,65.8064],[-111.4516,65.8196],[-111.4661,65.837],[-111.5087,65.8547],[-111.5144,65.8644],[-111.5073,65.8738],[-111.4914,65.8741],[-111.4733,65.8697],[-111.4042,65.8426],[-111.3788,65.8438],[-111.3531,65.8606],[-111.3425,65.8847],[-111.3566,65.9024],[-111.3818,65.9141],[-111.4641,65.9318],[-111.4722,65.9456],[-111.4555,65.9704],[-111.4342,65.9857],[-111.3869,66.0089],[-111.3571,66.0333],[-111.3419,66.0407],[-111.3282,66.0425],[-111.3159,66.0245],[-111.2668,66.0295],[-111.2785,66.0136],[-111.2947,66.0016],[-111.3354,66.0027],[-111.3463,65.9977],[-111.3602,65.9757],[-111.3582,65.9615],[-111.322,65.9394],[-111.2951,65.9318],[-111.2374,65.9041],[-111.2159,65.8882],[-111.1813,65.877],[-111.0752,65.8773],[-111.034,65.8712],[-111.0203,65.8638],[-111.0037,65.8399],[-110.9716,65.8326],[-110.9576,65.8258],[-110.9625,65.8129],[-110.9956,65.804],[-111.0701,65.8264],[-111.0961,65.8158],[-111.0412,65.7775],[-110.9763,65.7616],[-110.9077,65.7643],[-110.8422,65.7823],[-110.7608,65.8179],[-110.7204,65.8249],[-110.6877,65.8347],[-110.6709,65.837],[-110.6602,65.8332],[-110.6715,65.8243],[-110.705,65.8096],[-110.7604,65.7961],[-110.7788,65.7655],[-110.8001,65.759],[-110.806,65.7525],[-110.8081,65.7307],[-110.8032,65.7293],[-110.7808,65.6998],[-110.7489,65.6881],[-110.713,65.6845],[-110.5253,65.6869],[-110.5155,65.681],[-110.5133,65.6651],[-110.527,65.6383],[-110.527,65.6074],[-110.5189,65.5939],[-110.4999,65.5862],[-110.4774,65.5847],[-110.4587,65.59],[-110.4341,65.6121],[-110.4198,65.6206],[-110.3966,65.6242],[-110.3545,65.6242],[-110.3364,65.6204],[-110.3215,65.6103],[-110.3215,65.6042],[-110.3917,65.5968],[-110.4205,65.5886],[-110.4314,65.5694],[-110.4289,65.5603],[-110.4071,65.5385],[-110.3918,65.5315],[-110.3524,65.5244],[-110.3093,65.5026],[-110.2707,65.4985],[-110.1986,65.5011],[-110.1689,65.5091],[-110.1555,65.5082],[-110.1509,65.495],[-110.1574,65.4858],[-110.198,65.4534],[-110.1781,65.4323],[-110.2073,65.4331],[-110.2189,65.4296],[-110.226,65.4187],[-110.2005,65.4137],[-110.1465,65.4131],[-110.1235,65.4055],[-110.1366,65.3852],[-110.1123,65.3784],[-110.0566,65.3731],[-110.0336,65.364],[-110.0546,65.351],[-110.0546,65.3434],[-109.9858,65.3366],[-109.9086,65.3172],[-109.8349,65.2821],[-109.8047,65.283],[-109.7513,65.3024],[-109.7255,65.2992],[-109.7126,65.286],[-109.7803,65.2542],[-109.766,65.2412],[-109.779,65.2339],[-109.7855,65.2247],[-109.7822,65.2171],[-109.7512,65.2094],[-109.7216,65.1903],[-109.7033,65.1841],[-109.6916,65.1723],[-109.6174,65.157],[-109.609,65.1517],[-109.609,65.1464],[-109.6163,65.1338],[-109.6124,65.1314],[-109.581,65.1279],[-109.567,65.1323],[-109.5611,65.1482],[-109.5526,65.1505],[-109.5339,65.147],[-109.5151,65.1476],[-109.5005,65.1726],[-109.4859,65.1706],[-109.4547,65.1591],[-109.3879,65.1514],[-109.3694,65.145],[-109.4041,65.117],[-109.3667,65.0976],[-109.3463,65.0828],[-109.3352,65.0693],[-109.3814,65.0825],[-109.4103,65.0761],[-109.4303,65.079],[-109.4643,65.0964],[-109.4861,65.1026],[-109.5544,65.104],[-109.6505,65.117],[-109.6394,65.107],[-109.6434,65.0958],[-109.6673,65.0625],[-109.6468,65.0313],[-109.6082,65.0098],[-109.4581,64.9804],[-109.6468,64.9939],[-109.654,64.9913],[-109.6584,64.9775],[-109.6636,64.973],[-109.6761,64.9716],[-109.7472,64.9931],[-109.7656,64.9937],[-109.7734,64.9804],[-109.7671,64.9722],[-109.7389,64.9613],[-109.7325,64.9495],[-109.7409,64.9421],[-109.7807,64.9224],[-109.8287,64.9048],[-109.8505,64.9159],[-109.8623,64.9121],[-109.8691,64.9024],[-109.862,64.8927],[-109.8349,64.8774],[-109.856,64.8706],[-109.8259,64.8524],[-109.769,64.8494],[-109.6642,64.8577],[-109.6542,64.85],[-109.6668,64.8344],[-109.689,64.8229],[-109.7083,64.8262],[-109.7269,64.8338],[-109.8008,64.8297],[-109.829,64.8474],[-109.8976,64.8577],[-109.9304,64.8753],[-109.9569,64.8794],[-109.9628,64.8847],[-109.9625,64.8924],[-109.9556,64.9015],[-109.9362,64.9101],[-109.8905,64.9127],[-109.8539,64.936],[-109.8136,64.9486],[-109.794,64.9598],[-109.822,64.9654],[-109.8451,64.9739],[-109.8536,64.9884],[-109.8386,65.0113],[-109.7974,65.0455],[-109.7697,65.0793],[-109.7351,65.1064],[-109.7336,65.1173],[-109.7656,65.1653],[-109.7734,65.1723],[-109.7862,65.1756],[-109.8152,65.1747],[-109.8287,65.1785],[-109.7803,65.187],[-109.766,65.1926],[-109.7831,65.1985],[-109.8144,65.2336],[-109.8361,65.2389],[-109.8802,65.2362],[-109.8976,65.2474],[-109.8833,65.2542],[-109.9578,65.2971],[-110.0179,65.3054],[-110.1023,65.3298],[-110.1664,65.3328],[-110.1849,65.3366],[-110.2148,65.366],[-110.2744,65.3846],[-110.3004,65.3963],[-110.4348,65.4155],[-110.4615,65.4275],[-110.4788,65.4599],[-110.4937,65.4549],[-110.5202,65.4396],[-110.5527,65.4399],[-110.5589,65.434],[-110.5543,65.4187],[-110.538,65.4055],[-110.4894,65.3834],[-110.469,65.3542],[-110.4232,65.3219],[-110.4108,65.3089],[-110.4122,65.2948],[-110.425,65.2745],[-110.4211,65.2645],[-110.3907,65.2495],[-110.3564,65.2412],[-110.3617,65.2194],[-110.3486,65.2088],[-110.3306,65.2],[-110.3155,65.1706],[-110.3175,65.1667],[-110.3318,65.1653],[-110.3817,65.1714],[-110.3971,65.1785],[-110.4133,65.1944],[-110.4245,65.2],[-110.4425,65.2032],[-110.5034,65.2],[-110.5474,65.1859],[-110.6063,65.1929],[-110.6225,65.2],[-110.5824,65.21],[-110.4488,65.22],[-110.4442,65.2256],[-110.4757,65.2577],[-110.4822,65.2683],[-110.489,65.2939],[-110.4966,65.3057],[-110.5384,65.3481],[-110.5543,65.3572],[-110.5789,65.3619],[-110.7126,65.3693],[-110.7995,65.3887],[-110.8422,65.4055],[-110.7875,65.4146],[-110.6797,65.3813],[-110.6225,65.3919],[-110.6075,65.4064],[-110.6126,65.434],[-110.6064,65.4499],[-110.5874,65.4614],[-110.5433,65.4752],[-110.527,65.495],[-110.5754,65.5079],[-110.533,65.5209],[-110.5208,65.5285],[-110.5507,65.5423],[-110.6303,65.5526],[-110.6504,65.5694],[-110.6245,65.5688],[-110.6123,65.573],[-110.6095,65.5833],[-110.6184,65.5897],[-110.6644,65.59],[-110.6899,65.5956],[-110.699,65.6033],[-110.6952,65.6142],[-110.6865,65.6248],[-110.6861,65.6315],[-110.6989,65.6451],[-110.7214,65.6604],[-110.7463,65.661],[-110.7982,65.6513],[-110.8668,65.6524],[-110.904,65.6583],[-110.9242,65.6725],[-110.9115,65.6822],[-110.918,65.6863],[-110.9279,65.6866],[-110.946,65.6725],[-110.9807,65.6669],[-111.1407,65.6595],[-111.1787,65.6725],[-111.1579,65.6795],[-111.0492,65.678],[-111.0361,65.6795],[-111.0278,65.6863],[-111.0518,65.7201],[-111.0611,65.7231],[-111.0893,65.7446],[-111.1057,65.7487],[-111.141,65.7478],[-111.1576,65.7516],[-111.1958,65.7749],[-111.2071,65.777],[-111.2476,65.7961],[-111.2333,65.8023],[-111.2487,65.8111],[-111.2892,65.8235],[-111.3083,65.8226],[-111.3138,65.8188],[-111.3163,65.8061],[-111.322,65.8023],[-111.3345,65.8017],[-111.3699,65.8096],[-111.393,65.8064],[-111.4192,65.787],[-111.4608,65.7781],[-111.4639,65.7675],[-111.4517,65.734],[-111.4969,65.7561],[-111.592,65.7834]]]}},{"type":"Feature","properties":{},"bbox":[-98.070937,63.763505,-97.103362,64.097608],"geometry":{"type":"Polygon","coordinates":[[[-97.9804,64.0314],[-97.9813,64.0502],[-97.9934,64.0626],[-97.9394,64.0761],[-97.9369,64.092],[-97.9318,64.0964],[-97.9236,64.0973],[-97.8984,64.0897],[-97.8457,64.0976],[-97.8296,64.0964],[-97.8107,64.0888],[-97.8215,64.0714],[-97.8187,64.0588],[-97.7903,64.0402],[-97.7629,64.0411],[-97.7056,64.0549],[-97.5997,64.0573],[-97.5824,64.0482],[-97.603,64.0352],[-97.4869,64.0011],[-97.4336,63.9949],[-97.4007,63.9866],[-97.3565,64.0011],[-97.1293,64.0117],[-97.1034,64.0072],[-97.1238,63.9934],[-97.1833,63.9931],[-97.2071,63.984],[-97.4703,63.921],[-97.4737,63.913],[-97.4659,63.8974],[-97.4716,63.8704],[-97.4696,63.8553],[-97.4553,63.8439],[-97.4248,63.8286],[-97.446,63.8153],[-97.4297,63.8094],[-97.4213,63.7977],[-97.4235,63.7865],[-97.4385,63.7812],[-97.4562,63.7888],[-97.4722,63.8032],[-97.4902,63.8118],[-97.5137,63.8018],[-97.484,63.7879],[-97.4732,63.7765],[-97.476,63.7641],[-97.49,63.7635],[-97.6412,63.8321],[-97.6582,63.8468],[-97.6615,63.8595],[-97.6378,63.863],[-97.6456,63.8748],[-97.6706,63.8807],[-97.6975,63.8969],[-97.7027,63.8842],[-97.7002,63.8671],[-97.6924,63.863],[-97.7102,63.8548],[-97.7206,63.8654],[-97.7402,63.9042],[-97.7647,63.9169],[-97.8432,63.911],[-97.8622,63.9216],[-97.8767,63.9731],[-97.8979,63.986],[-97.9311,63.9946],[-97.9934,64.0011],[-98.0178,63.9963],[-98.0578,63.9799],[-98.0684,63.9866],[-98.0709,64.0117],[-98.0586,64.024],[-98.0394,64.0278],[-98.0213,64.0275],[-97.9976,64.0205],[-97.9856,64.0208],[-97.9804,64.0314]],[[-97.7969,63.9566],[-97.7957,63.9398],[-97.7669,63.9384],[-97.7395,63.9616],[-97.7296,63.9654],[-97.7003,63.9646],[-97.6719,63.9596],[-97.6454,63.9478],[-97.6301,63.9457],[-97.6235,63.956],[-97.6262,63.9651],[-97.6331,63.9719],[-97.6513,63.9793],[-97.6743,63.994],[-97.7037,64.0011],[-97.7342,64.0005],[-97.7607,63.9934],[-97.7814,63.9781],[-97.7969,63.9566]]]}},{"type":"Feature","properties":{},"bbox":[-98.645095,63.765565,-98.055483,64.164723],"geometry":{"type":"Polygon","coordinates":[[[-98.6142,64.0482],[-98.5884,64.0555],[-98.5953,64.0726],[-98.6142,64.0929],[-98.624,64.1097],[-98.5952,64.1212],[-98.472,64.1006],[-98.4329,64.13],[-98.3992,64.1241],[-98.3357,64.13],[-98.305,64.1132],[-98.2589,64.0791],[-98.2442,64.0776],[-98.2353,64.0829],[-98.2411,64.0964],[-98.2214,64.107],[-98.223,64.1191],[-98.2607,64.1482],[-98.2589,64.1562],[-98.2514,64.1621],[-98.2411,64.1647],[-98.2203,64.1568],[-98.2063,64.1444],[-98.1938,64.1182],[-98.1894,64.0976],[-98.1966,64.0799],[-98.2193,64.0626],[-98.2766,64.0349],[-98.3089,64.0281],[-98.3366,64.0352],[-98.3376,64.0164],[-98.3148,63.9757],[-98.2994,63.9336],[-98.2776,63.9325],[-98.2524,63.944],[-98.2031,63.9902],[-98.1913,63.9937],[-98.1613,63.9654],[-98.1341,63.9604],[-98.0842,63.9401],[-98.0555,63.9384],[-98.0833,63.9074],[-98.0996,63.896],[-98.1479,63.8839],[-98.1632,63.8671],[-98.1859,63.8286],[-98.1506,63.81],[-98.1367,63.7965],[-98.1313,63.7779],[-98.1391,63.7656],[-98.1565,63.7768],[-98.1821,63.8056],[-98.223,63.8321],[-98.2386,63.8601],[-98.2473,63.8695],[-98.2673,63.8777],[-98.2916,63.8771],[-98.316,63.8674],[-98.3366,63.8495],[-98.3288,63.8371],[-98.3566,63.8321],[-98.3965,63.8333],[-98.4463,63.845],[-98.4571,63.8545],[-98.4732,63.8974],[-98.4904,63.916],[-98.548,63.9348],[-98.5644,63.9478],[-98.6089,63.9548],[-98.624,63.9596],[-98.6327,63.9672],[-98.6445,64.0205],[-98.6435,64.0461],[-98.638,64.0505],[-98.6142,64.0482]]]}},{"type":"Feature","properties":{},"bbox":[-99.281951,63.6175,-98.664964,63.900678],"geometry":{"type":"Polygon","coordinates":[[[-99.2412,63.7232],[-99.2431,63.7591],[-99.2593,63.7623],[-99.2683,63.7676],[-99.2802,63.7868],[-99.2796,63.7971],[-99.2432,63.8103],[-99.2203,63.83],[-99.1536,63.8197],[-99.138,63.8135],[-99.1345,63.8],[-99.1448,63.7744],[-99.0928,63.7435],[-98.9693,63.76],[-98.9393,63.7676],[-98.9393,63.7744],[-98.9735,63.7812],[-98.9804,63.8018],[-99.0007,63.8115],[-99.0133,63.8124],[-99.0481,63.7879],[-99.0601,63.7885],[-99.0734,63.7982],[-99.0787,63.8103],[-99.0728,63.8191],[-99.0485,63.8359],[-99.0628,63.8495],[-99.0423,63.8768],[-99.0703,63.8836],[-99.0609,63.8951],[-99.0441,63.8986],[-99.0256,63.8957],[-98.9921,63.8762],[-98.9754,63.8789],[-98.9427,63.891],[-98.8841,63.8889],[-98.8637,63.8836],[-98.8119,63.8618],[-98.796,63.863],[-98.7927,63.8892],[-98.7864,63.9007],[-98.7717,63.8942],[-98.753,63.8677],[-98.7418,63.8595],[-98.7059,63.8521],[-98.701,63.8424],[-98.6997,63.8221],[-98.6856,63.8018],[-98.665,63.7812],[-98.7187,63.7838],[-98.7338,63.7873],[-98.7487,63.7953],[-98.7717,63.8253],[-98.7971,63.8389],[-98.8173,63.833],[-98.8244,63.8141],[-98.8096,63.7873],[-98.7748,63.7609],[-98.7578,63.7261],[-98.744,63.7141],[-98.7369,63.704],[-98.73,63.6846],[-98.7197,63.6734],[-98.7271,63.6578],[-98.7377,63.6455],[-98.7748,63.644],[-98.813,63.6257],[-98.826,63.6231],[-98.8438,63.6213],[-98.8537,63.6334],[-98.8559,63.6416],[-98.8506,63.6714],[-98.8588,63.6826],[-98.8694,63.6881],[-98.8977,63.692],[-98.9168,63.6908],[-98.9636,63.6775],[-99.0659,63.6834],[-99.0969,63.6775],[-99.117,63.6602],[-99.1352,63.6349],[-99.1566,63.6175],[-99.1858,63.6231],[-99.2014,63.6299],[-99.2304,63.6611],[-99.282,63.6849],[-99.282,63.692],[-99.2583,63.6964],[-99.2459,63.7073],[-99.2412,63.7232]]]}},{"type":"Feature","properties":{},"bbox":[-101.811275,60.688872,-100.878288,61.258172],"geometry":{"type":"Polygon","coordinates":[[[-101.0415,61.0174],[-101.0428,61.0024],[-101.0337,60.9762],[-101.0127,60.9659],[-100.9897,60.9597],[-100.9745,60.9447],[-100.9734,60.9185],[-100.9872,60.9017],[-101.01,60.8923],[-101.0361,60.8893],[-101.0596,60.8823],[-101.0942,60.8502],[-101.1186,60.8411],[-101.1526,60.8478],[-101.1685,60.8464],[-101.1966,60.8369],[-101.2367,60.8299],[-101.3103,60.7928],[-101.4235,60.7575],[-101.5434,60.7448],[-101.7227,60.6889],[-101.7629,60.6977],[-101.7576,60.7104],[-101.7718,60.7171],[-101.8113,60.7251],[-101.7985,60.7345],[-101.7802,60.7407],[-101.728,60.7466],[-101.7143,60.7519],[-101.6871,60.7666],[-101.7015,60.7795],[-101.6461,60.8001],[-101.6372,60.7913],[-101.6274,60.7875],[-101.6018,60.7863],[-101.5743,60.7922],[-101.5681,60.7987],[-101.5778,60.8069],[-101.5778,60.8131],[-101.5443,60.8205],[-101.5076,60.8387],[-101.4719,60.8481],[-101.4407,60.8275],[-101.4421,60.8163],[-101.4229,60.8199],[-101.3787,60.8349],[-101.3497,60.8255],[-101.3371,60.8275],[-101.3217,60.8396],[-101.3103,60.8546],[-101.3432,60.8761],[-101.3431,60.8867],[-101.3309,60.9026],[-101.3063,60.9252],[-101.3035,60.9338],[-101.3106,60.9394],[-101.3587,60.9373],[-101.4028,60.9229],[-101.4143,60.9244],[-101.423,60.9326],[-101.4339,60.9373],[-101.4608,60.9417],[-101.5363,60.9373],[-101.5274,60.9497],[-101.5041,60.967],[-101.4954,60.9782],[-101.4954,61.0197],[-101.5045,61.0277],[-101.5437,61.0465],[-101.5543,61.0651],[-101.5776,61.0715],[-101.5915,61.0813],[-101.5868,61.0919],[-101.5437,61.1086],[-101.5307,61.1189],[-101.5294,61.1428],[-101.509,61.1628],[-101.4816,61.1654],[-101.463,61.1534],[-101.4686,61.1289],[-101.4642,61.1216],[-101.4579,61.0936],[-101.4469,61.0813],[-101.4245,61.0395],[-101.4045,61.0147],[-101.3974,61.0112],[-101.3791,61.0206],[-101.3513,61.0056],[-101.3332,61.0097],[-101.3184,61.0189],[-101.2936,61.0433],[-101.2773,61.0489],[-101.2343,61.0445],[-101.2044,61.0589],[-101.1887,61.063],[-101.1763,61.0598],[-101.1732,61.0465],[-101.1849,61.0347],[-101.2262,61.0324],[-101.2426,61.0138],[-101.2905,60.9856],[-101.257,60.9491],[-101.2367,60.9367],[-101.2236,60.9579],[-101.2047,60.9776],[-101.1946,61.0009],[-101.1813,60.9994],[-101.1596,60.9856],[-101.1429,60.9497],[-101.1331,60.9394],[-101.1151,60.9479],[-101.0992,60.9662],[-101.0933,60.9835],[-101.0976,61.0012],[-101.1117,61.0197],[-101.1001,61.035],[-101.0718,61.0589],[-101.0633,61.0739],[-101.0655,61.0813],[-101.0774,61.0907],[-101.0739,61.0977],[-101.0627,61.1051],[-101.0292,61.1086],[-100.9924,61.1183],[-100.9728,61.1263],[-100.9609,61.1366],[-100.9613,61.1522],[-100.9882,61.1943],[-100.984,61.2093],[-100.9653,61.2273],[-100.9534,61.2582],[-100.937,61.2564],[-100.9205,61.244],[-100.9043,61.1969],[-100.8886,61.1643],[-100.8817,61.1339],[-100.8995,61.1086],[-100.8792,61.0818],[-100.8783,61.0739],[-100.8865,61.068],[-100.8992,61.0674],[-100.9126,61.071],[-100.9408,61.0869],[-100.9635,61.0871],[-100.9875,61.0801],[-101.0093,61.0677],[-101.0262,61.0512],[-101.0365,61.0339],[-101.0415,61.0174]]]}},{"type":"Feature","properties":{},"bbox":[-101.276857,59.511415,-101.001921,59.668605],"geometry":{"type":"Polygon","coordinates":[[[-101.1188,59.5391],[-101.1042,59.5461],[-101.1264,59.5582],[-101.1532,59.5597],[-101.208,59.5461],[-101.208,59.5668],[-101.215,59.58],[-101.232,59.5974],[-101.2389,59.625],[-101.2485,59.6286],[-101.2769,59.6215],[-101.2769,59.6283],[-101.2683,59.6321],[-101.2551,59.6495],[-101.2437,59.6548],[-101.2147,59.6554],[-101.1931,59.6509],[-101.1756,59.6289],[-101.1596,59.6215],[-101.1659,59.6],[-101.1348,59.5912],[-101.0936,59.6009],[-101.0702,59.6356],[-101.0983,59.6462],[-101.0971,59.6598],[-101.0818,59.6686],[-101.0668,59.666],[-101.0383,59.6421],[-101.0019,59.6283],[-101.0019,59.6215],[-101.0265,59.6159],[-101.0484,59.5988],[-101.0642,59.5753],[-101.0749,59.5391],[-101.1001,59.5161],[-101.1117,59.5114],[-101.1272,59.5164],[-101.1279,59.5273],[-101.1188,59.5391]]]}},{"type":"Feature","properties":{},"bbox":[-97.527835,60.260866,-97.033157,60.506071],"geometry":{"type":"Polygon","coordinates":[[[-97.0889,60.3183],[-97.1034,60.2997],[-97.0922,60.2776],[-97.1134,60.2635],[-97.1449,60.2609],[-97.1647,60.2726],[-97.1889,60.2797],[-97.1998,60.318],[-97.2535,60.3445],[-97.2819,60.3512],[-97.3486,60.3824],[-97.3702,60.4022],[-97.4114,60.4136],[-97.4693,60.4437],[-97.5278,60.4575],[-97.5217,60.466],[-97.455,60.4766],[-97.4385,60.4952],[-97.4342,60.5049],[-97.4239,60.5061],[-97.3695,60.4828],[-97.3771,60.4649],[-97.3512,60.4551],[-97.3171,60.4537],[-97.2873,60.4484],[-97.2747,60.4272],[-97.2784,60.4119],[-97.2748,60.4051],[-97.2492,60.4001],[-97.2012,60.371],[-97.1628,60.3571],[-97.1409,60.3551],[-97.0884,60.3677],[-97.0686,60.368],[-97.0754,60.3551],[-97.0451,60.3368],[-97.0332,60.3239],[-97.0345,60.3136],[-97.0527,60.31],[-97.0716,60.3165],[-97.0889,60.3183]]]}},{"type":"Feature","properties":{},"bbox":[-100.255119,59.580296,-98.69234,60.875498],"geometry":{"type":"Polygon","coordinates":[[[-99.989,59.834],[-99.9925,59.8243],[-99.9446,59.8146],[-99.9393,59.8058],[-99.9343,59.8058],[-99.9331,59.8025],[-99.946,59.7864],[-99.941,59.7619],[-99.9432,59.7551],[-99.974,59.7381],[-99.9803,59.7245],[-99.9871,59.6827],[-99.9796,59.6683],[-99.9686,59.663],[-99.9331,59.6554],[-99.9531,59.6386],[-100.0143,59.6018],[-100.0389,59.5947],[-100.0497,59.6418],[-100.0651,59.6554],[-100.0838,59.6607],[-100.1571,59.6671],[-100.1883,59.6771],[-100.2118,59.6945],[-100.2211,59.7207],[-100.2161,59.7295],[-100.1986,59.7413],[-100.2005,59.7587],[-100.2083,59.769],[-100.2216,59.7766],[-100.2551,59.7864],[-100.2316,59.8058],[-100.199,59.7934],[-100.1381,59.7425],[-100.1334,59.7375],[-100.1272,59.7148],[-100.1166,59.7128],[-100.0767,59.7239],[-100.0654,59.7381],[-100.0639,59.754],[-100.077,59.7649],[-100.0713,59.7813],[-100.0781,59.7902],[-100.0928,59.7937],[-100.1112,59.7925],[-100.1071,59.8061],[-100.1116,59.8267],[-100.1227,59.8455],[-100.1386,59.8541],[-100.1262,59.8611],[-100.1112,59.8611],[-100.07,59.8723],[-100.0474,59.8991],[-100.0304,59.9335],[-100.0051,59.9674],[-100.0021,59.9756],[-100.017,59.9892],[-100.0393,59.9951],[-100.0374,60.0039],[-100.0031,60.0345],[-99.9543,60.0569],[-99.8983,60.0675],[-99.8889,60.0633],[-99.8773,60.0475],[-99.8683,60.041],[-99.853,60.0636],[-99.8181,60.0748],[-99.8299,60.0943],[-99.8605,60.104],[-99.8641,60.1149],[-99.8586,60.124],[-99.8354,60.1358],[-99.8299,60.1458],[-99.8318,60.1611],[-99.8293,60.1646],[-99.789,60.1967],[-99.7887,60.2197],[-99.7403,60.2432],[-99.7276,60.2623],[-99.7222,60.2865],[-99.713,60.3035],[-99.7113,60.3197],[-99.7276,60.3412],[-99.7188,60.353],[-99.7072,60.3604],[-99.6972,60.3589],[-99.6929,60.3445],[-99.6864,60.3353],[-99.6724,60.3398],[-99.6583,60.3533],[-99.6518,60.3718],[-99.659,60.3851],[-99.6864,60.3942],[-99.6867,60.4095],[-99.6785,60.4207],[-99.6536,60.4404],[-99.6456,60.4507],[-99.6637,60.4622],[-99.7032,60.4696],[-99.7201,60.4781],[-99.7537,60.5505],[-99.7672,60.5714],[-99.7883,60.5864],[-99.8233,60.5941],[-99.8109,60.6091],[-99.7874,60.6076],[-99.7622,60.5967],[-99.7382,60.5797],[-99.7039,60.5635],[-99.6867,60.5393],[-99.6736,60.5352],[-99.6383,60.5332],[-99.6324,60.5284],[-99.6267,60.5155],[-99.6177,60.509],[-99.5762,60.507],[-99.5662,60.5022],[-99.542,60.4781],[-99.4929,60.5105],[-99.4812,60.5258],[-99.5027,60.5332],[-99.5503,60.5399],[-99.5694,60.5467],[-99.5484,60.5776],[-99.5336,60.5885],[-99.5185,60.5841],[-99.4937,60.5699],[-99.4758,60.5511],[-99.467,60.5467],[-99.4492,60.5458],[-99.429,60.5493],[-99.4124,60.5576],[-99.4054,60.5708],[-99.467,60.5941],[-99.4556,60.6165],[-99.4421,60.6173],[-99.4256,60.6103],[-99.4054,60.6082],[-99.3917,60.6182],[-99.3987,60.6512],[-99.3945,60.6662],[-99.3519,60.7059],[-99.3404,60.7112],[-99.3107,60.7154],[-99.2995,60.7251],[-99.3077,60.7363],[-99.3366,60.7448],[-99.3145,60.7639],[-99.2404,60.7598],[-99.2204,60.7795],[-99.2478,60.7863],[-99.2478,60.7928],[-99.0813,60.8219],[-98.9605,60.8205],[-98.8977,60.8001],[-98.8685,60.7984],[-98.8403,60.8025],[-98.789,60.8205],[-98.8079,60.8278],[-98.8295,60.8275],[-98.8149,60.8422],[-98.7283,60.8752],[-98.7122,60.8755],[-98.6982,60.872],[-98.6923,60.8649],[-98.6941,60.8499],[-98.6988,60.8422],[-98.7288,60.8063],[-98.7455,60.7913],[-98.7667,60.7825],[-98.7957,60.7795],[-98.8937,60.7819],[-98.9189,60.7728],[-98.9239,60.7642],[-98.9252,60.7469],[-98.9393,60.7386],[-98.9742,60.7424],[-99.0167,60.761],[-99.0768,60.7728],[-99.1062,60.771],[-99.1311,60.7592],[-99.1644,60.6992],[-99.1826,60.69],[-99.2132,60.6862],[-99.2652,60.6683],[-99.3264,60.6603],[-99.3423,60.6547],[-99.3383,60.6447],[-99.3093,60.6288],[-99.3271,60.605],[-99.3304,60.5941],[-99.2821,60.5935],[-99.2683,60.5879],[-99.2825,60.5785],[-99.2937,60.5517],[-99.303,60.5393],[-99.2877,60.5308],[-99.2668,60.5287],[-99.2482,60.5349],[-99.2331,60.5599],[-99.2163,60.5614],[-99.1858,60.5532],[-99.1552,60.5155],[-99.1535,60.5058],[-99.1655,60.4887],[-99.1585,60.4781],[-99.1724,60.471],[-99.1864,60.4725],[-99.1982,60.4805],[-99.2062,60.4922],[-99.2016,60.5002],[-99.2067,60.5064],[-99.2304,60.512],[-99.2425,60.5078],[-99.2633,60.4896],[-99.3192,60.474],[-99.3304,60.4781],[-99.3305,60.4861],[-99.3093,60.512],[-99.332,60.519],[-99.3533,60.5149],[-99.3723,60.5037],[-99.4044,60.4772],[-99.4425,60.4581],[-99.4533,60.4437],[-99.3912,60.4507],[-99.4577,60.3901],[-99.483,60.3533],[-99.4595,60.3271],[-99.4723,60.3165],[-99.4877,60.313],[-99.5216,60.3136],[-99.5385,60.3103],[-99.5403,60.3041],[-99.531,60.3],[-99.5149,60.3033],[-99.4512,60.2888],[-99.4143,60.285],[-99.3979,60.3033],[-99.41,60.3109],[-99.4112,60.325],[-99.3979,60.3271],[-99.3828,60.3353],[-99.3304,60.3412],[-99.3036,60.3501],[-99.2918,60.3501],[-99.2661,60.3342],[-99.2478,60.3136],[-99.2777,60.2803],[-99.282,60.2691],[-99.2693,60.2326],[-99.2752,60.2173],[-99.2581,60.2111],[-99.2204,60.1702],[-99.2041,60.159],[-99.1224,60.1169],[-99.118,60.1054],[-99.1304,60.0954],[-99.1585,60.0875],[-99.1833,60.0848],[-99.2615,60.0875],[-99.2546,60.1013],[-99.3126,60.0963],[-99.3304,60.1075],[-99.323,60.1119],[-99.3093,60.129],[-99.343,60.1446],[-99.4131,60.1431],[-99.4402,60.1558],[-99.4328,60.1625],[-99.4402,60.1702],[-99.4237,60.1996],[-99.4499,60.2091],[-99.4908,60.2099],[-99.5185,60.2141],[-99.5364,60.222],[-99.5771,60.2261],[-99.6068,60.2438],[-99.6222,60.2488],[-99.6556,60.2514],[-99.671,60.2476],[-99.6788,60.2376],[-99.6964,60.1832],[-99.6927,60.1731],[-99.6792,60.1625],[-99.6375,60.1505],[-99.5993,60.1567],[-99.5617,60.1678],[-99.5222,60.1702],[-99.5358,60.1496],[-99.5186,60.1431],[-99.5079,60.129],[-99.5617,60.1284],[-99.5768,60.1216],[-99.5694,60.1149],[-99.6125,60.0981],[-99.6177,60.0842],[-99.6137,60.071],[-99.6044,60.0607],[-99.5837,60.0466],[-99.6197,60.0319],[-99.6314,60.0218],[-99.6246,60.0051],[-99.659,59.9659],[-99.6652,59.9491],[-99.6593,59.9229],[-99.6377,59.935],[-99.6189,59.935],[-99.6116,59.9241],[-99.6246,59.9026],[-99.5972,59.882],[-99.5972,59.8747],[-99.6144,59.8682],[-99.6275,59.8564],[-99.6487,59.8305],[-99.6549,59.8146],[-99.643,59.8052],[-99.623,59.804],[-99.6047,59.8131],[-99.603,59.8258],[-99.5846,59.8399],[-99.5606,59.8476],[-99.542,59.8411],[-99.5495,59.8337],[-99.5304,59.8255],[-99.4915,59.8017],[-99.4774,59.8025],[-99.457,59.812],[-99.429,59.8158],[-99.4004,59.8137],[-99.3782,59.8058],[-99.4169,59.7763],[-99.4334,59.7575],[-99.4402,59.7416],[-99.4328,59.7004],[-99.4533,59.6554],[-99.4737,59.6356],[-99.4662,59.6203],[-99.467,59.6144],[-99.4765,59.6062],[-99.542,59.5832],[-99.57,59.5803],[-99.5871,59.5832],[-99.5887,59.5903],[-99.5768,59.6077],[-99.5595,59.6165],[-99.5563,59.6215],[-99.5694,59.6356],[-99.5822,59.6568],[-99.5835,59.6668],[-99.5731,59.6798],[-99.5489,59.6919],[-99.5258,59.698],[-99.5101,59.7075],[-99.5079,59.7313],[-99.5417,59.7628],[-99.679,59.7666],[-99.7344,59.779],[-99.739,59.7855],[-99.7394,59.799],[-99.7481,59.8058],[-99.7593,59.8075],[-99.7921,59.7996],[-99.8367,59.8005],[-99.8576,59.8055],[-99.8873,59.8237],[-99.9499,59.8479],[-99.9718,59.8435],[-99.989,59.834]],[[-99.9269,59.9026],[-99.9204,59.8817],[-99.8814,59.8738],[-99.8377,59.8741],[-99.817,59.8785],[-99.8087,59.8947],[-99.7902,59.8917],[-99.7612,59.8747],[-99.7376,59.8711],[-99.7295,59.8782],[-99.7276,59.9094],[-99.716,59.935],[-99.72,59.9415],[-99.7504,59.9468],[-99.7591,59.9609],[-99.8133,59.9709],[-99.9269,59.9026]]]}},{"type":"Feature","properties":{},"bbox":[-124.643923,66.90231,-124.533978,66.97384],"geometry":{"type":"Polygon","coordinates":[[[-124.6395,66.9506],[-124.6439,66.9603],[-124.628,66.9738],[-124.602,66.9738],[-124.5546,66.9603],[-124.5641,66.9485],[-124.5605,66.9388],[-124.534,66.927],[-124.5483,66.9094],[-124.5631,66.9023],[-124.5805,66.9058],[-124.603,66.9194],[-124.6395,66.9506]]]}},{"type":"Feature","properties":{},"bbox":[-108.465082,62.855686,-107.532683,63.45766],"geometry":{"type":"Polygon","coordinates":[[[-107.5832,63.4164],[-107.6013,63.3985],[-107.5942,63.3835],[-107.6129,63.3749],[-107.61,63.3652],[-107.5836,63.3458],[-107.5762,63.3343],[-107.5601,63.2878],[-107.6047,63.2672],[-107.6261,63.251],[-107.6385,63.2284],[-107.6467,63.2204],[-107.6569,63.2145],[-107.6805,63.208],[-107.6972,63.178],[-107.7451,63.1574],[-107.7524,63.1465],[-107.7589,63.1268],[-107.795,63.1162],[-107.9068,63.0405],[-107.9542,63.0194],[-108.0597,62.9861],[-108.1357,62.9505],[-108.17,62.9419],[-108.1926,62.9278],[-108.2664,62.911],[-108.36,62.8716],[-108.4099,62.8577],[-108.4651,62.8557],[-108.4651,62.8633],[-108.4172,62.8763],[-108.4024,62.8837],[-108.4651,62.8969],[-108.3709,62.9063],[-108.3426,62.9266],[-108.3029,62.9355],[-108.2668,62.9537],[-108.2459,62.9587],[-108.2252,62.9434],[-108.2146,62.9484],[-108.1634,63.0067],[-108.1286,63.027],[-108.1366,63.0379],[-108.1423,63.0408],[-108.1223,63.0564],[-108.0656,63.0726],[-108.0433,63.0853],[-107.8853,63.2022],[-107.8716,63.236],[-107.8379,63.2569],[-107.8269,63.2672],[-107.8527,63.2722],[-107.8945,63.2513],[-107.9226,63.2469],[-107.9095,63.2604],[-107.9187,63.2699],[-107.9186,63.276],[-107.9033,63.2878],[-107.8786,63.2908],[-107.868,63.3084],[-107.8075,63.3193],[-107.7985,63.3243],[-107.7969,63.3317],[-107.8064,63.3426],[-107.7586,63.3629],[-107.7379,63.3817],[-107.7,63.3911],[-107.6784,63.4085],[-107.6712,63.4273],[-107.6899,63.4385],[-107.6899,63.445],[-107.6519,63.4512],[-107.6332,63.4479],[-107.6147,63.4385],[-107.6222,63.4244],[-107.6073,63.4244],[-107.5977,63.427],[-107.558,63.4544],[-107.5464,63.4577],[-107.5327,63.4524],[-107.5832,63.4164]]]}},{"type":"Feature","properties":{},"bbox":[-135.320951,60.935254,-135.039834,61.393874],"geometry":{"type":"Polygon","coordinates":[[[-135.162,61.0609],[-135.1886,61.0863],[-135.1975,61.1013],[-135.2001,61.1189],[-135.1975,61.1666],[-135.2023,61.1805],[-135.2384,61.2246],[-135.2658,61.2844],[-135.2864,61.302],[-135.321,61.355],[-135.2793,61.3827],[-135.2275,61.3939],[-135.2176,61.3877],[-135.2104,61.3067],[-135.1908,61.252],[-135.1605,61.2008],[-135.1217,61.1496],[-135.0771,61.1066],[-135.0557,61.0798],[-135.0466,61.0504],[-135.0398,60.9956],[-135.0596,60.9632],[-135.0621,60.9517],[-135.0398,60.9509],[-135.0445,60.9423],[-135.0521,60.937],[-135.0619,60.9353],[-135.0734,60.9373],[-135.0835,60.9435],[-135.0908,60.9679],[-135.1003,60.9723],[-135.1283,60.9544],[-135.1404,60.9523],[-135.1392,60.9629],[-135.1286,60.9856],[-135.1317,61.0047],[-135.1517,61.0265],[-135.162,61.0609]]]}},{"type":"Feature","properties":{},"bbox":[-135.17583,59.408388,-133.841477,60.556702],"geometry":{"type":"Polygon","coordinates":[[[-133.8452,59.6568],[-133.8415,59.6371],[-133.8608,59.6283],[-133.9582,59.6256],[-134.0028,59.6112],[-134.169,59.6077],[-134.1856,59.6044],[-134.2458,59.5794],[-134.2489,59.5603],[-134.2308,59.497],[-134.2294,59.4808],[-134.2356,59.4667],[-134.2515,59.4502],[-134.3017,59.4228],[-134.3619,59.411],[-134.485,59.4084],[-134.485,59.416],[-134.303,59.4417],[-134.2857,59.4505],[-134.2646,59.5114],[-134.286,59.5358],[-134.2927,59.5517],[-134.2924,59.5668],[-134.2821,59.5815],[-134.2567,59.5991],[-134.2439,59.6324],[-134.2143,59.6554],[-134.214,59.666],[-134.2312,59.6736],[-134.2486,59.666],[-134.2782,59.6418],[-134.2765,59.6607],[-134.2442,59.7033],[-134.2412,59.7181],[-134.2423,59.7337],[-134.2515,59.7649],[-134.2857,59.8199],[-134.3061,59.882],[-134.2929,59.8994],[-134.2372,59.9374],[-134.2206,59.9556],[-134.1793,60.0154],[-134.176,60.0345],[-134.1934,60.0516],[-134.2342,60.0775],[-134.2782,60.1352],[-134.2999,60.1531],[-134.3345,60.1564],[-134.4301,60.1458],[-134.456,60.1352],[-134.4789,60.1199],[-134.4979,60.1013],[-134.5303,60.056],[-134.5499,60.0345],[-134.5952,60.0174],[-134.6421,59.9865],[-134.663,59.9845],[-134.5836,60.043],[-134.5522,60.0754],[-134.5371,60.0966],[-134.5321,60.1149],[-134.5446,60.1299],[-134.5706,60.1428],[-134.6005,60.1522],[-134.6379,60.1581],[-134.6647,60.1678],[-134.7122,60.1696],[-134.7381,60.1625],[-134.8008,60.126],[-134.817,60.111],[-134.8301,60.091],[-134.861,60.0254],[-134.889,60.0021],[-134.8957,59.9912],[-134.899,59.9471],[-134.9465,59.89],[-134.9793,59.8629],[-134.9868,59.8602],[-134.9982,59.8611],[-134.9793,59.8779],[-134.9319,59.9329],[-134.9152,59.9809],[-134.8876,60.0374],[-134.8884,60.0528],[-134.8813,60.0689],[-134.8928,60.0754],[-134.9125,60.076],[-135.1758,60.0466],[-135.1383,60.0722],[-135.089,60.0816],[-134.9914,60.0807],[-134.9695,60.0834],[-134.9524,60.091],[-134.9047,60.1252],[-134.8921,60.1255],[-134.8893,60.1172],[-134.9021,60.1013],[-134.8868,60.1081],[-134.8638,60.1305],[-134.8364,60.139],[-134.7547,60.1852],[-134.7082,60.1876],[-134.5756,60.1602],[-134.4156,60.1567],[-134.3765,60.1637],[-134.3613,60.1702],[-134.3235,60.2082],[-134.3061,60.2173],[-134.3123,60.2311],[-134.3111,60.2473],[-134.3032,60.2603],[-134.2765,60.2697],[-134.2693,60.2797],[-134.2646,60.3065],[-134.2736,60.348],[-134.2655,60.3618],[-134.2924,60.4022],[-134.3135,60.4557],[-134.3276,60.4796],[-134.354,60.4984],[-134.3743,60.5043],[-134.4165,60.509],[-134.4979,60.5393],[-134.4928,60.5561],[-134.485,60.5567],[-134.4639,60.5467],[-134.3955,60.5532],[-134.3235,60.5226],[-134.3025,60.509],[-134.2746,60.4819],[-134.2515,60.4507],[-134.2216,60.3922],[-134.214,60.3824],[-134.1938,60.3739],[-134.2009,60.3545],[-134.2311,60.3209],[-134.2412,60.3],[-134.2448,60.2779],[-134.2442,60.2353],[-134.2552,60.1714],[-134.2515,60.1496],[-134.2253,60.1181],[-134.1866,60.0928],[-134.1528,60.0645],[-134.1416,60.0254],[-134.1553,59.9974],[-134.1553,59.9603],[-134.1454,59.9491],[-134.0974,59.9268],[-134.0802,59.9156],[-134.1014,59.9179],[-134.142,59.9335],[-134.1625,59.9374],[-134.1881,59.9365],[-134.2106,59.93],[-134.2267,59.912],[-134.2683,59.8979],[-134.2634,59.8714],[-134.2431,59.8405],[-134.2265,59.8043],[-134.1963,59.7649],[-134.1902,59.7101],[-134.1756,59.6842],[-134.174,59.6733],[-134.1826,59.6554],[-134.194,59.6439],[-134.2233,59.6265],[-134.2372,59.6144],[-134.1601,59.6262],[-133.9423,59.6309],[-133.9164,59.6356],[-133.8736,59.6548],[-133.8613,59.671],[-133.8742,59.6898],[-133.86,59.6777],[-133.8452,59.6568]]]}},{"type":"Feature","properties":{},"bbox":[-105.483173,21.781587,-105.409435,21.944959],"geometry":{"type":"Polygon","coordinates":[[[-105.4533,21.9352],[-105.4094,21.8599],[-105.4342,21.872],[-105.4567,21.8723],[-105.4645,21.8578],[-105.471,21.8307],[-105.4776,21.7816],[-105.4832,21.8093],[-105.4832,21.834],[-105.473,21.884],[-105.464,21.9093],[-105.4652,21.945],[-105.4533,21.9352]]]}},{"type":"Feature","properties":{},"bbox":[-93.450598,29.833329,-93.248223,30.093547],"geometry":{"type":"Polygon","coordinates":[[[-93.252,29.9352],[-93.2482,29.919],[-93.252,29.8769],[-93.2568,29.8651],[-93.2684,29.8554],[-93.2828,29.8489],[-93.323,29.8463],[-93.3309,29.8442],[-93.3439,29.8333],[-93.3736,29.8351],[-93.4001,29.841],[-93.4251,29.8533],[-93.4506,29.8737],[-93.3817,29.894],[-93.3613,29.9054],[-93.3536,29.9163],[-93.3512,29.9879],[-93.3371,30.0565],[-93.3339,30.0935],[-93.3236,30.0812],[-93.3067,30.0797],[-93.3067,30.0729],[-93.2877,30.0541],[-93.2782,30.0264],[-93.2718,29.9767],[-93.252,29.9352]]]}},{"type":"Feature","properties":{},"bbox":[-90.34697,29.663187,-90.147244,29.87454],"geometry":{"type":"Polygon","coordinates":[[[-90.159,29.8054],[-90.1472,29.775],[-90.1495,29.7609],[-90.1558,29.7488],[-90.1655,29.74],[-90.1974,29.7327],[-90.2033,29.7229],[-90.2094,29.6956],[-90.2288,29.6806],[-90.2597,29.6685],[-90.2909,29.6632],[-90.3118,29.6688],[-90.2981,29.6888],[-90.3365,29.6867],[-90.347,29.6929],[-90.3465,29.7159],[-90.3377,29.73],[-90.242,29.7859],[-90.2367,29.8018],[-90.2409,29.8207],[-90.2523,29.8304],[-90.2912,29.8389],[-90.2912,29.8463],[-90.2698,29.8533],[-90.2528,29.8666],[-90.2361,29.8745],[-90.1968,29.8578],[-90.186,29.8483],[-90.182,29.8389],[-90.189,29.8283],[-90.2164,29.8216],[-90.2225,29.816],[-90.2107,29.8027],[-90.1848,29.8068],[-90.159,29.8054]]]}},{"type":"Feature","properties":{},"bbox":[-116.228641,55.305835,-114.741514,55.596078],"geometry":{"type":"Polygon","coordinates":[[[-114.8445,55.325],[-114.8618,55.3332],[-114.9134,55.3456],[-115.0131,55.3812],[-115.1976,55.4],[-115.2561,55.3906],[-115.2727,55.3968],[-115.2989,55.4153],[-115.301,55.4248],[-115.2827,55.4348],[-115.2974,55.4415],[-115.3111,55.4389],[-115.3379,55.4242],[-115.3532,55.4239],[-115.3663,55.4489],[-115.3754,55.4554],[-115.3896,55.4521],[-115.4356,55.4304],[-115.4559,55.4112],[-115.4836,55.4003],[-115.5501,55.3523],[-115.5741,55.3409],[-115.6043,55.3323],[-115.6348,55.3338],[-115.6601,55.3523],[-115.6508,55.3553],[-115.6356,55.3671],[-115.6327,55.3727],[-115.6333,55.3856],[-115.6383,55.393],[-115.6593,55.4036],[-115.729,55.41],[-115.7556,55.4239],[-115.7699,55.4274],[-115.7903,55.4215],[-115.8314,55.393],[-115.8482,55.3865],[-115.877,55.3871],[-115.9231,55.3933],[-116.0166,55.4195],[-116.0645,55.4271],[-116.0813,55.4418],[-116.1052,55.4757],[-116.124,55.4898],[-116.1704,55.5075],[-116.1908,55.5201],[-116.2005,55.5337],[-116.2013,55.554],[-116.2066,55.5634],[-116.2273,55.5734],[-116.2286,55.5852],[-116.2027,55.5961],[-116.1589,55.5934],[-116.1293,55.5796],[-116.1461,55.5578],[-116.1356,55.5399],[-116.1175,55.5243],[-116.0947,55.5134],[-116.071,55.5092],[-116.0533,55.5169],[-116.047,55.5131],[-116.043,55.4978],[-116.0269,55.4895],[-116.0157,55.4907],[-116.0027,55.5031],[-115.9468,55.5195],[-115.8909,55.5243],[-115.3407,55.5031],[-115.2505,55.5293],[-115.2129,55.5351],[-114.995,55.5443],[-114.9262,55.5192],[-114.8445,55.4348],[-114.8141,55.4212],[-114.7977,55.3977],[-114.7811,55.3883],[-114.7415,55.3523],[-114.7601,55.3229],[-114.7723,55.3129],[-114.7898,55.3114],[-114.8041,55.3058],[-114.8195,55.3097],[-114.8445,55.325]]]}},{"type":"Feature","properties":{},"bbox":[-74.749792,59.268859,-73.358333,59.601196],"geometry":{"type":"Polygon","coordinates":[[[-73.8398,59.3778],[-73.8333,59.3851],[-73.838,59.3919],[-73.8502,59.3943],[-73.8858,59.3813],[-73.9092,59.3804],[-73.9173,59.3772],[-73.9251,59.3557],[-73.9357,59.3516],[-73.9482,59.3522],[-73.9581,59.3575],[-73.9681,59.3751],[-73.97,59.3857],[-73.9678,59.3954],[-73.96,59.4019],[-73.9275,59.3954],[-73.8736,59.4007],[-73.8245,59.416],[-73.8439,59.4263],[-73.9132,59.4364],[-73.9544,59.4472],[-73.9747,59.4478],[-74.017,59.4352],[-74.0907,59.4437],[-74.194,59.4364],[-74.3237,59.409],[-74.3656,59.416],[-74.3952,59.4414],[-74.4129,59.4514],[-74.4308,59.4469],[-74.4464,59.4131],[-74.4582,59.4025],[-74.4754,59.416],[-74.4701,59.4308],[-74.4794,59.4502],[-74.4952,59.4676],[-74.5096,59.4773],[-74.524,59.4784],[-74.5564,59.4676],[-74.5677,59.4599],[-74.5766,59.449],[-74.5643,59.4222],[-74.568,59.4001],[-74.5832,59.4066],[-74.6263,59.4437],[-74.6559,59.4549],[-74.7186,59.4623],[-74.7498,59.4705],[-74.7186,59.4817],[-74.6869,59.4832],[-74.6189,59.4773],[-74.6189,59.4849],[-74.698,59.497],[-74.7184,59.5082],[-74.7105,59.5132],[-74.6263,59.5114],[-74.6326,59.5258],[-74.6147,59.53],[-74.6167,59.5409],[-74.64,59.56],[-74.6235,59.5662],[-74.6063,59.5665],[-74.557,59.5585],[-74.5171,59.56],[-74.4877,59.5547],[-74.4818,59.5411],[-74.4955,59.4979],[-74.4428,59.492],[-74.4272,59.4979],[-74.4453,59.5061],[-74.4618,59.5185],[-74.4437,59.5329],[-74.4345,59.5523],[-74.3121,59.507],[-74.2856,59.5008],[-74.2217,59.4979],[-74.2626,59.5258],[-74.3247,59.5461],[-74.3025,59.5553],[-74.3057,59.5671],[-74.3384,59.5947],[-74.3215,59.6012],[-74.3035,59.5947],[-74.2862,59.5768],[-74.2753,59.57],[-74.2626,59.5668],[-74.2701,59.5523],[-74.139,59.4811],[-74.109,59.469],[-74.0435,59.457],[-73.9616,59.4631],[-73.7288,59.4222],[-73.7288,59.416],[-73.7699,59.4022],[-73.7638,59.3901],[-73.7554,59.3837],[-73.735,59.3748],[-73.6979,59.3477],[-73.5638,59.3477],[-73.5717,59.3372],[-73.5779,59.3339],[-73.5638,59.3201],[-73.5379,59.3142],[-73.4852,59.313],[-73.3583,59.293],[-73.3583,59.2856],[-73.3867,59.2771],[-73.426,59.2706],[-73.4633,59.2689],[-73.499,59.2803],[-73.59,59.2789],[-73.7189,59.3054],[-73.8065,59.3648],[-73.8579,59.3613],[-73.8398,59.3778]]]}},{"type":"Feature","properties":{},"bbox":[-100.700198,20.033064,-100.467503,20.128733],"geometry":{"type":"Polygon","coordinates":[[[-100.486,20.0796],[-100.4675,20.0537],[-100.4855,20.0387],[-100.4966,20.0478],[-100.5059,20.0654],[-100.5187,20.0749],[-100.5914,20.0601],[-100.6148,20.0613],[-100.6341,20.0434],[-100.6747,20.0331],[-100.6877,20.0342],[-100.7002,20.0475],[-100.6278,20.0763],[-100.6114,20.0946],[-100.5935,20.0828],[-100.5847,20.0893],[-100.5774,20.1055],[-100.5636,20.122],[-100.5508,20.1287],[-100.5445,20.1276],[-100.5432,20.1152],[-100.5599,20.0916],[-100.5636,20.081],[-100.5483,20.0816],[-100.5118,20.0946],[-100.4972,20.0902],[-100.486,20.0796]]]}},{"type":"Feature","properties":{},"bbox":[-100.268807,20.026294,-100.184177,20.099002],"geometry":{"type":"Polygon","coordinates":[[[-100.188,20.0869],[-100.1842,20.0787],[-100.1851,20.0693],[-100.194,20.0546],[-100.2301,20.0298],[-100.2416,20.0263],[-100.2511,20.0398],[-100.2606,20.081],[-100.2688,20.0946],[-100.2534,20.099],[-100.2341,20.0696],[-100.2245,20.0613],[-100.2145,20.0651],[-100.2061,20.0834],[-100.2005,20.0884],[-100.188,20.0869]]]}},{"type":"Feature","properties":{},"bbox":[-75.578427,57.077612,-74.256438,57.531522],"geometry":{"type":"Polygon","coordinates":[[[-75.5537,57.1109],[-75.4215,57.1138],[-75.442,57.1335],[-75.4819,57.148],[-75.558,57.1609],[-75.558,57.1686],[-75.5238,57.1686],[-75.5438,57.1883],[-75.5019,57.1904],[-75.4002,57.1553],[-75.3525,57.1609],[-75.3647,57.1703],[-75.373,57.1815],[-75.3156,57.1895],[-75.2926,57.1868],[-75.2905,57.1686],[-75.2629,57.1621],[-75.2377,57.1659],[-75.1874,57.1815],[-75.1035,57.1839],[-75.0851,57.1957],[-75.089,57.2124],[-75.1166,57.218],[-75.2323,57.2168],[-75.2555,57.2207],[-75.2495,57.2298],[-75.2565,57.2389],[-75.2905,57.2504],[-75.2665,57.2589],[-75.1744,57.2572],[-75.1984,57.2698],[-75.2328,57.2751],[-75.2973,57.2778],[-75.2973,57.2846],[-75.2689,57.2854],[-75.2156,57.2972],[-75.1874,57.2981],[-75.1066,57.2781],[-75.0789,57.2778],[-75.1072,57.2663],[-75.1129,57.2572],[-75.0243,57.2584],[-75.0162,57.2572],[-75.0135,57.2398],[-75.0065,57.2366],[-74.942,57.2372],[-74.9218,57.2486],[-74.928,57.2778],[-74.9071,57.2822],[-74.8796,57.2996],[-74.8522,57.2846],[-74.8268,57.2837],[-74.8178,57.2904],[-74.821,57.3028],[-74.8318,57.3193],[-74.8113,57.3255],[-74.8249,57.3293],[-74.8356,57.3364],[-74.8377,57.3449],[-74.825,57.3528],[-74.8082,57.354],[-74.763,57.3399],[-74.7349,57.3478],[-74.7432,57.3658],[-74.7698,57.3843],[-74.797,57.3943],[-74.7498,57.4011],[-74.7677,57.4211],[-74.805,57.4314],[-74.8876,57.4373],[-74.879,57.4491],[-74.838,57.4491],[-74.7806,57.4367],[-74.763,57.4423],[-74.7686,57.4526],[-74.7909,57.4762],[-74.7605,57.465],[-74.7252,57.4273],[-74.7015,57.4155],[-74.683,57.4144],[-74.6326,57.4285],[-74.607,57.4314],[-74.5985,57.4353],[-74.5955,57.44],[-74.5916,57.4565],[-74.5752,57.4594],[-74.5364,57.4423],[-74.5174,57.4376],[-74.4807,57.4379],[-74.3384,57.483],[-74.3595,57.4965],[-74.4122,57.4968],[-74.4272,57.5109],[-74.3537,57.5074],[-74.3309,57.5109],[-74.2775,57.5315],[-74.2564,57.5315],[-74.2564,57.5242],[-74.2769,57.518],[-74.289,57.5056],[-74.3237,57.4821],[-74.3309,57.4694],[-74.3222,57.4582],[-74.2626,57.4353],[-74.2738,57.4306],[-74.3105,57.4353],[-74.3446,57.4217],[-74.4155,57.435],[-74.4407,57.4285],[-74.4407,57.4217],[-74.3718,57.4079],[-74.3842,57.3949],[-74.4044,57.3941],[-74.4476,57.4011],[-74.6763,57.3994],[-74.7151,57.3876],[-74.7151,57.3808],[-74.6546,57.3702],[-74.5261,57.3696],[-74.4934,57.3661],[-74.4687,57.3528],[-74.4856,57.3484],[-74.5252,57.3487],[-74.5951,57.3193],[-74.7136,57.2966],[-74.7287,57.2913],[-74.7151,57.271],[-74.7282,57.2684],[-74.7704,57.2778],[-74.7867,57.2766],[-74.8318,57.2645],[-74.8016,57.2513],[-74.7318,57.2522],[-74.7015,57.243],[-74.7461,57.243],[-74.7585,57.2398],[-74.7677,57.233],[-74.7695,57.2263],[-74.7595,57.223],[-74.6762,57.226],[-74.6366,57.2107],[-74.5814,57.2065],[-74.5582,57.2018],[-74.5233,57.1815],[-74.4687,57.1686],[-74.4891,57.1609],[-74.4482,57.1412],[-74.471,57.1277],[-74.5031,57.1306],[-74.5643,57.148],[-74.5509,57.1512],[-74.5437,57.1609],[-74.6156,57.1892],[-74.6537,57.1986],[-74.7056,57.2042],[-74.7298,57.2098],[-74.739,57.2057],[-74.7498,57.1815],[-74.7701,57.1774],[-74.8449,57.1815],[-74.8889,57.1954],[-74.9133,57.1992],[-74.9454,57.1862],[-75.0319,57.1789],[-75.0851,57.1609],[-75.1083,57.1586],[-75.1806,57.1609],[-75.1806,57.1547],[-75.1333,57.148],[-75.1569,57.1312],[-75.2031,57.1315],[-75.2844,57.148],[-75.2973,57.1335],[-75.2769,57.1274],[-75.2769,57.12],[-75.3044,57.1082],[-75.3116,57.1065],[-75.3201,57.1088],[-75.3292,57.1185],[-75.3572,57.1174],[-75.4024,57.1047],[-75.4545,57.0776],[-75.4957,57.0779],[-75.5384,57.09],[-75.5784,57.1065],[-75.5537,57.1109]]]}},{"type":"Feature","properties":{},"bbox":[-111.310258,44.742284,-111.098463,44.873276],"geometry":{"type":"Polygon","coordinates":[[[-111.1956,44.7967],[-111.2,44.7876],[-111.1969,44.7797],[-111.1372,44.7732],[-111.1145,44.7682],[-111.0985,44.7594],[-111.12,44.7658],[-111.1489,44.7647],[-111.1782,44.7585],[-111.201,44.7496],[-111.1941,44.7423],[-111.2174,44.7491],[-111.237,44.7617],[-111.2506,44.7794],[-111.2579,44.8129],[-111.264,44.8253],[-111.2736,44.8347],[-111.292,44.8427],[-111.3103,44.8733],[-111.214,44.8185],[-111.1965,44.8141],[-111.1395,44.8112],[-111.1523,44.8056],[-111.1866,44.8044],[-111.1956,44.7967]]]}},{"type":"Feature","properties":{},"bbox":[-113.472657,42.653476,-113.316203,42.694687],"geometry":{"type":"Polygon","coordinates":[[[-113.3189,42.6761],[-113.3162,42.6535],[-113.3499,42.665],[-113.3817,42.6688],[-113.4497,42.6679],[-113.4672,42.6697],[-113.4727,42.6744],[-113.4675,42.6809],[-113.4534,42.6885],[-113.4192,42.6944],[-113.3596,42.6947],[-113.3355,42.6891],[-113.3189,42.6761]]]}},{"type":"Feature","properties":{},"bbox":[-105.884392,40.136663,-105.790489,40.212608],"geometry":{"type":"Polygon","coordinates":[[[-105.7992,40.1655],[-105.7905,40.1514],[-105.7912,40.1402],[-105.799,40.1367],[-105.8267,40.1543],[-105.8635,40.1661],[-105.8776,40.1764],[-105.8844,40.1914],[-105.8839,40.2061],[-105.875,40.2126],[-105.8566,40.2029],[-105.8423,40.1891],[-105.7992,40.1655]]]}},{"type":"Feature","properties":{},"bbox":[-101.770358,65.72868,-98.582395,66.193186],"geometry":{"type":"Polygon","coordinates":[[[-101.7577,65.9344],[-101.7704,65.9468],[-101.7115,65.9651],[-101.6479,65.9724],[-101.5839,65.9686],[-101.4944,65.9444],[-101.4655,65.94],[-101.4361,65.9406],[-101.3213,65.9721],[-101.2905,65.9742],[-101.3075,65.9497],[-101.3294,65.9277],[-101.3351,65.91],[-101.3035,65.8982],[-101.2217,65.8982],[-101.1603,65.8859],[-101.1391,65.8915],[-101.1669,65.9256],[-101.1715,65.9618],[-101.205,65.9795],[-101.2217,65.9977],[-101.214,66.008],[-101.1961,66.0095],[-101.1596,66.0016],[-101.1285,65.9736],[-101.1086,65.9318],[-101.0833,65.8959],[-101.0361,65.8847],[-101.0038,65.8923],[-100.9407,65.9147],[-100.9096,65.9194],[-100.6616,65.9088],[-100.6287,65.8947],[-100.6114,65.8915],[-100.5904,65.9053],[-100.5804,65.905],[-100.4956,65.8865],[-100.4746,65.8847],[-100.4554,65.887],[-100.3836,65.9032],[-100.3966,65.9138],[-100.4681,65.9495],[-100.4782,65.9568],[-100.486,65.9695],[-100.4824,65.9771],[-100.4612,65.9939],[-100.4378,66.031],[-100.4264,66.0425],[-100.3736,66.064],[-100.3651,66.0731],[-100.3737,66.0981],[-100.3952,66.1169],[-100.447,66.1523],[-100.422,66.1549],[-100.3892,66.152],[-100.3562,66.1449],[-100.3303,66.1349],[-100.2884,66.1028],[-100.2688,66.0975],[-100.2825,66.076],[-100.2644,66.0643],[-100.2748,66.018],[-100.2585,66.0077],[-100.2364,66.0016],[-100.2547,65.9636],[-100.2478,65.9394],[-100.2344,65.9306],[-100.2005,65.9235],[-100.1864,65.9256],[-100.1647,65.9442],[-100.1503,65.9503],[-100.1075,65.9336],[-100.0695,65.9406],[-100.0327,65.9565],[-100.0087,65.9742],[-100.0033,65.9974],[-99.9977,66.0066],[-99.9808,66.0077],[-99.9686,66.0024],[-99.9675,65.9942],[-99.974,65.9704],[-99.9588,65.9486],[-99.924,65.9397],[-99.8579,65.9394],[-99.6105,65.9044],[-99.5875,65.9121],[-99.5726,65.9121],[-99.5662,65.9159],[-99.5495,65.9394],[-99.5316,65.95],[-99.4595,65.9742],[-99.4331,65.9771],[-99.382,65.9745],[-99.3576,65.981],[-99.3982,66.0298],[-99.4038,66.0554],[-99.3782,66.076],[-99.3504,66.0781],[-99.3086,66.0554],[-99.2889,66.0492],[-99.2696,66.0537],[-99.2522,66.0651],[-99.2377,66.0807],[-99.2266,66.0975],[-99.2325,66.1119],[-99.2265,66.1237],[-99.2138,66.129],[-99.1994,66.1243],[-99.1966,66.1155],[-99.1994,66.104],[-99.2244,66.0575],[-99.2266,66.0492],[-99.2201,66.0363],[-99.2088,66.0351],[-99.1673,66.046],[-99.0936,66.1075],[-99.046,66.1299],[-99.0272,66.1449],[-99.0348,66.1661],[-99.0201,66.1832],[-98.998,66.1932],[-98.9739,66.1932],[-98.953,66.1796],[-98.9478,66.1696],[-98.953,66.1523],[-98.9567,66.1072],[-98.9555,66.1008],[-98.9462,66.0902],[-98.9364,66.0852],[-98.8977,66.076],[-98.8298,66.0404],[-98.8096,66.0357],[-98.788,66.0407],[-98.7824,66.0537],[-98.7817,66.071],[-98.7748,66.0902],[-98.7515,66.1066],[-98.7375,66.109],[-98.7271,66.104],[-98.725,66.0952],[-98.7338,66.0704],[-98.7078,66.0389],[-98.6249,66.0722],[-98.5824,66.056],[-98.5961,66.0425],[-98.5892,66.0192],[-98.589,65.9963],[-98.5951,65.9748],[-98.607,65.9568],[-98.6265,65.9386],[-98.647,65.9271],[-98.6656,65.9283],[-98.6792,65.9468],[-98.6866,65.9951],[-98.696,66.0101],[-98.7168,65.9977],[-98.7391,65.9771],[-98.7655,65.9624],[-98.7957,65.9574],[-98.8295,65.9665],[-98.8436,65.9786],[-98.8878,66.0325],[-98.9147,66.0522],[-98.9405,66.0631],[-98.9682,66.0645],[-99.0014,66.056],[-99.0229,66.0442],[-99.0294,66.0436],[-99.0423,66.0492],[-99.0603,66.0687],[-99.0722,66.0746],[-99.1367,66.0289],[-99.1651,66.016],[-99.2615,65.9939],[-99.2429,65.9883],[-99.2388,65.9827],[-99.2403,65.9742],[-99.2232,65.9606],[-99.2266,65.948],[-99.2438,65.938],[-99.2683,65.9327],[-99.3979,65.9194],[-99.5051,65.875],[-99.5597,65.8644],[-99.6078,65.8882],[-99.6283,65.8909],[-99.7133,65.857],[-99.7298,65.8473],[-99.745,65.8055],[-99.7649,65.7961],[-99.794,65.789],[-99.8097,65.7861],[-99.8233,65.789],[-99.8284,65.799],[-99.8251,65.8191],[-99.8368,65.8226],[-99.8602,65.8167],[-99.8785,65.8017],[-99.9051,65.7614],[-99.8692,65.7522],[-99.8518,65.7446],[-99.8374,65.734],[-99.8521,65.7293],[-99.8702,65.7287],[-99.9694,65.7455],[-99.9877,65.7516],[-100.0118,65.7711],[-99.9986,65.7828],[-99.9694,65.7937],[-99.946,65.8096],[-99.939,65.8344],[-99.9499,65.85],[-99.9658,65.8614],[-99.988,65.8965],[-100.0214,65.9035],[-100.2095,65.8944],[-100.2692,65.8635],[-100.3016,65.8606],[-100.3718,65.8644],[-100.4016,65.8591],[-100.4264,65.8432],[-100.4504,65.799],[-100.466,65.7905],[-100.4846,65.7878],[-100.5465,65.7923],[-100.5457,65.7999],[-100.5295,65.8158],[-100.5401,65.8264],[-100.5582,65.8335],[-100.5978,65.837],[-100.5767,65.8505],[-100.5857,65.862],[-100.5989,65.8682],[-100.6313,65.8712],[-100.6644,65.8638],[-100.6805,65.8541],[-100.6721,65.8302],[-100.6727,65.8176],[-100.6778,65.807],[-100.6871,65.8023],[-100.7098,65.804],[-100.8004,65.8314],[-100.8169,65.8432],[-100.835,65.8729],[-100.8411,65.8779],[-100.8708,65.8953],[-100.8852,65.8982],[-100.9183,65.8765],[-100.933,65.8712],[-101.0056,65.8712],[-101.0325,65.857],[-101.0702,65.8644],[-101.0901,65.862],[-101.0942,65.8582],[-101.0935,65.8505],[-101.098,65.837],[-101.1161,65.8064],[-101.1211,65.7873],[-101.1281,65.7772],[-101.1378,65.7731],[-101.149,65.7787],[-101.1669,65.8226],[-101.1902,65.8503],[-101.2178,65.8594],[-101.2867,65.857],[-101.3033,65.8591],[-101.38,65.885],[-101.4014,65.8891],[-101.4476,65.8915],[-101.4817,65.8803],[-101.5537,65.8373],[-101.5848,65.837],[-101.5387,65.8868],[-101.5219,65.9183],[-101.5434,65.9327],[-101.5984,65.9394],[-101.6495,65.9394],[-101.6871,65.9185],[-101.7071,65.9124],[-101.7219,65.9256],[-101.7055,65.9312],[-101.6871,65.9327],[-101.708,65.9409],[-101.7577,65.9344]]]}},{"type":"Feature","properties":{},"bbox":[-159.208012,60.005064,-158.576453,60.086897],"geometry":{"type":"Polygon","coordinates":[[[-159.2079,60.0266],[-159.208,60.0351],[-159.1753,60.0254],[-159.1247,60.023],[-159.1065,60.0254],[-159.0853,60.0321],[-159.068,60.0448],[-159.0336,60.051],[-158.9487,60.0807],[-158.8791,60.0869],[-158.6676,60.0739],[-158.5925,60.0807],[-158.5778,60.0675],[-158.5765,60.058],[-158.5856,60.0498],[-158.6168,60.0433],[-158.9382,60.0563],[-159.1116,60.008],[-159.1541,60.0051],[-159.1862,60.0124],[-159.2079,60.0266]]]}},{"type":"Feature","properties":{},"bbox":[-159.003281,59.600902,-158.462093,59.745729],"geometry":{"type":"Polygon","coordinates":[[[-158.4746,59.6124],[-158.4621,59.6009],[-158.5544,59.6059],[-158.6683,59.6395],[-158.8019,59.6559],[-158.8365,59.6739],[-158.9487,59.6827],[-158.9335,59.6892],[-158.8799,59.6898],[-158.8799,59.6972],[-158.9718,59.7337],[-159.0033,59.7381],[-159.0033,59.7448],[-158.9856,59.7448],[-158.9693,59.7381],[-158.9385,59.7328],[-158.8969,59.7166],[-158.8389,59.7175],[-158.7697,59.7107],[-158.7351,59.701],[-158.7085,59.6827],[-158.7289,59.6827],[-158.7051,59.6663],[-158.664,59.6583],[-158.5856,59.6554],[-158.5729,59.6515],[-158.5114,59.6171],[-158.4746,59.6124]]]}},{"type":"Feature","properties":{},"bbox":[-159.057592,59.280928,-158.612955,59.470498],"geometry":{"type":"Polygon","coordinates":[[[-158.6545,59.3104],[-158.613,59.2856],[-158.6652,59.2809],[-158.7568,59.2936],[-158.766,59.3012],[-158.7501,59.313],[-158.8305,59.3525],[-158.9203,59.3772],[-158.9416,59.3904],[-158.9769,59.4216],[-159.0576,59.4667],[-159.0545,59.4705],[-159.0371,59.4681],[-158.9965,59.4502],[-158.9787,59.4493],[-158.9506,59.4564],[-158.9345,59.4502],[-158.9206,59.4146],[-158.9085,59.401],[-158.8144,59.3781],[-158.7871,59.3748],[-158.7781,59.371],[-158.7498,59.3439],[-158.6545,59.3104]]]}},{"type":"Feature","properties":{},"bbox":[-159.051116,60.33063,-158.769998,60.396568],"geometry":{"type":"Polygon","coordinates":[[[-158.9624,60.368],[-159.0511,60.3612],[-159.0511,60.368],[-159.0214,60.381],[-158.9724,60.383],[-158.9013,60.3966],[-158.8663,60.396],[-158.8384,60.3877],[-158.8128,60.3745],[-158.77,60.3412],[-158.7958,60.3306],[-158.8293,60.3368],[-158.8651,60.3486],[-158.9624,60.368]]]}},{"type":"Feature","properties":{},"bbox":[-159.009021,59.760153,-158.544073,59.813138],"geometry":{"type":"Polygon","coordinates":[[[-158.6277,59.7669],[-158.5697,59.7728],[-158.5441,59.7649],[-158.6475,59.7602],[-158.7725,59.7846],[-158.823,59.8078],[-158.8611,59.8055],[-158.9315,59.7925],[-158.9693,59.7911],[-158.9886,59.7925],[-159.0033,59.7996],[-159.009,59.8093],[-159.0008,59.8131],[-158.7983,59.8105],[-158.6671,59.7831],[-158.6277,59.7669]]]}},{"type":"Feature","properties":{},"bbox":[-152.38995,63.849754,-152.104122,63.938357],"geometry":{"type":"Polygon","coordinates":[[[-152.1074,63.8892],[-152.1041,63.8807],[-152.1436,63.8695],[-152.1711,63.8836],[-152.1882,63.881],[-152.2124,63.8565],[-152.2384,63.8498],[-152.3315,63.8556],[-152.3627,63.8642],[-152.3899,63.8768],[-152.3342,63.888],[-152.2776,63.891],[-152.2656,63.9001],[-152.2545,63.9186],[-152.2386,63.9354],[-152.2124,63.9384],[-152.1885,63.9334],[-152.1575,63.9157],[-152.1231,63.9042],[-152.1074,63.8892]]]}},{"type":"Feature","properties":{},"bbox":[-131.923548,67.636748,-131.635513,67.765385],"geometry":{"type":"Polygon","coordinates":[[[-131.6371,67.7183],[-131.6355,67.703],[-131.6573,67.6941],[-131.7023,67.6871],[-131.7895,67.6491],[-131.8388,67.6367],[-131.9122,67.6759],[-131.9221,67.6871],[-131.9235,67.7012],[-131.9171,67.7168],[-131.9035,67.7298],[-131.798,67.7557],[-131.7397,67.7648],[-131.7084,67.7654],[-131.6816,67.7589],[-131.666,67.7501],[-131.6371,67.7183]]]}},{"type":"Feature","properties":{},"bbox":[-75.331456,57.98602,-74.934211,58.463184],"geometry":{"type":"Polygon","coordinates":[[[-75.0188,58.4579],[-74.9962,58.4426],[-75.004,58.4388],[-75.0162,58.4223],[-75.0155,58.407],[-75.029,58.3931],[-75.0646,58.3737],[-75.1163,58.3613],[-75.1314,58.3531],[-75.1406,58.344],[-75.1167,58.3334],[-75.0815,58.3051],[-75.0512,58.2948],[-75.0545,58.2863],[-75.0714,58.2713],[-75.0848,58.2686],[-75.1333,58.2713],[-75.1258,58.2601],[-75.0851,58.2448],[-75.1166,58.2286],[-75.1225,58.2203],[-75.0955,58.2147],[-75.0854,58.2053],[-75.0372,58.1894],[-75.0372,58.1821],[-75.1198,58.1821],[-75.1044,58.1644],[-74.9538,58.0864],[-74.9342,58.0723],[-74.9619,58.054],[-74.9794,58.0637],[-74.9957,58.0829],[-75.0428,58.1017],[-75.0492,58.0999],[-75.0515,58.0829],[-75.0486,58.0734],[-75.0236,58.0523],[-75.1195,58.0352],[-75.1333,58.0249],[-75.1195,58.0146],[-75.0372,57.9901],[-75.0785,57.986],[-75.1398,58.001],[-75.2011,58.0243],[-75.2427,58.0455],[-75.2155,58.052],[-75.209,58.0573],[-75.2155,58.0661],[-75.1776,58.0714],[-75.0855,58.0446],[-75.0515,58.0523],[-75.0758,58.0631],[-75.1285,58.0702],[-75.1534,58.0796],[-75.1588,58.0955],[-75.2459,58.0938],[-75.2707,58.0999],[-75.2658,58.1123],[-75.2325,58.1205],[-75.2296,58.135],[-75.2393,58.142],[-75.2571,58.1464],[-75.2905,58.1479],[-75.2905,58.1553],[-75.2439,58.1585],[-75.1584,58.1308],[-75.1129,58.1273],[-75.1335,58.1412],[-75.1952,58.1582],[-75.2427,58.188],[-75.3039,58.205],[-75.3315,58.2168],[-75.312,58.2247],[-75.3091,58.2351],[-75.3175,58.2465],[-75.3315,58.2577],[-75.2352,58.2542],[-75.2328,58.268],[-75.2474,58.2922],[-75.2325,58.2969],[-75.1744,58.2919],[-75.1821,58.3048],[-75.1793,58.3148],[-75.1722,58.3201],[-75.1669,58.3192],[-75.1754,58.3298],[-75.1877,58.3363],[-75.2222,58.3396],[-75.2122,58.3543],[-75.1949,58.3602],[-75.2064,58.3728],[-75.2461,58.3761],[-75.2632,58.3881],[-75.2187,58.3864],[-75.1968,58.3887],[-75.18,58.409],[-75.1625,58.4067],[-75.126,58.3949],[-75.1088,58.3964],[-75.091,58.402],[-75.077,58.412],[-75.0655,58.4443],[-75.0358,58.4508],[-75.0236,58.4632],[-75.0188,58.4579]]]}},{"type":"Feature","properties":{},"bbox":[-89.174076,13.920593,-88.961839,14.097506],"geometry":{"type":"Polygon","coordinates":[[[-88.967,13.96],[-88.9618,13.9556],[-88.9621,13.9438],[-88.9673,13.9374],[-88.9749,13.9365],[-88.9823,13.9412],[-88.9891,13.9412],[-88.9891,13.9206],[-88.9964,13.9206],[-89.0306,13.9586],[-89.0323,13.9742],[-89.0373,13.9845],[-89.0579,13.9965],[-89.0579,14.0027],[-89.0529,14.0027],[-89.0512,14.0101],[-89.0437,14.0027],[-89.0472,14.0168],[-89.0579,14.023],[-89.0678,14.0213],[-89.0872,14.0419],[-89.0989,14.0375],[-89.1089,14.0419],[-89.133,14.0648],[-89.1399,14.0648],[-89.1498,14.0575],[-89.1595,14.0601],[-89.1741,14.0784],[-89.133,14.0784],[-89.1259,14.0975],[-89.1126,14.0919],[-89.1174,14.0807],[-89.1126,14.0716],[-89.1058,14.0716],[-89.0989,14.0851],[-89.0864,14.0801],[-89.0786,14.0851],[-89.0649,14.0716],[-89.0566,14.0769],[-89.0437,14.0716],[-89.0326,14.0748],[-89.0217,14.0634],[-89.0028,14.0307],[-89.0128,14.0269],[-89.0176,14.0186],[-89.0187,14.0077],[-89.0123,13.9768],[-88.967,13.96]]]}},{"type":"Feature","properties":{},"bbox":[-88.851894,13.958566,-88.756373,14.031274],"geometry":{"type":"Polygon","coordinates":[[[-88.7702,14.0065],[-88.7564,14.0027],[-88.7637,13.9821],[-88.7974,13.9721],[-88.8046,13.9618],[-88.8151,13.9653],[-88.8363,13.9586],[-88.8519,13.9618],[-88.8407,13.9695],[-88.7995,13.9771],[-88.7807,13.9983],[-88.7783,14.0063],[-88.8049,14.0166],[-88.8177,14.0307],[-88.8046,14.0307],[-88.7702,14.0065]]]}},{"type":"Feature","properties":{},"bbox":[-83.335805,14.224083,-83.246907,14.376269],"geometry":{"type":"Polygon","coordinates":[[[-83.2669,14.305],[-83.255,14.2912],[-83.2479,14.2727],[-83.2469,14.2529],[-83.2532,14.2362],[-83.2678,14.2241],[-83.2777,14.2306],[-83.2874,14.2447],[-83.3017,14.2565],[-83.3109,14.2509],[-83.3221,14.2565],[-83.3284,14.2838],[-83.3259,14.2924],[-83.3148,14.305],[-83.3151,14.3221],[-83.3202,14.3339],[-83.3358,14.3521],[-83.3358,14.3595],[-83.3114,14.3512],[-83.2949,14.3386],[-83.2874,14.3386],[-83.3084,14.363],[-83.3058,14.3757],[-83.2992,14.3763],[-83.2912,14.3701],[-83.2652,14.3377],[-83.2609,14.3236],[-83.2669,14.305]]]}},{"type":"Feature","properties":{},"bbox":[-109.380701,30.442074,-109.341404,30.566296],"geometry":{"type":"Polygon","coordinates":[[[-109.3772,30.4668],[-109.3632,30.5012],[-109.3732,30.5522],[-109.3694,30.5663],[-109.3549,30.5581],[-109.3464,30.5425],[-109.3414,30.508],[-109.3605,30.4533],[-109.3694,30.4421],[-109.3807,30.4474],[-109.3772,30.4668]]]}},{"type":"Feature","properties":{},"bbox":[-108.605935,26.515257,-108.503938,26.728671],"geometry":{"type":"Polygon","coordinates":[[[-108.5079,26.6804],[-108.5039,26.6548],[-108.506,26.633],[-108.5229,26.6056],[-108.5259,26.5915],[-108.5232,26.5547],[-108.5259,26.5435],[-108.5354,26.5317],[-108.5529,26.5203],[-108.574,26.5153],[-108.5942,26.5232],[-108.6059,26.5429],[-108.5983,26.5576],[-108.5783,26.5671],[-108.5538,26.5703],[-108.5743,26.578],[-108.5524,26.5883],[-108.5438,26.603],[-108.5259,26.7287],[-108.5079,26.6804]]]}},{"type":"Feature","properties":{},"bbox":[-115.892772,50.158289,-115.83331,50.294285],"geometry":{"type":"Polygon","coordinates":[[[-115.8561,50.1757],[-115.8912,50.2663],[-115.8928,50.2778],[-115.8894,50.2893],[-115.8817,50.2943],[-115.8726,50.2934],[-115.8654,50.2875],[-115.8595,50.276],[-115.8519,50.2198],[-115.8357,50.1895],[-115.8333,50.1733],[-115.8443,50.1583],[-115.8561,50.1757]]]}},{"type":"Feature","properties":{},"bbox":[-81.689868,28.562559,-81.560642,28.682071],"geometry":{"type":"Polygon","coordinates":[[[-81.564,28.6314],[-81.5606,28.6167],[-81.5762,28.5908],[-81.6114,28.5699],[-81.6488,28.5626],[-81.6706,28.579],[-81.6513,28.5799],[-81.6547,28.5938],[-81.6804,28.6235],[-81.6899,28.6417],[-81.6882,28.6618],[-81.6768,28.6771],[-81.6569,28.6821],[-81.6467,28.6782],[-81.6228,28.6821],[-81.6073,28.6732],[-81.5723,28.6426],[-81.564,28.6314]]]}},{"type":"Feature","properties":{},"bbox":[-81.340899,27.304741,-81.225509,27.444859],"geometry":{"type":"Polygon","coordinates":[[[-81.2326,27.3983],[-81.2255,27.386],[-81.2273,27.3695],[-81.2477,27.3495],[-81.2623,27.3256],[-81.2835,27.3086],[-81.3047,27.3047],[-81.3143,27.328],[-81.3143,27.376],[-81.3193,27.3848],[-81.3394,27.3907],[-81.3409,27.4066],[-81.3281,27.4237],[-81.3031,27.4378],[-81.2766,27.4449],[-81.2591,27.441],[-81.2527,27.4343],[-81.2516,27.4178],[-81.2326,27.3983]]]}},{"type":"Feature","properties":{},"bbox":[-100.544626,63.589536,-100.412898,63.746432],"geometry":{"type":"Polygon","coordinates":[[[-100.4258,63.7423],[-100.4129,63.7464],[-100.4251,63.7108],[-100.43,63.7023],[-100.4712,63.6681],[-100.4775,63.6478],[-100.4659,63.6249],[-100.4459,63.6054],[-100.4264,63.5957],[-100.4264,63.5895],[-100.5084,63.6169],[-100.5298,63.6334],[-100.5446,63.6505],[-100.5432,63.6675],[-100.5152,63.6849],[-100.4621,63.699],[-100.4538,63.709],[-100.4495,63.7226],[-100.4392,63.7338],[-100.4258,63.7423]]]}},{"type":"Feature","properties":{},"bbox":[-94.521936,17.943374,-94.402719,18.135593],"geometry":{"type":"Polygon","coordinates":[[[-94.4104,18.1356],[-94.4027,18.1194],[-94.4027,18.0702],[-94.4073,18.0638],[-94.4403,18.0426],[-94.4473,18.0311],[-94.4554,18.0081],[-94.4648,17.9981],[-94.4578,17.9834],[-94.4569,17.9663],[-94.4631,17.9516],[-94.4778,17.9434],[-94.4785,17.9872],[-94.4728,18.0055],[-94.4573,18.0123],[-94.4663,18.0317],[-94.457,18.047],[-94.4301,18.0738],[-94.4314,18.0861],[-94.443,18.0938],[-94.4598,18.0982],[-94.5163,18.1006],[-94.5219,18.1035],[-94.5166,18.1106],[-94.4982,18.1223],[-94.4435,18.1132],[-94.4104,18.1356]]]}},{"type":"Feature","properties":{},"bbox":[-97.926552,22.078895,-97.822052,22.198996],"geometry":{"type":"Polygon","coordinates":[[[-97.825,22.1022],[-97.8221,22.0821],[-97.8357,22.1027],[-97.8432,22.1027],[-97.8438,22.0854],[-97.8527,22.0789],[-97.8652,22.0807],[-97.8767,22.0889],[-97.8846,22.1316],[-97.9221,22.1481],[-97.9266,22.171],[-97.9089,22.1925],[-97.8705,22.199],[-97.835,22.1896],[-97.8296,22.1822],[-97.8413,22.1678],[-97.8428,22.1616],[-97.8296,22.1578],[-97.836,22.1387],[-97.825,22.1022]]]}},{"type":"Feature","properties":{},"bbox":[-98.144823,22.178096,-98.026341,22.260223],"geometry":{"type":"Polygon","coordinates":[[[-98.0275,22.2193],[-98.0269,22.1943],[-98.0322,22.1837],[-98.0452,22.189],[-98.0568,22.1881],[-98.0896,22.1781],[-98.1029,22.1969],[-98.1341,22.2155],[-98.1448,22.2267],[-98.1351,22.237],[-98.125,22.2567],[-98.1067,22.2602],[-98.0418,22.2602],[-98.0275,22.2193]]]}},{"type":"Feature","properties":{},"bbox":[-75.831728,69.406759,-75.222247,69.713193],"geometry":{"type":"Polygon","coordinates":[[[-75.8036,69.4144],[-75.8317,69.4141],[-75.7634,69.4686],[-75.7449,69.4898],[-75.7355,69.496],[-75.7132,69.5021],[-75.6405,69.5027],[-75.6046,69.511],[-75.5927,69.5242],[-75.6046,69.5372],[-75.6405,69.5442],[-75.6684,69.5416],[-75.7121,69.5233],[-75.7355,69.5171],[-75.7277,69.5625],[-75.7175,69.5766],[-75.6664,69.5619],[-75.5993,69.5716],[-75.5385,69.5637],[-75.5171,69.5642],[-75.4948,69.5692],[-75.475,69.5784],[-75.4605,69.5916],[-75.4482,69.6461],[-75.4473,69.6646],[-75.4549,69.6814],[-75.4323,69.7085],[-75.4193,69.7132],[-75.4003,69.7088],[-75.3997,69.7044],[-75.4071,69.702],[-75.4246,69.6729],[-75.4277,69.6611],[-75.4162,69.6352],[-75.414,69.6228],[-75.4078,69.6199],[-75.3429,69.6608],[-75.3116,69.6679],[-75.3213,69.6464],[-75.3228,69.6364],[-75.3178,69.6264],[-75.361,69.6125],[-75.3815,69.5984],[-75.414,69.5495],[-75.4189,69.5351],[-75.414,69.5233],[-75.373,69.5395],[-75.3223,69.5451],[-75.2222,69.5442],[-75.2222,69.5369],[-75.3089,69.5336],[-75.5962,69.4892],[-75.6126,69.4759],[-75.5717,69.4686],[-75.5717,69.4618],[-75.6264,69.4595],[-75.6508,69.4536],[-75.6754,69.4412],[-75.7053,69.4171],[-75.7246,69.4068],[-75.743,69.4076],[-75.7443,69.4174],[-75.7386,69.4312],[-75.74,69.4415],[-75.7634,69.4412],[-75.7765,69.4209],[-75.8036,69.4144]]]}},{"type":"Feature","properties":{},"bbox":[-79.607389,70.805283,-79.156129,70.91096],"geometry":{"type":"Polygon","coordinates":[[[-79.1969,70.81],[-79.4735,70.8053],[-79.4948,70.8091],[-79.5806,70.8359],[-79.5915,70.8524],[-79.6074,70.8665],[-79.5803,70.8742],[-79.5319,70.8718],[-79.4835,70.8971],[-79.4456,70.9077],[-79.4077,70.911],[-79.3821,70.9012],[-79.3862,70.8848],[-79.3994,70.8718],[-79.4299,70.8597],[-79.4121,70.8536],[-79.3467,70.8665],[-79.2745,70.8727],[-79.2458,70.8668],[-79.2516,70.8459],[-79.1561,70.8253],[-79.1969,70.81]]]}},{"type":"Feature","properties":{},"bbox":[-80.204507,70.120298,-79.67627,70.301626],"geometry":{"type":"Polygon","coordinates":[[[-79.7095,70.2448],[-79.7173,70.2366],[-79.6944,70.2428],[-79.6795,70.2333],[-79.68,70.2183],[-79.7036,70.2086],[-79.7344,70.2127],[-79.764,70.2242],[-79.7943,70.231],[-79.827,70.2221],[-79.7984,70.2124],[-79.7893,70.1965],[-79.7943,70.1256],[-79.8014,70.1212],[-79.8171,70.1203],[-79.8795,70.1433],[-79.9278,70.1706],[-80.0741,70.1954],[-80.114,70.2071],[-80.1478,70.2233],[-80.1776,70.246],[-80.2045,70.2772],[-80.1431,70.2907],[-80.1225,70.2904],[-80.0841,70.2987],[-80.002,70.2934],[-79.9556,70.3016],[-79.9363,70.2772],[-79.8748,70.2569],[-79.8884,70.2522],[-79.8954,70.2439],[-79.8814,70.2401],[-79.8726,70.2389],[-79.8441,70.2507],[-79.7859,70.2454],[-79.7298,70.2645],[-79.7009,70.2698],[-79.6763,70.2637],[-79.7095,70.2448]]]}},{"type":"Feature","properties":{},"bbox":[-80.951161,70.839724,-80.43676,71.012221],"geometry":{"type":"Polygon","coordinates":[[[-80.4437,70.9784],[-80.4368,70.9648],[-80.4578,70.9539],[-80.5454,70.943],[-80.6174,70.9145],[-80.6569,70.908],[-80.629,70.8945],[-80.6466,70.8898],[-80.6811,70.898],[-80.6973,70.8945],[-80.6774,70.8868],[-80.7216,70.8544],[-80.746,70.8424],[-80.7731,70.8397],[-80.7422,70.8559],[-80.7316,70.8662],[-80.7386,70.8768],[-80.7675,70.8862],[-80.8549,70.8806],[-80.8745,70.8845],[-80.8814,70.8889],[-80.8752,70.8927],[-80.786,70.9015],[-80.7656,70.908],[-80.7656,70.9142],[-80.7871,70.9168],[-80.8796,70.9475],[-80.8932,70.9495],[-80.9389,70.946],[-80.9512,70.9495],[-80.8378,70.9645],[-80.8065,70.9763],[-80.8197,70.9943],[-80.8085,70.9987],[-80.7863,70.9954],[-80.7099,70.9713],[-80.6541,70.9687],[-80.6461,70.9725],[-80.6427,70.9966],[-80.6047,71.0122],[-80.5639,71.0102],[-80.4437,70.9784]]]}},{"type":"Feature","properties":{},"bbox":[-93.203479,69.824757,-92.635651,70.025807],"geometry":{"type":"Polygon","coordinates":[[[-93.125,69.8248],[-93.2035,69.8248],[-93.1774,69.8395],[-93.1621,69.8436],[-93.139,69.8421],[-92.9974,69.9075],[-92.9971,69.9131],[-92.9837,69.9204],[-93.0061,69.9293],[-93.0105,69.934],[-93.016,69.9557],[-93.0458,69.9758],[-93.026,69.9743],[-92.9742,69.9552],[-92.861,69.9696],[-92.792,69.9893],[-92.7418,70.0179],[-92.7238,70.024],[-92.676,70.0258],[-92.648,70.0223],[-92.6357,70.0137],[-92.6452,70.0073],[-92.7034,70.0031],[-92.7429,69.9752],[-92.7805,69.9557],[-92.8298,69.939],[-92.8541,69.9348],[-92.9019,69.9357],[-92.9241,69.9307],[-92.9372,69.9142],[-92.9359,69.9016],[-92.9274,69.8886],[-92.915,69.8783],[-92.9019,69.8733],[-93.0744,69.8262],[-93.125,69.8248]]]}},{"type":"Feature","properties":{},"bbox":[-93.853435,69.633126,-93.593953,69.879508],"geometry":{"type":"Polygon","coordinates":[[[-93.6113,69.7503],[-93.594,69.7362],[-93.6178,69.7138],[-93.6287,69.7088],[-93.6257,69.6926],[-93.6402,69.6852],[-93.6765,69.674],[-93.7322,69.6452],[-93.7522,69.6405],[-93.7863,69.6467],[-93.8199,69.6346],[-93.8336,69.6331],[-93.8487,69.6358],[-93.8534,69.6414],[-93.8409,69.6611],[-93.8105,69.682],[-93.7319,69.7055],[-93.6976,69.7226],[-93.6778,69.742],[-93.6848,69.7444],[-93.7039,69.7429],[-93.7701,69.722],[-93.7932,69.7285],[-93.7625,69.7465],[-93.7561,69.7703],[-93.7344,69.8012],[-93.7483,69.8077],[-93.7754,69.8106],[-93.8,69.8186],[-93.7796,69.8248],[-93.7932,69.8386],[-93.7534,69.8421],[-93.7113,69.8518],[-93.6948,69.8648],[-93.7311,69.8795],[-93.6839,69.8733],[-93.67,69.8666],[-93.6212,69.8598],[-93.6698,69.8386],[-93.6508,69.8271],[-93.6349,69.8112],[-93.6527,69.8],[-93.6917,69.7833],[-93.7039,69.7703],[-93.6421,69.7606],[-93.6113,69.7503]]]}},{"type":"Feature","properties":{},"bbox":[-94.196664,71.471135,-93.881989,71.634802],"geometry":{"type":"Polygon","coordinates":[[[-93.9304,71.5586],[-93.882,71.5659],[-93.9247,71.5385],[-93.9304,71.5279],[-93.911,71.4962],[-93.913,71.487],[-93.9303,71.4776],[-93.9544,71.4711],[-93.9759,71.4732],[-93.985,71.4903],[-93.9803,71.4985],[-93.9582,71.5153],[-93.9509,71.525],[-93.9747,71.5194],[-94.0174,71.4976],[-94.0402,71.4903],[-94.0696,71.4882],[-94.1434,71.4953],[-94.1699,71.5038],[-94.1546,71.5079],[-94.1421,71.5176],[-94.1699,71.5185],[-94.1967,71.525],[-94.1967,71.5385],[-94.1496,71.5586],[-94.1484,71.57],[-94.0805,71.6068],[-94.1085,71.6348],[-94.0857,71.6271],[-94.0601,71.6274],[-94.0601,71.6207],[-93.9024,71.5865],[-93.9135,71.5712],[-93.9304,71.5586]]]}},{"type":"Feature","properties":{},"bbox":[-98.973458,72.520985,-98.164692,72.684504],"geometry":{"type":"Polygon","coordinates":[[[-98.7184,72.6155],[-98.8554,72.6156],[-98.9052,72.628],[-98.92,72.6405],[-98.9624,72.6448],[-98.9735,72.6484],[-98.9596,72.6607],[-98.9236,72.6783],[-98.9052,72.6832],[-98.8712,72.6845],[-98.8068,72.6763],[-98.7748,72.6757],[-98.789,72.6552],[-98.758,72.6421],[-98.7165,72.6365],[-98.6377,72.6348],[-98.6059,72.6392],[-98.5597,72.6633],[-98.5281,72.6689],[-98.3866,72.6593],[-98.3206,72.6399],[-98.2426,72.5927],[-98.1782,72.5647],[-98.1647,72.5522],[-98.181,72.5373],[-98.2183,72.5301],[-98.3431,72.521],[-98.3674,72.5279],[-98.3844,72.5454],[-98.3856,72.5619],[-98.3727,72.591],[-98.3775,72.6006],[-98.3797,72.6187],[-98.414,72.6292],[-98.6345,72.6346],[-98.7184,72.6155]]]}},{"type":"Feature","properties":{},"bbox":[-106.573204,71.99216,-106.333591,72.148614],"geometry":{"type":"Polygon","coordinates":[[[-106.5667,72.1114],[-106.5732,72.1242],[-106.5394,72.1441],[-106.4631,72.1486],[-106.3336,72.1413],[-106.361,72.1208],[-106.3797,72.1024],[-106.5117,72.0934],[-106.49,72.079],[-106.4571,72.0681],[-106.3621,72.054],[-106.3458,72.0485],[-106.3433,72.0419],[-106.3536,72.0341],[-106.382,72.0203],[-106.5037,72.0041],[-106.5323,71.9942],[-106.5527,71.9922],[-106.567,72.0044],[-106.5694,72.0226],[-106.5533,72.039],[-106.5601,72.0506],[-106.5389,72.0696],[-106.5323,72.083],[-106.5386,72.0919],[-106.5667,72.1114]]]}},{"type":"Feature","properties":{},"bbox":[-106.720827,70.812348,-106.00567,71.29275],"geometry":{"type":"Polygon","coordinates":[[[-106.0195,71.18],[-106.0057,71.1741],[-106.011,71.1671],[-106.0388,71.1606],[-106.0693,71.1606],[-106.1548,71.1824],[-106.1864,71.1859],[-106.3567,71.1735],[-106.3814,71.175],[-106.4263,71.188],[-106.436,71.1824],[-106.4351,71.1747],[-106.4156,71.1544],[-106.4696,71.1158],[-106.5622,71.0664],[-106.5869,71.0593],[-106.5742,71.0473],[-106.5522,71.042],[-106.5049,71.0378],[-106.4912,71.0278],[-106.4837,71.0261],[-106.4602,71.0316],[-106.4304,71.0314],[-106.4019,71.024],[-106.4116,71.0128],[-106.4293,70.9763],[-106.4466,70.9728],[-106.4619,70.9634],[-106.4728,70.9492],[-106.4769,70.9316],[-106.4477,70.9216],[-106.312,70.8951],[-106.2721,70.8806],[-106.2599,70.8456],[-106.2306,70.8218],[-106.2341,70.8126],[-106.2647,70.8179],[-106.451,70.8256],[-106.4769,70.8324],[-106.4466,70.8574],[-106.4435,70.8665],[-106.4769,70.8945],[-106.5173,70.9086],[-106.6889,70.9271],[-106.7057,70.9327],[-106.7171,70.9422],[-106.7208,70.9581],[-106.7133,70.9701],[-106.6992,70.9757],[-106.6462,70.9642],[-106.6062,70.9719],[-106.5688,70.9896],[-106.5391,71.011],[-106.5757,71.0272],[-106.66,71.0449],[-106.6899,71.0658],[-106.6446,71.0999],[-106.6235,71.1205],[-106.6147,71.1441],[-106.5997,71.1709],[-106.565,71.1856],[-106.526,71.1959],[-106.4981,71.2097],[-106.5797,71.2239],[-106.5943,71.2371],[-106.4937,71.2533],[-106.4769,71.2642],[-106.4981,71.278],[-106.4778,71.2875],[-106.4512,71.2927],[-106.4323,71.2889],[-106.436,71.2704],[-106.3848,71.2504],[-106.3602,71.2359],[-106.3465,71.2159],[-106.4156,71.2162],[-106.436,71.2097],[-106.406,71.2015],[-106.3724,71.1962],[-106.3062,71.1953],[-106.2435,71.2033],[-106.2117,71.2036],[-106.1514,71.19],[-106.0195,71.18]]]}},{"type":"Feature","properties":{},"bbox":[-108.608437,70.727866,-108.149082,70.887117],"geometry":{"type":"Polygon","coordinates":[[[-108.5734,70.7446],[-108.6084,70.7579],[-108.5814,70.772],[-108.5387,70.8162],[-108.5128,70.8253],[-108.5014,70.8212],[-108.4997,70.7982],[-108.4957,70.7879],[-108.4808,70.7832],[-108.4589,70.7856],[-108.4234,70.7988],[-108.4162,70.8091],[-108.409,70.8315],[-108.4024,70.8397],[-108.3173,70.8527],[-108.2882,70.8624],[-108.2548,70.8798],[-108.2244,70.8871],[-108.1491,70.8179],[-108.1832,70.7844],[-108.2043,70.7435],[-108.2216,70.7326],[-108.2425,70.7279],[-108.2868,70.7299],[-108.3254,70.7414],[-108.3326,70.7499],[-108.3142,70.7579],[-108.3142,70.7641],[-108.3495,70.7608],[-108.4156,70.7467],[-108.4508,70.7435],[-108.5325,70.7408],[-108.5734,70.7446]]]}},{"type":"Feature","properties":{},"bbox":[-112.870683,69.852721,-112.336853,69.995488],"geometry":{"type":"Polygon","coordinates":[[[-112.4939,69.8527],[-112.6071,69.8533],[-112.6243,69.8627],[-112.8143,69.8654],[-112.8412,69.8698],[-112.8707,69.8795],[-112.7877,69.8863],[-112.7431,69.8969],[-112.7136,69.9142],[-112.7357,69.9228],[-112.7319,69.9334],[-112.7172,69.9466],[-112.7063,69.9628],[-112.7747,69.9743],[-112.7956,69.9831],[-112.7747,69.9937],[-112.7525,69.9955],[-112.7063,69.9893],[-112.6287,69.9884],[-112.5116,69.954],[-112.3918,69.9343],[-112.3557,69.9416],[-112.3369,69.9422],[-112.3522,69.9178],[-112.3863,69.9107],[-112.6584,69.9142],[-112.6584,69.9075],[-112.507,69.8939],[-112.4461,69.8986],[-112.4174,69.8942],[-112.3915,69.8795],[-112.4403,69.8601],[-112.4939,69.8527]]]}},{"type":"Feature","properties":{},"bbox":[-111.329539,69.127408,-110.540643,69.284598],"geometry":{"type":"Polygon","coordinates":[[[-111.2056,69.188],[-111.3295,69.1948],[-111.3088,69.2045],[-111.2607,69.2198],[-111.2121,69.2257],[-111.1635,69.2404],[-111.1378,69.2428],[-111.1098,69.229],[-111.0069,69.219],[-110.918,69.1948],[-110.8668,69.1939],[-110.8159,69.2039],[-110.5817,69.2846],[-110.5406,69.2769],[-110.559,69.2725],[-110.5754,69.2631],[-110.6061,69.2558],[-110.7769,69.1642],[-110.8013,69.1471],[-110.7555,69.1451],[-110.7126,69.1327],[-110.7669,69.1274],[-110.8481,69.1312],[-110.9233,69.1465],[-110.9589,69.1745],[-110.9394,69.1757],[-110.9242,69.188],[-110.9445,69.1928],[-111.116,69.2087],[-111.1386,69.2051],[-111.1825,69.1913],[-111.2056,69.188]]]}},{"type":"Feature","properties":{},"bbox":[-110.849137,68.998476,-110.06083,69.13359],"geometry":{"type":"Polygon","coordinates":[[[-110.2089,68.9991],[-110.3614,69.0279],[-110.3936,69.0297],[-110.4587,69.0235],[-110.5034,69.0094],[-110.5287,69.012],[-110.5958,69.0373],[-110.7876,69.0679],[-110.8491,69.085],[-110.679,69.0918],[-110.4482,69.0653],[-110.4219,69.0659],[-110.3971,69.0721],[-110.3789,69.0809],[-110.3736,69.0874],[-110.3767,69.1092],[-110.3671,69.1268],[-110.3458,69.1336],[-110.3244,69.1333],[-110.3029,69.1215],[-110.2263,69.1327],[-110.0956,69.1265],[-110.1241,69.1168],[-110.1274,69.1086],[-110.116,69.0986],[-110.1344,69.0886],[-110.198,69.0782],[-110.1821,69.0697],[-110.1706,69.0576],[-110.0781,69.0438],[-110.0608,69.0373],[-110.0658,69.0238],[-110.1254,69.0126],[-110.1722,68.9985],[-110.2089,68.9991]]]}},{"type":"Feature","properties":{},"bbox":[-109.760284,69.636069,-108.766658,69.865084],"geometry":{"type":"Polygon","coordinates":[[[-109.7523,69.8386],[-109.7603,69.8589],[-109.7301,69.8651],[-109.6882,69.8607],[-109.6605,69.8492],[-109.6446,69.8362],[-109.5816,69.8112],[-109.5407,69.7909],[-109.4786,69.7838],[-109.4513,69.7635],[-109.3987,69.755],[-109.3825,69.7497],[-109.3226,69.7067],[-109.3005,69.6946],[-109.269,69.6843],[-109.2007,69.6749],[-108.9955,69.6911],[-108.9369,69.7055],[-108.8875,69.7108],[-108.8417,69.7226],[-108.7667,69.715],[-108.7823,69.7023],[-108.8008,69.6946],[-109.2531,69.6361],[-109.2943,69.6467],[-109.3036,69.6555],[-109.3142,69.6814],[-109.3268,69.6888],[-109.3551,69.6976],[-109.3791,69.7126],[-109.4132,69.7191],[-109.439,69.7326],[-109.6225,69.7941],[-109.6534,69.8209],[-109.6642,69.8248],[-109.7348,69.8312],[-109.7523,69.8386]]]}},{"type":"Feature","properties":{},"bbox":[-108.759299,69.235145,-108.320402,69.34406],"geometry":{"type":"Polygon","coordinates":[[[-108.5493,69.3396],[-108.3204,69.2428],[-108.3204,69.2351],[-108.5032,69.2537],[-108.5647,69.2725],[-108.5947,69.2769],[-108.6992,69.2743],[-108.7252,69.2837],[-108.7319,69.3111],[-108.7593,69.3391],[-108.7297,69.3441],[-108.6289,69.3314],[-108.5493,69.3396]]]}},{"type":"Feature","properties":{},"bbox":[-108.423429,69.592209,-107.751838,69.651376],"geometry":{"type":"Polygon","coordinates":[[[-107.7643,69.6046],[-107.7518,69.5996],[-107.7518,69.5922],[-108.2031,69.5969],[-108.2808,69.6137],[-108.4234,69.6264],[-108.0603,69.6125],[-107.8303,69.6514],[-107.786,69.6331],[-107.7739,69.6119],[-107.7643,69.6046]]]}},{"type":"Feature","properties":{},"bbox":[-108.573113,69.755875,-108.114936,69.864496],"geometry":{"type":"Polygon","coordinates":[[[-108.213,69.803],[-108.137,69.7741],[-108.1149,69.7703],[-108.1579,69.7671],[-108.2595,69.7965],[-108.2932,69.7838],[-108.2567,69.7756],[-108.24,69.7677],[-108.2317,69.7559],[-108.3659,69.7659],[-108.4337,69.7771],[-108.5401,69.7703],[-108.5699,69.7727],[-108.5731,69.7797],[-108.558,69.7874],[-108.5139,69.7962],[-108.4923,69.8324],[-108.4751,69.8386],[-108.4576,69.8377],[-108.4411,69.8318],[-108.4268,69.8218],[-108.393,69.8203],[-108.3516,69.8457],[-108.3094,69.8645],[-108.2386,69.8248],[-108.2726,69.8112],[-108.25,69.8103],[-108.213,69.803]]]}},{"type":"Feature","properties":{},"bbox":[-109.170084,69.962813,-108.219582,70.092334],"geometry":{"type":"Polygon","coordinates":[[[-109.0021,70.0255],[-109.1701,70.0856],[-109.1701,70.0923],[-109.0697,70.0811],[-108.88,70.0276],[-108.5877,69.9961],[-108.5515,70.0081],[-108.4377,70.024],[-108.3831,70.0217],[-108.356,70.0246],[-108.3409,70.0373],[-108.4159,70.0538],[-108.4303,70.0653],[-108.3067,70.0576],[-108.268,70.0644],[-108.2508,70.0629],[-108.2386,70.0514],[-108.2196,70.0435],[-108.2302,70.0311],[-108.2533,70.0187],[-108.3024,70.0002],[-108.4929,69.9643],[-108.5259,69.9628],[-108.838,69.9831],[-108.867,69.9884],[-108.9181,70.0114],[-109.0021,70.0255]]]}},{"type":"Feature","properties":{},"bbox":[-108.046643,69.696414,-107.519143,69.833882],"geometry":{"type":"Polygon","coordinates":[[[-107.5433,69.7264],[-107.5191,69.7362],[-107.5601,69.702],[-107.5782,69.6964],[-107.5939,69.6976],[-107.6284,69.7088],[-107.6959,69.7229],[-107.7267,69.7338],[-107.7552,69.7529],[-107.7883,69.7685],[-107.8346,69.7756],[-107.9476,69.7797],[-107.9563,69.7862],[-107.9682,69.8077],[-107.9844,69.8139],[-108.0466,69.8044],[-107.9589,69.8312],[-107.9396,69.8339],[-107.9202,69.8315],[-107.8569,69.813],[-107.8275,69.8092],[-107.8059,69.7997],[-107.7929,69.7977],[-107.766,69.8033],[-107.756,69.8012],[-107.7518,69.7874],[-107.7436,69.7833],[-107.6899,69.7838],[-107.6631,69.7735],[-107.6631,69.7559],[-107.646,69.7532],[-107.6119,69.7582],[-107.5942,69.7559],[-107.5618,69.7326],[-107.5433,69.7264]]]}},{"type":"Feature","properties":{},"bbox":[-107.518554,69.510964,-106.936302,69.797675],"geometry":{"type":"Polygon","coordinates":[[[-107.0724,69.5169],[-107.0939,69.5407],[-107.1094,69.5663],[-107.1457,69.5796],[-107.1881,69.5887],[-107.3216,69.6496],[-107.3305,69.6643],[-107.3165,69.7041],[-107.3481,69.7229],[-107.3873,69.7335],[-107.3957,69.7497],[-107.4169,69.7571],[-107.4378,69.7556],[-107.4775,69.7429],[-107.4949,69.7406],[-107.5112,69.7426],[-107.5186,69.7506],[-107.5088,69.7668],[-107.4972,69.7759],[-107.4622,69.7941],[-107.4472,69.7977],[-107.4267,69.7936],[-107.4054,69.7847],[-107.3973,69.7756],[-107.4167,69.7703],[-107.3964,69.7656],[-107.3496,69.7685],[-107.3257,69.7653],[-107.2763,69.7512],[-107.2495,69.7476],[-107.2249,69.7497],[-107.1936,69.7659],[-107.1786,69.7685],[-107.1009,69.74],[-107.0878,69.7285],[-107.0867,69.7111],[-107.0802,69.7088],[-107.0889,69.6982],[-107.1131,69.6961],[-107.125,69.6911],[-107.1591,69.6679],[-107.2544,69.6717],[-107.2857,69.6679],[-107.2626,69.649],[-107.1424,69.6264],[-107.0867,69.6087],[-107.0608,69.594],[-107.0393,69.5716],[-107.0677,69.5719],[-107.0797,69.5675],[-107.0878,69.5581],[-106.9363,69.5307],[-106.97,69.5174],[-107.0233,69.511],[-107.0724,69.5169]]]}},{"type":"Feature","properties":{},"bbox":[-103.42807,69.722612,-102.981667,69.864496],"geometry":{"type":"Polygon","coordinates":[[[-103.353,69.8112],[-103.4281,69.8527],[-103.4107,69.8601],[-103.353,69.8527],[-103.2984,69.8645],[-103.2569,69.8527],[-103.2282,69.8492],[-103.2021,69.8248],[-103.1762,69.8195],[-103.1247,69.8156],[-103.0985,69.8044],[-103.0438,69.7688],[-103.0049,69.7544],[-102.9862,69.7397],[-102.9817,69.7279],[-102.9917,69.7229],[-103.0201,69.7226],[-103.0322,69.7256],[-103.0528,69.7397],[-103.0644,69.7429],[-103.0948,69.737],[-103.1087,69.7373],[-103.1321,69.7526],[-103.1424,69.7556],[-103.1681,69.7559],[-103.1783,69.7497],[-103.1811,69.7429],[-103.1874,69.7441],[-103.2217,69.7571],[-103.2498,69.7821],[-103.2704,69.7771],[-103.2747,69.7703],[-103.2784,69.75],[-103.2841,69.7429],[-103.2944,69.7409],[-103.3019,69.7444],[-103.3108,69.7559],[-103.3362,69.798],[-103.353,69.8112]]]}},{"type":"Feature","properties":{},"bbox":[-164.752801,61.481888,-164.562789,61.573436],"geometry":{"type":"Polygon","coordinates":[[[-164.5678,61.5611],[-164.5628,61.5487],[-164.569,61.5402],[-164.5815,61.5355],[-164.6125,61.531],[-164.6632,61.4978],[-164.7291,61.4819],[-164.7409,61.4825],[-164.7482,61.4898],[-164.7528,61.5057],[-164.7441,61.5134],[-164.7195,61.5249],[-164.7044,61.5269],[-164.7235,61.5384],[-164.7204,61.5508],[-164.7045,61.5617],[-164.6845,61.5678],[-164.6214,61.5734],[-164.5878,61.5708],[-164.5678,61.5611]]]}},{"type":"Feature","properties":{},"bbox":[-164.76752,62.010566,-164.554253,62.122719],"geometry":{"type":"Polygon","coordinates":[[[-164.5763,62.0789],[-164.5543,62.0683],[-164.5815,62.0615],[-164.6234,62.0432],[-164.6299,62.0371],[-164.634,62.0223],[-164.6445,62.0135],[-164.6577,62.0106],[-164.6708,62.0129],[-164.6719,62.0232],[-164.6805,62.0306],[-164.759,62.0403],[-164.7453,62.0559],[-164.7247,62.0618],[-164.677,62.0615],[-164.677,62.0683],[-164.7426,62.0736],[-164.759,62.0812],[-164.7675,62.1015],[-164.7553,62.1142],[-164.7328,62.121],[-164.7111,62.1227],[-164.6894,62.1162],[-164.6682,62.0877],[-164.6562,62.0812],[-164.6027,62.0824],[-164.5763,62.0789]]]}},{"type":"Feature","properties":{},"bbox":[-162.31841,62.210145,-162.121628,62.259893],"geometry":{"type":"Polygon","coordinates":[[[-162.1216,62.2599],[-162.1337,62.2525],[-162.149,62.2525],[-162.1653,62.2469],[-162.2173,62.2396],[-162.2173,62.2319],[-162.1954,62.2281],[-162.1756,62.2184],[-162.199,62.2101],[-162.2582,62.2319],[-162.2941,62.2193],[-162.303,62.2222],[-162.3184,62.2481],[-162.3165,62.2564],[-162.3018,62.2596],[-162.231,62.2458],[-162.1216,62.2599]]]}},{"type":"Feature","properties":{},"bbox":[-160.490556,61.591098,-160.291272,61.662628],"geometry":{"type":"Polygon","coordinates":[[[-160.2922,61.6609],[-160.2913,61.6423],[-160.3332,61.6194],[-160.4012,61.5973],[-160.4641,61.5911],[-160.4906,61.6155],[-160.4775,61.6326],[-160.448,61.6411],[-160.3232,61.6626],[-160.2922,61.6609]]]}},{"type":"Feature","properties":{},"bbox":[-163.3531,61.012378,-163.172655,61.081259],"geometry":{"type":"Polygon","coordinates":[[[-163.1762,61.0677],[-163.1727,61.0592],[-163.175,61.0521],[-163.1834,61.0474],[-163.198,61.0465],[-163.2398,61.0247],[-163.2861,61.0124],[-163.3016,61.0124],[-163.3379,61.0197],[-163.3459,61.025],[-163.3522,61.0368],[-163.3531,61.0486],[-163.3444,61.0539],[-163.3162,61.0583],[-163.2595,61.0768],[-163.2315,61.0813],[-163.2022,61.0786],[-163.1868,61.0745],[-163.1762,61.0677]]]}},{"type":"Feature","properties":{},"bbox":[-164.4212,60.265576,-164.238253,60.396862],"geometry":{"type":"Polygon","coordinates":[[[-164.2634,60.3698],[-164.2383,60.3551],[-164.2447,60.3492],[-164.2821,60.3333],[-164.3503,60.328],[-164.3828,60.3209],[-164.3828,60.3136],[-164.3354,60.3141],[-164.3308,60.3103],[-164.3963,60.2679],[-164.4163,60.2656],[-164.4072,60.2776],[-164.3959,60.2862],[-164.4163,60.3044],[-164.4212,60.3365],[-164.4118,60.3677],[-164.3891,60.3824],[-164.394,60.3969],[-164.3757,60.3957],[-164.3345,60.3824],[-164.3482,60.368],[-164.2892,60.373],[-164.2634,60.3698]]]}},{"type":"Feature","properties":{},"bbox":[-161.813281,60.475163,-161.66919,60.533742],"geometry":{"type":"Polygon","coordinates":[[[-161.6942,60.5261],[-161.6692,60.512],[-161.6848,60.5022],[-161.6939,60.4816],[-161.7663,60.4752],[-161.7937,60.479],[-161.8133,60.4922],[-161.7853,60.4922],[-161.7933,60.5046],[-161.8064,60.512],[-161.7855,60.5308],[-161.7404,60.5337],[-161.6942,60.5261]]]}},{"type":"Feature","properties":{},"bbox":[-162.121628,60.274701,-161.972679,60.329159],"geometry":{"type":"Polygon","coordinates":[[[-161.9771,60.3136],[-161.9727,60.2915],[-162.0001,60.29],[-162.0589,60.2997],[-162.0701,60.2809],[-162.0773,60.2747],[-162.0907,60.2824],[-162.109,60.2994],[-162.1216,60.3209],[-162.0732,60.3136],[-162.063,60.3159],[-162.046,60.3271],[-162.0014,60.328],[-161.9809,60.323],[-161.9771,60.3136]]]}},{"type":"Feature","properties":{},"bbox":[-159.318398,59.051618,-159.14649,59.160827],"geometry":{"type":"Polygon","coordinates":[[[-159.1839,59.127],[-159.1465,59.0925],[-159.1536,59.0808],[-159.1789,59.0808],[-159.2338,59.1028],[-159.2634,59.1014],[-159.2779,59.094],[-159.277,59.0734],[-159.2812,59.0552],[-159.2884,59.0516],[-159.3044,59.0596],[-159.3184,59.0811],[-159.3077,59.0996],[-159.2834,59.1117],[-159.2572,59.1143],[-159.2709,59.1346],[-159.2554,59.134],[-159.2354,59.1231],[-159.223,59.1205],[-159.2107,59.1249],[-159.2095,59.1352],[-159.2224,59.1552],[-159.2138,59.1605],[-159.2062,59.1608],[-159.1999,59.1567],[-159.1839,59.127]]]}},{"type":"Feature","properties":{},"bbox":[-159.5037,59.0578,-159.373444,59.146992],"geometry":{"type":"Polygon","coordinates":[[[-159.3945,59.1432],[-159.3734,59.147],[-159.3982,59.1128],[-159.4039,59.0925],[-159.4515,59.0646],[-159.4784,59.0578],[-159.4999,59.0616],[-159.5037,59.0808],[-159.4924,59.0943],[-159.4482,59.1226],[-159.3945,59.1432]]]}},{"type":"Feature","properties":{},"bbox":[-154.021169,60.94644,-153.74741,60.999426],"geometry":{"type":"Polygon","coordinates":[[[-153.905,60.9509],[-154.0212,60.9856],[-153.9895,60.9971],[-153.9332,60.9944],[-153.905,60.9994],[-153.9124,60.9856],[-153.8241,60.9909],[-153.7768,60.9874],[-153.7474,60.9715],[-153.7783,60.9532],[-153.821,60.9464],[-153.905,60.9509]]]}},{"type":"Feature","properties":{},"bbox":[-155.706256,58.600358,-155.070724,58.82643],"geometry":{"type":"Polygon","coordinates":[[[-155.0779,58.623],[-155.0707,58.6127],[-155.0837,58.6004],[-155.1016,58.6107],[-155.1215,58.6139],[-155.1399,58.6313],[-155.1608,58.6395],[-155.2066,58.6725],[-155.2291,58.6787],[-155.4195,58.6828],[-155.538,58.7234],[-155.6306,58.7358],[-155.6444,58.7446],[-155.6965,58.8049],[-155.7063,58.82],[-155.7001,58.8264],[-155.6796,58.8126],[-155.6618,58.8082],[-155.6446,58.7967],[-155.6147,58.7681],[-155.5998,58.7599],[-155.553,58.7467],[-155.5148,58.7411],[-155.4703,58.7269],[-155.2061,58.699],[-155.1657,58.6828],[-155.1116,58.6413],[-155.0779,58.623]]]}},{"type":"Feature","properties":{},"bbox":[-156.063172,58.469366,-155.782643,58.559441],"geometry":{"type":"Polygon","coordinates":[[[-155.8849,58.5521],[-155.7826,58.5594],[-155.7991,58.5541],[-155.8162,58.5109],[-155.8392,58.5],[-155.9198,58.4979],[-156.0,58.47],[-156.0362,58.4694],[-156.0632,58.4979],[-155.9863,58.51],[-155.9625,58.5321],[-155.8849,58.5521]]]}},{"type":"Feature","properties":{},"bbox":[-150.526625,60.381261,-150.133501,60.472808],"geometry":{"type":"Polygon","coordinates":[[[-150.1515,60.4331],[-150.1335,60.4236],[-150.1392,60.406],[-150.1492,60.4027],[-150.1908,60.4095],[-150.2301,60.3977],[-150.3474,60.3813],[-150.3761,60.3854],[-150.4099,60.4022],[-150.4516,60.4022],[-150.4645,60.406],[-150.5045,60.4395],[-150.5266,60.4507],[-150.5225,60.464],[-150.5134,60.4707],[-150.5007,60.4728],[-150.369,60.4575],[-150.3482,60.4484],[-150.3135,60.4248],[-150.2938,60.4166],[-150.2658,60.4148],[-150.2217,60.4316],[-150.1977,60.4369],[-150.1515,60.4331]]]}},{"type":"Feature","properties":{},"bbox":[-142.856673,63.05497,-142.663865,63.157115],"geometry":{"type":"Polygon","coordinates":[[[-142.669,63.1336],[-142.6639,63.1247],[-142.6976,63.0679],[-142.7625,63.055],[-142.8024,63.0559],[-142.8206,63.06],[-142.8375,63.0679],[-142.8567,63.0871],[-142.8474,63.0977],[-142.8239,63.1068],[-142.7863,63.1274],[-142.7351,63.1371],[-142.718,63.1545],[-142.7074,63.1571],[-142.6942,63.1433],[-142.669,63.1336]]]}},{"type":"Feature","properties":{},"bbox":[-146.556094,61.764478,-146.256873,62.019692],"geometry":{"type":"Polygon","coordinates":[[[-146.281,62.0197],[-146.2569,62.0129],[-146.2829,62.002],[-146.3196,61.9923],[-146.3309,61.9838],[-146.3497,61.9549],[-146.3702,61.9411],[-146.4127,61.9228],[-146.4294,61.9031],[-146.4285,61.859],[-146.4148,61.8042],[-146.4188,61.7645],[-146.4713,61.7648],[-146.5139,61.7827],[-146.5264,61.7969],[-146.5381,61.821],[-146.5529,61.8628],[-146.5561,61.8878],[-146.5439,61.9164],[-146.5403,61.9346],[-146.4629,61.9514],[-146.3887,61.9932],[-146.281,62.0197]]]}},{"type":"Feature","properties":{},"bbox":[-116.920691,68.171902,-116.489301,68.347049],"geometry":{"type":"Polygon","coordinates":[[[-116.4996,68.2811],[-116.4893,68.2593],[-116.503,68.2558],[-116.5854,68.2143],[-116.5854,68.2081],[-116.5607,68.2058],[-116.5549,68.1955],[-116.5645,68.1828],[-116.5854,68.1734],[-116.6069,68.1719],[-116.6244,68.1769],[-116.6544,68.1943],[-116.7014,68.2072],[-116.7999,68.2031],[-116.8462,68.2143],[-116.8216,68.2255],[-116.771,68.2293],[-116.7494,68.2358],[-116.8436,68.2487],[-116.8945,68.2614],[-116.9207,68.2832],[-116.8955,68.2867],[-116.8442,68.2846],[-116.8244,68.2967],[-116.8665,68.3144],[-116.8729,68.3208],[-116.8704,68.3367],[-116.8624,68.3462],[-116.8474,68.347],[-116.8107,68.3347],[-116.789,68.3208],[-116.6948,68.3103],[-116.6,68.2793],[-116.5523,68.297],[-116.524,68.2944],[-116.4996,68.2811]]]}},{"type":"Feature","properties":{},"bbox":[-126.206113,68.578419,-125.969445,68.697636],"geometry":{"type":"Polygon","coordinates":[[[-126.2049,68.617],[-126.2061,68.6258],[-126.1867,68.6561],[-126.1583,68.6767],[-126.1231,68.6885],[-126.0299,68.6976],[-125.9996,68.6959],[-125.9802,68.6873],[-125.9775,68.6753],[-125.9921,68.6552],[-125.9871,68.6388],[-126.0218,68.6326],[-125.9852,68.6243],[-125.9694,68.614],[-125.97,68.6014],[-125.9859,68.5925],[-126.0105,68.5855],[-126.0554,68.5784],[-126.0747,68.5822],[-126.1172,68.6008],[-126.1832,68.6105],[-126.2049,68.617]]]}},{"type":"Feature","properties":{},"bbox":[-125.418542,68.237545,-125.233682,68.324088],"geometry":{"type":"Polygon","coordinates":[[[-125.3976,68.3161],[-125.4185,68.3241],[-125.327,68.3144],[-125.2849,68.3017],[-125.2534,68.2832],[-125.2337,68.2514],[-125.2544,68.2375],[-125.2954,68.2381],[-125.3558,68.2558],[-125.336,68.277],[-125.3976,68.3161]]]}},{"type":"Feature","properties":{},"bbox":[-126.672092,68.0362,-126.534477,68.226065],"geometry":{"type":"Polygon","coordinates":[[[-126.6466,68.0871],[-126.6444,68.0948],[-126.6488,68.1186],[-126.6456,68.1316],[-126.6313,68.146],[-126.6427,68.1531],[-126.6721,68.1866],[-126.6518,68.2178],[-126.6368,68.2261],[-126.542,68.201],[-126.5473,68.1919],[-126.5552,68.186],[-126.5767,68.1807],[-126.5624,68.1595],[-126.5779,68.1451],[-126.567,68.1339],[-126.5468,68.1233],[-126.5345,68.1119],[-126.5574,68.1113],[-126.5773,68.1018],[-126.5916,68.0889],[-126.5972,68.0777],[-126.5953,68.068],[-126.5829,68.0465],[-126.5892,68.0374],[-126.6038,68.0362],[-126.62,68.0391],[-126.6313,68.043],[-126.6587,68.0603],[-126.6563,68.0706],[-126.6466,68.0871]]]}},{"type":"Feature","properties":{},"bbox":[-125.564988,65.385157,-125.129918,65.629773],"geometry":{"type":"Polygon","coordinates":[[[-125.1639,65.4349],[-125.1714,65.4261],[-125.1561,65.4208],[-125.1445,65.4114],[-125.1299,65.3852],[-125.1714,65.3919],[-125.1963,65.4146],[-125.2544,65.4546],[-125.2745,65.4632],[-125.2943,65.467],[-125.3809,65.4626],[-125.4595,65.4791],[-125.483,65.4882],[-125.5005,65.5011],[-125.4656,65.5114],[-125.4561,65.5179],[-125.4518,65.5279],[-125.4656,65.5521],[-125.473,65.5632],[-125.4905,65.5744],[-125.565,65.6053],[-125.5622,65.6145],[-125.5414,65.6277],[-125.5164,65.6298],[-125.477,65.6233],[-125.4384,65.6124],[-125.3973,65.59],[-125.3292,65.5694],[-125.3127,65.5597],[-125.2419,65.5014],[-125.1648,65.4585],[-125.1299,65.4464],[-125.1639,65.4349]]]}},{"type":"Feature","properties":{},"bbox":[-126.650456,65.294787,-125.815787,65.604164],"geometry":{"type":"Polygon","coordinates":[[[-125.8473,65.3169],[-125.8158,65.3163],[-125.8276,65.3019],[-125.8483,65.2948],[-125.8713,65.2948],[-125.9092,65.3083],[-125.9666,65.3163],[-126.0029,65.3398],[-126.0494,65.3484],[-126.111,65.3707],[-126.1447,65.3775],[-126.2195,65.3793],[-126.2575,65.3852],[-126.285,65.4019],[-126.3028,65.4169],[-126.3499,65.4414],[-126.432,65.5],[-126.4496,65.5179],[-126.4743,65.5344],[-126.5767,65.5627],[-126.6351,65.5868],[-126.6505,65.5989],[-126.6246,65.6042],[-126.592,65.5997],[-126.3983,65.532],[-126.3829,65.5226],[-126.2812,65.437],[-126.2414,65.4149],[-126.2027,65.4055],[-126.0909,65.4111],[-126.0327,65.4049],[-126.0076,65.3813],[-126.0009,65.366],[-125.9849,65.3551],[-125.8473,65.3169]]]}},{"type":"Feature","properties":{},"bbox":[-128.502154,66.808702,-128.33731,67.00151],"geometry":{"type":"Polygon","coordinates":[[[-128.3441,66.9574],[-128.3373,66.9297],[-128.3403,66.9038],[-128.3735,66.8885],[-128.4127,66.8643],[-128.459,66.8493],[-128.4711,66.8414],[-128.4883,66.8166],[-128.4974,66.8087],[-128.5022,66.8169],[-128.4986,66.829],[-128.4826,66.8493],[-128.481,66.8643],[-128.443,66.9047],[-128.4339,66.9194],[-128.4249,66.9594],[-128.4196,66.968],[-128.4265,66.9824],[-128.4211,66.993],[-128.4078,66.9992],[-128.3919,67.0015],[-128.379,66.9986],[-128.3682,66.9918],[-128.3519,66.9741],[-128.3441,66.9574]]]}},{"type":"Feature","properties":{},"bbox":[-132.990912,67.959371,-132.68183,68.022954],"geometry":{"type":"Polygon","coordinates":[[[-132.7207,67.9918],[-132.6818,67.9888],[-132.7076,67.9641],[-132.737,67.9594],[-132.7697,67.9676],[-132.8053,67.9814],[-132.8423,67.9873],[-132.9562,67.9685],[-132.9909,67.995],[-132.965,68.0203],[-132.9459,68.023],[-132.8395,68.023],[-132.7985,68.0168],[-132.7207,67.9918]]]}},{"type":"Feature","properties":{},"bbox":[-133.545789,68.144526,-133.27203,68.296418],"geometry":{"type":"Polygon","coordinates":[[[-133.291,68.2964],[-133.272,68.2905],[-133.3624,68.2437],[-133.4117,68.2355],[-133.4323,68.2252],[-133.4601,68.2046],[-133.4662,68.1963],[-133.4701,68.1734],[-133.4831,68.1581],[-133.5005,68.1463],[-133.5181,68.1445],[-133.5458,68.1807],[-133.5016,68.2269],[-133.4744,68.2484],[-133.4422,68.2626],[-133.3758,68.2708],[-133.3127,68.2932],[-133.291,68.2964]]]}},{"type":"Feature","properties":{},"bbox":[-103.544785,66.360091,-103.246006,66.509333],"geometry":{"type":"Polygon","coordinates":[[[-103.5008,66.3657],[-103.5448,66.3778],[-103.5357,66.3931],[-103.4862,66.4296],[-103.4724,66.4481],[-103.4728,66.4614],[-103.4843,66.4714],[-103.5039,66.4814],[-103.441,66.5005],[-103.3788,66.5093],[-103.3155,66.5093],[-103.2494,66.5011],[-103.2918,66.489],[-103.3047,66.4814],[-103.2525,66.4628],[-103.246,66.4352],[-103.2646,66.4272],[-103.3115,66.426],[-103.3661,66.3778],[-103.4111,66.363],[-103.4562,66.3601],[-103.5008,66.3657]]]}},{"type":"Feature","properties":{},"bbox":[-103.230993,64.973047,-102.776348,65.056352],"geometry":{"type":"Polygon","coordinates":[[[-102.9896,65.0493],[-102.9415,65.0352],[-102.8972,65.0493],[-102.8336,65.0475],[-102.8008,65.041],[-102.778,65.0219],[-102.7763,65.0146],[-102.8279,65.0004],[-102.8454,65.001],[-102.8814,65.024],[-102.9003,65.0275],[-102.9163,65.0237],[-102.9381,64.9904],[-102.9478,64.9851],[-102.9756,64.9939],[-102.9998,64.9957],[-103.1814,64.973],[-103.2175,64.9757],[-103.231,64.9831],[-103.2255,64.9975],[-103.2104,65.0081],[-103.1955,65.011],[-103.1612,65.0078],[-103.1749,65.0213],[-103.1634,65.0355],[-103.1417,65.0458],[-103.0985,65.0555],[-103.0714,65.0564],[-102.9896,65.0493]]]}},{"type":"Feature","properties":{},"bbox":[-109.177001,65.357192,-108.670548,65.47847],"geometry":{"type":"Polygon","coordinates":[[[-108.6739,65.4152],[-108.6705,65.4119],[-108.6822,65.3972],[-108.6966,65.384],[-108.7132,65.3746],[-108.7316,65.3707],[-108.7784,65.3763],[-108.797,65.3731],[-108.7933,65.3572],[-108.8756,65.3572],[-108.8859,65.3625],[-108.8835,65.3863],[-108.8962,65.3919],[-108.9587,65.4011],[-108.9935,65.4002],[-109.013,65.3852],[-108.9943,65.3813],[-108.9785,65.3707],[-109.003,65.364],[-109.0883,65.3707],[-109.1318,65.3684],[-109.1434,65.3707],[-109.1486,65.3863],[-109.1565,65.3919],[-109.1383,65.3984],[-109.1258,65.4087],[-109.1277,65.4143],[-109.1701,65.4261],[-109.1521,65.4349],[-109.1557,65.4446],[-109.177,65.467],[-109.1359,65.4732],[-109.013,65.4534],[-108.8965,65.4785],[-108.8753,65.467],[-108.8784,65.4564],[-108.8828,65.4534],[-108.8663,65.4426],[-108.8561,65.4072],[-108.8413,65.4049],[-108.807,65.4119],[-108.749,65.4143],[-108.7221,65.4325],[-108.7073,65.4358],[-108.6919,65.4334],[-108.6767,65.4261],[-108.6835,65.4187],[-108.6739,65.4152]]]}},{"type":"Feature","properties":{},"bbox":[-107.078627,64.21241,-106.607939,64.44849],"geometry":{"type":"Polygon","coordinates":[[[-106.611,64.3157],[-106.6079,64.309],[-106.6154,64.3034],[-106.6552,64.2951],[-106.6481,64.2716],[-106.6699,64.263],[-106.7241,64.2604],[-106.694,64.2401],[-106.6899,64.2339],[-106.6942,64.223],[-106.7052,64.2159],[-106.7189,64.2124],[-106.7314,64.2133],[-106.7441,64.2192],[-106.7513,64.2333],[-106.7582,64.2398],[-106.7747,64.246],[-106.8269,64.2542],[-106.7957,64.3051],[-106.794,64.3196],[-106.813,64.3275],[-106.8543,64.3293],[-106.8811,64.3166],[-106.8917,64.3057],[-106.896,64.2919],[-106.9013,64.2892],[-106.9363,64.309],[-106.9022,64.3366],[-106.896,64.3499],[-106.9816,64.3416],[-107.0233,64.3437],[-107.0561,64.3605],[-107.0748,64.3846],[-107.0786,64.3987],[-107.0669,64.4052],[-107.0514,64.4008],[-107.0221,64.382],[-106.9944,64.3758],[-106.9704,64.364],[-106.9572,64.3631],[-106.8614,64.3843],[-106.7937,64.4088],[-106.7494,64.4411],[-106.7335,64.4485],[-106.7171,64.4458],[-106.7445,64.4182],[-106.7472,64.394],[-106.78,64.3823],[-106.8191,64.3752],[-106.8406,64.364],[-106.8294,64.3543],[-106.755,64.367],[-106.6896,64.3381],[-106.6683,64.3316],[-106.6331,64.3275],[-106.611,64.3157]]]}},{"type":"Feature","properties":{},"bbox":[-111.698819,64.825865,-111.033998,65.121995],"geometry":{"type":"Polygon","coordinates":[[[-111.6745,64.8259],[-111.6988,64.8297],[-111.6919,64.8521],[-111.6633,64.8677],[-111.6458,64.8865],[-111.6714,64.9183],[-111.6463,64.936],[-111.6135,64.948],[-111.598,64.9607],[-111.6243,64.9804],[-111.6001,64.9801],[-111.5893,64.9834],[-111.5678,65.0004],[-111.5591,65.0031],[-111.535,65.001],[-111.4788,65.0045],[-111.4251,65.0146],[-111.4345,65.0307],[-111.4455,65.0419],[-111.461,65.0452],[-111.4957,65.0452],[-111.5144,65.0493],[-111.505,65.0699],[-111.4866,65.0828],[-111.5003,65.1102],[-111.4633,65.1046],[-111.4517,65.1102],[-111.4592,65.117],[-111.4373,65.122],[-111.4102,65.1176],[-111.394,65.1079],[-111.4046,65.0964],[-111.4028,65.0887],[-111.3613,65.0561],[-111.3145,65.0493],[-111.2648,65.0472],[-111.2196,65.0352],[-111.2336,65.0287],[-111.2657,65.0263],[-111.2811,65.0213],[-111.2938,65.0054],[-111.2924,64.9975],[-111.2811,64.9939],[-111.2654,64.9975],[-111.239,65.0119],[-111.2259,65.0146],[-111.213,65.0095],[-111.214,65.0001],[-111.2219,64.9907],[-111.2526,64.9781],[-111.252,64.9583],[-111.2377,64.9374],[-111.2196,64.9251],[-111.189,64.9239],[-111.156,64.9318],[-111.1394,64.9451],[-111.157,64.9598],[-111.132,64.9648],[-111.0955,64.9583],[-111.059,64.946],[-111.034,64.9327],[-111.0796,64.9151],[-111.1008,64.9003],[-111.1098,64.8809],[-111.1236,64.8688],[-111.1551,64.87],[-111.2623,64.8977],[-111.2879,64.8968],[-111.3153,64.8877],[-111.3469,64.8824],[-111.3733,64.8889],[-111.3775,64.8995],[-111.3207,64.9112],[-111.3272,64.9262],[-111.3482,64.9424],[-111.3699,64.953],[-111.3908,64.9536],[-111.4323,64.9371],[-111.4647,64.9295],[-111.4455,64.9086],[-111.4516,64.8997],[-111.4654,64.8947],[-111.4934,64.8909],[-111.5588,64.8892],[-111.5923,64.8841],[-111.6101,64.8706],[-111.5616,64.8706],[-111.5846,64.8538],[-111.6292,64.8365],[-111.6745,64.8259]]]}},{"type":"Feature","properties":{},"bbox":[-112.575877,65.790791,-112.11505,65.966526],"geometry":{"type":"Polygon","coordinates":[[[-112.1379,65.8073],[-112.2366,65.7923],[-112.3734,65.7908],[-112.454,65.804],[-112.4734,65.8158],[-112.4188,65.8226],[-112.4121,65.8291],[-112.4063,65.8444],[-112.3978,65.8505],[-112.4431,65.8741],[-112.4564,65.8918],[-112.4802,65.8915],[-112.5509,65.92],[-112.5759,65.9256],[-112.5182,65.94],[-112.463,65.9624],[-112.4439,65.9656],[-112.4188,65.9665],[-112.4256,65.9468],[-112.4063,65.943],[-112.3934,65.9465],[-112.371,65.9606],[-112.353,65.9653],[-112.2533,65.9648],[-112.2469,65.953],[-112.2187,65.9421],[-112.2128,65.9327],[-112.2603,65.9241],[-112.2814,65.9159],[-112.2884,65.8982],[-112.2781,65.8794],[-112.26,65.8835],[-112.2271,65.9053],[-112.1308,65.8712],[-112.1443,65.86],[-112.2119,65.8579],[-112.2332,65.8505],[-112.2079,65.8358],[-112.1542,65.8402],[-112.1243,65.8335],[-112.115,65.8185],[-112.1379,65.8073]]]}},{"type":"Feature","properties":{},"bbox":[-117.646888,67.221106,-116.606016,67.527833],"geometry":{"type":"Polygon","coordinates":[[[-116.6159,67.2402],[-116.606,67.2211],[-116.6371,67.2267],[-116.6702,67.2479],[-116.7221,67.2962],[-116.7607,67.3206],[-117.0133,67.3812],[-117.0442,67.3857],[-117.0677,67.4033],[-117.0979,67.4089],[-117.2192,67.4551],[-117.2223,67.4613],[-117.4361,67.4896],[-117.5419,67.4872],[-117.6469,67.4675],[-117.5651,67.5149],[-117.5194,67.5278],[-117.4688,67.5161],[-117.4503,67.5166],[-117.3293,67.5043],[-117.2795,67.489],[-117.207,67.4854],[-117.1098,67.4601],[-117.0442,67.4539],[-117.0245,67.4478],[-117.0083,67.4345],[-117.0049,67.4204],[-117.0237,67.413],[-117.0072,67.3954],[-116.9759,67.3801],[-116.9409,67.3692],[-116.787,67.3556],[-116.7494,67.3439],[-116.7273,67.333],[-116.6823,67.3032],[-116.6159,67.2402]]]}},{"type":"Feature","properties":{},"bbox":[-116.249688,64.103495,-115.995211,64.377843],"geometry":{"type":"Polygon","coordinates":[[[-115.9952,64.3702],[-116.0027,64.3702],[-115.9964,64.3617],[-115.9958,64.3543],[-116.0002,64.3481],[-116.0501,64.314],[-116.0634,64.2954],[-116.0579,64.2742],[-116.0744,64.2645],[-116.0887,64.2504],[-116.1022,64.2451],[-116.1314,64.2545],[-116.143,64.2504],[-116.1424,64.2418],[-116.1327,64.2324],[-116.1256,64.2192],[-116.1324,64.1989],[-116.1839,64.1547],[-116.2088,64.1232],[-116.2245,64.1091],[-116.2423,64.1035],[-116.2354,64.1197],[-116.2472,64.1444],[-116.2497,64.158],[-116.2432,64.1697],[-116.2301,64.1806],[-116.2139,64.1886],[-116.1979,64.1915],[-116.1855,64.198],[-116.1855,64.2121],[-116.2033,64.2474],[-116.2088,64.2951],[-116.2148,64.3134],[-116.2108,64.3184],[-116.1452,64.3596],[-116.0916,64.3752],[-116.0723,64.3755],[-116.056,64.3487],[-116.0375,64.3546],[-116.0027,64.3778],[-115.9952,64.3702]]]}},{"type":"Feature","properties":{},"bbox":[-118.072097,64.359298,-117.421552,64.733435],"geometry":{"type":"Polygon","coordinates":[[[-117.8432,64.5068],[-118.0393,64.5336],[-118.0721,64.5415],[-118.0306,64.5515],[-117.939,64.5339],[-117.883,64.5433],[-117.8493,64.5394],[-117.8317,64.5415],[-117.8184,64.5489],[-117.8238,64.5548],[-117.8524,64.5695],[-117.811,64.5827],[-117.8045,64.5901],[-117.8111,64.5966],[-117.8263,64.603],[-117.8524,64.6104],[-117.8524,64.6166],[-117.834,64.6207],[-117.8182,64.631],[-117.8323,64.6428],[-117.8421,64.6607],[-117.8451,64.681],[-117.8394,64.6993],[-117.82,64.7128],[-117.7922,64.7187],[-117.6779,64.7196],[-117.6338,64.7334],[-117.5615,64.7334],[-117.5375,64.7161],[-117.524,64.7128],[-117.524,64.7066],[-117.6941,64.6781],[-117.724,64.6699],[-117.7468,64.6548],[-117.7555,64.6366],[-117.7437,64.5792],[-117.7002,64.5745],[-117.689,64.5671],[-117.7233,64.5559],[-117.7121,64.5462],[-117.6882,64.5371],[-117.6438,64.528],[-117.6195,64.5306],[-117.5786,64.5559],[-117.5542,64.5615],[-117.5414,64.5533],[-117.5318,64.5412],[-117.5168,64.5347],[-117.4216,64.5347],[-117.4344,64.5291],[-117.4762,64.5212],[-117.5006,64.4971],[-117.53,64.4868],[-117.5493,64.4735],[-117.5533,64.4614],[-117.5308,64.4597],[-117.5468,64.4508],[-117.5649,64.4458],[-117.5649,64.4385],[-117.5171,64.4458],[-117.4903,64.4694],[-117.4625,64.4815],[-117.4517,64.477],[-117.4486,64.4679],[-117.4597,64.4623],[-117.4762,64.4385],[-117.5077,64.4085],[-117.5275,64.3958],[-117.5475,64.3908],[-117.6064,64.389],[-117.6333,64.3823],[-117.6663,64.3634],[-117.6953,64.3593],[-117.7015,64.3605],[-117.6981,64.3711],[-117.6679,64.3778],[-117.6494,64.3937],[-117.6648,64.3967],[-117.7227,64.3908],[-117.738,64.3932],[-117.7461,64.3979],[-117.7442,64.4029],[-117.6679,64.4111],[-117.6326,64.4294],[-117.6164,64.4317],[-117.606,64.4659],[-117.6151,64.482],[-117.5952,64.4935],[-117.5444,64.5074],[-117.5642,64.5135],[-117.5854,64.5147],[-117.6264,64.5074],[-117.6503,64.4932],[-117.7015,64.4932],[-117.7346,64.4841],[-117.7512,64.4759],[-117.7574,64.4659],[-117.748,64.457],[-117.732,64.4556],[-117.7202,64.4506],[-117.7233,64.4317],[-117.7358,64.4179],[-117.7509,64.4158],[-117.7773,64.4249],[-117.7952,64.4458],[-117.8257,64.4458],[-117.8612,64.4532],[-117.8656,64.4641],[-117.8482,64.4776],[-117.8182,64.4932],[-117.8432,64.5068]]]}},{"type":"Feature","properties":{},"bbox":[-109.458708,59.71747,-108.716027,59.900859],"geometry":{"type":"Polygon","coordinates":[[[-108.7207,59.7805],[-108.716,59.7295],[-108.7197,59.7219],[-108.7319,59.7175],[-108.744,59.7195],[-108.7544,59.7257],[-108.7697,59.7416],[-108.7798,59.7454],[-108.8148,59.7496],[-108.8244,59.7484],[-108.8375,59.7404],[-108.8828,59.7448],[-109.0026,59.7239],[-109.2538,59.7289],[-109.2943,59.7381],[-109.2853,59.7549],[-109.28,59.7587],[-109.3083,59.7902],[-109.3461,59.8037],[-109.4234,59.8199],[-109.4347,59.8267],[-109.4547,59.847],[-109.4587,59.8744],[-109.448,59.8856],[-109.4219,59.8891],[-109.3898,59.8479],[-109.3689,59.8417],[-109.3452,59.8411],[-109.3399,59.8452],[-109.3489,59.8647],[-109.341,59.8803],[-109.3226,59.885],[-109.2741,59.8826],[-109.2459,59.8888],[-109.2253,59.9009],[-109.2073,59.8964],[-109.2117,59.8888],[-109.1701,59.8714],[-109.1648,59.8555],[-109.1511,59.8464],[-109.0557,59.8296],[-109.0398,59.8337],[-109.0416,59.8605],[-109.0344,59.8714],[-109.013,59.8611],[-109.0063,59.8685],[-108.9815,59.8573],[-108.929,59.8464],[-108.8916,59.8337],[-108.8108,59.8358],[-108.8008,59.8337],[-108.8004,59.8196],[-108.813,59.804],[-108.8145,59.7916],[-108.7798,59.7864],[-108.7332,59.7896],[-108.7207,59.7805]]]}},{"type":"Feature","properties":{},"bbox":[-112.175394,64.081124,-110.821761,64.370484],"geometry":{"type":"Polygon","coordinates":[[[-110.9377,64.1765],[-110.8218,64.1512],[-110.8274,64.1403],[-110.8559,64.117],[-110.8803,64.0879],[-110.8906,64.0823],[-110.9087,64.0811],[-110.941,64.0932],[-111.0208,64.1061],[-111.0536,64.1179],[-111.0787,64.1335],[-111.1083,64.1453],[-111.1489,64.1462],[-111.3425,64.1253],[-111.3931,64.1394],[-111.4449,64.1444],[-111.4508,64.1465],[-111.458,64.1559],[-111.4663,64.158],[-111.4895,64.1585],[-111.5962,64.1397],[-111.7677,64.13],[-111.8367,64.1368],[-111.9012,64.1238],[-112.1376,64.13],[-112.1704,64.1421],[-112.1754,64.1485],[-112.1582,64.1512],[-112.0479,64.1518],[-111.9193,64.1827],[-111.8459,64.1844],[-111.6888,64.1668],[-111.5471,64.1662],[-111.5194,64.1721],[-111.4994,64.1865],[-111.4934,64.2133],[-111.5025,64.236],[-111.5746,64.2783],[-111.5802,64.2839],[-111.5834,64.3051],[-111.5912,64.3187],[-111.6095,64.3249],[-111.6448,64.3293],[-111.6753,64.3481],[-111.6784,64.3566],[-111.6682,64.369],[-111.6495,64.3705],[-111.5843,64.3599],[-111.5204,64.3357],[-111.5003,64.3225],[-111.4797,64.2884],[-111.4658,64.281],[-111.4337,64.2716],[-111.4106,64.2586],[-111.3878,64.2551],[-111.3836,64.2433],[-111.3844,64.2236],[-111.3766,64.2059],[-111.3618,64.1862],[-111.3407,64.1762],[-111.2811,64.1718],[-111.2495,64.1756],[-111.157,64.1989],[-111.1204,64.198],[-111.0135,64.1786],[-110.9377,64.1765]]]}},{"type":"Feature","properties":{},"bbox":[-119.30092,63.904211,-118.599597,64.065817],"geometry":{"type":"Polygon","coordinates":[[[-119.1683,63.9254],[-119.1955,63.9322],[-119.2166,63.9525],[-119.2513,63.9575],[-119.2928,63.9799],[-119.3009,63.9896],[-119.2818,63.9934],[-119.2465,63.9875],[-119.2356,63.9905],[-119.2303,64.0072],[-119.2443,64.0267],[-119.2422,64.0367],[-119.2166,64.0352],[-119.2303,64.0482],[-119.2151,64.0552],[-119.2019,64.0535],[-119.1605,64.0381],[-119.1303,64.0376],[-119.1136,64.042],[-119.1346,64.0626],[-119.1071,64.0658],[-118.9974,64.0482],[-118.9714,64.0393],[-118.9205,64.0119],[-118.7933,63.969],[-118.6745,63.9616],[-118.6309,63.9534],[-118.5996,63.9384],[-118.623,63.9292],[-118.6259,63.9216],[-118.6208,63.911],[-118.6822,63.9042],[-118.701,63.906],[-118.7013,63.911],[-118.6889,63.9283],[-118.7009,63.9472],[-118.7282,63.9431],[-118.7777,63.9245],[-119.0856,63.9322],[-119.1403,63.9254],[-119.1683,63.9254]]]}},{"type":"Feature","properties":{},"bbox":[-118.018081,60.844296,-117.393735,61.028862],"geometry":{"type":"Polygon","coordinates":[[[-117.4129,60.917],[-117.3937,60.8893],[-117.4355,60.8781],[-117.4445,60.8658],[-117.4597,60.8567],[-117.4966,60.8469],[-117.5377,60.8443],[-117.5779,60.8478],[-117.6136,60.8652],[-117.6267,60.8673],[-117.6398,60.8646],[-117.6628,60.8511],[-117.6703,60.8572],[-117.681,60.8758],[-117.7087,60.8867],[-117.7415,60.8949],[-117.8048,60.9026],[-117.8259,60.9079],[-117.8712,60.9341],[-117.9807,60.9744],[-118.0072,60.9782],[-118.0169,60.99],[-118.0181,61.0],[-118.014,61.0088],[-117.9911,61.0209],[-117.9622,61.0265],[-117.8936,61.0289],[-117.8559,61.0236],[-117.8029,60.9947],[-117.4617,60.9526],[-117.4336,60.9388],[-117.4129,60.917]]]}},{"type":"Feature","properties":{},"bbox":[-119.185823,59.641818,-118.456536,59.849051],"geometry":{"type":"Polygon","coordinates":[[[-118.4618,59.6645],[-118.4565,59.6565],[-118.4611,59.6483],[-118.4761,59.6418],[-118.5519,59.6554],[-118.5609,59.6589],[-118.5744,59.6733],[-118.5828,59.6766],[-118.6139,59.6624],[-118.6558,59.6565],[-118.6989,59.6554],[-118.7135,59.6589],[-118.764,59.6827],[-118.7499,59.6827],[-118.7722,59.7039],[-118.8033,59.7069],[-118.8672,59.6972],[-118.8831,59.6983],[-118.9212,59.7101],[-118.9528,59.7054],[-118.9596,59.7069],[-118.9636,59.7142],[-118.9592,59.7195],[-118.9416,59.7239],[-118.9477,59.7342],[-118.9837,59.7381],[-119.0177,59.756],[-119.0475,59.7607],[-119.067,59.7702],[-119.0825,59.7722],[-119.1346,59.7587],[-119.1584,59.7469],[-119.1695,59.7472],[-119.1818,59.7587],[-119.1858,59.769],[-119.1844,59.7805],[-119.1774,59.789],[-119.1654,59.7925],[-119.0385,59.7925],[-118.8857,59.819],[-118.832,59.8205],[-118.7743,59.8417],[-118.7574,59.8411],[-118.7437,59.8237],[-118.7368,59.8199],[-118.7187,59.8314],[-118.6594,59.8488],[-118.6317,59.8491],[-118.627,59.8276],[-118.6617,59.8131],[-118.6486,59.8046],[-118.6517,59.7731],[-118.6543,59.7722],[-118.6451,59.7607],[-118.603,59.7348],[-118.5893,59.7298],[-118.5138,59.7148],[-118.5075,59.6933],[-118.4699,59.6827],[-118.4699,59.6766],[-118.4761,59.6698],[-118.4618,59.6645]]]}},{"type":"Feature","properties":{},"bbox":[-121.795214,64.58272,-121.438298,64.665731],"geometry":{"type":"Polygon","coordinates":[[[-121.4407,64.6448],[-121.4383,64.6307],[-121.4696,64.6178],[-121.5061,64.5892],[-121.5256,64.5827],[-121.5481,64.5848],[-121.5864,64.5945],[-121.7,64.5998],[-121.7783,64.618],[-121.7952,64.6301],[-121.7725,64.6513],[-121.7094,64.664],[-121.471,64.6657],[-121.4536,64.6593],[-121.4407,64.6448]]]}},{"type":"Feature","properties":{},"bbox":[-122.78678,67.443056,-122.204527,67.549616],"geometry":{"type":"Polygon","coordinates":[[[-122.44,67.5476],[-122.2045,67.5496],[-122.2045,67.5431],[-122.229,67.5267],[-122.2369,67.5013],[-122.2304,67.4763],[-122.2114,67.4613],[-122.2329,67.4545],[-122.3201,67.4675],[-122.3495,67.4654],[-122.4237,67.4469],[-122.4522,67.4431],[-122.6327,67.4486],[-122.6633,67.4539],[-122.6633,67.4613],[-122.6371,67.4637],[-122.62,67.469],[-122.6196,67.474],[-122.6434,67.4748],[-122.7164,67.461],[-122.7868,67.481],[-122.7679,67.4819],[-122.7316,67.5022],[-122.711,67.5046],[-122.5742,67.4884],[-122.5386,67.4937],[-122.5063,67.5084],[-122.4714,67.5367],[-122.44,67.5476]]]}},{"type":"Feature","properties":{},"bbox":[-98.83128,65.618882,-98.562673,65.830235],"geometry":{"type":"Polygon","coordinates":[[[-98.5725,65.6351],[-98.5971,65.6209],[-98.6285,65.6189],[-98.6738,65.6345],[-98.7428,65.6415],[-98.7687,65.6513],[-98.7705,65.6722],[-98.7611,65.6898],[-98.763,65.7016],[-98.799,65.706],[-98.8023,65.7104],[-98.8021,65.7407],[-98.8226,65.7749],[-98.8313,65.799],[-98.8219,65.8138],[-98.7687,65.8302],[-98.7748,65.8158],[-98.7416,65.7846],[-98.7212,65.7731],[-98.6645,65.7631],[-98.587,65.7369],[-98.5694,65.7278],[-98.5709,65.7181],[-98.5899,65.6895],[-98.5856,65.6795],[-98.5668,65.6722],[-98.5627,65.6619],[-98.5725,65.6351]]]}},{"type":"Feature","properties":{},"bbox":[-100.974545,66.371571,-100.77217,66.57586],"geometry":{"type":"Polygon","coordinates":[[[-100.9045,66.4708],[-100.9745,66.4875],[-100.9453,66.4928],[-100.9129,66.4884],[-100.884,66.4887],[-100.8647,66.5084],[-100.8861,66.5555],[-100.8565,66.5756],[-100.8123,66.5759],[-100.7895,66.5638],[-100.7937,66.5408],[-100.7722,66.4993],[-100.7873,66.4543],[-100.7772,66.4037],[-100.7859,66.3813],[-100.811,66.3716],[-100.8377,66.3807],[-100.8599,66.3998],[-100.8723,66.4193],[-100.8773,66.4505],[-100.8858,66.4602],[-100.9045,66.4708]]]}},{"type":"Feature","properties":{},"bbox":[-90.874176,66.582924,-90.530947,66.830485],"geometry":{"type":"Polygon","coordinates":[[[-90.8308,66.7807],[-90.8742,66.7899],[-90.8358,66.8028],[-90.7029,66.8169],[-90.6583,66.829],[-90.636,66.8305],[-90.6265,66.8202],[-90.634,66.8099],[-90.6699,66.7919],[-90.6817,66.7822],[-90.6764,66.7454],[-90.6678,66.728],[-90.655,66.7207],[-90.6268,66.718],[-90.5502,66.6992],[-90.5309,66.6868],[-90.5368,66.6506],[-90.5664,66.6082],[-90.6039,66.5829],[-90.634,66.5979],[-90.6151,66.6191],[-90.617,66.6306],[-90.6544,66.6518],[-90.6431,66.6618],[-90.6207,66.6742],[-90.6134,66.6868],[-90.6533,66.6918],[-90.6958,66.6886],[-90.7299,66.6974],[-90.7564,66.7781],[-90.7885,66.7843],[-90.8308,66.7807]]]}},{"type":"Feature","properties":{},"bbox":[-89.393819,66.542302,-88.927693,66.824597],"geometry":{"type":"Polygon","coordinates":[[[-89.2352,66.7269],[-89.2355,66.7107],[-89.2182,66.6807],[-89.2156,66.6662],[-89.2201,66.6512],[-89.2296,66.6383],[-89.3073,66.5629],[-89.3444,66.5423],[-89.3801,66.5426],[-89.3517,66.5717],[-89.2892,66.623],[-89.2634,66.6518],[-89.2581,66.688],[-89.2968,66.6983],[-89.3514,66.6992],[-89.3938,66.7071],[-89.345,66.7174],[-89.3198,66.726],[-89.3012,66.7386],[-89.3073,66.7489],[-89.3726,66.7822],[-89.3726,66.7899],[-89.3101,66.7807],[-89.2945,66.786],[-89.2681,66.8166],[-89.2572,66.8231],[-89.239,66.8231],[-89.2268,66.8134],[-89.2218,66.8019],[-89.2318,66.7943],[-89.2272,66.789],[-89.2059,66.7781],[-89.196,66.7763],[-89.1367,66.7804],[-89.0989,66.7899],[-89.083,66.7963],[-89.0613,66.8202],[-89.0376,66.8246],[-88.9515,66.8219],[-88.9277,66.8169],[-88.956,66.7984],[-89.0596,66.7648],[-89.2054,66.7542],[-89.2229,66.7507],[-89.2319,66.7407],[-89.2352,66.7269]]]}},{"type":"Feature","properties":{},"bbox":[-88.784338,66.617071,-88.783013,66.618248],"geometry":{"type":"Polygon","coordinates":[[[-88.7839,66.6171],[-88.7843,66.6174],[-88.783,66.6182],[-88.7837,66.6171],[-88.7839,66.6171]]]}},{"type":"Feature","properties":{},"bbox":[-87.440418,66.645624,-86.981652,66.901426],"geometry":{"type":"Polygon","coordinates":[[[-87.0789,66.6833],[-87.1146,66.6912],[-87.1175,66.7027],[-87.1165,66.7172],[-87.1218,66.7313],[-87.1381,66.7542],[-87.1487,66.7643],[-87.1748,66.7737],[-87.2248,66.8061],[-87.2651,66.8443],[-87.276,66.8511],[-87.2947,66.8479],[-87.3244,66.8222],[-87.3449,66.8169],[-87.3679,66.8214],[-87.3779,66.8305],[-87.3921,66.8579],[-87.4404,66.8997],[-87.4145,66.9014],[-87.3602,66.8796],[-87.3374,66.8858],[-87.3449,66.8997],[-87.238,66.8817],[-87.2214,66.8679],[-87.2074,66.8496],[-87.1749,66.8408],[-87.1115,66.8308],[-87.1477,66.8193],[-87.1631,66.8108],[-87.1736,66.7966],[-87.1428,66.7737],[-87.0892,66.7598],[-87.033,66.759],[-86.9948,66.776],[-86.9831,66.7463],[-86.9817,66.7351],[-86.9909,66.708],[-87.0279,66.6677],[-87.0432,66.6456],[-87.0516,66.6609],[-87.0635,66.6739],[-87.0789,66.6833]]]}},{"type":"Feature","properties":{},"bbox":[-88.084781,66.423968,-87.841637,66.573505],"geometry":{"type":"Polygon","coordinates":[[[-88.0414,66.5305],[-88.0302,66.5426],[-88.0576,66.5576],[-88.0599,66.5685],[-88.0439,66.5735],[-88.0165,66.57],[-87.9901,66.562],[-87.8899,66.5161],[-87.8614,66.492],[-87.8416,66.4622],[-87.8446,66.4328],[-87.8619,66.426],[-87.8923,66.424],[-87.9229,66.4263],[-87.9407,66.4328],[-87.9461,66.4463],[-87.9423,66.4605],[-87.9264,66.4875],[-87.9402,66.4984],[-87.9781,66.5132],[-87.9956,66.5152],[-88.0063,66.5111],[-88.0302,66.4814],[-88.0458,66.4752],[-88.0637,66.4734],[-88.0786,66.4796],[-88.0848,66.4979],[-88.0771,66.5108],[-88.0414,66.5305]]]}},{"type":"Feature","properties":{},"bbox":[-93.279278,64.788481,-92.84671,64.932719],"geometry":{"type":"Polygon","coordinates":[[[-93.0057,64.8418],[-93.0376,64.8291],[-93.0875,64.795],[-93.103,64.7894],[-93.1177,64.7885],[-93.1309,64.7929],[-93.1421,64.8023],[-93.1442,64.8123],[-93.1411,64.8212],[-93.1436,64.8273],[-93.2329,64.83],[-93.2659,64.8379],[-93.2793,64.8577],[-93.2441,64.8974],[-93.1699,64.8871],[-93.0972,64.8685],[-93.0665,64.8841],[-93.0844,64.898],[-93.1175,64.9139],[-93.1361,64.9271],[-93.111,64.9327],[-93.0812,64.9274],[-92.9633,64.8688],[-92.9537,64.8721],[-92.9372,64.8841],[-92.9285,64.9027],[-92.9162,64.9048],[-92.8935,64.9018],[-92.886,64.8956],[-92.882,64.8841],[-92.8904,64.8768],[-92.8929,64.8674],[-92.885,64.8259],[-92.8792,64.8132],[-92.8679,64.8053],[-92.8467,64.8023],[-92.876,64.7988],[-92.925,64.8035],[-92.9709,64.8135],[-92.9912,64.8262],[-93.0057,64.8418]]]}},{"type":"Feature","properties":{},"bbox":[-94.656608,62.993448,-94.108502,63.246896],"geometry":{"type":"Polygon","coordinates":[[[-94.1217,63.0871],[-94.1085,63.0785],[-94.1223,63.0703],[-94.2109,63.0885],[-94.199,63.0759],[-94.197,63.0665],[-94.2051,63.0597],[-94.2246,63.055],[-94.2463,63.0564],[-94.2822,63.0717],[-94.3,63.0756],[-94.3254,63.0759],[-94.3274,63.075],[-94.2969,63.0582],[-94.2932,63.0506],[-94.3065,63.0302],[-94.2866,63.0067],[-94.3618,63.0067],[-94.4054,62.9937],[-94.4232,62.9934],[-94.4027,63.0141],[-94.4196,63.0264],[-94.4438,63.0332],[-94.4438,63.0408],[-94.4118,63.0426],[-94.4027,63.0476],[-94.4101,63.0476],[-94.3884,63.0679],[-94.4108,63.0818],[-94.4436,63.0924],[-94.4763,63.0959],[-94.4982,63.0885],[-94.4853,63.0756],[-94.544,63.0765],[-94.5654,63.085],[-94.5573,63.1059],[-94.5331,63.1194],[-94.481,63.125],[-94.4573,63.1371],[-94.5381,63.1624],[-94.593,63.1695],[-94.6566,63.206],[-94.6317,63.2334],[-94.6298,63.2469],[-94.5583,63.2304],[-94.3481,63.2195],[-94.3165,63.1989],[-94.2935,63.1712],[-94.3353,63.1501],[-94.3615,63.1542],[-94.3753,63.1506],[-94.3636,63.1286],[-94.3218,63.1138],[-94.2836,63.0912],[-94.2729,63.0918],[-94.246,63.1103],[-94.1217,63.0871]]]}},{"type":"Feature","properties":{},"bbox":[-99.466959,64.062579,-99.001422,64.289828],"geometry":{"type":"Polygon","coordinates":[[[-99.047,64.2813],[-99.0014,64.2542],[-99.0167,64.2486],[-99.032,64.2477],[-99.0961,64.2654],[-99.1351,64.2683],[-99.1727,64.2613],[-99.2028,64.2433],[-99.2064,64.2357],[-99.1994,64.2095],[-99.2066,64.203],[-99.2546,64.1915],[-99.2931,64.1677],[-99.303,64.158],[-99.3102,64.127],[-99.3532,64.115],[-99.391,64.0741],[-99.4185,64.0626],[-99.4393,64.0652],[-99.4449,64.0782],[-99.4402,64.127],[-99.4661,64.188],[-99.467,64.2059],[-99.4465,64.2212],[-99.4106,64.2295],[-99.313,64.2386],[-99.2266,64.2742],[-99.1724,64.2857],[-99.1084,64.2898],[-99.047,64.2813]]]}},{"type":"Feature","properties":{},"bbox":[-96.869343,63.815313,-96.328743,64.103495],"geometry":{"type":"Polygon","coordinates":[[[-96.3879,63.9746],[-96.3287,63.9596],[-96.3482,63.9469],[-96.503,63.9301],[-96.5158,63.9245],[-96.5376,63.9074],[-96.5444,63.8951],[-96.541,63.863],[-96.5601,63.8456],[-96.5906,63.8303],[-96.6235,63.8194],[-96.6505,63.8153],[-96.6661,63.818],[-96.6792,63.825],[-96.7132,63.8533],[-96.7532,63.8695],[-96.6902,63.878],[-96.6624,63.8892],[-96.6639,63.911],[-96.5982,63.9236],[-96.6088,63.9451],[-96.6509,63.9793],[-96.7018,63.9931],[-96.8333,64.0087],[-96.8693,64.0352],[-96.8483,64.0464],[-96.6918,64.1035],[-96.6483,64.1],[-96.6034,64.0805],[-96.5819,64.0555],[-96.6087,64.0352],[-96.5838,64.0252],[-96.5522,64.0258],[-96.4931,64.0352],[-96.4243,64.0364],[-96.356,64.0275],[-96.356,64.0208],[-96.3786,64.0081],[-96.4038,63.9978],[-96.4309,63.9922],[-96.4591,63.9934],[-96.517,64.0137],[-96.5457,64.0199],[-96.5751,64.014],[-96.521,63.9837],[-96.3879,63.9746]]]}},{"type":"Feature","properties":{},"bbox":[-96.078975,65.208538,-95.780048,65.439614],"geometry":{"type":"Polygon","coordinates":[[[-96.0753,65.2409],[-96.079,65.2527],[-96.0678,65.2645],[-96.0108,65.2924],[-95.9698,65.2986],[-95.9578,65.3063],[-95.952,65.3298],[-95.9565,65.3604],[-95.9658,65.3928],[-95.9645,65.4211],[-95.9377,65.4396],[-95.9336,65.4255],[-95.9152,65.4022],[-95.9113,65.3863],[-95.9105,65.3572],[-95.9155,65.3384],[-95.9105,65.3298],[-95.9018,65.3245],[-95.8823,65.3195],[-95.8762,65.3089],[-95.8776,65.2998],[-95.8887,65.2836],[-95.8898,65.2754],[-95.8851,65.2695],[-95.7965,65.2294],[-95.78,65.2138],[-95.8192,65.2085],[-95.9078,65.2386],[-95.9514,65.2474],[-95.9743,65.2439],[-96.0191,65.2291],[-96.0407,65.2268],[-96.0609,65.2315],[-96.0753,65.2409]]]}},{"type":"Feature","properties":{},"bbox":[-95.611083,65.099624,-95.129504,65.241213],"geometry":{"type":"Polygon","coordinates":[[[-95.6093,65.2138],[-95.6111,65.223],[-95.6087,65.2318],[-95.6033,65.2386],[-95.595,65.2412],[-95.5135,65.2283],[-95.4852,65.2268],[-95.4389,65.2368],[-95.4189,65.2359],[-95.4028,65.1997],[-95.3828,65.1859],[-95.3258,65.1759],[-95.3166,65.1635],[-95.3076,65.1591],[-95.2687,65.16],[-95.1934,65.175],[-95.1569,65.1653],[-95.1692,65.1523],[-95.1767,65.1373],[-95.1295,65.1314],[-95.1295,65.1238],[-95.1644,65.1246],[-95.1804,65.122],[-95.2102,65.1043],[-95.2291,65.0996],[-95.248,65.1002],[-95.263,65.107],[-95.2939,65.1402],[-95.3076,65.145],[-95.32,65.1402],[-95.3192,65.1299],[-95.3008,65.1102],[-95.3286,65.1114],[-95.3877,65.1317],[-95.4175,65.1373],[-95.4651,65.1352],[-95.4721,65.1411],[-95.4785,65.1544],[-95.4938,65.1594],[-95.5267,65.1591],[-95.5154,65.1776],[-95.5213,65.1903],[-95.5385,65.1976],[-95.5881,65.2],[-95.6005,65.2038],[-95.6093,65.2138]]]}},{"type":"Feature","properties":{},"bbox":[-96.218798,64.462914,-95.835242,64.665731],"geometry":{"type":"Polygon","coordinates":[[[-96.2123,64.5921],[-96.2188,64.5998],[-96.2129,64.6127],[-96.1933,64.6286],[-96.1983,64.6439],[-96.1773,64.6543],[-96.1193,64.6439],[-96.0947,64.6466],[-96.0332,64.6657],[-95.9851,64.6657],[-95.9322,64.6531],[-95.8352,64.6166],[-95.8564,64.6092],[-95.9308,64.603],[-95.9793,64.5695],[-95.9255,64.5598],[-95.9172,64.5521],[-95.93,64.5274],[-95.9308,64.515],[-95.9253,64.5038],[-95.9074,64.4876],[-95.9035,64.4765],[-95.9106,64.4635],[-95.9274,64.4629],[-95.9656,64.4726],[-95.9612,64.4891],[-95.9818,64.4926],[-96.027,64.4932],[-96.0297,64.5091],[-96.0082,64.5165],[-95.9656,64.5212],[-95.9623,64.5336],[-95.9734,64.5453],[-96.0066,64.5621],[-96.0314,64.5674],[-96.0528,64.5659],[-96.0959,64.5559],[-96.0853,64.5439],[-96.0673,64.54],[-96.027,64.5415],[-96.052,64.5259],[-96.085,64.5203],[-96.1505,64.5212],[-96.1751,64.5259],[-96.1813,64.5377],[-96.1642,64.5757],[-96.2123,64.5921]]]}},{"type":"Feature","properties":{},"bbox":[-97.904622,65.506435,-97.589358,65.715728],"geometry":{"type":"Polygon","coordinates":[[[-97.6098,65.6583],[-97.5894,65.6589],[-97.6707,65.6395],[-97.71,65.6254],[-97.7123,65.6042],[-97.7009,65.5859],[-97.695,65.568],[-97.6924,65.525],[-97.6959,65.5114],[-97.705,65.5064],[-97.7173,65.5091],[-97.7465,65.5273],[-97.8022,65.5285],[-97.8724,65.5671],[-97.8842,65.58],[-97.8861,65.6053],[-97.9046,65.6651],[-97.9026,65.6925],[-97.8853,65.7095],[-97.8656,65.7157],[-97.8562,65.7098],[-97.85,65.6686],[-97.8446,65.6521],[-97.8022,65.6383],[-97.7953,65.628],[-97.7928,65.6159],[-97.7948,65.6042],[-97.7757,65.5912],[-97.7652,65.5924],[-97.7514,65.6327],[-97.7287,65.6501],[-97.6999,65.6604],[-97.6719,65.6651],[-97.6098,65.6583]]]}},{"type":"Feature","properties":{},"bbox":[-99.362313,65.436082,-99.138596,65.639782],"geometry":{"type":"Polygon","coordinates":[[[-99.3408,65.472],[-99.3623,65.482],[-99.3576,65.5079],[-99.3123,65.5512],[-99.3084,65.5685],[-99.3441,65.5833],[-99.2431,65.6321],[-99.2198,65.6398],[-99.2017,65.6395],[-99.1994,65.6242],[-99.1844,65.6012],[-99.2059,65.5786],[-99.2718,65.5385],[-99.2755,65.5253],[-99.2643,65.5132],[-99.2335,65.5011],[-99.1848,65.505],[-99.1386,65.5141],[-99.1566,65.4988],[-99.1601,65.4882],[-99.1527,65.4649],[-99.1645,65.4558],[-99.1932,65.4464],[-99.2649,65.4361],[-99.2931,65.4399],[-99.282,65.4596],[-99.3089,65.4679],[-99.3408,65.472]]]}},{"type":"Feature","properties":{},"bbox":[-99.775453,65.172332,-99.524802,65.336587],"geometry":{"type":"Polygon","coordinates":[[[-99.7353,65.2259],[-99.7276,65.2336],[-99.73,65.24],[-99.7604,65.2771],[-99.7685,65.2957],[-99.7688,65.3071],[-99.764,65.3248],[-99.7685,65.3366],[-99.7485,65.3331],[-99.7181,65.3019],[-99.6997,65.2883],[-99.6816,65.2966],[-99.6604,65.3013],[-99.6386,65.3013],[-99.5822,65.2836],[-99.5426,65.2821],[-99.5248,65.2771],[-99.5286,65.2656],[-99.5732,65.2259],[-99.5807,65.2156],[-99.5837,65.2032],[-99.5729,65.1823],[-99.5756,65.175],[-99.598,65.1723],[-99.6165,65.185],[-99.6183,65.2109],[-99.6252,65.2309],[-99.6593,65.2268],[-99.6643,65.2221],[-99.6692,65.2032],[-99.6919,65.1894],[-99.7345,65.1765],[-99.7491,65.1788],[-99.7481,65.1926],[-99.7755,65.2065],[-99.7353,65.2259]]]}},{"type":"Feature","properties":{},"bbox":[-102.467266,65.014258,-102.167309,65.178513],"geometry":{"type":"Polygon","coordinates":[[[-102.4474,65.0802],[-102.4673,65.1211],[-102.4618,65.1517],[-102.4359,65.1561],[-102.3382,65.1482],[-102.3349,65.1623],[-102.3261,65.165],[-102.2973,65.1591],[-102.215,65.1685],[-102.1769,65.1785],[-102.1673,65.1744],[-102.1695,65.165],[-102.1797,65.1558],[-102.1942,65.1517],[-102.225,65.1508],[-102.2908,65.1414],[-102.3177,65.1314],[-102.2775,65.1288],[-102.2605,65.1199],[-102.2494,65.104],[-102.2617,65.069],[-102.2867,65.0384],[-102.3636,65.0143],[-102.3765,65.0151],[-102.3928,65.0213],[-102.4174,65.0425],[-102.4474,65.0802]]]}},{"type":"Feature","properties":{},"bbox":[-95.450802,61.341182,-94.697524,61.891643],"geometry":{"type":"Polygon","coordinates":[[[-94.7339,61.3956],[-94.6975,61.383],[-94.7256,61.3653],[-94.7415,61.3615],[-94.759,61.3618],[-94.7523,61.3412],[-94.8484,61.3482],[-94.8825,61.3583],[-94.9647,61.3715],[-94.9925,61.3892],[-94.9632,61.3983],[-94.9296,61.4024],[-94.8621,61.4027],[-94.8621,61.4104],[-94.9377,61.428],[-94.9523,61.4469],[-94.9819,61.4539],[-95.0259,61.4722],[-95.0581,61.4798],[-95.0717,61.4863],[-95.0812,61.499],[-95.0762,61.509],[-95.082,61.5199],[-95.1191,61.5419],[-95.1569,61.5823],[-95.2128,61.6114],[-95.2623,61.6244],[-95.2793,61.6323],[-95.2865,61.6394],[-95.2796,61.652],[-95.2319,61.6635],[-95.2589,61.6747],[-95.2659,61.6806],[-95.2319,61.6977],[-95.2933,61.7112],[-95.3021,61.7265],[-95.2933,61.735],[-95.2761,61.7389],[-95.2593,61.7386],[-95.2698,61.7486],[-95.3011,61.7621],[-95.3076,61.7698],[-95.313,61.7845],[-95.3264,61.793],[-95.4289,61.811],[-95.4483,61.8245],[-95.4508,61.8322],[-95.4237,61.8354],[-95.4142,61.859],[-95.3462,61.8911],[-95.2642,61.8916],[-95.1825,61.8702],[-95.1158,61.8354],[-95.1158,61.8281],[-95.1823,61.8248],[-95.2489,61.8366],[-95.2933,61.8354],[-95.3674,61.8422],[-95.3828,61.8354],[-95.3763,61.8231],[-95.3507,61.8128],[-95.3008,61.8007],[-95.2587,61.7969],[-95.2252,61.7598],[-95.2063,61.7574],[-95.1712,61.771],[-95.15,61.7665],[-95.1093,61.6903],[-95.1111,61.6853],[-95.1227,61.6832],[-95.1706,61.6832],[-95.1631,61.6729],[-95.151,61.6647],[-95.1221,61.6567],[-95.1342,61.6394],[-95.1482,61.6338],[-95.1535,61.6282],[-95.1395,61.6123],[-95.1244,61.6038],[-95.0743,61.5855],[-95.0572,61.5823],[-94.9991,61.5337],[-94.9661,61.5249],[-94.9576,61.5196],[-94.9508,61.4916],[-94.9199,61.4837],[-94.8416,61.4513],[-94.7663,61.4374],[-94.737,61.4245],[-94.7459,61.4027],[-94.7339,61.3956]]]}},{"type":"Feature","properties":{},"bbox":[-95.979333,62.615485,-95.396492,63.191555],"geometry":{"type":"Polygon","coordinates":[[[-95.4374,63.1233],[-95.4851,63.1409],[-95.4989,63.1433],[-95.5126,63.138],[-95.5192,63.1118],[-95.5337,63.1024],[-95.5267,63.0885],[-95.5491,63.09],[-95.5575,63.0868],[-95.5746,63.0408],[-95.5685,63.0282],[-95.5192,62.9934],[-95.5504,62.9384],[-95.6014,62.9278],[-95.623,62.9316],[-95.6588,62.9493],[-95.6813,62.954],[-95.6913,62.9416],[-95.686,62.924],[-95.6602,62.9057],[-95.6502,62.8898],[-95.7194,62.899],[-95.8146,62.9225],[-95.8316,62.9249],[-95.8349,62.9204],[-95.8208,62.901],[-95.7796,62.8898],[-95.7434,62.8551],[-95.7193,62.8416],[-95.6014,62.8304],[-95.5684,62.8148],[-95.6167,62.7859],[-95.6639,62.78],[-95.6452,62.7733],[-95.6292,62.7597],[-95.6502,62.755],[-95.6638,62.7447],[-95.6669,62.7297],[-95.6564,62.7123],[-95.6767,62.7173],[-95.6991,62.7097],[-95.7328,62.6844],[-95.7106,62.662],[-95.6489,62.6379],[-95.6292,62.6155],[-95.7168,62.6293],[-95.7459,62.6293],[-95.7669,62.6367],[-95.7817,62.6487],[-95.7852,62.6646],[-95.7733,62.6844],[-95.7809,62.6973],[-95.7733,62.7459],[-95.7853,62.7609],[-95.885,62.8056],[-95.8932,62.8115],[-95.8971,62.8198],[-95.8968,62.8489],[-95.9131,62.8619],[-95.9634,62.8775],[-95.9793,62.8898],[-95.9247,62.9178],[-95.9377,62.9731],[-95.8592,62.9793],[-95.7282,62.9687],[-95.6844,62.9793],[-95.658,62.9908],[-95.657,62.9952],[-95.6679,63.0002],[-95.6776,63.0141],[-95.6726,63.027],[-95.6619,63.0403],[-95.6588,63.0508],[-95.7677,63.0682],[-95.7989,63.0853],[-95.78,63.1097],[-95.7536,63.0977],[-95.7232,63.09],[-95.6923,63.0888],[-95.6639,63.0959],[-95.6496,63.1059],[-95.5925,63.1657],[-95.5519,63.1889],[-95.5337,63.1916],[-95.4314,63.1727],[-95.3965,63.1712],[-95.3965,63.1648],[-95.4146,63.1633],[-95.4374,63.1233]]]}},{"type":"Feature","properties":{},"bbox":[-99.999317,63.839451,-99.481236,64.157364],"geometry":{"type":"Polygon","coordinates":[[[-99.9535,63.8836],[-99.9463,63.8995],[-99.9678,63.9322],[-99.9621,63.9598],[-99.9631,63.9734],[-99.9993,63.9893],[-99.989,64.0125],[-99.946,64.0549],[-99.9747,64.0679],[-99.9837,64.0752],[-99.9808,64.0897],[-99.9499,64.1],[-99.93,64.1206],[-99.9006,64.1421],[-99.8655,64.1532],[-99.8276,64.1574],[-99.7688,64.1568],[-99.7453,64.1524],[-99.7309,64.1429],[-99.7378,64.127],[-99.7594,64.1026],[-99.7568,64.0929],[-99.7344,64.0897],[-99.7076,64.1008],[-99.6839,64.122],[-99.658,64.1391],[-99.6246,64.1368],[-99.6392,64.1173],[-99.703,64.0723],[-99.7039,64.057],[-99.6425,64.0602],[-99.6456,64.042],[-99.6247,64.0334],[-99.6075,64.0387],[-99.5957,64.052],[-99.591,64.0688],[-99.5947,64.0947],[-99.5924,64.1103],[-99.5874,64.117],[-99.5631,64.13],[-99.5495,64.13],[-99.5423,64.1256],[-99.5348,64.1123],[-99.523,64.1035],[-99.5276,64.0897],[-99.542,64.0688],[-99.5405,64.0576],[-99.5372,64.0514],[-99.5304,64.0487],[-99.5064,64.0473],[-99.5015,64.0437],[-99.4826,63.9902],[-99.4812,63.976],[-99.4865,63.971],[-99.5222,63.9654],[-99.5322,63.961],[-99.5529,63.9419],[-99.57,63.9313],[-99.5921,63.9275],[-99.6383,63.9322],[-99.6624,63.9401],[-99.669,63.9513],[-99.6518,63.9866],[-99.6751,64.0078],[-99.7092,64.0134],[-99.742,64.0037],[-99.7612,63.9793],[-99.7515,63.9384],[-99.7432,63.9322],[-99.747,63.9189],[-99.7612,63.8974],[-99.799,63.853],[-99.8134,63.8421],[-99.8249,63.8395],[-99.8364,63.8424],[-99.8845,63.8736],[-99.8986,63.8768],[-99.9538,63.8636],[-99.974,63.863],[-99.9535,63.8836]]]}},{"type":"Feature","properties":{},"bbox":[-103.469134,55.002934,-102.624603,55.491284],"geometry":{"type":"Polygon","coordinates":[[[-102.6296,55.1916],[-102.6246,55.179],[-102.6343,55.1698],[-102.6501,55.1666],[-102.6882,55.1804],[-102.7275,55.1849],[-102.7647,55.1816],[-102.7839,55.1678],[-102.7749,55.1539],[-102.7088,55.0992],[-102.7142,55.045],[-102.721,55.0156],[-102.7388,55.0029],[-102.7532,55.0056],[-102.7582,55.0126],[-102.7634,55.0365],[-102.7839,55.0506],[-102.7824,55.0606],[-102.7721,55.0739],[-102.7696,55.0821],[-102.7716,55.1083],[-102.7796,55.1166],[-102.8351,55.1195],[-102.8454,55.123],[-102.8521,55.1469],[-102.8861,55.1486],[-102.9246,55.1354],[-102.9438,55.1174],[-102.9204,55.1054],[-102.9356,55.0933],[-102.9486,55.0942],[-102.9756,55.1054],[-103.0235,55.0921],[-103.0104,55.0712],[-103.0188,55.0597],[-103.0479,55.0406],[-103.0651,55.0365],[-103.0853,55.0412],[-103.0915,55.0559],[-103.0919,55.0715],[-103.099,55.0871],[-103.095,55.106],[-103.0844,55.1248],[-103.0682,55.133],[-103.0322,55.1389],[-103.0182,55.151],[-103.0167,55.1743],[-103.0252,55.1846],[-103.0425,55.1952],[-103.0781,55.2084],[-103.0979,55.2096],[-103.2286,55.1928],[-103.2685,55.2052],[-103.2749,55.2099],[-103.2816,55.2293],[-103.2978,55.2487],[-103.3137,55.2481],[-103.3592,55.2561],[-103.3408,55.2841],[-103.3387,55.2938],[-103.3661,55.3038],[-103.3701,55.3111],[-103.3729,55.3317],[-103.3967,55.3506],[-103.4509,55.3644],[-103.4691,55.3803],[-103.449,55.3859],[-103.3627,55.3865],[-103.353,55.3897],[-103.3333,55.4039],[-103.2704,55.4139],[-103.2123,55.4442],[-103.1846,55.4477],[-103.1695,55.4589],[-103.1543,55.4795],[-103.1399,55.4913],[-103.1265,55.4757],[-103.121,55.4518],[-103.1312,55.4253],[-103.1512,55.4039],[-103.1749,55.3933],[-103.1985,55.4],[-103.2189,55.4],[-103.2247,55.3947],[-103.231,55.3685],[-103.2432,55.3585],[-103.2902,55.378],[-103.3047,55.3803],[-103.3155,55.3768],[-103.3458,55.3541],[-103.3077,55.3353],[-103.2893,55.322],[-103.3047,55.3038],[-103.2716,55.2693],[-103.2197,55.2487],[-103.1621,55.2402],[-103.1122,55.2425],[-103.0776,55.2505],[-103.0651,55.2487],[-103.0358,55.2252],[-102.994,55.2175],[-102.9637,55.1931],[-102.9415,55.181],[-102.8937,55.1743],[-102.8736,55.1784],[-102.8708,55.1825],[-102.8794,55.2049],[-102.8745,55.2202],[-102.8611,55.2208],[-102.818,55.2084],[-102.8036,55.2081],[-102.7665,55.2152],[-102.6948,55.2084],[-102.6611,55.204],[-102.6296,55.1916]]]}},{"type":"Feature","properties":{},"bbox":[-101.784194,58.538542,-101.390923,58.895311],"geometry":{"type":"Polygon","coordinates":[[[-101.7727,58.6118],[-101.7677,58.6198],[-101.7629,58.621],[-101.7702,58.6416],[-101.7695,58.6689],[-101.7593,58.6928],[-101.728,58.7075],[-101.715,58.7187],[-101.7053,58.7316],[-101.7049,58.7505],[-101.6797,58.779],[-101.676,58.8011],[-101.6819,58.8232],[-101.6963,58.8406],[-101.7439,58.8567],[-101.7395,58.8768],[-101.7184,58.8938],[-101.694,58.8953],[-101.6876,58.888],[-101.6735,58.8535],[-101.6355,58.8297],[-101.621,58.8082],[-101.6166,58.7873],[-101.621,58.7664],[-101.6324,58.7443],[-101.6731,58.6851],[-101.6766,58.6754],[-101.6494,58.6586],[-101.6355,58.6557],[-101.5778,58.6557],[-101.4078,58.5783],[-101.3924,58.5656],[-101.3909,58.55],[-101.4076,58.5418],[-101.4544,58.5388],[-101.5132,58.5494],[-101.5643,58.5656],[-101.5568,58.573],[-101.5833,58.5842],[-101.6263,58.5886],[-101.6698,58.5862],[-101.7122,58.5706],[-101.7283,58.5739],[-101.7561,58.5868],[-101.7796,58.5909],[-101.7842,58.5974],[-101.7727,58.6118]],[[-101.7742,58.6095],[-101.7736,58.6104],[-101.7757,58.608],[-101.7742,58.6095]]]}},{"type":"Feature","properties":{},"bbox":[-102.564259,58.744891,-102.160244,58.922392],"geometry":{"type":"Polygon","coordinates":[[[-102.3962,58.7973],[-102.4283,58.7864],[-102.4945,58.7449],[-102.5066,58.7461],[-102.5142,58.7549],[-102.5211,58.782],[-102.5319,58.7867],[-102.5643,58.7852],[-102.527,58.7967],[-102.517,58.8064],[-102.4823,58.8264],[-102.4238,58.8297],[-102.4078,58.8409],[-102.3457,58.8612],[-102.287,58.8915],[-102.243,58.8994],[-102.1984,58.9183],[-102.1769,58.9224],[-102.1602,58.9177],[-102.17,58.9071],[-102.2079,58.8882],[-102.2494,58.8774],[-102.2683,58.8671],[-102.2821,58.8332],[-102.3314,58.8064],[-102.3497,58.7823],[-102.3589,58.7755],[-102.3714,58.7711],[-102.3776,58.774],[-102.3778,58.7817],[-102.3723,58.7923],[-102.3962,58.7973]]]}},{"type":"Feature","properties":{},"bbox":[-103.016696,58.785219,-102.81123,58.874117],"geometry":{"type":"Polygon","coordinates":[[[-102.9889,58.787],[-103.0167,58.7852],[-102.9893,58.7996],[-102.9564,58.8382],[-102.9271,58.8632],[-102.9006,58.8741],[-102.8867,58.8703],[-102.8508,58.8503],[-102.8385,58.84],[-102.8248,58.8017],[-102.8112,58.7923],[-102.8399,58.7946],[-102.8925,58.8138],[-102.921,58.8097],[-102.9661,58.7917],[-102.9889,58.787]]]}},{"type":"Feature","properties":{},"bbox":[-104.873839,61.191057,-104.146907,61.649382],"geometry":{"type":"Polygon","coordinates":[[[-104.159,61.6494],[-104.1469,61.6323],[-104.1593,61.6217],[-104.2362,61.5746],[-104.2733,61.6014],[-104.3332,61.6032],[-104.3964,61.5908],[-104.4423,61.5746],[-104.49,61.5378],[-104.5258,61.5302],[-104.5293,61.5222],[-104.526,61.5128],[-104.5175,61.5057],[-104.5032,61.5043],[-104.4717,61.5125],[-104.456,61.5134],[-104.456,61.5057],[-104.4834,61.4854],[-104.4707,61.4645],[-104.4485,61.4513],[-104.456,61.4369],[-104.4188,61.4421],[-104.4076,61.4369],[-104.422,61.4307],[-104.4314,61.4227],[-104.4423,61.3959],[-104.3803,61.3959],[-104.3293,61.4139],[-104.2096,61.4351],[-104.1749,61.4307],[-104.1874,61.4142],[-104.2293,61.4071],[-104.2626,61.3886],[-104.3257,61.3618],[-104.3257,61.355],[-104.2514,61.3406],[-104.2329,61.3315],[-104.2287,61.3176],[-104.2436,61.3082],[-104.2847,61.3009],[-104.2704,61.3209],[-104.2872,61.3276],[-104.3524,61.3344],[-104.3945,61.3282],[-104.4168,61.3403],[-104.4841,61.3165],[-104.5269,61.3112],[-104.5299,61.3035],[-104.5032,61.28],[-104.5521,61.2664],[-104.5871,61.2617],[-104.577,61.2529],[-104.5447,61.239],[-104.5324,61.2173],[-104.55,61.2011],[-104.5821,61.1919],[-104.613,61.1911],[-104.6026,61.2114],[-104.6116,61.2237],[-104.6319,61.2302],[-104.6959,61.2332],[-104.715,61.237],[-104.7228,61.2458],[-104.6746,61.2705],[-104.6682,61.2835],[-104.6743,61.2988],[-104.6729,61.3047],[-104.6205,61.3141],[-104.6205,61.3209],[-104.6478,61.3282],[-104.5774,61.3418],[-104.5493,61.355],[-104.5311,61.383],[-104.5311,61.4104],[-104.5132,61.4221],[-104.5106,61.4307],[-104.516,61.4398],[-104.5517,61.4648],[-104.5727,61.4678],[-104.641,61.4648],[-104.7567,61.4834],[-104.7963,61.4825],[-104.8738,61.4722],[-104.8588,61.4954],[-104.8345,61.5037],[-104.7782,61.5057],[-104.6269,61.5458],[-104.613,61.5543],[-104.6043,61.5646],[-104.6018,61.5776],[-104.5864,61.5823],[-104.5364,61.5796],[-104.5175,61.5823],[-104.4837,61.599],[-104.4466,61.6055],[-104.3912,61.6244],[-104.3512,61.6308],[-104.3254,61.6403],[-104.312,61.6423],[-104.2435,61.6361],[-104.1871,61.6488],[-104.159,61.6494]]]}},{"type":"Feature","properties":{},"bbox":[-98.072556,56.885393,-97.589358,57.187705],"geometry":{"type":"Polygon","coordinates":[[[-97.685,57.1533],[-97.5894,57.1274],[-97.6363,57.1188],[-97.6684,57.1068],[-97.7159,57.0729],[-97.7258,57.0585],[-97.7146,57.0385],[-97.6956,57.0237],[-97.69,57.0111],[-97.7688,56.9772],[-97.787,56.9605],[-97.8022,56.9351],[-97.8153,56.9022],[-97.8257,56.8907],[-97.8379,56.8854],[-97.8527,56.8863],[-97.8668,56.8916],[-97.8767,56.9004],[-97.8562,56.9281],[-97.8814,56.9275],[-97.9404,56.906],[-97.9626,56.911],[-97.9916,56.9231],[-98.0196,56.9128],[-98.044,56.8975],[-98.0623,56.8942],[-98.0726,56.9142],[-98.0484,56.9325],[-97.9653,56.9672],[-97.9592,56.9766],[-97.9604,56.9875],[-97.9804,57.0176],[-97.9279,57.0408],[-97.8803,57.0758],[-97.826,57.1365],[-97.8022,57.1547],[-97.7443,57.1839],[-97.7128,57.1877],[-97.6992,57.1647],[-97.685,57.1533]]]}},{"type":"Feature","properties":{},"bbox":[-98.586958,51.510009,-98.157922,51.841758],"geometry":{"type":"Polygon","coordinates":[[[-98.2044,51.8044],[-98.1579,51.7958],[-98.1676,51.7888],[-98.1647,51.782],[-98.1722,51.782],[-98.1924,51.7661],[-98.219,51.7605],[-98.2711,51.7617],[-98.2814,51.7587],[-98.2972,51.7455],[-98.3086,51.7411],[-98.3491,51.7455],[-98.364,51.7411],[-98.3788,51.732],[-98.369,51.7252],[-98.364,51.7169],[-98.364,51.6822],[-98.3705,51.6749],[-98.4012,51.671],[-98.4111,51.6654],[-98.4114,51.656],[-98.3906,51.6313],[-98.4064,51.6225],[-98.427,51.5901],[-98.4454,51.5795],[-98.4527,51.5556],[-98.48,51.535],[-98.4995,51.5135],[-98.5106,51.51],[-98.5712,51.5459],[-98.5824,51.5556],[-98.5762,51.563],[-98.5814,51.5674],[-98.5762,51.5765],[-98.587,51.591],[-98.5839,51.6057],[-98.5627,51.6375],[-98.5684,51.6572],[-98.5555,51.6822],[-98.5341,51.7058],[-98.5147,51.7199],[-98.4866,51.7317],[-98.3855,51.759],[-98.3554,51.7723],[-98.3497,51.7788],[-98.3556,51.8173],[-98.3497,51.83],[-98.3242,51.8418],[-98.2913,51.8347],[-98.2336,51.8026],[-98.2209,51.8094],[-98.2063,51.81],[-98.2044,51.8044]]]}},{"type":"Feature","properties":{},"bbox":[-99.96782,51.109674,-99.549528,51.458201],"geometry":{"type":"Polygon","coordinates":[[[-99.5538,51.2077],[-99.5495,51.1992],[-99.5529,51.1856],[-99.5722,51.1703],[-99.5878,51.15],[-99.6131,51.1335],[-99.6593,51.11],[-99.6826,51.1097],[-99.7728,51.1267],[-99.7953,51.1479],[-99.8149,51.1553],[-99.8374,51.1721],[-99.8377,51.1777],[-99.8306,51.1865],[-99.8299,51.1924],[-99.8436,51.2136],[-99.8579,51.2545],[-99.8785,51.2819],[-99.9051,51.3022],[-99.9084,51.3143],[-99.9035,51.3331],[-99.9051,51.3431],[-99.9138,51.354],[-99.9325,51.3519],[-99.946,51.3575],[-99.9538,51.3743],[-99.9547,51.4182],[-99.9678,51.4326],[-99.9446,51.45],[-99.9106,51.4582],[-99.8758,51.4567],[-99.8505,51.4455],[-99.8579,51.4455],[-99.8295,51.4249],[-99.7755,51.3619],[-99.7481,51.3363],[-99.5538,51.2077]]]}},{"type":"Feature","properties":{},"bbox":[-99.645638,51.905635,-99.475937,52.269174],"geometry":{"type":"Polygon","coordinates":[[[-99.4777,52.0655],[-99.4759,52.0552],[-99.4829,52.0463],[-99.506,52.0266],[-99.5185,52.0216],[-99.528,52.004],[-99.5431,51.9854],[-99.5444,51.9401],[-99.5551,51.9145],[-99.5631,51.9056],[-99.5797,51.9748],[-99.5962,51.9819],[-99.6047,51.9801],[-99.6109,51.9466],[-99.6368,51.9892],[-99.6443,52.0078],[-99.6456,52.0284],[-99.6398,52.0546],[-99.6215,52.1017],[-99.6009,52.2521],[-99.5903,52.2677],[-99.575,52.2692],[-99.5563,52.255],[-99.5429,52.2359],[-99.532,52.1941],[-99.501,52.1794],[-99.4915,52.1529],[-99.5032,52.1043],[-99.4911,52.0802],[-99.4777,52.0655]]]}},{"type":"Feature","properties":{},"bbox":[-81.0536,48.327933,-80.902738,48.601692],"geometry":{"type":"Polygon","coordinates":[[[-80.9041,48.521],[-80.9027,48.5078],[-80.9058,48.4945],[-80.9247,48.4704],[-80.9329,48.4651],[-80.9579,48.4583],[-80.986,48.4439],[-80.9928,48.4277],[-80.9856,48.4077],[-80.9716,48.3833],[-80.985,48.3477],[-80.9946,48.3329],[-81.0125,48.3279],[-81.0047,48.3927],[-81.0092,48.4036],[-81.0217,48.4124],[-81.0364,48.4327],[-81.0536,48.4725],[-81.0409,48.5146],[-81.029,48.5372],[-81.0024,48.554],[-80.9716,48.6017],[-80.9684,48.5867],[-80.9853,48.5199],[-80.9475,48.5508],[-80.9248,48.5572],[-80.9041,48.521]]]}},{"type":"Feature","properties":{},"bbox":[-80.372,50.164471,-80.142396,50.459424],"geometry":{"type":"Polygon","coordinates":[[[-80.1505,50.2042],[-80.1629,50.1645],[-80.1848,50.1957],[-80.1898,50.2416],[-80.1833,50.3323],[-80.1865,50.3473],[-80.1941,50.3482],[-80.2341,50.317],[-80.2413,50.3081],[-80.2591,50.3358],[-80.2631,50.3543],[-80.28,50.3546],[-80.2799,50.3505],[-80.2728,50.3429],[-80.2947,50.2987],[-80.3068,50.2875],[-80.327,50.2825],[-80.3601,50.291],[-80.3689,50.2875],[-80.372,50.3034],[-80.3664,50.324],[-80.3542,50.3423],[-80.3252,50.3588],[-80.3039,50.3961],[-80.2706,50.4123],[-80.2442,50.4482],[-80.2317,50.4594],[-80.2205,50.4594],[-80.1902,50.4459],[-80.1424,50.4527],[-80.1561,50.432],[-80.1618,50.4117],[-80.1659,50.3688],[-80.1765,50.3502],[-80.1698,50.3408],[-80.1765,50.3122],[-80.1745,50.2966],[-80.1651,50.2719],[-80.1609,50.2434],[-80.1492,50.2125],[-80.1505,50.2042]]]}},{"type":"Feature","properties":{},"bbox":[-85.323057,52.240915,-85.094778,52.419889],"geometry":{"type":"Polygon","coordinates":[[[-85.0988,52.2821],[-85.0948,52.2562],[-85.1247,52.2409],[-85.1991,52.2409],[-85.2177,52.245],[-85.2328,52.2533],[-85.2612,52.2756],[-85.3058,52.3027],[-85.3164,52.3166],[-85.3231,52.3383],[-85.3129,52.3383],[-85.2817,52.3227],[-85.2951,52.3698],[-85.296,52.3887],[-85.292,52.4125],[-85.2807,52.4199],[-85.2633,52.4178],[-85.2099,52.4028],[-85.1826,52.381],[-85.0988,52.2821]]]}},{"type":"Feature","properties":{},"bbox":[-91.017531,52.693353,-90.491503,52.882924],"geometry":{"type":"Polygon","coordinates":[[[-90.7143,52.7519],[-90.709,52.7449],[-90.7136,52.7337],[-90.7248,52.7287],[-90.7738,52.7257],[-90.8393,52.7137],[-90.8656,52.7137],[-90.9392,52.7213],[-90.9601,52.729],[-90.9756,52.7443],[-90.9924,52.7549],[-91.0175,52.7484],[-90.9754,52.7734],[-90.9575,52.7876],[-90.9623,52.8093],[-90.916,52.8017],[-90.8746,52.7831],[-90.8328,52.7711],[-90.7847,52.7825],[-90.8016,52.7976],[-90.8252,52.8082],[-90.8517,52.8146],[-90.8773,52.8167],[-90.8965,52.8241],[-90.8918,52.8411],[-90.8599,52.872],[-90.84,52.8608],[-90.8163,52.857],[-90.7426,52.8608],[-90.7001,52.875],[-90.6558,52.8829],[-90.6455,52.8817],[-90.634,52.872],[-90.6303,52.8614],[-90.641,52.8464],[-90.6407,52.8373],[-90.6318,52.8305],[-90.5929,52.8305],[-90.5445,52.8093],[-90.5398,52.7996],[-90.5237,52.7861],[-90.5173,52.7752],[-90.5148,52.7407],[-90.507,52.7343],[-90.4915,52.7284],[-90.4918,52.7151],[-90.5003,52.701],[-90.5103,52.6934],[-90.5245,52.6951],[-90.5702,52.7107],[-90.5917,52.7249],[-90.6216,52.7387],[-90.654,52.7458],[-90.6566,52.7566],[-90.6483,52.7752],[-90.6569,52.7876],[-90.6658,52.789],[-90.7505,52.7684],[-90.7505,52.7622],[-90.7143,52.7519]]]}},{"type":"Feature","properties":{},"bbox":[-77.387148,49.684657,-77.07939,49.869812],"geometry":{"type":"Polygon","coordinates":[[[-77.144,49.8527],[-77.0794,49.8566],[-77.0794,49.8492],[-77.1006,49.8448],[-77.1203,49.8363],[-77.1338,49.8221],[-77.1316,49.8109],[-77.1205,49.8021],[-77.0794,49.7827],[-77.2363,49.7741],[-77.3275,49.7447],[-77.3302,49.7382],[-77.3189,49.7265],[-77.3025,49.7182],[-77.2438,49.7126],[-77.1749,49.6985],[-77.2092,49.6847],[-77.3871,49.7326],[-77.3871,49.7394],[-77.3627,49.7574],[-77.3258,49.76],[-77.3331,49.7674],[-77.3161,49.7753],[-77.3055,49.7842],[-77.3005,49.7953],[-77.299,49.8118],[-77.2198,49.8424],[-77.2161,49.8469],[-77.2169,49.8654],[-77.213,49.8698],[-77.2004,49.8683],[-77.1681,49.8566],[-77.144,49.8527]]]}},{"type":"Feature","properties":{},"bbox":[-74.872836,50.644284,-74.426286,50.934527],"geometry":{"type":"Polygon","coordinates":[[[-74.4844,50.8445],[-74.4818,50.8704],[-74.5118,50.8857],[-74.554,50.8545],[-74.5953,50.8106],[-74.63,50.7841],[-74.6306,50.7747],[-74.6238,50.7653],[-74.6086,50.7611],[-74.5889,50.7664],[-74.5457,50.8],[-74.5333,50.8021],[-74.5233,50.7979],[-74.5248,50.7891],[-74.533,50.78],[-74.5437,50.7747],[-74.5096,50.7541],[-74.5424,50.7373],[-74.5496,50.7241],[-74.5437,50.7064],[-74.5555,50.7099],[-74.5639,50.7267],[-74.5711,50.7338],[-74.583,50.7361],[-74.6263,50.7338],[-74.709,50.7397],[-74.7357,50.7338],[-74.7663,50.7105],[-74.8035,50.6743],[-74.8412,50.6455],[-74.8728,50.6443],[-74.8272,50.6923],[-74.7772,50.7338],[-74.7486,50.7482],[-74.6822,50.767],[-74.6531,50.7809],[-74.6053,50.8112],[-74.5985,50.8188],[-74.5922,50.838],[-74.5985,50.8436],[-74.6092,50.8453],[-74.64,50.8362],[-74.6513,50.845],[-74.6449,50.8539],[-74.629,50.8606],[-74.5929,50.8662],[-74.5671,50.8798],[-74.5507,50.8845],[-74.5695,50.8921],[-74.6263,50.8954],[-74.6189,50.9119],[-74.5989,50.9216],[-74.5679,50.9301],[-74.537,50.9345],[-74.5171,50.9319],[-74.5096,50.9119],[-74.4687,50.9257],[-74.4684,50.8951],[-74.4623,50.8851],[-74.4407,50.8771],[-74.4482,50.8704],[-74.4263,50.8524],[-74.4522,50.8409],[-74.4844,50.8445]]]}},{"type":"Feature","properties":{},"bbox":[-75.661143,49.875994,-75.433894,49.993151],"geometry":{"type":"Polygon","coordinates":[[[-75.5856,49.9678],[-75.4339,49.9932],[-75.4339,49.9864],[-75.4482,49.9796],[-75.4439,49.9767],[-75.4407,49.9667],[-75.4978,49.9555],[-75.5162,49.9455],[-75.4966,49.9249],[-75.5066,49.9201],[-75.5266,49.9201],[-75.5469,49.9137],[-75.584,49.876],[-75.6058,49.8795],[-75.6164,49.8898],[-75.6201,49.8978],[-75.5989,49.9045],[-75.6054,49.9137],[-75.6139,49.9151],[-75.6369,49.9113],[-75.6511,49.9146],[-75.6583,49.9213],[-75.6583,49.9281],[-75.6504,49.9313],[-75.6021,49.934],[-75.5817,49.9402],[-75.5655,49.9522],[-75.5858,49.959],[-75.6261,49.9499],[-75.6473,49.9522],[-75.6611,49.9675],[-75.6603,49.9758],[-75.647,49.9796],[-75.6188,49.969],[-75.5856,49.9678]]]}},{"type":"Feature","properties":{},"bbox":[-74.996175,49.841848,-74.752441,50.022587],"geometry":{"type":"Polygon","coordinates":[[[-74.8496,49.9048],[-74.8449,49.9181],[-74.9123,49.9019],[-74.928,49.8907],[-74.9319,49.8813],[-74.9335,49.8604],[-74.9417,49.8492],[-74.9641,49.8427],[-74.9888,49.8424],[-74.9689,49.8698],[-74.9566,49.8745],[-74.9541,49.8966],[-74.9451,49.9178],[-74.9613,49.9266],[-74.9838,49.9316],[-74.9962,49.9387],[-74.9157,49.9693],[-74.8931,49.9864],[-74.8639,50.0152],[-74.8522,50.0211],[-74.8352,50.0226],[-74.8272,50.017],[-74.8299,50.0067],[-74.8683,49.9758],[-74.8711,49.9584],[-74.8558,49.9413],[-74.825,49.9249],[-74.7595,49.9045],[-74.7524,49.8995],[-74.7772,49.8636],[-74.8054,49.8807],[-74.8207,49.886],[-74.8441,49.8783],[-74.8491,49.8889],[-74.8496,49.9048]]]}},{"type":"Feature","properties":{},"bbox":[-74.78335,49.587517,-74.550655,49.698492],"geometry":{"type":"Polygon","coordinates":[[[-74.5596,49.6858],[-74.5507,49.6779],[-74.5607,49.6679],[-74.5699,49.6387],[-74.5848,49.6308],[-74.6076,49.6326],[-74.6063,49.6446],[-74.5848,49.6717],[-74.6089,49.6755],[-74.6428,49.6705],[-74.6697,49.659],[-74.6796,49.6317],[-74.6688,49.6137],[-74.6871,49.5875],[-74.6997,49.5949],[-74.7108,49.609],[-74.7117,49.6167],[-74.722,49.6308],[-74.722,49.6437],[-74.7254,49.647],[-74.732,49.6479],[-74.7535,49.6623],[-74.7833,49.6643],[-74.722,49.6985],[-74.7143,49.6817],[-74.703,49.6811],[-74.6705,49.6917],[-74.6312,49.6929],[-74.5916,49.6855],[-74.5802,49.6897],[-74.5596,49.6858]]]}},{"type":"Feature","properties":{},"bbox":[-75.003092,49.225449,-74.687093,49.393531],"geometry":{"type":"Polygon","coordinates":[[[-74.6909,49.3659],[-74.6871,49.3626],[-74.7015,49.3429],[-74.7131,49.3532],[-74.7491,49.345],[-74.7704,49.3491],[-74.7627,49.3635],[-74.7708,49.3691],[-74.7861,49.3673],[-74.8009,49.3591],[-74.838,49.3223],[-74.8864,49.2254],[-74.8931,49.2254],[-74.8931,49.2519],[-74.8684,49.3017],[-74.8653,49.3291],[-74.9105,49.3196],[-74.932,49.307],[-74.9547,49.3017],[-74.9689,49.2737],[-74.9682,49.2893],[-74.9547,49.3258],[-74.9597,49.337],[-74.9879,49.3382],[-75.0031,49.3429],[-74.989,49.3514],[-74.9544,49.3567],[-74.9216,49.3776],[-74.9043,49.3818],[-74.7872,49.3935],[-74.7489,49.39],[-74.7357,49.37],[-74.7139,49.3873],[-74.7027,49.3891],[-74.6909,49.3659]]]}},{"type":"Feature","properties":{},"bbox":[-75.386796,49.30169,-75.078891,49.500974],"geometry":{"type":"Polygon","coordinates":[[[-75.1004,49.4356],[-75.0789,49.4309],[-75.0905,49.4144],[-75.1113,49.4024],[-75.131,49.3971],[-75.1397,49.4006],[-75.146,49.4256],[-75.1612,49.4174],[-75.1949,49.3762],[-75.2081,49.3676],[-75.2359,49.37],[-75.2537,49.3667],[-75.2796,49.3429],[-75.2951,49.3429],[-75.3069,49.3479],[-75.331,49.3088],[-75.339,49.3017],[-75.3457,49.3082],[-75.3363,49.3279],[-75.3275,49.3576],[-75.3116,49.37],[-75.2738,49.3894],[-75.222,49.3997],[-75.222,49.4068],[-75.2328,49.4209],[-75.234,49.4306],[-75.208,49.4486],[-75.2156,49.4665],[-75.2331,49.4589],[-75.2632,49.4309],[-75.2752,49.4536],[-75.3122,49.4645],[-75.3554,49.4654],[-75.3868,49.4589],[-75.3753,49.4727],[-75.3394,49.476],[-75.3001,49.4951],[-75.2746,49.501],[-75.2477,49.5007],[-75.2222,49.4936],[-75.2053,49.4945],[-75.1744,49.4724],[-75.165,49.4695],[-75.126,49.4656],[-75.1392,49.4471],[-75.1607,49.4383],[-75.142,49.4309],[-75.1004,49.4356]]]}},{"type":"Feature","properties":{},"bbox":[-77.066291,50.048491,-76.667869,50.419096],"geometry":{"type":"Polygon","coordinates":[[[-76.6788,50.4147],[-76.6679,50.4191],[-76.6814,50.3911],[-76.6817,50.3682],[-76.7061,50.3455],[-76.7964,50.2919],[-76.8081,50.2807],[-76.8056,50.2675],[-76.7902,50.2616],[-76.7529,50.2746],[-76.7368,50.2746],[-76.7503,50.2634],[-76.7655,50.236],[-76.7777,50.226],[-76.7953,50.2228],[-76.8276,50.2286],[-76.8465,50.226],[-76.8604,50.2186],[-76.9012,50.1851],[-76.9596,50.1542],[-76.97,50.1374],[-76.8118,50.1583],[-76.8206,50.1489],[-76.8558,50.1277],[-76.878,50.1215],[-76.9012,50.11],[-76.9422,50.1174],[-76.9613,50.1144],[-76.989,50.0979],[-77.0301,50.0597],[-77.0483,50.0503],[-77.0663,50.0485],[-77.0547,50.0735],[-76.9699,50.1863],[-76.9596,50.1924],[-76.9416,50.1939],[-76.9306,50.1986],[-76.9281,50.2089],[-76.9353,50.226],[-76.9039,50.2419],[-76.8511,50.2784],[-76.7863,50.3114],[-76.7546,50.3367],[-76.7362,50.3685],[-76.7441,50.4047],[-76.7019,50.3973],[-76.6924,50.4017],[-76.6788,50.4147]]]}},{"type":"Feature","properties":{},"bbox":[-56.089461,48.136302,-55.917553,48.223728],"geometry":{"type":"Polygon","coordinates":[[[-55.9246,48.2008],[-55.9176,48.1908],[-55.9408,48.1837],[-55.9539,48.176],[-55.961,48.1637],[-55.966,48.1437],[-55.9832,48.1557],[-56.0154,48.1363],[-56.0291,48.1819],[-56.0478,48.1899],[-56.0895,48.1981],[-56.0613,48.2102],[-56.0209,48.2199],[-55.9805,48.2237],[-55.9523,48.2181],[-55.9246,48.2008]]]}},{"type":"Feature","properties":{},"bbox":[-56.781511,51.055217,-56.501571,51.158244],"geometry":{"type":"Polygon","coordinates":[[[-56.7404,51.0596],[-56.7815,51.0552],[-56.7655,51.0691],[-56.7279,51.0841],[-56.6279,51.1529],[-56.6139,51.1582],[-56.5363,51.1535],[-56.5016,51.1382],[-56.5108,51.1067],[-56.5247,51.1058],[-56.5526,51.1347],[-56.5659,51.1344],[-56.574,51.1306],[-56.6068,51.1309],[-56.6153,51.1285],[-56.6686,51.0888],[-56.7029,51.0714],[-56.7404,51.0596]]]}},{"type":"Feature","properties":{},"bbox":[-58.373874,52.385448,-58.199463,52.529392],"geometry":{"type":"Polygon","coordinates":[[[-58.2005,52.5014],[-58.1995,52.4929],[-58.214,52.4879],[-58.2341,52.4755],[-58.2831,52.4708],[-58.296,52.4605],[-58.2756,52.4537],[-58.3028,52.4325],[-58.3146,52.4323],[-58.3335,52.4376],[-58.3444,52.4325],[-58.3297,52.4305],[-58.3032,52.4169],[-58.296,52.4058],[-58.3103,52.399],[-58.2965,52.3946],[-58.2892,52.3854],[-58.3315,52.3878],[-58.3444,52.3916],[-58.3646,52.4114],[-58.3675,52.4199],[-58.3575,52.4264],[-58.3739,52.4361],[-58.3687,52.4437],[-58.3444,52.4537],[-58.3165,52.4735],[-58.2756,52.4879],[-58.2729,52.4964],[-58.2779,52.5141],[-58.2756,52.522],[-58.2635,52.5294],[-58.251,52.5285],[-58.2271,52.5153],[-58.2052,52.5076],[-58.2005,52.5014]]]}},{"type":"Feature","properties":{},"bbox":[-59.084322,52.996842,-58.878856,53.118415],"geometry":{"type":"Polygon","coordinates":[[[-58.893,53.0566],[-58.8789,53.0563],[-58.8855,53.046],[-58.9053,53.0398],[-58.9164,53.0322],[-58.9101,52.9968],[-58.9379,53.0119],[-58.962,53.0192],[-59.0154,53.0222],[-58.9566,53.0301],[-58.9477,53.0392],[-58.956,53.0522],[-58.995,53.0516],[-59.0079,53.0563],[-58.9942,53.0725],[-58.9962,53.0852],[-59.0408,53.0972],[-59.0502,53.0972],[-59.0843,53.0837],[-59.0687,53.1055],[-59.05,53.1166],[-59.0393,53.1184],[-59.0254,53.1158],[-59.0018,53.0972],[-58.9801,53.094],[-58.9613,53.0978],[-58.926,53.1184],[-58.9233,53.1049],[-58.9176,53.0949],[-58.9076,53.0896],[-58.8925,53.091],[-58.9198,53.0837],[-58.9142,53.0713],[-58.9049,53.0619],[-58.893,53.0566]]]}},{"type":"Feature","properties":{},"bbox":[-70.446041,51.514719,-69.932082,51.897098],"geometry":{"type":"Polygon","coordinates":[[[-69.9521,51.5877],[-69.9321,51.5765],[-69.9527,51.5718],[-69.9754,51.5812],[-69.9952,51.5983],[-70.0077,51.6169],[-70.0152,51.6654],[-70.0248,51.6857],[-70.0488,51.6928],[-70.0241,51.6487],[-70.0214,51.6375],[-70.0413,51.6074],[-70.0413,51.5692],[-70.0603,51.5895],[-70.0773,51.6213],[-70.0832,51.6525],[-70.0687,51.6722],[-70.0687,51.6784],[-70.1009,51.6719],[-70.1147,51.664],[-70.1233,51.6516],[-70.1244,51.6336],[-70.1172,51.6198],[-70.0959,51.5966],[-70.1583,51.583],[-70.1617,51.573],[-70.1542,51.5606],[-70.1504,51.5453],[-70.1529,51.5291],[-70.1649,51.5147],[-70.1821,51.5524],[-70.1705,51.6466],[-70.1888,51.6893],[-70.2132,51.7199],[-70.2175,51.7311],[-70.2195,51.7617],[-70.2281,51.7799],[-70.245,51.8041],[-70.266,51.8241],[-70.2878,51.83],[-70.2672,51.8453],[-70.2669,51.8582],[-70.2755,51.8644],[-70.2863,51.8503],[-70.2983,51.8465],[-70.3102,51.8479],[-70.3156,51.8541],[-70.3186,51.8647],[-70.3255,51.8647],[-70.3929,51.8023],[-70.4218,51.7905],[-70.446,51.81],[-70.3964,51.8253],[-70.3713,51.8385],[-70.3566,51.8571],[-70.3626,51.8724],[-70.3854,51.8783],[-70.4391,51.8777],[-70.3967,51.8933],[-70.3714,51.8956],[-70.3365,51.8853],[-70.281,51.8971],[-70.2576,51.8883],[-70.2239,51.8532],[-70.192,51.8017],[-70.176,51.7911],[-70.1512,51.7882],[-70.1713,51.7702],[-70.1611,51.7493],[-70.1339,51.7429],[-70.1034,51.7685],[-70.1368,51.7752],[-70.1056,51.7841],[-70.0982,51.7911],[-70.1068,51.8061],[-70.1224,51.8217],[-70.1252,51.832],[-70.1165,51.8435],[-70.0865,51.8338],[-70.059,51.8482],[-70.0442,51.8506],[-70.0323,51.8453],[-70.0164,51.8061],[-70.0141,51.7546],[-70.0023,51.7437],[-69.9935,51.7411],[-69.9955,51.6958],[-69.9899,51.6728],[-69.9668,51.6593],[-69.9843,51.6481],[-69.9698,51.6163],[-69.973,51.5966],[-69.9521,51.5877]]]}},{"type":"Feature","properties":{},"bbox":[-70.384667,53.763367,-70.082943,53.934981],"geometry":{"type":"Polygon","coordinates":[[[-70.3666,53.8305],[-70.3847,53.8446],[-70.3354,53.8761],[-70.3083,53.8879],[-70.2581,53.9014],[-70.2025,53.935],[-70.1779,53.9341],[-70.2023,53.9123],[-70.2253,53.9002],[-70.2331,53.8923],[-70.2365,53.8829],[-70.216,53.8476],[-70.1924,53.8537],[-70.1512,53.8793],[-70.1405,53.8723],[-70.0829,53.872],[-70.1512,53.8172],[-70.1746,53.8028],[-70.1976,53.7919],[-70.2984,53.7648],[-70.3251,53.7634],[-70.3429,53.7695],[-70.3533,53.7881],[-70.3666,53.8305]],[[-70.302,53.7963],[-70.2872,53.7975],[-70.273,53.8116],[-70.261,53.8172],[-70.2521,53.8149],[-70.2394,53.8022],[-70.208,53.8211],[-70.1817,53.8243],[-70.166,53.844],[-70.1512,53.8446],[-70.2057,53.8431],[-70.234,53.8269],[-70.261,53.8311],[-70.2783,53.8278],[-70.2902,53.8228],[-70.298,53.8131],[-70.302,53.7963]]]}},{"type":"Feature","properties":{},"bbox":[-70.274722,53.419549,-69.733533,53.771609],"geometry":{"type":"Polygon","coordinates":[[[-69.7527,53.4331],[-69.7335,53.4195],[-69.7647,53.4195],[-69.7793,53.4228],[-69.7915,53.4304],[-69.8018,53.4475],[-69.8291,53.4475],[-69.8753,53.4655],[-69.9127,53.4717],[-69.9215,53.4814],[-69.9246,53.5087],[-69.9206,53.5132],[-69.9178,53.5258],[-69.9221,53.5288],[-69.9522,53.5226],[-69.9676,53.5276],[-69.9905,53.5502],[-70.0077,53.5567],[-70.0232,53.5532],[-70.0488,53.5379],[-70.0587,53.5399],[-70.0644,53.5517],[-70.0651,53.5753],[-70.076,53.5847],[-70.089,53.5788],[-70.1034,53.577],[-70.1034,53.5847],[-70.076,53.5982],[-70.0872,53.6053],[-70.1233,53.6182],[-70.1501,53.6421],[-70.1617,53.6462],[-70.1652,53.6515],[-70.1661,53.6748],[-70.1748,53.6801],[-70.188,53.6756],[-70.2058,53.6462],[-70.2335,53.6389],[-70.2491,53.6471],[-70.2473,53.6598],[-70.2095,53.6698],[-70.2076,53.6777],[-70.2132,53.6974],[-70.1922,53.7416],[-70.2325,53.7522],[-70.2747,53.7492],[-70.2613,53.7598],[-70.2354,53.7666],[-70.1536,53.7716],[-70.1433,53.759],[-70.1505,53.7378],[-70.1715,53.7142],[-70.1165,53.7142],[-70.1361,53.6801],[-70.1221,53.6754],[-70.0934,53.6815],[-70.0687,53.6801],[-70.1165,53.6527],[-70.0994,53.6506],[-70.0712,53.6633],[-70.055,53.6665],[-70.0379,53.6645],[-70.0358,53.6586],[-70.0401,53.6483],[-70.0413,53.6318],[-70.0275,53.6088],[-69.9798,53.5726],[-69.9649,53.5526],[-69.9508,53.5417],[-69.9349,53.5329],[-69.9035,53.5258],[-69.8931,53.5179],[-69.8943,53.5087],[-69.9116,53.502],[-69.87,53.4917],[-69.8651,53.4793],[-69.8329,53.4611],[-69.7986,53.4702],[-69.7812,53.4678],[-69.7946,53.449],[-69.779,53.4402],[-69.7527,53.4331]]]}},{"type":"Feature","properties":{},"bbox":[-71.151779,52.857608,-71.082898,52.892638],"geometry":{"type":"Polygon","coordinates":[[[-71.1455,52.8644],[-71.1518,52.872],[-71.1366,52.8812],[-71.1017,52.8926],[-71.0829,52.8926],[-71.0829,52.885],[-71.0879,52.8856],[-71.0903,52.8782],[-71.1013,52.8717],[-71.1381,52.8576],[-71.1455,52.8644]]]}},{"type":"Feature","properties":{},"bbox":[-74.145904,53.364798,-73.954715,53.461055],"geometry":{"type":"Polygon","coordinates":[[[-73.9655,53.3975],[-73.9547,53.3928],[-73.9693,53.3839],[-73.9718,53.378],[-73.9678,53.3648],[-74.1017,53.3736],[-74.1459,53.3716],[-74.1459,53.3783],[-74.1253,53.3807],[-74.1199,53.3878],[-74.1187,53.3989],[-74.1253,53.411],[-74.1413,53.4169],[-74.133,53.4269],[-74.1216,53.4328],[-74.0776,53.4399],[-74.023,53.4611],[-73.9843,53.4431],[-73.9753,53.4337],[-73.9655,53.3975]]]}},{"type":"Feature","properties":{},"bbox":[-76.820349,52.687171,-76.634311,52.892638],"geometry":{"type":"Polygon","coordinates":[[[-76.6615,52.872],[-76.6615,52.8647],[-76.6343,52.8508],[-76.6752,52.8508],[-76.6952,52.8423],[-76.6904,52.832],[-76.6679,52.8132],[-76.6679,52.7484],[-76.6618,52.7334],[-76.6442,52.7057],[-76.6439,52.6969],[-76.6607,52.6898],[-76.672,52.7031],[-76.6814,52.7343],[-76.7064,52.716],[-76.7176,52.7031],[-76.7223,52.6901],[-76.7351,52.6872],[-76.8056,52.6872],[-76.7756,52.6925],[-76.75,52.7037],[-76.7272,52.719],[-76.6983,52.7466],[-76.7098,52.7614],[-76.7128,52.804],[-76.7188,52.8096],[-76.7368,52.8167],[-76.7956,52.822],[-76.8087,52.827],[-76.8176,52.8385],[-76.8203,52.8485],[-76.8137,52.8553],[-76.7287,52.8594],[-76.6982,52.8673],[-76.6957,52.885],[-76.6814,52.8926],[-76.647,52.8817],[-76.6405,52.872],[-76.6615,52.872]]]}},{"type":"Feature","properties":{},"bbox":[-78.12085,53.44928,-77.716099,53.556723],"geometry":{"type":"Polygon","coordinates":[[[-77.7221,53.5264],[-77.7161,53.5258],[-77.7179,53.5167],[-77.7371,53.4952],[-77.8898,53.4864],[-77.9617,53.4684],[-78.0389,53.4611],[-78.0861,53.4493],[-78.1063,53.4534],[-78.1209,53.4746],[-78.018,53.4937],[-77.9904,53.5087],[-78.0178,53.5087],[-78.0069,53.5176],[-77.9625,53.5361],[-77.9489,53.5305],[-77.9289,53.5155],[-77.9086,53.5164],[-77.896,53.5223],[-77.86,53.5497],[-77.8428,53.5547],[-77.785,53.5567],[-77.8153,53.5385],[-77.8191,53.5329],[-77.8128,53.524],[-77.7976,53.5211],[-77.7221,53.5264]]]}},{"type":"Feature","properties":{},"bbox":[-77.942024,54.08599,-77.703147,54.19255],"geometry":{"type":"Polygon","coordinates":[[[-77.722,54.1316],[-77.7221,54.1228],[-77.7031,54.0978],[-77.7424,54.1172],[-77.7639,54.1198],[-77.7782,54.1048],[-77.7514,54.1048],[-77.7648,54.0892],[-77.7881,54.086],[-77.8396,54.091],[-77.8071,54.1134],[-77.787,54.1222],[-77.7707,54.1251],[-77.81,54.1425],[-77.8999,54.1381],[-77.942,54.1457],[-77.942,54.1531],[-77.911,54.1516],[-77.8958,54.1534],[-77.888,54.1593],[-77.8945,54.1655],[-77.942,54.1805],[-77.918,54.1849],[-77.8115,54.179],[-77.7987,54.1805],[-77.7667,54.1925],[-77.7395,54.1749],[-77.7031,54.1396],[-77.722,54.1316]]]}},{"type":"Feature","properties":{},"bbox":[-76.976362,54.248773,-76.592659,54.332373],"geometry":{"type":"Polygon","coordinates":[[[-76.8289,54.3244],[-76.7862,54.3324],[-76.7709,54.3318],[-76.7838,54.3147],[-76.7914,54.3103],[-76.7847,54.3085],[-76.7709,54.297],[-76.7276,54.2959],[-76.6743,54.2856],[-76.6249,54.2694],[-76.5927,54.2488],[-76.6406,54.2508],[-76.8496,54.2873],[-76.951,54.2915],[-76.9764,54.297],[-76.9764,54.3038],[-76.9103,54.3224],[-76.8289,54.3244]]]}},{"type":"Feature","properties":{},"bbox":[-77.148124,54.32413,-76.818583,54.388596],"geometry":{"type":"Polygon","coordinates":[[[-77.1247,54.3309],[-77.1481,54.338],[-77.1203,54.3792],[-77.1071,54.3603],[-77.0882,54.3489],[-77.065,54.3439],[-77.0383,54.345],[-77.0383,54.3518],[-77.052,54.3586],[-76.9842,54.3818],[-76.9472,54.3886],[-76.9154,54.3859],[-76.8311,54.368],[-76.8186,54.355],[-76.925,54.338],[-76.9948,54.3362],[-77.0316,54.3244],[-77.0566,54.3241],[-77.1247,54.3309]]]}},{"type":"Feature","properties":{},"bbox":[-78.141308,54.420093,-77.77821,54.485148],"geometry":{"type":"Polygon","coordinates":[[[-78.0877,54.4316],[-78.1219,54.4539],[-78.1413,54.461],[-78.112,54.4798],[-78.0777,54.4851],[-78.0427,54.4798],[-78.0111,54.4684],[-77.9801,54.4616],[-77.9023,54.4822],[-77.8097,54.4834],[-77.7935,54.4813],[-77.7782,54.4751],[-77.7979,54.4601],[-77.8162,54.4554],[-77.86,54.461],[-77.8396,54.441],[-77.8565,54.4336],[-77.9086,54.4475],[-77.9305,54.4436],[-77.9591,54.4245],[-77.9772,54.4201],[-78.0661,54.4269],[-78.0877,54.4316]]]}},{"type":"Feature","properties":{},"bbox":[-78.635251,54.72005,-77.976906,54.851925],"geometry":{"type":"Polygon","coordinates":[[[-78.1638,54.7262],[-78.1618,54.7218],[-78.1902,54.7201],[-78.2819,54.7286],[-78.3278,54.7259],[-78.3406,54.7286],[-78.3496,54.7359],[-78.3558,54.7521],[-78.3672,54.7566],[-78.4087,54.7421],[-78.4214,54.7454],[-78.4355,54.7595],[-78.4464,54.7627],[-78.5453,54.7489],[-78.5308,54.7639],[-78.4904,54.7748],[-78.4764,54.7901],[-78.5181,54.8151],[-78.6313,54.8316],[-78.6353,54.8337],[-78.6344,54.8381],[-78.6292,54.8425],[-78.5801,54.8519],[-78.5191,54.8443],[-78.4982,54.8446],[-78.4706,54.8354],[-78.1556,54.7901],[-78.0936,54.7686],[-78.0798,54.7695],[-78.0548,54.7607],[-77.9769,54.7421],[-78.1693,54.7421],[-78.1638,54.7262]],[[-78.2164,54.7566],[-78.2206,54.771],[-78.2517,54.7742],[-78.3201,54.7695],[-78.3037,54.7577],[-78.2742,54.7542],[-78.2164,54.7566]]]}},{"type":"Feature","properties":{},"bbox":[-69.77445,54.667065,-68.959503,54.854575],"geometry":{"type":"Polygon","coordinates":[[[-69.5069,54.7286],[-69.5478,54.7421],[-69.5641,54.766],[-69.5721,54.7695],[-69.6271,54.7669],[-69.6554,54.7686],[-69.6788,54.7769],[-69.6683,54.7851],[-69.6663,54.7925],[-69.672,54.7989],[-69.6851,54.8036],[-69.6807,54.8313],[-69.7073,54.8416],[-69.7453,54.8449],[-69.7745,54.8519],[-69.7474,54.8546],[-69.6492,54.841],[-69.646,54.8334],[-69.6477,54.8263],[-69.651,54.8248],[-69.6389,54.8081],[-69.6168,54.7975],[-69.6305,54.7901],[-69.6121,54.781],[-69.5914,54.7816],[-69.5478,54.7901],[-69.5225,54.7895],[-69.439,54.7757],[-69.4099,54.7751],[-69.3977,54.7769],[-69.3697,54.7975],[-69.3514,54.7895],[-69.3434,54.7733],[-69.3485,54.7589],[-69.3697,54.7566],[-69.3697,54.7489],[-69.3276,54.7342],[-69.3033,54.7315],[-69.284,54.7386],[-69.2662,54.7513],[-69.2496,54.756],[-69.234,54.7545],[-69.2188,54.7489],[-69.1966,54.7298],[-69.1854,54.7286],[-69.1402,54.7701],[-69.123,54.7786],[-69.1034,54.7836],[-69.0824,54.7836],[-69.1301,54.7489],[-69.1154,54.7436],[-69.1042,54.7451],[-69.0824,54.7566],[-69.0407,54.7695],[-68.9813,54.8036],[-68.9595,54.811],[-68.9664,54.7919],[-68.9658,54.7789],[-68.9722,54.7719],[-69.0213,54.7666],[-69.0399,54.7595],[-69.0681,54.7421],[-69.0702,54.7377],[-69.0675,54.7301],[-69.0865,54.7277],[-69.1021,54.7165],[-69.1361,54.6812],[-69.1395,54.688],[-69.1408,54.7053],[-69.1507,54.7218],[-69.2,54.7006],[-69.2271,54.695],[-69.2537,54.6939],[-69.2325,54.7218],[-69.2525,54.7289],[-69.263,54.7271],[-69.2702,54.7036],[-69.2764,54.7042],[-69.2879,54.7148],[-69.3326,54.7124],[-69.327,54.7068],[-69.3145,54.7021],[-69.3008,54.7012],[-69.3136,54.6788],[-69.3238,54.6712],[-69.3356,54.6671],[-69.3275,54.6835],[-69.3336,54.6936],[-69.3492,54.6968],[-69.3697,54.6939],[-69.3934,54.6762],[-69.4069,54.67],[-69.4245,54.6738],[-69.4194,54.69],[-69.4318,54.7012],[-69.3921,54.718],[-69.3834,54.7286],[-69.3947,54.7268],[-69.401,54.7292],[-69.4044,54.7457],[-69.4088,54.7489],[-69.4386,54.7489],[-69.4886,54.7318],[-69.5069,54.7286]],[[-69.5237,54.7548],[-69.5008,54.7501],[-69.476,54.7566],[-69.4517,54.7695],[-69.4808,54.7701],[-69.5254,54.7804],[-69.5416,54.7769],[-69.5237,54.7548]]]}},{"type":"Feature","properties":{},"bbox":[-70.807521,54.652641,-70.659455,54.860756],"geometry":{"type":"Polygon","coordinates":[[[-70.8022,54.8048],[-70.8075,54.8157],[-70.8015,54.8225],[-70.7616,54.8281],[-70.7375,54.8454],[-70.7197,54.8519],[-70.7335,54.859],[-70.7077,54.8608],[-70.6871,54.8399],[-70.6827,54.811],[-70.7061,54.7901],[-70.6924,54.7836],[-70.7038,54.771],[-70.7042,54.7583],[-70.6971,54.7477],[-70.6857,54.7421],[-70.6595,54.6959],[-70.6617,54.6877],[-70.7071,54.6815],[-70.7227,54.673],[-70.7197,54.6597],[-70.7351,54.6526],[-70.7448,54.6562],[-70.7454,54.6665],[-70.7335,54.68],[-70.7601,54.6933],[-70.7887,54.7012],[-70.7403,54.7386],[-70.7432,54.7574],[-70.7523,54.7613],[-70.7673,54.7616],[-70.7887,54.7695],[-70.7144,54.7984],[-70.6993,54.811],[-70.6989,54.824],[-70.7067,54.8325],[-70.7302,54.8384],[-70.7386,54.8343],[-70.7607,54.8036],[-70.7681,54.811],[-70.7887,54.7901],[-70.8022,54.8048]]]}},{"type":"Feature","properties":{},"bbox":[-65.963465,55.72913,-65.387983,56.032031],"geometry":{"type":"Polygon","coordinates":[[[-65.694,55.9137],[-65.6357,55.8866],[-65.6547,55.8881],[-65.7102,55.9072],[-65.757,55.9134],[-65.807,55.9146],[-65.7997,55.9414],[-65.8294,55.9269],[-65.8541,55.9072],[-65.8344,55.8993],[-65.8373,55.8857],[-65.846,55.8701],[-65.8442,55.8557],[-65.7858,55.8183],[-65.8294,55.8207],[-65.8781,55.8351],[-65.9635,55.8737],[-65.9498,55.8734],[-65.9299,55.8928],[-65.9061,55.9037],[-65.9036,55.9093],[-65.9168,55.9178],[-65.9203,55.9284],[-65.9177,55.9328],[-65.8989,55.939],[-65.9021,55.9493],[-65.9168,55.9693],[-65.9025,55.9761],[-65.8788,55.9599],[-65.8629,55.9561],[-65.8481,55.9655],[-65.8275,55.9896],[-65.8036,55.9746],[-65.7908,55.9717],[-65.779,55.9761],[-65.7873,55.9843],[-65.7933,55.9967],[-65.767,56.0005],[-65.7411,55.9955],[-65.6728,55.9634],[-65.6592,55.962],[-65.6479,55.9646],[-65.6151,55.9823],[-65.5328,55.9687],[-65.519,55.9823],[-65.5294,55.9923],[-65.5549,56.0032],[-65.6015,56.017],[-65.5777,56.0273],[-65.5418,56.032],[-65.5084,56.0291],[-65.4917,56.017],[-65.4642,55.9593],[-65.4446,55.9275],[-65.436,55.8851],[-65.4289,55.8663],[-65.3995,55.8213],[-65.388,55.7639],[-65.3955,55.7406],[-65.3955,55.7291],[-65.437,55.7759],[-65.4573,55.793],[-65.4497,55.8151],[-65.4289,55.8489],[-65.4416,55.8548],[-65.5257,55.8595],[-65.5456,55.8745],[-65.5399,55.8901],[-65.5202,55.904],[-65.4979,55.9146],[-65.5057,55.9296],[-65.519,55.9414],[-65.5294,55.9437],[-65.5388,55.9346],[-65.5689,55.9287],[-65.5873,55.9072],[-65.5836,55.891],[-65.594,55.8866],[-65.6017,55.8872],[-65.6214,55.9004],[-65.6528,55.9302],[-65.6788,55.9387],[-65.7046,55.9576],[-65.7212,55.9652],[-65.7334,55.9764],[-65.7415,55.9726],[-65.7458,55.9652],[-65.744,55.9599],[-65.7247,55.9334],[-65.694,55.9137]]]}},{"type":"Feature","properties":{},"bbox":[-68.698696,56.027321,-68.073172,56.462097],"geometry":{"type":"Polygon","coordinates":[[[-68.0743,56.1315],[-68.0732,56.1177],[-68.1023,56.1065],[-68.1203,56.1062],[-68.1606,56.1195],[-68.1819,56.1327],[-68.1978,56.1354],[-68.2184,56.0977],[-68.219,56.0847],[-68.2086,56.0626],[-68.1911,56.0512],[-68.2136,56.0273],[-68.2536,56.0423],[-68.3288,56.0921],[-68.4046,56.0997],[-68.4866,56.1577],[-68.4996,56.1748],[-68.4999,56.1848],[-68.4919,56.2048],[-68.4928,56.2163],[-68.5237,56.2431],[-68.5337,56.2808],[-68.5397,56.284],[-68.5752,56.2572],[-68.6094,56.2572],[-68.6148,56.2613],[-68.6183,56.274],[-68.623,56.2778],[-68.6314,56.2758],[-68.6463,56.2646],[-68.6812,56.2834],[-68.6987,56.3794],[-68.6984,56.3988],[-68.6913,56.4144],[-68.6759,56.4224],[-68.6616,56.4159],[-68.6503,56.4],[-68.6435,56.3803],[-68.6542,56.372],[-68.6491,56.3682],[-68.6358,56.3741],[-68.623,56.3938],[-68.6145,56.4294],[-68.6048,56.4332],[-68.5821,56.4212],[-68.5817,56.4441],[-68.5684,56.4621],[-68.5436,56.4285],[-68.5337,56.4212],[-68.5684,56.4006],[-68.567,56.39],[-68.5371,56.3903],[-68.5327,56.3794],[-68.5462,56.3617],[-68.548,56.3529],[-68.5406,56.3464],[-68.5155,56.342],[-68.4815,56.3217],[-68.4681,56.3255],[-68.4611,56.342],[-68.4586,56.4044],[-68.4551,56.4168],[-68.4472,56.4244],[-68.438,56.4244],[-68.4313,56.4144],[-68.4202,56.3761],[-68.428,56.337],[-68.4467,56.3014],[-68.4688,56.2743],[-68.4486,56.2319],[-68.4444,56.2163],[-68.4498,56.1789],[-68.4469,56.1639],[-68.4313,56.1474],[-68.4071,56.1436],[-68.3971,56.1268],[-68.3973,56.118],[-68.3912,56.11],[-68.3475,56.098],[-68.335,56.0989],[-68.2964,56.1362],[-68.2722,56.1798],[-68.2667,56.1945],[-68.2704,56.2131],[-68.2817,56.2319],[-68.2978,56.2475],[-68.3151,56.2572],[-68.3151,56.2634],[-68.2393,56.2446],[-68.2093,56.2066],[-68.2071,56.1857],[-68.1962,56.1663],[-68.1644,56.161],[-68.1644,56.168],[-68.1766,56.1763],[-68.1805,56.1863],[-68.1762,56.193],[-68.1637,56.1916],[-68.1239,56.1733],[-68.0743,56.1315]]]}},{"type":"Feature","properties":{},"bbox":[-72.282579,55.82627,-71.748161,56.132998],"geometry":{"type":"Polygon","coordinates":[[[-71.8151,55.9181],[-71.8226,55.9072],[-71.8387,55.9016],[-71.8774,55.9046],[-71.8915,55.9004],[-71.8977,55.8872],[-71.888,55.8628],[-71.895,55.8489],[-71.9145,55.8298],[-71.9246,55.8263],[-71.9845,55.8272],[-72.0219,55.8383],[-71.9814,55.8486],[-71.9735,55.8595],[-71.995,55.8675],[-72.0698,55.8798],[-72.1548,55.8787],[-72.1796,55.8866],[-72.1186,55.8934],[-72.0917,55.9007],[-72.0902,55.9208],[-72.1229,55.9355],[-72.1213,55.9449],[-72.0499,55.9414],[-72.0499,55.9481],[-72.1653,55.9555],[-72.1653,55.962],[-72.0489,55.9626],[-72.0151,55.952],[-72.0072,55.954],[-72.009,55.9673],[-72.0207,55.9826],[-72.0431,55.9896],[-72.1174,55.9823],[-72.1681,55.9958],[-72.1871,55.9967],[-72.2181,55.9835],[-72.237,55.9802],[-72.2484,55.9896],[-72.2448,55.9941],[-72.2206,56.0029],[-72.2219,56.0144],[-72.2328,56.0135],[-72.2493,56.0208],[-72.2581,56.0211],[-72.2615,56.0306],[-72.2343,56.0438],[-72.2565,56.0441],[-72.2689,56.0503],[-72.2674,56.0585],[-72.2484,56.0647],[-72.2764,56.0765],[-72.2826,56.0847],[-72.2636,56.0909],[-72.1966,56.0847],[-72.1776,56.0868],[-72.1182,56.0989],[-72.098,56.1059],[-72.0288,56.1127],[-71.9653,56.1306],[-71.9435,56.133],[-71.9208,56.1292],[-71.9033,56.1195],[-71.8895,56.1062],[-71.8585,56.0629],[-71.8524,56.0453],[-71.8606,56.0376],[-71.8992,56.0282],[-71.9133,56.0317],[-71.9189,56.0547],[-71.9317,56.0632],[-71.9613,56.0659],[-72.0151,56.0647],[-72.0453,56.0706],[-72.0555,56.0647],[-72.0614,56.0556],[-72.0618,56.0467],[-72.0567,56.0403],[-72.0461,56.0376],[-71.9764,56.0367],[-71.953,56.0306],[-72.0182,56.0194],[-72.0288,56.0102],[-71.8243,56.0179],[-71.7939,56.0111],[-71.7696,55.9955],[-71.7482,55.9693],[-71.7869,55.9785],[-71.8188,55.9961],[-71.8531,56.007],[-71.8984,55.9967],[-71.8714,55.9735],[-71.8637,55.962],[-71.8956,55.9593],[-71.918,55.9473],[-71.9212,55.9343],[-71.895,55.9284],[-71.8407,55.9414],[-71.8237,55.9378],[-71.8154,55.9293],[-71.8151,55.9181]]]}},{"type":"Feature","properties":{},"bbox":[-74.3864,56.667858,-73.954715,56.75705],"geometry":{"type":"Polygon","coordinates":[[[-74.0209,56.7276],[-73.9547,56.7158],[-73.9738,56.6982],[-74.0015,56.697],[-74.0314,56.7002],[-74.0572,56.6955],[-74.0572,56.6888],[-74.0361,56.6811],[-74.0507,56.6679],[-74.0741,56.6732],[-74.1187,56.6955],[-74.1486,56.6988],[-74.2422,56.6955],[-74.3864,56.7364],[-74.3848,56.7417],[-74.352,56.7438],[-74.352,56.75],[-74.3656,56.757],[-74.2956,56.7397],[-74.2769,56.7438],[-74.3105,56.757],[-74.2853,56.757],[-74.2626,56.75],[-74.227,56.7497],[-74.1459,56.7158],[-74.0897,56.7026],[-74.0607,56.7032],[-74.0361,56.7158],[-74.0479,56.7291],[-74.0209,56.7276]]]}},{"type":"Feature","properties":{},"bbox":[-76.311541,58.474076,-75.016192,58.814655],"geometry":{"type":"Polygon","coordinates":[[[-75.4251,58.6174],[-75.433,58.6227],[-75.4529,58.6136],[-75.4607,58.616],[-75.4664,58.6227],[-75.4686,58.6316],[-75.4803,58.6416],[-75.507,58.6442],[-75.558,58.6413],[-75.5512,58.6283],[-75.7543,58.6321],[-75.7982,58.6413],[-75.8225,58.6501],[-75.8241,58.6581],[-75.8188,58.6669],[-75.8219,58.6792],[-75.8357,58.6828],[-75.8834,58.6775],[-75.8972,58.6725],[-75.9053,58.6607],[-75.9037,58.6498],[-75.8832,58.6245],[-75.8818,58.6112],[-75.9015,58.6089],[-76.0309,58.6283],[-76.0075,58.6348],[-75.9577,58.6357],[-75.9348,58.6413],[-75.9539,58.6554],[-75.9768,58.6557],[-76.0235,58.648],[-76.0659,58.6689],[-76.0894,58.6763],[-76.1108,58.6563],[-76.1355,58.6545],[-76.162,58.6586],[-76.1783,58.6654],[-76.1813,58.6807],[-76.1672,58.6931],[-76.1457,58.701],[-76.1265,58.7028],[-76.1265,58.7102],[-76.1677,58.7193],[-76.234,58.714],[-76.3046,58.7163],[-76.2933,58.7293],[-76.2731,58.7331],[-76.229,58.7308],[-76.2409,58.7455],[-76.2646,58.7558],[-76.3115,58.7649],[-76.278,58.774],[-76.2435,58.7646],[-76.2091,58.7502],[-76.175,58.7443],[-76.1954,58.7573],[-76.1413,58.7858],[-76.1545,58.7923],[-76.137,58.8076],[-76.1126,58.8147],[-76.0868,58.8141],[-76.0652,58.8064],[-76.1033,58.7829],[-76.103,58.779],[-76.0142,58.769],[-76.0138,58.7634],[-76.0372,58.7511],[-76.0844,58.7437],[-76.0999,58.7375],[-76.0878,58.7249],[-76.0607,58.7261],[-76.0479,58.7202],[-76.0331,58.6946],[-76.0235,58.6898],[-76.0082,58.6913],[-75.9757,58.7007],[-75.9462,58.6884],[-75.8938,58.6898],[-75.9044,58.7034],[-75.9218,58.7116],[-75.9708,58.7178],[-75.9827,58.7219],[-75.9913,58.7287],[-75.9899,58.7375],[-75.9816,58.739],[-75.8395,58.7119],[-75.8179,58.6848],[-75.7846,58.6881],[-75.7733,58.6863],[-75.7702,58.6754],[-75.796,58.6666],[-75.7982,58.6557],[-75.7765,58.6427],[-75.7405,58.6416],[-75.587,58.6551],[-75.558,58.6619],[-75.5512,58.6828],[-75.5238,58.6754],[-75.3972,58.6692],[-75.3793,58.6713],[-75.3699,58.6772],[-75.3372,58.7102],[-75.3313,58.709],[-75.2975,58.6922],[-75.2973,58.6725],[-75.2835,58.6486],[-75.2512,58.6419],[-75.2146,58.641],[-75.1874,58.6345],[-75.1744,58.6283],[-75.2021,58.6186],[-75.2033,58.6142],[-75.1863,58.5909],[-75.1534,58.5656],[-75.1744,58.5521],[-75.0514,58.5094],[-75.0302,58.4973],[-75.0162,58.4835],[-75.0188,58.4741],[-75.0399,58.4767],[-75.1537,58.5185],[-75.1744,58.5321],[-75.1902,58.525],[-75.2096,58.525],[-75.2284,58.53],[-75.2427,58.5388],[-75.2526,58.5536],[-75.2427,58.5965],[-75.2505,58.6124],[-75.2693,58.6207],[-75.3116,58.6283],[-75.366,58.6522],[-75.3833,58.6557],[-75.4034,58.6507],[-75.4052,58.6386],[-75.3942,58.6107],[-75.4003,58.5798],[-75.4102,58.5774],[-75.414,58.6004],[-75.4251,58.6174]]]}},{"type":"Feature","properties":{},"bbox":[-74.007995,59.909395,-73.276353,60.158133],"geometry":{"type":"Polygon","coordinates":[[[-73.3863,60.0466],[-73.4656,60.0469],[-73.4886,60.0398],[-73.5049,60.0251],[-73.5054,60.0121],[-73.501,59.9974],[-73.5023,59.9777],[-73.5143,59.9588],[-73.5267,59.9639],[-73.5501,59.9974],[-73.5386,60.0124],[-73.5376,60.0215],[-73.5467,60.0254],[-73.5547,60.0221],[-73.6057,59.9901],[-73.6508,59.9706],[-73.6661,59.9565],[-73.6574,59.95],[-73.6531,59.9094],[-73.6879,59.93],[-73.6901,59.9341],[-73.6874,59.9421],[-73.7083,59.9453],[-73.7213,59.9509],[-73.6757,59.9683],[-73.6601,59.9709],[-73.6676,59.9765],[-73.7147,59.9912],[-73.793,59.9998],[-73.8278,60.0118],[-73.8354,60.0068],[-73.8275,59.9959],[-73.8108,59.9845],[-73.7978,59.9683],[-73.7993,59.9633],[-73.817,59.9641],[-73.8271,59.9683],[-73.8361,59.9765],[-73.8558,60.0168],[-73.8822,60.0286],[-73.9404,60.0398],[-73.9599,60.048],[-73.9875,60.0639],[-74.008,60.0842],[-74.0056,60.1043],[-73.9899,60.1034],[-73.9343,60.0528],[-73.9129,60.0616],[-73.8978,60.1013],[-73.8758,60.091],[-73.8549,60.0498],[-73.8443,60.0413],[-73.8373,60.0407],[-73.8245,60.0528],[-73.817,60.0739],[-73.8075,60.0795],[-73.7729,60.0807],[-73.7384,60.0943],[-73.7016,60.0875],[-73.6234,60.114],[-73.5919,60.1143],[-73.5843,60.0807],[-73.5728,60.0907],[-73.5667,60.1249],[-73.56,60.1387],[-73.5388,60.1517],[-73.5126,60.1581],[-73.4851,60.1575],[-73.4606,60.1496],[-73.4494,60.1408],[-73.4818,60.0875],[-73.3692,60.0619],[-73.3059,60.0601],[-73.2764,60.0528],[-73.3002,60.0448],[-73.3863,60.0466]]]}},{"type":"Feature","properties":{},"bbox":[-110.253197,54.440993,-109.842264,54.640866],"geometry":{"type":"Polygon","coordinates":[[[-109.8901,54.5947],[-109.8423,54.5646],[-109.8423,54.5573],[-109.912,54.5281],[-109.9457,54.5208],[-109.9858,54.5019],[-110.0254,54.4937],[-110.0336,54.4822],[-109.9721,54.4822],[-109.9821,54.4672],[-109.999,54.4539],[-110.0189,54.4448],[-110.0373,54.441],[-110.0819,54.4548],[-110.1266,54.441],[-110.145,54.446],[-110.1933,54.4713],[-110.2054,54.4822],[-110.2064,54.4928],[-110.1989,54.5116],[-110.2018,54.5199],[-110.2132,54.5275],[-110.2532,54.5367],[-110.2532,54.5428],[-110.2394,54.5561],[-110.1884,54.5947],[-110.1575,54.6247],[-110.141,54.6294],[-110.0785,54.6194],[-109.949,54.6409],[-109.915,54.6276],[-109.8942,54.6067],[-109.8901,54.5947]]]}},{"type":"Feature","properties":{},"bbox":[-104.794361,54.855752,-104.174872,54.975558],"geometry":{"type":"Polygon","coordinates":[[[-104.2221,54.9676],[-104.1749,54.9482],[-104.1905,54.9405],[-104.209,54.9408],[-104.2346,54.9341],[-104.3222,54.9346],[-104.3939,54.9137],[-104.4213,54.9134],[-104.4555,54.9273],[-104.4697,54.9279],[-104.5247,54.9102],[-104.5447,54.8961],[-104.6069,54.8861],[-104.641,54.859],[-104.6519,54.8558],[-104.6956,54.8619],[-104.7134,54.8761],[-104.7264,54.8793],[-104.7657,54.8749],[-104.7782,54.8793],[-104.791,54.8952],[-104.7944,54.9161],[-104.7905,54.9367],[-104.7816,54.9514],[-104.7604,54.9638],[-104.739,54.9658],[-104.6887,54.9611],[-104.5621,54.9682],[-104.4488,54.9544],[-104.4215,54.9579],[-104.3668,54.9723],[-104.2932,54.9756],[-104.2221,54.9676]]]}},{"type":"Feature","properties":{},"bbox":[-67.855931,51.70635,-67.505785,52.008073],"geometry":{"type":"Polygon","coordinates":[[[-67.8015,51.863],[-67.7938,51.8703],[-67.8094,51.9048],[-67.8127,51.9242],[-67.8041,51.933],[-67.7614,51.9351],[-67.7513,51.9439],[-67.7726,51.978],[-67.772,51.9913],[-67.7628,52.0016],[-67.746,52.0081],[-67.7316,52.001],[-67.7193,51.9989],[-67.718,52.0019],[-67.7061,51.9916],[-67.7036,51.9848],[-67.7045,51.9739],[-67.712,51.9574],[-67.7079,51.9445],[-67.6952,51.936],[-67.6771,51.933],[-67.6472,51.946],[-67.6296,51.868],[-67.6116,51.8421],[-67.5645,51.7991],[-67.5504,51.7938],[-67.5508,51.8129],[-67.561,51.8509],[-67.5521,51.8644],[-67.5404,51.8621],[-67.5287,51.8503],[-67.5133,51.822],[-67.5058,51.7917],[-67.5058,51.7752],[-67.5176,51.7417],[-67.5183,51.7252],[-67.5058,51.7064],[-67.5204,51.7099],[-67.5379,51.7237],[-67.5853,51.772],[-67.6015,51.7838],[-67.6212,51.7914],[-67.7591,51.81],[-67.7931,51.8223],[-67.8075,51.8238],[-67.8424,51.817],[-67.8559,51.8238],[-67.8109,51.8368],[-67.8015,51.863]],[[-67.731,51.8715],[-67.7249,51.8403],[-67.7148,51.8394],[-67.6566,51.8161],[-67.6461,51.8232],[-67.6453,51.835],[-67.6533,51.8509],[-67.6669,51.8544],[-67.728,51.8836],[-67.731,51.8715]]]}},{"type":"Feature","properties":{},"bbox":[-64.02493,52.042808,-63.641373,52.369553],"geometry":{"type":"Polygon","coordinates":[[[-63.6473,52.0664],[-63.6414,52.0428],[-63.7005,52.0566],[-63.7575,52.077],[-63.8205,52.0878],[-63.8473,52.0984],[-63.8468,52.1179],[-63.8541,52.1405],[-63.8379,52.2121],[-63.828,52.2324],[-63.8258,52.2444],[-63.8314,52.2645],[-63.8661,52.3004],[-63.9256,52.3407],[-64.0162,52.356],[-64.0249,52.3643],[-64.0009,52.3696],[-63.9048,52.3445],[-63.7557,52.331],[-63.7574,52.3233],[-63.7743,52.313],[-63.7847,52.2998],[-63.7794,52.2892],[-63.7506,52.2718],[-63.7457,52.2615],[-63.7158,52.2344],[-63.7027,52.2138],[-63.6922,52.1873],[-63.6758,52.112],[-63.6473,52.0664]],[[-63.6687,52.0696],[-63.6902,52.087],[-63.7041,52.1108],[-63.7052,52.1344],[-63.6892,52.152],[-63.7287,52.2077],[-63.7637,52.2359],[-63.7883,52.2409],[-63.7992,52.238],[-63.7847,52.2165],[-63.7972,52.2077],[-63.8224,52.1968],[-63.8415,52.1823],[-63.8365,52.1623],[-63.7868,52.117],[-63.6749,52.0628],[-63.6687,52.0696]]]}},{"type":"Feature","properties":{},"bbox":[-81.588018,46.863472,-81.417287,47.281174],"geometry":{"type":"Polygon","coordinates":[[[-81.4258,47.1337],[-81.4173,47.1287],[-81.4288,47.086],[-81.4241,47.0675],[-81.4561,47.0887],[-81.4704,47.0713],[-81.4691,47.0419],[-81.4545,47.0263],[-81.4525,47.0183],[-81.4573,46.98],[-81.4666,46.9512],[-81.4302,46.9091],[-81.4822,46.9165],[-81.49,46.9132],[-81.4931,46.8988],[-81.4993,46.8956],[-81.5175,46.9038],[-81.5271,46.9029],[-81.5422,46.8938],[-81.5436,46.8838],[-81.5408,46.8738],[-81.5436,46.8649],[-81.5564,46.8635],[-81.5704,46.8744],[-81.588,46.9029],[-81.5627,46.8941],[-81.5386,46.9085],[-81.5206,46.9344],[-81.509,46.9742],[-81.4921,46.9839],[-81.4925,46.9992],[-81.5143,47.0213],[-81.5197,47.0333],[-81.5197,47.0778],[-81.5175,47.086],[-81.5081,47.0984],[-81.5072,47.1128],[-81.525,47.1817],[-81.5397,47.2043],[-81.5606,47.2108],[-81.5548,47.2264],[-81.5533,47.245],[-81.5606,47.2797],[-81.5424,47.2791],[-81.5334,47.2662],[-81.5371,47.24],[-81.523,47.2146],[-81.5063,47.1937],[-81.5027,47.1802],[-81.5075,47.1596],[-81.4871,47.1472],[-81.4564,47.1455],[-81.4302,47.1561],[-81.4241,47.1493],[-81.4856,47.1287],[-81.4856,47.1219],[-81.4258,47.1337]]]}},{"type":"Feature","properties":{},"bbox":[-79.25165,46.769275,-78.75756,47.184034],"geometry":{"type":"Polygon","coordinates":[[[-78.7757,46.8564],[-78.7576,46.8346],[-78.7785,46.8305],[-78.8538,46.8482],[-78.8818,46.8517],[-78.8958,46.8567],[-78.9017,46.8649],[-78.8986,46.8729],[-78.8824,46.8808],[-78.875,46.8894],[-78.9196,46.8976],[-78.947,46.9091],[-78.9627,46.9038],[-78.9633,46.8914],[-78.9546,46.8776],[-78.9433,46.8682],[-78.966,46.8632],[-78.9727,46.8549],[-78.9705,46.8408],[-78.9633,46.8308],[-78.9542,46.8273],[-78.8721,46.8261],[-78.8494,46.819],[-78.8334,46.8005],[-78.8716,46.8067],[-78.8909,46.8058],[-78.909,46.8005],[-78.9017,46.7863],[-78.9146,46.7749],[-78.9267,46.7696],[-78.9507,46.7725],[-78.9785,46.8017],[-79.0031,46.8149],[-79.0147,46.8329],[-79.012,46.8496],[-78.9842,46.8543],[-79.0262,46.9138],[-79.0357,46.92],[-79.0484,46.9209],[-79.0955,46.9441],[-79.1299,46.9524],[-79.1482,46.9621],[-79.1945,46.9677],[-79.2172,46.9847],[-79.2516,47.0333],[-79.2282,47.0377],[-79.192,47.0304],[-79.1282,47.0054],[-79.1034,46.9883],[-79.0872,46.9853],[-79.0251,46.9924],[-79.0307,47.0012],[-79.0559,47.016],[-79.0616,47.0257],[-79.0662,47.0536],[-79.0861,47.0622],[-79.1136,47.0398],[-79.1282,47.0401],[-79.1183,47.0604],[-79.1251,47.0745],[-79.142,47.0834],[-79.1972,47.0928],[-79.2034,47.1016],[-79.2101,47.1219],[-79.1077,47.1048],[-79.103,47.1178],[-79.0736,47.1358],[-79.0714,47.1481],[-79.0736,47.184],[-79.0506,47.1667],[-79.0463,47.1493],[-79.0318,47.1555],[-79.017,47.1558],[-79.0035,47.1511],[-78.9917,47.1425],[-79.0191,47.1305],[-79.0404,47.1163],[-79.0525,47.0963],[-79.0525,47.0675],[-79.0488,47.053],[-79.0376,47.0321],[-79.029,47.0227],[-78.9842,46.9956],[-78.9596,46.9515],[-78.9061,46.9226],[-78.8538,46.9206],[-78.8334,46.9574],[-78.8082,46.9418],[-78.7972,46.9318],[-78.7852,46.8953],[-78.7765,46.8864],[-78.7651,46.8823],[-78.7767,46.8682],[-78.7757,46.8564]]]}},{"type":"Feature","properties":{},"bbox":[-76.442533,44.600695,-76.065158,44.908599],"geometry":{"type":"Polygon","coordinates":[[[-76.0802,44.8986],[-76.0652,44.9086],[-76.0725,44.8921],[-76.108,44.8689],[-76.1168,44.8591],[-76.1236,44.8344],[-76.1318,44.8288],[-76.1545,44.8268],[-76.1748,44.8156],[-76.1989,44.7967],[-76.211,44.7758],[-76.1954,44.7579],[-76.1795,44.7599],[-76.1772,44.7499],[-76.1838,44.7352],[-76.1954,44.7237],[-76.2104,44.7184],[-76.2562,44.7167],[-76.3092,44.7025],[-76.3189,44.6964],[-76.3207,44.6784],[-76.3093,44.6713],[-76.2774,44.6752],[-76.2884,44.649],[-76.3086,44.6251],[-76.3345,44.6075],[-76.3631,44.6007],[-76.3893,44.6216],[-76.3703,44.6431],[-76.3432,44.6587],[-76.3326,44.6684],[-76.3532,44.6964],[-76.3719,44.6884],[-76.3969,44.6864],[-76.4222,44.6893],[-76.4425,44.6964],[-76.4219,44.7078],[-76.3252,44.7237],[-76.2711,44.7435],[-76.2475,44.7605],[-76.229,44.785],[-76.2432,44.7988],[-76.1499,44.8683],[-76.1265,44.9012],[-76.1098,44.903],[-76.0802,44.8986]]]}},{"type":"Feature","properties":{},"bbox":[-69.507167,45.83408,-69.185427,46.180547],"geometry":{"type":"Polygon","coordinates":[[[-69.3101,45.8444],[-69.3579,45.9024],[-69.3581,45.9159],[-69.3288,45.9159],[-69.3625,46.0075],[-69.3853,46.0463],[-69.434,46.0834],[-69.4554,46.0872],[-69.4537,46.0934],[-69.466,46.1281],[-69.5035,46.1661],[-69.5072,46.1773],[-69.4975,46.1805],[-69.483,46.1758],[-69.4281,46.1117],[-69.4122,46.1046],[-69.4021,46.1158],[-69.3938,46.1323],[-69.3834,46.142],[-69.3662,46.1385],[-69.3606,46.1087],[-69.3459,46.1017],[-69.3434,46.0916],[-69.3559,46.0487],[-69.3356,46.0334],[-69.3192,46.0048],[-69.3151,45.9916],[-69.3219,45.9677],[-69.3188,45.9607],[-69.292,45.9459],[-69.2618,45.9221],[-69.24,45.9097],[-69.2414,45.9127],[-69.2188,45.9159],[-69.1854,45.8885],[-69.2106,45.8941],[-69.22,45.8927],[-69.2524,45.8688],[-69.267,45.8656],[-69.2736,45.8785],[-69.2701,45.9018],[-69.2737,45.9103],[-69.2879,45.9097],[-69.2986,45.9027],[-69.3008,45.8924],[-69.2946,45.8682],[-69.2833,45.8497],[-69.2802,45.8388],[-69.2874,45.8341],[-69.3004,45.837],[-69.3101,45.8444]]]}},{"type":"Feature","properties":{},"bbox":[-66.285204,52.359544,-65.861615,53.006557],"geometry":{"type":"Polygon","coordinates":[[[-65.871,52.565],[-65.8616,52.5568],[-65.8718,52.5185],[-65.9168,52.5185],[-65.9289,52.5388],[-65.9521,52.5426],[-65.9679,52.5315],[-65.9571,52.5076],[-65.9848,52.5041],[-65.995,52.4961],[-65.9988,52.4808],[-65.9945,52.4667],[-65.9571,52.447],[-65.9716,52.4373],[-65.9789,52.4278],[-65.9851,52.399],[-65.9861,52.3687],[-65.991,52.3595],[-66.005,52.3643],[-65.9988,52.3643],[-66.0047,52.3781],[-66.0119,52.4196],[-66.0173,52.4337],[-66.0456,52.482],[-66.0702,52.5103],[-66.0808,52.5153],[-66.0915,52.5064],[-66.0971,52.4767],[-66.1086,52.4673],[-66.1149,52.4808],[-66.1129,52.4917],[-66.117,52.5026],[-66.1254,52.5129],[-66.1766,52.5518],[-66.1831,52.5597],[-66.1792,52.5715],[-66.161,52.5915],[-66.1558,52.6039],[-66.1589,52.633],[-66.1714,52.6639],[-66.2043,52.7137],[-66.2131,52.6775],[-66.2204,52.6642],[-66.2415,52.6592],[-66.2624,52.6624],[-66.2783,52.6713],[-66.2852,52.6845],[-66.2793,52.7007],[-66.2725,52.6934],[-66.2578,52.784],[-66.2494,52.8079],[-66.2368,52.8067],[-66.2315,52.8093],[-66.2209,52.8455],[-66.2047,52.8553],[-66.2051,52.8647],[-66.2126,52.8741],[-66.2409,52.8815],[-66.2424,52.8897],[-66.2315,52.9129],[-66.2277,52.9383],[-66.229,52.9565],[-66.2521,52.9951],[-66.2365,53.0066],[-66.22,53.0066],[-66.2093,52.9977],[-66.2104,52.9818],[-66.2015,52.9589],[-66.2006,52.945],[-66.2043,52.9336],[-66.1831,52.8611],[-66.1725,52.8411],[-66.1255,52.8096],[-66.1149,52.7926],[-66.1087,52.7684],[-66.0671,52.7007],[-66.0627,52.6775],[-66.0725,52.681],[-66.1086,52.7137],[-66.1086,52.7013],[-66.1012,52.6695],[-66.1067,52.6574],[-66.1305,52.6513],[-66.136,52.6424],[-66.1224,52.6224],[-66.0914,52.6106],[-66.0323,52.5977],[-66.0397,52.5771],[-66.0169,52.588],[-65.9948,52.6089],[-65.9704,52.6218],[-65.9404,52.6077],[-65.9094,52.5771],[-65.871,52.565]],[[-66.1457,52.7013],[-66.136,52.6934],[-66.1333,52.7125],[-66.1386,52.7349],[-66.1391,52.7519],[-66.1217,52.7546],[-66.1496,52.7881],[-66.1583,52.809],[-66.1701,52.8235],[-66.1831,52.7958],[-66.1847,52.7861],[-66.1654,52.7522],[-66.1635,52.7413],[-66.1701,52.7275],[-66.158,52.7207],[-66.1457,52.7013]]]}},{"type":"Feature","properties":{},"bbox":[-92.114185,46.423397,-84.356218,49.027637],"geometry":{"type":"Polygon","coordinates":[[[-84.4904,46.4493],[-84.4901,46.4465],[-84.5292,46.4299],[-84.5698,46.4234],[-84.6033,46.4375],[-84.5941,46.4578],[-84.6184,46.4843],[-84.6565,46.502],[-84.6893,46.4955],[-84.715,46.4784],[-84.7495,46.4667],[-84.7864,46.4596],[-84.8195,46.4572],[-84.8354,46.4596],[-84.8775,46.4784],[-84.9148,46.4846],[-84.946,46.5064],[-85.0079,46.492],[-85.0271,46.4967],[-85.0396,46.5052],[-85.0558,46.5329],[-85.028,46.5562],[-85.0179,46.5732],[-85.0312,46.6068],[-85.0134,46.7242],[-85.0079,46.739],[-84.9941,46.7513],[-84.9611,46.769],[-84.9527,46.7863],[-85.039,46.7725],[-85.1232,46.7799],[-85.2003,46.7755],[-85.293,46.7546],[-85.4755,46.6895],[-85.5219,46.6839],[-85.8606,46.7086],[-85.8918,46.7042],[-85.8987,46.711],[-85.9262,46.6992],[-86.0909,46.6754],[-86.1186,46.6789],[-86.1457,46.6907],[-86.2828,46.6218],[-86.3965,46.5862],[-86.4365,46.5623],[-86.4883,46.5535],[-86.5333,46.5264],[-86.5946,46.4655],[-86.6255,46.444],[-86.659,46.4375],[-86.6521,46.4572],[-86.702,46.4608],[-86.72,46.4699],[-86.7384,46.4882],[-86.7598,46.5011],[-86.7802,46.4955],[-86.8105,46.4708],[-86.8305,46.4625],[-86.8579,46.4575],[-86.882,46.4599],[-86.8972,46.4832],[-86.9209,46.4846],[-86.9301,46.4882],[-86.9606,46.5194],[-86.9703,46.5403],[-86.9817,46.5473],[-87.0084,46.5535],[-87.0218,46.5512],[-87.0421,46.5391],[-87.0809,46.5397],[-87.1115,46.5123],[-87.1356,46.5108],[-87.1831,46.5173],[-87.2261,46.5023],[-87.3481,46.5167],[-87.3736,46.5264],[-87.3877,46.547],[-87.3927,46.5974],[-87.3967,46.6044],[-87.4594,46.6256],[-87.4694,46.635],[-87.4678,46.6495],[-87.5061,46.6733],[-87.5225,46.6907],[-87.5292,46.7078],[-87.5982,46.7657],[-87.6144,46.8093],[-87.6297,46.8287],[-87.6607,46.8199],[-87.6681,46.829],[-87.6769,46.8514],[-87.6843,46.8526],[-87.709,46.847],[-87.7209,46.8482],[-87.731,46.8552],[-87.7489,46.8823],[-87.7792,46.8847],[-87.7831,46.8923],[-87.7965,46.9012],[-87.9029,46.9212],[-88.0639,46.9312],[-88.1191,46.9276],[-88.1986,46.9117],[-88.215,46.8991],[-88.2243,46.8785],[-88.2464,46.8567],[-88.2732,46.8399],[-88.297,46.8346],[-88.297,46.8408],[-88.2764,46.8608],[-88.2395,46.9129],[-88.1837,46.9329],[-88.1543,46.953],[-88.1441,46.9703],[-88.1735,46.9718],[-88.1888,46.9671],[-88.2349,46.9438],[-88.2786,46.9135],[-88.31,46.9038],[-88.3394,46.8808],[-88.3553,46.8755],[-88.3892,46.8726],[-88.4005,46.8661],[-88.3864,46.8543],[-88.441,46.8005],[-88.4747,46.7734],[-88.4888,46.7799],[-88.4847,46.7863],[-88.4583,46.7969],[-88.456,46.8028],[-88.4795,46.8385],[-88.4828,46.8482],[-88.4692,46.8767],[-88.47,46.8861],[-88.4757,46.8956],[-88.463,46.9126],[-88.4441,46.9603],[-88.441,46.9818],[-88.4468,47.0012],[-88.4613,47.0201],[-88.4963,47.0469],[-88.5162,47.0407],[-88.5235,47.0469],[-88.5097,47.0892],[-88.5078,47.101],[-88.5126,47.1116],[-88.5355,47.1252],[-88.5874,47.1299],[-88.6129,47.1358],[-88.6349,47.1511],[-88.6372,47.1678],[-88.626,47.2144],[-88.6358,47.237],[-88.6586,47.2379],[-88.6838,47.2282],[-88.8519,47.1287],[-88.8866,47.1152],[-88.9162,47.0728],[-88.9518,47.0313],[-88.9686,47.0189],[-89.0101,47.0127],[-89.0613,46.9992],[-89.1102,47.0071],[-89.1308,47.0059],[-89.1536,46.9924],[-89.2268,46.9362],[-89.308,46.8935],[-89.3976,46.8638],[-89.7942,46.8302],[-89.8348,46.8155],[-90.0176,46.6975],[-90.0597,46.6804],[-90.237,46.6403],[-90.2896,46.6171],[-90.3618,46.6086],[-90.387,46.6],[-90.4353,46.5765],[-90.4544,46.5771],[-90.4974,46.5944],[-90.5698,46.6071],[-90.6621,46.6445],[-90.7364,46.6951],[-90.7569,46.7042],[-90.7301,46.6839],[-90.752,46.6833],[-90.771,46.6763],[-90.771,46.6701],[-90.7363,46.6701],[-90.755,46.6509],[-90.7812,46.6371],[-90.9008,46.6021],[-90.9301,46.5977],[-90.956,46.6074],[-90.9445,46.6271],[-90.9275,46.6468],[-90.8631,46.701],[-90.8578,46.7125],[-90.8742,46.7422],[-90.8659,46.7808],[-90.8543,46.799],[-90.8187,46.8164],[-90.7937,46.8617],[-90.7772,46.8755],[-90.7847,46.8894],[-90.7616,46.8976],[-90.7641,46.9056],[-90.7847,46.92],[-90.7887,46.9391],[-90.799,46.9456],[-90.8291,46.9438],[-90.8344,46.9468],[-90.8393,46.9644],[-90.857,46.9703],[-90.8773,46.9718],[-90.8843,46.9686],[-90.8945,46.95],[-90.9147,46.945],[-90.9358,46.9438],[-90.966,46.95],[-90.9757,46.9482],[-90.9902,46.9371],[-91.0334,46.9229],[-91.0448,46.9165],[-91.0537,46.8979],[-91.082,46.895],[-91.0994,46.8894],[-91.1153,46.8667],[-91.1282,46.8593],[-91.1478,46.8682],[-91.1478,46.8823],[-91.1677,46.8679],[-91.19,46.8617],[-91.2036,46.8676],[-91.1962,46.8894],[-91.2248,46.8844],[-91.2747,46.8535],[-91.3528,46.8184],[-91.4011,46.7863],[-91.4146,46.7943],[-91.4904,46.7725],[-91.5698,46.7643],[-91.793,46.706],[-91.9393,46.6898],[-91.9635,46.6907],[-92.059,46.7239],[-92.1043,46.7584],[-92.1142,46.7725],[-92.0953,46.804],[-92.048,46.8343],[-91.9566,46.8755],[-91.8975,46.9117],[-91.8597,46.9209],[-91.7983,46.95],[-91.7456,46.9927],[-91.7119,47.003],[-91.655,47.0333],[-91.6338,47.0598],[-91.598,47.0731],[-91.5929,47.0848],[-91.5818,47.0966],[-91.511,47.1219],[-91.0124,47.4931],[-90.9492,47.5123],[-90.7915,47.6162],[-90.5329,47.7115],[-90.3958,47.7419],[-90.3458,47.7463],[-90.3287,47.7501],[-90.2877,47.7678],[-90.0853,47.8113],[-89.7432,47.9308],[-89.725,47.9414],[-89.693,47.9667],[-89.6654,47.9759],[-89.6484,47.9947],[-89.6365,47.9988],[-89.6069,47.9915],[-89.5902,47.9906],[-89.5781,47.9988],[-89.5781,48.0127],[-89.564,48.0197],[-89.52,48.0294],[-89.5104,48.0436],[-89.4995,48.0518],[-89.4596,48.0512],[-89.462,48.0612],[-89.4193,48.0798],[-89.423,48.0863],[-89.4552,48.0889],[-89.433,48.1019],[-89.3317,48.1225],[-89.3391,48.1334],[-89.3452,48.1363],[-89.3051,48.1666],[-89.2942,48.1858],[-89.3043,48.2052],[-89.2982,48.212],[-89.2736,48.2019],[-89.2662,48.214],[-89.2702,48.2561],[-89.2675,48.2644],[-89.2534,48.2832],[-89.2407,48.2917],[-89.2293,48.3218],[-89.2185,48.3279],[-89.206,48.3262],[-89.2019,48.3418],[-89.2144,48.3647],[-89.2378,48.3786],[-89.2372,48.4009],[-89.2156,48.4448],[-89.1886,48.4675],[-89.1491,48.4839],[-88.8166,48.5699],[-88.7799,48.5884],[-88.7631,48.5834],[-88.7583,48.567],[-88.7736,48.5437],[-88.8382,48.4863],[-88.8457,48.4516],[-88.8584,48.423],[-88.8519,48.4098],[-88.8607,48.4036],[-88.8629,48.3886],[-88.8662,48.3833],[-88.8765,48.3803],[-88.895,48.3827],[-88.9071,48.3765],[-88.9161,48.3653],[-88.93,48.3359],[-88.9412,48.3218],[-88.9303,48.3153],[-88.914,48.3353],[-88.8725,48.3353],[-88.8026,48.3509],[-88.7686,48.3686],[-88.7475,48.3739],[-88.73,48.3839],[-88.7096,48.451],[-88.6873,48.4925],[-88.6976,48.5069],[-88.6812,48.5134],[-88.6397,48.5199],[-88.6351,48.5331],[-88.626,48.6055],[-88.6205,48.6249],[-88.6061,48.6341],[-88.5611,48.6364],[-88.5469,48.6447],[-88.5441,48.6635],[-88.549,48.6844],[-88.5577,48.6985],[-88.5475,48.7077],[-88.5093,48.7188],[-88.5319,48.7289],[-88.5419,48.743],[-88.544,48.7842],[-88.5275,48.8022],[-88.4957,48.8192],[-88.4888,48.8493],[-88.4683,48.8572],[-88.4418,48.8563],[-88.3641,48.8434],[-88.3479,48.8284],[-88.3312,48.788],[-88.3187,48.7662],[-88.3175,48.753],[-88.3312,48.7085],[-88.339,48.6944],[-88.4997,48.5749],[-88.544,48.5546],[-88.5583,48.5399],[-88.577,48.5084],[-88.5912,48.4925],[-88.5644,48.4925],[-88.5706,48.4754],[-88.5586,48.4495],[-88.5577,48.4315],[-88.516,48.4448],[-88.5254,48.4542],[-88.5213,48.4639],[-88.5031,48.4789],[-88.4878,48.4736],[-88.482,48.4789],[-88.4816,48.486],[-88.4935,48.4937],[-88.4963,48.4993],[-88.492,48.516],[-88.4622,48.534],[-88.4386,48.567],[-88.4274,48.5749],[-88.4209,48.5558],[-88.4077,48.549],[-88.3903,48.5514],[-88.3727,48.5608],[-88.3593,48.5793],[-88.3237,48.5823],[-88.3132,48.5864],[-88.3038,48.5955],[-88.3257,48.6111],[-88.3348,48.6382],[-88.3303,48.6573],[-88.3113,48.65],[-88.2916,48.6132],[-88.2732,48.6091],[-88.2281,48.6432],[-88.2323,48.6311],[-88.2495,48.6099],[-88.2554,48.5955],[-88.2256,48.5976],[-88.2031,48.6135],[-88.1672,48.6576],[-88.1226,48.6947],[-88.1094,48.7115],[-88.1088,48.7212],[-88.1189,48.7462],[-88.1086,48.7974],[-88.1182,48.8045],[-88.2139,48.8487],[-88.2411,48.8651],[-88.2629,48.8905],[-88.2427,48.917],[-88.2411,48.9258],[-88.2486,48.9449],[-88.2688,48.9747],[-88.2711,48.9897],[-88.2554,49.0003],[-88.2502,48.9838],[-88.239,48.9741],[-88.2243,48.972],[-88.2083,48.9791],[-88.1931,48.9723],[-88.1769,48.9735],[-88.1462,48.9858],[-88.1239,49.0035],[-88.112,49.0064],[-88.0811,48.9926],[-88.0687,48.9994],[-88.0496,49.0256],[-88.0362,49.0276],[-88.0311,49.0215],[-88.0303,49.0132],[-88.0325,49.0067],[-88.0362,49.0064],[-88.0362,48.9926],[-88.0127,48.9894],[-87.942,48.9473],[-87.8855,48.9449],[-87.8662,48.934],[-87.8499,48.9299],[-87.7931,48.9337],[-87.7816,48.9284],[-87.7898,48.9108],[-87.7236,48.9143],[-87.7005,48.9108],[-87.6671,48.8966],[-87.6638,48.8752],[-87.6602,48.8699],[-87.6394,48.8646],[-87.5913,48.8828],[-87.5757,48.8828],[-87.5615,48.8781],[-87.5555,48.8675],[-87.5646,48.8493],[-87.544,48.8369],[-87.5175,48.8384],[-87.4644,48.8493],[-87.4369,48.844],[-87.391,48.8172],[-87.3654,48.8077],[-87.3175,48.8077],[-87.3099,48.7998],[-87.3004,48.7786],[-87.2931,48.7742],[-87.2419,48.7674],[-87.2261,48.7689],[-87.1867,48.7804],[-87.1012,48.7804],[-87.0424,48.7933],[-87.0154,48.7804],[-86.997,48.7851],[-86.9977,48.7924],[-87.0039,48.8004],[-87.0023,48.8077],[-86.9883,48.8139],[-86.9771,48.813],[-86.939,48.7845],[-86.9151,48.7733],[-86.8719,48.7601],[-86.854,48.7586],[-86.7416,48.7942],[-86.7251,48.8116],[-86.7175,48.8145],[-86.7089,48.8125],[-86.6938,48.801],[-86.6346,48.7942],[-86.618,48.788],[-86.6317,48.7462],[-86.5582,48.74],[-86.5392,48.7492],[-86.5361,48.7601],[-86.5202,48.7592],[-86.4567,48.7745],[-86.4285,48.7733],[-86.4337,48.753],[-86.4038,48.753],[-86.3907,48.7501],[-86.3853,48.743],[-86.3891,48.7309],[-86.3998,48.7274],[-86.3928,48.7121],[-86.3704,48.6959],[-86.3614,48.6744],[-86.3401,48.6594],[-86.3096,48.6576],[-86.318,48.6408],[-86.3301,48.6297],[-86.2864,48.6052],[-86.2668,48.5873],[-86.2686,48.5681],[-86.2585,48.5528],[-86.2509,48.5107],[-86.226,48.4642],[-86.2229,48.4466],[-86.2276,48.4315],[-86.1792,48.3968],[-86.1897,48.3912],[-86.1917,48.383],[-86.1876,48.3747],[-86.1792,48.3689],[-86.1863,48.3509],[-86.1782,48.3347],[-86.1518,48.3076],[-86.1293,48.2511],[-86.1178,48.2323],[-86.0993,48.2158],[-86.0972,48.2017],[-86.0768,48.1634],[-86.0155,48.1119],[-86.0079,48.1083],[-86.0016,48.0895],[-85.9448,48.0657],[-85.9402,48.0468],[-85.8987,48.0262],[-85.8747,47.9956],[-85.8592,47.985],[-85.7431,47.9523],[-85.5331,47.9261],[-85.4242,47.9273],[-85.2789,47.9582],[-84.9291,47.9718],[-84.9215,47.9685],[-84.9117,47.9544],[-84.9015,47.9511],[-84.8883,47.9626],[-84.8775,47.965],[-84.8586,47.9609],[-84.8446,47.9503],[-84.8388,47.935],[-84.8435,47.917],[-84.8502,47.9105],[-84.8775,47.8967],[-84.8981,47.8755],[-84.9248,47.8617],[-84.9357,47.8511],[-84.9391,47.8346],[-84.9336,47.8231],[-84.9214,47.8116],[-84.9059,47.8034],[-84.8912,47.801],[-84.9015,47.7878],[-84.9326,47.7607],[-84.9426,47.7416],[-84.951,47.7386],[-84.9701,47.7389],[-84.9842,47.7274],[-84.9944,47.7109],[-84.9704,47.6998],[-84.9716,47.6883],[-84.9975,47.6671],[-85.0074,47.6341],[-85.0144,47.6206],[-85.0284,47.6223],[-85.0197,47.6064],[-85.0001,47.5908],[-84.9766,47.5791],[-84.9561,47.5744],[-84.9501,47.5691],[-84.9424,47.5402],[-84.9049,47.5123],[-84.8273,47.4887],[-84.7963,47.4822],[-84.7713,47.4646],[-84.7268,47.4448],[-84.7102,47.4295],[-84.6965,47.3922],[-84.6821,47.3724],[-84.6699,47.368],[-84.6397,47.3701],[-84.6275,47.3654],[-84.6033,47.3206],[-84.5833,47.305],[-84.5827,47.2932],[-84.5892,47.2821],[-84.6204,47.2697],[-84.6722,47.2046],[-84.6965,47.1943],[-84.7,47.1876],[-84.6961,47.1734],[-84.7,47.1634],[-84.7231,47.1531],[-84.7268,47.1458],[-84.7087,47.1087],[-84.7312,47.0804],[-84.7602,47.0681],[-84.7699,47.053],[-84.7726,47.0348],[-84.7677,47.0189],[-84.7875,47.0059],[-84.7769,46.9877],[-84.7523,46.9715],[-84.7302,46.9644],[-84.671,46.9621],[-84.6634,46.9565],[-84.6518,46.9371],[-84.6322,46.9188],[-84.6095,46.9091],[-84.5941,46.91],[-84.5969,46.9238],[-84.5933,46.9338],[-84.5729,46.9465],[-84.5533,46.9462],[-84.5083,46.9371],[-84.4597,46.9432],[-84.4366,46.9412],[-84.3948,46.9123],[-84.3602,46.8932],[-84.3562,46.8755],[-84.3774,46.8482],[-84.3893,46.8399],[-84.3982,46.8382],[-84.4217,46.8408],[-84.4501,46.8523],[-84.4629,46.8543],[-84.4776,46.8532],[-84.5493,46.8273],[-84.5437,46.8114],[-84.5428,46.7861],[-84.5477,46.7625],[-84.566,46.7407],[-84.5612,46.7169],[-84.5461,46.6975],[-84.5214,46.6975],[-84.5112,46.711],[-84.4944,46.7507],[-84.4769,46.759],[-84.4587,46.7537],[-84.4416,46.7407],[-84.4292,46.7251],[-84.4251,46.711],[-84.4341,46.6936],[-84.4903,46.6592],[-84.563,46.6012],[-84.5758,46.5859],[-84.5885,46.5629],[-84.5892,46.542],[-84.5465,46.5264],[-84.5214,46.4958],[-84.5083,46.4846],[-84.4938,46.4805],[-84.4904,46.4493]],[[-86.5975,46.4846],[-86.6019,46.4967],[-86.6294,46.4961],[-86.6392,46.4988],[-86.6392,46.507],[-86.618,46.5329],[-86.6352,46.5609],[-86.6453,46.5665],[-86.669,46.5718],[-86.6877,46.567],[-86.6989,46.5538],[-86.7005,46.5329],[-86.6976,46.5229],[-86.6801,46.4988],[-86.6758,46.4858],[-86.6762,46.4749],[-86.6602,46.4714],[-86.6573,46.482],[-86.6521,46.4846],[-86.6417,46.4779],[-86.6392,46.4708],[-86.6169,46.4693],[-86.6041,46.4729],[-86.5975,46.4846]],[[-86.9466,48.6535],[-86.9538,48.6706],[-86.9817,48.6779],[-86.9939,48.665],[-87.031,48.6614],[-87.0463,48.6538],[-87.0458,48.6423],[-87.0273,48.6373],[-86.988,48.6364],[-86.9948,48.6235],[-86.9562,48.6411],[-86.9466,48.6535]],[[-85.5914,47.7516],[-85.594,47.7633],[-85.6101,47.7731],[-85.734,47.8078],[-85.8587,47.8034],[-85.8819,47.7934],[-85.9259,47.7657],[-85.9539,47.7595],[-85.9551,47.7542],[-85.953,47.7413],[-85.9378,47.7268],[-85.9066,47.7198],[-85.8322,47.7165],[-85.8039,47.7212],[-85.7752,47.7321],[-85.7565,47.721],[-85.7334,47.718],[-85.7093,47.7201],[-85.6701,47.7277],[-85.646,47.7398],[-85.6107,47.7389],[-85.5914,47.7516]],[[-87.7148,47.4236],[-87.728,47.4325],[-87.7477,47.4546],[-87.7626,47.4646],[-87.8,47.4799],[-87.8197,47.484],[-88.0525,47.4843],[-88.137,47.4734],[-88.2094,47.4534],[-88.2495,47.4295],[-88.2833,47.4372],[-88.3175,47.4169],[-88.398,47.3889],[-88.4312,47.3724],[-88.5266,47.2829],[-88.5444,47.2703],[-88.5877,47.2517],[-88.6055,47.2388],[-88.6136,47.2217],[-88.6177,47.1979],[-88.6191,47.1525],[-88.6062,47.1399],[-88.516,47.1358],[-88.4823,47.1084],[-88.4376,47.1152],[-88.424,47.1249],[-88.4234,47.1437],[-88.4361,47.1549],[-88.4622,47.1425],[-88.4523,47.1587],[-88.4342,47.177],[-88.4143,47.1914],[-88.3995,47.197],[-88.4052,47.1811],[-88.4137,47.1287],[-88.4234,47.1107],[-88.433,47.1019],[-88.4622,47.0878],[-88.4776,47.0766],[-88.4835,47.066],[-88.4803,47.0545],[-88.4242,46.9924],[-88.4096,46.9974],[-88.397,47.0101],[-88.3762,47.0366],[-88.3449,47.0913],[-88.3362,47.1004],[-88.2982,47.1137],[-88.2895,47.1255],[-88.2845,47.1405],[-88.2719,47.1475],[-88.2349,47.1493],[-88.2349,47.1561],[-88.2461,47.169],[-88.2421,47.1879],[-88.2298,47.2064],[-88.215,47.2182],[-88.1759,47.2214],[-88.1226,47.2626],[-88.0773,47.2797],[-88.0606,47.3033],[-88.0112,47.3194],[-87.9489,47.3551],[-87.9653,47.368],[-88.0302,47.3833],[-88.0175,47.3954],[-87.9974,47.3977],[-87.9538,47.3963],[-87.8787,47.4101],[-87.7937,47.3963],[-87.7733,47.4001],[-87.7373,47.4154],[-87.7148,47.4169],[-87.7148,47.4236]],[[-88.5954,48.0598],[-88.5912,48.0642],[-88.5986,48.0951],[-88.5755,48.116],[-88.5028,48.1463],[-88.4757,48.1634],[-88.4547,48.1846],[-88.4658,48.1746],[-88.5093,48.1634],[-88.497,48.179],[-88.4757,48.1908],[-88.5502,48.1625],[-88.5714,48.1498],[-88.588,48.1548],[-88.6202,48.1451],[-88.6327,48.1498],[-88.7085,48.1083],[-88.7085,48.1225],[-88.7403,48.1007],[-88.7874,48.0771],[-88.8329,48.0607],[-88.8594,48.0612],[-88.8781,48.0477],[-88.9031,48.0371],[-88.9284,48.0315],[-88.9482,48.0339],[-88.9829,48.0162],[-89.1236,47.9644],[-89.2156,47.917],[-89.2051,47.9055],[-89.1884,47.9064],[-89.1536,47.917],[-89.1536,47.9102],[-89.2019,47.8896],[-89.2156,47.8658],[-89.2144,47.8572],[-89.2019,47.8552],[-89.1826,47.8381],[-89.161,47.8325],[-89.1376,47.8352],[-88.9665,47.8908],[-88.914,47.8967],[-88.914,47.9035],[-89.0028,47.9035],[-88.9898,47.9149],[-88.9523,47.9311],[-88.9482,47.9382],[-88.6873,48.0127],[-88.636,48.0347],[-88.5954,48.0598]],[[-90.4079,47.0766],[-90.4079,47.0816],[-90.439,47.0816],[-90.46,47.0636],[-90.4718,47.0348],[-90.4756,47.0021],[-90.4328,47.0157],[-90.4103,47.0336],[-90.4148,47.0675],[-90.4079,47.0766]],[[-88.0896,48.9296],[-88.0811,48.9237],[-88.0495,48.9152],[-88.0227,48.8966],[-88.0197,48.9178],[-88.0216,48.9379],[-88.0327,48.9526],[-88.0574,48.9593],[-88.0727,48.9543],[-88.0851,48.942],[-88.0896,48.9296]],[[-88.0983,48.818],[-88.0966,48.7963],[-88.0852,48.7527],[-88.0683,48.7121],[-88.0611,48.7065],[-88.0471,48.7047],[-88.0269,48.7091],[-88.0194,48.7147],[-88.0165,48.7224],[-88.0177,48.7362],[-87.9822,48.7559],[-87.9104,48.7674],[-87.8736,48.7609],[-87.8182,48.7592],[-87.8096,48.7686],[-87.8104,48.7942],[-87.7847,48.7871],[-87.7728,48.796],[-87.7694,48.8419],[-87.7641,48.8484],[-87.7626,48.8563],[-87.7725,48.8593],[-87.9659,48.8675],[-88.0165,48.8563],[-88.087,48.8266],[-88.0983,48.818]],[[-87.6056,48.7601],[-87.6527,48.7942],[-87.6875,48.8419],[-87.7065,48.846],[-87.7277,48.8454],[-87.746,48.8398],[-87.7558,48.8284],[-87.7549,48.8189],[-87.7438,48.798],[-87.7252,48.7916],[-87.723,48.7857],[-87.7285,48.7742],[-87.7455,48.7651],[-87.7505,48.7571],[-87.6937,48.7462],[-87.6702,48.7477],[-87.6056,48.7601]],[[-89.1741,48.2399],[-89.1658,48.227],[-89.1536,48.2181],[-89.1421,48.2249],[-89.1257,48.212],[-89.1142,48.2134],[-89.0373,48.2443],[-89.0232,48.2529],[-89.0457,48.2593],[-89.0649,48.2735],[-89.0995,48.2741],[-89.1156,48.2711],[-89.1504,48.2487],[-89.1741,48.2399]],[[-87.4473,48.788],[-87.5019,48.801],[-87.523,48.801],[-87.5087,48.7748],[-87.4871,48.7612],[-87.4646,48.7645],[-87.4473,48.788]],[[-90.5839,46.8593],[-90.5998,46.8755],[-90.6203,46.8729],[-90.6774,46.8532],[-90.7011,46.8323],[-90.7772,46.8005],[-90.7972,46.7796],[-90.7963,46.7628],[-90.7816,46.7572],[-90.7371,46.7799],[-90.682,46.7902],[-90.6681,46.8067],[-90.6862,46.8084],[-90.6761,46.8205],[-90.6518,46.8343],[-90.6271,46.8408],[-90.6007,46.8426],[-90.5853,46.8488],[-90.5839,46.8593]],[[-84.5493,46.8823],[-84.5325,46.8823],[-84.4866,46.8956],[-84.4394,46.8967],[-84.4251,46.9029],[-84.4416,46.907],[-84.4766,46.9064],[-84.5124,46.9226],[-84.5289,46.9159],[-84.5418,46.9009],[-84.5493,46.8823]],[[-90.7402,46.9262],[-90.7301,46.9165],[-90.7005,46.9309],[-90.7023,46.9409],[-90.7164,46.9574],[-90.7505,46.9718],[-90.7589,46.9565],[-90.771,46.9438],[-90.7402,46.9262]],[[-90.5307,46.965],[-90.5465,46.9671],[-90.6353,46.9494],[-90.6483,46.9438],[-90.6639,46.9271],[-90.6558,46.9212],[-90.5833,46.9229],[-90.5667,46.9179],[-90.552,46.9091],[-90.5566,46.9241],[-90.5518,46.9347],[-90.5309,46.95],[-90.5307,46.965]],[[-90.9286,46.9992],[-90.9431,47.0127],[-90.9544,47.003],[-90.9832,46.9874],[-90.984,46.978],[-90.9678,46.9677],[-90.9509,46.9727],[-90.9366,46.9856],[-90.9286,46.9992]]]}},{"type":"Feature","properties":{},"bbox":[-88.043423,41.627911,-84.77451,46.115198],"geometry":{"type":"Polygon","coordinates":[[[-84.7854,45.7908],[-84.8029,45.7705],[-84.8229,45.7652],[-84.9564,45.7696],[-84.9944,45.7787],[-84.9944,45.772],[-84.9454,45.7372],[-84.9424,45.7316],[-84.9551,45.7258],[-84.9944,45.6831],[-85.054,45.651],[-85.0823,45.6313],[-85.1036,45.6006],[-85.1105,45.5639],[-85.1042,45.5271],[-85.089,45.4947],[-85.0695,45.4708],[-85.0381,45.4464],[-85.0212,45.439],[-84.9301,45.429],[-84.9111,45.4226],[-84.9357,45.3958],[-84.9859,45.3828],[-85.0418,45.3793],[-85.1302,45.3834],[-85.1744,45.3769],[-85.3344,45.3157],[-85.3678,45.2936],[-85.3916,45.2648],[-85.3993,45.2271],[-85.378,45.1011],[-85.3927,45.0099],[-85.4242,44.9301],[-85.4686,44.8586],[-85.5347,44.7744],[-85.5434,44.7673],[-85.5555,44.7652],[-85.5659,44.7691],[-85.5699,44.7764],[-85.5675,44.7859],[-85.5531,44.8038],[-85.5491,44.8368],[-85.5456,44.8438],[-85.5219,44.8615],[-85.5097,44.8798],[-85.5011,44.9007],[-85.4925,44.9581],[-85.4826,44.9701],[-85.4804,44.9807],[-85.4848,44.9931],[-85.4957,45.001],[-85.5092,45.0028],[-85.5219,44.9981],[-85.5316,44.9734],[-85.5391,44.9348],[-85.5697,44.9086],[-85.5424,44.9012],[-85.5512,44.8918],[-85.5728,44.8798],[-85.5871,44.8268],[-85.6009,44.8123],[-85.6037,44.797],[-85.6101,44.787],[-85.628,44.7956],[-85.636,44.8053],[-85.6536,44.8341],[-85.6595,44.8544],[-85.6455,44.885],[-85.6071,44.9495],[-85.6027,44.9639],[-85.6039,44.9775],[-85.6105,44.9881],[-85.619,44.9907],[-85.6454,44.9837],[-85.623,45.0246],[-85.6051,45.0446],[-85.5868,45.0531],[-85.5792,45.0614],[-85.5855,45.0802],[-85.6039,45.1147],[-85.6034,45.1441],[-85.5887,45.1544],[-85.5712,45.1576],[-85.5628,45.1656],[-85.5429,45.1997],[-85.5404,45.2133],[-85.5628,45.2165],[-85.5902,45.1965],[-85.6299,45.1944],[-85.642,45.1859],[-85.6932,45.1147],[-85.7615,45.0626],[-85.7668,45.0452],[-85.8194,44.9651],[-85.8314,44.9542],[-85.8472,44.9495],[-85.8641,44.9539],[-85.8943,44.9731],[-85.9368,44.9837],[-85.9471,44.9816],[-85.9539,44.9639],[-85.9889,44.923],[-86.0011,44.9154],[-86.0094,44.9154],[-86.0284,44.9224],[-86.0597,44.9224],[-86.0765,44.9165],[-86.0808,44.903],[-86.0768,44.8715],[-86.0899,44.782],[-86.0835,44.7652],[-86.0924,44.7535],[-86.1031,44.7473],[-86.1321,44.7441],[-86.1661,44.7517],[-86.1892,44.7393],[-86.2262,44.7308],[-86.2547,44.7134],[-86.2696,44.6884],[-86.2587,44.6587],[-86.2416,44.6345],[-86.2338,44.6101],[-86.2341,44.5854],[-86.2524,44.5189],[-86.2637,44.4956],[-86.264,44.4638],[-86.2686,44.45],[-86.2541,44.4176],[-86.2675,44.3746],[-86.2917,44.3355],[-86.3373,44.2757],[-86.3811,44.1983],[-86.4126,44.1618],[-86.4887,44.1126],[-86.5183,44.0832],[-86.5219,44.0452],[-86.5114,44.029],[-86.4809,43.999],[-86.4695,43.9772],[-86.4527,43.9581],[-86.4615,43.9351],[-86.4368,43.8221],[-86.4419,43.785],[-86.4673,43.7512],[-86.522,43.6991],[-86.5397,43.6667],[-86.5429,43.6275],[-86.5357,43.6057],[-86.5135,43.5701],[-86.5049,43.5395],[-86.3563,43.2581],[-86.3374,43.2434],[-86.3248,43.2543],[-86.2555,43.2705],[-86.2612,43.2569],[-86.2768,43.2434],[-86.2961,43.2331],[-86.3271,43.2228],[-86.324,43.2072],[-86.2727,43.1033],[-86.264,43.0635],[-86.253,43.0391],[-86.2396,43.0164],[-86.2276,43.0038],[-86.2297,42.9964],[-86.2276,42.9964],[-86.2348,42.9943],[-86.2344,42.9899],[-86.2223,42.9643],[-86.2192,42.7094],[-86.2731,42.4719],[-86.3024,42.3968],[-86.3789,42.2552],[-86.4926,42.1295],[-86.603,41.9402],[-86.6565,41.8761],[-86.721,41.8245],[-86.7807,41.7986],[-86.8012,41.7772],[-87.0296,41.6812],[-87.2017,41.635],[-87.2919,41.6279],[-87.3858,41.64],[-87.4231,41.6538],[-87.4301,41.6668],[-87.4267,41.688],[-87.4588,41.6785],[-87.4937,41.698],[-87.5776,41.7886],[-87.5947,41.8201],[-87.6185,41.8934],[-87.6484,41.9446],[-87.6613,42.033],[-87.6756,42.0706],[-87.6875,42.0851],[-87.723,42.0968],[-87.7516,42.1251],[-87.763,42.1572],[-87.7969,42.2057],[-87.8128,42.2402],[-87.8225,42.2793],[-87.8262,42.355],[-87.821,42.3744],[-87.8122,42.3853],[-87.8035,42.4827],[-87.8104,42.5687],[-87.8023,42.6002],[-87.8103,42.6176],[-87.8118,42.6441],[-87.8104,42.6535],[-87.8015,42.672],[-87.7804,42.7041],[-87.7701,42.7715],[-87.7713,42.7898],[-87.7831,42.8118],[-87.8246,42.8528],[-87.8344,42.8669],[-87.8383,42.8772],[-87.8412,42.9584],[-87.8493,42.9817],[-87.8656,43.0038],[-87.893,43.0094],[-87.9005,43.0226],[-87.8957,43.0403],[-87.8752,43.0759],[-87.8718,43.0962],[-87.8762,43.1021],[-87.8954,43.1142],[-87.8998,43.1239],[-87.8958,43.1465],[-87.8851,43.178],[-87.9061,43.2316],[-87.9073,43.2672],[-87.8787,43.3429],[-87.8718,43.3735],[-87.8079,43.4662],[-87.7934,43.506],[-87.8035,43.538],[-87.7985,43.5619],[-87.7876,43.5816],[-87.726,43.6626],[-87.7005,43.7094],[-87.708,43.7161],[-87.7023,43.7267],[-87.708,43.7373],[-87.6993,43.7476],[-87.697,43.7668],[-87.7005,43.7782],[-87.7321,43.8233],[-87.733,43.8489],[-87.7209,43.9354],[-87.7033,43.9572],[-87.6977,43.9914],[-87.6902,44.0123],[-87.6376,44.1003],[-87.6223,44.1173],[-87.6075,44.1265],[-87.5502,44.1483],[-87.5311,44.1618],[-87.5136,44.1792],[-87.5006,44.1989],[-87.4958,44.2204],[-87.5019,44.2363],[-87.5429,44.2781],[-87.5502,44.3128],[-87.548,44.3243],[-87.5334,44.3593],[-87.5195,44.3805],[-87.5139,44.4138],[-87.4855,44.5262],[-87.466,44.5701],[-87.4404,44.6069],[-87.3924,44.651],[-87.3826,44.6708],[-87.3654,44.6925],[-87.3604,44.7158],[-87.3293,44.7814],[-87.328,44.8035],[-87.348,44.8129],[-87.3714,44.8188],[-87.3904,44.8332],[-87.4194,44.8677],[-87.4501,44.8862],[-87.4933,44.8642],[-87.5161,44.875],[-87.5546,44.8453],[-87.5702,44.8374],[-87.5646,44.8547],[-87.5897,44.8559],[-87.6176,44.8444],[-87.6602,44.8129],[-87.6962,44.7723],[-87.7285,44.7237],[-87.7195,44.7084],[-87.7304,44.6919],[-87.7558,44.6652],[-87.7672,44.6566],[-87.8383,44.6343],[-87.8828,44.6104],[-87.9043,44.5936],[-87.9224,44.553],[-87.9444,44.5424],[-87.9713,44.5412],[-87.9953,44.5454],[-88.0327,44.5677],[-88.0434,44.5807],[-88.0333,44.5866],[-88.0203,44.6384],[-87.9891,44.6752],[-87.9953,44.6964],[-87.9884,44.7202],[-87.9826,44.7293],[-87.9717,44.7405],[-87.9388,44.7641],[-87.927,44.7988],[-87.9135,44.8206],[-87.8584,44.8665],[-87.8408,44.8936],[-87.8519,44.9224],[-87.8229,44.9492],[-87.7772,44.9631],[-87.6875,44.9775],[-87.6485,44.9934],[-87.6366,45.0072],[-87.6322,45.0284],[-87.6326,45.0611],[-87.6291,45.0693],[-87.6025,45.0985],[-87.5982,45.1079],[-87.6069,45.1523],[-87.6036,45.1735],[-87.5604,45.1909],[-87.3449,45.4226],[-87.3278,45.4673],[-87.2999,45.4911],[-87.2822,45.5391],[-87.2363,45.593],[-87.2127,45.6104],[-87.1736,45.6689],[-87.1553,45.6798],[-87.1118,45.6904],[-87.0944,45.7001],[-87.0773,45.7343],[-87.0711,45.7787],[-87.0563,45.8182],[-87.0427,45.8385],[-87.0261,45.847],[-87.0182,45.8582],[-86.9995,45.9094],[-86.988,45.9233],[-86.9708,45.9233],[-86.9649,45.9127],[-86.9655,45.8988],[-86.9759,45.8753],[-86.9965,45.8523],[-87.0023,45.8409],[-87.0021,45.8229],[-86.9817,45.7855],[-86.9799,45.7687],[-86.988,45.7208],[-86.9837,45.7049],[-86.9743,45.6931],[-86.9649,45.6898],[-86.9606,45.7001],[-86.9525,45.7069],[-86.8883,45.719],[-86.857,45.7313],[-86.8439,45.7564],[-86.8173,45.7852],[-86.8173,45.7999],[-86.7955,45.8132],[-86.7881,45.8223],[-86.7825,45.8341],[-86.7919,45.8553],[-86.7791,45.8653],[-86.7384,45.8682],[-86.7019,45.8494],[-86.6774,45.8423],[-86.6555,45.8509],[-86.6269,45.8747],[-86.6105,45.8826],[-86.57,45.8924],[-86.5572,45.8903],[-86.5476,45.8824],[-86.5361,45.8682],[-86.5688,45.8023],[-86.5632,45.7902],[-86.5632,45.7808],[-86.5665,45.7787],[-86.5941,45.7855],[-86.6286,45.7846],[-86.6286,45.7773],[-86.6392,45.7517],[-86.659,45.7446],[-86.6695,45.7157],[-86.6764,45.7069],[-86.7089,45.6848],[-86.7123,45.6737],[-86.6899,45.6448],[-86.6318,45.6104],[-86.6218,45.608],[-86.6113,45.6127],[-86.611,45.6233],[-86.6243,45.653],[-86.6225,45.6666],[-86.6037,45.6689],[-86.5841,45.7049],[-86.569,45.7187],[-86.5372,45.7269],[-86.532,45.734],[-86.5294,45.7552],[-86.5244,45.762],[-86.4883,45.7652],[-86.4474,45.7787],[-86.4263,45.7999],[-86.3739,45.8067],[-86.3579,45.8135],[-86.3505,45.8197],[-86.3579,45.8267],[-86.3314,45.8832],[-86.2981,45.9265],[-86.2519,45.9545],[-86.0799,45.9736],[-86.042,45.9707],[-85.9783,45.9551],[-85.9191,45.9297],[-85.9233,45.953],[-85.9159,45.968],[-85.8975,45.9757],[-85.7902,45.9869],[-85.6619,45.9848],[-85.6446,45.9916],[-85.6107,46.0387],[-85.5457,46.0981],[-85.5253,46.107],[-85.4455,46.1017],[-85.4052,46.1152],[-85.3705,46.0955],[-85.3395,46.1093],[-85.3182,46.1037],[-85.2817,46.0805],[-85.2609,46.0752],[-85.1929,46.0737],[-85.1706,46.0693],[-85.1179,46.0463],[-85.021,46.0251],[-85.0041,46.0145],[-84.9683,45.9842],[-84.9467,45.9715],[-84.9251,45.943],[-84.9148,45.9365],[-84.8714,45.9283],[-84.8518,45.9168],[-84.8435,45.8988],[-84.8244,45.8803],[-84.7808,45.8623],[-84.7745,45.7999],[-84.7854,45.7908]],[[-86.9817,45.2445],[-86.9917,45.2624],[-86.9918,45.2707],[-86.983,45.2922],[-86.99,45.2957],[-87.0154,45.2922],[-87.0458,45.2925],[-87.0576,45.2966],[-87.0711,45.3066],[-87.082,45.2927],[-87.0842,45.2754],[-87.0879,45.2698],[-87.1115,45.2648],[-87.1287,45.2206],[-87.1313,45.2065],[-87.139,45.1971],[-87.1727,45.188],[-87.1874,45.1682],[-87.235,45.1756],[-87.2485,45.1662],[-87.2594,45.1503],[-87.2664,45.1311],[-87.271,45.0982],[-87.2896,45.0731],[-87.2896,45.0531],[-87.31,45.0531],[-87.3687,45.0004],[-87.3932,44.9648],[-87.4063,44.9224],[-87.3992,44.8827],[-87.3739,44.845],[-87.3374,44.8203],[-87.2965,44.8206],[-87.2804,44.8303],[-87.2316,44.8783],[-87.2245,44.888],[-87.2145,44.9154],[-87.1736,44.9366],[-87.1971,44.9548],[-87.1842,44.9863],[-87.1388,45.039],[-87.1227,45.0693],[-87.1115,45.0731],[-87.0875,45.0658],[-87.0842,45.0693],[-87.0853,45.0882],[-87.0773,45.1011],[-87.0563,45.1064],[-87.0495,45.1147],[-87.0879,45.1426],[-87.0978,45.1556],[-87.0841,45.16],[-87.0711,45.1585],[-87.0432,45.1488],[-87.0569,45.1824],[-87.0432,45.2239],[-87.057,45.2409],[-87.0432,45.2445],[-87.033,45.2421],[-86.9948,45.2239],[-86.9817,45.2445]],[[-85.4878,45.6501],[-85.5009,45.6937],[-85.4957,45.726],[-85.506,45.7452],[-85.505,45.7525],[-85.4878,45.7652],[-85.5555,45.7787],[-85.5559,45.7602],[-85.5624,45.7366],[-85.5946,45.6943],[-85.6059,45.6513],[-85.6204,45.6313],[-85.6251,45.6151],[-85.6042,45.5971],[-85.573,45.5915],[-85.5362,45.5986],[-85.5042,45.6145],[-85.4878,45.6354],[-85.4878,45.6501]],[[-85.4455,45.8061],[-85.447,45.8132],[-85.4673,45.8135],[-85.5144,45.8409],[-85.5184,45.8202],[-85.506,45.8049],[-85.4853,45.7955],[-85.4635,45.7926],[-85.4521,45.7973],[-85.4455,45.8061]],[[-85.8274,45.4161],[-85.8354,45.4326],[-85.8503,45.447],[-85.8748,45.4629],[-85.885,45.4573],[-85.8416,45.4043],[-85.8335,45.3987],[-85.8274,45.4161]],[[-86.0768,45.0464],[-86.0953,45.0496],[-86.1109,45.0593],[-86.1293,45.0549],[-86.1436,45.0417],[-86.1502,45.0252],[-86.1457,45.011],[-86.1237,45.0016],[-86.1061,45.0128],[-86.0768,45.0464]],[[-86.8529,45.4037],[-86.8645,45.4158],[-86.8835,45.4167],[-86.9204,45.4096],[-86.9438,45.4308],[-86.9525,45.4231],[-86.9585,45.4075],[-86.9606,45.3919],[-86.9566,45.3663],[-86.96,45.3575],[-86.9743,45.3475],[-86.9646,45.3428],[-86.927,45.3475],[-86.8645,45.3404],[-86.8719,45.3543],[-86.854,45.3872],[-86.8529,45.4037]],[[-85.9882,45.097],[-85.9743,45.1344],[-85.9817,45.1464],[-86.0222,45.1691],[-86.0378,45.1685],[-86.0488,45.1612],[-86.0631,45.142],[-86.0295,45.0899],[-86.0041,45.074],[-85.9743,45.0873],[-85.9882,45.097]]]}},{"type":"Feature","properties":{},"bbox":[-84.780839,43.01731,-79.662582,46.355399],"geometry":{"type":"Polygon","coordinates":[[[-79.6626,44.7579],[-79.7394,44.7546],[-79.7652,44.767],[-79.7927,44.7579],[-79.7989,44.7599],[-79.7989,44.7694],[-79.8028,44.7714],[-79.8733,44.7694],[-79.8817,44.7714],[-79.8819,44.7811],[-79.8745,44.8076],[-79.8856,44.8129],[-79.9418,44.8147],[-79.9421,44.8191],[-79.9185,44.8433],[-79.9157,44.8503],[-79.9234,44.8615],[-79.9341,44.8674],[-79.9859,44.8665],[-80.0158,44.8615],[-80.028,44.8568],[-80.0461,44.8268],[-80.0612,44.8191],[-80.0751,44.8253],[-80.0878,44.8268],[-80.1082,44.8224],[-80.1134,44.8156],[-80.1152,44.8023],[-80.1138,44.7747],[-80.1078,44.7599],[-80.0483,44.7349],[-80.0086,44.7084],[-79.9948,44.7031],[-79.9923,44.6928],[-80.0052,44.6275],[-80.0052,44.5489],[-80.013,44.5312],[-80.0311,44.515],[-80.0673,44.4909],[-80.1087,44.4753],[-80.1506,44.4868],[-80.1954,44.5086],[-80.2454,44.525],[-80.3245,44.5315],[-80.3658,44.5524],[-80.4259,44.5592],[-80.4509,44.566],[-80.4952,44.5992],[-80.5123,44.6069],[-80.5775,44.6119],[-80.5981,44.6239],[-80.6163,44.656],[-80.624,44.6905],[-80.6391,44.7184],[-80.6805,44.7299],[-80.7631,44.7193],[-80.8262,44.6905],[-80.9375,44.5933],[-80.9428,44.6287],[-80.889,44.7517],[-80.8974,44.7909],[-80.935,44.8109],[-80.9855,44.8153],[-81.033,44.8062],[-81.078,44.7841],[-81.1191,44.7546],[-81.1273,44.7535],[-81.1315,44.7635],[-81.1313,44.7776],[-81.1262,44.7888],[-81.1179,44.795],[-81.0517,44.8224],[-81.0368,44.8315],[-81.0065,44.8609],[-80.9983,44.8783],[-81.0071,44.911],[-81.0058,44.9224],[-80.9877,44.9401],[-80.9619,44.9572],[-80.9531,44.9707],[-80.9853,44.9775],[-81.0077,44.9751],[-81.0317,44.9663],[-81.0443,44.951],[-81.033,44.9292],[-81.0501,44.9274],[-81.071,44.9104],[-81.0877,44.9086],[-81.087,44.9251],[-81.1054,44.9254],[-81.1491,44.9154],[-81.1491,44.9224],[-81.1262,44.9369],[-81.1129,44.9525],[-81.1169,44.9648],[-81.2009,44.9775],[-81.2045,44.9813],[-81.192,45.0016],[-81.1908,45.011],[-81.2102,45.0181],[-81.2572,45.0019],[-81.2664,45.0216],[-81.2627,45.089],[-81.2664,45.1079],[-81.2806,45.1226],[-81.3199,45.1488],[-81.3279,45.1724],[-81.32,45.1924],[-81.2861,45.22],[-81.2795,45.2374],[-81.3022,45.2524],[-81.6074,45.2521],[-81.6292,45.2577],[-81.6289,45.2715],[-81.6401,45.2786],[-81.65,45.2768],[-81.6706,45.2648],[-81.693,45.2651],[-81.6984,45.2604],[-81.691,45.2445],[-81.7144,45.2389],[-81.719,45.2245],[-81.7103,45.2097],[-81.6944,45.203],[-81.6696,45.2109],[-81.656,45.2109],[-81.65,45.1997],[-81.6441,45.1956],[-81.6138,45.1897],[-81.6016,45.1824],[-81.5749,45.1965],[-81.5771,45.185],[-81.5955,45.1556],[-81.5729,45.1526],[-81.5453,45.1223],[-81.5234,45.1147],[-81.506,45.0873],[-81.4871,45.0749],[-81.4856,45.0626],[-81.4813,45.0578],[-81.4625,45.0505],[-81.4338,44.9901],[-81.427,44.9819],[-81.4217,44.999],[-81.4161,45.0019],[-81.4036,44.991],[-81.3808,45.004],[-81.3703,45.0019],[-81.3627,44.991],[-81.3758,44.9775],[-81.3484,44.9775],[-81.3574,44.9551],[-81.3639,44.9204],[-81.3617,44.8889],[-81.3447,44.875],[-81.33,44.8712],[-81.3281,44.8477],[-81.3216,44.8335],[-81.3115,44.8274],[-81.2884,44.8212],[-81.2795,44.8129],[-81.2861,44.7888],[-81.277,44.7535],[-81.2742,44.7205],[-81.3,44.7031],[-81.2703,44.6631],[-81.2664,44.6448],[-81.2703,44.6239],[-81.2801,44.6066],[-81.3792,44.515],[-81.3895,44.4968],[-81.3996,44.457],[-81.4098,44.4423],[-81.4301,44.4344],[-81.4772,44.4282],[-81.4959,44.4185],[-81.5396,44.3661],[-81.5545,44.3537],[-81.5807,44.3467],[-81.588,44.3402],[-81.5941,44.3272],[-81.588,44.2957],[-81.5913,44.2798],[-81.6158,44.2233],[-81.6606,44.1583],[-81.7225,44.1171],[-81.7387,44.1],[-81.7427,44.0841],[-81.7292,43.9996],[-81.7115,43.9422],[-81.7106,43.9195],[-81.719,43.8565],[-81.7222,43.6843],[-81.6994,43.5154],[-81.7015,43.4715],[-81.7115,43.4282],[-81.7306,43.3823],[-81.7527,43.3502],[-81.7816,43.3246],[-81.88,43.2566],[-81.9078,43.2484],[-81.9508,43.2275],[-81.9859,43.2234],[-82.0056,43.2125],[-82.0958,43.1192],[-82.1157,43.1062],[-82.1523,43.0894],[-82.3775,43.0223],[-82.4172,43.0173],[-82.4247,43.0241],[-82.4589,43.0832],[-82.476,43.1021],[-82.5265,43.2766],[-82.5472,43.4509],[-82.5796,43.5283],[-82.637,43.8118],[-82.6727,43.8701],[-82.6811,43.9048],[-82.6894,43.9213],[-82.7425,43.9814],[-82.7746,44.0058],[-82.8117,44.0261],[-82.9235,44.07],[-82.9486,44.0726],[-82.9684,44.0703],[-83.0335,44.052],[-83.069,44.0223],[-83.0865,44.014],[-83.1324,44.0078],[-83.1557,43.9937],[-83.1683,43.9905],[-83.2501,43.9867],[-83.2669,43.9763],[-83.3017,43.9387],[-83.3159,43.9313],[-83.4048,43.9216],[-83.386,43.9169],[-83.3476,43.9136],[-83.3358,43.9013],[-83.3892,43.8545],[-83.4042,43.8136],[-83.4525,43.7647],[-83.4742,43.7211],[-83.4903,43.7032],[-83.5102,43.7064],[-83.5189,43.7258],[-83.526,43.7323],[-83.5379,43.7267],[-83.6046,43.6514],[-83.6397,43.6237],[-83.6789,43.6081],[-83.7194,43.6137],[-83.761,43.6337],[-83.8119,43.6446],[-83.8323,43.6567],[-83.8817,43.6708],[-83.9044,43.682],[-83.9254,43.7017],[-83.9434,43.7279],[-83.9496,43.7562],[-83.9323,43.7915],[-83.935,43.8248],[-83.9317,43.8398],[-83.9098,43.8598],[-83.9082,43.8686],[-83.9254,43.8807],[-83.8897,43.9584],[-83.8633,43.9899],[-83.8219,44.0043],[-83.7747,43.9972],[-83.7367,44.0111],[-83.6958,44.0043],[-83.6901,44.0096],[-83.6784,44.0452],[-83.6599,44.0532],[-83.6104,44.0549],[-83.5925,44.0626],[-83.5898,44.0729],[-83.5904,44.0956],[-83.5725,44.1047],[-83.5697,44.1165],[-83.5641,44.1865],[-83.5541,44.2307],[-83.5324,44.266],[-83.4936,44.2854],[-83.4525,44.2854],[-83.4662,44.2581],[-83.407,44.3102],[-83.3972,44.3228],[-83.3914,44.3263],[-83.3533,44.3296],[-83.3329,44.354],[-83.3214,44.4079],[-83.3148,44.6239],[-83.3103,44.6451],[-83.2914,44.6814],[-83.2874,44.7031],[-83.2996,44.7652],[-83.3036,44.8126],[-83.309,44.8329],[-83.3284,44.8677],[-83.3358,44.888],[-83.3589,44.8989],[-83.3772,44.9139],[-83.4053,44.9277],[-83.4285,44.946],[-83.4346,44.9533],[-83.4415,44.9875],[-83.46,44.9981],[-83.4593,45.0072],[-83.4485,45.014],[-83.4435,45.047],[-83.4346,45.0652],[-83.4148,45.0761],[-83.3803,45.0799],[-83.371,45.0758],[-83.3358,45.0464],[-83.3028,45.0396],[-83.2669,45.039],[-83.2763,45.0564],[-83.314,45.0702],[-83.3221,45.0935],[-83.305,45.0961],[-83.3017,45.1011],[-83.3221,45.1618],[-83.3579,45.1715],[-83.3911,45.2103],[-83.409,45.238],[-83.4115,45.2477],[-83.4095,45.2592],[-83.4038,45.2663],[-83.3836,45.2792],[-83.4225,45.3116],[-83.4653,45.339],[-83.5102,45.3587],[-83.555,45.3672],[-83.6034,45.3672],[-83.6746,45.3869],[-83.7002,45.4131],[-83.7194,45.4226],[-83.781,45.4246],[-83.844,45.4417],[-83.8976,45.4841],[-83.9431,45.5012],[-84.0961,45.5044],[-84.116,45.5118],[-84.1313,45.5268],[-84.1412,45.5453],[-84.1499,45.5786],[-84.1627,45.5945],[-84.1924,45.6218],[-84.2239,45.6424],[-84.2688,45.661],[-84.3182,45.6739],[-84.3637,45.6763],[-84.4584,45.6707],[-84.499,45.6813],[-84.576,45.7305],[-84.7064,45.7787],[-84.7387,45.7999],[-84.7549,45.8046],[-84.7745,45.7999],[-84.7808,45.8623],[-84.7345,45.857],[-84.7064,45.875],[-84.724,45.8824],[-84.7317,45.9015],[-84.7284,45.9227],[-84.7131,45.9365],[-84.7242,45.9433],[-84.7299,45.9527],[-84.7287,45.9645],[-84.7193,45.978],[-84.6884,45.991],[-84.6777,46.0437],[-84.6566,46.0563],[-84.6278,46.0525],[-84.5964,46.0387],[-84.5764,46.0475],[-84.5564,46.0419],[-84.5411,46.0272],[-84.5303,45.991],[-84.5214,45.9916],[-84.494,46.0054],[-84.4662,45.9848],[-84.4598,46.0063],[-84.4534,46.0136],[-84.3974,46.0086],[-84.3728,45.9954],[-84.3562,45.9916],[-84.3494,45.9986],[-84.3327,46.0054],[-84.2885,45.9916],[-84.223,45.9933],[-84.0223,45.9642],[-84.0036,45.9586],[-83.9733,45.9707],[-83.9194,45.9763],[-83.9044,45.9707],[-83.903,45.9819],[-83.8907,46.0116],[-83.908,46.0151],[-83.946,46.0387],[-83.9975,46.0481],[-84.0136,46.0599],[-84.0552,46.1017],[-84.0545,46.1164],[-84.028,46.1493],[-84.0421,46.1493],[-84.0757,46.1623],[-84.1037,46.1623],[-84.1173,46.1835],[-84.1357,46.1879],[-84.1656,46.1911],[-84.1933,46.1897],[-84.2165,46.1741],[-84.2395,46.1906],[-84.2583,46.2126],[-84.2576,46.2238],[-84.2346,46.2291],[-84.2027,46.2503],[-84.1787,46.2518],[-84.1893,46.27],[-84.2148,46.2962],[-84.2245,46.3554],[-84.1775,46.3519],[-84.1787,46.348],[-84.143,46.3427],[-84.1226,46.3316],[-84.1175,46.3383],[-84.1172,46.3472],[-84.0833,46.3448],[-84.039,46.3304],[-83.9055,46.333],[-83.8845,46.3413],[-83.8771,46.3274],[-83.8733,46.3083],[-83.8325,46.2998],[-83.7473,46.2933],[-83.7132,46.2792],[-83.7007,46.2771],[-83.6034,46.2865],[-83.5891,46.2797],[-83.5611,46.2518],[-83.5482,46.2509],[-83.5179,46.2586],[-83.5004,46.2591],[-83.3878,46.2347],[-83.3139,46.2271],[-83.244,46.2088],[-83.1289,46.1941],[-83.1024,46.2047],[-83.0762,46.1914],[-83.0457,46.1829],[-82.983,46.1767],[-82.9318,46.1903],[-82.7076,46.2003],[-82.6301,46.2238],[-82.6376,46.2103],[-82.6763,46.1917],[-82.691,46.1767],[-82.6686,46.1694],[-82.5365,46.1826],[-82.4742,46.2017],[-82.4445,46.2047],[-82.4445,46.197],[-82.4507,46.1861],[-82.4002,46.197],[-82.337,46.1944],[-82.321,46.197],[-82.3148,46.1835],[-82.352,46.1853],[-82.3785,46.1773],[-82.3547,46.1658],[-82.321,46.1561],[-82.3091,46.1558],[-82.2837,46.1623],[-82.2324,46.1549],[-82.2069,46.1455],[-82.1776,46.1264],[-82.1554,46.1279],[-82.1351,46.1193],[-82.1093,46.1358],[-82.0871,46.134],[-82.0132,46.1152],[-81.719,46.1078],[-81.719,46.1017],[-81.7667,46.0784],[-81.7814,46.0593],[-81.7742,46.0328],[-81.762,46.0192],[-81.7562,46.0228],[-81.7517,46.0357],[-81.739,46.0551],[-81.7462,46.0702],[-81.7417,46.0734],[-81.6819,46.0769],[-81.6694,46.0816],[-81.661,46.1058],[-81.6517,46.1184],[-81.6384,46.1264],[-81.6228,46.1281],[-81.5955,46.1078],[-81.5459,46.0981],[-81.5515,46.0787],[-81.5402,46.0669],[-81.5814,46.0519],[-81.6659,46.0337],[-81.7053,46.0184],[-81.6085,46.0378],[-81.506,46.0463],[-81.5387,46.036],[-81.6114,46.0298],[-81.6426,46.0184],[-81.6255,46.0128],[-81.6066,46.011],[-81.5676,46.0116],[-81.5864,45.9927],[-81.6774,45.9506],[-81.6423,45.9557],[-81.5402,46.0054],[-81.5038,46.0184],[-81.4893,46.0198],[-81.5088,45.9927],[-81.5068,45.9839],[-81.4934,45.9819],[-81.4725,45.9848],[-81.4438,45.9966],[-81.4302,45.998],[-81.3955,45.9869],[-81.2613,45.9663],[-81.2271,45.9695],[-81.1953,45.9801],[-81.1634,45.998],[-81.1805,46.0122],[-81.203,46.0086],[-81.2392,45.9848],[-81.246,45.9916],[-81.2155,46.0095],[-81.1794,46.0181],[-81.1562,46.0101],[-81.1634,45.978],[-81.1763,45.9448],[-81.1616,45.9365],[-81.0601,45.9562],[-81.02,45.9568],[-80.9531,45.9442],[-80.9307,45.9439],[-80.9033,45.9568],[-80.893,45.9539],[-80.8693,45.9365],[-80.8515,45.9333],[-80.8342,45.9356],[-80.8186,45.9433],[-80.8065,45.9568],[-80.7979,45.9168],[-80.7873,45.9097],[-80.7759,45.9268],[-80.7692,45.9297],[-80.7526,45.9268],[-80.7391,45.9009],[-80.7336,45.8718],[-80.7246,45.8609],[-80.706,45.8547],[-80.6798,45.8517],[-80.6911,45.8409],[-80.7141,45.8438],[-80.7183,45.8373],[-80.7166,45.8288],[-80.6973,45.8197],[-80.6725,45.8191],[-80.6684,45.8023],[-80.636,45.7773],[-80.6462,45.7534],[-80.6427,45.7372],[-80.6337,45.7234],[-80.6193,45.7119],[-80.5875,45.6969],[-80.6085,45.6907],[-80.6085,45.6831],[-80.5904,45.6816],[-80.5744,45.6763],[-80.5798,45.6622],[-80.5732,45.6513],[-80.5594,45.6445],[-80.5245,45.6389],[-80.5179,45.6301],[-80.5195,45.6165],[-80.526,45.6006],[-80.5121,45.598],[-80.5061,45.5733],[-80.4928,45.5721],[-80.4578,45.5871],[-80.4237,45.5877],[-80.4167,45.5939],[-80.4163,45.6027],[-80.4372,45.628],[-80.4169,45.6271],[-80.4063,45.6171],[-80.3963,45.5871],[-80.3845,45.5689],[-80.3826,45.5591],[-80.3822,45.5474],[-80.3951,45.497],[-80.3948,45.4811],[-80.3888,45.4635],[-80.361,45.4358],[-80.3548,45.4223],[-80.3689,45.409],[-80.3549,45.3908],[-80.3342,45.3816],[-80.3286,45.3955],[-80.328,45.4099],[-80.3323,45.4237],[-80.3411,45.4361],[-80.3094,45.4335],[-80.3,45.4299],[-80.3097,45.4158],[-80.3112,45.404],[-80.3068,45.3781],[-80.3002,45.3663],[-80.2847,45.3637],[-80.2553,45.3672],[-80.2437,45.3643],[-80.2294,45.3504],[-80.182,45.3416],[-80.1684,45.3419],[-80.1629,45.3507],[-80.1676,45.359],[-80.1873,45.3699],[-80.1902,45.3816],[-80.1838,45.3943],[-80.1714,45.4017],[-80.1424,45.409],[-80.1143,45.4111],[-80.0846,45.4052],[-80.0651,45.3905],[-80.0673,45.3672],[-80.0544,45.3616],[-80.0448,45.3516],[-80.0332,45.3263],[-80.0726,45.2789],[-80.0844,45.2715],[-80.1059,45.2654],[-80.1237,45.2507],[-80.1278,45.2345],[-80.1082,45.2239],[-80.1144,45.2133],[-80.1152,45.2038],[-80.1106,45.1956],[-80.1007,45.1897],[-80.0912,45.2038],[-80.0663,45.218],[-80.0467,45.1965],[-80.0297,45.195],[-80.0189,45.1897],[-79.9985,45.1618],[-80.0039,45.137],[-80.0307,45.1276],[-80.067,45.1285],[-80.1007,45.1344],[-80.0956,45.1241],[-80.0785,45.1108],[-80.0673,45.1079],[-80.0779,45.1049],[-80.0809,45.1011],[-80.0536,45.0799],[-80.0141,45.0702],[-80.0018,45.0626],[-79.9977,45.0543],[-79.9964,45.0352],[-79.9848,45.0246],[-79.9434,45.0199],[-79.9333,45.0149],[-79.9284,44.9978],[-79.9303,44.9784],[-79.9275,44.961],[-79.9091,44.9495],[-79.8731,44.9631],[-79.8629,44.9539],[-79.8511,44.9486],[-79.827,44.9433],[-79.8349,44.9254],[-79.8321,44.9154],[-79.8134,44.9012],[-79.7961,44.8971],[-79.793,44.888],[-79.8051,44.8795],[-79.8209,44.875],[-79.7799,44.8606],[-79.7725,44.8471],[-79.7747,44.8353],[-79.7818,44.8279],[-79.7825,44.8212],[-79.7656,44.8129],[-79.7387,44.8135],[-79.7184,44.8282],[-79.715,44.8488],[-79.7384,44.8677],[-79.6905,44.888],[-79.6819,44.8777],[-79.6797,44.8621],[-79.682,44.8465],[-79.6869,44.8368],[-79.7135,44.8162],[-79.724,44.8023],[-79.721,44.7888],[-79.7059,44.78],[-79.6714,44.7679],[-79.6626,44.7579]],[[-80.1492,44.8615],[-80.1658,44.8715],[-80.2161,44.865],[-80.2379,44.875],[-80.2454,44.8547],[-80.2311,44.8327],[-80.2094,44.8097],[-80.1867,44.7938],[-80.1698,44.7926],[-80.183,44.8073],[-80.1755,44.8259],[-80.1492,44.8615]],[[-81.6978,45.3201],[-81.7152,45.3204],[-81.7358,45.3298],[-81.7387,45.334],[-81.7511,45.3228],[-81.7667,45.3201],[-81.7309,45.301],[-81.7127,45.2998],[-81.6978,45.3201]],[[-81.768,45.4635],[-81.7346,45.4876],[-81.7068,45.5318],[-81.7053,45.5391],[-81.7752,45.5291],[-81.805,45.5106],[-81.8244,45.5044],[-81.8418,45.477],[-81.806,45.4585],[-81.768,45.4635]],[[-81.588,45.7999],[-81.6057,45.8058],[-81.7115,45.7999],[-81.6759,45.8373],[-81.6598,45.8597],[-81.6569,45.8885],[-81.6657,45.9053],[-81.6797,45.9088],[-81.6952,45.903],[-81.7536,45.8485],[-81.7872,45.7973],[-81.7935,45.7787],[-81.7892,45.7446],[-81.7919,45.739],[-81.8078,45.7446],[-81.83,45.7684],[-81.8344,45.7684],[-81.8465,45.7917],[-81.8487,45.8032],[-81.8198,45.8618],[-81.8213,45.8818],[-81.8412,45.8932],[-81.8983,45.8962],[-81.9102,45.9062],[-81.9049,45.9253],[-81.8962,45.9395],[-81.8946,45.953],[-81.9102,45.9707],[-81.9536,45.988],[-82.0013,45.9848],[-82.048,45.9677],[-82.0883,45.9439],[-82.1143,45.9153],[-82.1249,45.8962],[-82.1292,45.8785],[-82.1398,45.8553],[-82.1607,45.8447],[-82.1763,45.8482],[-82.1709,45.8682],[-82.2074,45.905],[-82.2213,45.9297],[-82.2193,45.9506],[-82.2624,45.9348],[-82.2846,45.9309],[-82.2943,45.9474],[-82.2943,45.9745],[-82.2977,45.9874],[-82.3097,45.9901],[-82.4349,45.9654],[-82.4555,45.9368],[-82.4718,45.9233],[-82.4707,45.9371],[-82.4774,45.9474],[-82.4899,45.9527],[-82.5066,45.9506],[-82.5157,45.9445],[-82.5304,45.9242],[-82.5407,45.9159],[-82.5808,45.9088],[-82.5892,45.9024],[-82.5919,45.8888],[-82.5841,45.8812],[-82.5544,45.875],[-82.5619,45.8544],[-82.532,45.8609],[-82.5178,45.8582],[-82.5066,45.847],[-82.5083,45.827],[-82.5229,45.8055],[-82.5397,45.792],[-82.5476,45.7961],[-82.555,45.8185],[-82.568,45.8341],[-82.5981,45.852],[-82.609,45.8544],[-82.6371,45.8341],[-82.6474,45.8373],[-82.6599,45.865],[-82.6679,45.8682],[-82.6903,45.8635],[-82.7399,45.8459],[-82.7599,45.847],[-82.7734,45.8853],[-82.7787,45.8915],[-82.8151,45.8988],[-82.8376,45.9159],[-82.8372,45.9312],[-82.8257,45.9483],[-82.8111,45.9842],[-82.8098,45.9927],[-82.8155,45.9969],[-82.8321,45.998],[-82.8445,45.9948],[-82.8588,45.9813],[-82.8666,45.978],[-82.9344,45.9713],[-82.9517,45.9645],[-82.9645,45.9398],[-82.9758,45.9365],[-83.0039,45.9409],[-83.0127,45.9551],[-83.0266,45.9612],[-83.0553,45.9645],[-83.0653,45.9592],[-83.0819,45.9365],[-83.1005,45.925],[-83.1114,45.9253],[-83.1183,45.953],[-83.124,45.9589],[-83.1639,45.9757],[-83.1901,45.9663],[-83.2128,45.948],[-83.226,45.9297],[-83.2248,45.8868],[-83.1839,45.8741],[-83.128,45.8738],[-83.0819,45.8682],[-83.0551,45.855],[-83.0333,45.8523],[-83.0202,45.8429],[-82.9658,45.84],[-82.949,45.8323],[-82.9517,45.8135],[-82.9216,45.8111],[-82.8918,45.8032],[-82.8645,45.8008],[-82.8425,45.8135],[-82.8319,45.8046],[-82.7946,45.7999],[-82.7739,45.789],[-82.7656,45.7879],[-82.7544,45.7979],[-82.7462,45.7999],[-82.7179,45.7852],[-82.7078,45.7964],[-82.6964,45.7976],[-82.6838,45.7946],[-82.6555,45.774],[-82.6335,45.7661],[-82.5322,45.7502],[-82.5082,45.7411],[-82.4711,45.7122],[-82.4526,45.7051],[-82.3391,45.6948],[-82.3247,45.6728],[-82.3136,45.6678],[-82.2914,45.676],[-82.2801,45.6763],[-82.2533,45.6422],[-82.2084,45.628],[-82.1841,45.6112],[-82.1742,45.608],[-82.1195,45.6089],[-82.0986,45.6015],[-82.102,45.5809],[-82.0899,45.5812],[-82.08,45.5774],[-82.0684,45.5591],[-82.0491,45.5665],[-82.0159,45.5683],[-81.9844,45.6059],[-81.9374,45.6142],[-81.9046,45.6377],[-81.8749,45.6651],[-81.8416,45.6875],[-81.7972,45.6969],[-81.7701,45.7069],[-81.7599,45.7037],[-81.7527,45.6946],[-81.753,45.6857],[-81.7593,45.679],[-81.7886,45.6701],[-81.8131,45.6419],[-81.8469,45.6316],[-81.8996,45.5877],[-81.909,45.5871],[-81.9114,45.5942],[-81.9033,45.608],[-81.9287,45.6024],[-81.9561,45.5915],[-81.9794,45.5768],[-81.9926,45.5591],[-81.9704,45.5577],[-81.9307,45.5686],[-81.9143,45.5391],[-81.8918,45.5288],[-81.8647,45.5244],[-81.8418,45.5256],[-81.822,45.5329],[-81.8051,45.5456],[-81.7565,45.6006],[-81.7462,45.608],[-81.718,45.6133],[-81.7258,45.6218],[-81.7105,45.6463],[-81.65,45.7037],[-81.6644,45.7099],[-81.6048,45.752],[-81.5888,45.787],[-81.588,45.7999]],[[-80.2273,45.2966],[-80.2175,45.2715],[-80.2102,45.2612],[-80.1921,45.2465],[-80.1799,45.2445],[-80.1712,45.248],[-80.1609,45.266],[-80.1492,45.2715],[-80.1561,45.258],[-80.0968,45.291],[-80.0741,45.2995],[-80.0809,45.3066],[-80.0598,45.334],[-80.0809,45.3404],[-80.0741,45.3475],[-80.0912,45.3478],[-80.1049,45.3422],[-80.1256,45.3234],[-80.1384,45.3186],[-80.1552,45.3213],[-80.1833,45.334],[-80.2213,45.311],[-80.2273,45.2966]],[[-84.3562,45.7855],[-84.3886,45.7929],[-84.401,45.8005],[-84.4052,45.8135],[-84.4201,45.8267],[-84.4248,45.8214],[-84.4264,45.8088],[-84.432,45.7999],[-84.4423,45.8002],[-84.466,45.8108],[-84.532,45.8226],[-84.5592,45.8238],[-84.5827,45.8135],[-84.5214,45.772],[-84.4878,45.744],[-84.4557,45.7334],[-84.4142,45.7334],[-84.3979,45.7372],[-84.3854,45.7467],[-84.3671,45.7746],[-84.3562,45.7855]],[[-83.2669,45.9607],[-83.2719,45.9686],[-83.3017,45.9645],[-83.3527,46.0019],[-83.3698,46.0007],[-83.4172,45.9889],[-83.4321,45.9707],[-83.4715,45.9392],[-83.4799,45.9271],[-83.4849,45.9124],[-83.4867,45.8921],[-83.4402,45.8918],[-83.4246,45.8885],[-83.3761,45.8632],[-83.3533,45.8609],[-83.3376,45.8647],[-83.3217,45.8738],[-83.2813,45.9088],[-83.2728,45.9227],[-83.2669,45.9607]],[[-84.3425,45.9568],[-84.3487,45.9683],[-84.3578,45.976],[-84.3696,45.9795],[-84.3836,45.978],[-84.378,45.9913],[-84.3842,45.9977],[-84.4114,46.0054],[-84.432,45.9916],[-84.432,45.9848],[-84.4114,45.978],[-84.4251,45.9707],[-84.3842,45.958],[-84.3425,45.9568]],[[-83.8857,46.1491],[-83.8702,46.1623],[-83.8523,46.157],[-83.832,46.1449],[-83.8152,46.1429],[-83.8021,46.1858],[-83.7824,46.2232],[-83.7877,46.2382],[-83.7955,46.24],[-83.8141,46.2356],[-83.8256,46.2418],[-83.843,46.2692],[-83.8907,46.2724],[-83.9,46.2768],[-83.9254,46.2995],[-83.9472,46.3012],[-83.9862,46.3104],[-84.0242,46.2959],[-84.048,46.3004],[-84.0825,46.3133],[-84.102,46.3171],[-84.1063,46.3133],[-84.1098,46.2995],[-84.1064,46.2836],[-84.0776,46.2241],[-84.0688,46.2109],[-84.004,46.1594],[-83.9959,46.1491],[-83.9869,46.1214],[-83.959,46.1017],[-83.9485,46.0758],[-83.9354,46.0737],[-83.9257,46.0769],[-83.901,46.0946],[-83.8929,46.1043],[-83.8857,46.1491]],[[-83.4823,45.9942],[-83.4792,46.0054],[-83.4986,46.0172],[-83.5238,46.0207],[-83.5455,46.0295],[-83.562,46.076],[-83.5795,46.0902],[-83.6238,46.1078],[-83.6874,46.1105],[-83.7154,46.1061],[-83.7163,46.0911],[-83.6787,46.0769],[-83.6784,46.0599],[-83.6846,46.0507],[-83.7435,46.0295],[-83.771,46.0251],[-83.7781,46.021],[-83.7935,46.0022],[-83.805,45.998],[-83.8236,46.0063],[-83.8446,46.0213],[-83.8658,46.0263],[-83.8845,46.0054],[-83.8869,45.991],[-83.8816,45.9839],[-83.8702,45.9816],[-83.8658,45.9933],[-83.8559,45.9901],[-83.8327,45.9686],[-83.8083,45.9568],[-83.8019,45.9439],[-83.7809,45.9506],[-83.7436,45.9506],[-83.7113,45.9374],[-83.7024,45.9401],[-83.6796,45.9554],[-83.6577,45.9551],[-83.6163,45.9365],[-83.5926,45.9303],[-83.5632,45.928],[-83.5354,45.9306],[-83.5171,45.9401],[-83.4823,45.9942]],[[-84.1079,46.27],[-84.1216,46.2971],[-84.1424,46.3213],[-84.1583,46.3336],[-84.1845,46.3336],[-84.1921,46.3257],[-84.1931,46.3115],[-84.1992,46.2933],[-84.1803,46.2747],[-84.1627,46.2512],[-84.1419,46.2377],[-84.1135,46.2485],[-84.1079,46.27]],[[-82.7462,45.9365],[-82.712,45.9112],[-82.6576,45.9024],[-82.6048,45.9141],[-82.5755,45.9506],[-82.5783,45.9674],[-82.5931,45.9715],[-82.6127,45.9721],[-82.6301,45.978],[-82.6493,45.9724],[-82.6847,45.9683],[-82.7132,45.9586],[-82.7126,45.9365],[-82.7257,45.9297],[-82.7334,45.9348],[-82.7462,45.9365]],[[-82.2664,46.0328],[-82.2556,46.0213],[-82.2324,46.0083],[-82.2075,45.9986],[-82.1913,45.998],[-82.2031,46.0154],[-82.2105,46.0525],[-82.2255,46.0599],[-82.2387,46.0569],[-82.2546,46.0398],[-82.2664,46.0328]],[[-81.9635,46.0325],[-81.9505,46.0181],[-81.9211,46.0095],[-81.9033,45.998],[-81.8828,46.0054],[-81.8456,46.0072],[-81.8344,46.0054],[-81.8117,45.986],[-81.8008,45.9916],[-81.7939,46.0016],[-81.793,46.0113],[-81.7979,46.0198],[-81.8078,46.0251],[-81.7935,46.0463],[-81.8033,46.0581],[-81.8209,46.064],[-81.8385,46.0631],[-81.8487,46.0531],[-81.8556,46.0531],[-81.8719,46.0613],[-81.9411,46.0531],[-81.962,46.0466],[-81.9635,46.0325]]]}},{"type":"Feature","properties":{},"bbox":[-85.055775,46.423397,-84.356218,47.018896],"geometry":{"type":"MultiPolygon","coordinates":[[[[-84.7842,47.0004],[-84.7875,47.0059],[-84.7677,47.0189],[-84.7842,47.0004]]],[[[-84.4904,46.4493],[-84.4901,46.4465],[-84.5292,46.4299],[-84.5698,46.4234],[-84.6033,46.4375],[-84.5941,46.4578],[-84.6184,46.4843],[-84.6565,46.502],[-84.6893,46.4955],[-84.715,46.4784],[-84.7495,46.4667],[-84.7864,46.4596],[-84.8195,46.4572],[-84.8354,46.4596],[-84.8775,46.4784],[-84.9148,46.4846],[-84.946,46.5064],[-85.0079,46.492],[-85.0271,46.4967],[-85.0396,46.5052],[-85.0483,46.5176],[-85.0558,46.5329],[-85.028,46.5562],[-85.0179,46.5732],[-85.0312,46.6068],[-85.0134,46.7242],[-85.0079,46.739],[-84.9941,46.7513],[-84.9611,46.769],[-84.9527,46.7863],[-84.9761,46.784],[-84.7842,47.0004],[-84.7769,46.9877],[-84.7523,46.9715],[-84.7302,46.9644],[-84.671,46.9621],[-84.6634,46.9565],[-84.6518,46.9371],[-84.6322,46.9188],[-84.6095,46.9091],[-84.5941,46.91],[-84.5969,46.9238],[-84.5933,46.9338],[-84.5729,46.9465],[-84.5533,46.9462],[-84.5083,46.9371],[-84.4597,46.9432],[-84.4366,46.9412],[-84.3948,46.9123],[-84.3602,46.8932],[-84.3562,46.8755],[-84.3774,46.8482],[-84.3893,46.8399],[-84.3982,46.8382],[-84.4217,46.8408],[-84.4501,46.8523],[-84.4629,46.8543],[-84.4776,46.8532],[-84.5493,46.8273],[-84.5437,46.8114],[-84.5428,46.7861],[-84.5477,46.7625],[-84.566,46.7407],[-84.5612,46.7169],[-84.5461,46.6975],[-84.5214,46.6975],[-84.5112,46.711],[-84.4944,46.7507],[-84.4769,46.759],[-84.4587,46.7537],[-84.4416,46.7407],[-84.4292,46.7251],[-84.4251,46.711],[-84.4341,46.6936],[-84.4903,46.6592],[-84.563,46.6012],[-84.5758,46.5859],[-84.5885,46.5629],[-84.5892,46.542],[-84.5465,46.5264],[-84.5214,46.4958],[-84.5083,46.4846],[-84.4938,46.4805],[-84.4904,46.4493]],[[-84.5493,46.8823],[-84.5325,46.8823],[-84.4866,46.8956],[-84.4394,46.8967],[-84.4251,46.9029],[-84.4416,46.907],[-84.4766,46.9064],[-84.5124,46.9226],[-84.5289,46.9159],[-84.5418,46.9009],[-84.5493,46.8823]]]]}},{"type":"Feature","properties":{},"bbox":[-83.949554,43.608099,-83.018333,44.367264],"geometry":{"type":"Polygon","coordinates":[[[-83.0335,44.052],[-83.069,44.0223],[-83.0865,44.014],[-83.1324,44.0078],[-83.1557,43.9937],[-83.1683,43.9905],[-83.2501,43.9867],[-83.2669,43.9763],[-83.3017,43.9387],[-83.3159,43.9313],[-83.4048,43.9216],[-83.386,43.9169],[-83.3476,43.9136],[-83.3358,43.9013],[-83.3892,43.8545],[-83.4042,43.8136],[-83.4525,43.7647],[-83.4742,43.7211],[-83.4903,43.7032],[-83.5102,43.7064],[-83.5189,43.7258],[-83.526,43.7323],[-83.5379,43.7267],[-83.6046,43.6514],[-83.6397,43.6237],[-83.6789,43.6081],[-83.7194,43.6137],[-83.761,43.6337],[-83.8119,43.6446],[-83.8323,43.6567],[-83.8817,43.6708],[-83.9044,43.682],[-83.9254,43.7017],[-83.9434,43.7279],[-83.9496,43.7562],[-83.9323,43.7915],[-83.935,43.8248],[-83.9317,43.8398],[-83.9098,43.8598],[-83.9082,43.8686],[-83.9254,43.8807],[-83.8897,43.9584],[-83.8633,43.9899],[-83.8219,44.0043],[-83.7747,43.9972],[-83.7367,44.0111],[-83.6958,44.0043],[-83.6901,44.0096],[-83.6784,44.0452],[-83.6599,44.0532],[-83.6104,44.0549],[-83.5925,44.0626],[-83.5898,44.0729],[-83.5904,44.0956],[-83.5725,44.1047],[-83.5697,44.1165],[-83.5641,44.1865],[-83.5541,44.2307],[-83.5324,44.266],[-83.4936,44.2854],[-83.4525,44.2854],[-83.4662,44.2581],[-83.407,44.3102],[-83.3972,44.3228],[-83.3914,44.3263],[-83.3533,44.3296],[-83.3377,44.3455],[-83.3284,44.3673],[-83.0183,44.0582],[-83.0335,44.052]]]}},{"type":"Feature","properties":{},"bbox":[-83.832544,45.791986,-81.894598,46.299764],"geometry":{"type":"Polygon","coordinates":[[[-81.9118,46.0028],[-81.8946,45.953],[-81.9102,45.9707],[-81.9536,45.988],[-82.0013,45.9848],[-82.048,45.9677],[-82.0883,45.9439],[-82.1011,45.9321],[-82.1249,45.8962],[-82.1292,45.8785],[-82.1398,45.8553],[-82.1607,45.8447],[-82.1763,45.8482],[-82.1709,45.8682],[-82.2074,45.905],[-82.2213,45.9297],[-82.2193,45.9506],[-82.2624,45.9348],[-82.2846,45.9309],[-82.2943,45.9474],[-82.2943,45.9745],[-82.2977,45.9874],[-82.3097,45.9901],[-82.4349,45.9654],[-82.4555,45.9368],[-82.4718,45.9233],[-82.4707,45.9371],[-82.4774,45.9474],[-82.4899,45.9527],[-82.5066,45.9506],[-82.5157,45.9445],[-82.5304,45.9242],[-82.5407,45.9159],[-82.5808,45.9088],[-82.5892,45.9024],[-82.5919,45.8888],[-82.5841,45.8812],[-82.5544,45.875],[-82.5619,45.8544],[-82.532,45.8609],[-82.5178,45.8582],[-82.5066,45.847],[-82.5083,45.827],[-82.5229,45.8055],[-82.5397,45.792],[-82.5476,45.7961],[-82.555,45.8185],[-82.568,45.8341],[-82.5981,45.852],[-82.609,45.8544],[-82.6371,45.8341],[-82.6474,45.8373],[-82.6599,45.865],[-82.6679,45.8682],[-82.6903,45.8635],[-82.7399,45.8459],[-82.7599,45.847],[-82.7734,45.8853],[-82.7787,45.8915],[-82.8151,45.8988],[-82.8376,45.9159],[-82.8372,45.9312],[-82.8257,45.9483],[-82.8111,45.9842],[-82.8098,45.9927],[-82.8155,45.9969],[-82.8321,45.998],[-82.8445,45.9948],[-82.8588,45.9813],[-82.8666,45.978],[-82.9344,45.9713],[-82.9517,45.9645],[-82.9645,45.9398],[-82.9758,45.9365],[-83.0039,45.9409],[-83.0127,45.9551],[-83.0266,45.9612],[-83.0553,45.9645],[-83.0653,45.9592],[-83.0819,45.9365],[-83.1005,45.925],[-83.1114,45.9253],[-83.1183,45.953],[-83.124,45.9589],[-83.1639,45.9757],[-83.1901,45.9663],[-83.2669,45.9607],[-83.2719,45.9686],[-83.3017,45.9645],[-83.3527,46.0019],[-83.3698,46.0007],[-83.4172,45.9889],[-83.4321,45.9707],[-83.46,45.9506],[-83.4974,45.971],[-83.4823,45.9942],[-83.4792,46.0054],[-83.4986,46.0172],[-83.5238,46.0207],[-83.5455,46.0295],[-83.562,46.076],[-83.5795,46.0902],[-83.6238,46.1078],[-83.6874,46.1105],[-83.7154,46.1061],[-83.7163,46.0911],[-83.6787,46.0769],[-83.6786,46.069],[-83.8152,46.1429],[-83.8021,46.1858],[-83.7824,46.2232],[-83.7877,46.2382],[-83.7955,46.24],[-83.8141,46.2356],[-83.8325,46.2998],[-83.7473,46.2933],[-83.7132,46.2792],[-83.7007,46.2771],[-83.6034,46.2865],[-83.5891,46.2797],[-83.5611,46.2518],[-83.5482,46.2509],[-83.5179,46.2586],[-83.5004,46.2591],[-83.3878,46.2347],[-83.3139,46.2271],[-83.244,46.2088],[-83.1289,46.1941],[-83.1024,46.2047],[-83.0762,46.1914],[-83.0457,46.1829],[-82.983,46.1767],[-82.9318,46.1903],[-82.7076,46.2003],[-82.6301,46.2238],[-82.6376,46.2103],[-82.6763,46.1917],[-82.691,46.1767],[-82.6686,46.1694],[-82.5365,46.1826],[-82.4742,46.2017],[-82.4445,46.2047],[-82.4445,46.197],[-82.4507,46.1861],[-82.4002,46.197],[-82.337,46.1944],[-82.321,46.197],[-82.3148,46.1835],[-82.352,46.1853],[-82.3785,46.1773],[-82.3547,46.1658],[-82.321,46.1561],[-82.3091,46.1558],[-82.2837,46.1623],[-82.2324,46.1549],[-82.2069,46.1455],[-82.1776,46.1264],[-82.1554,46.1279],[-82.1351,46.1193],[-82.1093,46.1358],[-82.0871,46.134],[-82.0132,46.1152],[-81.9507,46.1137],[-81.9302,46.0549],[-81.962,46.0466],[-81.9635,46.0325],[-81.9505,46.0181],[-81.9211,46.0095],[-81.9118,46.0028]],[[-82.7462,45.9365],[-82.712,45.9112],[-82.6576,45.9024],[-82.6048,45.9141],[-82.5755,45.9506],[-82.5783,45.9674],[-82.5931,45.9715],[-82.6127,45.9721],[-82.6301,45.978],[-82.6493,45.9724],[-82.6847,45.9683],[-82.7132,45.9586],[-82.7126,45.9365],[-82.7257,45.9297],[-82.7334,45.9348],[-82.7462,45.9365]],[[-82.2664,46.0328],[-82.2556,46.0213],[-82.2324,46.0083],[-82.2075,45.9986],[-82.1913,45.998],[-82.2031,46.0154],[-82.2105,46.0525],[-82.2255,46.0599],[-82.2387,46.0569],[-82.2546,46.0398],[-82.2664,46.0328]]]}},{"type":"Feature","properties":{},"bbox":[-81.72578,44.475295,-79.662582,46.019824],"geometry":{"type":"Polygon","coordinates":[[[-79.6626,44.7579],[-79.7394,44.7546],[-79.7652,44.767],[-79.7927,44.7579],[-79.7989,44.7599],[-79.7989,44.7694],[-79.8028,44.7714],[-79.8733,44.7694],[-79.8817,44.7714],[-79.8819,44.7811],[-79.8745,44.8076],[-79.8856,44.8129],[-79.9418,44.8147],[-79.9421,44.8191],[-79.9185,44.8433],[-79.9157,44.8503],[-79.9234,44.8615],[-79.9341,44.8674],[-79.9859,44.8665],[-80.0158,44.8615],[-80.028,44.8568],[-80.0461,44.8268],[-80.0612,44.8191],[-80.0751,44.8253],[-80.0878,44.8268],[-80.1082,44.8224],[-80.1134,44.8156],[-80.1152,44.8023],[-80.1138,44.7747],[-80.1078,44.7599],[-80.0483,44.7349],[-80.0086,44.7084],[-79.9948,44.7031],[-79.9923,44.6928],[-80.0052,44.6275],[-80.0052,44.5489],[-80.013,44.5312],[-80.0311,44.515],[-80.0673,44.4909],[-80.1087,44.4753],[-80.1506,44.4868],[-80.1954,44.5086],[-80.2454,44.525],[-80.3245,44.5315],[-80.3658,44.5524],[-80.4259,44.5592],[-80.4509,44.566],[-80.4952,44.5992],[-80.5123,44.6069],[-80.5775,44.6119],[-80.5981,44.6239],[-80.6163,44.656],[-80.624,44.6905],[-80.6391,44.7184],[-80.6805,44.7299],[-80.7631,44.7193],[-80.8262,44.6905],[-80.9375,44.5933],[-80.9428,44.6287],[-80.889,44.7517],[-80.8974,44.7909],[-80.935,44.8109],[-80.9855,44.8153],[-81.033,44.8062],[-81.078,44.7841],[-81.1191,44.7546],[-81.1273,44.7535],[-81.1315,44.7635],[-81.1313,44.7776],[-81.1262,44.7888],[-81.1179,44.795],[-81.0517,44.8224],[-81.0368,44.8315],[-81.0065,44.8609],[-80.9983,44.8783],[-81.0071,44.911],[-81.0058,44.9224],[-80.9877,44.9401],[-80.9619,44.9572],[-80.9531,44.9707],[-80.9853,44.9775],[-81.0077,44.9751],[-81.0317,44.9663],[-81.0443,44.951],[-81.033,44.9292],[-81.0501,44.9274],[-81.071,44.9104],[-81.0877,44.9086],[-81.087,44.9251],[-81.1054,44.9254],[-81.1491,44.9154],[-81.1491,44.9224],[-81.1262,44.9369],[-81.1129,44.9525],[-81.1169,44.9648],[-81.2009,44.9775],[-81.2045,44.9813],[-81.192,45.0016],[-81.1908,45.011],[-81.2102,45.0181],[-81.2572,45.0019],[-81.2664,45.0216],[-81.2627,45.089],[-81.2664,45.1079],[-81.2806,45.1226],[-81.3199,45.1488],[-81.3279,45.1724],[-81.32,45.1924],[-81.2861,45.22],[-81.2795,45.2374],[-81.3022,45.2524],[-81.6074,45.2521],[-81.7258,45.6218],[-81.7105,45.6463],[-81.65,45.7037],[-81.6644,45.7099],[-81.6048,45.752],[-81.5888,45.787],[-81.588,45.7999],[-81.6057,45.8058],[-81.7115,45.7999],[-81.6759,45.8373],[-81.6598,45.8597],[-81.6569,45.8885],[-81.6657,45.9053],[-81.6797,45.9088],[-81.6423,45.9557],[-81.5402,46.0054],[-81.5038,46.0184],[-81.4893,46.0198],[-81.5088,45.9927],[-81.5068,45.9839],[-81.4934,45.9819],[-81.4725,45.9848],[-81.4438,45.9966],[-81.4302,45.998],[-81.3955,45.9869],[-81.2613,45.9663],[-81.2271,45.9695],[-81.1953,45.9801],[-81.1634,45.998],[-81.1805,46.0122],[-81.203,46.0086],[-81.2392,45.9848],[-81.246,45.9916],[-81.2155,46.0095],[-81.1794,46.0181],[-81.1562,46.0101],[-81.1634,45.978],[-81.1763,45.9448],[-81.1616,45.9365],[-81.0601,45.9562],[-81.02,45.9568],[-80.9531,45.9442],[-80.9307,45.9439],[-80.9033,45.9568],[-80.893,45.9539],[-80.8693,45.9365],[-80.8515,45.9333],[-80.8342,45.9356],[-80.8186,45.9433],[-80.8065,45.9568],[-80.7979,45.9168],[-80.7873,45.9097],[-80.7759,45.9268],[-80.7692,45.9297],[-80.7526,45.9268],[-80.7391,45.9009],[-80.7336,45.8718],[-80.7246,45.8609],[-80.706,45.8547],[-80.6798,45.8517],[-80.6911,45.8409],[-80.7141,45.8438],[-80.7183,45.8373],[-80.7166,45.8288],[-80.6973,45.8197],[-80.6725,45.8191],[-80.6684,45.8023],[-80.636,45.7773],[-80.6462,45.7534],[-80.6427,45.7372],[-80.6337,45.7234],[-80.6193,45.7119],[-80.5875,45.6969],[-80.6085,45.6907],[-80.6085,45.6831],[-80.5904,45.6816],[-80.5744,45.6763],[-80.5798,45.6622],[-80.5732,45.6513],[-80.5594,45.6445],[-80.5245,45.6389],[-80.5179,45.6301],[-80.5195,45.6165],[-80.526,45.6006],[-80.5121,45.598],[-80.5061,45.5733],[-80.4928,45.5721],[-80.4578,45.5871],[-80.4237,45.5877],[-80.4167,45.5939],[-80.4163,45.6027],[-80.4372,45.628],[-80.4169,45.6271],[-80.4063,45.6171],[-80.3963,45.5871],[-80.3845,45.5689],[-80.3826,45.5591],[-80.3822,45.5474],[-80.3951,45.497],[-80.3948,45.4811],[-80.3888,45.4635],[-80.361,45.4358],[-80.3548,45.4223],[-80.3689,45.409],[-80.3549,45.3908],[-80.3342,45.3816],[-80.3286,45.3955],[-80.328,45.4099],[-80.3323,45.4237],[-80.3411,45.4361],[-80.3094,45.4335],[-80.3,45.4299],[-80.3097,45.4158],[-80.3112,45.404],[-80.3068,45.3781],[-80.3002,45.3663],[-80.2847,45.3637],[-80.2553,45.3672],[-80.2437,45.3643],[-80.2294,45.3504],[-80.182,45.3416],[-80.1684,45.3419],[-80.1629,45.3507],[-80.1676,45.359],[-80.1873,45.3699],[-80.1902,45.3816],[-80.1838,45.3943],[-80.1714,45.4017],[-80.1424,45.409],[-80.1143,45.4111],[-80.0846,45.4052],[-80.0651,45.3905],[-80.0673,45.3672],[-80.0544,45.3616],[-80.0448,45.3516],[-80.0332,45.3263],[-80.0726,45.2789],[-80.0844,45.2715],[-80.1059,45.2654],[-80.1237,45.2507],[-80.1278,45.2345],[-80.1082,45.2239],[-80.1144,45.2133],[-80.1152,45.2038],[-80.1106,45.1956],[-80.1007,45.1897],[-80.0912,45.2038],[-80.0663,45.218],[-80.0467,45.1965],[-80.0297,45.195],[-80.0189,45.1897],[-79.9985,45.1618],[-80.0039,45.137],[-80.0307,45.1276],[-80.067,45.1285],[-80.1007,45.1344],[-80.0956,45.1241],[-80.0785,45.1108],[-80.0673,45.1079],[-80.0779,45.1049],[-80.0809,45.1011],[-80.0536,45.0799],[-80.0141,45.0702],[-80.0018,45.0626],[-79.9977,45.0543],[-79.9964,45.0352],[-79.9848,45.0246],[-79.9434,45.0199],[-79.9333,45.0149],[-79.9284,44.9978],[-79.9303,44.9784],[-79.9275,44.961],[-79.9091,44.9495],[-79.8731,44.9631],[-79.8629,44.9539],[-79.8511,44.9486],[-79.827,44.9433],[-79.8349,44.9254],[-79.8321,44.9154],[-79.8134,44.9012],[-79.7961,44.8971],[-79.793,44.888],[-79.8051,44.8795],[-79.8209,44.875],[-79.7799,44.8606],[-79.7725,44.8471],[-79.7747,44.8353],[-79.7818,44.8279],[-79.7825,44.8212],[-79.7656,44.8129],[-79.7387,44.8135],[-79.7184,44.8282],[-79.715,44.8488],[-79.7384,44.8677],[-79.6905,44.888],[-79.6819,44.8777],[-79.6797,44.8621],[-79.682,44.8465],[-79.6869,44.8368],[-79.7135,44.8162],[-79.724,44.8023],[-79.721,44.7888],[-79.7059,44.78],[-79.6714,44.7679],[-79.6626,44.7579]],[[-80.2379,44.875],[-80.2454,44.8547],[-80.2311,44.8327],[-80.2094,44.8097],[-80.1867,44.7938],[-80.1698,44.7926],[-80.183,44.8073],[-80.1755,44.8259],[-80.1492,44.8615],[-80.1658,44.8715],[-80.2161,44.865],[-80.2379,44.875]],[[-80.2213,45.311],[-80.2273,45.2966],[-80.2175,45.2715],[-80.202,45.2524],[-80.1921,45.2465],[-80.1799,45.2445],[-80.1712,45.248],[-80.1609,45.266],[-80.1492,45.2715],[-80.1561,45.258],[-80.0968,45.291],[-80.0741,45.2995],[-80.0809,45.3066],[-80.0598,45.334],[-80.0809,45.3404],[-80.0741,45.3475],[-80.0912,45.3478],[-80.1049,45.3422],[-80.1256,45.3234],[-80.1384,45.3186],[-80.1552,45.3213],[-80.1833,45.334],[-80.2213,45.311]]]}},{"type":"Feature","properties":{},"bbox":[-56.699531,-1.779023,-55.871043,-1.287141],"geometry":{"type":"Polygon","coordinates":[[[-56.5242,-1.3278],[-56.4312,-1.3363],[-56.418,-1.3466],[-56.4321,-1.3675],[-56.4061,-1.3872],[-56.3955,-1.4014],[-56.391,-1.419],[-56.384,-1.429],[-56.3297,-1.4499],[-56.2845,-1.4617],[-56.2708,-1.4735],[-56.2618,-1.4873],[-56.2515,-1.5156],[-56.2403,-1.5256],[-56.2168,-1.53],[-56.2032,-1.5194],[-56.1919,-1.505],[-56.1751,-1.4976],[-56.1636,-1.5006],[-56.151,-1.5182],[-56.1395,-1.5194],[-56.0312,-1.4976],[-56.0123,-1.4894],[-56.0062,-1.4694],[-56.005,-1.4464],[-56.0001,-1.429],[-55.9611,-1.4758],[-55.9626,-1.4841],[-55.9857,-1.4953],[-55.9966,-1.5056],[-55.997,-1.515],[-55.9823,-1.5447],[-55.977,-1.575],[-55.9647,-1.5983],[-55.9199,-1.6089],[-55.9134,-1.6127],[-55.9102,-1.6192],[-55.9114,-1.628],[-55.9162,-1.6324],[-55.9321,-1.6324],[-55.9502,-1.6398],[-55.9532,-1.6439],[-55.9523,-1.6554],[-55.9489,-1.6613],[-55.9312,-1.6698],[-55.871,-1.779],[-55.8944,-1.7705],[-55.9086,-1.7564],[-55.9405,-1.7125],[-55.9557,-1.6795],[-55.9853,-1.6533],[-55.9939,-1.6418],[-56.024,-1.5756],[-56.0462,-1.5541],[-56.0895,-1.5462],[-56.1686,-1.5524],[-56.2022,-1.5662],[-56.2343,-1.5641],[-56.2471,-1.5662],[-56.2709,-1.578],[-56.2939,-1.5789],[-56.3308,-1.5574],[-56.328,-1.5371],[-56.316,-1.4976],[-56.3222,-1.4823],[-56.3344,-1.4676],[-56.3491,-1.4561],[-56.3632,-1.4499],[-56.4147,-1.4464],[-56.4325,-1.4376],[-56.4396,-1.4122],[-56.4496,-1.4072],[-56.5178,-1.4426],[-56.5375,-1.4387],[-56.5538,-1.429],[-56.576,-1.4016],[-56.5515,-1.4102],[-56.5347,-1.4117],[-56.5207,-1.4055],[-56.4849,-1.3793],[-56.4579,-1.3722],[-56.4523,-1.3628],[-56.5141,-1.3607],[-56.5278,-1.3675],[-56.5456,-1.356],[-56.5749,-1.3501],[-56.5853,-1.3448],[-56.5958,-1.3269],[-56.609,-1.3292],[-56.6314,-1.3401],[-56.6723,-1.3263],[-56.6913,-1.3275],[-56.6973,-1.3239],[-56.6995,-1.3092],[-56.6903,-1.2921],[-56.6683,-1.2871],[-56.6432,-1.2889],[-56.6239,-1.2924],[-56.5242,-1.3278]]]}},{"type":"Feature","properties":{},"bbox":[-44.700513,-3.871363,-44.617355,-3.778639],"geometry":{"type":"Polygon","coordinates":[[[-44.6447,-3.824],[-44.6174,-3.8346],[-44.6272,-3.8522],[-44.643,-3.8675],[-44.658,-3.8714],[-44.6879,-3.7951],[-44.7005,-3.7795],[-44.6793,-3.7786],[-44.6447,-3.824]]]}},{"type":"Feature","properties":{},"bbox":[-54.431014,-2.334194,-54.142979,-2.17612],"geometry":{"type":"Polygon","coordinates":[[[-54.1534,-2.2429],[-54.143,-2.245],[-54.143,-2.2521],[-54.1562,-2.2565],[-54.1779,-2.2791],[-54.2086,-2.2706],[-54.2194,-2.2791],[-54.2219,-2.2909],[-54.2116,-2.3053],[-54.2119,-2.3133],[-54.2261,-2.3233],[-54.246,-2.3265],[-54.2623,-2.3136],[-54.2476,-2.2803],[-54.2665,-2.2718],[-54.2919,-2.2786],[-54.3395,-2.3189],[-54.3627,-2.3339],[-54.3849,-2.3327],[-54.3969,-2.3209],[-54.3979,-2.3104],[-54.3786,-2.3036],[-54.3431,-2.2794],[-54.3328,-2.2691],[-54.3286,-2.2553],[-54.3333,-2.2409],[-54.3443,-2.2382],[-54.3577,-2.2432],[-54.3695,-2.2521],[-54.3813,-2.2412],[-54.4051,-2.2415],[-54.4173,-2.2376],[-54.4217,-2.2309],[-54.431,-2.1973],[-54.3945,-2.2135],[-54.383,-2.2061],[-54.3832,-2.1761],[-54.3757,-2.1761],[-54.3682,-2.2023],[-54.3543,-2.2088],[-54.3393,-2.2006],[-54.3286,-2.1829],[-54.3212,-2.1829],[-54.3202,-2.2064],[-54.31,-2.2247],[-54.2934,-2.2323],[-54.2734,-2.2241],[-54.2538,-2.235],[-54.236,-2.2394],[-54.2179,-2.2379],[-54.1976,-2.2315],[-54.1692,-2.2147],[-54.1642,-2.2206],[-54.1601,-2.2382],[-54.1534,-2.2429]]]}},{"type":"Feature","properties":{},"bbox":[-67.875654,10.109755,-67.60896,10.261647],"geometry":{"type":"Polygon","coordinates":[[[-67.6197,10.2013],[-67.609,10.1831],[-67.6113,10.1569],[-67.6216,10.1233],[-67.6316,10.1159],[-67.6405,10.1198],[-67.6456,10.1348],[-67.6534,10.1395],[-67.6859,10.1327],[-67.7158,10.136],[-67.721,10.1327],[-67.7239,10.1159],[-67.7389,10.1109],[-67.7498,10.1127],[-67.7657,10.1245],[-67.7831,10.1289],[-67.8029,10.1248],[-67.844,10.1098],[-67.8686,10.1221],[-67.8754,10.1333],[-67.8705,10.1695],[-67.8428,10.211],[-67.8246,10.2204],[-67.7923,10.2257],[-67.7813,10.2393],[-67.7539,10.2428],[-67.723,10.2602],[-67.7005,10.2596],[-67.7011,10.2522],[-67.7077,10.2478],[-67.7058,10.241],[-67.6843,10.2446],[-67.6725,10.241],[-67.6197,10.2013]]]}},{"type":"Feature","properties":{},"bbox":[-118.338791,40.512566,-118.232967,40.713911],"geometry":{"type":"Polygon","coordinates":[[[-118.252,40.7104],[-118.233,40.6989],[-118.279,40.6842],[-118.2955,40.6739],[-118.3189,40.6441],[-118.3235,40.6265],[-118.3139,40.6129],[-118.2924,40.5938],[-118.2854,40.5688],[-118.2904,40.5405],[-118.3054,40.5126],[-118.3017,40.5614],[-118.3042,40.5773],[-118.3331,40.6156],[-118.3388,40.6321],[-118.3323,40.6612],[-118.3122,40.6921],[-118.2855,40.7136],[-118.2596,40.7139],[-118.252,40.7104]]]}},{"type":"Feature","properties":{},"bbox":[-109.759842,28.908437,-109.337283,29.363819],"geometry":{"type":"Polygon","coordinates":[[[-109.3489,29.1822],[-109.3373,29.1681],[-109.3775,29.1401],[-109.3987,29.1101],[-109.4194,29.1051],[-109.4957,29.1045],[-109.5161,29.1118],[-109.5317,29.1245],[-109.5441,29.1269],[-109.5878,29.1254],[-109.6062,29.1216],[-109.6496,29.1051],[-109.6574,29.0983],[-109.6558,29.0603],[-109.6375,29.0365],[-109.6352,29.0126],[-109.6265,29.0094],[-109.6225,29.0041],[-109.6119,28.9564],[-109.594,28.9491],[-109.5885,28.9414],[-109.5928,28.9234],[-109.6071,28.9114],[-109.6224,28.9084],[-109.6294,28.9182],[-109.6374,28.9482],[-109.6505,28.9761],[-109.6868,29.0282],[-109.6946,29.068],[-109.7083,29.1042],[-109.7127,29.1816],[-109.7451,29.3232],[-109.7598,29.3597],[-109.7147,29.3638],[-109.707,29.3556],[-109.7052,29.3294],[-109.7188,29.2811],[-109.7155,29.2684],[-109.6913,29.2205],[-109.6743,29.2043],[-109.654,29.1913],[-109.6369,29.1884],[-109.6286,29.1972],[-109.6261,29.2237],[-109.6225,29.2293],[-109.6131,29.2249],[-109.6022,29.1884],[-109.5869,29.194],[-109.5695,29.1872],[-109.5407,29.1681],[-109.5064,29.1569],[-109.4955,29.1469],[-109.4923,29.1269],[-109.4695,29.1336],[-109.436,29.1327],[-109.4206,29.1439],[-109.3935,29.1757],[-109.3736,29.1857],[-109.3489,29.1822]]]}},{"type":"Feature","properties":{},"bbox":[-114.68058,35.352657,-114.589033,35.630536],"geometry":{"type":"Polygon","coordinates":[[[-114.5939,35.3968],[-114.589,35.3597],[-114.5909,35.3527],[-114.6117,35.3697],[-114.6355,35.4009],[-114.6594,35.4177],[-114.671,35.4365],[-114.6728,35.4469],[-114.6679,35.4716],[-114.6806,35.4928],[-114.6788,35.5143],[-114.6594,35.5543],[-114.657,35.6093],[-114.6451,35.6305],[-114.6457,35.6161],[-114.636,35.5519],[-114.6544,35.531],[-114.6594,35.5134],[-114.6544,35.4987],[-114.6076,35.4339],[-114.5939,35.3968]]]}},{"type":"Feature","properties":{},"bbox":[-76.47977,52.412235,-76.085617,52.6021],"geometry":{"type":"Polygon","coordinates":[[[-76.4219,52.4296],[-76.4596,52.4264],[-76.4798,52.4325],[-76.4761,52.4476],[-76.4598,52.4655],[-76.4184,52.4976],[-76.3842,52.5047],[-76.3585,52.4849],[-76.3536,52.4905],[-76.3532,52.5114],[-76.3476,52.5229],[-76.3239,52.537],[-76.3189,52.5494],[-76.332,52.5662],[-76.3816,52.5765],[-76.3873,52.5909],[-76.3717,52.6021],[-76.3479,52.5971],[-76.3115,52.5771],[-76.3002,52.5665],[-76.2959,52.5394],[-76.2842,52.5294],[-76.2674,52.5312],[-76.2431,52.5471],[-76.2128,52.5494],[-76.2047,52.5529],[-76.2013,52.5706],[-76.1954,52.5771],[-76.1836,52.5786],[-76.1407,52.5677],[-76.1265,52.5494],[-76.0856,52.5362],[-76.1077,52.5206],[-76.1167,52.5094],[-76.1204,52.4982],[-76.175,52.4879],[-76.1379,52.5144],[-76.128,52.5294],[-76.1542,52.5362],[-76.1698,52.5341],[-76.1979,52.5241],[-76.2268,52.5197],[-76.25,52.5014],[-76.2899,52.4964],[-76.3102,52.4885],[-76.3189,52.4705],[-76.3204,52.447],[-76.3252,52.4367],[-76.3505,52.4296],[-76.3797,52.4122],[-76.3943,52.4122],[-76.4077,52.4264],[-76.4219,52.4296]]]}},{"type":"Feature","properties":{},"bbox":[-99.742042,56.632828,-97.986602,57.680176],"geometry":{"type":"Polygon","coordinates":[[[-98.0902,57.3399],[-98.1479,57.3322],[-98.1479,57.3261],[-98.1647,57.2913],[-98.1626,57.2698],[-98.1551,57.2531],[-98.1522,57.2366],[-98.1647,57.2163],[-98.2217,57.173],[-98.2411,57.1547],[-98.2174,57.1374],[-98.2137,57.1247],[-98.227,57.115],[-98.2548,57.1065],[-98.2757,57.1082],[-98.2891,57.1059],[-98.3008,57.0888],[-98.3294,57.0803],[-98.3906,57.0791],[-98.4134,57.0959],[-98.4254,57.0997],[-98.4504,57.0976],[-98.5247,57.0791],[-98.5625,57.0882],[-98.5855,57.082],[-98.6029,57.0647],[-98.5968,57.0423],[-98.6451,57.004],[-98.6483,56.9796],[-98.7315,56.9646],[-98.7461,56.9531],[-98.7687,56.9219],[-98.7609,56.8995],[-98.7765,56.8866],[-98.7985,56.8766],[-98.8096,56.8633],[-98.7918,56.8359],[-98.799,56.8321],[-98.8233,56.8324],[-98.8353,56.8354],[-98.8469,56.843],[-98.8638,56.8459],[-98.9256,56.8183],[-98.9461,56.8221],[-98.9733,56.8327],[-98.9902,56.8468],[-98.9804,56.8601],[-99.0011,56.873],[-99.0303,56.881],[-99.0603,56.8816],[-99.0834,56.873],[-99.0911,56.8604],[-99.1015,56.8183],[-99.0969,56.8053],[-99.1078,56.7927],[-99.1387,56.7956],[-99.2059,56.7659],[-99.2137,56.7603],[-99.2076,56.737],[-99.2104,56.7317],[-99.2459,56.7135],[-99.2588,56.7129],[-99.3049,56.737],[-99.3472,56.7364],[-99.3629,56.7429],[-99.385,56.722],[-99.405,56.7247],[-99.4384,56.7406],[-99.4608,56.7441],[-99.5623,56.7429],[-99.5768,56.7364],[-99.5725,56.7291],[-99.5691,56.7102],[-99.5631,56.7023],[-99.5526,56.6999],[-99.5079,56.7023],[-99.5079,56.6955],[-99.5447,56.6917],[-99.5768,56.6749],[-99.5539,56.6611],[-99.5283,56.654],[-99.5432,56.6369],[-99.5606,56.6328],[-99.5972,56.6402],[-99.6247,56.6417],[-99.634,56.6461],[-99.6269,56.6637],[-99.6246,56.6988],[-99.6349,56.7085],[-99.6852,56.707],[-99.7341,56.7253],[-99.7413,56.7364],[-99.742,56.7506],[-99.7348,56.7588],[-99.7223,56.7609],[-99.6383,56.7364],[-99.6203,56.7388],[-99.5952,56.7535],[-99.5725,56.76],[-99.5694,56.7774],[-99.5207,56.7782],[-99.5071,56.7818],[-99.4967,56.7903],[-99.4874,56.8053],[-99.5252,56.8259],[-99.5358,56.8601],[-99.5183,56.8568],[-99.4812,56.8321],[-99.4586,56.8262],[-99.4472,56.8303],[-99.4328,56.8601],[-99.3919,56.9086],[-99.3831,56.9328],[-99.3979,56.9631],[-99.3441,56.9973],[-99.3255,57.0043],[-99.3136,57.0043],[-99.2652,56.979],[-99.254,56.9658],[-99.2478,56.9419],[-99.2349,56.9304],[-99.1966,56.9166],[-99.1758,56.9145],[-99.1566,56.9184],[-99.1549,56.9275],[-99.1652,56.9522],[-99.1448,56.9766],[-99.1401,56.994],[-99.1349,57.0005],[-99.0799,57.0414],[-99.0712,57.0602],[-99.0628,57.0652],[-99.0503,57.0673],[-99.027,57.0632],[-99.0151,57.0652],[-99.0151,57.0729],[-99.027,57.0832],[-99.0348,57.0997],[-99.0066,57.097],[-98.9835,57.0885],[-98.9733,57.0747],[-98.9841,57.0552],[-99.0201,57.0105],[-99.0287,56.9828],[-99.0607,56.9528],[-99.0656,56.9387],[-99.0522,56.9184],[-99.0401,56.9145],[-99.0161,56.9281],[-99.0045,56.9251],[-98.9816,56.911],[-98.953,56.9078],[-98.9409,56.9101],[-98.9189,56.9219],[-98.8603,56.9184],[-98.8459,56.9443],[-98.8617,56.9522],[-98.8862,56.9581],[-98.8977,56.9766],[-98.8695,56.999],[-98.8637,57.0102],[-98.8681,57.0123],[-98.8878,57.0485],[-98.9156,57.0626],[-98.9189,57.0758],[-98.913,57.0847],[-98.8991,57.0876],[-98.871,57.0864],[-98.7852,57.0611],[-98.74,57.0597],[-98.706,57.0864],[-98.7013,57.1038],[-98.7021,57.1338],[-98.6923,57.148],[-98.6558,57.1642],[-98.6427,57.175],[-98.6377,57.1989],[-98.6473,57.2001],[-98.6638,57.2113],[-98.6681,57.2239],[-98.6321,57.2342],[-98.6255,57.2436],[-98.6251,57.2531],[-98.6826,57.271],[-98.768,57.2572],[-98.8841,57.271],[-98.8841,57.2778],[-98.8638,57.2834],[-98.6034,57.2778],[-98.5407,57.2616],[-98.521,57.2645],[-98.5075,57.2742],[-98.4904,57.2913],[-98.4785,57.3105],[-98.48,57.3255],[-98.4994,57.3275],[-98.5209,57.3172],[-98.5357,57.3143],[-98.5353,57.3399],[-98.5304,57.3481],[-98.5172,57.3578],[-98.5147,57.367],[-98.5179,57.3734],[-98.5353,57.3876],[-98.5382,57.4052],[-98.5356,57.4217],[-98.521,57.4491],[-98.5268,57.4582],[-98.521,57.4626],[-98.5528,57.498],[-98.575,57.5162],[-98.6242,57.5298],[-98.6179,57.5451],[-98.6027,57.5671],[-98.6034,57.593],[-98.5527,57.6257],[-98.5313,57.629],[-98.5147,57.5998],[-98.5385,57.5978],[-98.5594,57.588],[-98.5734,57.5739],[-98.5762,57.5589],[-98.5702,57.5468],[-98.5624,57.5436],[-98.5098,57.5477],[-98.5145,57.5339],[-98.5079,57.5315],[-98.5141,57.5277],[-98.5147,57.518],[-98.5001,57.5239],[-98.48,57.5521],[-98.4644,57.5604],[-98.4183,57.5589],[-98.3977,57.5695],[-98.3566,57.6413],[-98.3297,57.6569],[-98.3005,57.6625],[-98.2374,57.6619],[-98.1768,57.6766],[-98.146,57.6802],[-98.117,57.6681],[-98.1363,57.666],[-98.1859,57.634],[-98.2423,57.6278],[-98.2604,57.621],[-98.2386,57.6134],[-98.2165,57.6128],[-98.1994,57.6084],[-98.1927,57.5895],[-98.2002,57.5769],[-98.2336,57.5477],[-98.2505,57.5206],[-98.2724,57.5168],[-98.3156,57.518],[-98.354,57.5059],[-98.3906,57.49],[-98.3652,57.4753],[-98.3273,57.4744],[-98.2548,57.483],[-98.272,57.475],[-98.2882,57.4626],[-98.2436,57.4385],[-98.2342,57.422],[-98.2473,57.4011],[-98.2097,57.3876],[-98.0793,57.3808],[-98.0628,57.3861],[-98.0311,57.4099],[-98.0141,57.4155],[-97.9938,57.4108],[-97.9887,57.3988],[-97.9866,57.367],[-98.0163,57.364],[-98.0902,57.3399]],[[-98.3289,57.1497],[-98.3329,57.1647],[-98.3412,57.1689],[-98.3861,57.1703],[-98.4186,57.1815],[-98.478,57.1736],[-98.5004,57.1748],[-98.5609,57.193],[-98.5793,57.1957],[-98.6179,57.1848],[-98.6238,57.1674],[-98.6235,57.1586],[-98.5708,57.1444],[-98.5353,57.1274],[-98.5282,57.1159],[-98.5079,57.1274],[-98.4732,57.1335],[-98.3669,57.1353],[-98.3445,57.1403],[-98.3289,57.1497]]]}},{"type":"Feature","properties":{},"bbox":[-103.893607,53.472829,-103.369933,53.666521],"geometry":{"type":"Polygon","coordinates":[[[-103.8116,53.4952],[-103.8125,53.4784],[-103.8378,53.4728],[-103.8706,53.4752],[-103.8936,53.4814],[-103.8789,53.4875],[-103.854,53.5084],[-103.839,53.5164],[-103.7884,53.527],[-103.7579,53.5502],[-103.7277,53.5594],[-103.7151,53.6071],[-103.7048,53.6171],[-103.6887,53.6256],[-103.6568,53.6365],[-103.5825,53.6509],[-103.5311,53.655],[-103.498,53.6645],[-103.4793,53.6665],[-103.4076,53.6462],[-103.3785,53.6197],[-103.3729,53.6112],[-103.3699,53.5956],[-103.3751,53.5882],[-103.4072,53.5653],[-103.4279,53.5544],[-103.4894,53.5087],[-103.5452,53.502],[-103.5835,53.5246],[-103.5901,53.5617],[-103.551,53.5982],[-103.5651,53.6079],[-103.5886,53.61],[-103.6138,53.6062],[-103.6329,53.5982],[-103.644,53.5856],[-103.6516,53.5541],[-103.6609,53.5361],[-103.6798,53.5214],[-103.736,53.5293],[-103.7458,53.5238],[-103.7581,53.5058],[-103.7704,53.502],[-103.7922,53.5011],[-103.8116,53.4952]]]}},{"type":"Feature","properties":{},"bbox":[-100.931274,53.043646,-99.330374,53.630314],"geometry":{"type":"Polygon","coordinates":[[[-100.1954,53.5923],[-100.1836,53.5918],[-100.1731,53.5982],[-100.1936,53.6112],[-100.174,53.6185],[-100.1539,53.6156],[-100.0704,53.5738],[-100.0548,53.5532],[-100.0173,53.5608],[-100.0087,53.5467],[-99.9772,53.5108],[-99.9603,53.502],[-99.9678,53.4849],[-99.9646,53.4596],[-99.9808,53.4475],[-99.9636,53.4349],[-99.919,53.4337],[-99.8988,53.4269],[-99.8867,53.4148],[-99.9159,53.3683],[-99.9341,53.3621],[-99.9783,53.3613],[-99.987,53.348],[-99.9768,53.3339],[-99.9256,53.3198],[-99.9051,53.3098],[-99.9297,53.2862],[-99.9181,53.2618],[-99.8864,53.2409],[-99.8505,53.2282],[-99.8149,53.2267],[-99.7927,53.23],[-99.7808,53.2397],[-99.7684,53.2618],[-99.7706,53.2785],[-99.761,53.283],[-99.761,53.2891],[-99.7693,53.2994],[-99.7606,53.3086],[-99.744,53.315],[-99.7275,53.3171],[-99.6774,53.295],[-99.6381,53.3065],[-99.5252,53.3098],[-99.5007,53.3174],[-99.4552,53.3536],[-99.4259,53.3648],[-99.3928,53.3672],[-99.3776,53.3621],[-99.3713,53.348],[-99.4054,53.3027],[-99.3912,53.2965],[-99.4072,53.2791],[-99.4107,53.2706],[-99.4054,53.2618],[-99.4104,53.255],[-99.4097,53.2471],[-99.3979,53.2282],[-99.4184,53.2073],[-99.4122,53.1935],[-99.3878,53.2014],[-99.3648,53.1938],[-99.3452,53.1776],[-99.3304,53.1593],[-99.3447,53.1593],[-99.3814,53.152],[-99.4252,53.1526],[-99.4365,53.1487],[-99.4471,53.1305],[-99.4313,53.1214],[-99.3848,53.1111],[-99.3757,53.0955],[-99.3816,53.0751],[-99.3985,53.0575],[-99.4222,53.0501],[-99.5063,53.0478],[-99.5222,53.0501],[-99.5322,53.0436],[-99.5458,53.0478],[-99.5579,53.0575],[-99.5631,53.0669],[-99.5592,53.0804],[-99.5491,53.0852],[-99.5124,53.0857],[-99.5067,53.0981],[-99.5079,53.1049],[-99.513,53.1111],[-99.5357,53.1049],[-99.5815,53.1008],[-99.591,53.1049],[-99.5693,53.132],[-99.5863,53.1543],[-99.5968,53.177],[-99.6091,53.1947],[-99.632,53.2011],[-99.6549,53.1961],[-99.6626,53.1891],[-99.6654,53.1767],[-99.6595,53.1673],[-99.6177,53.152],[-99.6423,53.1452],[-99.6944,53.1411],[-99.7279,53.1234],[-99.7338,53.1302],[-99.7325,53.1487],[-99.7532,53.1602],[-99.7684,53.1593],[-99.7802,53.1537],[-99.7952,53.132],[-99.8309,53.1143],[-99.8627,53.0922],[-99.8886,53.0837],[-99.9153,53.081],[-99.9404,53.0837],[-100.3133,53.169],[-100.3514,53.1935],[-100.3786,53.2282],[-100.3817,53.2721],[-100.4095,53.2877],[-100.4185,53.31],[-100.4311,53.3083],[-100.4747,53.285],[-100.4986,53.2762],[-100.5231,53.2768],[-100.6094,53.3351],[-100.6113,53.3518],[-100.6734,53.3518],[-100.6897,53.356],[-100.722,53.3689],[-100.7485,53.3751],[-100.7691,53.3895],[-100.8893,53.4366],[-100.9273,53.4434],[-100.9313,53.4516],[-100.9294,53.4619],[-100.9141,53.4784],[-100.8858,53.4884],[-100.8631,53.5005],[-100.833,53.5249],[-100.8066,53.5293],[-100.757,53.5288],[-100.733,53.5249],[-100.7143,53.5164],[-100.689,53.4864],[-100.6734,53.4814],[-100.6578,53.4967],[-100.6447,53.5011],[-100.6348,53.4811],[-100.6256,53.4737],[-100.6011,53.4678],[-100.5897,53.4725],[-100.5852,53.4837],[-100.5836,53.5379],[-100.5956,53.5402],[-100.6163,53.5361],[-100.6768,53.5656],[-100.6768,53.5738],[-100.6646,53.5832],[-100.6531,53.5873],[-100.5994,53.5944],[-100.5767,53.5909],[-100.5636,53.577],[-100.5395,53.5714],[-100.513,53.5523],[-100.495,53.5547],[-100.478,53.5676],[-100.4612,53.5847],[-100.4587,53.5982],[-100.4537,53.6044],[-100.4264,53.6044],[-100.406,53.6182],[-100.3976,53.6162],[-100.3864,53.6068],[-100.3542,53.6141],[-100.3309,53.5938],[-100.3103,53.5909],[-100.295,53.6044],[-100.2856,53.6303],[-100.2614,53.6238],[-100.1954,53.5923]],[[-100.0969,53.3854],[-100.1696,53.3854],[-100.183,53.3822],[-100.2105,53.3548],[-100.2258,53.3495],[-100.2825,53.3518],[-100.3297,53.3239],[-100.2622,53.3236],[-100.227,53.3292],[-100.1904,53.3457],[-100.1352,53.3377],[-100.1257,53.3533],[-100.1016,53.3739],[-100.0969,53.3854]]]}},{"type":"Feature","properties":{},"bbox":[-97.980273,54.945239,-97.254077,55.235482],"geometry":{"type":"Polygon","coordinates":[[[-97.3633,55.1884],[-97.3633,55.181],[-97.3306,55.1819],[-97.3149,55.1801],[-97.3013,55.1743],[-97.4606,55.1154],[-97.5833,55.0998],[-97.6331,55.0827],[-97.6718,55.058],[-97.6357,55.05],[-97.5922,55.0583],[-97.5136,55.0854],[-97.4685,55.0921],[-97.2807,55.073],[-97.2661,55.0647],[-97.2745,55.0506],[-97.2935,55.0433],[-97.3633,55.0439],[-97.474,55.02],[-97.5136,55.0165],[-97.4459,55.0365],[-97.4504,55.0489],[-97.4713,55.0509],[-97.4955,55.0465],[-97.5231,55.0347],[-97.5658,55.0253],[-97.5749,55.02],[-97.5839,55.0079],[-97.6047,55.0038],[-97.644,55.0097],[-97.6303,55.0303],[-97.6597,55.0282],[-97.683,55.0182],[-97.7492,54.9767],[-97.8026,54.955],[-97.8294,54.9482],[-97.9291,54.9452],[-97.9455,54.9482],[-97.9338,54.9614],[-97.8737,54.9953],[-97.8562,55.0097],[-97.951,54.9947],[-97.9803,54.9956],[-97.9663,55.0073],[-97.9511,55.0141],[-97.8535,55.0344],[-97.8247,55.0462],[-97.7857,55.0477],[-97.7516,55.0665],[-97.7053,55.0818],[-97.6849,55.0921],[-97.6719,55.1057],[-97.665,55.1469],[-97.6531,55.1628],[-97.6217,55.1751],[-97.5782,55.2019],[-97.5374,55.2146],[-97.4944,55.2216],[-97.459,55.2219],[-97.459,55.2152],[-97.4846,55.2093],[-97.5066,55.1946],[-97.4785,55.1899],[-97.417,55.2146],[-97.3871,55.2219],[-97.2541,55.2355],[-97.2541,55.2293],[-97.2614,55.2255],[-97.2876,55.2219],[-97.2996,55.2113],[-97.3633,55.1884]]]}},{"type":"Feature","properties":{},"bbox":[-88.619052,50.601013,-87.949963,50.951895],"geometry":{"type":"Polygon","coordinates":[[[-87.957,50.7641],[-87.95,50.7594],[-87.9503,50.7538],[-87.9831,50.7349],[-88.0084,50.7273],[-88.0358,50.7244],[-88.0636,50.727],[-88.1217,50.7461],[-88.1431,50.7455],[-88.1325,50.7202],[-88.1741,50.6799],[-88.1809,50.6649],[-88.1621,50.6687],[-88.1279,50.6837],[-88.112,50.6784],[-88.1247,50.6702],[-88.1306,50.6605],[-88.1325,50.6337],[-88.1375,50.624],[-88.1491,50.6257],[-88.1735,50.6375],[-88.2024,50.6408],[-88.3472,50.6346],[-88.3752,50.6275],[-88.4177,50.6031],[-88.4477,50.601],[-88.4773,50.6081],[-88.4963,50.624],[-88.4005,50.654],[-88.3691,50.6831],[-88.2938,50.6987],[-88.2698,50.7326],[-88.2539,50.7376],[-88.222,50.74],[-88.2018,50.7249],[-88.1908,50.7302],[-88.1843,50.737],[-88.1882,50.7782],[-88.2302,50.7923],[-88.2452,50.7941],[-88.2766,50.7885],[-88.2767,50.7691],[-88.3008,50.7679],[-88.3524,50.7809],[-88.3771,50.7812],[-88.4339,50.7732],[-88.4547,50.7747],[-88.4732,50.8041],[-88.4854,50.7985],[-88.5035,50.7826],[-88.5235,50.7747],[-88.5369,50.7762],[-88.5644,50.7885],[-88.5905,50.7871],[-88.6191,50.7953],[-88.6079,50.8124],[-88.5805,50.8386],[-88.5714,50.8565],[-88.5422,50.8383],[-88.5159,50.8353],[-88.4881,50.838],[-88.4547,50.8362],[-88.4211,50.8156],[-88.3864,50.8156],[-88.3437,50.8044],[-88.3312,50.8082],[-88.3687,50.8495],[-88.3909,50.8689],[-88.4173,50.8824],[-88.4388,50.9066],[-88.4635,50.9154],[-88.4767,50.9239],[-88.4867,50.9348],[-88.4888,50.946],[-88.4738,50.9519],[-88.4183,50.921],[-88.3962,50.9119],[-88.3669,50.9066],[-88.3306,50.8939],[-88.2696,50.8636],[-88.2686,50.8274],[-88.256,50.8138],[-88.2249,50.8082],[-88.1743,50.8097],[-88.1557,50.8053],[-88.1136,50.777],[-88.0827,50.7644],[-88.0503,50.7558],[-88.0227,50.7541],[-87.9826,50.7673],[-87.957,50.7641]]]}},{"type":"Feature","properties":{},"bbox":[-95.067834,50.264555,-94.622462,50.405261],"geometry":{"type":"Polygon","coordinates":[[[-95.0571,50.2869],[-95.0678,50.2931],[-95.0647,50.3078],[-95.0477,50.3284],[-95.0328,50.3337],[-95.0197,50.3284],[-95.0031,50.337],[-94.9834,50.3593],[-94.9682,50.3638],[-94.9488,50.3599],[-94.9424,50.3505],[-94.9396,50.3387],[-94.9304,50.3284],[-94.8006,50.3093],[-94.811,50.3379],[-94.7942,50.3446],[-94.767,50.344],[-94.7459,50.3502],[-94.7459,50.3564],[-94.7699,50.3838],[-94.7733,50.3944],[-94.7664,50.4053],[-94.7511,50.3979],[-94.728,50.377],[-94.6771,50.3638],[-94.6447,50.3646],[-94.6309,50.3614],[-94.6225,50.3502],[-94.6657,50.3502],[-94.7027,50.3408],[-94.7149,50.3323],[-94.7386,50.2872],[-94.749,50.2813],[-94.802,50.2737],[-94.821,50.2746],[-94.8778,50.2919],[-94.8968,50.2949],[-94.9352,50.2928],[-94.9539,50.2875],[-94.9853,50.2646],[-94.9939,50.2696],[-95.0025,50.281],[-95.019,50.2875],[-95.0571,50.2869]]]}},{"type":"Feature","properties":{},"bbox":[-94.468068,50.16035,-94.108502,50.281922],"geometry":{"type":"Polygon","coordinates":[[[-94.4042,50.2219],[-94.4027,50.2328],[-94.4124,50.2451],[-94.4413,50.2439],[-94.4542,50.2501],[-94.4681,50.2737],[-94.4639,50.2819],[-94.4138,50.2763],[-94.3695,50.2816],[-94.3455,50.2746],[-94.3686,50.2328],[-94.3459,50.2125],[-94.3166,50.2036],[-94.1727,50.2048],[-94.1343,50.198],[-94.1085,50.1851],[-94.1247,50.1795],[-94.1351,50.1721],[-94.3166,50.1604],[-94.349,50.1648],[-94.3898,50.1871],[-94.4301,50.2024],[-94.4248,50.2122],[-94.4042,50.2219]]]}},{"type":"Feature","properties":{},"bbox":[-93.149463,50.174479,-91.477475,50.733771],"geometry":{"type":"Polygon","coordinates":[[[-92.5286,50.3658],[-92.4921,50.3749],[-92.4484,50.3802],[-92.3947,50.4114],[-92.381,50.3532],[-92.3722,50.3396],[-92.3275,50.3328],[-92.2764,50.314],[-92.2352,50.3208],[-92.206,50.3429],[-92.2099,50.377],[-92.1917,50.3832],[-92.1879,50.3891],[-92.1894,50.3973],[-92.1675,50.4061],[-92.0733,50.4047],[-92.0446,50.4167],[-92.0117,50.4559],[-91.9907,50.4736],[-91.9635,50.4833],[-91.9561,50.49],[-91.9635,50.5009],[-91.9763,50.5059],[-92.0248,50.5009],[-92.0588,50.503],[-92.1552,50.5204],[-92.1077,50.5209],[-92.0622,50.5339],[-91.9764,50.5692],[-91.9003,50.5792],[-91.8833,50.5922],[-91.8316,50.5984],[-91.8269,50.6037],[-91.82,50.624],[-91.7922,50.6581],[-91.7368,50.6943],[-91.7184,50.6967],[-91.6754,50.6929],[-91.6492,50.6982],[-91.6198,50.7217],[-91.5965,50.727],[-91.4973,50.7202],[-91.4775,50.7338],[-91.4797,50.7252],[-91.4973,50.7135],[-91.5216,50.6831],[-91.5361,50.6775],[-91.5593,50.6929],[-91.573,50.6855],[-91.5805,50.6911],[-91.5867,50.7064],[-91.6105,50.6976],[-91.6481,50.6728],[-91.7164,50.6649],[-91.7339,50.6543],[-91.763,50.6081],[-91.7682,50.6034],[-91.7892,50.5981],[-91.7958,50.5904],[-91.7983,50.5792],[-91.8057,50.5733],[-91.8535,50.5551],[-91.8813,50.5607],[-91.8883,50.548],[-91.8809,50.5257],[-91.8725,50.5127],[-91.8553,50.4974],[-91.8476,50.4744],[-91.8373,50.422],[-91.8404,50.4176],[-91.8535,50.4114],[-91.8653,50.4094],[-91.905,50.4114],[-91.9281,50.4056],[-91.946,50.3902],[-91.9561,50.3705],[-91.9566,50.3502],[-91.9352,50.3217],[-91.8974,50.3049],[-91.854,50.2969],[-91.8163,50.2949],[-91.7299,50.3066],[-91.6863,50.3061],[-91.6481,50.2875],[-91.6822,50.2607],[-91.7065,50.2569],[-91.7308,50.2607],[-91.8522,50.2634],[-91.8912,50.2766],[-91.915,50.2813],[-91.9404,50.2799],[-91.9891,50.2684],[-92.0272,50.2699],[-92.0391,50.2813],[-92.0528,50.3155],[-92.044,50.3267],[-92.0232,50.339],[-92.0248,50.3502],[-92.0334,50.3564],[-92.0665,50.3502],[-92.131,50.3682],[-92.1552,50.3638],[-92.1781,50.3493],[-92.1865,50.332],[-92.1823,50.3134],[-92.1688,50.2949],[-92.1839,50.2384],[-92.196,50.211],[-92.2166,50.2057],[-92.2521,50.2625],[-92.2752,50.2816],[-92.2855,50.2501],[-92.3266,50.2057],[-92.3425,50.1957],[-92.3788,50.1836],[-92.3918,50.1754],[-92.4063,50.1745],[-92.4283,50.1818],[-92.4411,50.1933],[-92.429,50.2057],[-92.41,50.2077],[-92.3728,50.201],[-92.3539,50.2057],[-92.3603,50.2266],[-92.3447,50.2604],[-92.3476,50.2746],[-92.3654,50.2799],[-92.3878,50.279],[-92.4018,50.2828],[-92.3947,50.3016],[-92.4352,50.3002],[-92.4531,50.2961],[-92.4705,50.2875],[-92.4523,50.2669],[-92.4573,50.2495],[-92.4774,50.2407],[-92.5041,50.2466],[-92.491,50.2675],[-92.526,50.2628],[-92.5822,50.2404],[-92.6139,50.2328],[-92.6691,50.2328],[-92.7019,50.2292],[-92.7084,50.2339],[-92.7101,50.2501],[-92.6992,50.2693],[-92.7009,50.2778],[-92.7207,50.2813],[-92.7684,50.2722],[-92.7824,50.2778],[-92.779,50.3323],[-92.7818,50.3729],[-92.7858,50.3838],[-92.7721,50.4047],[-92.8049,50.4114],[-92.8482,50.4073],[-92.8857,50.3929],[-92.9019,50.3673],[-92.9135,50.332],[-92.9369,50.3105],[-92.9549,50.3111],[-92.9503,50.3429],[-92.9365,50.3735],[-92.926,50.407],[-92.9319,50.4344],[-92.9674,50.4459],[-92.9964,50.4447],[-93.003,50.4524],[-93.0049,50.4736],[-93.0007,50.4894],[-92.9565,50.5204],[-92.9764,50.5292],[-93.0326,50.5392],[-93.0794,50.5648],[-93.1327,50.5854],[-93.1483,50.6034],[-93.1459,50.6372],[-93.1421,50.6443],[-93.1286,50.6475],[-93.0974,50.6302],[-93.0631,50.619],[-92.9974,50.6101],[-92.9597,50.6084],[-92.9503,50.6034],[-92.9465,50.5922],[-92.9474,50.5672],[-92.919,50.5554],[-92.889,50.5071],[-92.8438,50.4983],[-92.803,50.5207],[-92.7443,50.5831],[-92.7259,50.5966],[-92.7085,50.6022],[-92.6969,50.5966],[-92.6958,50.5754],[-92.7031,50.5569],[-92.7374,50.5071],[-92.7468,50.4871],[-92.7485,50.4715],[-92.7431,50.4568],[-92.7097,50.4079],[-92.7054,50.3923],[-92.7101,50.377],[-92.6995,50.3726],[-92.6729,50.377],[-92.6621,50.3749],[-92.6418,50.3638],[-92.5286,50.3658]]]}},{"type":"Feature","properties":{},"bbox":[-76.825501,47.033025,-76.304623,47.718305],"geometry":{"type":"Polygon","coordinates":[[[-76.5993,47.6279],[-76.5927,47.6329],[-76.5943,47.6506],[-76.5613,47.6777],[-76.522,47.7018],[-76.5039,47.7183],[-76.4989,47.7142],[-76.5135,47.6871],[-76.5307,47.6774],[-76.5307,47.6706],[-76.5039,47.6706],[-76.5152,47.6565],[-76.5316,47.6506],[-76.5716,47.65],[-76.5579,47.6291],[-76.5827,47.6138],[-76.7026,47.58],[-76.7122,47.5729],[-76.7309,47.5467],[-76.734,47.5331],[-76.7297,47.5214],[-76.7161,47.5123],[-76.6814,47.5464],[-76.6405,47.5608],[-76.6405,47.5811],[-76.62,47.5811],[-76.6234,47.5773],[-76.6083,47.567],[-76.608,47.5723],[-76.5927,47.5744],[-76.5983,47.5561],[-76.6218,47.544],[-76.6343,47.5334],[-76.6423,47.514],[-76.6387,47.4984],[-76.6258,47.4887],[-76.6063,47.4858],[-76.5746,47.4934],[-76.5442,47.5052],[-76.5124,47.5087],[-76.4759,47.4919],[-76.4631,47.5046],[-76.453,47.5043],[-76.4462,47.4943],[-76.4425,47.4781],[-76.4596,47.461],[-76.4615,47.4551],[-76.4561,47.4504],[-76.4425,47.4448],[-76.4405,47.4469],[-76.4283,47.444],[-76.4146,47.4372],[-76.3566,47.4448],[-76.3439,47.4416],[-76.3397,47.4342],[-76.3445,47.4269],[-76.4112,47.4169],[-76.4349,47.4086],[-76.4539,47.3889],[-76.4835,47.3418],[-76.4737,47.3156],[-76.4759,47.2932],[-76.4979,47.2829],[-76.5044,47.2732],[-76.478,47.2291],[-76.4873,47.2108],[-76.5126,47.2005],[-76.545,47.197],[-76.5367,47.1802],[-76.5005,47.1458],[-76.4896,47.139],[-76.4664,47.134],[-76.4561,47.1287],[-76.4542,47.1219],[-76.4577,47.1146],[-76.457,47.1078],[-76.4425,47.1016],[-76.4225,47.1057],[-76.3837,47.1322],[-76.3698,47.1322],[-76.3164,47.0978],[-76.3046,47.0816],[-76.3292,47.0866],[-76.3536,47.0848],[-76.3723,47.0734],[-76.3841,47.0389],[-76.3938,47.033],[-76.4034,47.0342],[-76.4104,47.0522],[-76.4174,47.0586],[-76.4434,47.0701],[-76.4692,47.0742],[-76.497,47.0978],[-76.5317,47.1057],[-76.5542,47.1166],[-76.5728,47.1319],[-76.5859,47.1493],[-76.5716,47.1425],[-76.5719,47.1737],[-76.5863,47.2247],[-76.6096,47.2723],[-76.6374,47.2932],[-76.6393,47.29],[-76.6752,47.2797],[-76.6872,47.2697],[-76.6902,47.2626],[-76.6814,47.2456],[-76.6643,47.2403],[-76.6595,47.2238],[-76.6415,47.1964],[-76.6328,47.1885],[-76.62,47.184],[-76.62,47.1767],[-76.6453,47.1708],[-76.6615,47.1829],[-76.6814,47.2182],[-76.7223,47.2456],[-76.7323,47.257],[-76.7161,47.2735],[-76.7161,47.3206],[-76.6986,47.3442],[-76.6957,47.3554],[-76.7023,47.3816],[-76.7186,47.3839],[-76.7338,47.3683],[-76.7368,47.3418],[-76.7525,47.3536],[-76.7856,47.3548],[-76.8056,47.3615],[-76.7791,47.3919],[-76.7947,47.4001],[-76.7915,47.408],[-76.7808,47.4154],[-76.7647,47.4169],[-76.7769,47.454],[-76.7777,47.4681],[-76.7713,47.4834],[-76.7572,47.4837],[-76.7431,47.4799],[-76.7368,47.4819],[-76.7513,47.5055],[-76.8137,47.5046],[-76.8255,47.5267],[-76.7956,47.5173],[-76.7866,47.5193],[-76.7743,47.5302],[-76.7441,47.5744],[-76.7214,47.5906],[-76.6966,47.5985],[-76.6405,47.6091],[-76.5993,47.6279]],[[-76.6063,47.4646],[-76.5899,47.4596],[-76.5531,47.4619],[-76.5375,47.4578],[-76.5305,47.449],[-76.5361,47.4431],[-76.5485,47.4422],[-76.5722,47.4496],[-76.5751,47.4381],[-76.5698,47.4239],[-76.5472,47.4119],[-76.5453,47.4004],[-76.5516,47.3757],[-76.5292,47.3804],[-76.5045,47.3969],[-76.4827,47.4183],[-76.4692,47.4372],[-76.4839,47.4484],[-76.4938,47.4778],[-76.5042,47.4846],[-76.5307,47.4919],[-76.6063,47.4646]],[[-76.7476,47.4528],[-76.7473,47.441],[-76.7329,47.4139],[-76.7094,47.4169],[-76.668,47.3898],[-76.6567,47.3892],[-76.6473,47.4025],[-76.6646,47.4072],[-76.6679,47.4251],[-76.6576,47.4437],[-76.6343,47.451],[-76.6618,47.4622],[-76.6757,47.4604],[-76.6889,47.451],[-76.6882,47.4622],[-76.6814,47.4713],[-76.691,47.4846],[-76.7041,47.4781],[-76.7188,47.4652],[-76.7476,47.4528]]]}},{"type":"Feature","properties":{},"bbox":[-80.19023,48.443913,-79.202638,48.959344],"geometry":{"type":"Polygon","coordinates":[[[-80.1902,48.8077],[-80.1902,48.8207],[-80.184,48.8284],[-80.1726,48.8301],[-80.1561,48.8248],[-80.148,48.8263],[-80.1152,48.8493],[-80.1365,48.8769],[-80.1275,48.9108],[-80.0985,48.9329],[-80.0598,48.9237],[-80.047,48.904],[-80.0254,48.9064],[-79.9749,48.9261],[-79.9369,48.9467],[-79.9079,48.952],[-79.8954,48.9593],[-79.8785,48.944],[-79.8854,48.9293],[-79.9091,48.9075],[-79.9028,48.8872],[-79.8873,48.8872],[-79.8675,48.8943],[-79.8476,48.8966],[-79.8295,48.886],[-79.8292,48.871],[-79.8366,48.8528],[-79.8454,48.8092],[-79.8564,48.7942],[-79.8735,48.7854],[-79.8954,48.7804],[-79.8654,48.7312],[-79.8366,48.7215],[-79.8215,48.703],[-79.8101,48.6985],[-79.7515,48.7003],[-79.6925,48.7312],[-79.6797,48.7333],[-79.6443,48.7289],[-79.6318,48.7365],[-79.6283,48.7421],[-79.6354,48.7565],[-79.6339,48.7651],[-79.5875,48.801],[-79.5771,48.8166],[-79.5715,48.8204],[-79.5568,48.8213],[-79.5441,48.8183],[-79.5363,48.791],[-79.52,48.7745],[-79.4933,48.7553],[-79.4845,48.7395],[-79.464,48.7462],[-79.4443,48.7221],[-79.4215,48.7159],[-79.3962,48.7018],[-79.3856,48.6985],[-79.3585,48.7006],[-79.2768,48.7197],[-79.2471,48.7227],[-79.2306,48.7121],[-79.2552,48.6609],[-79.2734,48.6556],[-79.2815,48.6444],[-79.2736,48.5946],[-79.263,48.5723],[-79.2765,48.5461],[-79.279,48.534],[-79.2231,48.4993],[-79.2026,48.4798],[-79.2306,48.4789],[-79.2244,48.4598],[-79.2369,48.4486],[-79.2584,48.4439],[-79.3467,48.4516],[-79.3333,48.466],[-79.2939,48.4842],[-79.279,48.4993],[-79.2895,48.5119],[-79.3042,48.5107],[-79.3404,48.4993],[-79.3057,48.5231],[-79.2995,48.5608],[-79.2868,48.5985],[-79.2862,48.6161],[-79.2961,48.6332],[-79.3148,48.6458],[-79.3351,48.6511],[-79.3575,48.6514],[-79.4514,48.6417],[-79.4899,48.655],[-79.5011,48.6529],[-79.5049,48.6432],[-79.4991,48.637],[-79.476,48.63],[-79.4708,48.6196],[-79.4826,48.6102],[-79.5094,48.6079],[-79.5897,48.6088],[-79.6074,48.6143],[-79.6251,48.6264],[-79.6477,48.6338],[-79.6961,48.6258],[-79.711,48.6364],[-79.7016,48.6553],[-79.7268,48.6641],[-79.7507,48.6609],[-79.7384,48.6432],[-79.7656,48.6285],[-79.7989,48.6247],[-79.8935,48.6308],[-79.9063,48.6344],[-79.9165,48.6432],[-79.9126,48.6947],[-79.8919,48.7297],[-79.9026,48.7477],[-79.9244,48.7477],[-79.9363,48.7294],[-79.9378,48.7135],[-79.943,48.7015],[-79.9527,48.6938],[-79.968,48.6912],[-79.9817,48.6962],[-79.9837,48.7085],[-79.978,48.7395],[-80.013,48.7236],[-80.0224,48.7256],[-80.0257,48.7498],[-80.0236,48.7736],[-80.0167,48.7927],[-80.0042,48.808],[-79.9848,48.8213],[-80.0254,48.8445],[-80.0257,48.8493],[-80.0457,48.8339],[-80.0525,48.8216],[-80.0376,48.7842],[-80.0506,48.7618],[-80.0768,48.7524],[-80.1258,48.7742],[-80.1761,48.7877],[-80.1902,48.8077]]]}},{"type":"Feature","properties":{},"bbox":[-77.340049,47.32474,-76.935299,47.635883],"geometry":{"type":"Polygon","coordinates":[[[-77.2036,47.5629],[-77.1954,47.5464],[-77.2069,47.5305],[-77.2049,47.5237],[-77.1954,47.5199],[-77.1453,47.5552],[-77.1197,47.58],[-77.0997,47.5811],[-77.1203,47.5608],[-77.0929,47.5464],[-77.104,47.5343],[-77.1072,47.5193],[-77.1032,47.504],[-77.0929,47.4919],[-77.0726,47.4843],[-77.0316,47.5061],[-76.9977,47.5067],[-76.9825,47.5037],[-76.9764,47.4955],[-76.9728,47.4813],[-76.9634,47.4781],[-76.9353,47.4858],[-76.9422,47.4634],[-76.9422,47.4437],[-76.9468,47.4354],[-76.9664,47.4478],[-76.9778,47.4507],[-76.9971,47.4381],[-77.0073,47.441],[-77.0226,47.4637],[-77.0316,47.4713],[-77.0523,47.4625],[-77.0738,47.464],[-77.0931,47.4728],[-77.1072,47.4858],[-77.1256,47.5293],[-77.1444,47.5334],[-77.1783,47.461],[-77.2073,47.4487],[-77.2096,47.4372],[-77.2043,47.4313],[-77.1827,47.4266],[-77.1749,47.4169],[-77.1892,47.4025],[-77.1524,47.3974],[-77.1408,47.3895],[-77.1892,47.3757],[-77.1939,47.3639],[-77.1965,47.3395],[-77.2063,47.335],[-77.2164,47.3554],[-77.2326,47.3615],[-77.2573,47.3601],[-77.2815,47.3492],[-77.2916,47.3418],[-77.2877,47.3247],[-77.3024,47.3283],[-77.34,47.348],[-77.3265,47.3627],[-77.2962,47.3733],[-77.2725,47.3922],[-77.2612,47.3963],[-77.256,47.406],[-77.2554,47.4537],[-77.2506,47.4713],[-77.2626,47.4746],[-77.2779,47.4919],[-77.3189,47.5123],[-77.3331,47.5464],[-77.3295,47.5567],[-77.3231,47.5617],[-77.299,47.5608],[-77.3206,47.5867],[-77.3224,47.5917],[-77.3152,47.6056],[-77.3258,47.6223],[-77.3072,47.625],[-77.2909,47.6332],[-77.2766,47.6359],[-77.2643,47.6223],[-77.2684,47.6097],[-77.2762,47.6],[-77.299,47.5882],[-77.2806,47.575],[-77.2728,47.5582],[-77.2718,47.5231],[-77.2476,47.519],[-77.2308,47.5196],[-77.2233,47.5231],[-77.2279,47.5455],[-77.236,47.5508],[-77.2506,47.554],[-77.2173,47.567],[-77.2036,47.5629]]]}},{"type":"Feature","properties":{},"bbox":[-77.682542,47.423941,-77.365953,47.841938],"geometry":{"type":"Polygon","coordinates":[[[-77.4828,47.5131],[-77.4969,47.5123],[-77.4834,47.4993],[-77.4834,47.4919],[-77.5058,47.4958],[-77.5355,47.4896],[-77.5616,47.4766],[-77.5727,47.461],[-77.5792,47.4569],[-77.6079,47.4472],[-77.6142,47.441],[-77.6187,47.4287],[-77.6279,47.4239],[-77.6374,47.4278],[-77.6416,47.441],[-77.6328,47.4566],[-77.612,47.4716],[-77.524,47.5155],[-77.5083,47.532],[-77.5249,47.5464],[-77.4969,47.5956],[-77.5258,47.6009],[-77.5437,47.5814],[-77.5694,47.5302],[-77.5832,47.5208],[-77.5992,47.5323],[-77.6142,47.5334],[-77.6285,47.5267],[-77.6334,47.5175],[-77.6287,47.5075],[-77.6142,47.4993],[-77.6825,47.4993],[-77.6637,47.5355],[-77.6609,47.5464],[-77.6677,47.582],[-77.6609,47.5956],[-77.6697,47.61],[-77.6621,47.6162],[-77.6341,47.6223],[-77.6175,47.6465],[-77.612,47.65],[-77.5932,47.65],[-77.5445,47.6706],[-77.5262,47.6665],[-77.5249,47.6365],[-77.5436,47.648],[-77.5607,47.6497],[-77.5761,47.6441],[-77.6351,47.597],[-77.6416,47.5847],[-77.6413,47.5579],[-77.6206,47.5464],[-77.609,47.5585],[-77.5853,47.5685],[-77.5554,47.6017],[-77.5062,47.6241],[-77.4808,47.6588],[-77.4423,47.7248],[-77.3994,47.7736],[-77.3838,47.8046],[-77.381,47.8419],[-77.373,47.8352],[-77.366,47.8178],[-77.3667,47.8072],[-77.3786,47.7716],[-77.4135,47.7051],[-77.437,47.6856],[-77.4451,47.6709],[-77.4629,47.6565],[-77.4653,47.6482],[-77.4594,47.6229],[-77.4423,47.5956],[-77.4501,47.5894],[-77.4741,47.5861],[-77.4834,47.5811],[-77.4925,47.5644],[-77.4866,47.5564],[-77.4629,47.5464],[-77.4423,47.5061],[-77.4828,47.5131]]]}},{"type":"Feature","properties":{},"bbox":[-72.371624,48.430077,-71.74875,48.779193],"geometry":{"type":"Polygon","coordinates":[[[-71.9707,48.4301],[-72.0015,48.4315],[-72.0288,48.4377],[-72.1038,48.4804],[-72.1319,48.4863],[-72.1182,48.4583],[-72.1653,48.4725],[-72.2032,48.5066],[-72.2131,48.5204],[-72.2191,48.5817],[-72.2414,48.5955],[-72.2704,48.5979],[-72.2951,48.6049],[-72.317,48.6155],[-72.3372,48.6297],[-72.3716,48.6647],[-72.3679,48.6706],[-72.3213,48.6582],[-72.303,48.6576],[-72.3235,48.6947],[-72.3286,48.7118],[-72.3304,48.7365],[-72.3204,48.7483],[-72.2967,48.7483],[-72.245,48.7395],[-72.174,48.7509],[-72.1174,48.753],[-72.1054,48.7559],[-72.0746,48.7792],[-72.067,48.7786],[-72.0393,48.7297],[-72.0069,48.7041],[-71.965,48.6894],[-71.9121,48.685],[-71.8637,48.685],[-71.8374,48.6673],[-71.807,48.6588],[-71.7903,48.6453],[-71.7618,48.6158],[-71.7892,48.5955],[-71.785,48.5884],[-71.7696,48.5911],[-71.7618,48.5887],[-71.7495,48.5805],[-71.7488,48.5767],[-71.7614,48.5628],[-71.7892,48.5546],[-71.7744,48.5337],[-71.7719,48.5228],[-71.7892,48.4863],[-71.7892,48.4725],[-71.796,48.4692],[-71.8091,48.4725],[-71.9398,48.4324],[-71.9707,48.4301]]]}},{"type":"Feature","properties":{},"bbox":[-71.343558,49.918088,-71.138091,50.282511],"geometry":{"type":"Polygon","coordinates":[[[-71.1509,50.0929],[-71.1381,50.0826],[-71.1797,50.0485],[-71.1934,50.0235],[-71.2027,50.0138],[-71.2145,50.0432],[-71.2321,50.0641],[-71.2523,50.0747],[-71.2678,50.0623],[-71.2639,50.0426],[-71.2183,50.0193],[-71.207,49.9967],[-71.2111,49.9843],[-71.2295,49.9725],[-71.2426,49.9363],[-71.2514,49.9246],[-71.2616,49.9181],[-71.2732,49.9505],[-71.2745,49.9628],[-71.2698,49.977],[-71.2499,49.9993],[-71.2479,50.0143],[-71.2657,50.0305],[-71.3296,50.0494],[-71.3436,50.072],[-71.3338,50.0879],[-71.2916,50.1233],[-71.282,50.1406],[-71.2748,50.1804],[-71.2751,50.2042],[-71.2962,50.216],[-71.3097,50.218],[-71.3162,50.226],[-71.3065,50.2354],[-71.2944,50.2387],[-71.2812,50.2354],[-71.2678,50.226],[-71.2629,50.2392],[-71.2745,50.2675],[-71.2738,50.2825],[-71.2686,50.2813],[-71.2541,50.254],[-71.2257,50.2222],[-71.2207,50.2125],[-71.2214,50.1921],[-71.2426,50.1727],[-71.2479,50.1548],[-71.2424,50.1356],[-71.2285,50.1241],[-71.1718,50.1135],[-71.1509,50.0929]]]}},{"type":"Feature","properties":{},"bbox":[-77.691373,53.473418,-76.041168,54.204913],"geometry":{"type":"Polygon","coordinates":[[[-76.1557,53.7169],[-76.1686,53.7157],[-76.1939,53.7004],[-76.2362,53.6974],[-76.3154,53.6709],[-76.3545,53.6662],[-76.4047,53.6462],[-76.4546,53.638],[-76.4923,53.6212],[-76.5045,53.6138],[-76.5094,53.6062],[-76.467,53.6056],[-76.4408,53.6106],[-76.3448,53.6403],[-76.3052,53.6439],[-76.2646,53.6409],[-76.2747,53.635],[-76.2667,53.6321],[-76.2418,53.6338],[-76.2618,53.6147],[-76.2861,53.6021],[-76.7602,53.517],[-76.7702,53.5099],[-76.7731,53.5031],[-76.7707,53.4772],[-76.7799,53.4784],[-76.7924,53.519],[-76.8036,53.5288],[-76.8196,53.5282],[-76.9098,53.5011],[-76.9792,53.4908],[-77.0118,53.4743],[-77.0196,53.474],[-77.0311,53.4875],[-77.0441,53.4967],[-77.1165,53.5087],[-77.1311,53.5031],[-77.1446,53.4858],[-77.1527,53.4817],[-77.1811,53.4802],[-77.2154,53.4734],[-77.2217,53.479],[-77.2197,53.4855],[-77.1998,53.4996],[-77.1979,53.5079],[-77.2001,53.5155],[-77.2117,53.5261],[-77.2375,53.532],[-77.2769,53.5538],[-77.2868,53.5411],[-77.299,53.5076],[-77.3267,53.4946],[-77.3392,53.4967],[-77.3462,53.5176],[-77.3558,53.5279],[-77.372,53.5296],[-77.4328,53.5161],[-77.4601,53.5167],[-77.4603,53.5238],[-77.4454,53.537],[-77.4438,53.5441],[-77.4532,53.55],[-77.5018,53.5608],[-77.5192,53.572],[-77.5302,53.5906],[-77.5276,53.6094],[-77.5105,53.6171],[-77.4241,53.6191],[-77.4007,53.6244],[-77.397,53.6374],[-77.4076,53.6439],[-77.4557,53.6512],[-77.4788,53.6671],[-77.538,53.6683],[-77.5499,53.6609],[-77.5561,53.6403],[-77.5621,53.633],[-77.5714,53.63],[-77.5845,53.6318],[-77.5956,53.6374],[-77.6031,53.6456],[-77.6125,53.6674],[-77.6434,53.6795],[-77.6647,53.683],[-77.6744,53.6795],[-77.6821,53.6606],[-77.689,53.6677],[-77.6914,53.6771],[-77.6846,53.6954],[-77.675,53.7018],[-77.6319,53.7089],[-77.5891,53.7233],[-77.5708,53.7351],[-77.5548,53.7507],[-77.5471,53.7534],[-77.5181,53.7486],[-77.508,53.7501],[-77.4416,53.7799],[-77.4229,53.796],[-77.4051,53.8052],[-77.3342,53.8113],[-77.3287,53.7966],[-77.3143,53.791],[-77.1705,53.7769],[-77.1608,53.7778],[-77.1561,53.7816],[-77.1478,53.7955],[-77.135,53.8063],[-77.0676,53.8343],[-77.0563,53.8364],[-77.0491,53.8314],[-77.0495,53.8243],[-77.062,53.8128],[-77.0654,53.8046],[-77.0472,53.8049],[-76.901,53.8399],[-76.8329,53.8693],[-76.8053,53.8867],[-76.7584,53.9041],[-76.7562,53.9129],[-76.7426,53.9353],[-76.7242,53.935],[-76.7173,53.9382],[-76.7011,53.9538],[-76.6464,53.9912],[-76.7557,53.9956],[-76.8125,54.0109],[-76.873,54.0195],[-76.9269,54.0533],[-76.9786,54.0713],[-76.9936,54.0807],[-76.9996,54.0907],[-76.9911,54.0939],[-76.9653,54.0904],[-76.9178,54.0645],[-76.8879,54.0566],[-76.8736,54.0583],[-76.8624,54.0642],[-76.8588,54.0769],[-76.8714,54.106],[-76.8588,54.1042],[-76.8009,54.0825],[-76.7806,54.0795],[-76.7849,54.0624],[-76.7778,54.0536],[-76.7395,54.0404],[-76.7094,54.0433],[-76.6883,54.023],[-76.673,54.0159],[-76.653,54.0109],[-76.6258,54.0115],[-76.615,54.0174],[-76.6091,54.0286],[-76.6139,54.0371],[-76.6302,54.0527],[-76.6295,54.0633],[-76.6183,54.0651],[-76.5716,54.0571],[-76.5414,54.0642],[-76.5357,54.0601],[-76.5448,54.043],[-76.5419,54.0345],[-76.5301,54.0312],[-76.4724,54.0407],[-76.4427,54.0542],[-76.4355,54.0645],[-76.4752,54.0689],[-76.4842,54.0748],[-76.4851,54.0825],[-76.4696,54.1019],[-76.4739,54.111],[-76.4842,54.1157],[-76.5578,54.1313],[-76.6037,54.1487],[-76.6517,54.1534],[-76.6808,54.1522],[-76.6683,54.1637],[-76.6486,54.1687],[-76.6097,54.1693],[-76.5941,54.1661],[-76.5557,54.1443],[-76.5345,54.1413],[-76.5101,54.1463],[-76.4939,54.159],[-76.4977,54.1793],[-76.4921,54.1822],[-76.4542,54.1796],[-76.3885,54.1987],[-76.2968,54.2049],[-76.2814,54.2037],[-76.2945,54.1955],[-76.3791,54.1678],[-76.3878,54.1599],[-76.3516,54.1452],[-76.3005,54.1384],[-76.2681,54.1269],[-76.243,54.1237],[-76.182,54.1357],[-76.1723,54.1425],[-76.1769,54.149],[-76.201,54.1593],[-76.1795,54.1566],[-76.11,54.1322],[-76.0825,54.1154],[-76.0412,54.0978],[-76.0591,54.0948],[-76.1,54.1066],[-76.1594,54.1119],[-76.1989,54.1092],[-76.196,54.1019],[-76.185,54.0945],[-76.1622,54.0869],[-76.1763,54.083],[-76.2924,54.0904],[-76.3034,54.0886],[-76.3096,54.0822],[-76.3067,54.0707],[-76.2952,54.0621],[-76.2506,54.0477],[-76.2425,54.0424],[-76.2384,54.0336],[-76.2413,54.0248],[-76.25,54.0192],[-76.2708,54.0148],[-76.3117,54.0124],[-76.331,54.0068],[-76.3307,53.995],[-76.2884,53.9765],[-76.2566,53.9532],[-76.2611,53.9506],[-76.2984,53.9482],[-76.3722,53.9494],[-76.3868,53.9438],[-76.3951,53.9314],[-76.3639,53.9226],[-76.3603,53.9156],[-76.3729,53.9053],[-76.4428,53.8964],[-76.4645,53.8902],[-76.5197,53.8882],[-76.6127,53.8643],[-76.6237,53.857],[-76.599,53.8543],[-76.4411,53.8558],[-76.3788,53.8473],[-76.3311,53.8461],[-76.3414,53.8364],[-76.3578,53.832],[-76.5512,53.8078],[-76.5877,53.8111],[-76.6114,53.8069],[-76.6564,53.7907],[-76.7512,53.7436],[-76.7903,53.7295],[-76.8099,53.7189],[-76.818,53.7024],[-76.809,53.6974],[-76.7866,53.693],[-76.765,53.6821],[-76.7513,53.6798],[-76.6474,53.7013],[-76.6168,53.7177],[-76.595,53.7101],[-76.5707,53.7127],[-76.5507,53.6986],[-76.5388,53.6948],[-76.5086,53.7201],[-76.4833,53.7242],[-76.4609,53.723],[-76.4162,53.7298],[-76.3747,53.7451],[-76.3188,53.7351],[-76.2943,53.7257],[-76.2709,53.721],[-76.2478,53.7219],[-76.2262,53.7289],[-76.1698,53.7348],[-76.1527,53.7339],[-76.1357,53.7286],[-76.1395,53.7151],[-76.1557,53.7169]],[[-76.4269,54.1075],[-76.4093,54.1013],[-76.389,54.1039],[-76.3717,54.1113],[-76.3595,54.1237],[-76.3656,54.1298],[-76.3943,54.1349],[-76.4004,54.1443],[-76.4075,54.1484],[-76.4489,54.1555],[-76.4649,54.1522],[-76.469,54.1407],[-76.4651,54.1349],[-76.4443,54.1254],[-76.4269,54.1075]],[[-76.7503,53.8743],[-76.7032,53.867],[-76.6699,53.8861],[-76.6124,53.8961],[-76.5411,53.9256],[-76.5167,53.9326],[-76.5367,53.9388],[-76.5723,53.935],[-76.608,53.9476],[-76.6203,53.9482],[-76.6449,53.9359],[-76.6661,53.9294],[-76.6721,53.9238],[-76.6688,53.9141],[-76.6961,53.9108],[-76.7503,53.8743]],[[-77.2023,53.6059],[-77.2052,53.6097],[-77.2161,53.6068],[-77.2142,53.6138],[-77.2695,53.6156],[-77.2972,53.6132],[-77.3748,53.5976],[-77.3835,53.5912],[-77.3418,53.5767],[-77.2847,53.5664],[-77.2813,53.5853],[-77.264,53.5909],[-77.2397,53.5882],[-77.2235,53.5912],[-77.2085,53.5979],[-77.2023,53.6059]],[[-76.9911,53.7451],[-76.9734,53.7439],[-76.92,53.7498],[-76.8766,53.7457],[-76.856,53.7486],[-76.8645,53.7525],[-76.8817,53.7722],[-76.8941,53.7748],[-76.9602,53.7622],[-76.9834,53.7542],[-76.9911,53.7451]],[[-77.1203,53.7601],[-77.0834,53.7584],[-77.0174,53.7737],[-77.0029,53.7801],[-76.9968,53.7913],[-77.0137,53.7934],[-77.0912,53.7866],[-77.1063,53.7799],[-77.1203,53.7601]],[[-76.834,53.5626],[-76.8399,53.5661],[-76.8776,53.5685],[-76.9147,53.5532],[-76.9346,53.5494],[-76.9443,53.5526],[-76.9384,53.575],[-76.95,53.582],[-76.9715,53.5812],[-77.0084,53.57],[-77.0324,53.5532],[-77.0429,53.5547],[-77.0514,53.5608],[-77.0553,53.5697],[-77.0561,53.5903],[-77.0734,53.5873],[-77.1499,53.5608],[-77.1774,53.5573],[-77.183,53.5532],[-77.1771,53.5414],[-77.1556,53.5346],[-77.0547,53.5152],[-77.0208,53.5167],[-76.9628,53.5102],[-76.9565,53.5132],[-76.9422,53.5114],[-76.8498,53.5423],[-76.8352,53.5535],[-76.834,53.5626]],[[-76.7076,53.6253],[-76.7353,53.6347],[-76.7547,53.6368],[-76.8246,53.6283],[-76.8321,53.6244],[-76.8387,53.6141],[-76.8252,53.6009],[-76.8507,53.5915],[-76.8571,53.5844],[-76.7984,53.5826],[-76.779,53.5859],[-76.7435,53.6088],[-76.7129,53.62],[-76.7076,53.6253]],[[-76.474,53.6444],[-76.4745,53.6521],[-76.4792,53.6586],[-76.5011,53.6677],[-76.5182,53.665],[-76.5419,53.6494],[-76.5721,53.6621],[-76.6645,53.6444],[-76.6701,53.64],[-76.6664,53.633],[-76.6548,53.628],[-76.5531,53.6256],[-76.4826,53.6362],[-76.474,53.6444]]]}},{"type":"Feature","properties":{},"bbox":[-69.363517,50.692854,-68.164425,51.994238],"geometry":{"type":"Polygon","coordinates":[[[-68.1719,51.3172],[-68.1644,51.2992],[-68.1759,51.2863],[-68.2296,51.2672],[-68.2464,51.2545],[-68.2482,51.243],[-68.2436,51.2307],[-68.2526,51.2204],[-68.3042,51.2136],[-68.3269,51.2056],[-68.3294,51.1856],[-68.3254,51.1609],[-68.3288,51.1379],[-68.3378,51.1256],[-68.343,51.1259],[-68.3722,51.1506],[-68.3846,51.1535],[-68.3903,51.1412],[-68.4027,51.1441],[-68.4791,51.1235],[-68.5118,51.1073],[-68.6216,51.0281],[-68.6463,51.0022],[-68.6646,50.9719],[-68.6715,50.9392],[-68.6609,50.9072],[-68.6585,50.8865],[-68.6781,50.8683],[-68.7049,50.8156],[-68.7365,50.7762],[-68.7402,50.7226],[-68.7381,50.7055],[-68.7323,50.6929],[-68.7496,50.6929],[-68.7567,50.7188],[-68.7602,50.7747],[-68.7496,50.7912],[-68.7499,50.8347],[-68.7429,50.8533],[-68.703,50.903],[-68.6988,50.918],[-68.7108,50.9325],[-68.7514,50.9545],[-68.7602,50.9763],[-68.7948,51.0134],[-68.7944,51.0484],[-68.8668,51.097],[-68.8937,51.1273],[-68.9025,51.1335],[-68.9377,51.1447],[-69.0,51.1765],[-69.0169,51.1894],[-69.0824,51.2545],[-69.1196,51.2675],[-69.1264,51.3057],[-69.1448,51.3066],[-69.1734,51.2831],[-69.1781,51.3057],[-69.1754,51.4087],[-69.1717,51.4191],[-69.1498,51.4302],[-69.146,51.4352],[-69.1642,51.4397],[-69.1542,51.4582],[-69.151,51.4944],[-69.1444,51.5147],[-69.1364,51.5218],[-69.116,51.5297],[-69.109,51.5427],[-69.1111,51.5506],[-69.1217,51.5636],[-69.1165,51.5765],[-69.1285,51.5804],[-69.1507,51.6039],[-69.1854,51.6239],[-69.2605,51.6928],[-69.2804,51.7199],[-69.3083,51.727],[-69.3151,51.7411],[-69.3523,51.7617],[-69.3623,51.7767],[-69.3635,51.8026],[-69.3308,51.7741],[-69.3132,51.7664],[-69.2946,51.7685],[-69.2823,51.7785],[-69.2605,51.8238],[-69.2537,51.8067],[-69.2673,51.7511],[-69.263,51.7323],[-69.2521,51.7193],[-69.1651,51.6487],[-69.1261,51.6322],[-69.0959,51.6448],[-69.0918,51.659],[-69.0886,51.7169],[-69.1042,51.7652],[-69.0993,51.8126],[-69.0896,51.8418],[-69.0959,51.8641],[-69.1108,51.8974],[-69.1062,51.9115],[-69.0886,51.933],[-69.0833,51.9142],[-69.0597,51.8847],[-69.0544,51.8671],[-69.0681,51.7958],[-69.0687,51.7688],[-69.0606,51.6834],[-69.0511,51.6654],[-69.0409,51.659],[-69.0209,51.628],[-69.0066,51.6169],[-68.9864,51.6127],[-68.9679,51.6157],[-68.9508,51.6254],[-68.9198,51.6528],[-68.8828,51.6693],[-68.8702,51.6784],[-68.8615,51.6978],[-68.8637,51.7352],[-68.8559,51.7546],[-68.855,51.7272],[-68.8459,51.7019],[-68.8298,51.6825],[-68.8086,51.6722],[-68.7911,51.6722],[-68.7496,51.6857],[-68.7264,51.6722],[-68.7124,51.6722],[-68.7019,51.6893],[-68.6925,51.6937],[-68.661,51.6857],[-68.6294,51.6878],[-68.6147,51.6919],[-68.6026,51.7002],[-68.5935,51.7202],[-68.6129,51.7596],[-68.6169,51.7882],[-68.5986,51.7755],[-68.5702,51.7355],[-68.5442,51.727],[-68.5311,51.7399],[-68.4991,51.8008],[-68.4928,51.82],[-68.4928,51.9056],[-68.5018,51.9277],[-68.5157,51.9498],[-68.5216,51.9719],[-68.5069,51.9942],[-68.4891,51.971],[-68.4707,51.9348],[-68.4591,51.8983],[-68.466,51.8571],[-68.462,51.8435],[-68.4488,51.8456],[-68.4466,51.8503],[-68.4517,51.8571],[-68.4266,51.8912],[-68.4083,51.908],[-68.3903,51.9118],[-68.3939,51.8933],[-68.451,51.8156],[-68.4654,51.7852],[-68.4735,51.7431],[-68.4946,51.7175],[-68.5542,51.6784],[-68.501,51.6651],[-68.4853,51.6654],[-68.4707,51.671],[-68.4505,51.6875],[-68.438,51.6928],[-68.4045,51.6875],[-68.3575,51.6422],[-68.3251,51.6313],[-68.3104,51.6345],[-68.2598,51.6581],[-68.2355,51.6863],[-68.2155,51.6996],[-68.1874,51.7443],[-68.1844,51.7537],[-68.1978,51.7958],[-68.1706,51.7752],[-68.1646,51.7449],[-68.1703,51.7131],[-68.185,51.6852],[-68.2053,51.6654],[-68.2947,51.6245],[-68.3151,51.6039],[-68.2982,51.5898],[-68.2523,51.5771],[-68.2389,51.563],[-68.286,51.568],[-68.3009,51.563],[-68.2917,51.5512],[-68.2864,51.535],[-68.2804,51.5009],[-68.2841,51.4812],[-68.2742,51.4735],[-68.2655,51.4714],[-68.232,51.4735],[-68.2549,51.4535],[-68.2599,51.4455],[-68.2605,51.4332],[-68.2493,51.4188],[-68.2464,51.4085],[-68.2605,51.382],[-68.232,51.3431],[-68.19,51.3275],[-68.1719,51.3172]],[[-68.5889,51.11],[-68.6381,51.1179],[-68.6913,51.0788],[-68.7258,51.0211],[-68.7186,50.9728],[-68.7003,50.9593],[-68.694,50.9643],[-68.6913,50.9946],[-68.6837,51.0081],[-68.662,51.0205],[-68.6088,51.0614],[-68.5929,51.0829],[-68.5889,51.11]],[[-68.3697,51.2892],[-68.3893,51.3037],[-68.4243,51.314],[-68.489,51.3228],[-68.5049,51.3302],[-68.5194,51.3478],[-68.5405,51.3843],[-68.5542,51.4199],[-68.5645,51.4379],[-68.5787,51.4455],[-68.5955,51.4494],[-68.5895,51.457],[-68.5684,51.4673],[-68.5637,51.4782],[-68.5646,51.4906],[-68.548,51.4941],[-68.5247,51.4912],[-68.5074,51.4782],[-68.4965,51.4588],[-68.4906,51.3937],[-68.4807,51.3796],[-68.4369,51.3537],[-68.4096,51.3458],[-68.3865,51.3496],[-68.3767,51.374],[-68.3802,51.3984],[-68.3908,51.4202],[-68.408,51.437],[-68.4313,51.4455],[-68.3945,51.4617],[-68.3817,51.4744],[-68.3767,51.4976],[-68.3812,51.5153],[-68.3924,51.5339],[-68.4176,51.563],[-68.4516,51.5857],[-68.5369,51.6172],[-68.5752,51.6375],[-68.6504,51.6593],[-68.6751,51.6563],[-68.7209,51.636],[-68.7735,51.6295],[-68.9153,51.5924],[-69.0066,51.5221],[-69.1023,51.4226],[-69.1115,51.4014],[-69.109,51.3775],[-69.0964,51.3628],[-69.0616,51.336],[-69.0512,51.2919],[-69.0419,51.271],[-69.0269,51.2545],[-69.0066,51.2477],[-69.0045,51.2677],[-68.9897,51.2654],[-68.9626,51.2477],[-68.9315,51.2477],[-68.9234,51.2577],[-68.919,51.2589],[-68.9109,51.2477],[-68.9151,51.2312],[-68.9022,51.2212],[-68.8632,51.2136],[-68.8702,51.1894],[-68.8663,51.1794],[-68.8559,51.1721],[-68.8441,51.2036],[-68.8335,51.2092],[-68.8148,51.1992],[-68.7916,51.1603],[-68.7733,51.1515],[-68.7533,51.1506],[-68.7049,51.1644],[-68.6859,51.1621],[-68.6569,51.1521],[-68.6361,51.1515],[-68.6026,51.1559],[-68.5817,51.1621],[-68.5684,51.1721],[-68.5662,51.1897],[-68.573,51.2086],[-68.5542,51.2068],[-68.5021,51.1862],[-68.4791,51.1862],[-68.4629,51.19],[-68.4479,51.1962],[-68.4399,51.2062],[-68.4444,51.2204],[-68.3954,51.2454],[-68.373,51.2663],[-68.3697,51.2892]]]}},{"type":"Feature","properties":{},"bbox":[-76.159944,53.443687,-74.429966,53.922618],"geometry":{"type":"Polygon","coordinates":[[[-76.1283,53.7275],[-76.1064,53.7269],[-76.0702,53.7201],[-76.0577,53.7216],[-76.0001,53.7525],[-75.8946,53.7763],[-75.8743,53.789],[-75.9552,53.8025],[-75.9626,53.8049],[-75.9649,53.8099],[-75.9604,53.8152],[-75.8996,53.8252],[-75.8448,53.842],[-75.8425,53.8476],[-75.8453,53.854],[-75.857,53.8652],[-75.8588,53.8735],[-75.8331,53.8793],[-75.8063,53.8785],[-75.7312,53.8949],[-75.6661,53.8964],[-75.66,53.8929],[-75.6485,53.8779],[-75.642,53.8749],[-75.5873,53.8849],[-75.554,53.9008],[-75.5434,53.9023],[-75.5001,53.8929],[-75.3877,53.8988],[-75.3672,53.8888],[-75.3529,53.887],[-75.2655,53.9126],[-75.2861,53.8964],[-75.2908,53.8858],[-75.2852,53.8743],[-75.2468,53.8599],[-75.237,53.8505],[-75.2336,53.8178],[-75.2298,53.8072],[-75.2222,53.7993],[-75.2043,53.7949],[-75.1675,53.8072],[-75.117,53.8337],[-75.0899,53.8414],[-75.0477,53.8322],[-75.0328,53.8322],[-74.9304,53.8593],[-74.9269,53.8673],[-74.933,53.874],[-74.9528,53.8817],[-74.9528,53.8858],[-74.9333,53.8864],[-74.8513,53.8749],[-74.7608,53.9076],[-74.6815,53.9226],[-74.6927,53.9058],[-74.7115,53.8905],[-74.6734,53.8852],[-74.6393,53.8667],[-74.6041,53.8611],[-74.6376,53.8505],[-74.7009,53.8458],[-74.7498,53.8558],[-74.7713,53.8552],[-74.7928,53.8508],[-74.8549,53.8264],[-74.9085,53.8175],[-74.979,53.8164],[-74.982,53.8122],[-74.9776,53.8084],[-74.955,53.8019],[-74.7897,53.7972],[-74.772,53.7925],[-74.7935,53.7878],[-75.0152,53.779],[-75.0346,53.7754],[-75.0533,53.7654],[-75.0518,53.7587],[-75.0399,53.7507],[-75.0428,53.7454],[-75.0668,53.7369],[-75.0737,53.7242],[-75.0905,53.7213],[-75.1834,53.7289],[-75.2486,53.7151],[-75.2988,53.7198],[-75.3144,53.7183],[-75.3683,53.6865],[-75.3772,53.6756],[-75.3172,53.6556],[-75.307,53.6556],[-75.2783,53.6653],[-75.2449,53.6603],[-75.2247,53.6639],[-75.1669,53.6851],[-75.1339,53.691],[-75.0593,53.6951],[-75.0205,53.6898],[-75.015,53.6827],[-74.9991,53.6798],[-74.9227,53.6862],[-74.8859,53.6736],[-74.8409,53.6427],[-74.8031,53.625],[-74.7925,53.6241],[-74.7576,53.6359],[-74.6947,53.6468],[-74.5755,53.6812],[-74.4535,53.6889],[-74.43,53.6833],[-74.7046,53.6065],[-74.8402,53.5953],[-74.8867,53.605],[-74.9098,53.6035],[-74.928,53.5923],[-74.9464,53.5723],[-75.0269,53.5538],[-75.0472,53.5452],[-75.0732,53.5291],[-75.082,53.5305],[-75.0861,53.5379],[-75.0815,53.5449],[-75.0584,53.5626],[-75.0539,53.5723],[-74.9901,53.6026],[-74.982,53.6168],[-74.9261,53.6309],[-74.9373,53.6394],[-74.9508,53.6444],[-74.9654,53.6462],[-75.0132,53.64],[-75.0258,53.6492],[-75.0337,53.6506],[-75.0876,53.6312],[-75.1185,53.6306],[-75.1422,53.625],[-75.1463,53.6227],[-75.1479,53.6026],[-75.1522,53.5938],[-75.1609,53.592],[-75.179,53.6138],[-75.1881,53.6312],[-75.1959,53.6374],[-75.2064,53.64],[-75.441,53.6174],[-75.4573,53.6191],[-75.5185,53.6394],[-75.5337,53.6409],[-75.5817,53.6394],[-75.6513,53.6277],[-75.7309,53.6271],[-75.7377,53.6241],[-75.7424,53.6177],[-75.7553,53.5894],[-75.7545,53.5812],[-75.7334,53.5814],[-75.7063,53.5923],[-75.6822,53.5918],[-75.6554,53.6032],[-75.6048,53.6068],[-75.5805,53.6156],[-75.5593,53.6076],[-75.5584,53.6035],[-75.5409,53.5979],[-75.5391,53.5938],[-75.5821,53.5962],[-75.6321,53.5873],[-75.6366,53.5806],[-75.641,53.5538],[-75.6525,53.5382],[-75.6528,53.5317],[-75.621,53.5276],[-75.6117,53.5232],[-75.6332,53.5114],[-75.67,53.5102],[-75.7503,53.4978],[-75.7677,53.4928],[-75.7998,53.4746],[-75.8376,53.4616],[-75.9215,53.4613],[-75.9431,53.4575],[-75.9733,53.4452],[-75.9864,53.4437],[-75.998,53.4481],[-76.0007,53.4558],[-76.006,53.4593],[-76.0387,53.4596],[-76.0777,53.4543],[-76.1318,53.4619],[-76.1379,53.4958],[-76.1576,53.5152],[-76.1599,53.524],[-76.1566,53.5335],[-76.1399,53.5476],[-76.1214,53.5555],[-76.0924,53.5558],[-76.0657,53.5682],[-76.0602,53.5608],[-76.0528,53.5617],[-76.0076,53.5968],[-76.002,53.6144],[-75.9955,53.6194],[-75.9505,53.6247],[-75.8672,53.6462],[-75.861,53.6527],[-75.8645,53.668],[-75.8759,53.6812],[-75.884,53.6854],[-75.9108,53.6818],[-75.9605,53.7021],[-75.9749,53.6965],[-75.982,53.6904],[-75.9886,53.6733],[-75.9948,53.6706],[-76.0401,53.6698],[-76.0475,53.6639],[-76.0462,53.6574],[-76.0513,53.653],[-76.0682,53.6533],[-76.1092,53.645],[-76.122,53.6459],[-76.1215,53.6533],[-76.1103,53.6771],[-76.1254,53.6824],[-76.1277,53.6862],[-76.1149,53.7027],[-76.1245,53.7104],[-76.1395,53.7151],[-76.1357,53.7286],[-76.1283,53.7275]],[[-75.7573,53.5408],[-75.7845,53.5532],[-75.8077,53.5597],[-75.8351,53.5623],[-75.9277,53.5414],[-75.9359,53.5367],[-75.8698,53.5367],[-75.8604,53.5335],[-75.8634,53.5282],[-75.8812,53.5182],[-75.8687,53.5076],[-75.8117,53.509],[-75.7908,53.5052],[-75.7193,53.5285],[-75.7077,53.5364],[-75.7149,53.5455],[-75.7253,53.5476],[-75.7573,53.5408]],[[-75.7147,53.6774],[-75.7188,53.6948],[-75.729,53.6995],[-75.7674,53.7007],[-75.7958,53.7051],[-75.8045,53.7027],[-75.8111,53.6965],[-75.8098,53.691],[-75.8032,53.688],[-75.8051,53.673],[-75.8241,53.6624],[-75.8275,53.6545],[-75.8238,53.6462],[-75.8038,53.6391],[-75.7992,53.6309],[-75.7933,53.6318],[-75.7608,53.645],[-75.7558,53.6503],[-75.7595,53.6536],[-75.7758,53.6553],[-75.734,53.6662],[-75.7147,53.6774]],[[-75.6086,53.7074],[-75.6092,53.7127],[-75.6188,53.7151],[-75.68,53.7057],[-75.7047,53.6951],[-75.7074,53.6857],[-75.6935,53.6771],[-75.687,53.65],[-75.677,53.6462],[-75.6595,53.6521],[-75.6086,53.7074]],[[-75.3816,53.7057],[-75.3643,53.711],[-75.3556,53.7219],[-75.3685,53.728],[-75.4232,53.7325],[-75.4854,53.7183],[-75.5352,53.7201],[-75.5465,53.7169],[-75.54,53.6983],[-75.5599,53.6777],[-75.5619,53.6701],[-75.5549,53.6636],[-75.5409,53.6583],[-75.5106,53.6509],[-75.5003,53.6521],[-75.4925,53.6565],[-75.4823,53.6698],[-75.4614,53.6804],[-75.4336,53.703],[-75.4167,53.7066],[-75.3816,53.7057]]]}},{"type":"Feature","properties":{},"bbox":[-114.858671,35.830704,-113.631614,36.589575],"geometry":{"type":"Polygon","coordinates":[[[-113.6375,35.8587],[-113.6316,35.8428],[-113.6356,35.8307],[-113.6624,35.8454],[-113.6787,35.8495],[-113.6787,35.8557],[-113.6656,35.8701],[-113.6993,35.8805],[-113.7098,35.8881],[-113.7205,35.9411],[-113.7282,35.954],[-113.7377,35.9596],[-113.7555,35.9638],[-113.7626,35.9746],[-113.7681,36.0067],[-113.7775,36.0259],[-113.7887,36.0365],[-113.8714,36.0633],[-113.8834,36.0824],[-113.9086,36.1109],[-113.9326,36.131],[-113.9428,36.1292],[-113.9609,36.1189],[-113.9743,36.1233],[-113.9806,36.1357],[-113.9825,36.168],[-113.9947,36.1781],[-113.9952,36.1966],[-114.0175,36.1981],[-114.044,36.1904],[-114.0568,36.1816],[-114.0632,36.1545],[-114.0835,36.1133],[-114.0863,36.0953],[-114.1161,36.0265],[-114.1431,36.0194],[-114.1796,36.0209],[-114.2175,36.0135],[-114.2674,36.0247],[-114.3194,36.0441],[-114.3304,36.0518],[-114.3294,36.0992],[-114.3374,36.1165],[-114.3578,36.1371],[-114.3659,36.1327],[-114.3721,36.1245],[-114.3789,36.1036],[-114.389,36.1136],[-114.4062,36.1165],[-114.3964,36.1006],[-114.3937,36.0877],[-114.3999,36.0789],[-114.429,36.0703],[-114.4463,36.055],[-114.4608,36.0621],[-114.4514,36.0777],[-114.4601,36.0865],[-114.4882,36.0962],[-114.516,36.1445],[-114.5306,36.1536],[-114.5436,36.1536],[-114.5706,36.1445],[-114.6291,36.1371],[-114.6447,36.1283],[-114.6835,36.0903],[-114.7041,36.0818],[-114.7071,36.0485],[-114.7172,36.0253],[-114.7414,36.0135],[-114.7271,36.0409],[-114.7498,36.0379],[-114.7693,36.027],[-114.7977,36.0459],[-114.8163,36.0521],[-114.8035,36.0818],[-114.8127,36.098],[-114.8445,36.1207],[-114.8587,36.1371],[-114.7439,36.1301],[-114.714,36.1371],[-114.7212,36.1539],[-114.7147,36.1548],[-114.6901,36.1445],[-114.6751,36.1477],[-114.6451,36.1651],[-114.5871,36.1651],[-114.5446,36.1716],[-114.457,36.1719],[-114.4146,36.2622],[-114.4124,36.2778],[-114.4167,36.2931],[-114.4305,36.3105],[-114.4261,36.3226],[-114.4314,36.3514],[-114.3959,36.3932],[-114.3705,36.4377],[-114.4062,36.4736],[-114.4121,36.506],[-114.3993,36.5145],[-114.3615,36.4798],[-114.3527,36.4812],[-114.3509,36.5007],[-114.3441,36.5245],[-114.3374,36.5896],[-114.3243,36.569],[-114.331,36.5083],[-114.3243,36.4933],[-114.3363,36.478],[-114.3322,36.4636],[-114.3167,36.4356],[-114.3185,36.4168],[-114.3241,36.4053],[-114.3509,36.3773],[-114.364,36.3526],[-114.3727,36.3199],[-114.3812,36.2399],[-114.3884,36.2163],[-114.3852,36.1992],[-114.3761,36.1857],[-114.3497,36.1619],[-114.3368,36.1433],[-114.2895,36.1036],[-114.2878,36.0797],[-114.2533,36.0635],[-114.2616,36.055],[-114.2321,36.0371],[-114.2044,36.0338],[-114.1513,36.045],[-114.1476,36.0553],[-114.1462,36.0818],[-114.1278,36.1168],[-114.1179,36.1469],[-114.1011,36.1666],[-114.0636,36.1992],[-114.0227,36.2231],[-114.0189,36.2499],[-114.0125,36.2596],[-114.0015,36.2675],[-113.981,36.2263],[-113.9788,36.1942],[-113.9694,36.1854],[-113.9588,36.1601],[-113.9489,36.1492],[-113.9188,36.1424],[-113.9108,36.1368],[-113.8985,36.1165],[-113.8649,36.0836],[-113.8428,36.0724],[-113.7904,36.0618],[-113.7678,36.0453],[-113.755,36.0232],[-113.7619,36.0],[-113.7161,35.9638],[-113.7067,35.9526],[-113.69,35.9061],[-113.6787,35.8902],[-113.6375,35.8587]]]}},{"type":"Feature","properties":{},"bbox":[-111.555464,36.932215,-110.362995,37.91333],"geometry":{"type":"Polygon","coordinates":[[[-110.3808,37.9133],[-110.363,37.9051],[-110.392,37.8656],[-110.3927,37.8468],[-110.3824,37.8009],[-110.4382,37.8091],[-110.4136,37.7826],[-110.4108,37.7647],[-110.4176,37.7135],[-110.4597,37.7008],[-110.4473,37.6775],[-110.4454,37.6652],[-110.452,37.6555],[-110.494,37.6455],[-110.5205,37.6302],[-110.5452,37.611],[-110.6219,37.5377],[-110.6443,37.5218],[-110.6304,37.5018],[-110.6384,37.4889],[-110.6585,37.4821],[-110.6815,37.4803],[-110.7002,37.4744],[-110.6878,37.4618],[-110.6504,37.4391],[-110.6961,37.4079],[-110.705,37.3982],[-110.7159,37.3496],[-110.7261,37.3361],[-110.7432,37.3243],[-110.795,37.3096],[-110.8091,37.3002],[-110.82,37.2866],[-110.836,37.2542],[-110.8285,37.2475],[-110.8485,37.2283],[-110.8627,37.2066],[-110.8463,37.2045],[-110.8081,37.1854],[-110.69,37.1954],[-110.6696,37.2054],[-110.6578,37.2278],[-110.6418,37.2133],[-110.6434,37.1948],[-110.6582,37.1792],[-110.6815,37.1724],[-110.8733,37.1786],[-110.8964,37.1718],[-110.952,37.1238],[-110.971,37.1159],[-111.0168,37.105],[-111.0765,37.1041],[-111.0858,37.0997],[-111.0926,37.0829],[-111.1055,37.0891],[-111.1098,37.0959],[-111.1668,37.0876],[-111.1701,37.082],[-111.1712,37.0659],[-111.1619,37.0476],[-111.1329,37.0202],[-111.1438,37.014],[-111.157,37.0182],[-111.186,37.0391],[-111.1991,37.042],[-111.2116,37.0344],[-111.2169,37.0223],[-111.2165,37.0076],[-111.2121,36.9934],[-111.237,37.004],[-111.2487,37.0135],[-111.2567,37.0411],[-111.2636,37.0385],[-111.2776,37.0179],[-111.2929,37.0108],[-111.3635,37.0079],[-111.3855,37.0002],[-111.3931,36.9955],[-111.3747,36.9881],[-111.3712,36.9764],[-111.3756,36.9649],[-111.3872,36.9593],[-111.4077,36.9569],[-111.4589,36.9413],[-111.4735,36.9322],[-111.4897,36.9708],[-111.5076,36.9979],[-111.5555,37.0488],[-111.5328,37.0514],[-111.4418,37.0352],[-111.4267,37.0453],[-111.434,37.0682],[-111.4592,37.1103],[-111.4373,37.0991],[-111.3635,37.0302],[-111.3509,37.0229],[-111.3145,37.0329],[-111.3057,37.04],[-111.3266,37.0765],[-111.3273,37.1021],[-111.3142,37.1183],[-111.2766,37.1121],[-111.2686,37.1185],[-111.2651,37.1303],[-111.2667,37.1445],[-111.273,37.1533],[-111.3083,37.1724],[-111.2665,37.1689],[-111.2515,37.1615],[-111.2367,37.1483],[-111.2187,37.0982],[-111.2121,37.0897],[-111.1981,37.0929],[-111.1678,37.1339],[-111.166,37.1442],[-111.1821,37.1701],[-111.1849,37.1854],[-111.116,37.1553],[-111.1189,37.1265],[-111.1127,37.1238],[-110.9944,37.1288],[-110.9657,37.1377],[-110.9491,37.1509],[-110.9008,37.2027],[-110.8862,37.2328],[-110.8672,37.2554],[-110.8627,37.2678],[-110.8665,37.286],[-110.8974,37.3293],[-110.8487,37.3072],[-110.8391,37.3061],[-110.8307,37.322],[-110.855,37.3334],[-110.8627,37.3467],[-110.8487,37.3537],[-110.7801,37.3429],[-110.7541,37.3437],[-110.7417,37.3526],[-110.738,37.3626],[-110.7398,37.3876],[-110.7343,37.4032],[-110.7105,37.4194],[-110.705,37.4285],[-110.7106,37.4403],[-110.7466,37.4727],[-110.7807,37.5218],[-110.7739,37.528],[-110.7508,37.5112],[-110.7398,37.508],[-110.7602,37.5492],[-110.7613,37.5648],[-110.7563,37.5716],[-110.7498,37.5713],[-110.7393,37.5542],[-110.6989,37.508],[-110.6718,37.503],[-110.6607,37.5156],[-110.6557,37.533],[-110.6397,37.5504],[-110.6032,37.6042],[-110.571,37.6322],[-110.5498,37.6458],[-110.5065,37.6575],[-110.4974,37.6725],[-110.4866,37.7135],[-110.4495,37.7511],[-110.445,37.7712],[-110.4622,37.7815],[-110.4809,37.8015],[-110.4724,37.8297],[-110.4313,37.8506],[-110.4201,37.8633],[-110.4138,37.8774],[-110.4163,37.8901],[-110.4313,37.8986],[-110.4102,37.9107],[-110.3808,37.9133]]]}},{"type":"Feature","properties":{},"bbox":[-124.841883,55.160419,-122.168026,56.75705],"geometry":{"type":"Polygon","coordinates":[[[-122.3683,56.0921],[-122.4967,56.1003],[-122.5598,56.1292],[-122.5919,56.1242],[-122.6238,56.1127],[-122.6651,56.1036],[-122.6974,56.0888],[-122.7226,56.0732],[-122.7335,56.0718],[-122.7375,56.0659],[-122.7314,56.0438],[-122.7993,56.0712],[-122.8822,56.0774],[-123.0405,56.0579],[-123.0338,56.0438],[-123.0719,56.0223],[-123.1051,55.9932],[-123.1272,55.9805],[-123.1574,55.9758],[-123.2787,55.9805],[-123.4447,56.017],[-123.7342,56.0376],[-123.7599,56.0306],[-123.7701,56.0214],[-123.7835,55.9932],[-123.8073,55.9814],[-123.8048,55.9546],[-123.7798,55.9208],[-123.7948,55.9075],[-123.7845,55.8922],[-123.7524,55.8663],[-123.7591,55.8634],[-123.7669,55.8519],[-123.7557,55.8469],[-123.7446,55.8463],[-123.7342,55.8501],[-123.7252,55.8595],[-123.7062,55.8383],[-123.6843,55.8254],[-123.7025,55.8127],[-123.6964,55.7927],[-123.6441,55.7324],[-123.6331,55.7291],[-123.5917,55.7291],[-123.5883,55.7262],[-123.5849,55.705],[-123.5115,55.6582],[-123.4865,55.6279],[-123.4554,55.6158],[-123.4208,55.6099],[-123.3963,55.6129],[-123.3963,55.6055],[-123.408,55.5973],[-123.4067,55.5837],[-123.3963,55.554],[-123.391,55.5466],[-123.3782,55.5416],[-123.3492,55.5372],[-123.3552,55.5304],[-123.3396,55.5066],[-123.3255,55.4919],[-123.2871,55.4683],[-123.256,55.4409],[-123.2295,55.4392],[-123.2195,55.4351],[-123.2118,55.4274],[-123.2342,55.4165],[-123.2347,55.3939],[-123.2219,55.3694],[-123.2045,55.3523],[-123.2014,55.3771],[-123.1923,55.403],[-123.1775,55.4189],[-123.1572,55.4139],[-123.1777,55.4015],[-123.179,55.38],[-123.1572,55.3317],[-123.1634,55.325],[-123.1908,55.3317],[-123.1824,55.3226],[-123.1784,55.3129],[-123.1771,55.287],[-123.1499,55.2561],[-123.167,55.2258],[-123.1711,55.209],[-123.1362,55.1863],[-123.1157,55.1604],[-123.1578,55.1743],[-123.1808,55.186],[-123.1908,55.1981],[-123.193,55.2208],[-123.199,55.2414],[-123.2545,55.3382],[-123.2647,55.373],[-123.294,55.3994],[-123.4403,55.5755],[-123.469,55.6014],[-123.6295,55.6894],[-123.6572,55.695],[-123.7012,55.6923],[-123.7184,55.7012],[-123.7524,55.7427],[-123.8316,55.8148],[-123.8658,55.8566],[-123.8874,55.871],[-123.917,55.8737],[-123.8418,55.7686],[-123.835,55.7291],[-123.883,55.7801],[-123.8973,55.8092],[-123.9305,55.8333],[-123.9411,55.8619],[-123.9654,55.8737],[-123.9859,55.9072],[-124.0327,55.9019],[-124.05,55.904],[-124.0343,55.9208],[-124.0679,55.9208],[-124.0437,55.937],[-124.0215,55.9573],[-124.0122,55.9817],[-124.0268,56.0102],[-124.0565,56.0244],[-124.0911,56.0214],[-124.1572,56.0029],[-124.2255,56.0102],[-124.2484,55.9976],[-124.2602,55.9967],[-124.2807,56.0102],[-124.4036,56.0647],[-124.3968,56.0647],[-124.4167,56.0682],[-124.452,56.0989],[-124.4689,56.1074],[-124.4835,56.1094],[-124.5209,56.1065],[-124.4914,56.1309],[-124.4492,56.1192],[-124.3702,56.0718],[-124.2758,56.0344],[-124.2262,56.0264],[-124.1784,56.0376],[-124.1397,56.0676],[-124.1301,56.0847],[-124.1472,56.0921],[-124.1726,56.0959],[-124.193,56.1053],[-124.2833,56.1754],[-124.3029,56.1854],[-124.3254,56.2125],[-124.3412,56.2207],[-124.3719,56.2151],[-124.3837,56.2163],[-124.3925,56.2257],[-124.3886,56.2449],[-124.3906,56.2572],[-124.3984,56.2643],[-124.4143,56.2672],[-124.4173,56.2808],[-124.4794,56.3391],[-124.531,56.4509],[-124.5544,56.4833],[-124.6519,56.5837],[-124.6922,56.6128],[-124.7238,56.6302],[-124.7331,56.6402],[-124.7439,56.6696],[-124.7503,56.6782],[-124.8026,56.6991],[-124.8419,56.75],[-124.8356,56.757],[-124.8219,56.7388],[-124.8058,56.7276],[-124.7599,56.7158],[-124.7019,56.6829],[-124.6848,56.6676],[-124.6336,56.6022],[-124.6154,56.5922],[-124.5692,56.5846],[-124.5511,56.5754],[-124.5209,56.5522],[-124.4923,56.5398],[-124.4856,56.5304],[-124.4853,56.5139],[-124.4728,56.4909],[-124.4557,56.4706],[-124.4261,56.4527],[-124.4176,56.4082],[-124.4111,56.3938],[-124.4015,56.3929],[-124.3815,56.4],[-124.3702,56.3938],[-124.3643,56.382],[-124.379,56.3676],[-124.3837,56.3561],[-124.38,56.3426],[-124.3705,56.3402],[-124.3453,56.3455],[-124.3394,56.3438],[-124.3359,56.334],[-124.3407,56.3226],[-124.3217,56.312],[-124.2155,56.2354],[-124.1941,56.2269],[-124.1709,56.2225],[-124.1192,56.2295],[-124.0929,56.2396],[-124.0712,56.2699],[-124.0475,56.2878],[-124.0202,56.2996],[-123.9996,56.2981],[-124.0074,56.2778],[-124.0774,56.2016],[-124.0957,56.168],[-124.0821,56.1306],[-124.0461,56.0938],[-124.0022,56.0632],[-123.9654,56.0438],[-123.9386,56.0367],[-123.9037,56.0332],[-123.8687,56.0344],[-123.8143,56.0485],[-123.6658,56.052],[-123.2823,55.9991],[-123.2538,55.9858],[-123.2319,55.9852],[-123.1908,55.9896],[-123.1983,55.9896],[-123.1736,55.9929],[-123.1483,56.0005],[-123.1246,56.0123],[-123.1051,56.0276],[-123.1019,56.0479],[-123.1277,56.0874],[-123.1157,56.0989],[-123.0673,56.0847],[-122.9079,56.0965],[-122.8823,56.1065],[-122.8558,56.0959],[-122.8271,56.0959],[-122.804,56.1065],[-122.7941,56.1268],[-122.7469,56.1077],[-122.7197,56.1044],[-122.6942,56.1159],[-122.6511,56.1465],[-122.6272,56.156],[-122.6018,56.161],[-122.5445,56.1624],[-122.5161,56.1568],[-122.4733,56.1301],[-122.4434,56.1259],[-122.3826,56.1268],[-122.3368,56.12],[-122.2899,56.1062],[-122.2447,56.0871],[-122.1716,56.0435],[-122.168,56.0314],[-122.1799,56.0135],[-122.1972,56.0114],[-122.2217,56.0211],[-122.3096,56.0738],[-122.3373,56.085],[-122.3683,56.0921]]]}},{"type":"Feature","properties":{},"bbox":[-108.204275,47.355354,-106.201863,48.033863],"geometry":{"type":"Polygon","coordinates":[[[-106.2203,47.6056],[-106.2019,47.5782],[-106.2104,47.5688],[-106.2282,47.5641],[-106.2459,47.5355],[-106.2647,47.522],[-106.3062,47.5061],[-106.2975,47.5273],[-106.285,47.5464],[-106.2441,47.5744],[-106.2398,47.5891],[-106.2578,47.6091],[-106.2556,47.6223],[-106.2413,47.6409],[-106.2379,47.65],[-106.246,47.6683],[-106.2849,47.6842],[-106.2987,47.6974],[-106.2968,47.7012],[-106.2821,47.7065],[-106.279,47.7109],[-106.2821,47.7168],[-106.2987,47.7248],[-106.309,47.7436],[-106.317,47.748],[-106.3336,47.7463],[-106.3087,47.7748],[-106.3604,47.7951],[-106.354,47.8207],[-106.4159,47.8602],[-106.4297,47.8755],[-106.4163,47.8937],[-106.426,47.8967],[-106.4396,47.9082],[-106.4465,47.9102],[-106.4634,47.9088],[-106.468,47.9035],[-106.4702,47.894],[-106.4875,47.8673],[-106.4871,47.844],[-106.4905,47.8346],[-106.5045,47.826],[-106.533,47.8272],[-106.5423,47.8246],[-106.5563,47.7984],[-106.5561,47.7719],[-106.5458,47.7183],[-106.6004,47.7595],[-106.5975,47.7766],[-106.6241,47.7875],[-106.636,47.7892],[-106.7111,47.7318],[-106.7124,47.7227],[-106.7035,47.7042],[-106.7345,47.7089],[-106.7398,47.6912],[-106.7454,47.6915],[-106.7581,47.7042],[-106.7591,47.7348],[-106.7685,47.7389],[-106.82,47.7389],[-106.8443,47.733],[-106.8464,47.7186],[-106.8331,47.6806],[-106.8368,47.6606],[-106.8465,47.6397],[-106.8599,47.6212],[-106.8748,47.6091],[-106.8634,47.6733],[-106.8748,47.6836],[-106.8955,47.6845],[-106.9233,47.6794],[-106.9703,47.6638],[-106.9697,47.6459],[-106.988,47.6329],[-107.033,47.6162],[-107.0392,47.6223],[-107.0187,47.6344],[-107.0052,47.65],[-107.009,47.6691],[-107.0171,47.6733],[-107.0527,47.6594],[-107.1424,47.6706],[-107.241,47.6706],[-107.2657,47.6736],[-107.3712,47.6992],[-107.3818,47.6974],[-107.3921,47.6892],[-107.3936,47.6706],[-107.4196,47.6256],[-107.4775,47.6291],[-107.5119,47.6471],[-107.5253,47.65],[-107.6242,47.6388],[-107.6491,47.6326],[-107.6699,47.6223],[-107.7242,47.567],[-107.7518,47.554],[-107.8064,47.5379],[-107.8216,47.5217],[-107.831,47.4749],[-107.8616,47.4578],[-107.8783,47.4445],[-107.8815,47.4201],[-107.8887,47.4001],[-107.9067,47.3789],[-107.929,47.3621],[-107.9504,47.3554],[-107.9205,47.3922],[-107.9162,47.4063],[-107.9162,47.4646],[-107.9005,47.5011],[-107.9299,47.5711],[-107.9675,47.5956],[-108.2043,47.6017],[-108.1924,47.6079],[-108.1785,47.61],[-108.0094,47.6162],[-107.9726,47.6041],[-107.9402,47.5985],[-107.9221,47.5897],[-107.9073,47.5767],[-107.8958,47.5608],[-107.8815,47.5199],[-107.8753,47.4772],[-107.8697,47.4728],[-107.8582,47.4713],[-107.8479,47.4766],[-107.8479,47.4881],[-107.8549,47.5093],[-107.8503,47.5323],[-107.8382,47.5485],[-107.8197,47.5579],[-107.7774,47.5655],[-107.7268,47.5903],[-107.7115,47.6017],[-107.6897,47.6427],[-107.6618,47.6603],[-107.6562,47.6706],[-107.7008,47.6733],[-107.7234,47.68],[-107.7382,47.6912],[-107.7227,47.6974],[-107.7094,47.6951],[-107.6835,47.6836],[-107.6214,47.6836],[-107.5548,47.6774],[-107.5199,47.668],[-107.4841,47.6474],[-107.4398,47.6427],[-107.4332,47.6491],[-107.4229,47.6912],[-107.406,47.7083],[-107.3334,47.7525],[-107.3272,47.7463],[-107.3459,47.7283],[-107.3443,47.7177],[-107.3288,47.7124],[-107.2891,47.7089],[-107.2423,47.6962],[-107.2126,47.6815],[-107.1893,47.6827],[-107.126,47.6962],[-107.1082,47.6968],[-107.0573,47.6906],[-107.0209,47.6959],[-106.9331,47.6974],[-106.9195,47.7006],[-106.8997,47.7221],[-106.9007,47.7333],[-106.9157,47.7463],[-106.9559,47.7575],[-106.9983,47.7595],[-106.9803,47.7713],[-106.9626,47.7772],[-106.9441,47.7775],[-106.8916,47.7628],[-106.8795,47.7663],[-106.8885,47.7875],[-106.8821,47.7937],[-106.867,47.7839],[-106.8526,47.7801],[-106.8233,47.7798],[-106.8032,47.7881],[-106.7784,47.7736],[-106.7581,47.7731],[-106.7722,47.7981],[-106.7035,47.814],[-106.7148,47.8322],[-106.6955,47.8343],[-106.6648,47.8313],[-106.6413,47.8346],[-106.6481,47.8419],[-106.6215,47.8481],[-106.6206,47.8596],[-106.5731,47.8693],[-106.5867,47.8896],[-106.5636,47.8952],[-106.5498,47.9144],[-106.5548,47.9347],[-106.5873,47.9444],[-106.623,47.9444],[-106.6399,47.9491],[-106.6383,47.9614],[-106.6269,47.9659],[-106.5731,47.9718],[-106.5254,47.9921],[-106.4905,47.9853],[-106.4759,47.9971],[-106.4488,48.0024],[-106.4197,48.0168],[-106.3755,48.0221],[-106.3465,48.0339],[-106.3383,48.0209],[-106.3418,47.9912],[-106.3211,47.9806],[-106.285,47.9511],[-106.3014,47.9482],[-106.3639,47.965],[-106.3729,47.9559],[-106.3682,47.935],[-106.354,47.8999],[-106.3535,47.8737],[-106.3465,47.8625],[-106.3401,47.8572],[-106.3199,47.8552],[-106.318,47.839],[-106.313,47.8346],[-106.2886,47.8308],[-106.2376,47.8349],[-106.2167,47.8284],[-106.231,47.819],[-106.279,47.8072],[-106.2671,47.7707],[-106.2571,47.7601],[-106.2304,47.7595],[-106.2322,47.7519],[-106.2379,47.7463],[-106.2304,47.7389],[-106.2438,47.7407],[-106.2516,47.7463],[-106.2538,47.7298],[-106.2447,47.7115],[-106.2236,47.6836],[-106.2113,47.6532],[-106.21,47.6427],[-106.2256,47.617],[-106.2203,47.6056]]]}},{"type":"Feature","properties":{},"bbox":[-103.811627,47.451022,-101.105243,48.190759],"geometry":{"type":"Polygon","coordinates":[[[-102.0911,47.5608],[-102.1576,47.5655],[-102.1922,47.572],[-102.2416,47.5973],[-102.2743,47.605],[-102.3052,47.605],[-102.3239,47.5956],[-102.3176,47.5811],[-102.3734,47.5908],[-102.3969,47.5861],[-102.4238,47.5641],[-102.4346,47.5305],[-102.4412,47.5402],[-102.4427,47.5552],[-102.4361,47.5752],[-102.4412,47.5882],[-102.4133,47.5956],[-102.4269,47.6162],[-102.3723,47.6162],[-102.3375,47.6273],[-102.302,47.6306],[-102.2961,47.6365],[-102.2971,47.6706],[-102.2798,47.6939],[-102.2761,47.7042],[-102.2783,47.7168],[-102.2936,47.7354],[-102.306,47.7595],[-102.3269,47.7675],[-102.3517,47.7686],[-102.4184,47.7613],[-102.5035,47.7845],[-102.6008,47.7981],[-102.6249,47.8048],[-102.6436,47.8175],[-102.6546,47.8358],[-102.6577,47.8552],[-102.6521,47.9341],[-102.6468,47.9494],[-102.633,47.965],[-102.5781,47.9876],[-102.5715,47.9988],[-102.5806,48.0077],[-102.633,48.0127],[-102.7524,48.0969],[-102.818,48.1225],[-102.8613,48.1301],[-102.9961,48.1363],[-103.0432,48.1472],[-103.0885,48.1498],[-103.1318,48.1428],[-103.1748,48.1298],[-103.1924,48.1157],[-103.2169,48.0765],[-103.2325,48.0577],[-103.2509,48.0495],[-103.3439,48.0453],[-103.3885,48.0383],[-103.4384,48.0074],[-103.4607,47.9997],[-103.4827,47.9988],[-103.5009,48.0071],[-103.5199,48.0218],[-103.5479,48.0503],[-103.5588,48.0712],[-103.5694,48.1157],[-103.5783,48.1298],[-103.7488,48.0347],[-103.7707,48.0262],[-103.7753,48.0501],[-103.8047,48.0721],[-103.8116,48.0854],[-103.8003,48.0907],[-103.7298,48.1083],[-103.7076,48.1178],[-103.663,48.1437],[-103.6438,48.1601],[-103.6356,48.1619],[-103.5957,48.1566],[-103.5663,48.1622],[-103.551,48.1566],[-103.5342,48.1448],[-103.5239,48.1281],[-103.5174,48.0854],[-103.5106,48.0633],[-103.4934,48.0509],[-103.471,48.0459],[-103.4485,48.0468],[-103.4076,48.0542],[-103.3795,48.0718],[-103.3349,48.0889],[-103.2862,48.0813],[-103.2704,48.0816],[-103.2406,48.0992],[-103.202,48.1584],[-103.1643,48.171],[-103.1263,48.1772],[-103.0851,48.1772],[-102.9961,48.1908],[-102.7111,48.1337],[-102.6732,48.1148],[-102.5943,48.0489],[-102.5778,48.0406],[-102.5339,48.0327],[-102.5289,48.0259],[-102.5437,48.0059],[-102.5952,47.9547],[-102.605,47.9382],[-102.6071,47.9261],[-102.605,47.8967],[-102.633,47.8625],[-102.6072,47.8316],[-102.5721,47.8196],[-102.4821,47.8072],[-102.4355,47.7922],[-102.4109,47.7925],[-102.4002,47.8107],[-102.3929,47.8166],[-102.3669,47.8266],[-102.3691,47.8381],[-102.4134,47.8793],[-102.4205,47.902],[-102.4269,47.9444],[-102.4265,47.9694],[-102.4183,47.9765],[-102.376,47.9718],[-102.367,47.9679],[-102.3539,47.95],[-102.3455,47.9444],[-102.332,47.9432],[-102.3255,47.9467],[-102.3176,47.9582],[-102.283,47.9823],[-102.2672,47.985],[-102.2419,47.9791],[-102.2419,47.9718],[-102.277,47.9562],[-102.2842,47.9456],[-102.2693,47.9382],[-102.275,47.9273],[-102.2848,47.9205],[-102.3108,47.917],[-102.2976,47.9111],[-102.2917,47.9005],[-102.2904,47.8723],[-102.2674,47.8452],[-102.2453,47.8001],[-102.2419,47.7875],[-102.2531,47.7513],[-102.2419,47.7389],[-102.2263,47.7513],[-102.2118,47.7507],[-102.1873,47.7389],[-102.1677,47.7377],[-102.1267,47.7416],[-102.1053,47.7389],[-102.1053,47.7321],[-102.1252,47.7242],[-102.214,47.7248],[-102.206,47.6842],[-102.1998,47.6786],[-102.2053,47.6653],[-102.2249,47.66],[-102.2353,47.6385],[-102.2203,47.6306],[-102.173,47.6291],[-102.127,47.6188],[-102.1046,47.61],[-102.0791,47.5935],[-102.0298,47.5861],[-101.9955,47.5676],[-101.9704,47.5591],[-101.949,47.5576],[-101.9099,47.5608],[-101.8621,47.554],[-101.8469,47.5558],[-101.8111,47.5676],[-101.7604,47.5641],[-101.7021,47.5535],[-101.6453,47.5499],[-101.5983,47.5676],[-101.5893,47.5779],[-101.6026,47.5923],[-101.612,47.6091],[-101.5675,47.5956],[-101.5178,47.6017],[-101.4794,47.5923],[-101.4177,47.6091],[-101.3922,47.6017],[-101.3628,47.6179],[-101.3341,47.6235],[-101.266,47.6223],[-101.2362,47.6324],[-101.2084,47.6518],[-101.181,47.665],[-101.1526,47.6565],[-101.1663,47.6462],[-101.1551,47.63],[-101.1151,47.5988],[-101.1052,47.5776],[-101.1244,47.5679],[-101.1553,47.5655],[-101.1806,47.5676],[-101.2262,47.5805],[-101.2523,47.5832],[-101.2499,47.554],[-101.273,47.5452],[-101.3453,47.5367],[-101.3716,47.5019],[-101.3821,47.4966],[-101.4398,47.5305],[-101.4663,47.5417],[-101.4884,47.5464],[-101.5643,47.5252],[-101.5917,47.5114],[-101.618,47.5131],[-101.6734,47.4919],[-101.6903,47.4916],[-101.7349,47.4993],[-101.7629,47.4858],[-101.8004,47.4749],[-101.827,47.4737],[-101.8679,47.4813],[-101.8981,47.4796],[-101.8931,47.451],[-101.9165,47.4546],[-101.9395,47.4669],[-101.9529,47.4849],[-101.9477,47.5061],[-101.9892,47.5175],[-102.0644,47.5461],[-102.0886,47.5343],[-102.0961,47.5349],[-102.1053,47.5402],[-102.0911,47.5608]]]}},{"type":"Feature","properties":{},"bbox":[-101.221517,44.435556,-100.247613,46.719822],"geometry":{"type":"Polygon","coordinates":[[[-100.2641,45.0293],[-100.2796,45.0084],[-100.296,44.9981],[-100.3158,45.0028],[-100.3399,45.0155],[-100.3654,45.0234],[-100.3886,45.0149],[-100.3992,44.9999],[-100.4063,44.981],[-100.4088,44.9592],[-100.406,44.9366],[-100.379,44.8871],[-100.3786,44.8812],[-100.3902,44.8706],[-100.4008,44.853],[-100.4384,44.8297],[-100.4566,44.8035],[-100.522,44.7579],[-100.5627,44.7443],[-100.5869,44.7443],[-100.6081,44.7546],[-100.6424,44.7844],[-100.6634,44.7956],[-100.6865,44.7988],[-100.6739,44.7835],[-100.629,44.7449],[-100.5954,44.7223],[-100.601,44.689],[-100.625,44.6343],[-100.6206,44.6119],[-100.6059,44.5986],[-100.567,44.5766],[-100.5449,44.5724],[-100.4972,44.6066],[-100.4749,44.6136],[-100.4875,44.5975],[-100.4918,44.5807],[-100.4859,44.5671],[-100.4674,44.5598],[-100.4738,44.548],[-100.4855,44.5359],[-100.5507,44.4894],[-100.5461,44.4841],[-100.4799,44.4862],[-100.4467,44.4924],[-100.4203,44.5044],[-100.3997,44.4894],[-100.3849,44.4697],[-100.3913,44.4453],[-100.3995,44.4367],[-100.4297,44.4491],[-100.4591,44.4532],[-100.5152,44.45],[-100.5561,44.4356],[-100.5667,44.4394],[-100.5836,44.4532],[-100.6119,44.4638],[-100.6591,44.5189],[-100.6222,44.5168],[-100.6113,44.5189],[-100.5704,44.5386],[-100.5704,44.5454],[-100.5932,44.5454],[-100.6226,44.5501],[-100.6482,44.5604],[-100.6591,44.5766],[-100.665,44.5769],[-100.6858,44.5898],[-100.6771,44.5983],[-100.6746,44.6101],[-100.6734,44.6684],[-100.6812,44.6808],[-100.6808,44.6872],[-100.6697,44.6999],[-100.6674,44.7149],[-100.6839,44.7299],[-100.708,44.7405],[-100.728,44.7441],[-100.7586,44.7293],[-100.7691,44.7299],[-100.7729,44.7379],[-100.7711,44.7499],[-100.7733,44.7605],[-100.7892,44.7652],[-100.8667,44.7702],[-100.892,44.7652],[-100.9329,44.7441],[-100.9619,44.7529],[-100.9988,44.7273],[-101.0218,44.7234],[-101.1323,44.7399],[-101.1831,44.7137],[-101.2215,44.7031],[-101.2061,44.7267],[-101.1871,44.7432],[-101.1387,44.7682],[-101.1073,44.772],[-101.0397,44.7594],[-100.9737,44.7817],[-100.9676,44.7888],[-100.9818,44.807],[-100.9813,44.8129],[-100.9759,44.8165],[-100.9258,44.8282],[-100.9121,44.8265],[-100.8992,44.8076],[-100.8829,44.805],[-100.8509,44.8062],[-100.8758,44.8424],[-100.8783,44.858],[-100.8698,44.86],[-100.8202,44.8206],[-100.7794,44.8126],[-100.7595,44.8153],[-100.7486,44.8335],[-100.7535,44.8435],[-100.781,44.8668],[-100.7895,44.8812],[-100.7728,44.8827],[-100.7627,44.8951],[-100.7477,44.8862],[-100.7002,44.8812],[-100.6669,44.855],[-100.6335,44.8624],[-100.6125,44.84],[-100.5841,44.7926],[-100.5577,44.7829],[-100.5432,44.7964],[-100.537,44.8206],[-100.5356,44.8435],[-100.5471,44.8827],[-100.5461,44.8915],[-100.534,44.8959],[-100.5223,44.8883],[-100.5083,44.8677],[-100.4933,44.8759],[-100.4747,44.8597],[-100.4612,44.8547],[-100.4537,44.8589],[-100.4264,44.888],[-100.4384,44.9015],[-100.446,44.9207],[-100.4537,44.9639],[-100.4537,44.991],[-100.4749,45.0284],[-100.471,45.0525],[-100.4603,45.0534],[-100.444,45.0449],[-100.4233,45.039],[-100.4145,45.0411],[-100.3999,45.0511],[-100.3886,45.0531],[-100.3371,45.0531],[-100.3499,45.0849],[-100.3511,45.1108],[-100.3253,45.1735],[-100.3228,45.1924],[-100.3371,45.203],[-100.3031,45.2392],[-100.31,45.281],[-100.3374,45.311],[-100.3649,45.3128],[-100.3888,45.3469],[-100.4029,45.3575],[-100.4847,45.3672],[-100.5156,45.3657],[-100.5953,45.3366],[-100.6625,45.334],[-100.6998,45.3263],[-100.7143,45.3263],[-100.6806,45.3516],[-100.6185,45.3696],[-100.4772,45.3928],[-100.4629,45.3969],[-100.4503,45.4055],[-100.4379,45.4064],[-100.3954,45.3816],[-100.3696,45.3755],[-100.348,45.366],[-100.3269,45.366],[-100.303,45.389],[-100.3227,45.4217],[-100.3364,45.4367],[-100.3601,45.4517],[-100.3876,45.4897],[-100.4094,45.4982],[-100.4547,45.5029],[-100.4707,45.5112],[-100.4878,45.5256],[-100.5084,45.5541],[-100.5208,45.5656],[-100.5356,45.5665],[-100.5337,45.5812],[-100.5373,45.5895],[-100.5702,45.5986],[-100.6064,45.6475],[-100.6216,45.6581],[-100.64,45.6604],[-100.6661,45.6554],[-100.6661,45.6628],[-100.6468,45.6734],[-100.6269,45.6772],[-100.5872,45.6763],[-100.578,45.6725],[-100.5598,45.6457],[-100.5483,45.638],[-100.5152,45.628],[-100.4991,45.6092],[-100.4918,45.6051],[-100.4749,45.608],[-100.4625,45.6154],[-100.439,45.653],[-100.4264,45.6869],[-100.4203,45.6907],[-100.353,45.6901],[-100.343,45.6937],[-100.3371,45.7037],[-100.3399,45.7152],[-100.3601,45.7378],[-100.3702,45.7676],[-100.406,45.8197],[-100.4192,45.8626],[-100.4314,45.8768],[-100.4575,45.8818],[-100.4818,45.8803],[-100.4911,45.8832],[-100.4983,45.9024],[-100.5295,45.9159],[-100.5432,45.9283],[-100.5564,45.9462],[-100.5664,45.9674],[-100.5724,45.996],[-100.5776,46.006],[-100.5851,46.0148],[-100.6075,46.0207],[-100.6129,46.0272],[-100.6313,46.0805],[-100.6621,46.0972],[-100.6661,46.1117],[-100.664,46.1173],[-100.655,46.1217],[-100.654,46.1305],[-100.6633,46.1438],[-100.6814,46.1591],[-100.6865,46.17],[-100.6705,46.17],[-100.6572,46.1773],[-100.635,46.2009],[-100.5885,46.2168],[-100.5767,46.2312],[-100.5748,46.2465],[-100.5903,46.2827],[-100.5861,46.2959],[-100.5677,46.3204],[-100.5636,46.3374],[-100.5658,46.3698],[-100.5745,46.3945],[-100.5922,46.4102],[-100.6216,46.4154],[-100.6226,46.4207],[-100.5976,46.4572],[-100.5975,46.487],[-100.6023,46.5035],[-100.6113,46.5123],[-100.5925,46.5344],[-100.593,46.5588],[-100.606,46.5824],[-100.625,46.6012],[-100.6507,46.6141],[-100.7098,46.6321],[-100.7524,46.658],[-100.806,46.681],[-100.8168,46.701],[-100.8062,46.7198],[-100.7809,46.7157],[-100.728,46.6839],[-100.7076,46.6913],[-100.6553,46.6751],[-100.6384,46.6636],[-100.6216,46.6389],[-100.6013,46.628],[-100.5638,46.6244],[-100.5493,46.6074],[-100.5448,46.5877],[-100.549,46.4893],[-100.5674,46.4649],[-100.5704,46.4434],[-100.563,46.4255],[-100.5405,46.3943],[-100.5356,46.3716],[-100.5356,46.3307],[-100.5383,46.3192],[-100.5561,46.2933],[-100.559,46.28],[-100.5493,46.2591],[-100.5493,46.2209],[-100.5588,46.2062],[-100.5985,46.1708],[-100.6045,46.1493],[-100.5979,46.1364],[-100.5561,46.1214],[-100.5811,46.1058],[-100.5869,46.0896],[-100.5791,46.0725],[-100.5302,46.0045],[-100.5084,45.9807],[-100.4685,45.9612],[-100.4223,45.9189],[-100.4057,45.8938],[-100.3892,45.8927],[-100.3708,45.8974],[-100.3378,45.9141],[-100.3261,45.9162],[-100.3103,45.9097],[-100.3481,45.8794],[-100.3649,45.8582],[-100.3718,45.8373],[-100.3659,45.8185],[-100.3234,45.7652],[-100.3016,45.7263],[-100.3043,45.696],[-100.3286,45.671],[-100.4138,45.6307],[-100.4279,45.6154],[-100.4332,45.5903],[-100.4387,45.5774],[-100.4481,45.5674],[-100.4518,45.5559],[-100.4394,45.5391],[-100.3764,45.5085],[-100.3612,45.5044],[-100.3352,45.5041],[-100.323,45.5012],[-100.3134,45.4947],[-100.3066,45.4829],[-100.303,45.4505],[-100.2941,45.4358],[-100.2619,45.402],[-100.2584,45.3834],[-100.2647,45.3716],[-100.2885,45.3475],[-100.2959,45.3325],[-100.295,45.3225],[-100.2573,45.2748],[-100.2504,45.2607],[-100.2476,45.2477],[-100.2497,45.2386],[-100.2619,45.2165],[-100.2551,45.1859],[-100.2716,45.1414],[-100.2787,45.1314],[-100.3003,45.1135],[-100.3077,45.1014],[-100.3103,45.0837],[-100.3028,45.0696],[-100.2851,45.0652],[-100.2642,45.0673],[-100.2476,45.0731],[-100.2525,45.0531],[-100.2641,45.0293]]]}},{"type":"Feature","properties":{},"bbox":[-75.423003,48.261407,-74.057153,48.821287],"geometry":{"type":"Polygon","coordinates":[[[-74.0714,48.3524],[-74.0572,48.3485],[-74.0814,48.3403],[-74.1048,48.3485],[-74.1275,48.3618],[-74.1497,48.3689],[-74.2014,48.373],[-74.2298,48.3718],[-74.2489,48.3627],[-74.2517,48.353],[-74.2422,48.3279],[-74.2501,48.3088],[-74.2545,48.307],[-74.261,48.3329],[-74.2857,48.3706],[-74.2974,48.3833],[-74.3384,48.3968],[-74.349,48.4271],[-74.3839,48.4377],[-74.4407,48.4789],[-74.4647,48.489],[-74.4902,48.4957],[-74.514,48.4948],[-74.5333,48.4825],[-74.5399,48.4636],[-74.5373,48.4413],[-74.53,48.4215],[-74.5233,48.4098],[-74.5109,48.4001],[-74.4821,48.3865],[-74.4687,48.3765],[-74.46,48.3627],[-74.4517,48.3359],[-74.4407,48.3218],[-74.4532,48.3029],[-74.4743,48.28],[-74.494,48.2688],[-74.5028,48.2838],[-74.4994,48.2935],[-74.485,48.3132],[-74.4818,48.3247],[-74.4853,48.3462],[-74.5028,48.3627],[-74.5514,48.3977],[-74.5693,48.436],[-74.5908,48.4366],[-74.6044,48.423],[-74.5916,48.4036],[-74.5985,48.3968],[-74.625,48.4168],[-74.6356,48.4286],[-74.64,48.4413],[-74.6641,48.4292],[-74.673,48.4142],[-74.6605,48.3968],[-74.6681,48.3636],[-74.6736,48.3553],[-74.6869,48.3477],[-74.6955,48.3482],[-74.7,48.3553],[-74.7015,48.3659],[-74.6871,48.4003],[-74.7083,48.4377],[-74.7078,48.4666],[-74.719,48.486],[-74.7227,48.4884],[-74.7287,48.4863],[-74.7342,48.4795],[-74.722,48.4619],[-74.7171,48.39],[-74.722,48.3765],[-74.7357,48.3812],[-74.7442,48.4033],[-74.7538,48.4575],[-74.777,48.5001],[-74.7909,48.5137],[-74.8391,48.5246],[-74.8627,48.5331],[-74.8728,48.5508],[-74.8658,48.5879],[-74.8708,48.5982],[-74.8931,48.5955],[-74.9369,48.562],[-74.9547,48.5546],[-74.933,48.5805],[-74.9274,48.5952],[-74.9417,48.6017],[-74.9508,48.5946],[-74.9609,48.5784],[-74.9888,48.5246],[-74.9751,48.4863],[-74.9626,48.4792],[-74.948,48.4781],[-74.9352,48.4842],[-74.928,48.4993],[-74.9138,48.4925],[-74.94,48.4642],[-75.0174,48.4804],[-75.0297,48.4448],[-75.0303,48.4283],[-75.025,48.4251],[-75.0096,48.4242],[-75.0009,48.4189],[-74.9865,48.3959],[-74.9757,48.3906],[-74.9539,48.3956],[-74.948,48.3942],[-74.9397,48.373],[-74.9479,48.3418],[-74.9553,48.353],[-74.9866,48.3585],[-74.9909,48.3759],[-74.9962,48.3833],[-75.0237,48.388],[-75.0311,48.3709],[-75.0297,48.3353],[-75.0393,48.3353],[-75.0603,48.3468],[-75.0646,48.3518],[-75.0627,48.3621],[-75.0515,48.3906],[-75.053,48.4333],[-75.0573,48.4542],[-75.0646,48.4651],[-75.0861,48.4386],[-75.0941,48.4215],[-75.0888,48.4068],[-75.0787,48.3927],[-75.0798,48.3789],[-75.0924,48.3485],[-75.1116,48.282],[-75.1273,48.2614],[-75.1464,48.2808],[-75.1492,48.2961],[-75.137,48.3167],[-75.1303,48.3394],[-75.1129,48.3485],[-75.1141,48.358],[-75.1248,48.3671],[-75.126,48.3765],[-75.1238,48.3862],[-75.1095,48.3939],[-75.1054,48.4009],[-75.1129,48.4207],[-75.1151,48.4731],[-75.1198,48.4863],[-75.0709,48.4863],[-75.0577,48.4925],[-75.0361,48.5299],[-74.9965,48.5596],[-74.984,48.5882],[-74.9765,48.6191],[-74.9751,48.6332],[-74.9815,48.645],[-74.9957,48.635],[-75.0199,48.6055],[-75.0314,48.5958],[-75.043,48.5908],[-75.0751,48.5887],[-75.0857,48.5823],[-75.0904,48.5826],[-75.0939,48.5987],[-75.0976,48.6023],[-75.1095,48.5985],[-75.1175,48.5867],[-75.1133,48.5781],[-75.0851,48.5681],[-75.1007,48.5519],[-75.1272,48.5514],[-75.1806,48.5608],[-75.1563,48.5193],[-75.1515,48.4998],[-75.1669,48.4789],[-75.2087,48.4613],[-75.2155,48.4516],[-75.2121,48.4348],[-75.1669,48.4377],[-75.1548,48.4263],[-75.1525,48.4139],[-75.1593,48.403],[-75.1744,48.3968],[-75.1794,48.4133],[-75.1874,48.4174],[-75.2155,48.4036],[-75.2602,48.3959],[-75.2707,48.3968],[-75.2942,48.4071],[-75.3089,48.4098],[-75.3253,48.4036],[-75.3315,48.4098],[-75.2945,48.4454],[-75.2861,48.4675],[-75.3048,48.4863],[-75.3267,48.4648],[-75.3543,48.3956],[-75.373,48.3765],[-75.3824,48.3856],[-75.3525,48.4725],[-75.3693,48.466],[-75.3812,48.4575],[-75.4181,48.4245],[-75.423,48.4277],[-75.4215,48.4548],[-75.4173,48.4678],[-75.4068,48.4795],[-75.3584,48.5143],[-75.3594,48.5402],[-75.3253,48.5266],[-75.295,48.5381],[-75.2874,48.5372],[-75.2699,48.5278],[-75.2499,48.5284],[-75.2324,48.5375],[-75.2222,48.5546],[-75.2583,48.5614],[-75.3267,48.559],[-75.334,48.5628],[-75.3253,48.5749],[-75.3167,48.5802],[-75.2779,48.584],[-75.2796,48.5961],[-75.2769,48.6017],[-75.2655,48.6149],[-75.259,48.617],[-75.2564,48.6055],[-75.2393,48.5852],[-75.2112,48.5826],[-75.1718,48.599],[-75.1404,48.6241],[-75.1366,48.6467],[-75.1481,48.6647],[-75.1163,48.6609],[-75.0789,48.6829],[-75.0696,48.6921],[-75.0851,48.6985],[-75.0736,48.7124],[-75.0618,48.7224],[-75.0297,48.7395],[-75.0236,48.7333],[-75.0431,48.7168],[-75.052,48.7038],[-75.0515,48.6912],[-75.0458,48.6891],[-75.0236,48.6985],[-75.0031,48.6706],[-74.9695,48.7035],[-74.9511,48.7159],[-74.928,48.7188],[-74.928,48.7121],[-74.9488,48.6974],[-74.9579,48.6865],[-74.9616,48.6744],[-74.9547,48.6644],[-74.9392,48.6632],[-74.9138,48.6706],[-74.9027,48.7127],[-74.8967,48.7188],[-74.879,48.7121],[-74.8728,48.7333],[-74.8493,48.7474],[-74.8412,48.7556],[-74.838,48.771],[-74.8338,48.7712],[-74.8045,48.753],[-74.7761,48.7533],[-74.762,48.7571],[-74.756,48.7636],[-74.7514,48.7895],[-74.7432,48.7936],[-74.7287,48.788],[-74.7357,48.7742],[-74.7196,48.7754],[-74.6946,48.7942],[-74.6487,48.8045],[-74.6363,48.8113],[-74.5814,48.8213],[-74.5677,48.8207],[-74.5551,48.8183],[-74.5511,48.8142],[-74.5643,48.8077],[-74.5714,48.7898],[-74.5565,48.7821],[-74.5096,48.7742],[-74.49,48.7612],[-74.4882,48.7486],[-74.5006,48.7368],[-74.5592,48.703],[-74.5867,48.6685],[-74.5963,48.632],[-74.5779,48.6017],[-74.5898,48.5796],[-74.5929,48.5667],[-74.5882,48.5608],[-74.5774,48.5649],[-74.5714,48.5861],[-74.5643,48.5955],[-74.4754,48.5955],[-74.4754,48.5887],[-74.5171,48.5749],[-74.5177,48.5634],[-74.5061,48.5387],[-74.4991,48.534],[-74.4802,48.5346],[-74.4653,48.5508],[-74.4507,48.5802],[-74.4407,48.5887],[-74.4214,48.5943],[-74.4108,48.5932],[-74.3843,48.579],[-74.3895,48.5761],[-74.4007,48.5449],[-74.4317,48.5363],[-74.4345,48.5199],[-74.4281,48.5099],[-74.4161,48.5022],[-74.3718,48.4863],[-74.3564,48.4745],[-74.3405,48.4489],[-74.3196,48.4404],[-74.3105,48.4098],[-74.2921,48.4074],[-74.274,48.4183],[-74.2455,48.448],[-74.2229,48.4636],[-74.2017,48.4692],[-74.1932,48.4636],[-74.208,48.4448],[-74.2402,48.4277],[-74.2489,48.4174],[-74.2369,48.4071],[-74.2398,48.4018],[-74.2489,48.3968],[-74.2489,48.3906],[-74.1496,48.4021],[-74.1044,48.3986],[-74.1125,48.3689],[-74.0714,48.3524]],[[-74.6053,48.7462],[-74.6254,48.7359],[-74.6905,48.6871],[-74.7254,48.6538],[-74.772,48.6205],[-74.7772,48.5985],[-74.7733,48.5831],[-74.7639,48.569],[-74.6946,48.5066],[-74.6705,48.4789],[-74.6627,48.4825],[-74.6781,48.5228],[-74.7184,48.5643],[-74.7405,48.5823],[-74.7424,48.5887],[-74.7342,48.5955],[-74.7223,48.5964],[-74.7015,48.5887],[-74.6905,48.5967],[-74.6531,48.6091],[-74.668,48.6111],[-74.6693,48.6182],[-74.66,48.6261],[-74.6273,48.6335],[-74.6276,48.6426],[-74.6516,48.6782],[-74.6509,48.6874],[-74.6363,48.6912],[-74.6295,48.6968],[-74.6053,48.7333],[-74.6053,48.7462]],[[-74.6007,48.768],[-74.5916,48.7742],[-74.6053,48.7771],[-74.6447,48.7754],[-74.6531,48.7774],[-74.6997,48.7533],[-74.7151,48.753],[-74.7357,48.7395],[-74.7632,48.7412],[-74.7981,48.7353],[-74.829,48.7212],[-74.8449,48.6985],[-74.8123,48.7015],[-74.6373,48.7536],[-74.612,48.7674],[-74.6007,48.768]]]}},{"type":"Feature","properties":{},"bbox":[-118.171739,49.341429,-117.907106,49.80152],"geometry":{"type":"Polygon","coordinates":[[[-117.9183,49.3535],[-117.9071,49.3417],[-117.9202,49.3423],[-117.9589,49.3526],[-118.0783,49.4059],[-118.092,49.4174],[-118.1026,49.4315],[-118.1112,49.4495],[-118.157,49.5201],[-118.1717,49.5581],[-118.1607,49.5961],[-118.17,49.6225],[-118.1641,49.649],[-118.153,49.6735],[-118.143,49.7262],[-118.1317,49.7529],[-118.0924,49.8015],[-118.0926,49.7833],[-118.0993,49.7674],[-118.0999,49.75],[-118.1273,49.6308],[-118.1249,49.6122],[-118.1055,49.5619],[-118.0926,49.5051],[-118.0821,49.4798],[-118.0643,49.4542],[-118.0521,49.4433],[-118.0097,49.4221],[-117.9975,49.4127],[-117.9661,49.3782],[-117.9183,49.3535]]]}},{"type":"Feature","properties":{},"bbox":[-101.323955,29.449184,-100.906253,29.646997],"geometry":{"type":"Polygon","coordinates":[[[-100.9188,29.5066],[-100.9063,29.5036],[-100.9241,29.4998],[-100.9426,29.4766],[-100.9609,29.4839],[-100.9723,29.4804],[-101.0108,29.4848],[-101.0292,29.4771],[-101.0455,29.4512],[-101.0602,29.4492],[-101.086,29.4545],[-101.098,29.4492],[-101.113,29.4666],[-101.1428,29.4754],[-101.1741,29.476],[-101.1937,29.4695],[-101.1989,29.4769],[-101.1841,29.4978],[-101.1849,29.5128],[-101.1952,29.5219],[-101.2142,29.5181],[-101.2452,29.493],[-101.2658,29.4872],[-101.2905,29.4975],[-101.301,29.5128],[-101.2944,29.5207],[-101.2732,29.5242],[-101.2592,29.5334],[-101.2439,29.5549],[-101.232,29.5802],[-101.2278,29.5999],[-101.2392,29.6167],[-101.2605,29.6134],[-101.2813,29.5972],[-101.2953,29.5702],[-101.3176,29.584],[-101.324,29.5925],[-101.3237,29.6031],[-101.3114,29.6282],[-101.3035,29.634],[-101.3035,29.6061],[-101.2623,29.6349],[-101.2395,29.6426],[-101.2142,29.634],[-101.2036,29.6129],[-101.2137,29.5622],[-101.2005,29.5446],[-101.1949,29.5637],[-101.1893,29.5699],[-101.1806,29.5719],[-101.1847,29.5669],[-101.178,29.5552],[-101.1385,29.5134],[-101.0977,29.4928],[-101.0736,29.4892],[-101.0521,29.4913],[-101.0428,29.5007],[-101.0325,29.5416],[-101.0227,29.5463],[-101.0032,29.5463],[-100.9957,29.5522],[-100.9882,29.5446],[-100.9997,29.5316],[-100.9962,29.5225],[-100.9853,29.5192],[-100.9745,29.5242],[-100.9728,29.5504],[-100.9781,29.5758],[-100.9762,29.5934],[-100.9569,29.6161],[-100.9194,29.647],[-100.923,29.6335],[-100.9547,29.6061],[-100.961,29.5819],[-100.9609,29.5555],[-100.9547,29.5142],[-100.9488,29.506],[-100.9188,29.5066]]]}},{"type":"Feature","properties":{},"bbox":[-76.044553,46.683026,-75.675273,47.03332],"geometry":{"type":"Polygon","coordinates":[[[-75.6754,46.9165],[-75.6781,46.8847],[-75.6884,46.8543],[-75.7088,46.8211],[-75.7006,46.7958],[-75.7021,46.7863],[-75.7153,46.7758],[-75.758,46.7557],[-75.7702,46.739],[-75.7681,46.7248],[-75.7355,46.6839],[-75.7492,46.683],[-75.7624,46.6869],[-75.7724,46.6951],[-75.7837,46.7219],[-75.7996,46.7216],[-75.8219,46.711],[-75.8375,46.7136],[-75.847,46.7213],[-75.8529,46.7487],[-75.8567,46.7516],[-75.8768,46.7969],[-75.8946,46.7984],[-75.9212,46.7875],[-75.9627,46.759],[-75.9742,46.7387],[-76.0256,46.7413],[-76.0351,46.749],[-76.0446,46.7657],[-76.0356,46.7755],[-76.003,46.7937],[-75.9891,46.7816],[-75.9766,46.7887],[-75.9721,46.8031],[-75.9826,46.8134],[-75.9826,46.8211],[-75.9564,46.8334],[-75.9458,46.844],[-75.9415,46.8582],[-75.9456,46.8682],[-75.9757,46.8956],[-75.9598,46.8947],[-75.9143,46.8755],[-75.8713,46.8738],[-75.8597,46.8682],[-75.8688,46.8479],[-75.8601,46.8373],[-75.8425,46.8352],[-75.8248,46.8408],[-75.811,46.8535],[-75.8002,46.8714],[-75.7807,46.9527],[-75.7571,46.9789],[-75.7299,47.0021],[-75.7088,47.0333],[-75.7065,47.0195],[-75.7331,46.9847],[-75.7521,46.9538],[-75.7665,46.9212],[-75.7702,46.8956],[-75.7549,46.8779],[-75.728,46.8847],[-75.6754,46.9165]]]}},{"type":"Feature","properties":{},"bbox":[-120.662207,47.834873,-119.981195,48.334115],"geometry":{"type":"Polygon","coordinates":[[[-120.0012,47.8555],[-119.9812,47.8349],[-120.0089,47.8511],[-120.1163,47.8693],[-120.16,47.8826],[-120.1824,47.894],[-120.1921,47.9067],[-120.1924,47.9506],[-120.1964,47.9688],[-120.2056,47.9853],[-120.2441,48.0156],[-120.2956,48.0374],[-120.4458,48.0718],[-120.4632,48.0783],[-120.4809,48.0921],[-120.4938,48.1086],[-120.5262,48.1634],[-120.5455,48.171],[-120.553,48.1908],[-120.5685,48.2067],[-120.5792,48.2146],[-120.6148,48.2234],[-120.6235,48.2376],[-120.6267,48.2579],[-120.6348,48.2808],[-120.6575,48.3035],[-120.6622,48.3144],[-120.6615,48.3235],[-120.6569,48.3309],[-120.6516,48.3341],[-120.6256,48.3106],[-120.6189,48.2929],[-120.5895,48.2449],[-120.5727,48.2323],[-120.5294,48.2084],[-120.4517,48.1024],[-120.4191,48.0833],[-120.2807,48.0533],[-120.2263,48.0339],[-120.1794,48.0062],[-120.1574,47.9718],[-120.1663,47.9264],[-120.151,47.9102],[-120.1185,47.8955],[-120.0548,47.8852],[-120.0265,47.8731],[-120.0012,47.8555]]]}},{"type":"Feature","properties":{},"bbox":[-119.698017,36.999918,-119.600877,37.062618],"geometry":{"type":"Polygon","coordinates":[[[-119.6082,37.0547],[-119.6009,37.0626],[-119.6009,37.042],[-119.6082,37.0288],[-119.648,37.0079],[-119.6821,36.9999],[-119.698,37.0005],[-119.6927,37.0111],[-119.6586,37.0323],[-119.6397,37.0382],[-119.6082,37.0547]]]}},{"type":"Feature","properties":{},"bbox":[-70.993412,49.322295,-69.733533,49.918088],"geometry":{"type":"Polygon","coordinates":[[[-70.0276,49.3968],[-70.0435,49.4053],[-70.0737,49.4327],[-70.0906,49.4421],[-70.1034,49.4656],[-70.1443,49.4801],[-70.1515,49.513],[-70.1498,49.5322],[-70.1406,49.5407],[-70.1231,49.5454],[-70.1275,49.5563],[-70.1586,49.5754],[-70.1611,49.6093],[-70.2098,49.6373],[-70.2747,49.6487],[-70.3259,49.634],[-70.3507,49.6114],[-70.3651,49.5916],[-70.3702,49.5787],[-70.3683,49.5707],[-70.3566,49.5619],[-70.3398,49.5192],[-70.3246,49.5036],[-70.302,49.4936],[-70.3358,49.486],[-70.3923,49.5254],[-70.4256,49.5136],[-70.4271,49.5339],[-70.4362,49.5478],[-70.4516,49.5548],[-70.4727,49.5551],[-70.4612,49.5278],[-70.4596,49.513],[-70.4696,49.5066],[-70.4824,49.5045],[-70.5136,49.4863],[-70.5031,49.4656],[-70.5004,49.4392],[-70.5062,49.4118],[-70.5211,49.39],[-70.5266,49.438],[-70.5363,49.458],[-70.5779,49.483],[-70.5976,49.4683],[-70.6587,49.4633],[-70.672,49.4521],[-70.696,49.4654],[-70.7094,49.4577],[-70.7092,49.4403],[-70.6924,49.4247],[-70.7176,49.4236],[-70.7407,49.4495],[-70.7537,49.4871],[-70.7476,49.521],[-70.7403,49.5136],[-70.74,49.5292],[-70.7516,49.546],[-70.769,49.5557],[-70.7853,49.5516],[-70.813,49.5328],[-70.8277,49.531],[-70.837,49.5407],[-70.8077,49.5404],[-70.8099,49.5563],[-70.829,49.5731],[-70.8501,49.5754],[-70.8587,49.5601],[-70.859,49.536],[-70.8531,49.5127],[-70.8433,49.4998],[-70.9098,49.4521],[-70.9398,49.42],[-70.9574,49.3723],[-70.9691,49.3547],[-70.9827,49.3438],[-70.9934,49.3491],[-70.9931,49.3644],[-70.9866,49.3873],[-70.9777,49.4082],[-70.9594,49.4241],[-70.9496,49.4406],[-70.9335,49.491],[-70.8917,49.5272],[-70.872,49.5598],[-70.8417,49.6267],[-70.8227,49.6576],[-70.8228,49.6443],[-70.8356,49.6043],[-70.8333,49.5961],[-70.7941,49.6016],[-70.7757,49.5996],[-70.7444,49.5731],[-70.7375,49.5613],[-70.7335,49.5407],[-70.7096,49.5236],[-70.7039,49.5127],[-70.7129,49.4936],[-70.6547,49.5222],[-70.6452,49.5239],[-70.6421,49.5381],[-70.6338,49.5507],[-70.6104,49.5681],[-70.6175,49.5557],[-70.6216,49.5281],[-70.6272,49.5172],[-70.6568,49.4924],[-70.6583,49.4801],[-70.6431,49.4709],[-70.6206,49.4933],[-70.5731,49.5678],[-70.5663,49.5937],[-70.5557,49.6146],[-70.5059,49.6317],[-70.4777,49.6505],[-70.4653,49.6711],[-70.487,49.6855],[-70.4742,49.6926],[-70.4481,49.6944],[-70.4191,49.6917],[-70.3976,49.6855],[-70.4187,49.6741],[-70.4229,49.6579],[-70.4113,49.6467],[-70.3847,49.6499],[-70.3847,49.6717],[-70.3779,49.6732],[-70.2952,49.6643],[-70.3118,49.6997],[-70.3123,49.7112],[-70.2952,49.7053],[-70.2878,49.7126],[-70.303,49.7379],[-70.3429,49.8227],[-70.4219,49.8972],[-70.4256,49.9181],[-70.4035,49.9045],[-70.3676,49.8742],[-70.3429,49.8636],[-70.3451,49.8875],[-70.3358,49.9034],[-70.3251,49.906],[-70.3226,49.8907],[-70.3081,49.8574],[-70.3145,49.8342],[-70.3055,49.8218],[-70.261,49.7877],[-70.2585,49.7818],[-70.2672,49.7468],[-70.2638,49.7388],[-70.2468,49.7265],[-70.2406,49.6882],[-70.2297,49.6749],[-70.2179,49.6705],[-70.1683,49.6717],[-70.1467,49.6805],[-70.1252,49.7017],[-70.1122,49.7285],[-70.1165,49.7538],[-70.1062,49.74],[-70.0956,49.7091],[-70.0863,49.695],[-70.0835,49.6785],[-70.0884,49.657],[-70.0853,49.6387],[-70.0401,49.6252],[-70.0248,49.6114],[-69.9739,49.5519],[-69.9593,49.5481],[-69.9212,49.5584],[-69.887,49.5445],[-69.8806,49.536],[-69.8585,49.4839],[-69.8544,49.4642],[-69.8352,49.445],[-69.8213,49.3935],[-69.8086,49.3762],[-69.792,49.3653],[-69.7335,49.3429],[-69.7463,49.332],[-69.7628,49.3282],[-69.8327,49.3308],[-69.8497,49.3291],[-69.87,49.3223],[-69.8742,49.3364],[-69.8611,49.3623],[-69.857,49.38],[-69.8629,49.3891],[-69.9041,49.4112],[-69.9234,49.4383],[-69.924,49.4527],[-69.8893,49.4627],[-69.8898,49.4718],[-69.9219,49.5248],[-69.962,49.5278],[-70.0049,49.5169],[-70.0641,49.4818],[-70.0757,49.4701],[-70.076,49.4521],[-70.0662,49.4353],[-70.0382,49.4118],[-70.0276,49.3968]],[[-70.487,49.5407],[-70.4971,49.5519],[-70.4974,49.5757],[-70.5073,49.6014],[-70.5186,49.5972],[-70.5416,49.5681],[-70.5558,49.5136],[-70.5349,49.5107],[-70.5295,49.5042],[-70.5279,49.4936],[-70.5189,49.5063],[-70.5136,49.521],[-70.5354,49.5272],[-70.5127,49.5375],[-70.487,49.5407]],[[-70.0838,49.4924],[-70.0276,49.5345],[-70.0207,49.5525],[-70.0248,49.5687],[-70.055,49.6034],[-70.0879,49.6143],[-70.1083,49.5707],[-70.1133,49.5142],[-70.0997,49.4863],[-70.0838,49.4924]]]}},{"type":"Feature","properties":{},"bbox":[-99.494777,43.05911,-98.548837,43.99401],"geometry":{"type":"Polygon","coordinates":[[[-98.5718,43.0894],[-98.5488,43.0591],[-98.6991,43.0721],[-98.7206,43.07],[-98.773,43.1348],[-98.7924,43.1409],[-98.867,43.1486],[-98.884,43.1545],[-98.9175,43.1895],[-98.9187,43.1954],[-98.9083,43.2007],[-98.8977,43.2128],[-98.9041,43.234],[-98.9206,43.2434],[-98.9665,43.2507],[-99.005,43.2655],[-99.0407,43.2867],[-99.0721,43.312],[-99.1514,43.3979],[-99.1839,43.4209],[-99.2204,43.435],[-99.2952,43.4536],[-99.3239,43.4727],[-99.3304,43.5039],[-99.3115,43.5266],[-99.3092,43.538],[-99.312,43.5457],[-99.3548,43.5801],[-99.3644,43.6275],[-99.3739,43.6387],[-99.3882,43.6475],[-99.4057,43.6528],[-99.4506,43.6564],[-99.4653,43.6617],[-99.4948,43.689],[-99.477,43.7049],[-99.4578,43.7158],[-99.4365,43.7217],[-99.4122,43.7238],[-99.4305,43.7547],[-99.4327,43.7676],[-99.4284,43.783],[-99.4177,43.79],[-99.3912,43.7983],[-99.3504,43.828],[-99.3314,43.8483],[-99.3235,43.8671],[-99.3271,43.8789],[-99.3363,43.8898],[-99.3485,43.898],[-99.3723,43.9075],[-99.375,43.9219],[-99.3644,43.994],[-99.3429,43.9861],[-99.3361,43.9737],[-99.3501,43.9566],[-99.3501,43.9187],[-99.346,43.9089],[-99.3276,43.8969],[-99.307,43.8613],[-99.3126,43.8498],[-99.3439,43.8224],[-99.351,43.8036],[-99.4054,43.7782],[-99.4159,43.7623],[-99.4137,43.7482],[-99.3912,43.7238],[-99.4459,43.6885],[-99.4499,43.6785],[-99.4405,43.6737],[-99.3865,43.6734],[-99.3753,43.6696],[-99.3576,43.6549],[-99.3449,43.6346],[-99.332,43.5928],[-99.3198,43.576],[-99.2846,43.5486],[-99.2746,43.5327],[-99.275,43.5107],[-99.2912,43.4965],[-99.2853,43.4765],[-99.269,43.465],[-99.1651,43.4427],[-99.1323,43.4209],[-99.0806,43.352],[-99.0485,43.319],[-98.9667,43.2731],[-98.9246,43.2687],[-98.9052,43.2637],[-98.8875,43.2528],[-98.8744,43.2375],[-98.856,43.1819],[-98.8379,43.1763],[-98.796,43.1751],[-98.7611,43.1613],[-98.7446,43.1663],[-98.7369,43.1645],[-98.7296,43.1339],[-98.7185,43.1186],[-98.7031,43.1071],[-98.686,43.1],[-98.6438,43.0959],[-98.6045,43.0971],[-98.5718,43.0894]]]}},{"type":"Feature","properties":{},"bbox":[-99.466959,26.564121,-99.092528,27.057181],"geometry":{"type":"Polygon","coordinates":[[[-99.1279,26.6836],[-99.1523,26.6739],[-99.1382,26.6624],[-99.1365,26.651],[-99.1443,26.646],[-99.1585,26.6536],[-99.1648,26.6286],[-99.1645,26.6165],[-99.1585,26.605],[-99.1486,26.6201],[-99.1454,26.6042],[-99.1448,26.5641],[-99.214,26.5685],[-99.2428,26.5797],[-99.2588,26.6148],[-99.2777,26.638],[-99.282,26.6498],[-99.2774,26.6577],[-99.2403,26.6392],[-99.2449,26.6524],[-99.2403,26.6978],[-99.2546,26.759],[-99.2524,26.799],[-99.2546,26.8105],[-99.2665,26.8179],[-99.2716,26.8329],[-99.2895,26.8447],[-99.3165,26.8223],[-99.3235,26.8105],[-99.3317,26.7825],[-99.3404,26.7731],[-99.3667,26.7613],[-99.3919,26.797],[-99.4122,26.797],[-99.4109,26.8081],[-99.4054,26.8185],[-99.3966,26.8249],[-99.385,26.8249],[-99.3772,26.8167],[-99.3713,26.7831],[-99.3607,26.7805],[-99.3594,26.7905],[-99.3645,26.8105],[-99.3461,26.8408],[-99.3441,26.8552],[-99.3488,26.8997],[-99.3551,26.9203],[-99.3645,26.9347],[-99.4034,26.9521],[-99.414,26.9642],[-99.4018,26.9857],[-99.4,26.9992],[-99.4533,27.0198],[-99.467,27.0475],[-99.4625,27.0572],[-99.4524,27.0534],[-99.4328,27.0372],[-99.3731,27.0157],[-99.3645,27.0066],[-99.3672,26.9706],[-99.3635,26.958],[-99.3502,26.9409],[-99.3349,26.9456],[-99.3236,26.9436],[-99.3123,26.9371],[-99.303,26.9274],[-99.2883,26.8985],[-99.28,26.8929],[-99.2615,26.8932],[-99.2406,26.905],[-99.2051,26.9427],[-99.1858,26.9409],[-99.2053,26.9265],[-99.2119,26.9085],[-99.2204,26.8658],[-99.2353,26.8797],[-99.2391,26.8679],[-99.2353,26.8449],[-99.2266,26.8249],[-99.2204,26.8379],[-99.2072,26.8155],[-99.2036,26.7978],[-99.2137,26.756],[-99.1948,26.7507],[-99.1867,26.7393],[-99.1858,26.7013],[-99.1795,26.7013],[-99.1664,26.7284],[-99.1502,26.7522],[-99.1298,26.7661],[-99.1037,26.7622],[-99.094,26.7552],[-99.0925,26.749],[-99.0992,26.7446],[-99.1295,26.7396],[-99.1458,26.7246],[-99.1585,26.7213],[-99.1296,26.6948],[-99.1279,26.6836]]]}},{"type":"Feature","properties":{},"bbox":[-70.165365,53.926444,-69.232525,54.407435],"geometry":{"type":"Polygon","coordinates":[[[-69.4136,54.071],[-69.4318,54.0713],[-69.424,54.0607],[-69.4122,54.0524],[-69.3834,54.0439],[-69.3834,54.0365],[-69.4177,54.0298],[-69.4352,54.0318],[-69.4626,54.0477],[-69.4761,54.0418],[-69.5164,54.0],[-69.5416,53.9891],[-69.5622,53.9871],[-69.6099,54.0024],[-69.6262,54.003],[-69.6751,53.9953],[-69.69,53.99],[-69.7025,53.9615],[-69.7315,53.9585],[-69.7948,53.9288],[-69.8086,53.9264],[-69.7812,53.9538],[-69.7868,53.9624],[-69.7971,53.9579],[-69.8123,53.9441],[-69.8304,53.9376],[-69.8557,53.9365],[-69.8789,53.94],[-69.8904,53.947],[-69.8823,53.9576],[-69.8725,53.98],[-69.8632,53.9891],[-69.851,53.993],[-69.8376,53.9918],[-69.8285,53.9859],[-69.8291,53.975],[-69.8182,53.9718],[-69.8107,53.9747],[-69.8055,53.9818],[-69.8018,53.9953],[-69.8313,54.005],[-69.8346,54.0127],[-69.8221,54.0227],[-69.8352,54.0439],[-69.7989,54.0439],[-69.7881,54.0401],[-69.7533,54.0159],[-69.7419,54.0133],[-69.716,54.0159],[-69.7037,54.0139],[-69.672,54.0024],[-69.6555,54.0092],[-69.6498,54.0256],[-69.651,54.0674],[-69.663,54.0792],[-69.6906,54.0833],[-69.7206,54.0819],[-69.7403,54.0775],[-69.7403,54.0713],[-69.7092,54.0621],[-69.6957,54.0545],[-69.6919,54.0439],[-69.702,54.0365],[-69.72,54.0354],[-69.7343,54.0415],[-69.7335,54.0568],[-69.7892,54.0586],[-69.808,54.0645],[-69.7949,54.0775],[-69.8267,54.0969],[-69.9047,54.1163],[-69.9389,54.1325],[-69.973,54.1184],[-69.973,54.1251],[-69.9593,54.1325],[-69.973,54.1593],[-69.9799,54.1457],[-69.9992,54.154],[-70.0152,54.1558],[-70.0488,54.1457],[-70.0488,54.1396],[-70.0413,54.1396],[-70.0413,54.1325],[-70.0959,54.1048],[-70.1512,54.0848],[-70.1586,54.0919],[-70.1632,54.1048],[-70.1649,54.1251],[-70.1512,54.1337],[-70.1193,54.1407],[-70.1102,54.1531],[-70.1303,54.1537],[-70.125,54.1628],[-70.1055,54.174],[-70.0829,54.1805],[-70.0565,54.1778],[-70.045,54.184],[-70.0214,54.1669],[-70.0004,54.1675],[-69.9814,54.1755],[-69.9652,54.1875],[-69.9369,54.2164],[-69.9353,54.2246],[-69.9489,54.2282],[-69.9593,54.227],[-69.9667,54.2229],[-69.973,54.2079],[-69.9892,54.2199],[-70.0345,54.2002],[-70.0345,54.2079],[-70.026,54.212],[-69.9914,54.2417],[-69.9734,54.2349],[-69.9525,54.2555],[-69.9297,54.2617],[-69.9041,54.2629],[-69.9107,54.2473],[-69.9059,54.2396],[-69.895,54.2385],[-69.8837,54.2426],[-69.8713,54.2638],[-69.8686,54.2761],[-69.87,54.2903],[-69.8519,54.2918],[-69.8402,54.3015],[-69.8366,54.3124],[-69.8424,54.3177],[-69.8614,54.32],[-69.8819,54.3297],[-69.8943,54.3318],[-69.9527,54.3094],[-69.983,54.3047],[-69.9867,54.3244],[-69.9593,54.3177],[-69.9701,54.3271],[-70.0077,54.338],[-70.0328,54.3562],[-70.0441,54.358],[-70.0488,54.3415],[-70.0638,54.3288],[-70.0925,54.3244],[-70.1112,54.3315],[-70.0959,54.3518],[-70.055,54.3653],[-70.0498,54.3692],[-70.0475,54.3774],[-70.0413,54.3792],[-70.0342,54.3771],[-70.0245,54.3653],[-69.9955,54.348],[-69.9833,54.345],[-69.9402,54.3521],[-69.9246,54.3518],[-69.9321,54.345],[-69.9191,54.3394],[-69.91,54.3436],[-69.8943,54.3621],[-69.8915,54.3709],[-69.9116,54.3995],[-69.9024,54.4045],[-69.8813,54.4074],[-69.87,54.4063],[-69.8822,54.3804],[-69.8789,54.3698],[-69.848,54.3621],[-69.8018,54.338],[-69.8214,54.3256],[-69.8121,54.3115],[-69.7874,54.3003],[-69.7608,54.297],[-69.7865,54.2856],[-69.816,54.2835],[-69.7965,54.2588],[-69.7862,54.2597],[-69.7709,54.2729],[-69.7518,54.2829],[-69.7301,54.2803],[-69.6919,54.2691],[-69.6577,54.2835],[-69.647,54.28],[-69.6299,54.2661],[-69.6339,54.2629],[-69.6702,54.2582],[-69.7062,54.2426],[-69.7001,54.2308],[-69.7028,54.212],[-69.6987,54.2002],[-69.6903,54.2143],[-69.6779,54.2252],[-69.6632,54.2326],[-69.6277,54.2379],[-69.5821,54.2555],[-69.5886,54.2417],[-69.5986,54.2335],[-69.6461,54.2255],[-69.6577,54.2002],[-69.6985,54.1955],[-69.7092,54.1908],[-69.7471,54.1531],[-69.7815,54.1422],[-69.7915,54.136],[-69.7915,54.1298],[-69.7774,54.1307],[-69.7471,54.1396],[-69.7041,54.1696],[-69.68,54.1775],[-69.651,54.1737],[-69.651,54.1669],[-69.6636,54.1619],[-69.7062,54.1593],[-69.7014,54.1469],[-69.7206,54.1316],[-69.726,54.1184],[-69.714,54.1213],[-69.6851,54.1184],[-69.6563,54.1369],[-69.6435,54.1396],[-69.6268,54.1363],[-69.6248,54.1175],[-69.6168,54.1048],[-69.6011,54.0963],[-69.5944,54.1019],[-69.5887,54.1184],[-69.5694,54.1151],[-69.5363,54.083],[-69.5144,54.0713],[-69.4983,54.0704],[-69.466,54.0848],[-69.4345,54.0777],[-69.4208,54.0783],[-69.4108,54.091],[-69.4455,54.091],[-69.4293,54.1028],[-69.4247,54.1107],[-69.4386,54.1325],[-69.4059,54.1281],[-69.3918,54.1298],[-69.3772,54.1396],[-69.3807,54.1243],[-69.4027,54.1101],[-69.4108,54.0978],[-69.3953,54.096],[-69.3747,54.0719],[-69.356,54.0639],[-69.3361,54.0636],[-69.3002,54.071],[-69.2804,54.0713],[-69.2858,54.0554],[-69.2715,54.0524],[-69.2325,54.0568],[-69.2852,54.0327],[-69.3126,54.0254],[-69.3391,54.0227],[-69.3481,54.0271],[-69.3573,54.046],[-69.3878,54.0545],[-69.4136,54.071]],[[-69.7842,54.1696],[-69.7631,54.1755],[-69.7403,54.1873],[-69.765,54.194],[-69.8291,54.194],[-69.8458,54.1852],[-69.8055,54.1708],[-69.7842,54.1696]]]}},{"type":"Feature","properties":{},"bbox":[-69.25372,53.42367,-68.616863,54.056848],"geometry":{"type":"Polygon","coordinates":[[[-68.8216,53.872],[-68.7851,53.8593],[-68.7701,53.8576],[-68.7311,53.8623],[-68.7186,53.8576],[-68.7409,53.8458],[-68.767,53.8446],[-68.767,53.8378],[-68.728,53.8373],[-68.7116,53.8322],[-68.6776,53.8102],[-68.6169,53.7963],[-68.6169,53.7902],[-68.6647,53.7902],[-68.6946,53.8043],[-68.7049,53.8037],[-68.7193,53.7896],[-68.7087,53.776],[-68.6782,53.7551],[-68.7028,53.7539],[-68.7156,53.7495],[-68.7218,53.7413],[-68.7306,53.7098],[-68.7398,53.7007],[-68.7636,53.6927],[-68.767,53.6801],[-68.7323,53.6727],[-68.7412,53.6547],[-68.7277,53.6494],[-68.6913,53.6462],[-68.6877,53.633],[-68.6952,53.6182],[-68.7093,53.6071],[-68.7261,53.6044],[-68.7022,53.5982],[-68.6918,53.5929],[-68.6844,53.5847],[-68.7323,53.577],[-68.7529,53.557],[-68.767,53.5567],[-68.7798,53.5711],[-68.8167,53.5909],[-68.8597,53.6071],[-68.8905,53.6112],[-68.8705,53.6024],[-68.8644,53.5959],[-68.8632,53.5703],[-68.8509,53.5288],[-68.8496,53.5126],[-68.8581,53.5005],[-68.8956,53.4964],[-68.9092,53.4666],[-68.9214,53.4543],[-68.937,53.4443],[-68.952,53.4399],[-68.9367,53.4528],[-68.9377,53.4678],[-68.9561,53.4717],[-68.9595,53.4781],[-68.9532,53.4867],[-68.9452,53.4884],[-68.9393,53.4955],[-68.9402,53.499],[-68.952,53.502],[-68.9735,53.5014],[-68.9861,53.4884],[-68.9881,53.4799],[-68.9838,53.4631],[-68.9861,53.4537],[-68.9931,53.4457],[-69.0406,53.4272],[-69.0614,53.4237],[-69.0806,53.4269],[-69.0959,53.4399],[-69.077,53.4634],[-69.0076,53.5246],[-69.0028,53.5638],[-68.9964,53.577],[-68.9844,53.5738],[-68.976,53.5567],[-68.9346,53.5564],[-68.9159,53.562],[-68.8968,53.577],[-68.9379,53.5629],[-68.9486,53.5667],[-68.9479,53.5756],[-68.934,53.5829],[-68.9042,53.5909],[-68.9042,53.5982],[-68.9379,53.5953],[-68.9657,53.6044],[-68.9601,53.6215],[-68.9513,53.6291],[-68.9201,53.6465],[-68.8937,53.6391],[-68.8861,53.6415],[-68.8747,53.6515],[-68.8632,53.6527],[-68.8702,53.6462],[-68.8529,53.6403],[-68.8198,53.643],[-68.786,53.6524],[-68.767,53.6665],[-68.7819,53.6703],[-68.7864,53.6795],[-68.7827,53.6907],[-68.7733,53.7007],[-68.8148,53.728],[-68.831,53.7157],[-68.8494,53.7124],[-68.8624,53.718],[-68.8559,53.7354],[-68.8733,53.736],[-68.8868,53.7148],[-68.9042,53.7213],[-68.8724,53.7631],[-68.8397,53.7769],[-68.8313,53.7766],[-68.8269,53.7563],[-68.8179,53.7448],[-68.8086,53.7416],[-68.7917,53.7578],[-68.786,53.7513],[-68.7838,53.7245],[-68.7738,53.7213],[-68.7534,53.7551],[-68.7657,53.7669],[-68.7733,53.7695],[-68.7733,53.7763],[-68.7534,53.7902],[-68.7602,53.7963],[-68.752,53.8046],[-68.7459,53.8172],[-68.801,53.8296],[-68.8086,53.8414],[-68.8928,53.9017],[-68.907,53.9073],[-68.9186,53.9061],[-68.9284,53.8929],[-68.938,53.8596],[-68.952,53.8514],[-68.9616,53.8549],[-68.9632,53.8667],[-68.9595,53.8958],[-68.9691,53.9026],[-68.9713,53.9082],[-68.9595,53.9129],[-68.9711,53.93],[-68.9725,53.9373],[-68.9876,53.9494],[-69.0229,53.9515],[-69.0959,53.947],[-69.0892,53.9609],[-69.0649,53.9721],[-69.0544,53.9818],[-69.064,53.9871],[-69.1148,53.9783],[-69.1267,53.9579],[-69.137,53.947],[-69.1601,53.9403],[-69.1941,53.9379],[-69.2287,53.9403],[-69.2537,53.947],[-69.2325,53.9615],[-69.2325,53.9677],[-69.2511,53.9747],[-69.2446,53.9859],[-69.2127,54.0024],[-69.1872,54.0053],[-69.1803,53.9989],[-69.1801,53.9859],[-69.1748,53.9712],[-69.1573,53.9603],[-69.143,53.968],[-69.1336,53.9856],[-69.1301,54.0053],[-69.1363,54.0245],[-69.1513,54.0377],[-69.1713,54.0445],[-69.1916,54.0439],[-69.1684,54.0563],[-69.1457,54.0551],[-69.1254,54.0451],[-69.109,54.0304],[-69.1301,54.0086],[-69.1142,54.003],[-69.0547,53.9953],[-69.038,54.0009],[-69.0218,54.0251],[-69.0066,54.0304],[-69.0066,54.0365],[-69.0234,54.0427],[-69.0249,54.0486],[-69.0203,54.0568],[-68.978,54.0339],[-68.9725,54.0227],[-69.0203,53.9953],[-69.0194,53.978],[-69.0048,53.9765],[-68.9657,53.9891],[-68.9611,53.9797],[-68.9552,53.9762],[-68.9452,53.9818],[-68.9595,54.0086],[-68.9479,54.0086],[-68.9326,53.9921],[-68.9309,53.9836],[-68.9251,53.9818],[-68.9102,53.9883],[-68.8881,53.9921],[-68.8702,53.9891],[-68.8665,53.968],[-68.8559,53.9615],[-68.8763,53.9409],[-68.863,53.9341],[-68.8559,53.9341],[-68.873,53.9232],[-68.8665,53.917],[-68.8279,53.9129],[-68.8279,53.9061],[-68.8382,53.8985],[-68.8422,53.8855],[-68.8214,53.8938],[-68.8148,53.8994],[-68.812,53.8846],[-68.8216,53.872]]]}},{"type":"Feature","properties":{},"bbox":[-70.535381,54.358571,-69.733533,54.748898],"geometry":{"type":"Polygon","coordinates":[[[-70.2952,54.4336],[-70.2952,54.4269],[-70.2672,54.4201],[-70.3211,54.4092],[-70.3293,54.4101],[-70.3343,54.3974],[-70.3465,54.3939],[-70.3772,54.3921],[-70.4187,54.3586],[-70.4354,54.3603],[-70.4475,54.3653],[-70.4727,54.3792],[-70.5006,54.4063],[-70.5352,54.418],[-70.5354,54.4269],[-70.5282,54.4298],[-70.5074,54.4272],[-70.5006,54.4336],[-70.5031,54.4407],[-70.5279,54.4548],[-70.5048,54.4563],[-70.4758,54.4457],[-70.4575,54.4295],[-70.4665,54.4139],[-70.4372,54.3986],[-70.42,54.3936],[-70.4081,54.396],[-70.4031,54.4151],[-70.3976,54.4201],[-70.3641,54.4201],[-70.2831,54.4584],[-70.2331,54.4722],[-70.2263,54.4822],[-70.1813,54.4695],[-70.1652,54.4684],[-70.1368,54.4751],[-70.1199,54.4684],[-70.0915,54.471],[-70.0723,54.4851],[-70.0622,54.4857],[-70.0311,54.4722],[-70.0052,54.4651],[-69.9855,54.4537],[-69.973,54.4548],[-69.9389,54.4957],[-69.8979,54.5237],[-69.8789,54.5567],[-69.87,54.5646],[-69.9116,54.5852],[-69.9041,54.6055],[-69.9174,54.6076],[-69.9293,54.6144],[-69.9346,54.6244],[-69.9284,54.6365],[-69.9113,54.6482],[-69.9085,54.6544],[-69.9116,54.6671],[-69.9288,54.6844],[-69.9553,54.6883],[-69.9832,54.6824],[-70.0133,54.6641],[-70.0199,54.6644],[-70.0245,54.67],[-70.03,54.6947],[-70.0266,54.7006],[-69.997,54.7012],[-69.9839,54.7047],[-69.9918,54.7121],[-70.0141,54.7218],[-70.0213,54.733],[-70.0207,54.7386],[-70.0004,54.7489],[-69.993,54.7392],[-69.9829,54.7359],[-69.9593,54.7354],[-69.9352,54.7236],[-69.924,54.723],[-69.9116,54.7354],[-69.9115,54.7153],[-69.9063,54.7],[-69.8747,54.6629],[-69.8675,54.6485],[-69.8632,54.6156],[-69.8563,54.5935],[-69.8246,54.5767],[-69.816,54.5646],[-69.8235,54.5514],[-69.8614,54.5243],[-69.87,54.5019],[-69.8352,54.5237],[-69.8291,54.5093],[-69.8018,54.5299],[-69.7896,54.5267],[-69.7886,54.5225],[-69.7949,54.5058],[-69.7878,54.4916],[-69.7506,54.4825],[-69.7335,54.4751],[-69.7653,54.4751],[-69.7739,54.471],[-69.7677,54.461],[-69.7812,54.4475],[-69.8084,54.4746],[-69.823,54.4775],[-69.8427,54.461],[-69.8554,54.4669],[-69.8692,54.466],[-69.9063,54.4466],[-69.9313,54.4525],[-69.9452,54.441],[-69.928,54.4342],[-69.9178,54.4201],[-69.9634,54.4295],[-69.983,54.4304],[-69.9867,54.4201],[-70.0141,54.4201],[-70.0069,54.4413],[-70.0164,54.4504],[-70.0333,54.4513],[-70.0488,54.4475],[-70.0591,54.4313],[-70.0687,54.4269],[-70.0922,54.441],[-70.1068,54.4336],[-70.1477,54.4269],[-70.1557,54.4301],[-70.1646,54.4442],[-70.2217,54.4569],[-70.2398,54.4563],[-70.2406,54.441],[-70.2694,54.4407],[-70.2952,54.4336]]]}},{"type":"Feature","properties":{},"bbox":[-88.28333,35.931671,-87.899626,37.021407],"geometry":{"type":"Polygon","coordinates":[[[-87.903,36.1689],[-87.8996,36.158],[-87.9164,36.1098],[-87.9697,36.0462],[-87.9848,36.0215],[-87.9969,35.9693],[-87.9931,35.952],[-87.9754,35.9452],[-87.9897,35.9317],[-88.0115,35.9411],[-88.0322,35.9614],[-88.0437,35.9799],[-88.0211,35.9861],[-88.0087,35.995],[-88.0032,36.0073],[-88.0021,36.0241],[-88.0074,36.0303],[-88.0309,36.0368],[-88.0362,36.0447],[-88.0314,36.0556],[-87.9953,36.068],[-87.9809,36.0783],[-87.9472,36.1092],[-87.9407,36.1201],[-87.9457,36.1595],[-87.9611,36.1854],[-87.9507,36.2237],[-87.9666,36.2628],[-87.9901,36.3017],[-88.0021,36.3394],[-88.0096,36.3532],[-88.043,36.3924],[-88.0505,36.3941],[-88.0559,36.3762],[-88.0795,36.3458],[-88.0846,36.3226],[-88.0764,36.2843],[-88.0773,36.2628],[-88.0914,36.2469],[-88.1039,36.2449],[-88.1072,36.2525],[-88.1052,36.2946],[-88.1154,36.3117],[-88.1232,36.3108],[-88.1423,36.3008],[-88.1462,36.3117],[-88.14,36.3391],[-88.1036,36.377],[-88.0999,36.3947],[-88.1188,36.4115],[-88.0865,36.4253],[-88.0754,36.438],[-88.0689,36.4745],[-88.0505,36.5145],[-88.0496,36.5434],[-88.0584,36.5804],[-88.0752,36.6119],[-88.0983,36.6243],[-88.0983,36.6305],[-88.0877,36.6396],[-88.0807,36.6529],[-88.0798,36.6682],[-88.0989,36.6953],[-88.2218,36.9322],[-88.2792,36.9929],[-88.2833,37.0214],[-88.2464,37.002],[-88.215,36.9731],[-88.2081,36.9731],[-88.1972,36.954],[-88.1604,36.9116],[-88.1051,36.775],[-88.0689,36.7091],[-88.059,36.6773],[-88.0275,36.6205],[-88.024,36.5737],[-88.0124,36.5245],[-88.0378,36.4433],[-88.03,36.4183],[-88.0078,36.4003],[-87.98,36.3514],[-87.9573,36.3258],[-87.9395,36.2973],[-87.9202,36.1854],[-87.903,36.1689]]]}},{"type":"Feature","properties":{},"bbox":[-82.60902,33.634453,-82.186607,34.019776],"geometry":{"type":"Polygon","coordinates":[[[-82.1882,33.6824],[-82.1866,33.6692],[-82.2084,33.6636],[-82.2181,33.6657],[-82.2328,33.6771],[-82.2739,33.6636],[-82.2737,33.6795],[-82.2951,33.6848],[-82.3428,33.6842],[-82.4247,33.6501],[-82.4598,33.645],[-82.4804,33.6345],[-82.4919,33.6389],[-82.5066,33.6501],[-82.5441,33.6362],[-82.5816,33.643],[-82.5816,33.6501],[-82.5209,33.6636],[-82.4743,33.6501],[-82.4618,33.6533],[-82.3846,33.6833],[-82.3762,33.7045],[-82.3572,33.7007],[-82.3173,33.7169],[-82.2943,33.7183],[-82.2659,33.6992],[-82.2567,33.701],[-82.2542,33.711],[-82.2592,33.7225],[-82.2739,33.7387],[-82.2686,33.7531],[-82.2752,33.7628],[-82.3011,33.7796],[-82.3214,33.8005],[-82.3347,33.8064],[-82.3559,33.807],[-82.3559,33.8143],[-82.347,33.8226],[-82.3581,33.8264],[-82.3771,33.8246],[-82.4074,33.814],[-82.4582,33.8349],[-82.4582,33.8417],[-82.4365,33.8414],[-82.3971,33.834],[-82.3762,33.8417],[-82.3965,33.8535],[-82.4954,33.8835],[-82.5011,33.8876],[-82.4788,33.8929],[-82.5098,33.9223],[-82.5337,33.915],[-82.5572,33.8985],[-82.568,33.8797],[-82.5687,33.8532],[-82.5725,33.844],[-82.5816,33.8349],[-82.5884,33.8343],[-82.5755,33.8691],[-82.5825,33.895],[-82.5685,33.9138],[-82.5209,33.9379],[-82.5209,33.9447],[-82.5615,33.945],[-82.5802,33.9409],[-82.5959,33.9306],[-82.6014,33.9397],[-82.6006,33.9474],[-82.5816,33.958],[-82.609,33.9789],[-82.5892,33.9715],[-82.5849,33.9836],[-82.5959,34.0198],[-82.5663,34.0098],[-82.5625,34.0036],[-82.5584,33.9727],[-82.5503,33.96],[-82.5412,33.9577],[-82.5345,33.9715],[-82.5138,33.9594],[-82.4552,33.9014],[-82.4377,33.8964],[-82.4247,33.8832],[-82.3968,33.8758],[-82.3762,33.8555],[-82.3553,33.8543],[-82.3625,33.8711],[-82.3899,33.9062],[-82.3938,33.9165],[-82.4247,33.9447],[-82.4445,33.9933],[-82.4203,33.9588],[-82.405,33.9471],[-82.3968,33.958],[-82.3899,33.958],[-82.3905,33.9497],[-82.3831,33.9379],[-82.3788,33.912],[-82.3737,33.9011],[-82.3576,33.8891],[-82.3391,33.8449],[-82.3011,33.8205],[-82.2801,33.8011],[-82.2695,33.7958],[-82.2602,33.8008],[-82.2533,33.8008],[-82.2503,33.771],[-82.2384,33.7719],[-82.2253,33.7775],[-82.2193,33.7696],[-82.219,33.7263],[-82.2118,33.7113],[-82.1882,33.6824]]]}},{"type":"Feature","properties":{},"bbox":[-119.120916,52.074011,-118.1607,52.734564],"geometry":{"type":"Polygon","coordinates":[[[-118.3756,52.1179],[-118.3857,52.1079],[-118.3847,52.0973],[-118.3662,52.0899],[-118.3818,52.0796],[-118.4125,52.074],[-118.4451,52.074],[-118.5008,52.0955],[-118.5282,52.0993],[-118.5251,52.1046],[-118.5039,52.1179],[-118.4933,52.1435],[-118.497,52.1594],[-118.5058,52.1738],[-118.5151,52.2209],[-118.527,52.2336],[-118.5655,52.255],[-118.6086,52.3139],[-118.6307,52.3266],[-118.6579,52.3542],[-118.6667,52.3598],[-118.7026,52.371],[-118.7241,52.3854],[-118.7678,52.4361],[-118.8329,52.4947],[-118.876,52.5547],[-118.8976,52.5671],[-118.9433,52.6018],[-118.9837,52.6174],[-119.0205,52.6448],[-119.0841,52.7048],[-119.1209,52.7275],[-119.1209,52.7343],[-119.0997,52.7337],[-119.0579,52.7213],[-119.04,52.7039],[-119.0071,52.6624],[-118.9895,52.6489],[-118.8722,52.5877],[-118.8032,52.5159],[-118.7852,52.5014],[-118.7475,52.4808],[-118.7352,52.467],[-118.7304,52.4431],[-118.7197,52.4314],[-118.6178,52.3598],[-118.5244,52.268],[-118.4826,52.235],[-118.4636,52.215],[-118.4461,52.1694],[-118.4228,52.1538],[-118.3927,52.1467],[-118.2814,52.147],[-118.257,52.152],[-118.2074,52.1803],[-118.1813,52.1909],[-118.1607,52.1862],[-118.1795,52.1594],[-118.2001,52.1376],[-118.2266,52.1232],[-118.2637,52.1179],[-118.3357,52.127],[-118.36,52.1246],[-118.3756,52.1179]]]}},{"type":"Feature","properties":{},"bbox":[-122.44414,40.72127,-122.094582,40.913784],"geometry":{"type":"Polygon","coordinates":[[[-122.1446,40.7645],[-122.0946,40.7834],[-122.1083,40.7654],[-122.1277,40.7519],[-122.1511,40.7439],[-122.1766,40.7425],[-122.225,40.7625],[-122.2353,40.751],[-122.2418,40.7486],[-122.2622,40.7554],[-122.3619,40.7486],[-122.3751,40.7445],[-122.3997,40.7213],[-122.4106,40.7239],[-122.4274,40.7342],[-122.4441,40.7351],[-122.42,40.7669],[-122.4168,40.7834],[-122.3906,40.7713],[-122.3847,40.7854],[-122.3913,40.8102],[-122.4031,40.8314],[-122.3496,40.8308],[-122.3342,40.8243],[-122.347,40.8119],[-122.3551,40.7957],[-122.3538,40.7819],[-122.338,40.776],[-122.3184,40.7775],[-122.3076,40.7828],[-122.2672,40.8352],[-122.2612,40.849],[-122.2591,40.8687],[-122.2394,40.8805],[-122.2273,40.8932],[-122.225,40.9138],[-122.2113,40.8935],[-122.2237,40.867],[-122.2727,40.8113],[-122.279,40.7834],[-122.2597,40.7698],[-122.1907,40.794],[-122.1636,40.7904],[-122.1807,40.7819],[-122.1907,40.7728],[-122.1877,40.7654],[-122.1667,40.7625],[-122.1446,40.7645]]]}},{"type":"Feature","properties":{},"bbox":[-87.700489,34.574652,-86.898494,34.848411],"geometry":{"type":"Polygon","coordinates":[[[-86.911,34.5823],[-86.8985,34.5747],[-86.9371,34.585],[-87.0023,34.6326],[-87.0716,34.6547],[-87.0897,34.6647],[-87.109,34.6824],[-87.1318,34.6877],[-87.1496,34.6956],[-87.1455,34.7118],[-87.1924,34.7419],[-87.2367,34.7477],[-87.2791,34.7398],[-87.2913,34.7448],[-87.3671,34.7928],[-87.388,34.7981],[-87.4094,34.796],[-87.4329,34.7872],[-87.4473,34.7966],[-87.4855,34.8101],[-87.5249,34.8196],[-87.5401,34.8166],[-87.5707,34.8007],[-87.602,34.7895],[-87.6684,34.7754],[-87.7005,34.7733],[-87.6862,34.7919],[-87.6368,34.8066],[-87.5976,34.8307],[-87.5733,34.8416],[-87.5468,34.8484],[-87.4997,34.8478],[-87.4438,34.8281],[-87.3243,34.8281],[-87.3124,34.7993],[-87.2878,34.7766],[-87.2791,34.7733],[-87.2676,34.7742],[-87.235,34.7807],[-87.193,34.7736],[-87.1159,34.723],[-87.071,34.7051],[-87.0073,34.6915],[-86.9914,34.6809],[-86.97,34.6382],[-86.9273,34.6082],[-86.9219,34.6026],[-86.917,34.5876],[-86.911,34.5823]]]}},{"type":"Feature","properties":{},"bbox":[-118.227227,48.232265,-118.071949,48.684997],"geometry":{"type":"Polygon","coordinates":[[[-118.0799,48.6653],[-118.0719,48.6644],[-118.0903,48.6158],[-118.099,48.6091],[-118.1143,48.6091],[-118.1229,48.6055],[-118.1304,48.5549],[-118.1539,48.5137],[-118.1607,48.4863],[-118.196,48.4651],[-118.1959,48.4124],[-118.1519,48.2667],[-118.1682,48.2323],[-118.1731,48.2567],[-118.2091,48.3418],[-118.2253,48.3968],[-118.2272,48.4257],[-118.2228,48.4583],[-118.2103,48.4919],[-118.1754,48.5452],[-118.147,48.6055],[-118.1198,48.6264],[-118.1139,48.6609],[-118.1055,48.6732],[-118.0924,48.685],[-118.0862,48.6779],[-118.0924,48.6706],[-118.0799,48.6653]]]}},{"type":"Feature","properties":{},"bbox":[-117.955381,50.103243,-117.695605,50.761147],"geometry":{"type":"Polygon","coordinates":[[[-117.6963,50.7556],[-117.6956,50.7505],[-117.7015,50.74],[-117.7788,50.714],[-117.8044,50.6949],[-117.8678,50.6755],[-117.8869,50.6581],[-117.8556,50.654],[-117.8632,50.631],[-117.9075,50.5754],[-117.8983,50.5586],[-117.8961,50.5392],[-117.9012,50.4694],[-117.8877,50.4259],[-117.8881,50.4159],[-117.8944,50.4047],[-117.8905,50.3935],[-117.8869,50.3564],[-117.8822,50.3429],[-117.8154,50.2554],[-117.7963,50.2404],[-117.7771,50.2024],[-117.7794,50.1889],[-117.8011,50.1383],[-117.8259,50.1203],[-117.8554,50.1085],[-117.8802,50.1032],[-117.8368,50.1359],[-117.8325,50.1718],[-117.8519,50.2095],[-117.8802,50.2466],[-117.8944,50.2813],[-117.9176,50.2999],[-117.9415,50.3414],[-117.9417,50.377],[-117.9554,50.463],[-117.9417,50.5042],[-117.9491,50.548],[-117.9505,50.5901],[-117.947,50.6113],[-117.9339,50.6369],[-117.9317,50.6649],[-117.9006,50.6852],[-117.846,50.699],[-117.8341,50.7061],[-117.8044,50.7338],[-117.7798,50.7435],[-117.7249,50.7514],[-117.7015,50.7611],[-117.6963,50.7556]]]}},{"type":"Feature","properties":{},"bbox":[-117.872665,51.659252,-117.517073,51.870311],"geometry":{"type":"Polygon","coordinates":[[[-117.5275,51.6725],[-117.5171,51.6593],[-117.5427,51.666],[-117.5929,51.691],[-117.6751,51.7134],[-117.6941,51.729],[-117.7015,51.7582],[-117.7236,51.7935],[-117.832,51.8447],[-117.8727,51.8703],[-117.7464,51.8388],[-117.7231,51.83],[-117.6598,51.7964],[-117.6338,51.7882],[-117.5839,51.7802],[-117.5636,51.772],[-117.5506,51.7546],[-117.5497,51.7358],[-117.5643,51.7349],[-117.586,51.739],[-117.6058,51.7337],[-117.5506,51.7064],[-117.5393,51.6955],[-117.5275,51.6725]]]}},{"type":"Feature","properties":{},"bbox":[-107.313382,32.910318,-107.265548,33.114312],"geometry":{"type":"Polygon","coordinates":[[[-107.2732,33.1114],[-107.2655,33.1022],[-107.2657,33.0772],[-107.2798,33.0022],[-107.286,32.9103],[-107.2935,32.9103],[-107.3113,32.9436],[-107.3134,32.9545],[-107.3018,33.0013],[-107.2978,33.0325],[-107.286,33.0749],[-107.301,33.0955],[-107.2966,33.1052],[-107.2881,33.1123],[-107.2806,33.1143],[-107.2732,33.1114]]]}},{"type":"Feature","properties":{},"bbox":[-107.210943,33.170241,-107.147214,33.363638],"geometry":{"type":"Polygon","coordinates":[[[-107.1485,33.2815],[-107.1472,33.2609],[-107.1521,33.2397],[-107.1631,33.225],[-107.1587,33.2106],[-107.1605,33.1923],[-107.1677,33.177],[-107.1799,33.1702],[-107.1999,33.2188],[-107.2109,33.2312],[-107.2017,33.2391],[-107.1789,33.2494],[-107.1699,33.2591],[-107.1744,33.2709],[-107.1836,33.3313],[-107.1973,33.3551],[-107.1905,33.3628],[-107.1806,33.3636],[-107.1655,33.3498],[-107.1488,33.3001],[-107.1563,33.2939],[-107.1485,33.2815]]]}},{"type":"Feature","properties":{},"bbox":[-108.005727,50.612787,-106.427641,51.268042],"geometry":{"type":"Polygon","coordinates":[[[-106.5854,51.0849],[-106.5644,51.0735],[-106.5179,51.0552],[-106.4397,50.9975],[-106.4276,50.9784],[-106.4363,50.9654],[-106.4558,50.9607],[-106.4769,50.9666],[-106.4906,51.0008],[-106.5242,51.0164],[-106.571,51.0546],[-106.5943,51.0658],[-106.6216,51.0691],[-106.6503,51.0635],[-106.7712,51.0172],[-106.8421,51.0152],[-106.8614,51.0111],[-106.8749,51.0008],[-106.8779,50.9875],[-106.8739,50.9537],[-106.8779,50.9322],[-106.8921,50.9151],[-106.9294,50.8983],[-106.944,50.881],[-106.9432,50.8692],[-106.9294,50.8436],[-106.9329,50.8271],[-106.9487,50.8024],[-106.9431,50.7885],[-106.9744,50.7582],[-107.0125,50.7332],[-107.0591,50.7185],[-107.115,50.7202],[-107.1369,50.7291],[-107.154,50.74],[-107.1711,50.7435],[-107.224,50.709],[-107.2485,50.7029],[-107.2795,50.6784],[-107.3006,50.6755],[-107.3649,50.6784],[-107.3902,50.6761],[-107.4108,50.669],[-107.4509,50.6443],[-107.5125,50.6228],[-107.529,50.6137],[-107.5489,50.6128],[-107.6284,50.6519],[-107.64,50.6531],[-107.7042,50.6519],[-107.7177,50.6375],[-107.7386,50.6402],[-107.7829,50.6599],[-107.8103,50.6649],[-107.9064,50.6649],[-107.9198,50.6617],[-107.9377,50.6475],[-107.9474,50.6443],[-107.9767,50.6443],[-108.0057,50.6581],[-107.9794,50.6614],[-107.9402,50.6867],[-107.9195,50.6929],[-107.6017,50.6649],[-107.5874,50.6611],[-107.5601,50.6443],[-107.5456,50.6431],[-107.4885,50.6593],[-107.4509,50.6943],[-107.4304,50.7064],[-107.2829,50.7261],[-107.2379,50.7473],[-107.2111,50.7638],[-107.1871,50.7715],[-107.1612,50.772],[-107.0694,50.7597],[-107.0442,50.765],[-107.0189,50.7809],[-107.009,50.7918],[-106.9793,50.8412],[-106.9983,50.8771],[-106.9878,50.8957],[-106.9347,50.9216],[-106.9157,50.9392],[-106.9363,50.9595],[-106.9192,50.969],[-106.9072,50.9866],[-106.8885,51.0278],[-106.8779,51.044],[-106.867,51.0523],[-106.8302,51.0552],[-106.81,51.0417],[-106.7941,51.0473],[-106.7205,51.0593],[-106.6961,51.0693],[-106.6745,51.0829],[-106.6625,51.097],[-106.738,51.1214],[-106.7716,51.1391],[-106.813,51.1715],[-106.8543,51.2271],[-106.8776,51.2445],[-106.8823,51.2545],[-106.8408,51.2657],[-106.8199,51.268],[-106.7991,51.2613],[-106.7594,51.185],[-106.7311,51.1529],[-106.6899,51.1309],[-106.635,51.122],[-106.6066,51.1138],[-106.5854,51.0849]]]}},{"type":"Feature","properties":{},"bbox":[-64.958064,53.050122,-64.586723,53.467825],"geometry":{"type":"Polygon","coordinates":[[[-64.7439,53.3168],[-64.7922,53.3377],[-64.831,53.3616],[-64.8993,53.3727],[-64.9151,53.3783],[-64.8952,53.3928],[-64.8952,53.3989],[-64.9395,53.4095],[-64.9581,53.4181],[-64.9573,53.4337],[-64.9414,53.4278],[-64.8883,53.4269],[-64.816,53.4128],[-64.8013,53.416],[-64.7923,53.4231],[-64.792,53.4304],[-64.8341,53.4354],[-64.8465,53.4413],[-64.8543,53.4537],[-64.84,53.4543],[-64.8126,53.4678],[-64.8028,53.4661],[-64.7648,53.4537],[-64.7722,53.4346],[-64.7564,53.4169],[-64.7102,53.3928],[-64.6624,53.3742],[-64.6496,53.3468],[-64.634,53.3445],[-64.6004,53.3301],[-64.6534,53.3404],[-64.6828,53.341],[-64.704,53.3377],[-64.6697,53.3115],[-64.6594,53.2977],[-64.6556,53.2721],[-64.5867,53.2282],[-64.5867,53.2209],[-64.6129,53.2229],[-64.6446,53.2326],[-64.6711,53.2476],[-64.688,53.2747],[-64.699,53.2741],[-64.7061,53.2656],[-64.687,53.2191],[-64.6656,53.2035],[-64.6276,53.1384],[-64.6351,53.091],[-64.6276,53.0501],[-64.6421,53.0554],[-64.6509,53.0628],[-64.6653,53.0952],[-64.6777,53.1131],[-64.683,53.1381],[-64.6761,53.1767],[-64.6825,53.1994],[-64.7107,53.2453],[-64.7248,53.2997],[-64.7439,53.3168]],[[-64.7452,53.3633],[-64.7101,53.3536],[-64.6898,53.3518],[-64.7586,53.3804],[-64.7785,53.3928],[-64.792,53.3981],[-64.8065,53.3989],[-64.7722,53.356],[-64.7617,53.3548],[-64.7452,53.3633]]]}},{"type":"Feature","properties":{},"bbox":[-103.983094,31.908891,-103.8783,32.046653],"geometry":{"type":"Polygon","coordinates":[[[-103.8837,31.9398],[-103.8868,31.9292],[-103.8823,31.9118],[-103.8971,31.9089],[-103.9126,31.9112],[-103.9216,31.9369],[-103.9322,31.9469],[-103.9501,31.9536],[-103.942,31.971],[-103.9706,32.001],[-103.9815,32.0205],[-103.9831,32.0467],[-103.9737,32.0349],[-103.9688,32.0187],[-103.9484,32.0084],[-103.9247,32.0057],[-103.9185,32.0004],[-103.9039,31.9675],[-103.8846,31.9583],[-103.8783,31.951],[-103.8837,31.9398]]]}},{"type":"Feature","properties":{},"bbox":[-104.346192,32.607417,-104.270393,32.75872],"geometry":{"type":"Polygon","coordinates":[[[-104.2847,32.7449],[-104.2704,32.7178],[-104.2939,32.6336],[-104.3115,32.6151],[-104.3276,32.608],[-104.3384,32.6074],[-104.3443,32.6133],[-104.3462,32.6248],[-104.339,32.6395],[-104.3145,32.6657],[-104.3188,32.6766],[-104.3125,32.6887],[-104.3188,32.7178],[-104.3053,32.7461],[-104.3053,32.7587],[-104.2936,32.7546],[-104.2847,32.7449]]]}},{"type":"Feature","properties":{},"bbox":[-102.009235,41.215213,-101.638778,41.315591],"geometry":{"type":"Polygon","coordinates":[[[-101.7523,41.2261],[-101.9119,41.2906],[-101.967,41.3035],[-102.0092,41.2973],[-101.9847,41.31],[-101.9514,41.3156],[-101.9181,41.3135],[-101.8931,41.3035],[-101.8838,41.3097],[-101.8735,41.3115],[-101.7677,41.2747],[-101.7074,41.2679],[-101.6815,41.262],[-101.6388,41.2429],[-101.6388,41.2361],[-101.6735,41.2155],[-101.7523,41.2261]]]}},{"type":"Feature","properties":{},"bbox":[-106.923203,41.934344,-106.689919,42.181316],"geometry":{"type":"Polygon","coordinates":[[[-106.786,42.0721],[-106.6899,42.0168],[-106.707,42.0153],[-106.7787,42.038],[-106.819,42.0333],[-106.8311,42.0247],[-106.8196,42.0106],[-106.8269,42.0032],[-106.8203,41.9655],[-106.8443,41.9449],[-106.8838,41.9361],[-106.9232,41.9343],[-106.8748,41.9482],[-106.8612,41.9552],[-106.8505,41.9679],[-106.8484,41.98],[-106.8571,42.0371],[-106.8636,42.0565],[-106.8808,42.068],[-106.9157,42.0721],[-106.8951,42.098],[-106.893,42.126],[-106.8955,42.1539],[-106.8885,42.1813],[-106.8612,42.1539],[-106.8423,42.1498],[-106.8113,42.133],[-106.7991,42.1198],[-106.8302,42.1018],[-106.8333,42.0889],[-106.8269,42.0839],[-106.786,42.0721]]]}},{"type":"Feature","properties":{},"bbox":[-122.855661,40.82047,-122.606482,41.075684],"geometry":{"type":"Polygon","coordinates":[[[-122.6268,41.0233],[-122.6065,41.0359],[-122.6171,41.0156],[-122.6314,40.9983],[-122.6561,40.9791],[-122.6717,40.9565],[-122.6526,40.9568],[-122.6773,40.9365],[-122.6765,40.9226],[-122.6651,40.9132],[-122.6787,40.9064],[-122.6783,40.887],[-122.691,40.8829],[-122.7058,40.8838],[-122.717,40.8755],[-122.7335,40.8502],[-122.7389,40.8352],[-122.713,40.8258],[-122.7204,40.8216],[-122.7545,40.8205],[-122.7697,40.8387],[-122.7974,40.8352],[-122.7878,40.8428],[-122.7863,40.8531],[-122.8371,40.8629],[-122.8557,40.877],[-122.8393,40.8699],[-122.822,40.8685],[-122.8096,40.8746],[-122.7868,40.8749],[-122.7765,40.8829],[-122.7654,40.8988],[-122.7598,40.9203],[-122.7541,40.8817],[-122.7286,40.8843],[-122.7052,40.9167],[-122.7023,40.9279],[-122.7039,40.9403],[-122.6924,40.9497],[-122.6783,40.9965],[-122.687,41.0195],[-122.6892,41.0757],[-122.6807,41.066],[-122.6774,41.051],[-122.6652,41.0362],[-122.6652,41.0236],[-122.658,41.0171],[-122.6268,41.0233]]]}},{"type":"Feature","properties":{},"bbox":[-78.75756,36.432384,-78.275686,36.801811],"geometry":{"type":"Polygon","coordinates":[[[-78.2772,36.6016],[-78.2757,36.5828],[-78.2922,36.5478],[-78.344,36.4971],[-78.3497,36.4774],[-78.3502,36.4362],[-78.3672,36.4324],[-78.3709,36.4421],[-78.3746,36.5042],[-78.3661,36.5166],[-78.3481,36.5266],[-78.3331,36.5398],[-78.3331,36.5616],[-78.3465,36.5737],[-78.3674,36.5749],[-78.4118,36.569],[-78.4299,36.584],[-78.4395,36.5793],[-78.4445,36.5681],[-78.4361,36.5301],[-78.4299,36.5213],[-78.4488,36.5281],[-78.4633,36.541],[-78.466,36.559],[-78.4736,36.5616],[-78.4982,36.5554],[-78.5197,36.5734],[-78.5318,36.5757],[-78.5592,36.5578],[-78.5733,36.5616],[-78.557,36.5772],[-78.5421,36.586],[-78.5044,36.5963],[-78.5069,36.604],[-78.509,36.6055],[-78.5118,36.6025],[-78.5213,36.6119],[-78.6001,36.6579],[-78.6416,36.6652],[-78.6528,36.6873],[-78.6628,36.6926],[-78.6962,36.6788],[-78.7166,36.6782],[-78.7327,36.6823],[-78.7459,36.6917],[-78.7576,36.7061],[-78.6985,36.6973],[-78.6818,36.7038],[-78.69,36.7335],[-78.7099,36.7471],[-78.7093,36.7568],[-78.6962,36.7609],[-78.6804,36.7768],[-78.676,36.7853],[-78.6757,36.8018],[-78.6584,36.7918],[-78.6569,36.7865],[-78.6628,36.7812],[-78.6553,36.7812],[-78.6645,36.7624],[-78.6609,36.7415],[-78.6491,36.7217],[-78.6348,36.7061],[-78.5854,36.6776],[-78.5606,36.6852],[-78.5491,36.682],[-78.5041,36.6317],[-78.4586,36.6105],[-78.4498,36.617],[-78.4483,36.627],[-78.4611,36.6449],[-78.4566,36.6579],[-78.4142,36.627],[-78.3923,36.6164],[-78.3672,36.6243],[-78.3544,36.6069],[-78.3376,36.6037],[-78.2956,36.6099],[-78.2772,36.6016]]]}},{"type":"Feature","properties":{},"bbox":[-96.99592,33.771038,-96.522288,34.088068],"geometry":{"type":"Polygon","coordinates":[[[-96.6758,33.8458],[-96.7261,33.8308],[-96.7843,33.8281],[-96.7887,33.8226],[-96.7775,33.7731],[-96.7788,33.771],[-96.7874,33.7734],[-96.813,33.8017],[-96.8211,33.8199],[-96.8052,33.8323],[-96.8058,33.8511],[-96.8116,33.8555],[-96.8562,33.8555],[-96.8786,33.8676],[-96.8882,33.9009],[-96.9004,33.9206],[-96.9191,33.9338],[-96.9416,33.9379],[-96.9549,33.935],[-96.9866,33.9026],[-96.9943,33.9206],[-96.9959,33.9356],[-96.9934,33.9683],[-96.9282,33.9789],[-96.8936,33.9727],[-96.8685,33.9565],[-96.8585,33.9341],[-96.8693,33.91],[-96.8558,33.8897],[-96.837,33.8844],[-96.7912,33.8897],[-96.7729,33.882],[-96.7565,33.867],[-96.7391,33.8564],[-96.7185,33.8614],[-96.7094,33.8805],[-96.7129,33.9282],[-96.7089,33.9379],[-96.6309,33.9256],[-96.6087,33.9306],[-96.5941,33.9494],[-96.6037,33.9665],[-96.6602,34.0242],[-96.6698,34.0454],[-96.6509,34.0607],[-96.6372,34.0501],[-96.6124,34.0398],[-96.5797,34.0713],[-96.5383,34.0866],[-96.5267,34.0881],[-96.5223,34.0728],[-96.5288,34.0619],[-96.5516,34.0433],[-96.5539,34.0224],[-96.5585,34.0121],[-96.5751,34.0062],[-96.5567,33.9715],[-96.5516,33.9456],[-96.5401,33.9412],[-96.541,33.9306],[-96.5682,33.9167],[-96.5785,33.8585],[-96.5526,33.8346],[-96.541,33.8281],[-96.5819,33.8281],[-96.6172,33.8452],[-96.6648,33.8576],[-96.6758,33.8458]]]}},{"type":"Feature","properties":{},"bbox":[-109.629439,40.92703,-109.499036,41.311175],"geometry":{"type":"Polygon","coordinates":[[[-109.5611,41.0368],[-109.5623,41.0604],[-109.5816,41.0777],[-109.556,41.0795],[-109.547,41.0854],[-109.5594,41.1045],[-109.5351,41.1375],[-109.5349,41.1481],[-109.5601,41.1563],[-109.5645,41.2073],[-109.5712,41.2173],[-109.5904,41.2255],[-109.5981,41.2458],[-109.5959,41.2564],[-109.5866,41.2629],[-109.5598,41.2703],[-109.5497,41.2859],[-109.5195,41.3112],[-109.5127,41.2973],[-109.518,41.2817],[-109.5544,41.2564],[-109.5332,41.237],[-109.523,41.2182],[-109.5167,41.1572],[-109.5032,41.1378],[-109.499,41.126],[-109.5014,41.1154],[-109.5195,41.0851],[-109.5279,41.0624],[-109.5294,41.0457],[-109.5236,41.0304],[-109.5096,41.0127],[-109.5124,40.9977],[-109.538,40.9844],[-109.5885,40.9685],[-109.5816,40.9615],[-109.5975,40.96],[-109.6065,40.9526],[-109.608,40.9409],[-109.6022,40.927],[-109.618,40.9282],[-109.624,40.9338],[-109.6243,40.9412],[-109.6183,40.9632],[-109.6118,40.9706],[-109.5885,40.9821],[-109.615,40.9941],[-109.6255,41.0021],[-109.6294,41.0162],[-109.6244,41.0215],[-109.5885,41.0027],[-109.5784,41.0071],[-109.5697,41.0165],[-109.5611,41.0368]]]}},{"type":"Feature","properties":{},"bbox":[-112.878189,42.811255,-112.581028,43.065586],"geometry":{"type":"Polygon","coordinates":[[[-112.6068,42.9964],[-112.581,42.9911],[-112.5834,42.9793],[-112.6018,42.9658],[-112.6242,42.9552],[-112.6802,42.9375],[-112.696,42.9252],[-112.7088,42.8919],[-112.7167,42.8869],[-112.7397,42.886],[-112.7607,42.8807],[-112.8286,42.8257],[-112.8517,42.8189],[-112.8594,42.8113],[-112.8744,42.8224],[-112.8782,42.8295],[-112.8751,42.8348],[-112.8193,42.9004],[-112.8002,42.9122],[-112.7784,42.9349],[-112.764,42.9372],[-112.7594,42.9434],[-112.7546,42.962],[-112.7163,43.0323],[-112.6904,43.0656],[-112.6726,43.0591],[-112.6629,43.0456],[-112.6202,43.0049],[-112.6068,42.9964]]]}},{"type":"Feature","properties":{},"bbox":[-105.689375,27.499905,-105.38147,27.58527],"geometry":{"type":"Polygon","coordinates":[[[-105.4034,27.5641],[-105.3815,27.5853],[-105.3952,27.5405],[-105.4019,27.5308],[-105.449,27.5305],[-105.4576,27.5084],[-105.4657,27.4999],[-105.4696,27.5129],[-105.4773,27.5164],[-105.5248,27.5031],[-105.5284,27.5096],[-105.5453,27.5237],[-105.5802,27.5096],[-105.6009,27.507],[-105.6203,27.5096],[-105.6666,27.5355],[-105.6894,27.5367],[-105.6483,27.5441],[-105.6034,27.5305],[-105.5809,27.5361],[-105.5534,27.5573],[-105.5316,27.5579],[-105.5105,27.5367],[-105.4977,27.5376],[-105.4664,27.5505],[-105.4211,27.5541],[-105.4034,27.5641]]]}},{"type":"Feature","properties":{},"bbox":[-102.139491,18.245391,-101.296727,18.916541],"geometry":{"type":"Polygon","coordinates":[[[-101.3129,18.5333],[-101.2967,18.5392],[-101.3322,18.4962],[-101.3416,18.4694],[-101.3524,18.4679],[-101.3752,18.4776],[-101.4264,18.4776],[-101.4377,18.4647],[-101.4264,18.4294],[-101.457,18.4544],[-101.4648,18.4676],[-101.4954,18.4709],[-101.5185,18.4791],[-101.6048,18.5353],[-101.6146,18.5448],[-101.6257,18.581],[-101.6392,18.5869],[-101.6588,18.5871],[-101.7015,18.5733],[-101.694,18.553],[-101.7283,18.5371],[-101.7427,18.535],[-101.7486,18.5498],[-101.7502,18.5668],[-101.7686,18.5827],[-101.7799,18.5671],[-101.8119,18.5645],[-101.8406,18.5551],[-101.8622,18.5362],[-101.8721,18.5056],[-101.8707,18.4874],[-101.8609,18.4526],[-101.8563,18.3249],[-101.8469,18.2993],[-101.8261,18.2901],[-101.7895,18.2996],[-101.8038,18.2622],[-101.8269,18.2542],[-101.8359,18.2454],[-101.8659,18.2657],[-101.8946,18.261],[-101.9062,18.2657],[-101.8721,18.3202],[-101.8732,18.3393],[-101.8891,18.3802],[-101.8931,18.399],[-101.9058,18.4273],[-101.9693,18.4603],[-101.9955,18.4841],[-101.9673,18.4841],[-101.9364,18.4774],[-101.9094,18.4635],[-101.8931,18.4432],[-101.8847,18.4662],[-101.8878,18.4891],[-101.9002,18.508],[-101.9199,18.5189],[-101.9056,18.525],[-101.9018,18.5324],[-101.8994,18.553],[-101.8796,18.5671],[-101.8797,18.6213],[-101.8863,18.6422],[-101.9153,18.6498],[-101.9062,18.6628],[-101.8884,18.6569],[-101.8799,18.6654],[-101.8827,18.6796],[-101.8994,18.6902],[-101.9233,18.6763],[-101.9331,18.6799],[-101.9398,18.6869],[-101.9401,18.6943],[-101.9214,18.7049],[-101.9317,18.7211],[-101.9499,18.7373],[-101.9649,18.7446],[-101.9888,18.7311],[-101.9983,18.7367],[-102.0033,18.7446],[-102.0026,18.7523],[-101.9955,18.7591],[-101.9955,18.7658],[-102.0073,18.7694],[-102.0194,18.7779],[-102.0462,18.7826],[-102.0465,18.802],[-102.0502,18.8135],[-102.0699,18.8241],[-102.1192,18.8318],[-102.1395,18.8544],[-102.1251,18.8594],[-102.0815,18.8482],[-102.0711,18.8541],[-102.0736,18.8674],[-102.0849,18.8895],[-102.0743,18.9057],[-102.0556,18.9145],[-102.0376,18.913],[-102.0297,18.8992],[-102.0229,18.8718],[-102.0257,18.8668],[-102.0393,18.8606],[-102.0441,18.8544],[-102.0446,18.83],[-102.0291,18.8273],[-102.0091,18.8418],[-101.9955,18.8683],[-101.996,18.8762],[-102.0029,18.8845],[-102.0031,18.8895],[-101.991,18.9112],[-101.9841,18.8912],[-101.9735,18.8921],[-101.962,18.903],[-101.9546,18.9165],[-101.9526,18.8912],[-101.9919,18.8385],[-102.0031,18.8135],[-101.9991,18.8],[-101.9692,18.7635],[-101.9558,18.7744],[-101.9342,18.8],[-101.9284,18.7926],[-101.9275,18.7841],[-101.9314,18.775],[-101.9404,18.7658],[-101.9225,18.7579],[-101.9074,18.7561],[-101.8721,18.7591],[-101.8721,18.7523],[-101.8902,18.7426],[-101.8921,18.7237],[-101.8827,18.7055],[-101.8659,18.6975],[-101.8573,18.7005],[-101.8447,18.7243],[-101.8175,18.7446],[-101.8113,18.7446],[-101.808,18.7205],[-101.8547,18.6619],[-101.8522,18.6287],[-101.7895,18.649],[-101.7734,18.6596],[-101.7577,18.6654],[-101.7237,18.661],[-101.7077,18.6763],[-101.6797,18.6354],[-101.6871,18.6219],[-101.6535,18.6234],[-101.6461,18.6287],[-101.6428,18.6705],[-101.6291,18.6763],[-101.616,18.6663],[-101.6079,18.6425],[-101.6052,18.5939],[-101.5851,18.6036],[-101.5725,18.6054],[-101.5661,18.5954],[-101.5624,18.5462],[-101.5583,18.5368],[-101.5506,18.5256],[-101.5203,18.5086],[-101.5157,18.5021],[-101.495,18.4971],[-101.397,18.5191],[-101.365,18.5189],[-101.3528,18.5256],[-101.3129,18.5333]]]}},{"type":"Feature","properties":{},"bbox":[-92.95798,15.826307,-92.073268,16.4221],"geometry":{"type":"Polygon","coordinates":[[[-92.0758,15.8755],[-92.0733,15.8528],[-92.1168,15.8849],[-92.1385,15.8925],[-92.1614,15.8875],[-92.1734,15.8758],[-92.1897,15.841],[-92.2023,15.8263],[-92.1994,15.854],[-92.1688,15.9149],[-92.2303,15.9355],[-92.2677,15.9597],[-92.2883,15.967],[-92.306,15.962],[-92.3927,16.0318],[-92.4449,16.0621],[-92.4876,16.0556],[-92.532,16.0212],[-92.5257,15.9658],[-92.5331,15.9632],[-92.5656,15.9835],[-92.5802,15.9644],[-92.6281,15.9491],[-92.5872,16.0038],[-92.5875,16.0159],[-92.5741,16.0185],[-92.559,16.0282],[-92.5466,16.0309],[-92.5525,16.0385],[-92.5525,16.0447],[-92.5301,16.0486],[-92.5291,16.0665],[-92.5447,16.0859],[-92.573,16.0933],[-92.5924,16.0868],[-92.6053,16.0736],[-92.6108,16.0544],[-92.6077,16.0312],[-92.6548,16.0503],[-92.6958,16.0521],[-92.7175,16.0659],[-92.7319,16.0718],[-92.7424,16.0721],[-92.7488,16.0633],[-92.751,16.0415],[-92.7578,16.0306],[-92.7893,16.0068],[-92.7995,16.0038],[-92.7825,16.0418],[-92.7712,16.0606],[-92.7585,16.0721],[-92.7585,16.0795],[-92.7758,16.0745],[-92.7909,16.0624],[-92.8132,16.0312],[-92.8127,16.0536],[-92.8061,16.0736],[-92.7934,16.0877],[-92.7566,16.0998],[-92.7558,16.116],[-92.7606,16.1363],[-92.7585,16.1545],[-92.7434,16.1616],[-92.7025,16.1413],[-92.6242,16.1118],[-92.6077,16.1136],[-92.6009,16.1322],[-92.6156,16.1516],[-92.6616,16.1843],[-92.6832,16.1913],[-92.7306,16.2302],[-92.7721,16.2367],[-92.8026,16.2746],[-92.8193,16.2784],[-92.8302,16.2567],[-92.8404,16.2093],[-92.8636,16.1795],[-92.8859,16.1775],[-92.8957,16.1931],[-92.882,16.2166],[-92.9051,16.2157],[-92.9356,16.2049],[-92.958,16.2031],[-92.9549,16.2287],[-92.9419,16.2422],[-92.9434,16.244],[-92.923,16.2508],[-92.9085,16.247],[-92.8985,16.239],[-92.8904,16.2369],[-92.882,16.2508],[-92.88,16.2643],[-92.8842,16.2873],[-92.882,16.2985],[-92.7687,16.4153],[-92.7585,16.4221],[-92.7647,16.3812],[-92.8052,16.3414],[-92.8239,16.315],[-92.8274,16.2985],[-92.7647,16.2855],[-92.7369,16.2543],[-92.6895,16.2411],[-92.6289,16.199],[-92.5971,16.1893],[-92.5663,16.1975],[-92.5236,16.239],[-92.4979,16.2575],[-92.5035,16.2422],[-92.5289,16.2013],[-92.5456,16.1857],[-92.5388,16.1583],[-92.5256,16.1366],[-92.4683,16.1121],[-92.4568,16.0933],[-92.4425,16.0983],[-92.4224,16.0833],[-92.4056,16.0933],[-92.3916,16.0877],[-92.3539,16.0521],[-92.2893,16.0247],[-92.2446,15.9938],[-92.2396,15.977],[-92.1962,15.9697],[-92.1653,15.9446],[-92.1452,15.9423],[-92.1265,15.9311],[-92.0984,15.9052],[-92.0758,15.8755]]]}},{"type":"Feature","properties":{},"bbox":[-90.062761,43.852715,-89.883641,44.258055],"geometry":{"type":"Polygon","coordinates":[[[-89.8841,44.2445],[-89.8836,44.2348],[-89.9037,44.183],[-89.9107,44.1721],[-89.9577,44.1303],[-89.9618,44.1209],[-89.963,44.0964],[-89.9684,44.0823],[-89.9946,44.0658],[-90.0039,44.052],[-90.0046,44.0314],[-89.9945,44.024],[-89.9795,44.0214],[-89.9661,44.0146],[-89.9625,43.9934],[-89.9493,43.9831],[-89.9412,43.9702],[-89.9412,43.9119],[-89.9484,43.8745],[-89.9412,43.8604],[-89.9487,43.8527],[-89.9641,43.8657],[-89.9856,43.8951],[-90.0039,43.9081],[-90.0472,43.9269],[-90.0628,43.9431],[-90.051,43.9625],[-90.041,43.9587],[-90.0319,43.941],[-90.0186,43.9257],[-89.9964,43.9293],[-89.9856,43.9454],[-89.9808,43.9708],[-89.9848,43.994],[-90.0118,44.0126],[-90.019,44.0317],[-90.0238,44.0694],[-90.0414,44.1065],[-90.0429,44.1256],[-90.0207,44.1341],[-89.9587,44.1768],[-89.9487,44.1789],[-89.943,44.2018],[-89.9009,44.2581],[-89.8894,44.2525],[-89.8841,44.2445]]]}},{"type":"Feature","properties":{},"bbox":[-84.966435,30.709651,-84.654115,30.922477],"geometry":{"type":"Polygon","coordinates":[[[-84.6647,30.8271],[-84.6541,30.8071],[-84.6572,30.7988],[-84.6927,30.7924],[-84.7412,30.7738],[-84.7642,30.7718],[-84.7919,30.7582],[-84.8329,30.7582],[-84.8527,30.7523],[-84.87,30.7229],[-84.8845,30.7097],[-84.9193,30.7403],[-84.9492,30.7503],[-84.9573,30.7644],[-84.958,30.7785],[-84.9492,30.7847],[-84.9413,30.8618],[-84.9483,30.8922],[-84.9527,30.901],[-84.9664,30.9151],[-84.9664,30.9225],[-84.9595,30.9225],[-84.9352,30.8901],[-84.9213,30.8106],[-84.9049,30.7718],[-84.8821,30.7788],[-84.8234,30.7844],[-84.8229,30.7991],[-84.7933,30.8097],[-84.7708,30.8412],[-84.741,30.9089],[-84.7473,30.8742],[-84.7708,30.8147],[-84.7677,30.8059],[-84.7429,30.7953],[-84.7072,30.7944],[-84.6762,30.8047],[-84.6647,30.8271]]]}},{"type":"Feature","properties":{},"bbox":[-88.208267,36.596345,-87.882112,37.062618],"geometry":{"type":"Polygon","coordinates":[[[-87.9383,36.7262],[-87.8821,36.6473],[-87.8855,36.6099],[-87.8998,36.5963],[-87.9073,36.6379],[-87.9891,36.7335],[-87.9956,36.7503],[-87.9972,36.7659],[-87.9953,36.805],[-87.9981,36.8268],[-88.0138,36.8636],[-88.0478,36.9107],[-88.0549,36.9293],[-88.0615,36.9979],[-88.0698,37.0164],[-88.0848,37.0276],[-88.1105,37.0255],[-88.1208,37.0061],[-88.126,36.9837],[-88.1363,36.9731],[-88.1809,36.977],[-88.1981,36.9873],[-88.2083,37.0079],[-88.1672,36.9934],[-88.1535,36.9976],[-88.1462,37.0214],[-88.1335,37.0361],[-88.0916,37.0626],[-88.0711,37.055],[-88.0506,37.0276],[-88.0392,37.0288],[-88.014,37.0394],[-88.0056,37.0385],[-88.0012,37.0279],[-88.0165,37.004],[-88.0147,36.9911],[-87.9953,36.9731],[-87.9818,36.9322],[-87.9538,36.901],[-87.9491,36.8789],[-87.9367,36.8783],[-87.9195,36.8848],[-87.8998,36.8836],[-87.8865,36.8742],[-87.8862,36.8672],[-87.8927,36.8619],[-87.9342,36.8448],[-87.9428,36.8333],[-87.9538,36.7677],[-87.9383,36.7262]]]}},{"type":"Feature","properties":{},"bbox":[-99.103567,26.045157,-98.895893,26.287125],"geometry":{"type":"Polygon","coordinates":[[[-98.9109,26.2492],[-98.8959,26.1897],[-98.9156,26.1879],[-98.9399,26.1932],[-98.9568,26.1865],[-98.9601,26.1761],[-98.9347,26.1364],[-98.9347,26.1167],[-98.9427,26.112],[-98.9771,26.1102],[-98.9945,26.0978],[-99.0128,26.0616],[-99.0256,26.0472],[-99.0367,26.0452],[-99.0359,26.0575],[-99.0216,26.0999],[-99.0208,26.1111],[-99.0272,26.1349],[-99.0248,26.15],[-99.0138,26.1579],[-99.0123,26.1644],[-99.0379,26.175],[-99.0563,26.1773],[-99.1036,26.1623],[-99.0986,26.2103],[-99.094,26.225],[-99.0794,26.2124],[-99.0731,26.2112],[-99.0217,26.2127],[-99.015,26.2177],[-99.0101,26.2315],[-98.9836,26.2091],[-98.9693,26.2309],[-98.958,26.2668],[-98.9403,26.2871],[-98.9218,26.2768],[-98.9109,26.2492]]]}},{"type":"Feature","properties":{},"bbox":[-80.143426,33.215868,-79.971959,33.398962],"geometry":{"type":"Polygon","coordinates":[[[-80.0872,33.2406],[-80.1046,33.2691],[-80.1352,33.275],[-80.1424,33.28],[-80.1434,33.2877],[-80.1314,33.3257],[-80.1125,33.3345],[-80.1044,33.3516],[-80.0809,33.3689],[-80.07,33.399],[-80.0579,33.3839],[-80.0133,33.3884],[-79.9985,33.3825],[-79.9985,33.3757],[-79.978,33.3522],[-79.9811,33.3439],[-79.9985,33.3345],[-79.9921,33.3174],[-79.9795,33.3062],[-79.972,33.2945],[-79.9852,33.2689],[-79.9909,33.2459],[-80.021,33.2335],[-80.0335,33.2159],[-80.051,33.2168],[-80.0697,33.2244],[-80.0809,33.2315],[-80.0872,33.2406]]]}},{"type":"Feature","properties":{},"bbox":[-80.53287,33.396607,-80.150932,33.602073],"geometry":{"type":"Polygon","coordinates":[[[-80.1546,33.4284],[-80.1509,33.4063],[-80.1595,33.3966],[-80.2125,33.4046],[-80.2331,33.4169],[-80.2317,33.4369],[-80.2768,33.4375],[-80.2912,33.4319],[-80.2863,33.4166],[-80.3259,33.4237],[-80.3688,33.439],[-80.4089,33.4611],[-80.4403,33.4884],[-80.4762,33.5397],[-80.5002,33.552],[-80.5162,33.565],[-80.5293,33.5826],[-80.5329,33.6021],[-80.5217,33.5894],[-80.4844,33.5673],[-80.4635,33.5391],[-80.4513,33.5297],[-80.4416,33.5297],[-80.4434,33.54],[-80.4226,33.527],[-80.3894,33.4876],[-80.3615,33.4849],[-80.3483,33.4905],[-80.3442,33.5046],[-80.3342,33.5129],[-80.323,33.5014],[-80.3164,33.5014],[-80.3143,33.5191],[-80.2913,33.5058],[-80.2659,33.499],[-80.2513,33.5002],[-80.2141,33.5129],[-80.2004,33.5244],[-80.1888,33.5249],[-80.1546,33.4284]]]}},{"type":"Feature","properties":{},"bbox":[-101.824963,35.486592,-101.52324,35.737391],"geometry":{"type":"Polygon","coordinates":[[[-101.7986,35.4869],[-101.825,35.4866],[-101.8095,35.5016],[-101.7712,35.5169],[-101.7561,35.5343],[-101.73,35.5996],[-101.715,35.617],[-101.6676,35.6482],[-101.6529,35.6641],[-101.6482,35.6812],[-101.6444,35.6844],[-101.6155,35.6894],[-101.6149,35.6997],[-101.6221,35.7112],[-101.6324,35.7194],[-101.6143,35.7188],[-101.5984,35.7124],[-101.5862,35.7342],[-101.5686,35.7374],[-101.5232,35.7262],[-101.5335,35.7174],[-101.5924,35.6879],[-101.6158,35.6726],[-101.632,35.6376],[-101.6472,35.6199],[-101.665,35.6049],[-101.7021,35.5846],[-101.7222,35.5699],[-101.7368,35.5502],[-101.7508,35.5019],[-101.7717,35.491],[-101.7986,35.4869]]]}},{"type":"Feature","properties":{},"bbox":[-103.592031,35.349419,-103.413793,35.417711],"geometry":{"type":"Polygon","coordinates":[[[-103.4138,35.3697],[-103.4554,35.3562],[-103.4862,35.3624],[-103.5101,35.3494],[-103.5516,35.3497],[-103.5751,35.3538],[-103.592,35.3624],[-103.5767,35.3691],[-103.5237,35.3697],[-103.504,35.3765],[-103.4949,35.3859],[-103.4828,35.4177],[-103.4759,35.4039],[-103.463,35.3909],[-103.4485,35.3815],[-103.4322,35.3765],[-103.4138,35.3768],[-103.4138,35.3697]]]}},{"type":"Feature","properties":{},"bbox":[-104.325733,35.371496,-104.162656,35.548114],"geometry":{"type":"Polygon","coordinates":[[[-104.168,35.5343],[-104.1627,35.5222],[-104.1655,35.5028],[-104.1746,35.4836],[-104.1884,35.4722],[-104.1685,35.4486],[-104.1715,35.4068],[-104.1915,35.3756],[-104.2233,35.3842],[-104.2365,35.3715],[-104.247,35.3733],[-104.2704,35.3903],[-104.3132,35.398],[-104.3257,35.4039],[-104.3091,35.4104],[-104.2917,35.4106],[-104.2567,35.4039],[-104.2642,35.4177],[-104.2164,35.4162],[-104.1915,35.4209],[-104.1919,35.4348],[-104.2015,35.466],[-104.2114,35.4739],[-104.2438,35.4866],[-104.2292,35.496],[-104.2221,35.5119],[-104.2158,35.5481],[-104.1919,35.531],[-104.1822,35.5319],[-104.1749,35.5481],[-104.168,35.5343]]]}},{"type":"Feature","properties":{},"bbox":[-94.067585,31.162089,-93.566577,32.003382],"geometry":{"type":"Polygon","coordinates":[[[-93.7625,31.4606],[-93.7591,31.4662],[-93.7719,31.4912],[-93.8131,31.5124],[-93.8262,31.5259],[-93.8336,31.5459],[-93.8131,31.5389],[-93.8161,31.5618],[-93.8278,31.5789],[-93.8615,31.6004],[-93.8615,31.6078],[-93.8555,31.6136],[-93.8548,31.6186],[-93.8683,31.6284],[-93.8683,31.6351],[-93.8424,31.6448],[-93.8368,31.6766],[-93.847,31.7099],[-93.8683,31.724],[-93.862,31.7417],[-93.8657,31.7582],[-93.8913,31.8047],[-93.8986,31.8144],[-93.9304,31.8271],[-93.94,31.8406],[-93.954,31.8397],[-93.9813,31.8441],[-93.985,31.855],[-93.9785,31.8603],[-93.9618,31.858],[-93.9304,31.8474],[-93.9379,31.8747],[-93.9815,31.9068],[-93.9918,31.926],[-93.9991,31.9486],[-94.0177,31.9675],[-94.0423,31.9822],[-94.0676,31.9913],[-94.0676,31.9984],[-94.0518,32.0034],[-93.9918,31.984],[-93.9576,31.933],[-93.8888,31.9021],[-93.8587,31.8762],[-93.8389,31.8483],[-93.7947,31.7626],[-93.7884,31.7443],[-93.7857,31.6284],[-93.7825,31.6095],[-93.7763,31.5922],[-93.7557,31.563],[-93.7392,31.561],[-93.7239,31.5786],[-93.7039,31.6148],[-93.6839,31.6284],[-93.689,31.6098],[-93.7068,31.5724],[-93.7107,31.5495],[-93.7005,31.5451],[-93.6287,31.5459],[-93.6431,31.5336],[-93.6818,31.5159],[-93.6765,31.498],[-93.6976,31.4912],[-93.6806,31.4623],[-93.6765,31.4329],[-93.6662,31.4255],[-93.6149,31.4447],[-93.594,31.4435],[-93.6263,31.4223],[-93.634,31.4076],[-93.6212,31.3949],[-93.6347,31.3567],[-93.6346,31.3437],[-93.6178,31.3043],[-93.6088,31.299],[-93.5741,31.3131],[-93.5772,31.289],[-93.5853,31.2745],[-93.5881,31.2625],[-93.5741,31.2442],[-93.5807,31.2292],[-93.5666,31.193],[-93.5741,31.1812],[-93.5912,31.1715],[-93.625,31.1621],[-93.6358,31.1662],[-93.6224,31.1868],[-93.6212,31.1962],[-93.6359,31.2027],[-93.6509,31.1965],[-93.6765,31.1759],[-93.6698,31.2107],[-93.6562,31.2168],[-93.6561,31.2236],[-93.6606,31.2292],[-93.6987,31.2392],[-93.7214,31.2301],[-93.7591,31.2033],[-93.7591,31.2236],[-93.743,31.2336],[-93.7458,31.2395],[-93.7591,31.2442],[-93.7878,31.2377],[-93.8,31.238],[-93.8,31.2442],[-93.7068,31.2657],[-93.6902,31.2784],[-93.7628,31.2919],[-93.7796,31.2987],[-93.7796,31.3063],[-93.7325,31.3016],[-93.7121,31.306],[-93.7039,31.3237],[-93.6946,31.367],[-93.6973,31.3802],[-93.7174,31.3752],[-93.7099,31.3985],[-93.7151,31.4058],[-93.728,31.4088],[-93.7433,31.4064],[-93.7713,31.397],[-93.7971,31.3929],[-93.8212,31.3835],[-93.8336,31.3814],[-93.8443,31.3846],[-93.7988,31.4147],[-93.7825,31.4341],[-93.7782,31.4547],[-93.7625,31.4606]]]}},{"type":"Feature","properties":{},"bbox":[-111.199136,43.175089,-111.041357,43.340816],"geometry":{"type":"Polygon","coordinates":[[[-111.1541,43.2961],[-111.1559,43.3105],[-111.1644,43.319],[-111.1735,43.322],[-111.1916,43.3205],[-111.1991,43.3252],[-111.1944,43.3373],[-111.1671,43.3408],[-111.1098,43.3388],[-111.1098,43.3326],[-111.1151,43.3314],[-111.1157,43.3285],[-111.1149,43.2899],[-111.0525,43.2145],[-111.0414,43.1751],[-111.0951,43.2057],[-111.1404,43.2655],[-111.1541,43.2961]]]}},{"type":"Feature","properties":{},"bbox":[-105.010866,42.482745,-104.914756,42.600785],"geometry":{"type":"Polygon","coordinates":[[[-104.9212,42.551],[-104.9148,42.541],[-104.9167,42.5337],[-104.929,42.5172],[-104.929,42.4827],[-104.9352,42.4827],[-104.938,42.4933],[-104.9458,42.4978],[-104.9699,42.4966],[-104.9516,42.5204],[-104.9557,42.5307],[-104.9907,42.5416],[-104.9966,42.5478],[-104.9925,42.5563],[-104.9741,42.5649],[-104.9699,42.5755],[-104.9755,42.5852],[-105.002,42.5878],[-105.0109,42.5996],[-104.9436,42.6008],[-104.9299,42.5967],[-104.9221,42.5855],[-104.937,42.5743],[-104.9327,42.5625],[-104.9212,42.551]]]}},{"type":"Feature","properties":{},"bbox":[-106.95676,42.256379,-106.847551,42.51012],"geometry":{"type":"Polygon","coordinates":[[[-106.9142,42.2832],[-106.925,42.3026],[-106.9294,42.3185],[-106.9281,42.3347],[-106.9089,42.3662],[-106.9038,42.3841],[-106.9157,42.3868],[-106.9497,42.3812],[-106.9568,42.393],[-106.9537,42.4027],[-106.9294,42.4412],[-106.9232,42.4763],[-106.8954,42.4992],[-106.8885,42.5101],[-106.8814,42.496],[-106.8562,42.4777],[-106.8476,42.4618],[-106.8518,42.4339],[-106.8623,42.4033],[-106.8765,42.3756],[-106.9077,42.3306],[-106.9011,42.3058],[-106.8874,42.2814],[-106.8823,42.2564],[-106.8992,42.2658],[-106.9142,42.2832]]]}},{"type":"Feature","properties":{},"bbox":[-93.83489,17.024957,-93.340064,17.203048],"geometry":{"type":"Polygon","coordinates":[[[-93.3623,17.0426],[-93.3401,17.025],[-93.3613,17.025],[-93.3805,17.03],[-93.4459,17.0579],[-93.4668,17.0623],[-93.4778,17.0868],[-93.5037,17.1024],[-93.5441,17.1162],[-93.5788,17.1156],[-93.5878,17.0868],[-93.594,17.0868],[-93.5998,17.1015],[-93.6082,17.1115],[-93.6181,17.1124],[-93.6287,17.1006],[-93.6491,17.1483],[-93.6745,17.1633],[-93.6765,17.1763],[-93.6985,17.1698],[-93.7043,17.1642],[-93.7039,17.1557],[-93.7224,17.1542],[-93.7386,17.1483],[-93.7448,17.1557],[-93.76,17.1504],[-93.7869,17.1471],[-93.8,17.1339],[-93.8077,17.1186],[-93.8115,17.1024],[-93.8131,17.0665],[-93.8268,17.0759],[-93.829,17.0838],[-93.8272,17.093],[-93.8349,17.1109],[-93.8302,17.1315],[-93.8188,17.1504],[-93.8069,17.1618],[-93.7691,17.1763],[-93.7589,17.1963],[-93.7448,17.1969],[-93.7398,17.191],[-93.7332,17.1889],[-93.7141,17.1892],[-93.7085,17.1913],[-93.7007,17.203],[-93.6862,17.1969],[-93.6802,17.1998],[-93.6661,17.1966],[-93.6455,17.1839],[-93.6274,17.1789],[-93.6212,17.1969],[-93.6032,17.1901],[-93.5791,17.1674],[-93.547,17.1718],[-93.5151,17.1819],[-93.4984,17.1763],[-93.5101,17.1515],[-93.4953,17.1395],[-93.4574,17.1339],[-93.4404,17.1236],[-93.4178,17.1024],[-93.3954,17.1006],[-93.4085,17.0659],[-93.3913,17.0514],[-93.3623,17.0426]]]}},{"type":"Feature","properties":{},"bbox":[-98.28023,18.909771,-98.10214,18.980418],"geometry":{"type":"Polygon","coordinates":[[[-98.1101,18.9445],[-98.1021,18.9395],[-98.1091,18.9395],[-98.1317,18.9245],[-98.1635,18.9121],[-98.1924,18.9098],[-98.2058,18.9257],[-98.1841,18.9327],[-98.1943,18.941],[-98.2325,18.9463],[-98.2802,18.9804],[-98.1941,18.9707],[-98.1635,18.9463],[-98.1517,18.946],[-98.142,18.9495],[-98.1294,18.9669],[-98.1101,18.9445]]]}},{"type":"Feature","properties":{},"bbox":[-98.872196,23.83566,-98.672323,24.072623],"geometry":{"type":"Polygon","coordinates":[[[-98.6738,23.9711],[-98.6751,23.9519],[-98.6915,23.924],[-98.6907,23.891],[-98.7035,23.871],[-98.7153,23.8357],[-98.7252,23.8492],[-98.7597,23.8554],[-98.7703,23.8648],[-98.7883,23.8975],[-98.8011,23.9084],[-98.8353,23.9193],[-98.8722,23.9169],[-98.8556,23.9352],[-98.7542,23.9955],[-98.7536,24.002],[-98.7599,24.0161],[-98.7911,24.0538],[-98.7957,24.0726],[-98.7746,24.0638],[-98.7293,24.0688],[-98.7076,24.0638],[-98.6965,24.0523],[-98.6906,24.0376],[-98.6848,24.0043],[-98.6738,23.9711]]]}},{"type":"Feature","properties":{},"bbox":[-109.917033,27.824883,-109.759842,28.133965],"geometry":{"type":"Polygon","coordinates":[[[-109.7623,27.9888],[-109.7606,27.9768],[-109.77,27.9738],[-109.7734,27.9688],[-109.7803,27.9379],[-109.7975,27.9217],[-109.805,27.8946],[-109.8252,27.854],[-109.8462,27.8287],[-109.856,27.8249],[-109.8565,27.8275],[-109.9147,27.844],[-109.9169,27.8558],[-109.9126,27.864],[-109.898,27.8749],[-109.9085,27.8979],[-109.9142,27.92],[-109.9169,27.9615],[-109.9107,27.9615],[-109.8976,27.9347],[-109.8696,27.9067],[-109.8371,27.9397],[-109.832,27.9423],[-109.8108,27.9415],[-109.8005,27.9518],[-109.798,27.9738],[-109.8008,28.0062],[-109.8055,28.0245],[-109.8165,28.048],[-109.8423,28.0854],[-109.8744,28.1004],[-109.8833,28.1104],[-109.8833,28.134],[-109.8736,28.124],[-109.8696,28.1092],[-109.8349,28.0992],[-109.8008,28.0736],[-109.7862,28.0548],[-109.7734,28.003],[-109.7623,27.9888]]]}},{"type":"Feature","properties":{},"bbox":[-121.562961,39.534394,-121.292146,39.749574],"geometry":{"type":"Polygon","coordinates":[[[-121.4692,39.6984],[-121.4377,39.6936],[-121.4184,39.6951],[-121.4043,39.706],[-121.4186,39.7234],[-121.4436,39.7293],[-121.4096,39.7322],[-121.3966,39.7281],[-121.3878,39.7184],[-121.3894,39.7078],[-121.3958,39.6978],[-121.4171,39.6845],[-121.4667,39.6842],[-121.4811,39.6689],[-121.4719,39.6368],[-121.4401,39.605],[-121.4223,39.6089],[-121.4146,39.6065],[-121.4069,39.59],[-121.3807,39.6021],[-121.2921,39.6227],[-121.3011,39.61],[-121.3588,39.5927],[-121.3885,39.5715],[-121.3582,39.5576],[-121.2932,39.5647],[-121.3054,39.5559],[-121.337,39.5479],[-121.3975,39.55],[-121.412,39.5479],[-121.442,39.5344],[-121.4392,39.5515],[-121.4473,39.565],[-121.4704,39.5565],[-121.4643,39.5774],[-121.4767,39.5803],[-121.4851,39.588],[-121.4708,39.6045],[-121.4717,39.6192],[-121.4885,39.6566],[-121.5057,39.6742],[-121.5428,39.6875],[-121.563,39.7166],[-121.5546,39.7322],[-121.5499,39.7496],[-121.5438,39.7184],[-121.5287,39.691],[-121.5166,39.686],[-121.5003,39.6936],[-121.4692,39.6984]]]}},{"type":"Feature","properties":{},"bbox":[-108.240188,43.210413,-108.122884,43.422649],"geometry":{"type":"Polygon","coordinates":[[[-108.1232,43.3732],[-108.1229,43.3611],[-108.1279,43.3479],[-108.1467,43.3214],[-108.1508,43.3099],[-108.1472,43.2534],[-108.1514,43.2234],[-108.1676,43.2104],[-108.1807,43.2213],[-108.1876,43.2463],[-108.1907,43.3317],[-108.1884,43.337],[-108.1997,43.3464],[-108.2402,43.3611],[-108.1778,43.4059],[-108.1638,43.4226],[-108.1366,43.402],[-108.1232,43.3732]]]}},{"type":"Feature","properties":{},"bbox":[-83.17361,34.352996,-82.773422,34.611153],"geometry":{"type":"Polygon","coordinates":[[[-82.7898,34.5334],[-82.7734,34.5337],[-82.7734,34.5276],[-82.7871,34.5184],[-82.8008,34.4793],[-82.8321,34.4498],[-82.8288,34.4375],[-82.8083,34.4451],[-82.8218,34.4307],[-82.8143,34.4204],[-82.8083,34.4178],[-82.8186,34.3659],[-82.8288,34.3551],[-82.8423,34.353],[-82.8594,34.3565],[-82.8748,34.3648],[-82.8834,34.3763],[-82.8716,34.3798],[-82.8635,34.3898],[-82.9149,34.3792],[-82.9405,34.3771],[-82.9515,34.3901],[-82.9496,34.3966],[-82.9308,34.3901],[-82.9134,34.3972],[-82.8981,34.4107],[-82.8901,34.4239],[-82.8726,34.4166],[-82.8614,34.4195],[-82.8581,34.4301],[-82.8635,34.4451],[-82.8745,34.4566],[-82.8893,34.4643],[-82.9243,34.4725],[-82.9564,34.4696],[-82.9858,34.4604],[-83.0136,34.4575],[-83.041,34.4725],[-83.0335,34.4793],[-83.0466,34.4846],[-83.0888,34.4922],[-83.0888,34.4996],[-83.0771,34.5064],[-83.0793,34.5178],[-83.0888,34.529],[-83.1127,34.5402],[-83.132,34.5685],[-83.1471,34.5747],[-83.1632,34.5767],[-83.1714,34.5891],[-83.1736,34.6],[-83.1648,34.5985],[-83.1509,34.5891],[-83.1156,34.5744],[-83.0888,34.5467],[-83.0751,34.5543],[-83.0595,34.5243],[-83.0403,34.5052],[-83.0135,34.4952],[-82.9758,34.4922],[-82.8993,34.4958],[-82.8663,34.4884],[-82.8355,34.4649],[-82.8254,34.514],[-82.8242,34.5364],[-82.8355,34.5611],[-82.852,34.577],[-82.8741,34.5888],[-82.899,34.5956],[-82.9243,34.5958],[-82.9243,34.602],[-82.9181,34.6088],[-82.9128,34.6094],[-82.9107,34.602],[-82.8569,34.6112],[-82.8425,34.602],[-82.8129,34.5717],[-82.8005,34.5405],[-82.7898,34.5334]]]}},{"type":"Feature","properties":{},"bbox":[-84.103507,34.162248,-83.795013,34.472508],"geometry":{"type":"Polygon","coordinates":[[[-83.8056,34.3868],[-83.795,34.3824],[-83.8036,34.3777],[-83.8218,34.3551],[-83.8401,34.3492],[-83.849,34.3236],[-83.8649,34.3177],[-83.8749,34.3035],[-83.9023,34.2985],[-83.9391,34.2806],[-83.9306,34.2706],[-83.9002,34.2779],[-83.8845,34.2732],[-83.9086,34.2641],[-83.9366,34.2414],[-83.9538,34.2158],[-83.9459,34.1979],[-83.9803,34.1799],[-83.9906,34.1776],[-84.0214,34.1905],[-84.0352,34.1843],[-84.0279,34.1705],[-84.0688,34.1622],[-84.0755,34.167],[-84.08,34.184],[-84.0991,34.2096],[-84.1035,34.2223],[-84.0906,34.2317],[-84.0633,34.2232],[-84.039,34.222],[-84.0352,34.2526],[-83.9925,34.2429],[-83.9781,34.2511],[-83.9681,34.2847],[-83.9531,34.2953],[-83.9584,34.3088],[-83.9615,34.3324],[-83.98,34.335],[-83.9922,34.3506],[-83.9933,34.3609],[-83.9868,34.3998],[-83.9884,34.4401],[-83.9828,34.4534],[-83.9665,34.4725],[-83.9657,34.4472],[-83.9325,34.4392],[-83.9179,34.4239],[-83.9415,34.4231],[-83.9522,34.4169],[-83.9547,34.4042],[-83.9459,34.3898],[-83.9656,34.3866],[-83.9672,34.3748],[-83.9582,34.3654],[-83.9459,34.3695],[-83.9222,34.3595],[-83.8945,34.3571],[-83.8682,34.3606],[-83.8492,34.3695],[-83.8592,34.3845],[-83.8804,34.401],[-83.8922,34.4431],[-83.8907,34.4513],[-83.8836,34.4596],[-83.8773,34.4593],[-83.8726,34.4537],[-83.869,34.4278],[-83.8635,34.4151],[-83.8545,34.4048],[-83.8286,34.3892],[-83.8056,34.3868]]]}},{"type":"Feature","properties":{},"bbox":[-78.161767,36.473007,-77.660906,36.611063],"geometry":{"type":"Polygon","coordinates":[[[-77.6925,36.4974],[-77.6609,36.4871],[-77.7213,36.473],[-77.8468,36.4957],[-77.9086,36.4933],[-77.9179,36.4815],[-77.9358,36.481],[-77.942,36.4933],[-77.9668,36.5101],[-77.9831,36.5148],[-77.9938,36.498],[-78.0105,36.4969],[-78.0178,36.5007],[-78.0183,36.5242],[-78.0212,36.5313],[-78.0328,36.5384],[-78.0798,36.541],[-78.0739,36.5501],[-78.0811,36.5566],[-78.1407,36.566],[-78.1537,36.5725],[-78.1618,36.5828],[-78.1209,36.5896],[-78.097,36.5804],[-78.0816,36.5781],[-78.0832,36.586],[-78.098,36.6005],[-78.098,36.6072],[-78.0832,36.6099],[-78.052,36.5828],[-78.0593,36.6099],[-78.0511,36.6111],[-78.0389,36.6025],[-77.9975,36.5454],[-77.9563,36.5342],[-77.926,36.5328],[-77.8993,36.5345],[-77.8806,36.5481],[-77.8745,36.5828],[-77.8586,36.574],[-77.859,36.5442],[-77.8539,36.5281],[-77.7987,36.5074],[-77.7653,36.5016],[-77.6925,36.4974]]]}},{"type":"Feature","properties":{},"bbox":[-79.772527,37.007866,-79.502743,37.233938],"geometry":{"type":"Polygon","coordinates":[[[-79.5088,37.0653],[-79.5027,37.0497],[-79.5223,37.042],[-79.5734,37.0394],[-79.5875,37.0352],[-79.6302,37.0114],[-79.6483,37.0079],[-79.6349,37.0344],[-79.6641,37.0347],[-79.7045,37.0302],[-79.7247,37.042],[-79.7097,37.0579],[-79.6751,37.0635],[-79.6074,37.0626],[-79.6343,37.0876],[-79.6563,37.1241],[-79.6813,37.1524],[-79.7173,37.1518],[-79.7036,37.1724],[-79.7119,37.1833],[-79.7207,37.1895],[-79.7627,37.1968],[-79.768,37.2069],[-79.7725,37.2339],[-79.7616,37.231],[-79.7384,37.2133],[-79.7147,37.2154],[-79.7036,37.2066],[-79.6969,37.2066],[-79.6901,37.1927],[-79.6217,37.1359],[-79.6181,37.13],[-79.6028,37.1253],[-79.5937,37.0829],[-79.5787,37.0688],[-79.5706,37.0753],[-79.5601,37.1035],[-79.5501,37.1071],[-79.5413,37.1018],[-79.5351,37.0915],[-79.5329,37.0797],[-79.5241,37.0791],[-79.5088,37.0653]]]}},{"type":"Feature","properties":{},"bbox":[-85.171754,31.632189,-85.028399,32.052835],"geometry":{"type":"Polygon","coordinates":[[[-85.1325,31.9033],[-85.1247,31.9224],[-85.1308,31.9224],[-85.1166,31.941],[-85.1132,31.956],[-85.1194,31.9704],[-85.1544,32.0069],[-85.1589,32.019],[-85.1587,32.0399],[-85.1461,32.0325],[-85.1108,31.9928],[-85.0883,31.9851],[-85.0736,31.9957],[-85.064,32.014],[-85.062,32.0331],[-85.0693,32.0467],[-85.0693,32.0528],[-85.0577,32.0472],[-85.054,32.0331],[-85.0556,31.9984],[-85.0625,31.9913],[-85.0689,31.9686],[-85.0971,31.9271],[-85.1035,31.9127],[-85.1066,31.8901],[-85.1148,31.8641],[-85.1382,31.8194],[-85.0936,31.762],[-85.0764,31.7538],[-85.0284,31.7791],[-85.0425,31.7602],[-85.0898,31.7178],[-85.0665,31.6937],[-85.0502,31.6869],[-85.0499,31.6796],[-85.0624,31.6369],[-85.0787,31.6322],[-85.099,31.6384],[-85.1177,31.649],[-85.1096,31.6719],[-85.1217,31.6893],[-85.1656,31.7102],[-85.137,31.7364],[-85.136,31.7782],[-85.1513,31.817],[-85.1718,31.8332],[-85.1587,31.8742],[-85.1467,31.8621],[-85.1389,31.8774],[-85.1325,31.9033]]]}},{"type":"Feature","properties":{},"bbox":[-69.48715,49.705263,-68.883115,50.739364],"geometry":{"type":"Polygon","coordinates":[[[-68.919,49.7309],[-68.9486,49.7635],[-68.9811,49.7789],[-68.9861,49.7844],[-68.9891,49.7959],[-69.0203,49.8015],[-69.0422,49.8136],[-69.0425,49.8215],[-69.034,49.8363],[-69.0257,49.8433],[-68.9895,49.8566],[-68.976,49.8666],[-68.981,49.8889],[-68.9947,49.9122],[-69.0066,49.9249],[-69.0338,49.9296],[-69.0655,49.8995],[-69.1076,49.8825],[-69.1158,49.8622],[-69.1227,49.8151],[-69.1463,49.7736],[-69.1809,49.7603],[-69.2206,49.7697],[-69.2605,49.7948],[-69.2964,49.8292],[-69.3095,49.8527],[-69.3045,49.8733],[-69.2871,49.8781],[-69.2729,49.8625],[-69.2537,49.8227],[-69.2362,49.8018],[-69.2175,49.7915],[-69.1681,49.7877],[-69.1573,49.7918],[-69.1522,49.8021],[-69.1497,49.8563],[-69.1227,49.9045],[-69.1298,49.9343],[-69.1029,49.9699],[-69.1074,49.9884],[-69.1165,50.0076],[-69.1444,50.0411],[-69.1442,50.077],[-69.1475,50.0826],[-69.1622,50.0876],[-69.2263,50.1236],[-69.2759,50.1686],[-69.3052,50.1863],[-69.3423,50.1851],[-69.351,50.1792],[-69.3612,50.1636],[-69.3697,50.1583],[-69.3803,50.1571],[-69.4108,50.1645],[-69.4308,50.1804],[-69.4498,50.1892],[-69.4871,50.1924],[-69.4871,50.1992],[-69.4222,50.1989],[-69.4044,50.2057],[-69.4318,50.2125],[-69.4318,50.2198],[-69.3332,50.2492],[-69.2908,50.2752],[-69.2736,50.3222],[-69.2777,50.3461],[-69.3014,50.3947],[-69.3461,50.4476],[-69.3506,50.47],[-69.3288,50.4868],[-69.3235,50.4618],[-69.3132,50.4435],[-69.2986,50.43],[-69.2804,50.4191],[-69.2759,50.458],[-69.2381,50.5106],[-69.2415,50.5251],[-69.2543,50.5392],[-69.2673,50.5625],[-69.2673,50.6001],[-69.2917,50.6131],[-69.2946,50.624],[-69.2882,50.6302],[-69.2655,50.6313],[-69.2605,50.641],[-69.2605,50.6784],[-69.2411,50.672],[-69.2272,50.6764],[-69.2022,50.7029],[-69.1954,50.7185],[-69.1946,50.7335],[-69.1898,50.7394],[-69.1717,50.727],[-69.1694,50.7114],[-69.1642,50.7064],[-69.1794,50.6846],[-69.2102,50.654],[-69.2188,50.6302],[-69.2275,50.5813],[-69.2184,50.5675],[-69.1885,50.5625],[-69.187,50.5483],[-69.2093,50.47],[-69.187,50.4677],[-69.1327,50.5101],[-69.109,50.5142],[-69.1588,50.46],[-69.1984,50.4459],[-69.226,50.4265],[-69.2405,50.4029],[-69.2424,50.3749],[-69.2325,50.3429],[-69.2205,50.3552],[-69.1781,50.387],[-69.1642,50.3911],[-69.2021,50.342],[-69.2181,50.3131],[-69.2263,50.2813],[-69.2225,50.2507],[-69.2088,50.2239],[-69.1893,50.201],[-69.1681,50.1818],[-69.1335,50.163],[-69.1188,50.1751],[-69.1157,50.2042],[-69.1165,50.2366],[-69.1073,50.2484],[-69.089,50.2469],[-69.0749,50.2369],[-69.0828,50.2113],[-69.0681,50.1645],[-69.0441,50.1889],[-69.0309,50.1966],[-69.0203,50.1924],[-69.0282,50.1677],[-69.0271,50.1583],[-69.0179,50.1489],[-69.0076,50.1465],[-68.9987,50.15],[-68.9929,50.1583],[-68.9794,50.1442],[-69.0016,50.0873],[-69.0088,50.0491],[-69.0032,50.0244],[-68.9861,50.0002],[-68.9626,49.9831],[-68.9599,49.9758],[-68.9661,49.9611],[-68.9613,49.9437],[-68.9223,49.9101],[-68.9231,49.8992],[-68.9451,49.8454],[-68.9482,49.8268],[-68.9414,49.8118],[-68.9042,49.7633],[-68.8881,49.7321],[-68.8831,49.7053],[-68.9017,49.7156],[-68.919,49.7309]],[[-69.0886,50.0894],[-69.1036,50.0953],[-69.1151,50.0829],[-69.1202,50.0617],[-69.1165,50.0411],[-69.1079,50.0367],[-69.1002,50.0514],[-69.0886,50.0894]],[[-69.0307,50.0408],[-69.0066,50.1303],[-69.0346,50.1342],[-69.0487,50.0997],[-69.0544,50.0308],[-69.0519,50.0229],[-69.0391,50.0285],[-69.0307,50.0408]]]}},{"type":"Feature","properties":{},"bbox":[-86.330077,33.43929,-86.159346,33.59442],"geometry":{"type":"Polygon","coordinates":[[[-86.2892,33.5129],[-86.2892,33.5191],[-86.294,33.5258],[-86.2939,33.5326],[-86.289,33.5379],[-86.2792,33.54],[-86.2672,33.5353],[-86.2481,33.5052],[-86.239,33.522],[-86.2126,33.5411],[-86.2072,33.5567],[-86.2119,33.562],[-86.2291,33.5691],[-86.2276,33.5818],[-86.2166,33.5944],[-86.2094,33.5938],[-86.2003,33.5879],[-86.1978,33.5744],[-86.1894,33.5676],[-86.1779,33.5676],[-86.1661,33.5741],[-86.1617,33.5679],[-86.1593,33.56],[-86.1816,33.5509],[-86.2251,33.5073],[-86.2481,33.4923],[-86.2702,33.4902],[-86.2906,33.4805],[-86.2956,33.4749],[-86.2956,33.4608],[-86.2925,33.4575],[-86.2555,33.4514],[-86.2555,33.4446],[-86.2711,33.4393],[-86.3301,33.4446],[-86.3142,33.4858],[-86.2892,33.5129]]]}},{"type":"Feature","properties":{},"bbox":[-86.528331,32.807879,-86.433546,33.032479],"geometry":{"type":"Polygon","coordinates":[[[-86.4883,32.9777],[-86.5018,32.9501],[-86.4943,32.9136],[-86.4743,32.8821],[-86.443,32.8662],[-86.4365,32.8606],[-86.4335,32.8529],[-86.4411,32.8355],[-86.4406,32.8261],[-86.4377,32.8202],[-86.4337,32.8208],[-86.4494,32.8079],[-86.4708,32.8241],[-86.4883,32.8208],[-86.4793,32.8344],[-86.4721,32.8394],[-86.4528,32.8444],[-86.4553,32.8517],[-86.4673,32.8617],[-86.5088,32.9162],[-86.5194,32.9427],[-86.5267,32.9754],[-86.5283,33.0075],[-86.5219,33.0325],[-86.5085,32.9969],[-86.4964,32.9904],[-86.4746,32.9989],[-86.4789,32.9871],[-86.4883,32.9777]]]}},{"type":"Feature","properties":{},"bbox":[-81.554461,34.010945,-81.212704,34.122215],"geometry":{"type":"Polygon","coordinates":[[[-81.2139,34.0548],[-81.2127,34.0416],[-81.2202,34.0277],[-81.2317,34.0198],[-81.2511,34.0348],[-81.2635,34.0389],[-81.2733,34.0265],[-81.2888,34.0304],[-81.3129,34.0286],[-81.3369,34.0236],[-81.3608,34.0109],[-81.3636,34.0177],[-81.3627,34.0336],[-81.3577,34.0342],[-81.3491,34.0416],[-81.3463,34.0495],[-81.3589,34.0533],[-81.3918,34.0513],[-81.4008,34.0321],[-81.4098,34.041],[-81.4098,34.0533],[-81.4173,34.0675],[-81.4354,34.0683],[-81.4536,34.0766],[-81.4769,34.0683],[-81.4856,34.0751],[-81.4963,34.0719],[-81.5163,34.0736],[-81.5383,34.0795],[-81.5545,34.0881],[-81.5381,34.0919],[-81.4997,34.0842],[-81.4657,34.0954],[-81.4401,34.0919],[-81.4158,34.0842],[-81.4036,34.0751],[-81.4216,34.1046],[-81.4241,34.116],[-81.4192,34.1157],[-81.4098,34.1087],[-81.3898,34.1034],[-81.3727,34.0804],[-81.3589,34.0751],[-81.349,34.0772],[-81.3552,34.0984],[-81.353,34.1078],[-81.3431,34.1169],[-81.3375,34.0954],[-81.3279,34.0813],[-81.2938,34.0813],[-81.2835,34.0913],[-81.2773,34.114],[-81.2664,34.1222],[-81.252,34.1216],[-81.2351,34.1131],[-81.2246,34.1001],[-81.2286,34.0848],[-81.2501,34.0686],[-81.2499,34.063],[-81.2286,34.0607],[-81.2139,34.0548]]]}},{"type":"Feature","properties":{},"bbox":[-43.241056,-11.315243,-40.806959,-8.968867],"geometry":{"type":"MultiPolygon","coordinates":[[[[-40.8296,-9.3763],[-40.807,-9.4022],[-40.8102,-9.431],[-40.8279,-9.4437],[-40.8523,-9.4499],[-40.8732,-9.4454],[-40.8797,-9.4281],[-40.9234,-9.4348],[-40.934,-9.4407],[-40.9406,-9.4725],[-40.9494,-9.4775],[-40.9547,-9.4743],[-40.9533,-9.454],[-40.9721,-9.4378],[-40.9809,-9.4378],[-41.0054,-9.4869],[-41.0168,-9.4808],[-41.0252,-9.4837],[-41.0433,-9.5167],[-41.0548,-9.5023],[-41.0737,-9.4658],[-41.0897,-9.4528],[-41.0922,-9.4708],[-41.1166,-9.4949],[-41.159,-9.5594],[-41.1652,-9.5791],[-41.1681,-9.6129],[-41.1574,-9.6365],[-41.1277,-9.6762],[-41.1234,-9.6862],[-41.1302,-9.6965],[-41.1617,-9.6827],[-41.169,-9.6868],[-41.1796,-9.7136],[-41.2005,-9.7239],[-41.2579,-9.7062],[-41.2735,-9.7245],[-41.2825,-9.7174],[-41.2881,-9.7077],[-41.2916,-9.6853],[-41.2997,-9.6945],[-41.3153,-9.7257],[-41.3228,-9.7298],[-41.3384,-9.7301],[-41.4613,-9.8007],[-41.476,-9.8063],[-41.5151,-9.801],[-41.5293,-9.8093],[-41.5483,-9.8408],[-41.5513,-9.8243],[-41.5284,-9.7996],[-41.5264,-9.7845],[-41.5323,-9.779],[-41.5452,-9.7943],[-41.5611,-9.7775],[-41.5698,-9.7816],[-41.5741,-9.814],[-41.5826,-9.8163],[-41.5997,-9.809],[-41.6103,-9.811],[-41.6562,-9.8325],[-41.6739,-9.819],[-41.6802,-9.819],[-41.6856,-9.8305],[-41.6987,-9.8361],[-41.7098,-9.8505],[-41.743,-9.8293],[-41.7797,-9.8552],[-41.8475,-9.9323],[-41.8424,-9.8914],[-41.8611,-9.8902],[-41.8238,-9.8693],[-41.7716,-9.8284],[-41.7762,-9.8152],[-41.7895,-9.8072],[-41.8193,-9.7966],[-41.8322,-9.7825],[-41.8586,-9.7427],[-41.8687,-9.733],[-41.907,-9.7566],[-41.9414,-9.7731],[-41.9566,-9.7845],[-41.9606,-9.7996],[-41.9529,-9.8146],[-41.9539,-9.8181],[-41.9645,-9.8187],[-41.9588,-9.8452],[-41.9721,-9.8734],[-42.0156,-9.9194],[-41.9906,-9.8467],[-41.9794,-9.7934],[-41.9991,-9.7825],[-42.0087,-9.7798],[-42.0194,-9.7822],[-42.0302,-9.7751],[-42.0428,-9.7737],[-42.054,-9.786],[-42.0668,-9.8166],[-42.0717,-9.8614],[-42.071,-9.9038],[-42.0773,-9.9429],[-42.1032,-9.9771],[-42.1433,-10.0],[-42.4103,-10.0],[-42.3472,-9.9965],[-42.3318,-9.9868],[-42.3256,-9.9659],[-42.3334,-9.9456],[-42.3488,-9.9282],[-42.3653,-9.9164],[-42.3434,-9.9182],[-42.3204,-9.9135],[-42.3126,-9.9005],[-42.3288,-9.8876],[-42.3316,-9.8799],[-42.325,-9.872],[-42.3115,-9.8814],[-42.3028,-9.8817],[-42.2964,-9.8743],[-42.2863,-9.8534],[-42.2764,-9.8458],[-42.2972,-9.8369],[-42.2853,-9.8308],[-42.2757,-9.8211],[-42.2697,-9.8084],[-42.2685,-9.794],[-42.2735,-9.7734],[-42.2825,-9.7628],[-42.3153,-9.7504],[-42.3419,-9.733],[-42.3759,-9.7039],[-42.3987,-9.6759],[-42.3921,-9.6618],[-42.392,-9.6509],[-42.3808,-9.6633],[-42.3714,-9.6809],[-42.3653,-9.6718],[-42.3619,-9.6571],[-42.3447,-9.6995],[-42.3324,-9.7154],[-42.317,-9.728],[-42.3003,-9.7336],[-42.2869,-9.733],[-42.2486,-9.6983],[-42.2243,-9.7027],[-42.2027,-9.6954],[-42.1949,-9.6883],[-42.1855,-9.6665],[-42.1788,-9.6609],[-42.2301,-9.6377],[-42.243,-9.6262],[-42.2405,-9.6165],[-42.2283,-9.6144],[-42.2062,-9.6265],[-42.1947,-9.6268],[-42.2045,-9.6132],[-42.1942,-9.6097],[-42.1615,-9.6123],[-42.141,-9.5979],[-42.092,-9.6206],[-42.0755,-9.6182],[-42.0629,-9.5976],[-42.0833,-9.5361],[-42.0686,-9.5326],[-42.072,-9.5232],[-42.0949,-9.4981],[-42.0496,-9.5264],[-42.0239,-9.5367],[-42.0125,-9.5196],[-42.0215,-9.4943],[-42.0206,-9.4814],[-42.0053,-9.4778],[-41.9959,-9.4855],[-41.9978,-9.5179],[-41.9947,-9.5323],[-41.989,-9.5108],[-41.9797,-9.5152],[-41.9704,-9.5323],[-41.9592,-9.5738],[-41.9644,-9.5926],[-41.9884,-9.6109],[-41.9824,-9.6224],[-41.9615,-9.6288],[-41.8687,-9.6235],[-41.8414,-9.6168],[-41.7957,-9.5947],[-41.7831,-9.6029],[-41.7794,-9.5917],[-41.7622,-9.5717],[-41.7706,-9.5343],[-41.7663,-9.5273],[-41.7598,-9.5338],[-41.7548,-9.5667],[-41.7497,-9.5767],[-41.7371,-9.5773],[-41.721,-9.5652],[-41.6956,-9.5782],[-41.6711,-9.5655],[-41.6746,-9.5555],[-41.664,-9.5638],[-41.6405,-9.5979],[-41.6271,-9.6073],[-41.5995,-9.5859],[-41.5769,-9.6026],[-41.5688,-9.5923],[-41.5642,-9.5682],[-41.5255,-9.5929],[-41.5087,-9.6076],[-41.5022,-9.5956],[-41.4983,-9.5638],[-41.4933,-9.5797],[-41.4659,-9.5909],[-41.4481,-9.6138],[-41.4432,-9.6121],[-41.4347,-9.5941],[-41.4429,-9.5826],[-41.461,-9.5697],[-41.4671,-9.5608],[-41.4291,-9.5623],[-41.4098,-9.5597],[-41.4047,-9.5626],[-41.4053,-9.57],[-41.421,-9.585],[-41.4111,-9.6118],[-41.3846,-9.6285],[-41.3514,-9.6385],[-41.3325,-9.64],[-41.3169,-9.6356],[-41.3112,-9.6253],[-41.3177,-9.6138],[-41.3302,-9.6044],[-41.3427,-9.6009],[-41.3224,-9.5808],[-41.324,-9.5664],[-41.3072,-9.5744],[-41.2956,-9.6023],[-41.2852,-9.6112],[-41.2774,-9.607],[-41.2662,-9.5861],[-41.2382,-9.592],[-41.2361,-9.582],[-41.2417,-9.5623],[-41.2513,-9.5561],[-41.2548,-9.5499],[-41.2501,-9.5343],[-41.2126,-9.5017],[-41.1882,-9.4634],[-41.186,-9.4555],[-41.1993,-9.4484],[-41.2074,-9.4128],[-41.2048,-9.4104],[-41.2151,-9.4016],[-41.2275,-9.3972],[-41.2401,-9.3972],[-41.2519,-9.4019],[-41.2517,-9.3739],[-41.2665,-9.368],[-41.285,-9.3701],[-41.3611,-9.3477],[-41.3424,-9.3442],[-41.279,-9.3474],[-41.286,-9.3371],[-41.2859,-9.3289],[-41.2715,-9.3174],[-41.2672,-9.3277],[-41.1851,-9.396],[-41.1702,-9.4025],[-41.1573,-9.4016],[-41.1517,-9.391],[-41.1497,-9.3727],[-41.1517,-9.3542],[-41.1567,-9.3433],[-41.1681,-9.3395],[-41.2076,-9.3498],[-41.1991,-9.3342],[-41.1846,-9.3224],[-41.1784,-9.3118],[-41.1954,-9.2994],[-41.1898,-9.2897],[-41.2035,-9.2738],[-41.2001,-9.2618],[-41.1882,-9.2609],[-41.1746,-9.2744],[-41.1589,-9.2983],[-41.1559,-9.2732],[-41.1502,-9.2759],[-41.1414,-9.2909],[-41.1288,-9.303],[-41.1138,-9.3044],[-41.0959,-9.2891],[-41.085,-9.2865],[-41.0773,-9.2941],[-41.067,-9.3153],[-41.0391,-9.3],[-41.0336,-9.2909],[-41.0486,-9.2797],[-41.0349,-9.2682],[-41.038,-9.2559],[-41.0469,-9.242],[-41.0498,-9.2258],[-41.0292,-9.2376],[-41.0301,-9.2311],[-41.0517,-9.2047],[-41.0405,-9.2079],[-41.0252,-9.207],[-41.012,-9.2011],[-41.0068,-9.1893],[-41.0348,-9.1658],[-41.0017,-9.1679],[-41.0138,-9.1587],[-41.1097,-9.1293],[-41.1081,-9.1222],[-41.0994,-9.1172],[-41.0893,-9.1187],[-41.0681,-9.134],[-41.057,-9.139],[-41.0451,-9.139],[-41.0712,-9.1211],[-41.0594,-9.1193],[-41.0151,-9.1322],[-40.9996,-9.1296],[-40.9943,-9.1075],[-41.0083,-9.086],[-41.0492,-9.0495],[-41.0968,-8.9689],[-41.0806,-8.9774],[-41.0442,-9.023],[-41.0401,-8.9986],[-41.0185,-8.9827],[-41.0118,-8.9945],[-41.0082,-9.0189],[-40.9952,-9.0404],[-40.997,-9.0121],[-40.9936,-9.001],[-40.9836,-8.9886],[-40.9731,-8.9848],[-40.9714,-8.9959],[-40.9811,-9.0248],[-40.9568,-9.0221],[-40.9558,-9.0289],[-40.9641,-9.0398],[-40.9674,-9.0498],[-40.9618,-9.0604],[-40.9556,-9.0657],[-40.9481,-9.0625],[-40.9381,-9.0463],[-40.9313,-9.0657],[-40.901,-9.0742],[-40.9044,-9.0807],[-40.9312,-9.0963],[-40.9453,-9.1178],[-40.9664,-9.1349],[-40.973,-9.1481],[-40.9628,-9.179],[-40.9533,-9.1908],[-40.945,-9.1838],[-40.9362,-9.1646],[-40.9306,-9.1649],[-40.9303,-9.1793],[-40.9372,-9.202],[-40.9591,-9.2532],[-40.9636,-9.3039],[-40.9599,-9.3471],[-40.9459,-9.378],[-40.9156,-9.3671],[-40.911,-9.3336],[-40.9359,-9.2988],[-40.9531,-9.2685],[-40.9256,-9.2476],[-40.9031,-9.2453],[-40.9041,-9.2523],[-40.9213,-9.2697],[-40.9073,-9.3015],[-40.8892,-9.3324],[-40.8296,-9.3763]]],[[[-42.8126,-9.9894],[-42.8281,-9.9682],[-42.8094,-9.9694],[-42.7939,-9.9211],[-42.7867,-9.9214],[-42.7771,-9.9326],[-42.7629,-9.9597],[-42.7493,-9.9697],[-42.7292,-9.9712],[-42.7191,-9.965],[-42.753,-9.9397],[-42.7573,-9.9205],[-42.7511,-9.9002],[-42.7371,-9.8835],[-42.725,-9.9344],[-42.701,-9.9488],[-42.6988,-9.9553],[-42.7063,-9.9744],[-42.6912,-9.985],[-42.6903,-9.942],[-42.6766,-9.9255],[-42.6707,-9.9576],[-42.6641,-9.9753],[-42.6569,-9.983],[-42.6485,-9.9785],[-42.6411,-9.9556],[-42.6347,-9.947],[-42.6372,-9.9827],[-42.6315,-10.0],[-42.7978,-10.0],[-42.8126,-9.9894]]],[[[-42.6141,-9.9983],[-42.5989,-9.9765],[-42.5911,-9.9832],[-42.5918,-10.0],[-42.6158,-10.0],[-42.6141,-9.9983]]],[[[-42.5336,-9.9935],[-42.5402,-9.975],[-42.543,-9.9285],[-42.559,-9.8979],[-42.5434,-9.8979],[-42.5363,-9.8929],[-42.529,-9.879],[-42.5258,-9.9188],[-42.5202,-9.93],[-42.5121,-9.9364],[-42.5057,-9.9214],[-42.501,-9.9208],[-42.4932,-9.9394],[-42.4872,-9.985],[-42.4763,-10.0],[-42.5263,-10.0],[-42.5336,-9.9935]]],[[[-42.4573,-9.995],[-42.4676,-9.9544],[-42.4625,-9.9485],[-42.4516,-9.9582],[-42.4466,-9.9788],[-42.4473,-10.0],[-42.4587,-10.0],[-42.4573,-9.995]]]]}},{"type":"Feature","properties":{},"bbox":[-55.370035,4.457081,-54.786753,5.005776],"geometry":{"type":"Polygon","coordinates":[[[-54.8868,4.8133],[-54.8908,4.808],[-54.8908,4.7847],[-54.9082,4.7762],[-54.9067,4.7567],[-54.9102,4.745],[-54.9308,4.7532],[-54.9439,4.742],[-54.9491,4.7202],[-54.9456,4.6973],[-54.9389,4.6873],[-54.9266,4.6787],[-54.923,4.654],[-54.9186,4.6455],[-54.911,4.6443],[-54.9002,4.6522],[-54.8692,4.6899],[-54.8596,4.687],[-54.8578,4.6784],[-54.8693,4.6496],[-54.8617,4.6031],[-54.8642,4.5934],[-54.8712,4.5913],[-54.888,4.6031],[-54.8988,4.5869],[-54.9041,4.5881],[-54.9127,4.6093],[-54.92,4.609],[-54.9286,4.5975],[-54.9451,4.5422],[-54.9517,4.5513],[-54.9547,4.5845],[-54.9535,4.6302],[-54.9576,4.6419],[-54.9659,4.6475],[-54.9738,4.6449],[-54.9859,4.629],[-54.9891,4.6514],[-54.9977,4.6746],[-55.0086,4.6855],[-55.02,4.6699],[-55.0025,4.6266],[-55.024,4.5707],[-55.0306,4.5663],[-55.0685,4.5739],[-55.0786,4.5592],[-55.0755,4.5422],[-55.0621,4.5286],[-55.0411,4.5254],[-55.0459,4.513],[-55.0526,4.503],[-55.0605,4.4989],[-55.0685,4.5048],[-55.0754,4.5048],[-55.0817,4.488],[-55.0983,4.4712],[-55.1206,4.4591],[-55.1435,4.4571],[-55.1378,4.4736],[-55.1443,4.4842],[-55.1572,4.4901],[-55.1827,4.4898],[-55.2036,4.4795],[-55.2259,4.4762],[-55.2284,4.48],[-55.2158,4.4998],[-55.2239,4.5171],[-55.2227,4.5227],[-55.2139,4.5307],[-55.195,4.5348],[-55.2162,4.5463],[-55.2423,4.551],[-55.2823,4.5498],[-55.2957,4.543],[-55.3084,4.5098],[-55.326,4.5015],[-55.37,4.4918],[-55.37,4.498],[-55.3291,4.5239],[-55.3141,4.5457],[-55.3148,4.5739],[-55.3206,4.5787],[-55.3422,4.5798],[-55.3444,4.596],[-55.3422,4.6113],[-55.3368,4.6134],[-55.3188,4.601],[-55.3109,4.5998],[-55.2957,4.6049],[-55.2789,4.6234],[-55.2726,4.6243],[-55.2632,4.6184],[-55.2479,4.596],[-55.2442,4.5978],[-55.2398,4.6078],[-55.2383,4.6184],[-55.2411,4.6269],[-55.2697,4.657],[-55.2742,4.6784],[-55.2929,4.6764],[-55.2956,4.6855],[-55.2742,4.7138],[-55.2782,4.7173],[-55.2947,4.7208],[-55.275,4.7329],[-55.2689,4.7506],[-55.2629,4.7547],[-55.2265,4.767],[-55.2112,4.7776],[-55.2014,4.8106],[-55.1715,4.8345],[-55.1637,4.8562],[-55.155,4.9195],[-55.1578,4.9369],[-55.151,4.9504],[-55.1578,4.9816],[-55.1547,4.9914],[-55.1473,4.9972],[-55.1298,5.0058],[-55.12,5.0019],[-55.0889,4.999],[-55.066,4.9796],[-55.0542,4.9852],[-55.0431,4.9796],[-55.0036,4.9778],[-54.9843,4.9713],[-54.9637,4.9422],[-54.9729,4.8816],[-54.9632,4.8842],[-54.9507,4.8763],[-54.941,4.8789],[-54.921,4.9048],[-54.8787,4.9033],[-54.845,4.9213],[-54.8287,4.9119],[-54.8213,4.911],[-54.81,4.9186],[-54.8035,4.9195],[-54.7985,4.9148],[-54.8032,4.8886],[-54.7868,4.8869],[-54.8063,4.8495],[-54.8082,4.83],[-54.8112,4.8271],[-54.8331,4.8239],[-54.8356,4.8171],[-54.8253,4.7997],[-54.823,4.7894],[-54.8319,4.7759],[-54.844,4.7438],[-54.8562,4.745],[-54.8636,4.7603],[-54.8636,4.7832],[-54.8677,4.8041],[-54.8868,4.8133]]]}},{"type":"Feature","properties":{},"bbox":[-49.906196,-5.392931,-48.934205,-3.811019],"geometry":{"type":"Polygon","coordinates":[[[-49.8984,-4.3011],[-49.9062,-4.2905],[-49.8969,-4.2814],[-49.8846,-4.2808],[-49.7929,-4.2985],[-49.7677,-4.3067],[-49.76,-4.3067],[-49.7514,-4.2952],[-49.7608,-4.2776],[-49.7892,-4.2479],[-49.8425,-4.1831],[-49.8506,-4.171],[-49.8503,-4.1598],[-49.8422,-4.1542],[-49.831,-4.1545],[-49.8108,-4.1625],[-49.7999,-4.1704],[-49.7818,-4.2016],[-49.7733,-4.2108],[-49.7645,-4.2137],[-49.755,-4.2119],[-49.7262,-4.194],[-49.72,-4.1855],[-49.7212,-4.1754],[-49.7284,-4.1675],[-49.749,-4.1548],[-49.7631,-4.136],[-49.7621,-4.1283],[-49.7481,-4.1133],[-49.7433,-4.1021],[-49.7452,-4.0904],[-49.7596,-4.0686],[-49.7851,-4.0483],[-49.7843,-4.04],[-49.7745,-4.0344],[-49.6791,-4.045],[-49.6817,-4.0324],[-49.7203,-3.9974],[-49.7296,-3.9862],[-49.7337,-3.975],[-49.7327,-3.9341],[-49.7181,-3.8976],[-49.7178,-3.8375],[-49.652,-3.836],[-49.6329,-3.8466],[-49.6129,-3.8369],[-49.5942,-3.8219],[-49.5734,-3.8157],[-49.5686,-3.811],[-49.5615,-3.8157],[-49.5596,-3.8243],[-49.5625,-3.8419],[-49.5722,-3.8605],[-49.6009,-3.8881],[-49.6056,-3.9073],[-49.5987,-3.9494],[-49.5984,-4.0197],[-49.6049,-4.0536],[-49.6042,-4.0659],[-49.5831,-4.1066],[-49.5824,-4.1169],[-49.5946,-4.151],[-49.5973,-4.1628],[-49.5955,-4.174],[-49.5871,-4.1837],[-49.5596,-4.1934],[-49.4483,-4.1887],[-49.4208,-4.1919],[-49.4302,-4.1993],[-49.4648,-4.2034],[-49.4923,-4.2222],[-49.5506,-4.2252],[-49.5641,-4.2328],[-49.5724,-4.2423],[-49.5759,-4.2526],[-49.574,-4.2626],[-49.5656,-4.2714],[-49.5415,-4.2826],[-49.5047,-4.2935],[-49.4697,-4.2914],[-49.441,-4.2796],[-49.4259,-4.2767],[-49.4123,-4.282],[-49.4071,-4.2914],[-49.4152,-4.297],[-49.4401,-4.3011],[-49.4368,-4.3123],[-49.4408,-4.3462],[-49.4648,-4.3568],[-49.4847,-4.3735],[-49.4898,-4.3927],[-49.4698,-4.4112],[-49.4306,-4.4312],[-49.3949,-4.4574],[-49.3846,-4.4719],[-49.3855,-4.4792],[-49.399,-4.4866],[-49.417,-4.4848],[-49.4483,-4.4719],[-49.4561,-4.4772],[-49.4542,-4.4881],[-49.4435,-4.5101],[-49.4421,-4.5322],[-49.433,-4.5513],[-49.4039,-4.5493],[-49.3939,-4.5519],[-49.3802,-4.564],[-49.3734,-4.5814],[-49.3425,-4.5855],[-49.3351,-4.5917],[-49.3326,-4.6008],[-49.3342,-4.6205],[-49.3316,-4.6302],[-49.3238,-4.6394],[-49.3014,-4.6553],[-49.244,-4.6847],[-49.2334,-4.6956],[-49.2318,-4.7044],[-49.2374,-4.7077],[-49.267,-4.7015],[-49.4003,-4.6229],[-49.4231,-4.6155],[-49.4212,-4.632],[-49.413,-4.6488],[-49.4008,-4.6632],[-49.3654,-4.6841],[-49.3606,-4.6918],[-49.3688,-4.7015],[-49.4065,-4.7138],[-49.4134,-4.7235],[-49.3924,-4.7347],[-49.3802,-4.7565],[-49.3638,-4.7671],[-49.3509,-4.7674],[-49.3291,-4.748],[-49.3139,-4.7486],[-49.303,-4.7598],[-49.3014,-4.7839],[-49.2932,-4.7936],[-49.2677,-4.8016],[-49.2586,-4.8095],[-49.2813,-4.818],[-49.2923,-4.8245],[-49.2994,-4.8331],[-49.3,-4.8404],[-49.2938,-4.8607],[-49.302,-4.8684],[-49.3471,-4.8504],[-49.359,-4.8622],[-49.3944,-4.8616],[-49.4102,-4.8696],[-49.4143,-4.886],[-49.4,-4.8963],[-49.3632,-4.9081],[-49.3557,-4.9146],[-49.3388,-4.949],[-49.298,-4.9911],[-49.2729,-5.0026],[-49.2586,-5.0147],[-49.2848,-5.0306],[-49.3307,-5.0291],[-49.3186,-5.0615],[-49.3116,-5.0953],[-49.31,-5.1424],[-49.3067,-5.1577],[-49.2935,-5.1854],[-49.2061,-5.2964],[-49.1952,-5.307],[-49.181,-5.3143],[-49.166,-5.3167],[-49.0887,-5.3067],[-49.0356,-5.3143],[-49.0224,-5.3114],[-48.9759,-5.2867],[-48.955,-5.2858],[-48.9342,-5.3064],[-48.9625,-5.3093],[-49.019,-5.3358],[-49.0583,-5.3346],[-49.0911,-5.3547],[-49.1188,-5.3661],[-49.1487,-5.3929],[-49.1638,-5.3885],[-49.1728,-5.3767],[-49.2161,-5.3673],[-49.2289,-5.3573],[-49.2476,-5.3211],[-49.2864,-5.2734],[-49.3025,-5.2393],[-49.3111,-5.2045],[-49.3415,-5.1733],[-49.3619,-5.1298],[-49.3822,-5.1036],[-49.3939,-5.0591],[-49.4039,-5.0376],[-49.41,-5.0329],[-49.4284,-5.0288],[-49.443,-5.0194],[-49.4473,-5.0129],[-49.4465,-4.9864],[-49.4508,-4.9723],[-49.4855,-4.9635],[-49.4998,-4.9502],[-49.5119,-4.9325],[-49.5204,-4.9125],[-49.5235,-4.8934],[-49.5176,-4.8548],[-49.5198,-4.8413],[-49.5427,-4.7927],[-49.5703,-4.7774],[-49.5758,-4.7689],[-49.5736,-4.7545],[-49.5624,-4.7421],[-49.5335,-4.7271],[-49.5326,-4.7188],[-49.5588,-4.6458],[-49.5686,-4.6296],[-49.5809,-4.622],[-49.5949,-4.632],[-49.6099,-4.6661],[-49.6192,-4.6735],[-49.6267,-4.6741],[-49.637,-4.6597],[-49.642,-4.6411],[-49.6441,-4.6232],[-49.642,-4.5861],[-49.6607,-4.5964],[-49.7615,-4.6255],[-49.7826,-4.6282],[-49.7965,-4.6232],[-49.7979,-4.617],[-49.7914,-4.6123],[-49.7737,-4.6055],[-49.7394,-4.5846],[-49.6261,-4.5458],[-49.6187,-4.5372],[-49.622,-4.5237],[-49.6323,-4.5128],[-49.6592,-4.4957],[-49.6679,-4.4848],[-49.6664,-4.471],[-49.6511,-4.443],[-49.6558,-4.4292],[-49.6642,-4.4245],[-49.695,-4.4171],[-49.7125,-4.4045],[-49.7203,-4.4062],[-49.7313,-4.4177],[-49.7391,-4.4468],[-49.7522,-4.4569],[-49.7811,-4.4692],[-49.8127,-4.4954],[-49.8258,-4.5028],[-49.8391,-4.5048],[-49.8548,-4.4963],[-49.8551,-4.4813],[-49.8466,-4.4642],[-49.8357,-4.4516],[-49.7907,-4.4221],[-49.7709,-4.4036],[-49.7652,-4.3803],[-49.7765,-4.3803],[-49.7889,-4.3853],[-49.8363,-4.4095],[-49.8634,-4.4124],[-49.8511,-4.3924],[-49.811,-4.3597],[-49.823,-4.3438],[-49.8984,-4.3011]]]}},{"type":"Feature","properties":{},"bbox":[-63.06545,6.814349,-62.668058,7.773976],"geometry":{"type":"Polygon","coordinates":[[[-63.0122,7.5977],[-63.0441,7.5903],[-63.0654,7.5959],[-63.0381,7.5959],[-63.0485,7.6074],[-63.0493,7.6127],[-63.0039,7.6474],[-62.9751,7.6536],[-62.9698,7.6604],[-62.9742,7.6692],[-63.0108,7.6777],[-62.9939,7.6833],[-62.9729,7.6854],[-62.9804,7.6954],[-62.9905,7.6986],[-63.0039,7.6916],[-63.002,7.7563],[-62.9972,7.774],[-62.9723,7.7531],[-62.9506,7.7404],[-62.9267,7.7345],[-62.8941,7.7331],[-62.9096,7.7192],[-62.935,7.7119],[-62.9086,7.693],[-62.8653,7.6986],[-62.8208,7.7163],[-62.7917,7.7331],[-62.7917,7.7119],[-62.7403,7.7448],[-62.7228,7.7466],[-62.726,7.7319],[-62.7221,7.7225],[-62.7118,7.7183],[-62.6954,7.7195],[-62.7159,7.6989],[-62.675,7.6916],[-62.6759,7.6827],[-62.6844,7.6762],[-62.7022,7.6709],[-62.721,7.6783],[-62.7381,7.6924],[-62.7577,7.701],[-62.7842,7.6916],[-62.7633,7.6904],[-62.7615,7.6801],[-62.7842,7.6506],[-62.7695,7.6483],[-62.729,7.63],[-62.7402,7.6241],[-62.7743,7.63],[-62.7842,7.6271],[-62.8054,7.6027],[-62.8104,7.6127],[-62.8192,7.6168],[-62.8294,7.6153],[-62.8388,7.6088],[-62.8438,7.5988],[-62.8445,7.5876],[-62.841,7.5821],[-62.8326,7.5891],[-62.8258,7.5891],[-62.8173,7.5853],[-62.8055,7.5859],[-62.7971,7.5809],[-62.7979,7.5612],[-62.7917,7.5612],[-62.7917,7.5679],[-62.778,7.5612],[-62.7734,7.565],[-62.7712,7.5753],[-62.7651,7.5744],[-62.7643,7.5679],[-62.757,7.5753],[-62.7611,7.5582],[-62.7712,7.5476],[-62.754,7.5453],[-62.7377,7.5523],[-62.7091,7.5753],[-62.7091,7.5476],[-62.6681,7.5612],[-62.6784,7.5447],[-62.7034,7.5338],[-62.7508,7.5202],[-62.7508,7.5135],[-62.7306,7.5129],[-62.7159,7.5073],[-62.7311,7.507],[-62.7433,7.4996],[-62.7296,7.4914],[-62.729,7.4793],[-62.7671,7.4908],[-62.7714,7.4876],[-62.7712,7.4723],[-62.782,7.4714],[-62.7882,7.4508],[-62.7843,7.4252],[-62.7643,7.4104],[-62.757,7.4104],[-62.7686,7.391],[-62.7743,7.3686],[-62.7689,7.3504],[-62.7469,7.3427],[-62.7337,7.3327],[-62.7427,7.3106],[-62.7712,7.2739],[-62.8121,7.2017],[-62.8166,7.187],[-62.8463,7.1508],[-62.8612,7.1099],[-62.8662,7.0643],[-62.8729,7.0431],[-62.9146,7.0063],[-62.9172,6.9948],[-62.9146,6.9721],[-62.9264,6.9456],[-62.9283,6.9345],[-62.9225,6.9177],[-62.9077,6.9124],[-62.8662,6.91],[-62.8466,6.9015],[-62.8389,6.8882],[-62.8388,6.8456],[-62.8431,6.8196],[-62.8539,6.8143],[-62.8694,6.8217],[-62.8953,6.8423],[-62.9146,6.8629],[-62.9452,6.8685],[-62.963,6.9138],[-62.9577,6.9424],[-62.963,6.9515],[-62.9713,6.9556],[-62.9891,6.9553],[-62.9972,6.9654],[-63.0001,6.9789],[-62.9957,6.9863],[-62.9798,6.9963],[-62.9764,7.0127],[-62.9882,7.0628],[-62.9897,7.0819],[-62.9791,7.0946],[-62.943,7.1111],[-62.935,7.1196],[-62.9303,7.1317],[-62.8737,7.2023],[-62.8604,7.2076],[-62.8463,7.1982],[-62.8155,7.2332],[-62.7917,7.2739],[-62.8011,7.2783],[-62.8052,7.2844],[-62.7979,7.3012],[-62.8197,7.308],[-62.807,7.3248],[-62.8042,7.336],[-62.8054,7.3489],[-62.8197,7.3427],[-62.8199,7.3533],[-62.8176,7.3613],[-62.8054,7.3692],[-62.8662,7.3836],[-62.8528,7.3948],[-62.8216,7.394],[-62.8197,7.4104],[-62.8395,7.4366],[-62.8338,7.4581],[-62.8463,7.4934],[-62.8562,7.4687],[-62.864,7.4781],[-62.8663,7.5038],[-62.86,7.5276],[-62.8944,7.5273],[-62.9208,7.5202],[-62.9271,7.5038],[-62.9426,7.4934],[-62.935,7.4861],[-62.9464,7.4764],[-62.9459,7.4575],[-62.9561,7.4452],[-62.9864,7.4826],[-63.0108,7.4861],[-63.0108,7.4934],[-62.9916,7.4996],[-62.9792,7.5143],[-62.976,7.5335],[-62.9835,7.5538],[-62.972,7.5559],[-62.966,7.5606],[-62.9652,7.5673],[-62.9698,7.5753],[-62.9487,7.5753],[-62.9487,7.5818],[-62.9897,7.5753],[-63.0005,7.5812],[-63.0013,7.5876],[-62.9972,7.5959],[-63.0122,7.5977]]]}},{"type":"Feature","properties":{},"bbox":[-67.123848,9.765938,-66.935308,9.888099],"geometry":{"type":"Polygon","coordinates":[[[-67.1196,9.856],[-67.1237,9.8648],[-67.1141,9.8672],[-67.0993,9.8869],[-67.0726,9.8881],[-67.0694,9.8813],[-67.0909,9.8696],[-67.0916,9.8563],[-67.0526,9.8519],[-67.0304,9.8616],[-67.0211,9.8587],[-67.006,9.8469],[-66.9845,9.8554],[-66.9768,9.846],[-66.9599,9.859],[-66.9481,9.8616],[-66.9438,9.8595],[-66.943,9.8504],[-66.9606,9.8339],[-66.9665,9.8225],[-66.9453,9.8292],[-66.9375,9.8283],[-66.936,9.8192],[-66.9419,9.8113],[-66.9849,9.7783],[-67.0204,9.7659],[-67.0297,9.7933],[-67.0319,9.8107],[-67.0351,9.8136],[-67.0526,9.8071],[-67.0766,9.8113],[-67.0765,9.8177],[-67.062,9.8263],[-67.0604,9.8345],[-67.0628,9.8392],[-67.0725,9.8437],[-67.0959,9.8389],[-67.1196,9.856]]]}},{"type":"Feature","properties":{},"bbox":[-67.429398,8.951727,-67.306206,9.158076],"geometry":{"type":"Polygon","coordinates":[[[-67.3065,9.081],[-67.3083,9.073],[-67.3153,9.0662],[-67.3224,9.0521],[-67.3411,9.0377],[-67.3409,9.033],[-67.3283,9.0197],[-67.3315,9.0109],[-67.3496,8.9882],[-67.3492,8.9723],[-67.3526,8.962],[-67.3602,8.9558],[-67.3832,8.9517],[-67.4011,8.9597],[-67.4076,8.9691],[-67.4293,9.0462],[-67.4294,9.0568],[-67.4278,9.0642],[-67.4187,9.0759],[-67.4101,9.1095],[-67.4029,9.123],[-67.3995,9.1251],[-67.3954,9.1222],[-67.3961,9.1069],[-67.391,9.0977],[-67.3833,9.1063],[-67.3844,9.1316],[-67.3928,9.1581],[-67.3855,9.1548],[-67.3735,9.1419],[-67.3507,9.1407],[-67.3423,9.1375],[-67.3231,9.1157],[-67.3221,9.0833],[-67.3092,9.0836],[-67.3065,9.081]]]}},{"type":"Feature","properties":{},"bbox":[-113.025371,40.687123,-111.930925,41.681485],"geometry":{"type":"Polygon","coordinates":[[[-111.9324,40.9668],[-111.9309,40.9615],[-111.934,40.9565],[-111.9453,40.9473],[-112.0244,40.9097],[-112.0649,40.9044],[-112.1015,40.8832],[-112.1203,40.8761],[-112.129,40.8682],[-112.1334,40.8567],[-112.1379,40.8134],[-112.1839,40.774],[-112.2365,40.7469],[-112.2669,40.7245],[-112.3404,40.6892],[-112.3669,40.6889],[-112.3951,40.6986],[-112.4018,40.706],[-112.3937,40.7163],[-112.4047,40.7413],[-112.4062,40.7716],[-112.4453,40.8081],[-112.4456,40.8561],[-112.4543,40.8864],[-112.4836,40.9456],[-112.4899,40.9444],[-112.5002,40.9282],[-112.5201,40.9094],[-112.5313,40.8599],[-112.5473,40.8349],[-112.5539,40.8293],[-112.5625,40.8317],[-112.5703,40.8381],[-112.5955,40.8802],[-112.6284,40.8979],[-112.6343,40.9044],[-112.6368,40.9182],[-112.6303,40.9312],[-112.6306,40.9406],[-112.6506,40.9376],[-112.6592,40.9394],[-112.6841,40.9653],[-112.7435,40.9965],[-112.7518,41.0044],[-112.7507,41.0124],[-112.7356,41.0324],[-112.7756,41.0401],[-112.7777,41.0454],[-112.7743,41.0492],[-112.7606,41.0495],[-112.7562,41.0545],[-112.7603,41.0848],[-112.7693,41.096],[-112.7681,41.1172],[-112.7799,41.1422],[-112.7799,41.1675],[-112.7721,41.1905],[-112.784,41.2046],[-112.818,41.2282],[-112.8432,41.2706],[-112.8941,41.3006],[-112.9162,41.3265],[-112.9232,41.3271],[-112.9722,41.3032],[-112.9743,41.2979],[-112.9683,41.2794],[-112.9687,41.2708],[-112.9768,41.2694],[-113.0073,41.275],[-113.0158,41.2817],[-113.0151,41.2935],[-112.9965,41.3262],[-112.978,41.3312],[-112.9547,41.3277],[-112.9422,41.333],[-112.9521,41.3812],[-112.9786,41.4292],[-112.9968,41.4545],[-113.0215,41.5116],[-113.0236,41.5228],[-113.0177,41.5255],[-113.0017,41.5214],[-112.9993,41.5343],[-112.9799,41.5399],[-112.9771,41.5446],[-112.9821,41.5549],[-112.9781,41.5676],[-112.9874,41.5764],[-113.0164,41.587],[-113.0221,41.5917],[-113.0254,41.6047],[-113.0212,41.6108],[-113.0112,41.615],[-112.9771,41.6161],[-112.9372,41.6306],[-112.9019,41.6282],[-112.8577,41.6356],[-112.8502,41.6391],[-112.8392,41.652],[-112.8255,41.6576],[-112.823,41.6706],[-112.8109,41.6771],[-112.7746,41.6815],[-112.7521,41.6756],[-112.7285,41.6624],[-112.7236,41.6538],[-112.7,41.6347],[-112.7082,41.5997],[-112.708,41.5814],[-112.7273,41.5637],[-112.7395,41.5581],[-112.7454,41.5458],[-112.7435,41.5355],[-112.7326,41.5219],[-112.7236,41.5019],[-112.7063,41.4943],[-112.677,41.4584],[-112.6374,41.4348],[-112.5974,41.4239],[-112.5885,41.4263],[-112.5806,41.4386],[-112.5517,41.4366],[-112.53,41.4283],[-112.5161,41.4186],[-112.508,41.3892],[-112.5029,41.3456],[-112.4958,41.3383],[-112.4804,41.333],[-112.4731,41.3229],[-112.4742,41.3106],[-112.4809,41.2962],[-112.4815,41.2764],[-112.4734,41.2564],[-112.4717,41.2385],[-112.4597,41.2237],[-112.4297,41.2067],[-112.4121,41.2073],[-112.3971,41.2185],[-112.3463,41.2323],[-112.3463,41.267],[-112.3611,41.2744],[-112.3735,41.3],[-112.3828,41.3309],[-112.3996,41.3483],[-112.3935,41.3603],[-112.3834,41.3689],[-112.3831,41.3733],[-112.3847,41.393],[-112.4065,41.4095],[-112.3973,41.4542],[-112.3613,41.4625],[-112.3561,41.4619],[-112.3497,41.4531],[-112.3416,41.4492],[-112.3264,41.4495],[-112.3127,41.4595],[-112.2849,41.4478],[-112.2706,41.4322],[-112.269,41.423],[-112.2942,41.4198],[-112.2771,41.3877],[-112.269,41.3851],[-112.2446,41.3889],[-112.2222,41.3824],[-112.2001,41.3886],[-112.1786,41.3889],[-112.1539,41.4086],[-112.1429,41.4124],[-112.0657,41.4098],[-112.0516,41.3804],[-112.0546,41.3712],[-112.0981,41.3365],[-112.1265,41.3415],[-112.1327,41.353],[-112.1367,41.353],[-112.1543,41.3282],[-112.1732,41.3312],[-112.2035,41.3453],[-112.2533,41.3477],[-112.2917,41.3191],[-112.3252,41.2708],[-112.2992,41.2647],[-112.2569,41.2647],[-112.251,41.2367],[-112.1939,41.1925],[-112.185,41.159],[-112.1789,41.1493],[-112.1405,41.126],[-112.134,41.1172],[-112.1224,41.0825],[-112.1043,41.061],[-112.0972,41.0548],[-112.0596,41.0486],[-111.9979,41.0262],[-111.9664,41.0015],[-111.9502,40.9777],[-111.9324,40.9668]],[[-112.5199,41.0145],[-112.5294,41.0359],[-112.5548,41.0301],[-112.5542,41.01],[-112.5398,40.9906],[-112.5329,41.0062],[-112.5199,41.0145]],[[-112.312,41.1419],[-112.3148,41.1587],[-112.3217,41.1699],[-112.3432,41.1867],[-112.3579,41.189],[-112.3769,41.1855],[-112.3876,41.1787],[-112.3881,41.1758],[-112.384,41.174],[-112.3684,41.1734],[-112.36,41.1693],[-112.3174,41.139],[-112.3142,41.1384],[-112.312,41.1419]],[[-112.1689,40.9314],[-112.1619,40.9553],[-112.1657,40.9759],[-112.192,41.0145],[-112.1938,41.0248],[-112.1911,41.0351],[-112.1938,41.0433],[-112.2072,41.0604],[-112.2228,41.066],[-112.2349,41.0748],[-112.2527,41.0713],[-112.2485,41.0633],[-112.2503,41.0583],[-112.2689,41.0548],[-112.2712,41.0518],[-112.2655,41.0395],[-112.2449,41.0365],[-112.2365,41.0221],[-112.2481,41.0062],[-112.2481,40.965],[-112.2006,40.9038],[-112.1897,40.8855],[-112.177,40.8732],[-112.1727,40.8749],[-112.1747,40.8896],[-112.1669,40.9079],[-112.1689,40.9314]]]}},{"type":"Feature","properties":{},"bbox":[-97.850017,23.809462,-97.402289,25.467321],"geometry":{"type":"Polygon","coordinates":[[[-97.4127,25.4235],[-97.4023,25.4114],[-97.4074,25.3984],[-97.4366,25.3878],[-97.4217,25.3616],[-97.4261,25.341],[-97.4217,25.3201],[-97.4214,25.2901],[-97.442,25.2471],[-97.4869,25.1794],[-97.4869,25.2006],[-97.4931,25.2006],[-97.5102,25.1185],[-97.5072,25.11],[-97.5415,25.0567],[-97.537,24.9922],[-97.5582,24.9628],[-97.564,24.9154],[-97.5824,24.8851],[-97.5941,24.8489],[-97.6166,24.7208],[-97.665,24.5563],[-97.6852,24.3838],[-97.7084,24.2481],[-97.7415,23.8212],[-97.7476,23.8095],[-97.7523,23.8951],[-97.7605,23.939],[-97.7742,23.9605],[-97.7623,23.9787],[-97.7546,24.0079],[-97.7535,24.0388],[-97.7607,24.0626],[-97.7672,24.0455],[-97.7773,24.0541],[-97.7841,24.077],[-97.7811,24.1038],[-97.7742,24.1038],[-97.7694,24.0879],[-97.7607,24.0765],[-97.7505,24.1062],[-97.7454,24.1618],[-97.7355,24.2007],[-97.7242,24.3855],[-97.7123,24.4362],[-97.7186,24.4562],[-97.7334,24.455],[-97.7638,24.4288],[-97.7785,24.42],[-97.7978,24.4188],[-97.8165,24.4232],[-97.8296,24.4326],[-97.8359,24.4497],[-97.8341,24.4691],[-97.8221,24.5086],[-97.8312,24.5018],[-97.8418,24.5012],[-97.8494,24.508],[-97.85,24.5227],[-97.8421,24.5309],[-97.8293,24.5377],[-97.8218,24.5471],[-97.8296,24.5624],[-97.805,24.551],[-97.7922,24.5527],[-97.7811,24.5624],[-97.7714,24.5571],[-97.7689,24.5518],[-97.7669,24.5351],[-97.7752,24.5245],[-97.7607,24.5159],[-97.7476,24.488],[-97.7242,24.4786],[-97.7198,24.4841],[-97.7152,24.5195],[-97.6787,24.6246],[-97.6719,24.7002],[-97.6787,24.7002],[-97.6868,24.6722],[-97.702,24.6802],[-97.7115,24.7017],[-97.6899,24.7255],[-97.6946,24.7511],[-97.7123,24.7926],[-97.7012,24.8097],[-97.7008,24.815],[-97.7159,24.8168],[-97.7249,24.8233],[-97.7301,24.8377],[-97.7307,24.8536],[-97.7258,24.8642],[-97.6655,24.8665],[-97.644,24.8921],[-97.6498,24.9051],[-97.6463,24.9116],[-97.6363,24.9113],[-97.6235,24.9051],[-97.6226,24.9204],[-97.6245,24.9289],[-97.6295,24.9342],[-97.6487,24.9472],[-97.6768,24.9584],[-97.6971,24.9628],[-97.7047,24.969],[-97.7123,24.9846],[-97.7189,24.9857],[-97.734,24.9816],[-97.7607,24.9678],[-97.7423,24.9828],[-97.7268,25.0031],[-97.7162,25.0287],[-97.7037,25.1291],[-97.6899,25.1471],[-97.6849,25.1594],[-97.6868,25.1818],[-97.6946,25.2156],[-97.7052,25.2445],[-97.7159,25.2518],[-97.7277,25.2483],[-97.7705,25.2619],[-97.795,25.2574],[-97.7674,25.2736],[-97.7573,25.2757],[-97.7184,25.261],[-97.7123,25.2657],[-97.7024,25.3048],[-97.6908,25.3157],[-97.6849,25.3513],[-97.6912,25.3622],[-97.6914,25.3684],[-97.6818,25.3711],[-97.665,25.3649],[-97.6403,25.3672],[-97.6235,25.3649],[-97.6172,25.3566],[-97.6184,25.3484],[-97.6257,25.3416],[-97.6378,25.3375],[-97.6235,25.3301],[-97.6366,25.3231],[-97.6344,25.3175],[-97.6104,25.3104],[-97.5689,25.3166],[-97.5589,25.309],[-97.5558,25.2904],[-97.5483,25.283],[-97.5362,25.283],[-97.5272,25.2919],[-97.5219,25.3045],[-97.5211,25.3166],[-97.5365,25.3145],[-97.5365,25.3366],[-97.5415,25.3513],[-97.5102,25.3943],[-97.5006,25.4129],[-97.5224,25.4176],[-97.5367,25.4346],[-97.5362,25.4547],[-97.5137,25.4673],[-97.4726,25.447],[-97.4522,25.4279],[-97.4127,25.4235]]]}},{"type":"Feature","properties":{},"bbox":[-116.064975,33.110485,-115.597966,33.526422],"geometry":{"type":"Polygon","coordinates":[[[-115.6047,33.2809],[-115.598,33.2385],[-115.6069,33.2176],[-115.6393,33.1891],[-115.6535,33.1591],[-115.6696,33.1435],[-115.6879,33.1317],[-115.701,33.129],[-115.7091,33.1105],[-115.7291,33.1125],[-115.7662,33.129],[-115.7869,33.1596],[-115.8239,33.1838],[-115.8333,33.1964],[-115.8547,33.2391],[-115.8635,33.278],[-115.8754,33.2924],[-116.0311,33.4116],[-116.0436,33.4308],[-116.0598,33.4667],[-116.065,33.4873],[-116.061,33.5023],[-116.0423,33.5158],[-116.0217,33.5232],[-115.968,33.5264],[-115.9466,33.5208],[-115.9294,33.5114],[-115.8466,33.4313],[-115.8239,33.4175],[-115.7903,33.3757],[-115.7755,33.3654],[-115.7577,33.3592],[-115.7116,33.3557],[-115.6674,33.3454],[-115.6298,33.3186],[-115.6047,33.2809]]]}},{"type":"Feature","properties":{},"bbox":[-71.819986,18.412884,-71.494272,18.568309],"geometry":{"type":"Polygon","coordinates":[[[-71.509,18.4762],[-71.4943,18.4641],[-71.51,18.442],[-71.528,18.4294],[-71.5763,18.4197],[-71.5824,18.4135],[-71.6178,18.4164],[-71.6451,18.4367],[-71.7148,18.4597],[-71.7256,18.4721],[-71.7618,18.4915],[-71.8036,18.5006],[-71.82,18.5309],[-71.8197,18.5412],[-71.8029,18.5324],[-71.782,18.515],[-71.7607,18.52],[-71.7237,18.5565],[-71.7025,18.5683],[-71.6824,18.5633],[-71.6222,18.5348],[-71.6019,18.5203],[-71.5695,18.5121],[-71.509,18.4762]]]}},{"type":"Feature","properties":{},"bbox":[-120.503103,41.77421,-120.313385,42.113023],"geometry":{"type":"Polygon","coordinates":[[[-120.3237,42.0571],[-120.3134,42.015],[-120.3196,41.9691],[-120.3297,41.9532],[-120.3558,41.927],[-120.3675,41.8708],[-120.3762,41.8599],[-120.368,41.8245],[-120.3798,41.8075],[-120.4004,41.7948],[-120.4244,41.7869],[-120.4466,41.7842],[-120.4673,41.7745],[-120.475,41.7742],[-120.4778,41.7875],[-120.4756,41.7913],[-120.4659,41.7904],[-120.4635,41.7939],[-120.471,41.8113],[-120.471,41.8522],[-120.4944,41.8805],[-120.5031,41.924],[-120.5015,41.9311],[-120.4882,41.9482],[-120.484,41.9691],[-120.4866,41.9923],[-120.4778,42.0032],[-120.4944,42.0176],[-120.4978,42.025],[-120.4952,42.0491],[-120.4559,42.0948],[-120.437,42.1077],[-120.4146,42.113],[-120.3884,42.1057],[-120.3491,42.0892],[-120.3237,42.0571]]]}},{"type":"Feature","properties":{},"bbox":[-119.707731,39.867025,-119.419254,40.210254],"geometry":{"type":"Polygon","coordinates":[[[-119.4304,39.9274],[-119.4193,39.9106],[-119.4194,39.8903],[-119.4335,39.8729],[-119.4543,39.867],[-119.4683,39.875],[-119.4796,39.887],[-119.5023,39.8976],[-119.5177,39.9168],[-119.5706,39.9341],[-119.5884,39.9468],[-119.6015,39.9618],[-119.6094,39.9795],[-119.6168,40.0222],[-119.6283,40.0372],[-119.6865,40.0748],[-119.6942,40.0851],[-119.7049,40.1199],[-119.7077,40.1205],[-119.7035,40.1358],[-119.6905,40.1343],[-119.6805,40.1402],[-119.6668,40.1746],[-119.644,40.1926],[-119.6168,40.205],[-119.5876,40.2103],[-119.5586,40.2073],[-119.5314,40.1817],[-119.5171,40.1355],[-119.4959,39.9754],[-119.48,39.9462],[-119.4304,39.9274]]]}},{"type":"Feature","properties":{},"bbox":[-118.96505,43.229546,-118.595476,43.444432],"geometry":{"type":"Polygon","coordinates":[[[-118.647,43.269],[-118.6602,43.2761],[-118.6754,43.3002],[-118.6881,43.3008],[-118.7166,43.2914],[-118.7369,43.2928],[-118.7568,43.2831],[-118.7717,43.2693],[-118.7862,43.2295],[-118.8076,43.234],[-118.8254,43.246],[-118.842,43.2631],[-118.8822,43.2631],[-118.9272,43.327],[-118.9313,43.3541],[-118.9651,43.38],[-118.9643,43.3935],[-118.958,43.4085],[-118.9487,43.4197],[-118.9309,43.4241],[-118.8233,43.4159],[-118.7524,43.4212],[-118.657,43.4444],[-118.6698,43.4162],[-118.6727,43.3935],[-118.6674,43.38],[-118.6502,43.3806],[-118.6404,43.3741],[-118.6014,43.319],[-118.5955,43.3046],[-118.598,43.2905],[-118.6062,43.2781],[-118.6176,43.2702],[-118.6317,43.2675],[-118.647,43.269]]]}},{"type":"Feature","properties":{},"bbox":[-119.232333,43.161254,-119.006997,43.320505],"geometry":{"type":"Polygon","coordinates":[[[-119.0101,43.221],[-119.0177,43.2028],[-119.0348,43.1957],[-119.0601,43.1713],[-119.0738,43.163],[-119.0896,43.1613],[-119.1452,43.1842],[-119.1804,43.1939],[-119.1901,43.206],[-119.1838,43.2222],[-119.1838,43.2334],[-119.2323,43.2569],[-119.2232,43.2637],[-119.1992,43.2663],[-119.1729,43.2752],[-119.1632,43.2864],[-119.1549,43.3205],[-119.1268,43.2925],[-119.0919,43.2869],[-119.0641,43.2622],[-119.0219,43.2566],[-119.007,43.2428],[-119.0101,43.221]]]}},{"type":"Feature","properties":{},"bbox":[-72.063719,18.478822,-71.905204,18.656618],"geometry":{"type":"Polygon","coordinates":[[[-71.9311,18.5077],[-71.9052,18.4915],[-71.9441,18.4794],[-71.9647,18.4788],[-71.9735,18.4877],[-71.9813,18.5068],[-72.0362,18.5324],[-72.0593,18.5677],[-72.0637,18.6016],[-72.0509,18.6319],[-72.0219,18.6566],[-72.0135,18.6498],[-72.0096,18.6401],[-72.005,18.5963],[-71.9735,18.5733],[-71.9311,18.5077]]]}},{"type":"Feature","properties":{},"bbox":[-84.49383,46.344801,-84.072748,46.552812],"geometry":{"type":"Polygon","coordinates":[[[-84.2245,46.3554],[-84.2299,46.3741],[-84.2683,46.433],[-84.2801,46.4595],[-84.3187,46.4954],[-84.3361,46.5068],[-84.3587,46.5137],[-84.383,46.5158],[-84.4053,46.5125],[-84.423,46.5031],[-84.4599,46.4641],[-84.4901,46.4465],[-84.4938,46.4805],[-84.4773,46.4796],[-84.4676,46.4847],[-84.4736,46.4989],[-84.4546,46.5127],[-84.4336,46.5208],[-84.413,46.5245],[-84.3832,46.5267],[-84.3531,46.533],[-84.3022,46.5193],[-84.2577,46.5269],[-84.2195,46.542],[-84.1797,46.5528],[-84.1304,46.5472],[-84.1155,46.5422],[-84.1089,46.5382],[-84.0962,46.5193],[-84.078,46.5037],[-84.0727,46.4935],[-84.0848,46.4731],[-84.0877,46.4561],[-84.0955,46.4427],[-84.0994,46.4193],[-84.1173,46.4094],[-84.1139,46.3709],[-84.0833,46.3448],[-84.1172,46.3472],[-84.1777,46.4232],[-84.1787,46.4541],[-84.1735,46.465],[-84.1475,46.502],[-84.1286,46.5236],[-84.1235,46.5255],[-84.142,46.5328],[-84.1815,46.5366],[-84.1992,46.5472],[-84.2498,46.5147],[-84.2644,46.5025],[-84.2774,46.4825],[-84.2672,46.4754],[-84.2496,46.4714],[-84.2402,46.4606],[-84.226,46.4085],[-84.2197,46.3964],[-84.1847,46.3764],[-84.1732,46.3654],[-84.1775,46.3519],[-84.2245,46.3554]]]}},{"type":"Feature","properties":{},"bbox":[-107.093934,62.514541,-106.381425,62.822128],"geometry":{"type":"Polygon","coordinates":[[[-106.8302,62.5192],[-106.8537,62.5145],[-106.9161,62.5351],[-106.9256,62.5413],[-106.9348,62.5604],[-106.9635,62.5566],[-107.0053,62.564],[-107.0939,62.5543],[-107.085,62.5634],[-107.0741,62.5684],[-107.0729,62.5743],[-107.0667,62.5746],[-107.0633,62.5952],[-107.0168,62.5996],[-106.9294,62.5958],[-106.8657,62.6258],[-106.8345,62.6479],[-106.8196,62.6708],[-106.8817,62.6708],[-106.8952,62.6741],[-106.9004,62.6814],[-106.903,62.7112],[-106.8994,62.7173],[-106.9014,62.7191],[-106.9643,62.7215],[-106.978,62.7256],[-106.9534,62.7374],[-106.907,62.7479],[-106.9363,62.7597],[-107.0389,62.7671],[-107.0667,62.78],[-107.0691,62.7936],[-107.0423,62.7953],[-106.9435,62.7844],[-106.8509,62.7945],[-106.8065,62.8148],[-106.7819,62.8204],[-106.7547,62.8221],[-106.6346,62.8148],[-106.6241,62.8109],[-106.621,62.8012],[-106.6278,62.78],[-106.6358,62.7741],[-106.6899,62.7597],[-106.6967,62.7391],[-106.7116,62.7241],[-106.7314,62.7123],[-106.6985,62.6961],[-106.6572,62.7088],[-106.5906,62.7565],[-106.5654,62.7665],[-106.536,62.765],[-106.4769,62.7532],[-106.4042,62.7588],[-106.3814,62.7532],[-106.3948,62.7426],[-106.4228,62.7344],[-106.5288,62.7194],[-106.5389,62.715],[-106.5585,62.6961],[-106.6079,62.6782],[-106.6952,62.6694],[-106.7441,62.6558],[-106.765,62.6434],[-106.7582,62.6293],[-106.786,62.6231],[-106.7389,62.6225],[-106.7314,62.6193],[-106.7361,62.6087],[-106.7475,62.604],[-106.8184,62.6016],[-106.8415,62.5975],[-106.8612,62.5884],[-106.8134,62.5822],[-106.8137,62.5707],[-106.8315,62.5572],[-106.8333,62.5472],[-106.7988,62.5256],[-106.8302,62.5192]]]}},{"type":"Feature","properties":{},"bbox":[-66.704526,53.424552,-63.065454,55.125685],"geometry":{"type":"Polygon","coordinates":[[[-63.0655,53.9953],[-63.0797,53.9909],[-63.1473,53.9868],[-63.1561,53.9809],[-63.1521,53.9735],[-63.1343,53.9677],[-63.1343,53.9615],[-63.1626,53.9538],[-63.2007,53.95],[-63.2381,53.9518],[-63.264,53.9615],[-63.2484,53.9724],[-63.2478,53.9836],[-63.2587,53.9921],[-63.3948,54.005],[-63.4378,54.0156],[-63.4558,54.0159],[-63.4648,54.0118],[-63.4832,53.9953],[-63.5447,53.9945],[-63.6057,53.9845],[-63.6034,53.9718],[-63.4595,53.9556],[-63.397,53.9388],[-63.3539,53.9129],[-63.5931,53.9409],[-63.6165,53.9376],[-63.6823,53.9129],[-63.7105,53.9082],[-63.7984,53.9129],[-63.7984,53.9061],[-63.789,53.8994],[-63.7803,53.8814],[-63.771,53.872],[-63.7579,53.8667],[-63.7292,53.8632],[-63.7158,53.8576],[-63.7916,53.8458],[-63.8986,53.8458],[-63.9558,53.8552],[-64.1038,53.8446],[-64.1134,53.8476],[-64.1069,53.8652],[-64.1094,53.8905],[-64.1144,53.8994],[-64.1587,53.9303],[-64.1631,53.9426],[-64.1537,53.95],[-64.1308,53.9576],[-64.1237,53.9691],[-64.1393,53.9788],[-64.1478,53.9891],[-64.1469,53.9989],[-64.1356,54.0095],[-64.1416,54.0227],[-64.1521,54.0295],[-64.1834,54.0351],[-64.2118,54.0265],[-64.2762,54.0206],[-64.2987,54.0227],[-64.313,54.0298],[-64.3356,54.0518],[-64.3817,54.053],[-64.4934,54.0696],[-64.5109,54.0584],[-64.5263,54.0549],[-64.5532,54.0547],[-64.576,54.0495],[-64.5997,54.0509],[-64.6026,54.0471],[-64.5848,54.0281],[-64.5242,54.001],[-64.4864,53.9952],[-64.4809,53.9872],[-64.5102,53.978],[-64.5364,53.9821],[-64.609,53.9638],[-64.5849,53.9544],[-64.5686,53.9389],[-64.5468,53.9446],[-64.5019,53.9337],[-64.533,53.9099],[-64.6204,53.9306],[-64.6354,53.907],[-64.6883,53.9076],[-64.7638,53.9144],[-64.8063,53.9235],[-64.8268,53.9376],[-64.8368,53.9409],[-64.8809,53.9367],[-64.9224,53.9264],[-64.9791,53.8958],[-64.9982,53.8923],[-64.9982,53.8855],[-64.9924,53.8746],[-65.006,53.8708],[-65.0633,53.8746],[-65.1001,53.8846],[-65.1211,53.8855],[-65.1069,53.872],[-65.1153,53.8655],[-65.1528,53.8579],[-65.1696,53.8514],[-65.0826,53.8196],[-65.0392,53.7902],[-65.0652,53.7837],[-65.1254,53.8096],[-65.1703,53.8202],[-65.2167,53.8378],[-65.2535,53.8423],[-65.2713,53.8423],[-65.2855,53.8378],[-65.2446,53.8243],[-65.2248,53.7952],[-65.2276,53.7902],[-65.3272,53.7622],[-65.3282,53.7419],[-65.3082,53.7242],[-65.2368,53.6862],[-65.1553,53.6945],[-65.1996,53.6562],[-65.1912,53.6421],[-65.2103,53.6306],[-65.2167,53.6218],[-65.2111,53.6094],[-65.1819,53.618],[-65.1696,53.6182],[-65.1622,53.6068],[-65.1607,53.5909],[-65.1637,53.5747],[-65.1696,53.5629],[-65.092,53.5338],[-65.0802,53.5193],[-65.0832,53.5114],[-65.1008,53.4976],[-65.1105,53.4952],[-65.1239,53.4973],[-65.1416,53.5226],[-65.2065,53.577],[-65.2206,53.5929],[-65.2323,53.5997],[-65.2379,53.5944],[-65.2364,53.5806],[-65.2175,53.5438],[-65.2309,53.5293],[-65.2514,53.5226],[-65.2607,53.5105],[-65.2799,53.5058],[-65.2854,53.4987],[-65.2823,53.4917],[-65.2249,53.4825],[-65.001,53.4755],[-64.9776,53.4678],[-64.9625,53.4555],[-64.9589,53.444],[-64.9665,53.4343],[-64.984,53.4269],[-65.0032,53.4246],[-65.1216,53.4322],[-65.2215,53.454],[-65.2651,53.4714],[-65.3011,53.4716],[-65.402,53.4575],[-65.4227,53.4714],[-65.4448,53.497],[-65.5531,53.504],[-65.594,53.5164],[-65.5779,53.5273],[-65.5668,53.5435],[-65.5954,53.5514],[-65.6015,53.5567],[-65.6024,53.5664],[-65.5959,53.5717],[-65.5861,53.572],[-65.5647,53.5597],[-65.463,53.5335],[-65.4193,53.5293],[-65.379,53.5308],[-65.3641,53.5379],[-65.3712,53.5532],[-65.4251,53.5868],[-65.431,53.5994],[-65.3917,53.6044],[-65.3668,53.6003],[-65.3609,53.5909],[-65.3612,53.5794],[-65.3544,53.5703],[-65.3394,53.5706],[-65.3213,53.58],[-65.293,53.6044],[-65.3145,53.6197],[-65.3343,53.6291],[-65.3418,53.6397],[-65.3272,53.6598],[-65.3497,53.6686],[-65.3675,53.6801],[-65.3945,53.7045],[-65.4286,53.7136],[-65.4507,53.7263],[-65.4614,53.7398],[-65.4506,53.7492],[-65.3802,53.7204],[-65.3675,53.7113],[-65.3563,53.6968],[-65.3343,53.6824],[-65.3188,53.6818],[-65.3272,53.708],[-65.3379,53.7201],[-65.3761,53.7495],[-65.4023,53.7595],[-65.4126,53.7693],[-65.4167,53.7787],[-65.4087,53.7831],[-65.3478,53.7831],[-65.3101,53.7757],[-65.3,53.7831],[-65.2989,53.7934],[-65.3037,53.8046],[-65.3215,53.8219],[-65.2879,53.8584],[-65.306,53.872],[-65.3092,53.8964],[-65.3135,53.9061],[-65.3653,53.9488],[-65.3846,53.9565],[-65.3976,53.9579],[-65.4049,53.955],[-65.3802,53.9238],[-65.395,53.9161],[-65.3849,53.8891],[-65.4043,53.8802],[-65.4242,53.8876],[-65.4569,53.9129],[-65.5647,53.97],[-65.5805,53.9924],[-65.5605,53.9939],[-65.4432,53.9264],[-65.4479,53.94],[-65.448,53.9515],[-65.4421,53.9612],[-65.4289,53.9677],[-65.4642,54.0083],[-65.4876,54.028],[-65.5084,54.0365],[-65.5232,54.0242],[-65.534,54.0218],[-65.544,54.0492],[-65.5568,54.0539],[-65.5873,54.0568],[-65.6061,54.073],[-65.6458,54.1163],[-65.6657,54.1251],[-65.7199,54.1278],[-65.7478,54.1225],[-65.7586,54.1048],[-65.7289,54.0857],[-65.7306,54.0775],[-65.74,54.0769],[-65.7677,54.0889],[-66.0265,54.2941],[-66.0384,54.3003],[-66.0702,54.3038],[-66.0809,54.3094],[-66.0897,54.3221],[-66.1012,54.3518],[-66.1061,54.3468],[-66.1086,54.3518],[-66.1236,54.3418],[-66.1407,54.35],[-66.158,54.3645],[-66.1867,54.3777],[-66.195,54.4039],[-66.2043,54.4139],[-66.2228,54.4051],[-66.2458,54.4098],[-66.2667,54.4236],[-66.2793,54.441],[-66.2516,54.4313],[-66.2399,54.4448],[-66.2435,54.4648],[-66.2793,54.4813],[-66.3277,54.5237],[-66.3669,54.5523],[-66.3915,54.5655],[-66.4358,54.5782],[-66.4617,54.5911],[-66.4779,54.5955],[-66.4717,54.5776],[-66.4481,54.5487],[-66.4405,54.5322],[-66.4375,54.5058],[-66.4302,54.4957],[-66.3823,54.4548],[-66.3619,54.4269],[-66.3261,54.4154],[-66.274,54.3842],[-66.2241,54.3653],[-66.1844,54.3559],[-66.1769,54.345],[-66.2592,54.365],[-66.2833,54.3586],[-66.4269,54.3957],[-66.4512,54.3921],[-66.4636,54.3721],[-66.4743,54.3615],[-66.4779,54.3653],[-66.4768,54.3494],[-66.4643,54.3318],[-66.4779,54.3318],[-66.4454,54.3106],[-66.338,54.2838],[-66.3202,54.2629],[-66.327,54.2552],[-66.3582,54.2691],[-66.3667,54.2656],[-66.3729,54.2505],[-66.3823,54.2488],[-66.3898,54.2541],[-66.3996,54.2726],[-66.4643,54.2903],[-66.4455,54.2756],[-66.4062,54.2317],[-66.3701,54.2014],[-66.3494,54.1925],[-66.3414,54.2079],[-66.326,54.1993],[-66.3152,54.1846],[-66.3088,54.1669],[-66.2992,54.1231],[-66.3032,54.1154],[-66.3105,54.1148],[-66.3299,54.1275],[-66.3544,54.1793],[-66.3616,54.1873],[-66.4034,54.1925],[-66.4131,54.1973],[-66.4253,54.2199],[-66.4612,54.2255],[-66.4686,54.2343],[-66.4779,54.2629],[-66.5052,54.2835],[-66.5052,54.3177],[-66.517,54.3333],[-66.5423,54.3562],[-66.5537,54.3721],[-66.5598,54.3995],[-66.5762,54.4116],[-66.5946,54.4201],[-66.5878,54.4336],[-66.5491,54.4145],[-66.4643,54.3983],[-66.4574,54.403],[-66.4606,54.416],[-66.4952,54.4339],[-66.5257,54.441],[-66.5462,54.4684],[-66.5646,54.4787],[-66.5844,54.4825],[-66.6043,54.4796],[-66.6225,54.4684],[-66.613,54.4922],[-66.6209,54.5355],[-66.6015,54.5428],[-66.5731,54.5367],[-66.5222,54.5116],[-66.491,54.5093],[-66.526,54.5331],[-66.5699,54.5423],[-66.6819,54.5861],[-66.7045,54.6055],[-66.6636,54.6011],[-66.5462,54.5505],[-66.5616,54.5687],[-66.643,54.5982],[-66.6608,54.6126],[-66.6613,54.62],[-66.6493,54.6261],[-66.6358,54.6261],[-66.6008,54.6055],[-66.6028,54.6185],[-66.6093,54.6317],[-66.629,54.6503],[-66.6274,54.6574],[-66.6215,54.6612],[-66.6117,54.6562],[-66.5878,54.6329],[-66.55,54.6132],[-66.5285,54.61],[-66.5189,54.6226],[-66.5157,54.647],[-66.5057,54.6479],[-66.4848,54.6397],[-66.4954,54.6574],[-66.5462,54.6877],[-66.5462,54.6939],[-66.5279,54.6906],[-66.4955,54.678],[-66.4779,54.68],[-66.5298,54.7256],[-66.5462,54.7354],[-66.5294,54.7427],[-66.512,54.7354],[-66.5144,54.7583],[-66.5347,54.7825],[-66.5401,54.7975],[-66.5297,54.7931],[-66.5228,54.7939],[-66.5192,54.8001],[-66.5189,54.811],[-66.4733,54.7931],[-66.4574,54.7901],[-66.4624,54.7695],[-66.4583,54.7604],[-66.4352,54.7507],[-66.4243,54.7507],[-66.4165,54.7627],[-66.348,54.7377],[-66.3277,54.7421],[-66.5729,54.8758],[-66.6084,54.9049],[-66.615,54.9279],[-66.6495,54.9505],[-66.6651,54.9647],[-66.6771,54.9817],[-66.6439,54.9738],[-66.5779,54.9376],[-66.5462,54.9408],[-66.5631,54.9517],[-66.5741,54.9682],[-66.5353,54.9591],[-66.5332,54.9682],[-66.5409,54.9761],[-66.5809,54.9956],[-66.6378,55.0386],[-66.6561,55.058],[-66.6268,55.0506],[-66.5712,55.0212],[-66.5462,55.0303],[-66.5799,55.06],[-66.5946,55.0642],[-66.5878,55.0786],[-66.5052,55.0232],[-66.4684,54.9912],[-66.4467,54.9779],[-66.4234,54.9756],[-66.4234,54.9817],[-66.4879,55.0303],[-66.4979,55.0344],[-66.516,55.0539],[-66.5674,55.0786],[-66.5915,55.103],[-66.5812,55.1133],[-66.5587,55.1107],[-66.5428,55.0877],[-66.5342,55.0812],[-66.5242,55.0786],[-66.5155,55.0821],[-66.5157,55.0907],[-66.5401,55.1257],[-66.516,55.116],[-66.4979,55.098],[-66.4533,55.035],[-66.4415,55.0265],[-66.4268,55.0232],[-66.3978,55.0232],[-66.3819,55.0185],[-66.3748,55.0062],[-66.3576,54.9909],[-66.3233,54.9844],[-66.2987,54.975],[-66.3101,54.9514],[-66.3407,54.9385],[-66.394,54.9576],[-66.4165,54.9544],[-66.3978,54.9391],[-66.3748,54.9261],[-66.3277,54.9073],[-66.3277,54.8999],[-66.3414,54.8946],[-66.3339,54.8861],[-66.3666,54.8787],[-66.3894,54.8852],[-66.4375,54.9202],[-66.4437,54.9134],[-66.4271,54.8996],[-66.4165,54.8793],[-66.4574,54.8931],[-66.4478,54.8778],[-66.4324,54.8696],[-66.3966,54.859],[-66.3865,54.8608],[-66.3787,54.8569],[-66.3748,54.8446],[-66.3763,54.8349],[-66.3806,54.8272],[-66.3966,54.8178],[-66.3823,54.8036],[-66.3997,54.8075],[-66.418,54.8181],[-66.4885,54.8796],[-66.5052,54.8861],[-66.5052,54.8931],[-66.4876,54.8967],[-66.4882,54.902],[-66.5086,54.917],[-66.5195,54.9214],[-66.5537,54.9073],[-66.5354,54.8828],[-66.4982,54.8507],[-66.457,54.8231],[-66.3949,54.8013],[-66.3573,54.7783],[-66.2998,54.7286],[-66.3339,54.7183],[-66.3391,54.7042],[-66.3544,54.7012],[-66.3832,54.7186],[-66.4302,54.7286],[-66.4044,54.7133],[-66.3442,54.6891],[-66.3277,54.6671],[-66.3741,54.6724],[-66.3946,54.6715],[-66.3966,54.6597],[-66.3816,54.6509],[-66.3572,54.6494],[-66.3317,54.6532],[-66.3135,54.6597],[-66.2181,54.6008],[-66.2123,54.5935],[-66.2073,54.569],[-66.1995,54.5602],[-66.1769,54.5505],[-66.1695,54.5617],[-66.1542,54.5576],[-66.1435,54.5431],[-66.1495,54.5237],[-66.1149,54.4884],[-66.1632,54.5093],[-66.1929,54.5119],[-66.2043,54.5164],[-66.2515,54.5614],[-66.2589,54.5743],[-66.2859,54.5941],[-66.3479,54.6182],[-66.4574,54.6465],[-66.439,54.6179],[-66.4092,54.594],[-66.3336,54.5502],[-66.283,54.5269],[-66.2384,54.4884],[-66.1757,54.4734],[-66.1595,54.4648],[-66.074,54.3968],[-66.0637,54.3921],[-66.0575,54.3845],[-66.0475,54.3471],[-66.0397,54.3318],[-66.0366,54.3539],[-66.0192,54.3571],[-65.9776,54.345],[-65.9836,54.3165],[-65.9639,54.2844],[-65.9323,54.2588],[-65.9025,54.2488],[-65.9068,54.2664],[-65.9003,54.2847],[-65.8986,54.3023],[-65.9168,54.3177],[-65.8983,54.3241],[-65.8831,54.3153],[-65.8251,54.2279],[-65.8033,54.1737],[-65.7633,54.1611],[-65.7159,54.1569],[-65.676,54.1457],[-65.6726,54.1584],[-65.6971,54.1872],[-65.6694,54.1867],[-65.6588,54.182],[-65.6486,54.1737],[-65.6436,54.1643],[-65.6379,54.1393],[-65.6322,54.129],[-65.6002,54.1084],[-65.5636,54.0775],[-65.5365,54.0657],[-65.4654,54.0521],[-65.457,54.0477],[-65.4226,54.0103],[-65.3607,53.9677],[-65.3605,53.9874],[-65.3778,54.0077],[-65.4227,54.0439],[-65.3971,54.0457],[-65.4163,54.0695],[-65.4361,54.0724],[-65.4452,54.0852],[-65.4386,54.0989],[-65.4411,54.1186],[-65.4304,54.1328],[-65.3794,54.1162],[-65.3521,54.115],[-65.3808,54.1304],[-65.384,54.145],[-65.3607,54.1505],[-65.3347,54.1287],[-65.3051,54.1217],[-65.2933,54.1462],[-65.2641,54.1474],[-65.2383,54.1596],[-65.2532,54.1807],[-65.2711,54.1971],[-65.2965,54.2077],[-65.2966,54.2245],[-65.2568,54.2215],[-65.2265,54.2141],[-65.2087,54.2316],[-65.1888,54.1991],[-65.1976,54.1873],[-65.1723,54.1746],[-65.1499,54.1476],[-65.0781,54.1075],[-65.0117,54.1032],[-65.0322,54.1254],[-65.0049,54.1189],[-64.9472,54.0941],[-64.8636,54.0847],[-64.8494,54.088],[-64.8996,54.1237],[-64.9363,54.1266],[-64.9573,54.1325],[-64.9743,54.1425],[-64.9913,54.1593],[-64.9941,54.1952],[-65.0065,54.2043],[-65.0249,54.2317],[-65.0218,54.2408],[-65.0081,54.2517],[-65.005,54.2629],[-65.0106,54.2835],[-65.024,54.305],[-65.0832,54.3686],[-65.1285,54.3921],[-65.131,54.4148],[-65.1245,54.4372],[-65.1251,54.4542],[-65.1485,54.461],[-65.2446,54.4475],[-65.272,54.4548],[-65.2808,54.4404],[-65.2948,54.4463],[-65.3197,54.4751],[-65.2835,54.4725],[-65.2689,54.4748],[-65.2583,54.4884],[-65.2561,54.5025],[-65.2789,54.6111],[-65.2807,54.6414],[-65.2651,54.6597],[-65.2512,54.6576],[-65.1962,54.6329],[-65.1722,54.6341],[-65.165,54.6465],[-65.1625,54.6603],[-65.1522,54.6671],[-65.1273,54.6565],[-65.1447,54.5991],[-65.1347,54.5708],[-65.155,54.5676],[-65.17,54.5805],[-65.1827,54.5991],[-65.1962,54.6117],[-65.2102,54.612],[-65.2271,54.607],[-65.2412,54.5982],[-65.2308,54.5926],[-65.2286,54.5796],[-65.2301,54.5405],[-65.2065,54.5367],[-65.1836,54.5387],[-65.1512,54.494],[-65.1441,54.4972],[-65.1347,54.5237],[-65.1027,54.5013],[-65.0891,54.4887],[-65.0802,54.4751],[-65.0983,54.459],[-65.1105,54.4395],[-65.1126,54.4174],[-65.1007,54.3921],[-65.0829,54.3759],[-65.0596,54.3653],[-65.0153,54.338],[-64.9458,54.3121],[-64.9448,54.3018],[-64.9532,54.295],[-64.9809,54.3106],[-64.9881,54.3082],[-64.9913,54.2867],[-64.9795,54.2617],[-64.9781,54.2505],[-64.9913,54.2426],[-64.9847,54.2258],[-64.9722,54.2073],[-64.9464,54.1769],[-64.9301,54.1631],[-64.9099,54.1505],[-64.8883,54.1416],[-64.8678,54.1396],[-64.8849,54.154],[-64.8879,54.164],[-64.8815,54.1737],[-64.8199,54.1593],[-64.7916,54.1599],[-64.7785,54.1531],[-64.7482,54.1251],[-64.7165,54.1222],[-64.6818,54.1439],[-64.6484,54.1287],[-64.6144,54.131],[-64.6117,54.1454],[-64.6257,54.1605],[-64.6488,54.1737],[-64.693,54.1849],[-64.7209,54.212],[-64.7817,54.2556],[-64.768,54.2761],[-64.747,54.2809],[-64.7592,54.3059],[-64.7215,54.3146],[-64.7127,54.3371],[-64.6852,54.3148],[-64.6576,54.307],[-64.6092,54.2802],[-64.5778,54.2813],[-64.5772,54.2899],[-64.6032,54.3049],[-64.6391,54.3165],[-64.6705,54.3351],[-64.6538,54.3421],[-64.6166,54.3337],[-64.5902,54.3506],[-64.5563,54.3627],[-64.5339,54.3352],[-64.5422,54.3169],[-64.5605,54.3062],[-64.5367,54.2871],[-64.5492,54.2709],[-64.5423,54.2472],[-64.5435,54.2283],[-64.5194,54.2225],[-64.4966,54.2326],[-64.5047,54.2629],[-64.4964,54.2779],[-64.4802,54.282],[-64.4434,54.2835],[-64.4269,54.2909],[-64.421,54.3003],[-64.4411,54.3429],[-64.4129,54.3662],[-64.3949,54.3586],[-64.3954,54.3839],[-64.3907,54.3939],[-64.3807,54.3995],[-64.3924,54.4116],[-64.4284,54.4139],[-64.4359,54.4233],[-64.4291,54.4548],[-64.4359,54.4719],[-64.4258,54.4784],[-64.3861,54.5187],[-64.3807,54.5334],[-64.3788,54.5634],[-64.3737,54.5767],[-64.3521,54.6002],[-64.3443,54.6141],[-64.3421,54.6294],[-64.3471,54.6465],[-64.3579,54.6559],[-64.3885,54.6721],[-64.3949,54.6838],[-64.377,54.7003],[-64.3745,54.708],[-64.3785,54.7171],[-64.4341,54.7483],[-64.4465,54.7598],[-64.457,54.7769],[-64.4456,54.7889],[-64.4406,54.7863],[-64.4359,54.7769],[-64.412,54.7595],[-64.4029,54.7545],[-64.3745,54.7489],[-64.362,54.7371],[-64.3498,54.7127],[-64.3398,54.7012],[-64.3134,54.6891],[-64.2913,54.6862],[-64.2782,54.6671],[-64.2562,54.6476],[-64.2516,54.6362],[-64.2516,54.6194],[-64.2801,54.6267],[-64.2965,54.6211],[-64.3038,54.605],[-64.3055,54.5814],[-64.3113,54.5761],[-64.3505,54.5646],[-64.3745,54.5237],[-64.3649,54.4987],[-64.3387,54.4984],[-64.3113,54.5049],[-64.2987,54.499],[-64.2938,54.481],[-64.2816,54.4578],[-64.2662,54.4354],[-64.2516,54.4201],[-64.2405,54.4142],[-64.205,54.4169],[-64.186,54.4332],[-64.1473,54.4219],[-64.1224,54.401],[-64.1434,54.3806],[-64.1154,54.3285],[-64.1275,54.3103],[-64.1065,54.2923],[-64.0864,54.2897],[-64.0417,54.297],[-64.0226,54.2923],[-63.9924,54.267],[-63.9697,54.2555],[-63.9281,54.2526],[-63.9221,54.2455],[-63.9107,54.2126],[-63.8919,54.1908],[-63.8883,54.1702],[-63.8825,54.1637],[-63.8435,54.1493],[-63.8258,54.1184],[-63.8198,54.1128],[-63.7766,54.0825],[-63.7546,54.0745],[-63.6546,54.0539],[-63.5487,54.0501],[-63.5394,54.0533],[-63.5189,54.068],[-63.521,54.0713],[-63.5467,54.0748],[-63.6278,54.0978],[-63.7156,54.1101],[-63.7438,54.1184],[-63.7191,54.1246],[-63.6823,54.1248],[-63.6688,54.135],[-63.6423,54.1476],[-63.6479,54.156],[-63.6264,54.1827],[-63.5837,54.1977],[-63.5497,54.2031],[-63.5391,54.2086],[-63.5991,54.2307],[-63.5929,54.2512],[-63.6012,54.2637],[-63.632,54.2687],[-63.6486,54.2583],[-63.6592,54.2451],[-63.6786,54.2337],[-63.702,54.2421],[-63.7386,54.2909],[-63.7168,54.2957],[-63.596,54.2994],[-63.5878,54.3096],[-63.5646,54.3198],[-63.4506,54.3446],[-63.4265,54.359],[-63.4135,54.375],[-63.3145,54.4071],[-63.3091,54.4171],[-63.2715,54.4252],[-63.2343,54.419],[-63.2465,54.3966],[-63.3015,54.3671],[-63.3115,54.3487],[-63.2791,54.3405],[-63.3092,54.3212],[-63.2854,54.3076],[-63.2424,54.3011],[-63.2465,54.2936],[-63.2706,54.2805],[-63.2592,54.2629],[-63.2312,54.2529],[-63.1916,54.2464],[-63.095,54.2419],[-63.0979,54.2365],[-63.1832,54.2224],[-63.1948,54.201],[-63.2347,54.1948],[-63.239,54.1707],[-63.2145,54.1429],[-63.1846,54.1405],[-63.1807,54.1248],[-63.2025,54.1122],[-63.1814,54.1063],[-63.1441,54.1074],[-63.1138,54.0956],[-63.1412,54.0848],[-63.1413,54.0643],[-63.1473,54.0536],[-63.1364,54.0368],[-63.0836,54.0106],[-63.0655,53.9953]],[[-65.1323,54.1121],[-65.1392,54.122],[-65.1747,54.1494],[-65.1936,54.1244],[-65.1586,54.0964],[-65.1538,54.1062],[-65.1323,54.1121]],[[-64.8296,54.0995],[-64.8005,54.1017],[-64.7735,54.1039],[-64.7855,54.1213],[-64.8123,54.1365],[-64.838,54.1404],[-64.8432,54.1298],[-64.8372,54.1106],[-64.8296,54.0995]],[[-64.7921,54.0505],[-64.8028,54.0571],[-64.8035,54.0648],[-64.8526,54.0609],[-64.8801,54.0545],[-64.8493,54.0471],[-64.7921,54.0505]],[[-64.5668,54.1788],[-64.5334,54.1707],[-64.5136,54.1781],[-64.5186,54.1897],[-64.4957,54.201],[-64.5281,54.2025],[-64.573,54.1879],[-64.5668,54.1788]],[[-64.6428,54.0172],[-64.6425,54.0028],[-64.6048,53.997],[-64.5589,53.9979],[-64.5709,54.0085],[-64.6428,54.0172]],[[-64.5252,54.091],[-64.5237,54.1151],[-64.5115,54.1204],[-64.5315,54.1325],[-64.5514,54.1319],[-64.5693,54.114],[-64.6045,54.1041],[-64.6638,54.114],[-64.6822,54.1122],[-64.6998,54.1066],[-64.7112,54.0984],[-64.7117,54.0886],[-64.682,54.0848],[-64.6779,54.0673],[-64.6514,54.0589],[-64.6109,54.06],[-64.5826,54.0665],[-64.5631,54.0774],[-64.5252,54.091]],[[-64.3265,54.3037],[-64.2991,54.2937],[-64.2976,54.3086],[-64.3198,54.3181],[-64.298,54.325],[-64.316,54.3515],[-64.3389,54.3379],[-64.3681,54.3424],[-64.4063,54.3338],[-64.4009,54.3122],[-64.3407,54.3005],[-64.3265,54.3037]],[[-64.2839,54.2308],[-64.252,54.2433],[-64.2563,54.2496],[-64.3126,54.2506],[-64.3603,54.258],[-64.3856,54.234],[-64.404,54.1979],[-64.3696,54.1829],[-64.3311,54.1801],[-64.3296,54.2158],[-64.3142,54.2277],[-64.2839,54.2308]],[[-64.2799,54.1519],[-64.2589,54.1558],[-64.224,54.1713],[-64.1772,54.1598],[-64.16,54.1818],[-64.1586,54.1989],[-64.1929,54.2213],[-64.2388,54.2285],[-64.2656,54.217],[-64.2854,54.2125],[-64.279,54.1842],[-64.3042,54.1741],[-64.3123,54.1639],[-64.2799,54.1519]],[[-64.1555,54.0876],[-64.1613,54.1129],[-64.213,54.1128],[-64.2345,54.1047],[-64.29,54.116],[-64.2771,54.0971],[-64.2758,54.0805],[-64.267,54.0676],[-64.2503,54.0533],[-64.2188,54.0456],[-64.1911,54.0518],[-64.2086,54.0652],[-64.2159,54.076],[-64.1856,54.0828],[-64.1635,54.0773],[-64.1555,54.0876]],[[-63.6028,54.0134],[-63.6072,54.0227],[-63.6612,54.0333],[-63.6767,54.0318],[-63.6654,54.0124],[-63.6275,54.008],[-63.6028,54.0134]],[[-63.264,54.0848],[-63.264,54.0775],[-63.2402,54.071],[-63.1985,54.0681],[-63.198,54.0814],[-63.2141,54.0855],[-63.2468,54.088],[-63.264,54.0848]],[[-63.3209,54.1159],[-63.3534,54.132],[-63.3914,54.1305],[-63.4401,54.1171],[-63.4491,54.1002],[-63.4276,54.0894],[-63.3893,54.0875],[-63.3409,54.1031],[-63.3147,54.1064],[-63.3209,54.1159]],[[-63.3769,54.2403],[-63.3996,54.2272],[-63.3694,54.2196],[-63.3352,54.2162],[-63.2764,54.2217],[-63.2421,54.2291],[-63.238,54.2367],[-63.243,54.2445],[-63.2715,54.2492],[-63.2995,54.2431],[-63.3203,54.2434],[-63.3064,54.2605],[-63.3046,54.2727],[-63.3408,54.2737],[-63.3823,54.2485],[-63.3769,54.2403]],[[-63.5225,54.2355],[-63.4748,54.2362],[-63.4326,54.225],[-63.4142,54.2478],[-63.4197,54.2562],[-63.3873,54.2632],[-63.3707,54.2836],[-63.3943,54.2874],[-63.5102,54.2761],[-63.529,54.2668],[-63.543,54.2407],[-63.5225,54.2355]],[[-63.4996,54.1154],[-63.4506,54.1344],[-63.4315,54.1517],[-63.4572,54.1559],[-63.4219,54.1636],[-63.3393,54.1658],[-63.3356,54.1726],[-63.3841,54.1805],[-63.4269,54.1815],[-63.4468,54.1772],[-63.4756,54.1819],[-63.5113,54.1987],[-63.5497,54.1903],[-63.5788,54.1771],[-63.5936,54.1651],[-63.5257,54.165],[-63.5515,54.1551],[-63.5893,54.1468],[-63.5991,54.1404],[-63.5819,54.1249],[-63.5454,54.1081],[-63.4996,54.1154]],[[-63.2179,54.0107],[-63.1889,54.0365],[-63.2135,54.0418],[-63.2727,54.0395],[-63.3067,54.0513],[-63.3533,54.0501],[-63.4185,54.0639],[-63.4678,54.0574],[-63.5587,54.0298],[-63.5273,54.018],[-63.4567,54.0283],[-63.2677,54.0083],[-63.2179,54.0107]]]}},{"type":"Feature","properties":{},"bbox":[-96.594297,17.984101,-96.293127,18.354086],"geometry":{"type":"Polygon","coordinates":[[[-96.2931,18.0108],[-96.299,17.9929],[-96.3091,17.9841],[-96.325,17.9883],[-96.348,18.0052],[-96.384,18.0173],[-96.4043,18.0181],[-96.4249,18.0125],[-96.4292,18.0216],[-96.4141,18.0413],[-96.3966,18.0515],[-96.3516,18.0678],[-96.3485,18.0784],[-96.3597,18.0908],[-96.377,18.0995],[-96.3934,18.1004],[-96.4078,18.095],[-96.4178,18.1004],[-96.4192,18.1343],[-96.4233,18.1497],[-96.4375,18.156],[-96.4526,18.1523],[-96.4777,18.1387],[-96.488,18.1363],[-96.5005,18.1387],[-96.5378,18.1624],[-96.5623,18.2006],[-96.5888,18.2317],[-96.5943,18.2452],[-96.5813,18.2468],[-96.564,18.237],[-96.5546,18.2264],[-96.5407,18.2203],[-96.531,18.2289],[-96.5363,18.2457],[-96.5476,18.2614],[-96.5497,18.281],[-96.5378,18.2934],[-96.5243,18.2917],[-96.5169,18.2998],[-96.5443,18.3423],[-96.5417,18.3541],[-96.5264,18.352],[-96.4944,18.3335],[-96.4615,18.293],[-96.384,18.2227],[-96.3686,18.2024],[-96.3693,18.1942],[-96.4052,18.2195],[-96.4232,18.2252],[-96.4259,18.2152],[-96.4134,18.1827],[-96.4038,18.1686],[-96.3745,18.1441],[-96.3469,18.1015],[-96.3216,18.0769],[-96.2961,18.0295],[-96.2931,18.0108]],[[-96.4508,18.2382],[-96.4579,18.2558],[-96.4683,18.266],[-96.5028,18.2818],[-96.5087,18.2719],[-96.4992,18.2538],[-96.4725,18.228],[-96.4571,18.2222],[-96.4508,18.2382]]]}},{"type":"Feature","properties":{},"bbox":[-80.087791,9.002614,-79.64687,9.329985],"geometry":{"type":"Polygon","coordinates":[[[-79.6615,9.1493],[-79.6469,9.1561],[-79.6529,9.1362],[-79.6711,9.1155],[-79.7141,9.0963],[-79.7647,9.0957],[-79.793,9.1036],[-79.7959,9.0892],[-79.8067,9.083],[-79.8067,9.0757],[-79.7992,9.0618],[-79.8067,9.0618],[-79.8067,9.0695],[-79.8134,9.0695],[-79.8129,9.0624],[-79.8209,9.0489],[-79.8134,9.0489],[-79.8214,9.0421],[-79.8209,9.0353],[-79.8346,9.0489],[-79.8399,9.043],[-79.8414,9.0353],[-79.8476,9.0489],[-79.8532,9.0474],[-79.8544,9.0415],[-79.8619,9.055],[-79.868,9.055],[-79.8748,9.0489],[-79.8698,9.0595],[-79.8619,9.0695],[-79.8544,9.055],[-79.8495,9.0598],[-79.8346,9.0618],[-79.8249,9.0695],[-79.8108,9.0915],[-79.7984,9.1007],[-79.8209,9.1239],[-79.827,9.1239],[-79.8374,9.1163],[-79.8476,9.1239],[-79.8544,9.1239],[-79.8544,9.1104],[-79.8654,9.1151],[-79.8722,9.1242],[-79.8735,9.1348],[-79.868,9.1451],[-79.8891,9.1651],[-79.8929,9.1519],[-79.9028,9.1451],[-79.9056,9.1587],[-79.9138,9.164],[-79.9234,9.1613],[-79.9234,9.1451],[-79.9282,9.1375],[-79.9091,9.1104],[-79.9165,9.1036],[-79.9113,9.0877],[-79.9028,9.0757],[-79.9316,9.083],[-79.9397,9.0801],[-79.93,9.0618],[-79.9363,9.0618],[-79.95,9.083],[-79.9574,9.083],[-79.9465,9.0621],[-79.9389,9.0204],[-79.9532,9.0026],[-79.9675,9.0368],[-79.9737,9.0339],[-79.977,9.0253],[-79.9717,9.0141],[-79.9776,9.0132],[-79.978,9.0074],[-80.0014,9.05],[-80.0052,9.0695],[-80.0127,9.0695],[-80.0192,9.0627],[-80.0257,9.0695],[-80.0311,9.0548],[-80.0252,9.0421],[-80.0052,9.0209],[-80.0052,9.0141],[-80.0142,9.0174],[-80.0332,9.0353],[-80.0261,9.0171],[-80.0316,9.0106],[-80.041,9.0162],[-80.0461,9.0353],[-80.0547,9.0256],[-80.0688,9.0174],[-80.0741,9.0074],[-80.0878,9.0286],[-80.0703,9.0389],[-80.0485,9.0701],[-80.0332,9.0757],[-80.04,9.083],[-80.021,9.0989],[-80.0129,9.1021],[-80.0052,9.0963],[-79.9765,9.1219],[-79.9684,9.1151],[-79.95,9.1451],[-79.9559,9.1663],[-79.9418,9.2184],[-79.9437,9.2396],[-79.9302,9.2502],[-79.9234,9.2673],[-79.9116,9.259],[-79.8988,9.2555],[-79.8862,9.2579],[-79.8713,9.2738],[-79.868,9.2985],[-79.8638,9.3038],[-79.8265,9.325],[-79.827,9.33],[-79.8209,9.33],[-79.7992,9.3159],[-79.8111,9.2973],[-79.8099,9.2635],[-79.8134,9.2537],[-79.8018,9.2517],[-79.7825,9.2585],[-79.7725,9.2537],[-79.7725,9.247],[-79.8115,9.2378],[-79.8301,9.229],[-79.8421,9.2278],[-79.868,9.2334],[-79.8679,9.2202],[-79.8636,9.2108],[-79.8476,9.1999],[-79.8476,9.2134],[-79.842,9.2196],[-79.8327,9.2193],[-79.8209,9.2134],[-79.8261,9.2046],[-79.8544,9.1855],[-79.8477,9.1817],[-79.8171,9.1925],[-79.8067,9.1999],[-79.8209,9.1719],[-79.8134,9.1719],[-79.8018,9.1787],[-79.7911,9.1625],[-79.7799,9.1204],[-79.7643,9.1156],[-79.7156,9.1154],[-79.6986,9.1188],[-79.6795,9.1422],[-79.6615,9.1493]]]}}]}
