{"type":"FeatureCollection","_doc":"DERIVED. The atlas's drawn territories at lod2, converted from the artwork's pixel space to lon/lat by tools/build-political-overlay.mjs through the seeded inverse in tools/lib/georef.mjs. Regenerate rather than hand-edit. These are the borders as DRAWN, placed honestly, not re-fitted to the real shoreline: where they disagree with the coastline they disagree visibly, and that disagreement is information. The re-fit is a separate decision recorded in docs/changes/map-timeline/coastline-precision-roadmap.md.","_arctic":{"why":"NOT DRAWN by owner decision, 2026-08-03: no faction territory in Greenland or the high Arctic. The cut is made in the artwork's own pixel space rather than in latitude, because the far north is where the transform is least trustworthy and cutting on its output would mean deciding what to remove using the numbers that are wrong.","territories":[{"id":0,"name":"Greenland","southY":663},{"id":20,"name":null,"southY":653},{"id":32,"name":null,"southY":339},{"id":43,"name":null,"southY":425},{"id":51,"name":"Siberia","southY":185},{"id":71,"name":"Iceland","southY":207},{"id":79,"name":null,"southY":419},{"id":83,"name":null,"southY":403},{"id":89,"name":null,"southY":263},{"id":98,"name":null,"southY":548},{"id":117,"name":null,"southY":105},{"id":120,"name":null,"southY":524},{"id":129,"name":null,"southY":313},{"id":135,"name":null,"southY":574},{"id":139,"name":null,"southY":390},{"id":140,"name":null,"southY":280},{"id":142,"name":null,"southY":59},{"id":153,"name":null,"southY":466},{"id":170,"name":null,"southY":692},{"id":172,"name":null,"southY":204}]},"_dropped":{"why":"The policy, which currently drops nothing: where the model has no answer on the branch an outline is walked, that territory is ABSENT rather than placed by another root, which would draw it thousands of kilometres away while looking entirely plausible. A missing territory is visible; a confidently misplaced one is not. This listed two territories while the bare quadratic shipped, because its surface folded above about 63N and the walk ran out; the blend adopted on 2026-08-03 has an answer everywhere the artwork draws, so both are back. The rule stays because the reason for it does.","territories":[]},"features":[{"type":"Feature","properties":{"id":1,"layer":"regions","color":"#e82976","areaPx":207908,"name":"Albion and Newfoundland","foldMargin":0.7379},"geometry":{"type":"MultiPolygon","coordinates":[[[[-82.6086,52.7008],[-82.4299,53.2547],[-83.5048,54.0397],[-83.3371,54.2902],[-84.426,54.915],[-83.5189,55.2504],[-83.3605,55.2449],[-82.2728,55.1483],[-82.4362,54.2823],[-82.125,53.2771],[-81.4347,52.2104],[-81.9747,52.2061],[-82.6086,52.7008]]],[[[-72.3492,52.3095],[-72.8796,51.9101],[-74.37,51.9533],[-74.2971,51.485],[-75.3148,50.9195],[-75.512,50.5484],[-76.1559,50.5819],[-76.2529,51.028],[-77.4715,51.2813],[-77.7382,51.7298],[-78.7391,52.0374],[-78.8894,52.0157],[-78.6019,52.5621],[-79.1242,54.1415],[-79.8296,54.6677],[-78.2287,55.1365],[-77.0956,55.8375],[-76.5414,56.5343],[-76.6231,57.2027],[-77.0741,57.7668],[-77.3022,58.0521],[-78.5169,58.8047],[-77.3367,59.8527],[-77.7727,60.7579],[-78.1068,62.3197],[-78.0489,62.3389],[-78.0222,62.2993],[-77.9756,62.2131],[-77.9376,62.1228],[-77.9087,62.0292],[-77.8891,61.9333],[-77.8789,61.8359],[-77.8783,61.7379],[-77.8873,61.6404],[-77.9058,61.5442],[-77.9118,61.5242],[-77.86,61.4808],[-77.7932,61.4128],[-77.7704,61.3847],[-77.7313,61.3732],[-77.6376,61.3407],[-77.5476,61.299],[-77.4621,61.2486],[-77.3821,61.19],[-77.3082,61.1237],[-77.2413,61.0505],[-77.182,60.971],[-77.1309,60.886],[-77.0884,60.7963],[-77.055,60.7029],[-77.031,60.6067],[-77.0167,60.5085],[-77.0122,60.4094],[-77.0175,60.3103],[-77.0327,60.2123],[-77.0574,60.1162],[-77.0916,60.0231],[-77.1868,59.7986],[-77.2302,59.7088],[-77.2824,59.6239],[-77.2952,59.607],[-77.3005,59.5262],[-77.3163,59.4304],[-77.3412,59.3367],[-77.3751,59.2457],[-77.4177,59.1585],[-77.4685,59.0759],[-77.5271,58.9985],[-77.5875,58.9331],[-77.4751,58.904],[-77.4587,58.9637],[-77.3143,59.4041],[-77.2787,59.4968],[-77.2341,59.5855],[-77.181,59.6693],[-77.1197,59.7475],[-77.0511,59.8192],[-76.9756,59.8837],[-76.8942,59.9405],[-76.8074,59.9888],[-76.7164,60.0284],[-76.6218,60.0587],[-76.5247,60.0795],[-76.4261,60.0906],[-76.0992,60.1109],[-76.0058,60.1123],[-75.9127,60.105],[-75.8207,60.0891],[-75.7306,60.0646],[-75.6432,60.0319],[-75.5592,59.9911],[-75.4793,59.9427],[-74.9991,59.6199],[-74.7854,59.6047],[-74.6793,59.5914],[-74.5753,59.5668],[-74.4744,59.5313],[-74.3779,59.4852],[-74.2869,59.4291],[-73.8766,59.1447],[-73.8257,59.1452],[-73.7259,59.1361],[-73.6274,59.1172],[-73.5314,59.0884],[-72.8124,58.8332],[-72.5235,58.8336],[-72.419,58.8283],[-72.3156,58.812],[-72.2145,58.7851],[-72.1168,58.7477],[-72.0235,58.7004],[-71.9357,58.6435],[-71.6328,58.4242],[-71.4423,58.3944],[-71.3488,58.3751],[-71.2576,58.347],[-71.1695,58.3104],[-71.0852,58.2655],[-71.0057,58.2128],[-70.9315,58.1528],[-70.8634,58.086],[-70.8019,58.0129],[-70.7477,57.9344],[-70.7097,57.8661],[-70.6822,57.8515],[-70.6006,57.7973],[-70.3937,57.6448],[-69.7274,57.5887],[-69.6301,57.5756],[-69.5344,57.5531],[-69.4415,57.5213],[-69.3521,57.4805],[-69.2672,57.4311],[-69.1875,57.3737],[-69.1138,57.3087],[-69.0978,57.2915],[-68.5395,57.3773],[-68.4462,57.3872],[-68.3523,57.3883],[-68.2588,57.3806],[-68.1664,57.3641],[-68.0759,57.339],[-67.9882,57.3056],[-67.904,57.2641],[-67.9011,57.2624],[-67.7448,57.2942],[-67.6597,57.3077],[-67.5738,57.3139],[-67.4877,57.3126],[-67.402,57.304],[-66.6072,57.1889],[-66.5125,57.1705],[-66.42,57.143],[-66.3306,57.1068],[-66.245,57.0621],[-66.1642,57.0093],[-66.0889,56.9491],[-66.0197,56.8818],[-65.9695,56.8226],[-64.3961,56.4958],[-64.3012,56.4712],[-64.2092,56.4374],[-64.1209,56.3947],[-64.0372,56.3436],[-63.9589,56.2846],[-62.8538,55.3626],[-62.7831,55.2976],[-62.719,55.2261],[-62.662,55.1489],[-62.6127,55.0665],[-62.5897,55.018],[-62.2748,54.8989],[-62.1863,54.8604],[-62.1018,54.8136],[-62.0223,54.7588],[-61.9485,54.6966],[-61.881,54.6276],[-61.8204,54.5524],[-61.7674,54.4717],[-61.7224,54.3863],[-61.6859,54.2969],[-61.6581,54.2045],[-61.6394,54.1098],[-61.63,54.0137],[-61.6122,53.6589],[-61.6099,53.6593],[-61.5125,53.6724],[-61.4142,53.6759],[-61.3161,53.6697],[-61.2191,53.6539],[-61.1241,53.6287],[-61.0321,53.5942],[-60.9438,53.5509],[-60.8603,53.4991],[-60.7822,53.4394],[-60.7104,53.3723],[-60.6455,53.2985],[-60.6185,53.2609],[-60.5947,53.2559],[-60.5407,53.2391],[-60.5376,53.2412],[-60.4526,53.287],[-60.3636,53.3244],[-60.2714,53.353],[-60.1769,53.3726],[-60.0809,53.383],[-59.9843,53.3841],[-59.8881,53.3759],[-59.7932,53.3584],[-59.7004,53.3319],[-59.6105,53.2965],[-59.0447,53.0416],[-58.9568,52.9967],[-58.8738,52.9433],[-58.7964,52.882],[-58.7611,52.8478],[-58.6872,52.843],[-58.5891,52.8269],[-58.4931,52.8011],[-58.4002,52.7658],[-58.3112,52.7216],[-58.227,52.6687],[-58.1486,52.6077],[-58.0765,52.5392],[-57.8478,52.2991],[-57.7845,52.2259],[-57.7286,52.1469],[-57.6806,52.0628],[-57.6409,51.9745],[-57.61,51.8828],[-57.5881,51.7885],[-57.5754,51.6925],[-57.572,51.5958],[-57.578,51.4992],[-57.5981,51.3181],[-58.6289,51.0957],[-58.5719,51.6094],[-58.8006,51.8495],[-59.5771,51.6228],[-59.4555,52.1299],[-60.0213,52.3848],[-60.6266,51.935],[-60.8456,52.2879],[-61.3108,52.0841],[-61.7855,52.2558],[-61.4281,52.676],[-62.5537,52.4679],[-62.6287,53.9636],[-63.2162,54.1859],[-63.5642,53.4137],[-63.4031,52.1814],[-62.9177,52.1264],[-63.2571,51.7397],[-63.2557,50.8869],[-62.9725,50.6314],[-63.0889,50.2149],[-63.8625,50.2911],[-64.1057,50.2922],[-64.0922,50.3403],[-64.1038,50.3571],[-64.1493,50.4379],[-64.187,50.5227],[-64.2168,50.6105],[-64.2382,50.7008],[-64.2512,50.7926],[-64.2557,50.8853],[-64.257,51.663],[-64.2761,51.6937],[-64.3184,51.7786],[-64.3524,51.8671],[-64.3779,51.9584],[-64.3935,52.0455],[-64.4326,51.9682],[-64.4846,51.8863],[-64.5443,51.8098],[-64.6111,51.7395],[-64.6844,51.6759],[-64.7635,51.6198],[-64.8477,51.5716],[-64.9361,51.5317],[-65.028,51.5007],[-65.1225,51.4786],[-65.2187,51.4659],[-67.1417,51.3051],[-67.1248,51.2695],[-66.8997,51.1555],[-66.8158,51.1078],[-66.7369,51.0522],[-66.6637,50.9893],[-66.5969,50.9196],[-66.5372,50.8438],[-66.485,50.7626],[-66.4409,50.6768],[-66.4053,50.5871],[-66.3785,50.4944],[-66.3608,50.3995],[-66.3523,50.3034],[-66.3529,50.232],[-66.399,50.2289],[-67.2363,49.5115],[-67.6252,49.3763],[-67.6397,49.4103],[-68.3848,49.2445],[-69.4493,49.6265],[-68.7777,49.8236],[-68.1895,49.6325],[-67.3515,50.2634],[-68.0856,50.6352],[-68.0233,50.8333],[-69.2449,51.0565],[-70.5754,50.4669],[-71.6422,49.5188],[-72.3957,47.9813],[-72.8616,47.8619],[-71.8626,49.9696],[-71.7143,50.666],[-70.943,50.8406],[-70.6928,51.8722],[-71.7236,52.4932],[-72.3492,52.3095]]]]}},{"type":"Feature","properties":{"id":2,"layer":"regions","color":"#455385","areaPx":172887,"name":"Alberta-Saskatchewan Confederation","family":"brotherhood","standing":"sovereign","foldMargin":0.7122},"geometry":{"type":"MultiPolygon","coordinates":[[[[-114.7998,58.9852],[-112.6161,59.082],[-112.8079,58.8985],[-112.4137,58.5472],[-111.7267,58.2584],[-111.9848,57.7391],[-112.9602,57.903],[-113.4866,57.6236],[-115.095,57.4292],[-115.9345,57.4664],[-116.7785,57.2566],[-117.0705,56.9958],[-115.662,56.7959],[-115.6845,56.5272],[-114.6016,56.0727],[-113.4687,56.0602],[-113.8019,55.2348],[-113.515,54.9951],[-112.4995,54.9963],[-112.511,54.7398],[-111.9121,54.468],[-112.1266,54.0533],[-110.5515,53.6203],[-110.4079,53.3533],[-108.6508,52.879],[-107.9023,53.5244],[-106.6745,53.4797],[-107.5177,53.2279],[-108.3564,52.1095],[-107.863,51.6222],[-108.4474,51.1683],[-108.7389,50.6221],[-108.5238,49.802],[-107.3329,49.6315],[-107.048,48.6628],[-107.3028,47.6879],[-107.7315,47.4327],[-109.5537,47.3194],[-109.9313,46.7486],[-109.5974,45.5791],[-108.4287,45.785],[-108.2604,45.3188],[-107.764,45.3361],[-106.9667,45.007],[-106.6541,45.6658],[-106.9883,46.1283],[-106.5363,46.5196],[-107.0235,47.1621],[-106.2175,47.4939],[-105.657,48.0657],[-105.7754,48.8202],[-104.7721,48.7208],[-103.7925,48.8766],[-103.2791,48.4516],[-104.3198,47.8576],[-103.9245,47.416],[-103.6595,46.5812],[-102.4459,45.5783],[-103.9414,45.1761],[-103.8966,44.701],[-104.488,44.598],[-104.8562,44.8443],[-105.5598,44.6702],[-105.6465,44.3483],[-106.9387,44.4098],[-107.4565,43.9773],[-108.7238,43.9997],[-109.0503,44.3829],[-109.4726,45.4886],[-109.9693,45.2821],[-110.2087,44.7013],[-112.6334,45.205],[-112.2652,46.1956],[-111.7191,46.2528],[-111.5811,46.7497],[-112.0635,47.253],[-112.1421,47.6972],[-112.6495,48.2005],[-113.9216,47.9151],[-114.6439,48.5471],[-115.6606,48.7182],[-116.6192,48.5079],[-116.9692,48.7026],[-118.2208,49.3032],[-118.6676,48.5351],[-119.92,48.8202],[-120.2662,49.7109],[-121.323,50.4434],[-121.9173,51.1626],[-122.5167,52.3481],[-122.3847,52.7061],[-122.8007,54.103],[-122.5189,54.5704],[-122.0692,54.5229],[-120.1225,53.4405],[-119.6373,53.6626],[-118.8466,54.3296],[-119.2152,54.9297],[-118.6381,55.4684],[-119.0622,55.8609],[-118.6779,55.8675],[-117.6839,56.2139],[-117.2108,56.9564],[-117.8047,57.0541],[-117.7885,57.3778],[-118.4836,57.4714],[-118.5741,57.6767],[-117.253,58.3204],[-116.8808,58.9059],[-115.7931,58.9955],[-115.56,59.1432],[-114.7998,58.9852]]]]}},{"type":"Feature","properties":{"id":3,"layer":"regions","color":"#3f203a","areaPx":171243,"name":"Caribou","foldMargin":0.907},"geometry":{"type":"MultiPolygon","coordinates":[[[[-116.0112,59.4575],[-117.0288,59.4287],[-118.2206,59.9024],[-119.0737,60.1594],[-119.1898,60.3503],[-118.6563,60.6228],[-118.4281,61.0702],[-118.5549,61.4711],[-118.3293,61.6646],[-118.9316,61.943],[-120.1137,61.8962],[-120.7655,61.5579],[-121.7602,61.5305],[-122.0824,60.9581],[-122.9472,60.6306],[-122.9833,60.4428],[-123.8324,60.1601],[-124.8203,59.9771],[-125.0487,60.2155],[-125.8969,60.106],[-126.1381,60.2312],[-127.1409,60.1507],[-127.1894,60.6034],[-126.446,60.9674],[-126.8559,61.2992],[-125.8723,61.4038],[-125.6014,61.5854],[-123.6734,61.9944],[-123.0591,61.9255],[-121.5829,62.0367],[-120.6866,62.2914],[-119.6962,62.2736],[-119.0744,62.587],[-119.4532,62.9828],[-119.2169,63.2063],[-119.5408,63.4009],[-120.2748,63.3854],[-120.4001,63.7436],[-119.3477,64.1949],[-118.8543,64.2891],[-118.2981,64.2662],[-117.0779,64.4113],[-116.4104,64.4191],[-116.4817,64.2589],[-117.7342,64.1568],[-117.4731,64.0625],[-116.6268,64.1792],[-115.4527,64.2004],[-115.0341,64.4332],[-115.1759,63.911],[-115.0283,63.7482],[-114.1259,63.9915],[-114.3034,63.6814],[-113.5405,63.8017],[-112.9113,63.7638],[-112.1278,63.4217],[-111.6427,63.3584],[-111.1044,63.0711],[-110.2428,63.1187],[-109.574,62.787],[-110.5798,62.7624],[-110.6153,62.5559],[-109.5706,62.3189],[-108.2458,62.3157],[-107.5815,62.416],[-106.6488,62.0545],[-106.9208,61.9106],[-106.5513,61.6738],[-106.3566,61.171],[-105.2764,60.8473],[-104.3464,60.7347],[-103.6427,60.4427],[-103.2359,60.0308],[-104.003,59.7389],[-103.646,59.4847],[-103.8791,59.2582],[-103.0691,59.0606],[-103.0666,58.8389],[-102.5604,58.592],[-102.8731,58.319],[-103.7176,58.1916],[-105.1868,58.1001],[-105.6535,58.1978],[-107.0564,58.1009],[-107.8874,57.8142],[-108.411,57.7619],[-110.5803,57.7737],[-111.6697,57.4679],[-111.7688,57.6167],[-111.9848,57.7391],[-111.7267,58.2584],[-112.4137,58.5472],[-112.8079,58.8985],[-112.6161,59.082],[-114.7998,58.9852],[-115.56,59.1432],[-116.0112,59.4575]]]]}},{"type":"Feature","properties":{"id":4,"layer":"regions","color":"#f2b2c6","areaPx":149552,"name":"Alaskan Federation","foldMargin":0.9647},"geometry":{"type":"MultiPolygon","coordinates":[[[[-127.6889,59.826],[-128.1713,59.7473],[-128.7483,59.8704],[-129.2553,59.7978],[-129.659,60.2053],[-129.6032,60.5511],[-129.9077,60.6712],[-129.8525,60.9732],[-130.5147,61.138],[-130.5962,61.5179],[-130.4166,62.1015],[-130.044,62.4531],[-131.5412,62.4494],[-132.1536,62.724],[-132.2793,62.9841],[-133.3367,63.1581],[-134.9992,63.0558],[-135.738,62.804],[-137.9506,62.6126],[-138.2577,62.4573],[-139.9565,62.2599],[-140.1534,62.3432],[-141.3454,62.2459],[-141.298,62.3338],[-139.5855,62.7445],[-140.2842,62.7595],[-140.7304,63.1855],[-140.8206,63.4757],[-141.2824,63.3971],[-141.627,63.4665],[-141.3709,63.7835],[-140.5098,64.071],[-140.2223,64.2612],[-139.4877,64.3426],[-138.6045,64.577],[-138.2495,64.5701],[-137.2532,64.8404],[-136.6834,64.8297],[-135.5382,65.1046],[-134.8386,65.095],[-133.7919,65.3589],[-133.3653,65.3878],[-133.1108,65.7385],[-132.5875,65.8625],[-132.9045,65.9975],[-132.7416,66.3918],[-131.9384,66.9383],[-131.9169,67.4367],[-130.9843,67.4853],[-130.2449,67.2013],[-128.3859,67.3087],[-127.944,67.2124],[-126.6479,67.1531],[-125.9699,67.0048],[-124.9217,67.0855],[-124.6938,66.977],[-125.1756,66.8168],[-124.4826,66.8379],[-124.8002,66.6539],[-124.3986,66.5063],[-124.8444,66.0875],[-125.5495,65.8616],[-125.8736,65.2613],[-126.6475,65.1099],[-126.5567,64.9252],[-126.849,64.6331],[-127.3019,64.4694],[-126.7468,64.1646],[-126.9367,63.4121],[-126.417,63.269],[-126.8617,62.7462],[-126.7404,62.5319],[-127.5173,62.2949],[-127.941,61.993],[-126.8559,61.2992],[-126.446,60.9674],[-127.1894,60.6034],[-127.1409,60.1507],[-127.6889,59.826]]]]}},{"type":"Feature","properties":{"id":5,"layer":"regions","color":"#800c1c","areaPx":94532,"name":"Northwest Republic","foldMargin":0.9813},"geometry":{"type":"MultiPolygon","coordinates":[[[[-95.2225,60.1223],[-95.653,59.8706],[-96.0239,59.9964],[-99.542,60.3154],[-99.1079,60.1097],[-99.3011,59.9328],[-100.2271,59.928],[-100.6763,59.7216],[-100.7353,59.4188],[-101.1262,59.3618],[-101.3962,59.2599],[-101.1106,58.8858],[-101.157,58.5922],[-101.6296,58.6079],[-102.266,58.333],[-102.8731,58.319],[-102.5604,58.592],[-103.0666,58.8389],[-103.0691,59.0606],[-103.8791,59.2582],[-103.646,59.4847],[-104.003,59.7389],[-103.2359,60.0308],[-103.6427,60.4427],[-104.3464,60.7347],[-105.2764,60.8473],[-106.3566,61.171],[-106.5513,61.6738],[-106.2526,61.8224],[-106.5277,62.1659],[-105.6756,62.4886],[-106.6964,62.3921],[-106.8123,62.6093],[-105.1789,62.7498],[-104.7128,62.6652],[-104.3431,62.317],[-103.6266,62.3125],[-102.366,62.0413],[-100.9503,62.1167],[-100.8908,62.3364],[-101.5356,62.6655],[-101.0649,62.7496],[-100.7273,63.13],[-100.0338,62.9147],[-98.4984,62.8201],[-99.8333,63.1097],[-99.8435,63.3111],[-99.3256,63.7462],[-98.9219,63.9125],[-98.398,63.9267],[-97.9868,63.5851],[-97.131,63.2137],[-97.5445,63.1094],[-97.1557,62.8144],[-96.9495,62.958],[-96.5507,62.8136],[-96.8468,62.7029],[-96.3187,62.508],[-96.0705,62.2437],[-95.8197,62.7274],[-94.9378,62.5073],[-95.415,62.1813],[-94.6855,62.0213],[-94.2677,61.6537],[-93.666,61.8636],[-94.2358,62.0689],[-93.6808,62.1368],[-93.6001,62.4923],[-93.2763,62.7301],[-93.79,62.9662],[-91.8969,63.0031],[-91.5753,62.8736],[-91.9334,62.8351],[-93.157,62.0247],[-94.2415,60.8987],[-94.2676,60.8456],[-94.2893,60.8016],[-94.5954,60.1791],[-95.2225,60.1223]]]]}},{"type":"Feature","properties":{"id":6,"layer":"regions","color":"#fdeba5","areaPx":91055,"name":"New California Republic","heldBy":"New California Republic","heldEra":"<=2296","family":"brotherhood","standing":"enclave","foldMargin":0.8717},"geometry":{"type":"MultiPolygon","coordinates":[[[[-122.5422,37.5861],[-122.512,37.7835],[-122.786,37.9886],[-122.8787,38.1416],[-122.8198,38.5062],[-123.7866,39.6887],[-123.7228,40.4812],[-124.1713,40.9485],[-123.7312,42.0347],[-123.8136,42.4524],[-123.8335,43.23],[-123.3903,44.3426],[-123.2122,44.2272],[-122.7263,43.5902],[-121.3134,43.867],[-120.4959,43.6056],[-120.4039,42.6728],[-119.889,43.0027],[-118.28,43.4447],[-117.7725,43.801],[-117.225,43.3899],[-117.1635,43.1172],[-117.8521,42.7967],[-118.2976,42.2872],[-118.0773,41.356],[-118.3623,41.2945],[-118.9377,40.5534],[-119.6191,40.5187],[-118.9963,39.7127],[-118.5251,39.6976],[-118.1251,39.1332],[-117.985,38.8143],[-117.092,38.6292],[-117.0223,38.2137],[-116.5171,38.0796],[-116.4954,37.0592],[-116.2265,36.9618],[-115.9823,36.2981],[-115.1833,36.5025],[-115.0826,36.4953],[-115.0559,35.2373],[-114.6885,34.6949],[-115.3676,33.7852],[-115.2594,33.3187],[-115.9362,32.6137],[-115.9268,32.2923],[-115.8863,30.9812],[-116.3065,30.9197],[-116.7215,31.6357],[-117.1277,32.5353],[-117.2959,33.0463],[-117.9439,33.6213],[-118.2503,33.6998],[-118.4106,33.7409],[-118.4665,33.8876],[-118.5199,34.0279],[-118.6403,34.0387],[-119.081,34.0781],[-119.4388,34.3485],[-120.3678,34.4471],[-120.6228,34.6085],[-120.6974,34.945],[-120.7443,35.1569],[-121.404,35.84],[-121.7146,36.1617],[-121.8172,36.3329],[-122.3572,37.2343],[-122.5475,37.5519],[-122.5422,37.5861]]]]}},{"type":"Feature","properties":{"id":7,"layer":"regions","color":"#2a7841","areaPx":82860,"name":"New Canada","foldMargin":0.6937},"geometry":{"type":"MultiPolygon","coordinates":[[[[-77.7382,51.7298],[-77.4715,51.2813],[-76.2529,51.028],[-76.1559,50.5819],[-76.0721,49.8526],[-76.4914,49.7514],[-76.9352,48.9787],[-76.8064,48.0564],[-78.4855,47.7519],[-78.8827,47.4165],[-79.0937,46.537],[-79.6163,46.9168],[-80.4429,46.9371],[-81.2407,46.5718],[-83.4617,46.8362],[-85.1422,47.1638],[-85.5848,47.6775],[-85.5929,48.1413],[-86.1457,48.5519],[-87.2068,48.9504],[-87.7152,49.6053],[-89.7451,49.8379],[-89.8995,50.3476],[-90.4298,50.6354],[-90.8695,50.4373],[-90.7052,51.201],[-91.6393,51.9055],[-90.8534,52.6551],[-90.8607,52.962],[-92.2696,53.2142],[-92.2867,53.9051],[-93.0751,54.3],[-93.1194,54.6337],[-92.0097,54.5002],[-90.9613,54.0712],[-90.422,53.6545],[-90.3482,53.3112],[-89.3226,53.079],[-87.2893,52.9527],[-84.8842,51.8454],[-83.9724,51.8143],[-83.2209,51.5341],[-82.3736,51.7164],[-81.4024,51.5939],[-80.8944,51.8348],[-79.9129,51.2085],[-79.143,51.5339],[-78.8894,52.0157],[-78.7391,52.0374],[-77.7382,51.7298]]]]}},{"type":"Feature","properties":{"id":8,"layer":"regions","color":"#e82976","areaPx":81794,"name":null,"foldMargin":0.9995},"geometry":{"type":"MultiPolygon","coordinates":[[[[-91.9051,63.1787],[-91.4544,63.0016],[-92.5327,63.0877],[-94.0875,63.0439],[-94.4697,63.2825],[-95.2422,63.2544],[-96.093,63.513],[-96.1907,63.6539],[-95.4187,63.691],[-96.5386,63.7535],[-96.7712,64.0806],[-96.6542,64.388],[-96.2409,64.7038],[-95.7312,64.8722],[-94.6051,64.8824],[-95.1442,64.4827],[-94.8739,63.9672],[-93.9448,63.7295],[-94.7283,64.0445],[-94.3086,64.1767],[-94.7983,64.3144],[-94.7129,64.6334],[-94.0365,64.8658],[-93.2486,64.8624],[-92.4517,64.3874],[-91.6013,64.1223],[-91.3924,64.4165],[-91.0182,64.4598],[-89.6403,64.3657],[-89.3336,64.0597],[-89.9144,64.0327],[-90.704,63.6103],[-90.7547,63.1108],[-91.9051,63.1787]]],[[[-89.0221,64.1534],[-88.7633,64.0861],[-89.1203,64.0696],[-89.0221,64.1534]]]]}},{"type":"Feature","properties":{"id":9,"layer":"regions","color":"#fec11b","areaPx":74636,"name":"Gran Colombia","foldMargin":0.904},"geometry":{"type":"MultiPolygon","coordinates":[[[[-65.6552,10.2009],[-65.5087,10.1772],[-65.3395,5.4248],[-65.1226,2.6989],[-65.1196,2.6019],[-65.126,2.5049],[-65.1418,2.4091],[-65.1668,2.3152],[-65.2009,2.2243],[-65.2436,2.137],[-65.2945,2.0543],[-65.3532,1.9769],[-65.4192,1.9056],[-65.4918,1.8411],[-65.5703,1.7839],[-65.6539,1.7345],[-65.742,1.6935],[-65.8336,1.6613],[-65.928,1.6381],[-66.0241,1.6242],[-66.1211,1.6196],[-66.2181,1.6245],[-66.3142,1.6388],[-77.1679,3.7945],[-77.1277,3.8497],[-77.4963,4.0877],[-77.3076,4.6681],[-77.3527,4.8508],[-77.5332,5.5829],[-77.3188,5.8453],[-77.4767,6.6911],[-77.8816,7.2239],[-78.2149,7.5123],[-78.4291,8.0521],[-78.182,8.3193],[-78.4355,8.3877],[-78.5741,8.6331],[-78.6221,8.7181],[-79.1203,8.9961],[-79.5578,8.9325],[-79.5969,8.8653],[-79.7902,9.0354],[-80.1992,9.2182],[-79.9146,9.3127],[-79.5733,9.6117],[-79.0212,9.5529],[-79.0584,9.4547],[-78.5009,9.4205],[-78.0559,9.2477],[-78.0146,9.2097],[-77.7295,8.9469],[-77.3533,8.6705],[-76.8366,8.6387],[-76.0863,9.3369],[-75.6746,9.4433],[-75.6647,9.7741],[-75.4804,10.6191],[-74.9069,11.0831],[-74.2767,11.1021],[-74.1972,11.3105],[-73.4147,11.2271],[-72.6278,11.7321],[-72.506,11.802],[-72.4384,11.4773],[-72.937,11.3246],[-73.2299,10.6356],[-73.2464,9.7206],[-72.576,8.8243],[-71.5998,8.2873],[-70.5809,8.0936],[-69.4556,7.2542],[-69.4626,6.4945],[-68.2958,5.6975],[-67.3038,5.8632],[-66.3381,5.3673],[-66.5251,10.6201],[-66.2278,10.6487],[-65.6552,10.2009]]]]}},{"type":"Feature","properties":{"id":10,"layer":"regions","color":"#800c1c","areaPx":70771,"name":"Vulpes/Lanius/Caesar Legion","heldBy":"Caesar's Legion","heldEra":"<=2296","standing":"sovereign","foldMargin":0.945},"geometry":{"type":"MultiPolygon","coordinates":[[[[-114.3602,36.3714],[-114.1434,36.5367],[-113.7958,36.0064],[-113.4125,36.4318],[-112.7932,36.6968],[-112.0244,36.2527],[-111.9085,36.8656],[-111.3711,37.318],[-110.9012,37.4223],[-110.5689,37.9123],[-110.1409,38.0003],[-109.5118,38.536],[-108.9729,38.96],[-107.7583,39.5081],[-107.3904,39.3608],[-107.5708,38.8206],[-107.0736,38.5601],[-106.9613,38.011],[-105.8597,37.7509],[-105.6356,36.8069],[-106.4899,35.8894],[-106.9266,35.2392],[-106.9215,34.7768],[-107.8608,33.2988],[-107.6243,32.7379],[-107.5008,32.542],[-108.659,32.6156],[-109.0261,32.0712],[-109.5211,31.972],[-110.181,32.1682],[-111.07,31.5595],[-112.6483,31.9159],[-112.8849,32.3722],[-113.3793,32.3655],[-114.3614,31.6851],[-114.7611,32.0323],[-115.4575,31.9608],[-115.9268,32.2923],[-115.9362,32.6137],[-115.2594,33.3187],[-115.3676,33.7852],[-114.6885,34.6949],[-115.0559,35.2373],[-115.0826,36.4953],[-114.3602,36.3714]]]]}},{"type":"Feature","properties":{"id":11,"layer":"regions","color":"#2a7841","areaPx":69596,"name":"New Saskatchewan","foldMargin":0.7673},"geometry":{"type":"MultiPolygon","coordinates":[[[[-112.5489,56.6642],[-112.008,57.4682],[-111.6697,57.4679],[-110.5803,57.7737],[-108.411,57.7619],[-107.8874,57.8142],[-107.0564,58.1009],[-105.6535,58.1978],[-105.1868,58.1001],[-105.2145,57.9249],[-104.249,57.5814],[-103.8616,57.4982],[-103.648,57.2903],[-103.4785,57.129],[-101.7248,56.6552],[-101.5643,56.42],[-102.5814,55.9939],[-102.6163,55.6114],[-104.0334,55.5544],[-104.148,55.4273],[-104.8043,55.2823],[-104.3426,54.7915],[-103.7622,54.7621],[-103.1534,54.4595],[-102.9732,54.1804],[-103.4745,54.019],[-104.7976,54.1069],[-105.8709,53.5423],[-106.6745,53.4797],[-107.9023,53.5244],[-108.6508,52.879],[-110.4079,53.3533],[-110.5515,53.6203],[-112.1266,54.0533],[-111.9121,54.468],[-112.511,54.7398],[-112.4995,54.9963],[-113.515,54.9951],[-113.8019,55.2348],[-113.4687,56.0602],[-112.4842,56.3169],[-112.5489,56.6642]]]]}},{"type":"Feature","properties":{"id":12,"layer":"regions","color":"#8e4039","areaPx":68669,"name":"Hudson","foldMargin":0.7694},"geometry":{"type":"MultiPolygon","coordinates":[[[[-82.3736,51.7164],[-83.2209,51.5341],[-83.9724,51.8143],[-84.8842,51.8454],[-87.2893,52.9527],[-89.3226,53.079],[-90.3482,53.3112],[-90.422,53.6545],[-90.9613,54.0712],[-92.0097,54.5002],[-93.1194,54.6337],[-93.7502,54.9718],[-94.751,54.988],[-95.7934,55.1947],[-96.5428,55.5092],[-97.6834,55.5833],[-98.3867,55.8522],[-98.8766,55.9083],[-100.0479,56.4079],[-100.48,56.5922],[-100.6487,56.8191],[-100.1247,57.6101],[-99.696,57.9579],[-101.157,58.5922],[-101.1106,58.8858],[-101.3962,59.2599],[-101.1262,59.3618],[-100.7353,59.4188],[-100.6763,59.7216],[-100.2271,59.928],[-99.3011,59.9328],[-99.1079,60.1097],[-99.542,60.3154],[-96.0239,59.9964],[-95.653,59.8706],[-95.2225,60.1223],[-94.5954,60.1791],[-94.6293,60.1103],[-94.6741,59.1679],[-94.9102,59.1465],[-95.001,59.0934],[-95.016,59.0675],[-95.0736,58.9875],[-95.1387,58.9135],[-95.2109,58.8463],[-95.2892,58.7865],[-95.3731,58.7347],[-95.4617,58.6915],[-95.5541,58.6572],[-95.6495,58.6321],[-95.7468,58.6165],[-96.278,58.5584],[-96.6826,58.2571],[-96.5993,58.2511],[-96.4984,58.2385],[-96.3994,58.2158],[-96.3031,58.1832],[-96.2106,58.1409],[-96.123,58.0895],[-96.0409,58.0294],[-95.9654,57.9614],[-95.8973,57.886],[-95.8371,57.8041],[-95.5698,57.3987],[-94.7959,57.453],[-94.6915,57.4549],[-94.5875,57.4459],[-94.485,57.4261],[-94.3852,57.3957],[-93.8269,57.1934],[-92.3403,57.1574],[-92.297,57.0871],[-92.0748,57.1185],[-92.0131,57.1003],[-91.9162,57.0603],[-91.824,57.0104],[-91.1052,56.571],[-89.7714,56.4265],[-89.6608,56.4082],[-89.5529,56.3776],[-89.4491,56.3351],[-89.1131,56.1751],[-87.6339,56.2036],[-87.3242,55.9991],[-86.0712,55.7239],[-85.6456,55.5546],[-85.5967,55.485],[-85.549,55.4003],[-85.5096,55.3114],[-85.4791,55.2191],[-85.4577,55.1243],[-85.4456,55.0279],[-85.4441,54.9747],[-85.4322,54.9621],[-85.4251,54.9531],[-85.4172,55.0472],[-85.3994,55.1441],[-85.3721,55.2388],[-85.3357,55.3303],[-85.2923,55.4142],[-85.0118,55.3027],[-83.5189,55.2504],[-84.426,54.915],[-83.3371,54.2902],[-83.5048,54.0397],[-82.4299,53.2547],[-82.6086,52.7008],[-81.9747,52.2061],[-81.4347,52.2104],[-81.4007,52.1579],[-80.8944,51.8348],[-81.4024,51.5939],[-82.3736,51.7164]]]]}},{"type":"Feature","properties":{"id":13,"layer":"regions","color":"#455385","areaPx":67846,"name":"Minnesota","heldBy":"Empire of the Khans","heldEra":"2290","standing":"sovereign","foldMargin":0.6941},"geometry":{"type":"MultiPolygon","coordinates":[[[[-84.4641,46.6953],[-85.2527,46.5819],[-85.9443,46.8608],[-86.7855,46.5067],[-87.1851,46.7259],[-88.4641,46.4553],[-88.7399,45.7491],[-89.5102,45.9145],[-89.0799,44.9946],[-89.4456,44.5251],[-89.0021,43.9755],[-88.2807,44.013],[-87.6565,43.4787],[-87.218,42.8898],[-87.4395,42.4797],[-87.5821,41.8489],[-88.6327,41.4766],[-89.1567,41.0529],[-89.919,40.9725],[-90.4894,41.146],[-90.588,41.568],[-90.1885,41.6109],[-89.6795,42.3119],[-90.8167,43.1198],[-91.0707,44.344],[-92.9343,45.2088],[-94.0279,44.337],[-94.965,44.2308],[-95.207,44.608],[-96.0615,44.5707],[-96.3403,44.3172],[-97.8575,44.1727],[-98.5099,44.6774],[-99.3863,44.6269],[-100.1116,44.828],[-100.1017,44.8375],[-99.7515,45.3703],[-98.1813,45.6539],[-97.8688,45.9737],[-97.9994,46.5373],[-97.6103,46.9148],[-97.7887,47.2353],[-97.2059,47.648],[-97.5561,48.6739],[-98.0,49.1603],[-98.5253,50.2469],[-98.2852,51.2272],[-97.9765,51.4457],[-97.6382,51.0321],[-96.9391,51.2606],[-96.1448,50.8623],[-95.4748,50.1391],[-95.9234,49.8003],[-94.8172,49.3633],[-94.5567,49.4962],[-93.5285,49.4035],[-92.1195,49.206],[-90.9258,49.7431],[-90.8695,50.4373],[-90.4298,50.6354],[-89.8995,50.3476],[-89.7451,49.8379],[-87.7152,49.6053],[-87.2068,48.9504],[-86.1457,48.5519],[-85.5929,48.1413],[-85.5848,47.6775],[-85.1422,47.1638],[-84.4641,46.6953]],[[-89.7759,46.9519],[-87.9934,47.2409],[-88.7657,47.7403],[-89.111,47.5024],[-88.933,48.2523],[-90.0569,47.517],[-90.4821,47.4624],[-89.7759,46.9519]]]]}},{"type":"Feature","properties":{"id":14,"layer":"regions","color":"#9bfeb5","areaPx":67011,"name":null,"foldMargin":0.9911},"geometry":{"type":"MultiPolygon","coordinates":[[[[-127.941,61.993],[-127.5173,62.2949],[-126.7404,62.5319],[-126.8617,62.7462],[-126.417,63.269],[-126.9367,63.4121],[-126.7468,64.1646],[-127.3019,64.4694],[-126.849,64.6331],[-126.5567,64.9252],[-126.6475,65.1099],[-125.8736,65.2613],[-125.5495,65.8616],[-124.8444,66.0875],[-124.1156,66.0923],[-124.128,65.8266],[-123.6979,65.7823],[-123.4133,65.5531],[-122.0069,65.3317],[-121.8539,65.0634],[-120.8282,64.741],[-119.8683,64.3081],[-119.4484,64.4756],[-118.5336,64.5282],[-118.8543,64.2891],[-119.3477,64.1949],[-120.4001,63.7436],[-120.2748,63.3854],[-119.5408,63.4009],[-119.2169,63.2063],[-119.4532,62.9828],[-119.0744,62.587],[-119.6962,62.2736],[-120.6866,62.2914],[-121.5829,62.0367],[-123.0591,61.9255],[-123.6734,61.9944],[-125.6014,61.5854],[-125.8723,61.4038],[-126.8559,61.2992],[-127.941,61.993]]]]}},{"type":"Feature","properties":{"id":15,"layer":"regions","color":"#3f203a","areaPx":66436,"name":"Tlalocan","standing":"sovereign","foldMargin":1.1728},"geometry":{"type":"MultiPolygon","coordinates":[[[[-97.2636,15.9171],[-98.013,16.1073],[-98.1378,16.1685],[-98.9477,16.5661],[-99.6974,16.7063],[-100.8295,17.1711],[-101.6661,17.6491],[-101.9185,17.9161],[-102.4781,17.9759],[-103.501,18.2923],[-103.9175,18.7487],[-104.992,19.3163],[-105.493,19.9469],[-105.7314,20.4341],[-105.3977,20.5317],[-105.4216,20.5978],[-105.3716,20.5996],[-104.8509,20.129],[-103.6449,20.3478],[-103.397,20.0773],[-102.2428,20.2222],[-100.209,20.2063],[-99.9172,19.3813],[-99.5889,19.0404],[-98.9198,19.0181],[-98.356,18.1319],[-97.2938,17.6042],[-96.3617,17.7719],[-96.0891,17.9716],[-94.5827,18.0992],[-94.6417,17.7442],[-93.9607,16.6412],[-94.0358,16.1231],[-93.6289,15.8955],[-93.5854,15.7578],[-93.8752,15.9403],[-94.6916,16.2011],[-95.2502,16.1283],[-96.0534,15.7521],[-96.0697,15.7489],[-96.5574,15.6535],[-97.2636,15.9171]]]]}},{"type":"Feature","properties":{"id":16,"layer":"regions","color":"#800c1c","areaPx":62269,"name":"Winnipeg","heldBy":"Empire of the Khans","heldEra":"2290","family":"brotherhood","standing":"presence","foldMargin":0.7027},"geometry":{"type":"MultiPolygon","coordinates":[[[[-108.4474,51.1683],[-107.863,51.6222],[-108.3564,52.1095],[-107.5177,53.2279],[-106.6745,53.4797],[-105.8709,53.5423],[-104.7976,54.1069],[-103.4745,54.019],[-102.9732,54.1804],[-103.1534,54.4595],[-102.4527,54.3744],[-102.2039,54.0831],[-101.8386,53.7236],[-101.6335,53.6578],[-101.4646,53.662],[-101.1672,54.0938],[-100.5573,54.1659],[-100.7324,54.5463],[-100.4902,54.7741],[-100.0475,54.3615],[-100.3333,54.1196],[-98.985,52.6421],[-98.1734,52.0464],[-97.9765,51.4457],[-98.2852,51.2272],[-98.5253,50.2469],[-98.0,49.1603],[-98.5784,48.3133],[-99.2152,48.0687],[-100.0541,48.0917],[-100.5029,48.424],[-101.3382,48.6059],[-103.2791,48.4516],[-103.7925,48.8766],[-104.7721,48.7208],[-105.7754,48.8202],[-107.048,48.6628],[-107.3329,49.6315],[-108.5238,49.802],[-108.7389,50.6221],[-108.4474,51.1683]]]]}},{"type":"Feature","properties":{"id":17,"layer":"regions","color":"#fec11b","areaPx":59487,"name":"Manitoba","foldMargin":0.7018},"geometry":{"type":"MultiPolygon","coordinates":[[[[-94.5567,49.4962],[-94.8172,49.3633],[-95.9234,49.8003],[-95.4748,50.1391],[-96.1448,50.8623],[-96.9391,51.2606],[-97.6382,51.0321],[-97.9765,51.4457],[-98.1734,52.0464],[-98.985,52.6421],[-100.3333,54.1196],[-100.0475,54.3615],[-100.4902,54.7741],[-100.5136,54.9137],[-99.9244,55.1015],[-99.2412,55.7977],[-98.8766,55.9083],[-98.3867,55.8522],[-97.6834,55.5833],[-96.5428,55.5092],[-95.7934,55.1947],[-94.751,54.988],[-93.7502,54.9718],[-93.1194,54.6337],[-93.0751,54.3],[-92.2867,53.9051],[-92.2696,53.2142],[-90.8607,52.962],[-90.8534,52.6551],[-91.6393,51.9055],[-90.7052,51.201],[-90.8695,50.4373],[-90.9258,49.7431],[-92.1195,49.206],[-93.5285,49.4035],[-94.5567,49.4962]]]]}},{"type":"Feature","properties":{"id":18,"layer":"regions","color":"#e9f607","areaPx":55231,"name":"Cause","foldMargin":0.7378},"geometry":{"type":"MultiPolygon","coordinates":[[[[-129.0209,56.2799],[-129.1832,56.538],[-128.7767,56.9044],[-128.8864,57.6528],[-129.1053,57.7284],[-128.7152,58.7262],[-128.3777,59.0605],[-128.1983,59.165],[-127.6382,58.7416],[-127.5779,58.1686],[-127.2045,57.787],[-126.3819,57.492],[-126.0167,56.9491],[-126.1295,56.1871],[-125.5168,55.839],[-124.5937,55.6362],[-123.8965,55.2487],[-123.1357,55.2513],[-122.5189,54.5704],[-122.8007,54.103],[-122.3847,52.7061],[-122.5167,52.3481],[-121.9173,51.1626],[-121.323,50.4434],[-120.2662,49.7109],[-119.92,48.8202],[-121.2947,48.017],[-121.5442,47.5192],[-122.1166,47.8949],[-121.8662,48.461],[-122.1654,49.3428],[-122.8027,49.9236],[-123.6587,50.0461],[-123.5749,50.8189],[-123.8739,50.4617],[-124.3963,50.6713],[-124.1043,51.0179],[-124.9579,50.867],[-126.0273,51.1884],[-125.7966,51.471],[-126.8229,51.748],[-126.9051,52.6216],[-126.2773,52.935],[-126.5565,53.1147],[-126.3567,53.3584],[-126.8651,53.0356],[-127.5341,53.1218],[-127.4598,53.8959],[-128.2717,54.1341],[-128.6675,54.6302],[-128.3856,54.5892],[-128.6065,55.2194],[-128.2745,55.2282],[-127.7603,56.3459],[-128.3063,55.6009],[-128.5708,55.7255],[-128.2543,56.3301],[-128.694,56.5311],[-129.0209,56.2799]]],[[[-128.4907,56.1991],[-129.0475,56.1903],[-128.694,56.5311],[-128.4907,56.1991]]],[[[-127.0291,52.9365],[-126.6276,53.1118],[-126.9051,52.6216],[-127.0291,52.9365]]]]}},{"type":"Feature","properties":{"id":19,"layer":"regions","color":"#d46954","areaPx":49508,"name":"Chichenitza","foldMargin":1.2281},"geometry":{"type":"MultiPolygon","coordinates":[[[[-94.0358,16.1231],[-93.9607,16.6412],[-94.6417,17.7442],[-94.5827,18.0992],[-96.0891,17.9716],[-96.3617,17.7719],[-97.2938,17.6042],[-98.356,18.1319],[-98.9198,19.0181],[-99.5889,19.0404],[-99.9172,19.3813],[-100.209,20.2063],[-100.1412,20.748],[-99.7902,20.7844],[-99.8866,21.2122],[-99.6403,21.844],[-99.4608,21.9635],[-99.3398,21.9741],[-99.5285,21.5725],[-98.6577,19.9753],[-98.7262,19.6192],[-97.9587,19.1815],[-97.3926,19.1899],[-96.9702,18.5084],[-96.0788,18.8564],[-95.9406,18.8782],[-95.9009,18.8281],[-94.839,18.5627],[-94.4257,18.1443],[-93.5486,18.4239],[-92.7861,18.5249],[-92.0373,18.7047],[-91.4079,18.8761],[-90.7718,19.2841],[-90.5335,19.8675],[-90.4515,20.7075],[-90.2786,20.9999],[-89.6013,21.2617],[-88.5439,21.4937],[-88.3078,21.4844],[-87.6584,21.4589],[-87.0519,21.5435],[-87.0513,21.543],[-87.0535,21.5323],[-87.0841,21.4352],[-87.1244,21.3417],[-87.174,21.2527],[-87.2324,21.1693],[-87.2989,21.0923],[-87.8891,20.4756],[-87.89,20.474],[-87.8808,20.3783],[-87.881,20.2808],[-87.8906,20.1838],[-87.9096,20.0881],[-87.9379,19.9948],[-87.9751,19.9047],[-88.3358,19.1394],[-88.3797,19.0566],[-88.431,18.9784],[-88.4895,18.9053],[-88.5545,18.838],[-88.6941,18.7064],[-88.9591,18.076],[-89.0008,17.9889],[-89.0507,17.9061],[-89.1084,17.8286],[-89.1732,17.7571],[-89.2047,17.7285],[-89.2033,17.7178],[-89.1954,17.6213],[-89.1968,17.5245],[-89.2076,17.4282],[-89.2277,17.3335],[-89.2468,17.2729],[-89.2405,17.271],[-88.4966,17.5506],[-88.4029,17.5807],[-88.3066,17.6014],[-88.2638,17.6063],[-88.1979,17.4895],[-88.3026,17.1317],[-88.2395,17.0361],[-88.3543,16.5358],[-89.2127,16.2131],[-89.9004,16.4311],[-90.699,16.0157],[-90.9908,16.2829],[-91.3137,16.0393],[-91.7358,15.887],[-92.4648,15.7099],[-92.9742,15.249],[-93.3594,15.6155],[-93.5854,15.7578],[-93.6289,15.8955],[-94.0358,16.1231]]]]}},{"type":"Feature","properties":{"id":21,"layer":"regions","color":"#2a7841","areaPx":43629,"name":"Yukon","foldMargin":0.7416},"geometry":{"type":"MultiPolygon","coordinates":[[[[-123.1357,55.2513],[-123.8965,55.2487],[-124.5937,55.6362],[-125.5168,55.839],[-126.1295,56.1871],[-126.0167,56.9491],[-126.3819,57.492],[-127.2045,57.787],[-127.5779,58.1686],[-127.6382,58.7416],[-128.1983,59.165],[-128.1713,59.7473],[-127.6889,59.826],[-127.1409,60.1507],[-126.1381,60.2312],[-125.8969,60.106],[-125.0487,60.2155],[-124.8203,59.9771],[-123.8499,59.1122],[-122.4327,58.6054],[-122.8741,57.6793],[-123.3719,57.4454],[-123.5929,56.7503],[-123.0129,56.7099],[-122.7479,56.1903],[-122.8961,56.1219],[-122.2451,55.2827],[-121.1565,55.609],[-121.0784,56.2044],[-119.4034,56.1103],[-119.0622,55.8609],[-118.6381,55.4684],[-119.2152,54.9297],[-118.8466,54.3296],[-119.6373,53.6626],[-120.1225,53.4405],[-122.0692,54.5229],[-122.5189,54.5704],[-123.1357,55.2513]]]]}},{"type":"Feature","properties":{"id":22,"layer":"regions","color":"#a77fa5","areaPx":43404,"name":"Hidalgoan Empire","foldMargin":1.2066},"geometry":{"type":"MultiPolygon","coordinates":[[[[-104.8485,29.4368],[-104.1977,29.2388],[-103.2812,30.0901],[-102.3004,30.1061],[-101.446,29.3174],[-101.1731,28.5974],[-100.3638,27.7867],[-100.2567,27.1334],[-100.1451,26.6043],[-100.8453,25.8163],[-101.3649,25.6932],[-103.2976,25.5968],[-103.8262,25.3961],[-104.8264,25.3139],[-105.7086,24.7342],[-106.187,25.0421],[-106.1469,25.5949],[-106.5213,25.7086],[-106.6041,26.3823],[-107.5399,26.5644],[-107.975,27.0292],[-108.0729,27.601],[-106.7748,27.8208],[-106.5697,28.3055],[-106.5405,29.1666],[-106.2468,29.5243],[-105.4846,29.8272],[-105.6769,30.0415],[-104.8485,29.4368]]]]}},{"type":"Feature","properties":{"id":23,"layer":"regions","color":"#a77fa5","areaPx":42944,"name":"Brotherhood of Steel","heldBy":"Calculator's army","heldEra":"<=2296","family":"brotherhood","foldMargin":0.8438},"geometry":{"type":"MultiPolygon","coordinates":[[[[-105.4762,38.3841],[-104.3585,38.066],[-102.0889,38.5683],[-101.075,38.967],[-100.427,38.4897],[-98.4982,38.8526],[-97.493,39.5],[-97.0773,39.5515],[-97.0705,40.0073],[-96.0657,40.3901],[-95.8521,40.9353],[-95.6812,41.1514],[-95.3053,41.1715],[-93.9642,40.7266],[-93.34,40.2163],[-92.3339,40.3884],[-91.0817,41.1235],[-90.4894,41.146],[-89.919,40.9725],[-89.1567,41.0529],[-88.6327,41.4766],[-87.5821,41.8489],[-87.3694,40.6217],[-88.2999,40.1164],[-88.5991,38.9017],[-88.9154,38.835],[-89.5695,38.7091],[-90.0687,38.542],[-90.6731,38.7488],[-91.4006,38.7105],[-92.3008,39.5277],[-93.8429,39.2674],[-94.7868,39.2621],[-95.0784,38.8411],[-96.1198,38.6042],[-96.7904,38.2202],[-96.862,37.6461],[-97.474,37.5306],[-97.9015,37.0854],[-98.5787,36.9057],[-98.9956,37.2434],[-99.4174,37.0694],[-100.5361,37.2097],[-100.9402,37.5898],[-101.5348,37.267],[-102.4621,37.018],[-103.6234,36.9303],[-103.6345,36.9296],[-104.7607,36.8064],[-105.6356,36.8069],[-105.8597,37.7509],[-105.4762,38.3841]]]]}},{"type":"Feature","properties":{"id":24,"layer":"regions","color":"#455385","areaPx":42648,"name":"Petro Chico","heldBy":"Neo-Axtec Empire","heldEra":"2290","standing":"sovereign","foldMargin":1.2351},"geometry":{"type":"MultiPolygon","coordinates":[[[[-105.4216,20.5978],[-105.4529,20.6846],[-105.5006,20.8169],[-105.2707,21.0763],[-105.2658,21.4221],[-105.6031,21.8713],[-105.6934,22.2691],[-105.778,22.3965],[-105.6548,22.7582],[-106.292,23.3242],[-105.5954,24.2194],[-105.7086,24.7342],[-104.8264,25.3139],[-103.8262,25.3961],[-103.2976,25.5968],[-101.3649,25.6932],[-100.8453,25.8163],[-101.0102,25.427],[-100.6663,25.1669],[-101.3197,24.5238],[-101.7963,23.3915],[-102.0553,23.1536],[-101.71,22.315],[-100.7432,22.3754],[-99.6709,22.925],[-99.2788,22.3204],[-99.3398,21.9741],[-99.4608,21.9635],[-99.6403,21.844],[-99.8866,21.2122],[-99.7902,20.7844],[-100.1412,20.748],[-100.209,20.2063],[-102.2428,20.2222],[-103.397,20.0773],[-103.6449,20.3478],[-104.8509,20.129],[-105.3716,20.5996],[-105.4216,20.5978]]]]}},{"type":"Feature","properties":{"id":25,"layer":"regions","color":"#455385","areaPx":41626,"name":"Dixie Union","foldMargin":1.0818},"geometry":{"type":"MultiPolygon","coordinates":[[[[-81.71,25.8701],[-82.24,26.7301],[-82.7051,27.4951],[-82.8553,27.8863],[-82.65,28.5501],[-82.93,29.1001],[-83.6872,29.9127],[-83.7096,29.9367],[-84.1,30.0901],[-84.8182,29.767],[-84.8203,29.7847],[-84.3565,30.5895],[-84.8436,30.8564],[-85.8639,30.8484],[-86.8915,31.2828],[-86.7463,31.9307],[-86.4231,32.1296],[-85.6809,32.1305],[-85.5208,32.5269],[-85.6805,33.1696],[-85.1491,33.7623],[-84.0397,34.3439],[-84.0377,34.6101],[-83.1631,34.7433],[-82.6916,34.4218],[-82.5042,34.6268],[-82.37,34.7146],[-80.5325,32.6672],[-81.0855,31.9004],[-81.0773,31.7662],[-81.3363,31.4405],[-81.4904,30.7301],[-81.4885,30.7227],[-81.6968,30.1595],[-81.4355,29.4579],[-81.1035,29.4967],[-80.98,29.1801],[-80.5356,28.4721],[-80.53,28.0401],[-80.1786,27.1792],[-80.3588,27.0674],[-81.3141,27.0495],[-81.9568,26.8716],[-81.7659,26.0124],[-81.3194,25.8069],[-81.2645,25.4579],[-81.33,25.6401],[-81.71,25.8701]]]]}},{"type":"Feature","properties":{"id":26,"layer":"regions","color":"#455385","areaPx":41230,"name":"Alaskan Brotherhood","family":"brotherhood","foldMargin":0.9312},"geometry":{"type":"MultiPolygon","coordinates":[[[[-88.7633,64.0861],[-89.0221,64.1534],[-89.1203,64.0696],[-89.3336,64.0597],[-89.6403,64.3657],[-91.0182,64.4598],[-91.3924,64.4165],[-91.6013,64.1223],[-92.4517,64.3874],[-93.2486,64.8624],[-94.0365,64.8658],[-94.7129,64.6334],[-94.7983,64.3144],[-94.3086,64.1767],[-94.7283,64.0445],[-93.9448,63.7295],[-94.8739,63.9672],[-95.1442,64.4827],[-94.6051,64.8824],[-95.7312,64.8722],[-96.2409,64.7038],[-96.6542,64.388],[-96.7712,64.0806],[-96.5386,63.7535],[-95.4187,63.691],[-96.1907,63.6539],[-96.093,63.513],[-95.2422,63.2544],[-94.4697,63.2825],[-94.0875,63.0439],[-92.5327,63.0877],[-91.4544,63.0016],[-91.9051,63.1787],[-90.7547,63.1108],[-90.77,62.9603],[-91.5753,62.8736],[-91.8969,63.0031],[-93.79,62.9662],[-93.2763,62.7301],[-93.6001,62.4923],[-93.6808,62.1368],[-94.2358,62.0689],[-93.666,61.8636],[-94.2677,61.6537],[-94.6855,62.0213],[-95.415,62.1813],[-94.9378,62.5073],[-95.8197,62.7274],[-96.0705,62.2437],[-96.3187,62.508],[-96.8468,62.7029],[-96.5507,62.8136],[-96.9495,62.958],[-97.1557,62.8144],[-97.5445,63.1094],[-97.131,63.2137],[-97.9868,63.5851],[-98.398,63.9267],[-98.9219,63.9125],[-99.3256,63.7462],[-99.8435,63.3111],[-99.8333,63.1097],[-98.4984,62.8201],[-100.0338,62.9147],[-100.7273,63.13],[-101.0649,62.7496],[-101.5356,62.6655],[-100.8908,62.3364],[-100.9503,62.1167],[-102.366,62.0413],[-103.6266,62.3125],[-104.3431,62.317],[-104.7128,62.6652],[-105.1789,62.7498],[-106.8123,62.6093],[-106.6964,62.3921],[-105.6756,62.4886],[-106.5277,62.1659],[-106.2526,61.8224],[-106.5513,61.6738],[-106.9208,61.9106],[-106.6488,62.0545],[-107.5815,62.416],[-108.2458,62.3157],[-109.5706,62.3189],[-110.6153,62.5559],[-110.5798,62.7624],[-109.574,62.787],[-110.2428,63.1187],[-111.1044,63.0711],[-111.6427,63.3584],[-112.1278,63.4217],[-112.9113,63.7638],[-113.5405,63.8017],[-114.3034,63.6814],[-114.1259,63.9915],[-115.0283,63.7482],[-115.1759,63.911],[-115.0341,64.4332],[-115.4527,64.2004],[-116.6268,64.1792],[-117.4731,64.0625],[-117.7342,64.1568],[-116.4817,64.2589],[-116.4104,64.4191],[-117.0779,64.4113],[-118.2981,64.2662],[-118.8543,64.2891],[-118.5336,64.5282],[-119.4484,64.4756],[-119.8683,64.3081],[-120.8282,64.741],[-121.8539,65.0634],[-122.0069,65.3317],[-123.4133,65.5531],[-123.6979,65.7823],[-124.128,65.8266],[-124.1156,66.0923],[-124.8444,66.0875],[-124.3986,66.5063],[-124.8002,66.6539],[-124.4826,66.8379],[-125.1756,66.8168],[-124.6938,66.977],[-124.9217,67.0855],[-125.9699,67.0048],[-126.6479,67.1531],[-127.944,67.2124],[-128.3859,67.3087],[-130.2449,67.2013],[-130.9843,67.4853],[-131.9169,67.4367],[-131.9384,66.9383],[-132.7416,66.3918],[-132.9045,65.9975],[-132.5875,65.8625],[-133.1108,65.7385],[-133.3653,65.3878],[-133.7919,65.3589],[-134.8386,65.095],[-135.5382,65.1046],[-136.6834,64.8297],[-137.2532,64.8404],[-138.2495,64.5701],[-138.6045,64.577],[-139.4877,64.3426],[-140.2223,64.2612],[-140.5098,64.071],[-141.3709,63.7835],[-141.627,63.4665],[-141.2824,63.3971],[-140.8206,63.4757],[-140.7304,63.1855],[-140.2842,62.7595],[-139.5855,62.7445],[-141.298,62.3338],[-141.3454,62.2459],[-140.1534,62.3432],[-139.9565,62.2599],[-138.2577,62.4573],[-137.9506,62.6126],[-135.738,62.804],[-134.9992,63.0558],[-133.3367,63.1581],[-132.2793,62.9841],[-132.1536,62.724],[-131.5412,62.4494],[-130.044,62.4531],[-130.4166,62.1015],[-130.5962,61.5179],[-130.5147,61.138],[-129.8525,60.9732],[-129.9077,60.6712],[-129.6032,60.5511],[-129.659,60.2053],[-129.2553,59.7978],[-128.7483,59.8704],[-128.1713,59.7473],[-128.1983,59.165],[-128.3777,59.0605],[-128.7152,58.7262],[-129.1053,57.7284],[-128.8864,57.6528],[-128.7767,56.9044],[-129.1832,56.538],[-129.0209,56.2799],[-128.694,56.5311],[-128.2543,56.3301],[-128.5708,55.7255],[-128.3063,55.6009],[-127.7603,56.3459],[-128.2745,55.2282],[-128.6065,55.2194],[-128.3856,54.5892],[-128.6675,54.6302],[-128.2717,54.1341],[-127.4598,53.8959],[-127.5341,53.1218],[-126.8651,53.0356],[-126.3567,53.3584],[-126.5565,53.1147],[-126.2773,52.935],[-126.9051,52.6216],[-126.8229,51.748],[-125.7966,51.471],[-126.0273,51.1884],[-124.9579,50.867],[-124.1043,51.0179],[-124.3963,50.6713],[-123.8739,50.4617],[-123.5749,50.8189],[-123.6587,50.0461],[-122.8027,49.9236],[-122.1654,49.3428],[-121.8662,48.461],[-122.1166,47.8949],[-122.4121,47.7297],[-122.4127,47.7328],[-122.1315,48.055],[-122.2853,48.6898],[-122.73,48.7349],[-122.84,49.0001],[-122.9742,49.0027],[-123.0905,49.0617],[-123.0334,49.1055],[-123.413,49.6575],[-124.4232,50.1074],[-124.3959,50.3384],[-125.0667,50.8424],[-127.5543,51.5136],[-127.2074,50.7785],[-127.4356,50.8307],[-127.9927,51.7159],[-127.8503,52.3297],[-128.299,52.479],[-128.3158,52.4981],[-128.372,52.576],[-128.4205,52.659],[-128.4609,52.7462],[-128.4927,52.8369],[-128.5156,52.9302],[-128.5294,53.0253],[-128.5341,53.1213],[-128.5319,53.1683],[-128.5532,53.1745],[-128.6495,53.2082],[-128.7418,53.2515],[-128.8292,53.3039],[-128.9108,53.365],[-128.9858,53.4341],[-129.0534,53.5104],[-129.4492,54.0065],[-129.5073,54.0873],[-129.5571,54.1734],[-129.5981,54.2641],[-129.6298,54.3584],[-129.6521,54.4553],[-129.6646,54.554],[-129.6672,54.6535],[-129.66,54.7527],[-129.6429,54.8507],[-129.6162,54.9465],[-129.586,55.0239],[-129.5968,55.0808],[-129.6057,55.1793],[-129.6048,55.2783],[-129.5965,55.3545],[-129.597,55.3548],[-129.6774,55.4136],[-129.7515,55.4801],[-129.8186,55.5536],[-129.8781,55.6334],[-129.9293,55.7187],[-129.9719,55.8088],[-130.0052,55.9026],[-130.0291,55.9992],[-130.0301,56.0063],[-130.0786,56.0928],[-130.1186,56.1843],[-130.1492,56.2793],[-130.1701,56.377],[-130.1813,56.4762],[-130.1825,56.576],[-130.1737,56.6755],[-130.155,56.7736],[-130.1267,56.8694],[-130.089,56.9618],[-130.0422,57.05],[-129.9868,57.1331],[-129.9437,57.1856],[-129.9663,57.2199],[-130.0131,57.309],[-130.0507,57.4024],[-130.0786,57.499],[-130.0968,57.598],[-130.1048,57.6984],[-130.1028,57.799],[-130.0907,57.8989],[-130.087,57.9153],[-130.0991,57.9188],[-130.1894,57.9546],[-130.2759,57.999],[-130.3576,58.0517],[-131.1573,58.6233],[-131.2367,58.6863],[-131.3093,58.7571],[-131.3744,58.8349],[-131.4312,58.9189],[-131.905,59.7014],[-132.0739,59.7368],[-132.1808,59.7655],[-132.2838,59.8058],[-133.5508,60.3841],[-133.6379,60.4291],[-133.7202,60.4824],[-133.7968,60.5436],[-133.8671,60.6119],[-133.9303,60.6868],[-133.9859,60.7676],[-133.9933,60.7809],[-134.7162,60.5995],[-134.8258,60.5784],[-134.937,60.5697],[-135.0484,60.5733],[-136.4552,60.6986],[-136.5387,60.7096],[-136.6209,60.7276],[-137.2311,60.8881],[-137.3262,60.9183],[-137.4179,60.9578],[-137.5051,61.0062],[-137.5509,61.038],[-137.6282,60.9976],[-137.7171,60.9616],[-137.809,60.9343],[-137.9031,60.9158],[-137.9986,60.9065],[-138.0945,60.9064],[-138.6677,60.9331],[-139.1622,60.7758],[-139.2561,60.7508],[-139.352,60.7351],[-139.449,60.7288],[-139.5462,60.732],[-140.4041,60.8015],[-141.2314,60.7013],[-141.3519,60.694],[-141.4724,60.7013],[-142.7282,60.8539],[-143.7727,60.7357],[-143.8717,60.7294],[-143.9708,60.733],[-144.0691,60.7464],[-144.1656,60.7694],[-144.2594,60.8019],[-144.3494,60.8436],[-144.4349,60.8939],[-144.515,60.9525],[-144.5269,60.9632],[-144.6254,60.9727],[-144.7413,60.9981],[-146.3059,61.4389],[-146.7684,61.4248],[-146.8824,61.4278],[-146.9953,61.4438],[-147.1056,61.4725],[-147.7632,61.6844],[-147.8549,61.719],[-147.9428,61.7624],[-148.026,61.8142],[-148.1037,61.8739],[-148.1752,61.9409],[-148.2399,62.0146],[-148.2969,62.0943],[-148.346,62.1792],[-148.3864,62.2685],[-148.418,62.3613],[-148.4403,62.4567],[-148.4531,62.5539],[-148.4564,62.6518],[-148.45,62.7496],[-148.4342,62.8464],[-148.4089,62.9411],[-148.3745,63.0328],[-148.3312,63.1208],[-148.2796,63.2041],[-148.22,63.282],[-148.1532,63.3536],[-148.0796,63.4184],[-148.0,63.4756],[-147.9152,63.5248],[-147.5832,63.6962],[-147.4982,63.7352],[-147.4098,63.766],[-147.319,63.7885],[-147.2264,63.8024],[-147.133,63.8076],[-147.0395,63.804],[-146.9467,63.7917],[-145.2385,63.4831],[-145.036,63.5491],[-144.9419,63.5747],[-144.8457,63.5911],[-144.7484,63.5981],[-144.6509,63.5955],[-144.5541,63.5834],[-144.459,63.562],[-143.7146,63.3556],[-142.6011,63.2445],[-142.6071,63.2681],[-142.6218,63.3646],[-142.627,63.4622],[-142.6226,63.5597],[-142.6088,63.6564],[-142.5856,63.7513],[-142.5533,63.8434],[-142.5121,63.9319],[-142.4625,64.0161],[-142.4049,64.0949],[-142.1488,64.4119],[-142.0858,64.4828],[-142.0163,64.5473],[-141.9411,64.605],[-141.8607,64.6553],[-141.776,64.6978],[-141.6876,64.732],[-140.9516,64.9778],[-140.7741,65.0952],[-140.6926,65.1437],[-140.6069,65.1843],[-140.5178,65.2165],[-140.426,65.2402],[-140.3324,65.2551],[-139.672,65.3283],[-138.861,65.5435],[-138.7702,65.5632],[-138.678,65.5743],[-138.5851,65.5768],[-138.3732,65.5727],[-137.515,65.8055],[-137.4227,65.8259],[-137.3289,65.8375],[-137.2344,65.8402],[-136.7925,65.8319],[-135.7716,66.077],[-135.6901,66.093],[-135.6075,66.1022],[-135.5245,66.1045],[-134.956,66.0967],[-134.0364,66.3286],[-133.9486,66.3466],[-133.8989,66.3522],[-133.8565,66.4048],[-133.7908,66.4712],[-133.6658,66.7736],[-133.6245,66.8613],[-133.575,66.9445],[-133.5176,67.0226],[-133.4529,67.0947],[-133.3815,67.1603],[-133.3041,67.2186],[-132.9157,67.4829],[-132.9069,67.5777],[-132.8883,67.6743],[-132.8602,67.7685],[-132.8231,67.8596],[-132.7772,67.9465],[-132.7229,68.0286],[-132.6609,68.1049],[-132.5917,68.1747],[-132.5159,68.2374],[-132.4344,68.2924],[-132.3479,68.3391],[-132.2572,68.377],[-132.1632,68.4059],[-132.0668,68.4254],[-131.9689,68.4353],[-131.0363,68.4839],[-130.9317,68.4839],[-130.8276,68.4729],[-130.7253,68.4512],[-130.6257,68.4188],[-130.0875,68.2121],[-128.4436,68.307],[-128.3529,68.3082],[-128.2624,68.301],[-128.173,68.2858],[-127.8138,68.2075],[-126.6022,68.1521],[-126.5177,68.1446],[-126.4342,68.13],[-125.9,68.0131],[-124.9985,68.0825],[-124.8943,68.0851],[-124.7904,68.0768],[-124.688,68.0578],[-124.5881,68.0282],[-124.4918,67.9884],[-124.2639,67.8799],[-124.1768,67.833],[-124.0947,67.7777],[-124.0456,67.737],[-124.0389,67.7341],[-123.9533,67.6863],[-123.8728,67.6305],[-123.7982,67.567],[-123.7301,67.4965],[-123.6692,67.4197],[-123.6162,67.3373],[-123.5715,67.2501],[-123.5355,67.1589],[-123.5086,67.0647],[-123.4911,66.9682],[-123.4868,66.9148],[-123.458,66.8458],[-123.4573,66.8436],[-123.4284,66.8187],[-123.3622,66.7499],[-123.3326,66.7125],[-123.3174,66.7071],[-123.2306,66.6664],[-123.1481,66.6176],[-123.0707,66.5611],[-122.994,66.4994],[-121.8514,66.3195],[-121.7539,66.2992],[-121.659,66.2692],[-121.5675,66.23],[-121.4803,66.1818],[-121.3984,66.1253],[-121.3225,66.0608],[-121.2534,65.9892],[-121.1918,65.911],[-121.1858,65.9016],[-120.5283,65.695],[-120.4171,65.6526],[-119.8443,65.3943],[-119.8189,65.4044],[-119.7172,65.4388],[-119.6125,65.462],[-119.5058,65.474],[-118.591,65.5266],[-118.4926,65.5274],[-118.3947,65.5185],[-118.2981,65.5001],[-118.2037,65.4722],[-118.1126,65.4353],[-118.0255,65.3895],[-117.9434,65.3354],[-117.9218,65.318],[-117.196,65.4043],[-117.0896,65.4112],[-116.4221,65.419],[-116.3221,65.4152],[-116.2231,65.4014],[-116.1259,65.3778],[-116.0315,65.3446],[-115.941,65.3021],[-115.8551,65.2508],[-115.7796,65.1947],[-115.7205,65.1957],[-115.5201,65.3071],[-115.4326,65.3504],[-115.3413,65.3848],[-115.2471,65.4103],[-115.1508,65.4264],[-115.0534,65.433],[-114.9559,65.4301],[-114.859,65.4178],[-114.7639,65.396],[-114.6713,65.3651],[-114.5822,65.3253],[-114.4974,65.277],[-114.4177,65.2206],[-114.3438,65.1568],[-114.2766,65.086],[-114.2166,65.0091],[-114.2032,64.9881],[-114.193,64.9892],[-114.095,64.991],[-113.9973,64.9832],[-113.9008,64.9658],[-113.8064,64.9391],[-113.7152,64.9033],[-113.6279,64.8587],[-113.5453,64.8057],[-113.5384,64.8002],[-113.4804,64.7999],[-112.8512,64.762],[-112.7638,64.7529],[-112.6776,64.7361],[-112.5931,64.7118],[-112.5112,64.6802],[-111.8577,64.3949],[-111.5133,64.35],[-111.4246,64.3343],[-111.3376,64.3107],[-111.2532,64.2794],[-111.1718,64.2406],[-110.8803,64.085],[-110.298,64.1172],[-110.1949,64.1176],[-110.0923,64.1073],[-109.9914,64.0866],[-109.8931,64.0555],[-109.7985,64.0146],[-109.1297,63.6829],[-109.0438,63.6349],[-108.9631,63.5787],[-108.8883,63.5149],[-108.8201,63.444],[-108.7592,63.3667],[-108.7273,63.3169],[-108.3197,63.3159],[-107.7308,63.4048],[-107.6274,63.4149],[-107.5235,63.4143],[-107.4203,63.4029],[-107.4194,63.4027],[-107.36,63.446],[-107.2748,63.4959],[-107.1852,63.5372],[-107.0918,63.5694],[-106.9958,63.5923],[-106.898,63.6056],[-105.2646,63.7461],[-105.1763,63.7498],[-105.0879,63.7457],[-105.0003,63.7337],[-104.5342,63.6491],[-104.4407,63.6275],[-104.3498,63.597],[-104.2621,63.5579],[-104.1787,63.5106],[-104.1001,63.4555],[-104.0272,63.3932],[-103.9437,63.3145],[-103.6203,63.3125],[-103.5177,63.3066],[-103.4163,63.2901],[-102.444,63.081],[-102.4148,63.1419],[-102.363,63.2271],[-102.303,63.3066],[-102.2354,63.3799],[-102.1608,63.446],[-102.08,63.5043],[-101.9938,63.5544],[-101.903,63.5956],[-101.8086,63.6275],[-101.7115,63.6499],[-101.5824,63.673],[-101.4752,63.7938],[-101.4085,63.8621],[-101.3356,63.9237],[-101.2572,63.9781],[-101.1739,64.0247],[-101.0865,64.0632],[-100.9959,64.0932],[-100.9028,64.1145],[-100.8082,64.1267],[-100.7128,64.1299],[-100.6175,64.124],[-100.5232,64.109],[-100.466,64.0942],[-99.9688,64.5119],[-99.887,64.5737],[-99.7992,64.6269],[-99.7065,64.6708],[-99.3028,64.8371],[-99.2173,64.8679],[-99.1293,64.8908],[-99.0396,64.9055],[-98.949,64.9121],[-98.4251,64.9263],[-98.3223,64.9238],[-98.2202,64.9108],[-98.1201,64.8873],[-98.0229,64.8537],[-97.9297,64.8103],[-97.8414,64.7575],[-97.759,64.6959],[-97.6435,64.6],[-97.5888,64.7437],[-97.552,64.8285],[-97.5075,64.9095],[-97.4557,64.986],[-97.3971,65.0574],[-97.3321,65.1232],[-97.2613,65.1826],[-96.848,65.4984],[-96.7562,65.5608],[-96.658,65.6127],[-96.5546,65.6533],[-96.0449,65.8217],[-95.9453,65.849],[-95.8434,65.8659],[-95.7403,65.8722],[-94.6142,65.8824],[-94.5176,65.8786],[-94.4219,65.8655],[-94.3279,65.8432],[-94.2923,65.831],[-94.2539,65.8419],[-94.1437,65.86],[-94.0322,65.8658],[-93.2443,65.8624],[-93.1379,65.8563],[-93.0327,65.8388],[-92.93,65.8103],[-92.8309,65.771],[-92.7366,65.7214],[-92.0412,65.3069],[-91.9154,65.2677],[-91.861,65.2999],[-91.7768,65.3397],[-91.6893,65.3714],[-91.5992,65.3949],[-91.5073,65.4099],[-91.1331,65.4532],[-91.0417,65.4595],[-90.9501,65.4575],[-89.5722,65.3634],[-89.4706,65.3512],[-89.3709,65.3287],[-89.2739,65.2962],[-89.1808,65.2539],[-89.0925,65.2023],[-89.0241,65.1524],[-88.96,65.1515],[-88.8646,65.1409],[-88.7705,65.1212],[-88.512,65.054],[-87.772,65.1177],[-87.6752,65.1213],[-87.5784,65.1156],[-87.4826,65.1004],[-87.3888,65.0761],[-87.2977,65.0428],[-87.2103,65.0009],[-87.1837,64.9847],[-87.3232,64.7757],[-88.4829,64.0991],[-88.7633,64.0861]],[[-129.0475,56.1903],[-128.4907,56.1991],[-128.694,56.5311],[-129.0475,56.1903]],[[-126.6276,53.1118],[-127.0291,52.9365],[-126.9051,52.6216],[-126.6276,53.1118]]]]}},{"type":"Feature","properties":{"id":27,"layer":"regions","color":"#2a7841","areaPx":40227,"name":"Hondurus","foldMargin":1.179},"geometry":{"type":"MultiPolygon","coordinates":[[[[-84.9837,15.9959],[-84.527,15.8573],[-84.3682,15.8351],[-84.1631,15.7096],[-84.1629,15.6732],[-84.2004,14.7833],[-84.2086,14.6909],[-84.2253,14.5997],[-84.2504,14.5104],[-84.2837,14.4238],[-84.3248,14.3407],[-84.3735,14.2617],[-84.7427,13.7207],[-84.7394,12.6017],[-84.7439,12.5042],[-84.7578,12.4076],[-84.7812,12.3129],[-84.8136,12.2208],[-84.8549,12.1324],[-84.9045,12.0483],[-84.9622,11.9696],[-85.0272,11.8968],[-85.0716,11.856],[-85.0641,11.6339],[-85.0659,11.5305],[-85.0784,11.428],[-85.1014,11.3272],[-85.1347,11.2294],[-85.1779,11.1355],[-85.2125,11.0772],[-84.965,10.454],[-84.299,10.1036],[-84.2133,10.0529],[-84.1331,9.994],[-84.0591,9.9273],[-83.9921,9.8537],[-83.9328,9.7737],[-83.8817,9.6882],[-83.8812,9.6872],[-83.8674,9.6817],[-83.7808,9.6372],[-83.6989,9.5845],[-83.6213,9.529],[-83.1883,9.6999],[-82.9403,9.9245],[-82.5462,9.5663],[-82.2133,9.2338],[-82.6519,8.8366],[-83.5445,8.4842],[-83.7115,8.6569],[-83.5963,8.8305],[-83.6326,9.0515],[-83.9099,9.2909],[-84.3034,9.4875],[-84.6476,9.6155],[-84.7134,9.9081],[-84.9756,10.0867],[-84.9114,9.7961],[-85.1109,9.5571],[-85.3395,9.8345],[-85.6607,9.9333],[-85.7974,10.1349],[-85.7917,10.4393],[-85.6593,10.7543],[-85.9417,10.8953],[-85.7125,11.0885],[-86.0584,11.4035],[-86.1675,11.4976],[-86.0635,11.6],[-86.0972,12.5947],[-86.8879,12.3691],[-87.0441,12.3664],[-87.1675,12.4583],[-87.6685,12.9099],[-87.5575,13.0647],[-87.3924,12.9141],[-87.3166,12.9847],[-87.4894,13.2975],[-87.7931,13.3845],[-87.9041,13.1491],[-88.4833,13.1639],[-88.8432,13.2597],[-89.2567,13.4587],[-89.8124,13.5207],[-90.0956,13.7355],[-90.6086,13.9099],[-91.2324,13.9279],[-91.6897,14.1263],[-92.2277,14.5389],[-92.9742,15.249],[-92.4648,15.7099],[-91.7358,15.887],[-91.3137,16.0393],[-90.9908,16.2829],[-90.699,16.0157],[-89.9004,16.4311],[-89.2127,16.2131],[-88.3543,16.5358],[-88.3554,16.5309],[-88.5518,16.2655],[-88.7324,16.2337],[-88.9306,15.8873],[-88.6046,15.7065],[-88.5183,15.8555],[-88.225,15.7277],[-88.1211,15.6887],[-87.9018,15.8645],[-87.6156,15.8789],[-87.5229,15.7973],[-87.3677,15.8469],[-86.9032,15.7567],[-86.4409,15.7829],[-86.1192,15.8935],[-86.0019,16.0055],[-85.6833,15.9537],[-85.444,15.8857],[-85.3994,15.8897],[-85.1824,15.9093],[-84.9837,15.9959]]]]}},{"type":"Feature","properties":{"id":28,"layer":"regions","color":"#3f203a","areaPx":37293,"name":"Chicagoan Military State","foldMargin":0.6989},"geometry":{"type":"MultiPolygon","coordinates":[[[[-70.943,50.8406],[-71.7143,50.666],[-71.8626,49.9696],[-72.8616,47.8619],[-73.5512,47.584],[-74.234,46.9909],[-74.8792,47.0447],[-75.7175,46.6618],[-75.8401,45.9931],[-76.9498,45.8193],[-77.5595,45.0346],[-78.3218,45.0435],[-79.5012,45.363],[-79.7464,45.6928],[-81.0857,46.2076],[-81.2407,46.5718],[-80.4429,46.9371],[-79.6163,46.9168],[-79.0937,46.537],[-78.8827,47.4165],[-78.4855,47.7519],[-76.8064,48.0564],[-76.9352,48.9787],[-76.4914,49.7514],[-76.0721,49.8526],[-76.1559,50.5819],[-75.512,50.5484],[-75.3148,50.9195],[-74.2971,51.485],[-74.37,51.9533],[-72.8796,51.9101],[-72.3492,52.3095],[-71.7236,52.4932],[-70.6928,51.8722],[-70.943,50.8406]]]]}},{"type":"Feature","properties":{"id":29,"layer":"regions","color":"#f9f4ce","areaPx":35629,"name":"NCR Frontier","heldBy":"Siuslaw Federation","heldEra":"2290","standing":"sovereign","foldMargin":0.7853},"geometry":{"type":"MultiPolygon","coordinates":[[[[-122.1166,47.8949],[-121.5442,47.5192],[-121.1829,47.3918],[-120.2658,47.566],[-120.1066,47.3259],[-119.3338,47.2253],[-118.89,46.7567],[-118.4591,47.034],[-117.3533,47.1241],[-116.3907,46.0028],[-116.5721,45.3029],[-116.9756,44.8789],[-116.8103,43.8958],[-117.225,43.3899],[-117.7725,43.801],[-118.28,43.4447],[-119.889,43.0027],[-120.4039,42.6728],[-120.4959,43.6056],[-121.3134,43.867],[-122.7263,43.5902],[-123.2122,44.2272],[-123.3903,44.3426],[-123.8335,43.23],[-123.8136,42.4524],[-123.9337,43.3395],[-123.5456,45.1275],[-123.2342,45.9477],[-123.4372,46.0934],[-123.4001,46.8718],[-123.2471,47.3941],[-122.8223,47.5126],[-122.5873,47.0961],[-122.34,47.3601],[-122.4121,47.7297],[-122.1166,47.8949]]]]}},{"type":"Feature","properties":{"id":30,"layer":"regions","color":"#f2b2c6","areaPx":34238,"name":"Khans","standing":"sovereign","foldMargin":0.7435},"geometry":{"type":"MultiPolygon","coordinates":[[[[-116.9692,48.7026],[-116.6192,48.5079],[-115.6606,48.7182],[-114.6439,48.5471],[-113.9216,47.9151],[-112.6495,48.2005],[-112.1421,47.6972],[-112.0635,47.253],[-111.5811,46.7497],[-111.7191,46.2528],[-112.2652,46.1956],[-112.6334,45.205],[-110.2087,44.7013],[-110.3741,43.8617],[-110.6375,43.6119],[-111.7024,44.1351],[-112.1374,43.5023],[-113.2385,42.8826],[-114.157,42.9028],[-114.8246,43.2742],[-115.336,43.2544],[-116.0397,43.7065],[-116.8103,43.8958],[-116.9756,44.8789],[-116.5721,45.3029],[-116.3907,46.0028],[-117.3533,47.1241],[-116.8326,47.6273],[-117.0821,48.2286],[-116.9606,48.6863],[-116.9692,48.7026]]]]}},{"type":"Feature","properties":{"id":31,"layer":"regions","color":"#e82976","areaPx":33025,"name":"Venezuela","foldMargin":0.9129},"geometry":{"type":"MultiPolygon","coordinates":[[[[-68.2958,5.6975],[-69.4626,6.4945],[-69.4556,7.2542],[-70.5809,8.0936],[-71.5998,8.2873],[-72.576,8.8243],[-73.2464,9.7206],[-73.2299,10.6356],[-72.937,11.3246],[-72.4384,11.4773],[-72.506,11.802],[-72.2382,11.9557],[-71.7541,12.4373],[-71.3998,12.3761],[-71.1374,12.1131],[-71.3316,11.7763],[-71.3387,11.7169],[-71.36,11.5401],[-71.947,11.4233],[-71.6208,10.9695],[-71.633,10.4465],[-71.638,10.4399],[-72.0741,9.8657],[-71.8286,9.351],[-71.6956,9.0723],[-71.2646,9.1373],[-71.04,9.8601],[-71.3501,10.2119],[-71.4006,10.9691],[-70.1552,11.3755],[-70.2938,11.8469],[-70.2696,11.8687],[-70.1231,12.0005],[-69.9432,12.1623],[-69.5843,11.4597],[-68.883,11.4435],[-68.2333,10.8857],[-68.1941,10.5547],[-67.2962,10.5459],[-66.5251,10.6201],[-66.3381,5.3673],[-67.3038,5.8632],[-68.2958,5.6975]]]]}},{"type":"Feature","properties":{"id":33,"layer":"regions","color":"#2a7841","areaPx":30642,"name":null,"heldBy":"Empire of the Khans","heldEra":"2290","foldMargin":0.7419},"geometry":{"type":"MultiPolygon","coordinates":[[[[-91.0817,41.1235],[-92.3339,40.3884],[-93.34,40.2163],[-93.9642,40.7266],[-95.3053,41.1715],[-95.3487,41.6989],[-96.1909,42.9939],[-96.8922,43.3171],[-97.8247,43.141],[-99.2934,44.1148],[-99.3863,44.6269],[-98.5099,44.6774],[-97.8575,44.1727],[-96.3403,44.3172],[-96.0615,44.5707],[-95.207,44.608],[-94.965,44.2308],[-94.0279,44.337],[-92.9343,45.2088],[-91.0707,44.344],[-90.8167,43.1198],[-89.6795,42.3119],[-90.1885,41.6109],[-90.588,41.568],[-90.4894,41.146],[-91.0817,41.1235]]]]}},{"type":"Feature","properties":{"id":34,"layer":"regions","color":"#a77fa5","areaPx":30587,"name":"CSA","heldBy":"Ponchartrain Republic","heldEra":"2290","standing":"sovereign","foldMargin":1.0522},"geometry":{"type":"MultiPolygon","coordinates":[[[[-89.5116,30.2326],[-90.1748,30.16],[-90.5523,30.1018],[-91.1643,30.4256],[-91.3505,30.9902],[-90.2814,32.3559],[-90.4809,33.5453],[-90.3393,33.8793],[-89.0499,35.3715],[-89.0401,35.3623],[-87.3717,35.0009],[-87.1464,34.6774],[-85.8063,34.4742],[-85.4875,34.1776],[-85.1491,33.7623],[-85.6805,33.1696],[-85.5208,32.5269],[-85.6809,32.1305],[-86.4231,32.1296],[-86.7463,31.9307],[-86.8915,31.2828],[-87.3541,30.8577],[-87.7679,30.5718],[-88.629,30.5687],[-89.3109,30.2732],[-89.4185,30.2377],[-89.511,30.2073],[-89.5116,30.2326]]]]}},{"type":"Feature","properties":{"id":35,"layer":"regions","color":"#e9f607","areaPx":28649,"name":"Nebraska","heldBy":"Calculator's army","heldEra":"<=2296","foldMargin":0.8757},"geometry":{"type":"MultiPolygon","coordinates":[[[[-106.0984,38.5916],[-106.3757,39.0544],[-106.2561,39.6569],[-106.1035,40.2065],[-105.6205,40.72],[-104.7049,40.1196],[-104.4081,40.6215],[-102.9204,40.6965],[-101.4553,41.328],[-100.4657,41.2993],[-99.5563,40.8673],[-98.2164,40.8058],[-96.3306,40.7138],[-95.8521,40.9353],[-96.0657,40.3901],[-97.0705,40.0073],[-97.0773,39.5515],[-97.493,39.5],[-98.4982,38.8526],[-100.427,38.4897],[-101.075,38.967],[-102.0889,38.5683],[-104.3585,38.066],[-105.4762,38.3841],[-106.0984,38.5916]]]]}},{"type":"Feature","properties":{"id":36,"layer":"regions","color":"#8e4039","areaPx":26525,"name":"Tetlit Gwich'in","foldMargin":0.891},"geometry":{"type":"MultiPolygon","coordinates":[[[[-118.7608,59.7012],[-119.4361,59.7059],[-120.425,59.4813],[-120.6546,59.0751],[-121.286,58.8044],[-121.8463,58.8171],[-122.343,58.5873],[-122.4327,58.6054],[-123.8499,59.1122],[-124.8203,59.9771],[-123.8324,60.1601],[-122.9833,60.4428],[-122.9472,60.6306],[-122.0824,60.9581],[-121.7602,61.5305],[-120.7655,61.5579],[-120.1137,61.8962],[-118.9316,61.943],[-118.3293,61.6646],[-118.5549,61.4711],[-118.4281,61.0702],[-118.6563,60.6228],[-119.1898,60.3503],[-119.0737,60.1594],[-118.2206,59.9024],[-118.7608,59.7012]]]]}},{"type":"Feature","properties":{"id":37,"layer":"regions","color":"#800c1c","areaPx":25714,"name":"Missouri","heldBy":"New Mauretania","heldEra":"2290","standing":"sovereign","foldMargin":0.9361},"geometry":{"type":"MultiPolygon","coordinates":[[[[-87.0053,35.1452],[-87.0541,36.1229],[-87.5887,36.9396],[-87.2696,37.7493],[-86.2746,37.6309],[-85.5351,37.9539],[-85.2564,37.7562],[-84.4812,38.6461],[-83.8631,38.7085],[-83.8162,39.0929],[-81.7832,38.4187],[-81.8861,37.8559],[-81.4239,36.9813],[-80.7237,36.7596],[-80.9335,36.608],[-82.9887,36.0207],[-83.2004,35.706],[-83.8243,35.535],[-84.2086,34.8174],[-84.7239,34.8368],[-85.4875,34.1776],[-85.8063,34.4742],[-87.1464,34.6774],[-87.3717,35.0009],[-87.0053,35.1452]]]]}},{"type":"Feature","properties":{"id":38,"layer":"regions","color":"#2a7841","areaPx":24695,"name":"Idaho","heldBy":"Whitelegs ('Palitsunee') Kingdom","heldEra":"2290","standing":"sovereign","foldMargin":0.7863},"geometry":{"type":"MultiPolygon","coordinates":[[[[-107.2184,43.1479],[-106.5219,42.8885],[-105.4423,43.1519],[-104.6721,42.718],[-103.3568,42.204],[-103.144,42.0173],[-101.7994,41.7115],[-100.4657,41.2993],[-101.4553,41.328],[-102.9204,40.6965],[-104.4081,40.6215],[-104.7049,40.1196],[-105.6205,40.72],[-106.1425,41.5505],[-107.1969,41.4446],[-108.0235,41.5605],[-108.1163,41.017],[-108.8388,40.8723],[-110.0313,41.0628],[-110.0237,41.3978],[-109.7405,41.5472],[-109.5556,42.2448],[-110.0295,42.9109],[-109.9891,43.468],[-110.3741,43.8617],[-110.2087,44.7013],[-109.9693,45.2821],[-109.4726,45.4886],[-109.0503,44.3829],[-108.7238,43.9997],[-107.4565,43.9773],[-107.2184,43.1479]]]]}},{"type":"Feature","properties":{"id":39,"layer":"regions","color":"#455385","areaPx":24631,"name":"Cherokee","heldBy":"Gammorin's Army","heldEra":"<=2296","family":"brotherhood","standing":"enclave","foldMargin":0.9283},"geometry":{"type":"MultiPolygon","coordinates":[[[[-93.0925,38.5261],[-92.8244,37.6375],[-92.9184,36.9074],[-92.4336,36.7402],[-92.2871,36.3295],[-91.736,36.097],[-92.5769,35.1123],[-93.456,35.3784],[-94.4547,35.2845],[-94.9824,34.8058],[-96.0707,35.0702],[-95.8804,35.4712],[-96.3473,35.9016],[-96.9112,35.792],[-97.7713,36.1853],[-98.5579,36.8307],[-98.5787,36.9057],[-97.9015,37.0854],[-97.474,37.5306],[-96.862,37.6461],[-96.7904,38.2202],[-96.1198,38.6042],[-95.0784,38.8411],[-94.7868,39.2621],[-93.8429,39.2674],[-93.0925,38.5261]]]]}},{"type":"Feature","properties":{"id":40,"layer":"regions","color":"#e91c24","areaPx":24321,"name":"Oklahoma","family":"brotherhood","standing":"enclave","foldMargin":0.9859},"geometry":{"type":"MultiPolygon","coordinates":[[[[-98.5579,36.8307],[-98.796,36.0802],[-98.105,35.5308],[-97.9502,35.1356],[-97.2182,34.9937],[-96.0707,35.0702],[-94.9824,34.8058],[-95.3999,34.2341],[-96.2647,34.367],[-96.7963,33.9497],[-96.9898,33.8296],[-97.9702,34.1364],[-99.0483,34.0252],[-99.74,34.2112],[-100.2045,34.0396],[-100.98,34.1094],[-101.5016,33.8497],[-101.7734,34.2944],[-102.4013,34.6596],[-103.108,34.6832],[-103.2104,35.004],[-102.5025,35.5707],[-102.6444,36.5943],[-103.5751,36.7508],[-103.6345,36.9296],[-103.6234,36.9303],[-102.4621,37.018],[-101.5348,37.267],[-100.9402,37.5898],[-100.5361,37.2097],[-99.4174,37.0694],[-98.9956,37.2434],[-98.5787,36.9057],[-98.5579,36.8307]]]]}},{"type":"Feature","properties":{"id":41,"layer":"regions","color":"#8e4039","areaPx":24281,"name":null,"foldMargin":0.6884},"geometry":{"type":"MultiPolygon","coordinates":[[[[-70.8149,42.8653],[-70.8222,42.4799],[-71.0944,42.6285],[-70.9728,43.2814],[-70.7701,44.0297],[-69.8016,44.4696],[-69.832,45.08],[-69.3679,44.7648],[-68.0055,45.3944],[-68.3963,46.1571],[-68.2871,46.9005],[-68.5458,47.3244],[-69.3122,47.758],[-68.65,48.3001],[-67.5179,48.7497],[-66.5524,49.1331],[-65.7035,49.1897],[-65.6625,49.1267],[-65.6182,49.0416],[-65.5822,48.9525],[-65.555,48.8604],[-65.5512,48.8448],[-65.0559,48.6401],[-64.9658,48.5975],[-64.8805,48.5462],[-64.8007,48.4867],[-64.7647,48.4537],[-64.7103,48.9435],[-64.696,49.0333],[-64.171,48.7425],[-65.1155,48.0709],[-64.8047,47.0141],[-64.7985,46.9931],[-64.4721,46.2385],[-64.1002,46.0955],[-63.1733,45.7391],[-62.3985,45.807],[-62.431,45.7809],[-62.5135,45.7272],[-62.6009,45.6819],[-64.1839,44.9574],[-64.5213,44.6547],[-64.5994,44.5915],[-64.6834,44.5364],[-64.7724,44.49],[-64.8587,44.4556],[-65.3533,43.6339],[-65.4098,43.5501],[-65.41,43.5497],[-66.1234,43.6187],[-66.1518,44.2465],[-66.1617,44.4651],[-65.9633,44.5596],[-64.4255,45.2921],[-65.664,45.2667],[-66.026,45.2593],[-67.1374,45.1375],[-66.9646,44.8097],[-67.2098,44.6985],[-68.0325,44.3253],[-69.06,43.9801],[-70.1161,43.6841],[-70.69,43.0301],[-70.8149,42.8653]]],[[[-62.0293,46.4352],[-62.031,46.4274],[-62.5039,46.0334],[-62.8743,45.9682],[-63.7431,46.2589],[-64.1428,46.3927],[-64.3926,46.7275],[-64.0149,47.036],[-63.6645,46.55],[-63.2675,46.4766],[-62.9393,46.4159],[-62.0285,46.4427],[-62.0293,46.4352]]],[[[-68.7777,49.8236],[-69.4493,49.6265],[-68.3848,49.2445],[-67.6397,49.4103],[-67.6252,49.3763],[-68.5111,49.0685],[-69.7486,47.933],[-70.3427,47.9829],[-71.147,48.6288],[-71.2,49.1315],[-71.6422,49.5188],[-70.5754,50.4669],[-69.2449,51.0565],[-68.0233,50.8333],[-68.0856,50.6352],[-67.3515,50.2634],[-68.1895,49.6325],[-68.7777,49.8236]]]]}},{"type":"Feature","properties":{"id":42,"layer":"regions","color":"#8e4039","areaPx":23793,"name":"Ozark","foldMargin":0.9194},"geometry":{"type":"MultiPolygon","coordinates":[[[[-89.5281,38.2509],[-88.8534,37.7321],[-88.4761,36.9753],[-88.5177,36.4384],[-88.8733,36.1763],[-89.0401,35.3623],[-89.0499,35.3715],[-90.3393,33.8793],[-91.5878,34.4188],[-91.562,34.6482],[-92.2078,35.1088],[-92.5769,35.1123],[-91.736,36.097],[-92.2871,36.3295],[-92.4336,36.7402],[-92.9184,36.9074],[-92.8244,37.6375],[-93.0925,38.5261],[-93.8429,39.2674],[-92.3008,39.5277],[-91.4006,38.7105],[-90.6731,38.7488],[-90.0687,38.542],[-89.5695,38.7091],[-89.5281,38.2509]]]]}},{"type":"Feature","properties":{"id":44,"layer":"regions","color":"#455385","areaPx":22744,"name":"Ohio","standing":"sovereign","foldMargin":0.8818},"geometry":{"type":"MultiPolygon","coordinates":[[[[-75.7004,37.5572],[-75.9402,37.2169],[-76.0312,37.2567],[-75.722,37.9371],[-75.9467,38.1052],[-75.5023,37.8383],[-75.6753,37.5928],[-75.7004,37.5572]]],[[[-78.1152,37.3004],[-78.5506,37.5253],[-79.4136,37.4928],[-79.9031,36.8273],[-80.7237,36.7596],[-81.4239,36.9813],[-81.8861,37.8559],[-81.7832,38.4187],[-81.3713,39.0033],[-81.0294,38.8756],[-80.8935,39.2895],[-80.4529,39.3351],[-79.9856,39.823],[-79.9158,40.7774],[-78.8746,40.6781],[-78.6633,40.8778],[-77.2811,40.6029],[-76.6449,40.0107],[-76.8457,39.4343],[-76.4386,38.9513],[-76.5427,38.7177],[-76.3293,38.0833],[-76.96,38.2329],[-76.3016,37.9181],[-76.2649,37.1043],[-77.1416,37.6003],[-77.7009,37.7433],[-78.1152,37.3004]]]]}},{"type":"Feature","properties":{"id":45,"layer":"regions","color":"#a77fa5","areaPx":22500,"name":"Lakota","heldBy":"Empire of the Khans","heldEra":"2290","standing":"sovereign","foldMargin":0.7016},"geometry":{"type":"MultiPolygon","coordinates":[[[[-101.3382,48.6059],[-100.5029,48.424],[-100.0541,48.0917],[-99.2152,48.0687],[-98.5784,48.3133],[-98.0,49.1603],[-97.5561,48.6739],[-97.2059,47.648],[-97.7887,47.2353],[-97.6103,46.9148],[-97.9994,46.5373],[-97.8688,45.9737],[-98.1813,45.6539],[-99.7515,45.3703],[-100.1017,44.8375],[-100.1116,44.828],[-100.8358,44.7241],[-102.0487,45.6131],[-102.4459,45.5783],[-103.6595,46.5812],[-103.9245,47.416],[-104.3198,47.8576],[-103.2791,48.4516],[-101.3382,48.6059]]]]}},{"type":"Feature","properties":{"id":46,"layer":"regions","color":"#e91c24","areaPx":21426,"name":null,"foldMargin":0.8376},"geometry":{"type":"MultiPolygon","coordinates":[[[[-85.0521,39.2855],[-85.2092,39.9435],[-84.9385,40.5601],[-85.5842,40.8092],[-86.0313,41.4663],[-85.6807,42.0056],[-85.2566,42.0341],[-84.3558,41.8626],[-83.3368,41.9165],[-82.8647,41.4513],[-81.7854,41.2274],[-81.0245,41.4042],[-80.5943,41.7337],[-79.7439,41.8409],[-79.3622,41.5974],[-78.6633,40.8778],[-78.8746,40.6781],[-79.9158,40.7774],[-79.9856,39.823],[-80.4529,39.3351],[-80.8935,39.2895],[-81.0294,38.8756],[-81.3713,39.0033],[-81.7832,38.4187],[-83.8162,39.0929],[-83.8631,38.7085],[-84.4812,38.6461],[-85.0521,39.2855]]]]}},{"type":"Feature","properties":{"id":47,"layer":"regions","color":"#6de8f9","areaPx":21238,"name":"Central American Confederation","foldMargin":1.0344},"geometry":{"type":"MultiPolygon","coordinates":[[[[-81.8831,8.1723],[-81.9198,8.1411],[-82.1314,8.1755],[-82.3909,8.2925],[-82.82,8.2909],[-82.8509,8.0739],[-82.9657,8.2251],[-83.5084,8.4469],[-83.5445,8.4842],[-82.6519,8.8366],[-82.2133,9.2338],[-82.1871,9.2075],[-82.2076,8.9957],[-81.8086,8.9507],[-81.7749,8.9797],[-81.8831,8.1723]]],[[[-86.8879,12.3691],[-86.0972,12.5947],[-86.0635,11.6],[-86.1675,11.4976],[-86.5259,11.8069],[-86.7459,12.1441],[-87.0441,12.3664],[-86.8879,12.3691]]]]}},{"type":"Feature","properties":{"id":48,"layer":"regions","color":"#2a7841","areaPx":20608,"name":"Quebec","foldMargin":0.6974},"geometry":{"type":"MultiPolygon","coordinates":[[[[-68.5458,47.3244],[-68.2871,46.9005],[-68.3963,46.1571],[-68.0055,45.3944],[-69.3679,44.7648],[-69.832,45.08],[-69.8016,44.4696],[-70.7701,44.0297],[-71.4006,44.2404],[-71.5397,44.8783],[-72.0419,45.0771],[-72.3716,45.8542],[-72.9689,46.006],[-74.4683,46.0885],[-74.234,46.9909],[-73.5512,47.584],[-72.8616,47.8619],[-72.3957,47.9813],[-71.6422,49.5188],[-71.2,49.1315],[-71.147,48.6288],[-70.3427,47.9829],[-69.7486,47.933],[-69.9536,47.7449],[-71.1045,46.8217],[-70.2552,46.9861],[-69.3122,47.758],[-68.5458,47.3244]]]]}},{"type":"Feature","properties":{"id":49,"layer":"regions","color":"#3f203a","areaPx":19800,"name":"New Mexico","standing":"enclave","foldMargin":1.0091},"geometry":{"type":"MultiPolygon","coordinates":[[[[-103.5751,36.7508],[-102.6444,36.5943],[-102.5025,35.5707],[-103.2104,35.004],[-103.108,34.6832],[-102.4013,34.6596],[-101.7734,34.2944],[-101.5016,33.8497],[-101.1926,33.5764],[-101.2233,33.0833],[-101.8131,33.1043],[-102.1861,32.4887],[-103.3564,32.4375],[-103.4607,31.9859],[-104.7164,31.8766],[-105.3543,31.3923],[-105.8227,32.6379],[-104.4844,32.5755],[-104.2448,32.8616],[-104.4469,33.7412],[-104.0661,34.1762],[-104.5922,34.4596],[-105.6083,34.0981],[-105.9423,34.2991],[-105.8964,34.6507],[-105.2191,35.238],[-104.7758,36.0141],[-104.7607,36.8064],[-103.6345,36.9296],[-103.5751,36.7508]]]]}},{"type":"Feature","properties":{"id":50,"layer":"regions","color":"#fec11b","areaPx":19721,"name":"Cuba","foldMargin":1.4212},"geometry":{"type":"MultiPolygon","coordinates":[[[[-76.0533,21.1723],[-75.5982,21.0166],[-75.6711,20.7351],[-74.9339,20.6939],[-74.7946,20.6185],[-74.178,20.2846],[-74.2966,20.0504],[-74.9616,19.9234],[-75.6347,19.8738],[-76.3237,19.9529],[-77.7555,19.8555],[-77.0851,20.4134],[-77.2498,20.5183],[-77.4927,20.6731],[-78.1037,20.7365],[-78.1373,20.7399],[-78.4828,21.0286],[-78.5408,21.1679],[-78.7199,21.5981],[-79.2732,21.56],[-79.285,21.5592],[-80.2175,21.8273],[-80.5175,22.0371],[-81.8209,22.1921],[-82.17,22.3871],[-82.0511,22.4663],[-81.795,22.637],[-82.6621,22.6822],[-82.7759,22.6882],[-83.4945,22.1685],[-83.9088,22.1546],[-84.0522,21.9106],[-84.547,21.8012],[-84.9749,21.896],[-84.4471,22.205],[-84.2576,22.5205],[-84.2304,22.5658],[-83.7782,22.7881],[-83.2675,22.983],[-82.5104,23.0787],[-82.2682,23.1886],[-81.4045,23.1173],[-80.6188,23.106],[-79.6795,22.7653],[-79.2815,22.3992],[-78.4918,22.4947],[-78.3474,22.5122],[-78.1535,22.3835],[-77.9933,22.2772],[-77.1464,21.6579],[-76.5238,21.2068],[-76.1946,21.2206],[-76.1802,21.2156],[-76.0533,21.1723]]]]}},{"type":"Feature","properties":{"id":52,"layer":"regions","color":"#fec11b","areaPx":18871,"name":"Selkirk","foldMargin":0.7941},"geometry":{"type":"MultiPolygon","coordinates":[[[[-119.4034,56.1103],[-121.0784,56.2044],[-122.7479,56.1903],[-123.0129,56.7099],[-123.5929,56.7503],[-123.3719,57.4454],[-122.8741,57.6793],[-122.4327,58.6054],[-122.343,58.5873],[-120.67,58.5461],[-120.3833,57.7699],[-119.8675,57.8075],[-119.4071,57.5995],[-118.5741,57.6767],[-118.4836,57.4714],[-117.7885,57.3778],[-117.8047,57.0541],[-117.2108,56.9564],[-117.6839,56.2139],[-118.6779,55.8675],[-119.0622,55.8609],[-119.4034,56.1103]]]]}},{"type":"Feature","properties":{"id":53,"layer":"regions","color":"#455385","areaPx":18767,"name":"Lone Star","heldBy":"Attis's Army","heldEra":"<=2296","family":"brotherhood","standing":"sovereign","foldMargin":1.1511},"geometry":{"type":"MultiPolygon","coordinates":[[[[-100.7739,31.9729],[-99.557,31.9949],[-99.2141,31.4955],[-98.7446,31.14],[-97.0271,31.6827],[-97.0058,31.5065],[-96.1928,31.3969],[-95.9929,30.9138],[-95.5463,30.4968],[-96.1514,30.0287],[-95.5687,29.2724],[-96.2543,28.9053],[-97.1987,28.993],[-97.1299,28.6397],[-97.8885,28.4448],[-98.3441,27.6749],[-98.6359,27.6599],[-99.1188,27.6122],[-99.6007,27.2427],[-100.0106,27.324],[-99.543,28.2178],[-99.1028,28.1113],[-98.6719,28.4165],[-99.3392,29.1963],[-99.355,29.7768],[-98.4155,29.6696],[-97.8259,30.219],[-98.887,30.3943],[-99.4783,30.7384],[-99.6658,30.5781],[-100.882,31.0555],[-101.4638,31.5162],[-101.4358,31.8354],[-100.7739,31.9729]]]]}},{"type":"Feature","properties":{"id":54,"layer":"regions","color":"#fec11b","areaPx":18638,"name":"Colombia","heldBy":"Carolina Confederacy","heldEra":"2290","standing":"sovereign","foldMargin":0.9919},"geometry":{"type":"MultiPolygon","coordinates":[[[[-79.5851,36.1884],[-80.5154,36.0333],[-80.4179,36.2881],[-80.9335,36.608],[-80.7237,36.7596],[-79.9031,36.8273],[-79.4136,37.4928],[-78.5506,37.5253],[-78.1152,37.3004],[-77.7009,37.7433],[-77.1416,37.6003],[-76.2649,37.1043],[-76.2587,36.9665],[-75.9718,36.8973],[-75.868,36.5513],[-75.7275,35.5507],[-76.2769,34.9091],[-76.916,34.9868],[-77.4644,34.6381],[-77.7713,34.1785],[-77.8711,34.0895],[-78.3341,33.8896],[-78.4957,33.8689],[-79.5851,36.1884]]]]}},{"type":"Feature","properties":{"id":55,"layer":"regions","color":"#8e4039","areaPx":17651,"name":"Pecos","foldMargin":1.19},"geometry":{"type":"MultiPolygon","coordinates":[[[[-105.2503,30.4853],[-102.5584,30.6868],[-102.262,30.4772],[-102.3004,30.1061],[-103.2812,30.0901],[-104.1977,29.2388],[-104.8485,29.4368],[-105.6769,30.0415],[-105.4846,29.8272],[-106.2468,29.5243],[-106.5405,29.1666],[-106.5697,28.3055],[-106.7748,27.8208],[-108.0729,27.601],[-109.2127,27.6158],[-110.476,28.4814],[-110.1511,29.1043],[-109.699,29.122],[-109.8212,29.6794],[-108.9876,29.8749],[-108.7425,29.4456],[-108.1535,29.4541],[-107.8911,29.7356],[-107.2816,29.7253],[-106.9978,30.1396],[-106.1832,30.5941],[-105.7336,30.6653],[-105.2503,30.4853]]]]}},{"type":"Feature","properties":{"id":56,"layer":"regions","color":"#455385","areaPx":17059,"name":"Caesar's Legion","heldBy":"Caesar's Legion","heldEra":"<=2296","foldMargin":1.1396},"geometry":{"type":"MultiPolygon","coordinates":[[[[-107.4047,32.5266],[-106.6245,31.5135],[-105.9941,31.0325],[-105.7336,30.6653],[-106.1832,30.5941],[-106.9978,30.1396],[-107.2816,29.7253],[-107.8911,29.7356],[-108.1535,29.4541],[-108.7425,29.4456],[-108.9876,29.8749],[-109.8212,29.6794],[-110.1134,29.7258],[-110.2333,30.4871],[-110.6877,30.5137],[-111.2156,30.8822],[-111.07,31.5595],[-110.181,32.1682],[-109.5211,31.972],[-109.0261,32.0712],[-108.659,32.6156],[-107.5008,32.542],[-107.4047,32.5266]]]]}},{"type":"Feature","properties":{"id":57,"layer":"regions","color":"#3f203a","areaPx":16119,"name":"Beltran-Levya","foldMargin":1.2468},"geometry":{"type":"MultiPolygon","coordinates":[[[[-108.6703,25.4414],[-108.2746,26.0539],[-107.5399,26.5644],[-106.6041,26.3823],[-106.5213,25.7086],[-106.1469,25.5949],[-106.187,25.0421],[-105.7086,24.7342],[-105.5954,24.2194],[-106.292,23.3242],[-106.4943,23.299],[-106.9099,23.7679],[-107.9154,24.5489],[-108.4019,25.1723],[-108.8422,25.3818],[-108.6703,25.4414]]]]}},{"type":"Feature","properties":{"id":58,"layer":"regions","color":"#e82976","areaPx":15585,"name":null,"foldMargin":0.6921},"geometry":{"type":"MultiPolygon","coordinates":[[[[-58.1889,49.3135],[-58.2125,49.2156],[-58.2459,49.1205],[-58.2886,49.0293],[-58.3403,48.9428],[-58.4005,48.862],[-58.4684,48.7877],[-58.5436,48.7205],[-58.625,48.6613],[-58.7121,48.6105],[-58.8038,48.5688],[-58.8992,48.5365],[-59.1426,48.4676],[-59.2316,48.5232],[-58.3918,49.1256],[-58.1707,49.4664],[-58.1753,49.4133],[-58.1889,49.3135]]],[[[-64.1672,49.785],[-64.1745,49.8836],[-64.1727,49.9571],[-62.8583,49.7064],[-62.8387,49.6984],[-62.6623,49.6263],[-61.8356,49.2886],[-61.8063,49.1051],[-62.2932,49.0872],[-63.5893,49.4007],[-64.1971,49.7094],[-64.1576,49.7295],[-64.1672,49.785]]],[[[-63.2571,51.7397],[-62.9177,52.1264],[-63.4031,52.1814],[-63.5642,53.4137],[-63.2162,54.1859],[-62.6287,53.9636],[-62.5537,52.4679],[-61.4281,52.676],[-61.7855,52.2558],[-61.3108,52.0841],[-60.8456,52.2879],[-60.6266,51.935],[-60.0213,52.3848],[-59.4555,52.1299],[-59.5771,51.6228],[-58.8006,51.8495],[-58.5719,51.6094],[-58.6289,51.0957],[-58.7748,51.0643],[-60.0331,50.2429],[-60.2415,50.2229],[-60.6533,50.1833],[-61.7236,50.0805],[-63.0889,50.2149],[-62.9725,50.6314],[-63.2557,50.8869],[-63.2571,51.7397]]]]}},{"type":"Feature","properties":{"id":59,"layer":"regions","color":"#d46954","areaPx":15070,"name":"Rio Grande","standing":"sovereign","foldMargin":1.2353},"geometry":{"type":"MultiPolygon","coordinates":[[[[-110.476,28.4814],[-109.2127,27.6158],[-108.0729,27.601],[-107.975,27.0292],[-107.5399,26.5644],[-108.2746,26.0539],[-108.6703,25.4414],[-108.8422,25.3818],[-109.2602,25.5807],[-109.4441,25.8249],[-109.2916,26.4429],[-109.8014,26.6761],[-110.3917,27.1621],[-110.641,27.8599],[-111.1789,27.9413],[-111.6198,28.3412],[-110.476,28.4814]]],[[[-111.5065,26.0166],[-111.509,26.3616],[-111.3684,25.9676],[-111.5065,26.0166]]]]}},{"type":"Feature","properties":{"id":60,"layer":"regions","color":"#e82976","areaPx":15028,"name":"Naats'Jch'oh","foldMargin":0.8533},"geometry":{"type":"MultiPolygon","coordinates":[[[[-119.4071,57.5995],[-119.8675,57.8075],[-120.3833,57.7699],[-120.67,58.5461],[-122.343,58.5873],[-121.8463,58.8171],[-121.286,58.8044],[-120.6546,59.0751],[-120.425,59.4813],[-119.4361,59.7059],[-118.7608,59.7012],[-118.2206,59.9024],[-117.0288,59.4287],[-116.0112,59.4575],[-115.56,59.1432],[-115.7931,58.9955],[-116.8808,58.9059],[-117.253,58.3204],[-118.5741,57.6767],[-119.4071,57.5995]]]]}},{"type":"Feature","properties":{"id":61,"layer":"regions","color":"#9bfeb5","areaPx":14859,"name":"North Nebraska","heldBy":"Empire of the Khans","heldEra":"2290","standing":"sovereign","foldMargin":0.7535},"geometry":{"type":"MultiPolygon","coordinates":[[[[-102.0487,45.6131],[-100.8358,44.7241],[-100.1116,44.828],[-99.3863,44.6269],[-99.2934,44.1148],[-99.5213,43.937],[-99.8161,42.0899],[-101.0304,42.1939],[-101.7994,41.7115],[-103.144,42.0173],[-103.3568,42.204],[-102.5298,43.3234],[-103.0116,44.0042],[-103.8966,44.701],[-103.9414,45.1761],[-102.4459,45.5783],[-102.0487,45.6131]]]]}},{"type":"Feature","properties":{"id":62,"layer":"regions","color":"#2a7841","areaPx":13797,"name":"Ejercito Mexicano","foldMargin":1.2886},"geometry":{"type":"MultiPolygon","coordinates":[[[[-99.2189,26.317],[-98.3324,26.1777],[-98.8036,25.4183],[-99.1316,25.6366],[-99.3215,24.7299],[-99.3951,24.4282],[-99.3339,23.3022],[-99.6709,22.925],[-100.7432,22.3754],[-101.71,22.315],[-102.0553,23.1536],[-101.7963,23.3915],[-101.3197,24.5238],[-100.6663,25.1669],[-101.0102,25.427],[-100.8453,25.8163],[-100.1451,26.6043],[-99.2189,26.317]]]]}},{"type":"Feature","properties":{"id":63,"layer":"regions","color":"#2a7841","areaPx":13753,"name":"Carolina Confederacy","heldBy":"Carolina Confederacy","heldEra":"2290","foldMargin":1.041},"geometry":{"type":"MultiPolygon","coordinates":[[[[-80.5325,32.6672],[-82.37,34.7146],[-81.1705,34.964],[-80.5154,36.0333],[-79.5851,36.1884],[-78.4957,33.8689],[-78.5543,33.8613],[-79.0606,33.4941],[-79.2035,33.1585],[-80.3013,32.5093],[-80.3902,32.4342],[-80.5325,32.6672]]]]}},{"type":"Feature","properties":{"id":64,"layer":"regions","color":"#9bfeb5","areaPx":13713,"name":"Wapusk","foldMargin":0.8149},"geometry":{"type":"MultiPolygon","coordinates":[[[[-101.5643,56.42],[-101.7248,56.6552],[-101.424,56.4621],[-100.48,56.5922],[-100.0479,56.4079],[-98.8766,55.9083],[-99.2412,55.7977],[-99.9244,55.1015],[-100.5136,54.9137],[-100.4902,54.7741],[-100.7324,54.5463],[-100.5573,54.1659],[-101.1672,54.0938],[-101.4646,53.662],[-101.6335,53.6578],[-101.8386,53.7236],[-102.2039,54.0831],[-102.4527,54.3744],[-103.1534,54.4595],[-103.7622,54.7621],[-104.3426,54.7915],[-104.8043,55.2823],[-104.148,55.4273],[-104.0334,55.5544],[-102.6163,55.6114],[-102.5814,55.9939],[-101.5643,56.42]]]]}},{"type":"Feature","properties":{"id":65,"layer":"regions","color":"#455385","areaPx":13605,"name":"Indiana","standing":"sovereign","foldMargin":0.8563},"geometry":{"type":"MultiPolygon","coordinates":[[[[-86.9616,40.6229],[-86.6878,41.1056],[-86.0313,41.4663],[-85.5842,40.8092],[-84.9385,40.5601],[-85.2092,39.9435],[-85.0521,39.2855],[-84.4812,38.6461],[-85.2564,37.7562],[-85.5351,37.9539],[-86.2746,37.6309],[-87.2696,37.7493],[-87.8587,38.2806],[-87.8593,38.5902],[-88.9154,38.835],[-88.5991,38.9017],[-88.2999,40.1164],[-87.3694,40.6217],[-86.9616,40.6229]]]]}},{"type":"Feature","properties":{"id":66,"layer":"regions","color":"#e9f607","areaPx":13507,"name":null,"foldMargin":0.9261},"geometry":{"type":"MultiPolygon","coordinates":[[[[-103.648,57.2903],[-103.8616,57.4982],[-104.249,57.5814],[-105.2145,57.9249],[-105.1868,58.1001],[-103.7176,58.1916],[-102.8731,58.319],[-102.266,58.333],[-101.6296,58.6079],[-101.157,58.5922],[-99.696,57.9579],[-100.1247,57.6101],[-100.6487,56.8191],[-100.48,56.5922],[-101.424,56.4621],[-101.7248,56.6552],[-103.4785,57.129],[-103.648,57.2903]]]]}},{"type":"Feature","properties":{"id":67,"layer":"regions","color":"#800c1c","areaPx":13226,"name":"New America","heldBy":"Empire of the Khans","heldEra":"2290","foldMargin":0.7894},"geometry":{"type":"MultiPolygon","coordinates":[[[[-95.6812,41.1514],[-95.8661,41.5481],[-96.8041,41.9411],[-97.4842,41.6935],[-97.4713,41.2472],[-98.2164,40.8058],[-99.5563,40.8673],[-100.4657,41.2993],[-101.7994,41.7115],[-101.0304,42.1939],[-99.8161,42.0899],[-99.5213,43.937],[-99.2934,44.1148],[-97.8247,43.141],[-96.8922,43.3171],[-96.1909,42.9939],[-95.3487,41.6989],[-95.3053,41.1715],[-95.6812,41.1514]]]]}},{"type":"Feature","properties":{"id":68,"layer":"regions","color":"#800c1c","areaPx":13039,"name":"Attiles","foldMargin":1.1945},"geometry":{"type":"MultiPolygon","coordinates":[[[[-67.1007,18.5206],[-67.087,18.5205],[-67.206,18.412],[-67.1007,18.5206]]],[[[-72.8444,18.1456],[-73.4546,18.2179],[-73.9224,18.031],[-74.458,18.3425],[-74.3701,18.6644],[-74.3699,18.6649],[-74.3621,18.6637],[-73.4495,18.5261],[-72.6949,18.4458],[-72.3349,18.6684],[-72.5305,18.8539],[-72.7917,19.1016],[-72.7898,19.197],[-72.7864,19.3676],[-72.7841,19.4836],[-73.0282,19.5439],[-73.415,19.6396],[-73.2334,19.8622],[-73.1898,19.9157],[-72.5797,19.8715],[-71.7124,19.7145],[-71.5873,19.8849],[-70.8067,19.8803],[-70.2144,19.6229],[-69.9508,19.648],[-69.7692,19.2933],[-69.2221,19.3132],[-69.2398,19.1494],[-69.2543,19.0152],[-68.8094,18.9791],[-68.3179,18.6122],[-68.6893,18.2051],[-69.1649,18.4226],[-69.624,18.3807],[-69.9529,18.4283],[-70.1332,18.2459],[-70.5171,18.1843],[-70.6693,18.4269],[-70.9999,18.2833],[-71.4002,17.5986],[-71.6577,17.7576],[-71.7083,18.045],[-72.3725,18.215],[-72.8444,18.1456]]]]}},{"type":"Feature","properties":{"id":69,"layer":"regions","color":"#e91c24","areaPx":12804,"name":"Baudelio","heldBy":"Caesar's Legion","heldEra":"2290","standing":"sovereign","foldMargin":1.1882},"geometry":{"type":"MultiPolygon","coordinates":[[[[-112.9122,30.5848],[-112.5998,30.776],[-111.9975,30.6592],[-111.2156,30.8822],[-110.6877,30.5137],[-110.2333,30.4871],[-110.1134,29.7258],[-109.8212,29.6794],[-109.699,29.122],[-110.1511,29.1043],[-110.476,28.4814],[-111.6198,28.3412],[-111.7596,28.4681],[-112.2282,28.9545],[-112.2718,29.2669],[-112.8095,30.0211],[-113.0552,30.5523],[-112.9122,30.5848]]],[[[-112.9701,28.3789],[-112.981,28.4238],[-112.9623,28.4253],[-112.9467,28.3751],[-112.9701,28.3789]]]]}},{"type":"Feature","properties":{"id":70,"layer":"regions","color":"#455385","areaPx":12755,"name":"Chapel","heldBy":"White Legs Territory","heldEra":"<=2296","foldMargin":0.9545},"geometry":{"type":"MultiPolygon","coordinates":[[[[-112.2109,37.1262],[-112.493,36.8147],[-112.9119,37.0065],[-113.2606,37.4539],[-113.7782,37.5779],[-114.2758,37.1524],[-115.0708,37.0845],[-115.0817,37.0826],[-115.4995,37.2145],[-115.706,37.6778],[-115.2875,38.1309],[-114.3144,38.406],[-114.0079,38.9223],[-113.7036,39.1476],[-112.7546,39.1655],[-112.3522,39.202],[-111.2038,39.2518],[-110.7624,39.4975],[-110.1492,38.7905],[-109.6718,38.7587],[-109.5118,38.536],[-110.1409,38.0003],[-110.5689,37.9123],[-112.2109,37.1262]]]]}},{"type":"Feature","properties":{"id":72,"layer":"regions","color":"#2a7841","areaPx":10926,"name":"Guadalupe","heldBy":"Attis's Army","heldEra":"<=2296","standing":"enclave","foldMargin":1.137},"geometry":{"type":"MultiPolygon","coordinates":[[[[-101.4358,31.8354],[-101.4638,31.5162],[-100.882,31.0555],[-101.2257,30.3044],[-102.262,30.4772],[-102.5584,30.6868],[-105.2503,30.4853],[-105.7336,30.6653],[-105.9941,31.0325],[-105.3543,31.3923],[-104.7164,31.8766],[-103.4607,31.9859],[-103.3564,32.4375],[-102.1861,32.4887],[-101.4358,31.8354]]]]}},{"type":"Feature","properties":{"id":73,"layer":"regions","color":"#455385","areaPx":10515,"name":"Iroquois","heldBy":"Erie Stretch","heldEra":"2290","standing":"sovereign","foldMargin":0.7849},"geometry":{"type":"MultiPolygon","coordinates":[[[[-75.3787,43.333],[-74.3944,42.9642],[-74.9117,42.4371],[-74.8649,41.9867],[-74.3659,41.5645],[-74.7498,41.3861],[-74.9267,40.0359],[-74.9883,39.997],[-75.4722,39.746],[-75.496,39.8137],[-76.3768,40.4416],[-76.2389,41.1376],[-75.4509,41.6075],[-76.3352,41.9833],[-77.5811,41.9456],[-78.6051,42.5018],[-78.6091,43.0796],[-78.2349,43.4648],[-77.9833,43.6908],[-76.8676,43.535],[-76.215,43.4257],[-75.3787,43.333]]]]}},{"type":"Feature","properties":{"id":74,"layer":"regions","color":"#2a7841","areaPx":10271,"name":"Afika","standing":"sovereign","foldMargin":1.0802},"geometry":{"type":"MultiPolygon","coordinates":[[[[-90.3393,33.8793],[-90.4809,33.5453],[-90.2814,32.3559],[-91.3505,30.9902],[-91.3825,31.3053],[-91.8911,31.3624],[-93.1919,32.0145],[-93.3757,33.0433],[-93.0803,33.4446],[-92.5485,33.7604],[-91.9397,33.7256],[-91.5878,34.4188],[-90.3393,33.8793]]]]}},{"type":"Feature","properties":{"id":75,"layer":"regions","color":"#8e4039","areaPx":10235,"name":"Buffalo","foldMargin":0.8339},"geometry":{"type":"MultiPolygon","coordinates":[[[[-111.7688,57.6167],[-111.6697,57.4679],[-112.008,57.4682],[-112.5489,56.6642],[-112.4842,56.3169],[-113.4687,56.0602],[-114.6016,56.0727],[-115.6845,56.5272],[-115.662,56.7959],[-117.0705,56.9958],[-116.7785,57.2566],[-115.9345,57.4664],[-115.095,57.4292],[-113.4866,57.6236],[-112.9602,57.903],[-111.9848,57.7391],[-111.7688,57.6167]]]]}},{"type":"Feature","properties":{"id":76,"layer":"regions","color":"#455385","areaPx":10098,"name":"Iowa","standing":"sovereign","foldMargin":0.7062},"geometry":{"type":"MultiPolygon","coordinates":[[[[-85.3455,42.5675],[-85.9005,43.3884],[-86.3449,43.7963],[-86.3995,44.4004],[-86.2052,45.4204],[-85.7578,45.7058],[-85.4172,46.3402],[-84.6567,46.2434],[-83.7804,45.8699],[-83.5728,45.257],[-84.1267,45.0636],[-84.909,44.0171],[-84.3492,43.5204],[-83.1777,43.0157],[-83.3368,41.9165],[-84.3558,41.8626],[-85.2566,42.0341],[-85.3455,42.5675]]]]}},{"type":"Feature","properties":{"id":77,"layer":"regions","color":"#e9f607","areaPx":9867,"name":"Valle","heldBy":"New California Republic","heldEra":"<=2296","foldMargin":1.1906},"geometry":{"type":"MultiPolygon","coordinates":[[[[-114.4657,27.1421],[-115.0551,27.7227],[-114.9822,27.7983],[-114.5703,27.7415],[-114.1993,28.1151],[-114.1958,28.157],[-114.162,28.5661],[-114.474,28.8552],[-114.514,28.8923],[-114.8677,29.22],[-114.9318,29.2795],[-115.5187,29.5563],[-115.8874,30.1809],[-116.2583,30.8365],[-116.3065,30.9197],[-115.8863,30.9812],[-115.9268,32.2923],[-115.4575,31.9608],[-114.7611,32.0323],[-114.3614,31.6851],[-114.3742,31.6055],[-114.7764,31.7997],[-114.9367,31.3935],[-114.7712,30.9137],[-114.6739,30.1627],[-114.331,29.7505],[-113.5888,29.0617],[-113.424,28.8263],[-113.2719,28.7549],[-113.14,28.4113],[-112.981,28.4238],[-112.9701,28.3789],[-112.9467,28.3751],[-112.7616,27.7803],[-112.4579,27.5259],[-112.2449,27.1719],[-111.6165,26.6629],[-111.509,26.3616],[-111.5065,26.0166],[-111.3684,25.9676],[-111.2846,25.7327],[-110.9878,25.2947],[-110.71,24.8261],[-110.655,24.2987],[-110.1728,24.2657],[-109.7718,23.8113],[-109.4091,23.3647],[-109.4334,23.1857],[-109.6833,22.9675],[-109.7716,23.0553],[-109.844,23.1354],[-109.9073,23.2229],[-109.9608,23.3167],[-110.0038,23.4158],[-110.1271,23.7471],[-110.5728,24.0853],[-110.6506,24.1508],[-110.7213,24.2239],[-110.7842,24.3037],[-110.8387,24.3896],[-110.8842,24.4805],[-110.9202,24.5756],[-110.9464,24.6739],[-110.9605,24.7618],[-111.2998,24.8822],[-111.0938,24.415],[-111.0595,24.3261],[-111.0339,24.2344],[-111.0171,24.1406],[-111.0093,24.0457],[-111.0093,24.0412],[-111.6706,24.4845],[-112.182,24.7385],[-112.149,25.4703],[-112.3007,26.0121],[-112.7773,26.3221],[-113.4442,26.7551],[-113.383,27.1185],[-113.9318,27.3072],[-114.2854,27.0713],[-114.4657,27.1421]]]]}},{"type":"Feature","properties":{"id":78,"layer":"regions","color":"#d46954","areaPx":9648,"name":null,"foldMargin":1.0491},"geometry":{"type":"MultiPolygon","coordinates":[[[[-92.2078,35.1088],[-91.562,34.6482],[-91.5878,34.4188],[-91.9397,33.7256],[-92.5485,33.7604],[-93.0803,33.4446],[-93.1894,33.6132],[-94.4418,33.6654],[-95.957,33.147],[-96.2123,33.8431],[-96.7963,33.9497],[-96.2647,34.367],[-95.3999,34.2341],[-94.9824,34.8058],[-94.4547,35.2845],[-93.456,35.3784],[-92.5769,35.1123],[-92.2078,35.1088]]]]}},{"type":"Feature","properties":{"id":80,"layer":"regions","color":"#d46954","areaPx":8857,"name":"Erie","heldBy":"Chicagoan Military State","heldEra":"2290","standing":"sovereign","foldMargin":0.7155},"geometry":{"type":"MultiPolygon","coordinates":[[[[-80.869,43.072],[-81.6004,43.7208],[-82.0665,43.2823],[-82.2853,43.4549],[-82.7019,44.3514],[-83.1512,44.5219],[-83.322,43.9082],[-83.9065,44.0108],[-83.4133,44.6445],[-83.5728,45.257],[-83.7804,45.8699],[-84.6567,46.2434],[-85.4172,46.3402],[-85.7578,45.7058],[-86.2052,45.4204],[-86.3995,44.4004],[-86.3449,43.7963],[-85.9005,43.3884],[-86.0237,42.1631],[-86.7814,41.7384],[-87.4395,42.4797],[-87.218,42.8898],[-87.6565,43.4787],[-87.1218,45.4832],[-87.3454,45.9093],[-87.9002,44.9826],[-87.8883,45.4567],[-87.4107,46.5339],[-87.1086,46.2225],[-86.7855,46.5067],[-85.9443,46.8608],[-85.2527,46.5819],[-84.4641,46.6953],[-85.1422,47.1638],[-83.4617,46.8362],[-81.2407,46.5718],[-81.0857,46.2076],[-79.7464,45.6928],[-79.5012,45.363],[-78.3218,45.0435],[-77.5595,45.0346],[-77.0699,44.8053],[-76.4408,44.6929],[-76.3809,44.0407],[-76.8676,43.535],[-77.9833,43.6908],[-78.2349,43.4648],[-78.6091,43.0796],[-79.9732,42.2093],[-80.6724,41.9641],[-81.8131,41.5365],[-82.949,41.8947],[-82.6122,42.4119],[-81.9443,42.1522],[-80.869,43.072]]]]}},{"type":"Feature","properties":{"id":81,"layer":"regions","color":"#2a7841","areaPx":8659,"name":"Troll Warren","heldBy":"Kingdom of Olympia","heldEra":"2290","standing":"sovereign","foldMargin":0.7511},"geometry":{"type":"MultiPolygon","coordinates":[[[[-116.9606,48.6863],[-117.0821,48.2286],[-116.8326,47.6273],[-117.3533,47.1241],[-118.4591,47.034],[-118.89,46.7567],[-119.3338,47.2253],[-120.1066,47.3259],[-120.2658,47.566],[-121.1829,47.3918],[-121.5442,47.5192],[-121.2947,48.017],[-119.92,48.8202],[-118.6676,48.5351],[-118.2208,49.3032],[-116.9692,48.7026],[-116.9606,48.6863]]]]}},{"type":"Feature","properties":{"id":82,"layer":"regions","color":"#a77fa5","areaPx":8376,"name":"Upstate","standing":"sovereign","foldMargin":0.8257},"geometry":{"type":"MultiPolygon","coordinates":[[[[-75.5023,37.8383],[-75.9467,38.1052],[-76.2328,38.3193],[-76.2378,38.355],[-76.35,39.1501],[-76.4386,38.9513],[-76.8457,39.4343],[-76.6449,40.0107],[-77.2811,40.6029],[-78.6633,40.8778],[-79.3622,41.5974],[-78.6051,42.5018],[-77.5811,41.9456],[-76.3352,41.9833],[-75.4509,41.6075],[-76.2389,41.1376],[-76.3768,40.4416],[-75.496,39.8137],[-75.4722,39.746],[-75.519,39.4916],[-75.5281,39.4985],[-75.5211,39.4803],[-75.5955,39.0756],[-75.5794,39.0367],[-75.102,38.3492],[-75.3774,38.0155],[-75.5023,37.8383]]]]}},{"type":"Feature","properties":{"id":85,"layer":"regions","color":"#e9f607","areaPx":7327,"name":"Pale","heldBy":"New California Republic","heldEra":"2290","standing":"presence","foldMargin":0.949},"geometry":{"type":"MultiPolygon","coordinates":[[[[-115.5326,40.0841],[-114.9842,39.907],[-114.2825,40.1818],[-114.1342,39.9381],[-114.3268,39.0768],[-114.0079,38.9223],[-114.3144,38.406],[-115.2875,38.1309],[-116.5171,38.0796],[-117.0223,38.2137],[-117.092,38.6292],[-117.985,38.8143],[-117.6276,39.1439],[-116.8943,39.2899],[-116.1816,39.7862],[-115.5436,40.0821],[-115.5326,40.0841]]]]}},{"type":"Feature","properties":{"id":86,"layer":"regions","color":"#f2b2c6","areaPx":7044,"name":"Krewe","foldMargin":1.1887},"geometry":{"type":"MultiPolygon","coordinates":[[[[-90.1546,29.1175],[-90.8802,29.1487],[-91.4835,29.5758],[-91.6267,29.6771],[-91.8055,29.6515],[-92.2077,29.7462],[-91.932,30.2375],[-92.3674,30.0255],[-92.4517,30.0224],[-92.6316,29.5967],[-93.2493,29.8911],[-93.8922,29.8661],[-93.6698,30.7222],[-92.9251,30.9011],[-91.6135,30.7436],[-91.3505,30.9902],[-91.1643,30.4256],[-90.5523,30.1018],[-90.1748,30.16],[-89.5116,30.2326],[-89.511,30.2073],[-89.6049,30.1763],[-89.507,30.0318],[-89.4137,29.8943],[-89.4235,29.6495],[-89.43,29.4887],[-89.2176,29.2911],[-89.4082,29.1597],[-89.7423,29.2925],[-89.7793,29.3071],[-90.1546,29.1175]]]]}},{"type":"Feature","properties":{"id":87,"layer":"regions","color":"#e91c24","areaPx":6882,"name":"Carolina","foldMargin":1.0238},"geometry":{"type":"MultiPolygon","coordinates":[[[[-82.6916,34.4218],[-83.1631,34.7433],[-84.0377,34.6101],[-84.2086,34.8174],[-83.8243,35.535],[-83.2004,35.706],[-82.9887,36.0207],[-80.9335,36.608],[-80.4179,36.2881],[-80.5154,36.0333],[-81.1705,34.964],[-82.37,34.7146],[-82.5042,34.6268],[-82.6916,34.4218]]]]}},{"type":"Feature","properties":{"id":88,"layer":"regions","color":"#a77fa5","areaPx":6658,"name":"Wyoming","heldBy":"Empire of the Khans","heldEra":"2290","standing":"sovereign","foldMargin":0.7854},"geometry":{"type":"MultiPolygon","coordinates":[[[[-103.0116,44.0042],[-102.5298,43.3234],[-103.3568,42.204],[-104.6721,42.718],[-105.4423,43.1519],[-105.1214,43.6408],[-105.6465,44.3483],[-105.5598,44.6702],[-104.8562,44.8443],[-104.488,44.598],[-103.8966,44.701],[-103.0116,44.0042]]]]}},{"type":"Feature","properties":{"id":90,"layer":"regions","color":"#a77fa5","areaPx":6439,"name":"Freedman","foldMargin":1.1018},"geometry":{"type":"MultiPolygon","coordinates":[[[[-94.4418,33.6654],[-93.1894,33.6132],[-93.0803,33.4446],[-93.3757,33.0433],[-93.1919,32.0145],[-91.8911,31.3624],[-91.3825,31.3053],[-91.3505,30.9902],[-91.6135,30.7436],[-92.9251,30.9011],[-92.9696,31.0874],[-94.1623,31.6797],[-94.4298,31.5857],[-94.4212,32.2046],[-94.674,32.3105],[-94.7735,32.6288],[-94.3459,33.4581],[-94.4418,33.6654]]]]}},{"type":"Feature","properties":{"id":91,"layer":"regions","color":"#455385","areaPx":6429,"name":"Paz","foldMargin":1.2377},"geometry":{"type":"MultiPolygon","coordinates":[[[[-113.9318,27.3072],[-113.383,27.1185],[-113.4442,26.7551],[-113.4646,26.7683],[-113.5967,26.6395],[-113.8489,26.9001],[-114.2854,27.0713],[-113.9318,27.3072]]]]}},{"type":"Feature","properties":{"id":92,"layer":"regions","color":"#9bfeb5","areaPx":6102,"name":"Antelope","heldBy":"New California Republic","heldEra":"2290","foldMargin":0.9219},"geometry":{"type":"MultiPolygon","coordinates":[[[[-116.6134,41.6091],[-116.2296,41.1753],[-116.7883,40.499],[-117.0267,39.9563],[-117.6854,39.6645],[-118.1251,39.1332],[-118.5251,39.6976],[-118.9963,39.7127],[-119.6191,40.5187],[-118.9377,40.5534],[-118.3623,41.2945],[-118.0773,41.356],[-116.6134,41.6091]]]]}},{"type":"Feature","properties":{"id":93,"layer":"regions","color":"#455385","areaPx":6070,"name":"Chemult","heldBy":"New California Republic","heldEra":"2290","standing":"enclave","foldMargin":0.8642},"geometry":{"type":"MultiPolygon","coordinates":[[[[-116.8103,43.8958],[-116.0397,43.7065],[-115.336,43.2544],[-115.4311,42.7683],[-116.0291,42.1782],[-116.6134,41.6091],[-118.0773,41.356],[-118.2976,42.2872],[-117.8521,42.7967],[-117.1635,43.1172],[-117.225,43.3899],[-116.8103,43.8958]]]]}},{"type":"Feature","properties":{"id":94,"layer":"regions","color":"#e9f607","areaPx":5872,"name":"Ronto Republic","heldBy":"Nuka World","heldEra":"2290","foldMargin":0.8094},"geometry":{"type":"MultiPolygon","coordinates":[[[[-70.08,41.7801],[-70.111,41.8877],[-70.1725,42.1015],[-70.185,42.1451],[-69.8849,41.9229],[-69.965,41.6371],[-70.64,41.4751],[-71.1203,41.4945],[-71.8084,41.3323],[-71.8662,41.3585],[-72.0578,41.2974],[-72.295,41.2701],[-72.8764,41.2207],[-73.1627,41.1213],[-73.2173,41.1562],[-73.4174,42.5135],[-72.9604,43.1891],[-71.2712,43.1804],[-70.9728,43.2814],[-71.0944,42.6285],[-70.8222,42.4799],[-70.825,42.3351],[-70.5101,41.8293],[-70.495,41.8051],[-70.08,41.7801]]]]}},{"type":"Feature","properties":{"id":95,"layer":"regions","color":"#455385","areaPx":5785,"name":"Lawrence","foldMargin":0.705},"geometry":{"type":"MultiPolygon","coordinates":[[[[-74.4683,46.0885],[-74.4247,44.6076],[-74.9518,44.8613],[-75.3612,44.5162],[-76.2135,44.9244],[-76.4408,44.6929],[-77.0699,44.8053],[-77.5595,45.0346],[-76.9498,45.8193],[-75.8401,45.9931],[-75.7175,46.6618],[-74.8792,47.0447],[-74.234,46.9909],[-74.4683,46.0885]]]]}},{"type":"Feature","properties":{"id":96,"layer":"regions","color":"#e9f607","areaPx":5603,"name":null,"foldMargin":0.7007},"geometry":{"type":"MultiPolygon","coordinates":[[[[-87.1086,46.2225],[-87.4107,46.5339],[-87.8883,45.4567],[-87.9002,44.9826],[-87.3454,45.9093],[-87.1218,45.4832],[-87.6565,43.4787],[-88.2807,44.013],[-89.0021,43.9755],[-89.4456,44.5251],[-89.0799,44.9946],[-89.5102,45.9145],[-88.7399,45.7491],[-88.4641,46.4553],[-87.1851,46.7259],[-86.7855,46.5067],[-87.1086,46.2225]]]]}},{"type":"Feature","properties":{"id":97,"layer":"regions","color":"#d46954","areaPx":5601,"name":"Handogs","heldBy":"Caesar's Legion","heldEra":"<=2296","standing":"sovereign","foldMargin":0.883},"geometry":{"type":"MultiPolygon","coordinates":[[[[-107.9407,40.0558],[-108.1163,41.017],[-108.0235,41.5605],[-107.1969,41.4446],[-106.1425,41.5505],[-105.6205,40.72],[-106.1035,40.2065],[-106.2561,39.6569],[-107.3904,39.3608],[-107.7583,39.5081],[-107.9407,40.0558]]]]}},{"type":"Feature","properties":{"id":99,"layer":"regions","color":"#a77fa5","areaPx":5527,"name":"Panama","foldMargin":1.0099},"geometry":{"type":"MultiPolygon","coordinates":[[[[-80.23,7.4415],[-80.2766,7.4197],[-80.4211,7.2715],[-80.8864,7.2205],[-81.0595,7.8179],[-81.1897,7.6479],[-81.5195,7.7067],[-81.7213,8.1089],[-81.9198,8.1411],[-81.8831,8.1723],[-81.7749,8.9797],[-81.7551,8.9968],[-81.7141,9.0321],[-81.6465,8.9716],[-81.4392,8.7863],[-81.0761,8.8396],[-80.9473,8.8585],[-80.5219,9.1111],[-80.1992,9.2182],[-79.7902,9.0354],[-79.5969,8.8653],[-79.7605,8.5845],[-80.1645,8.3333],[-80.3826,8.2985],[-80.4666,8.1202],[-80.4807,8.0903],[-80.3777,7.9731],[-80.0036,7.5475],[-80.23,7.4415]]]]}},{"type":"Feature","properties":{"id":100,"layer":"regions","color":"#a77fa5","areaPx":5363,"name":"Lincoln","heldBy":"Caesar's Legion","heldEra":"<=2296","standing":"enclave","foldMargin":1.0761},"geometry":{"type":"MultiPolygon","coordinates":[[[[-107.8608,33.2988],[-106.9215,34.7768],[-105.9423,34.2991],[-105.6083,34.0981],[-105.8734,32.714],[-106.4084,32.482],[-107.4047,32.5266],[-107.5008,32.542],[-107.6243,32.7379],[-107.8608,33.2988]]]]}},{"type":"Feature","properties":{"id":101,"layer":"regions","color":"#455385","areaPx":5280,"name":"Texas Brotherhood of Steel","heldBy":"Texas Brotherhood of Steel","heldEra":"<=2296","nameAssumed":true,"foldMargin":1.085},"geometry":{"type":"MultiPolygon","coordinates":[[[[-98.166,33.5507],[-98.1413,33.081],[-97.6836,32.9264],[-98.0243,32.1869],[-98.2408,32.155],[-99.2934,32.535],[-100.2969,32.5598],[-100.1386,33.223],[-100.3606,33.4364],[-100.2045,34.0396],[-99.74,34.2112],[-99.0483,34.0252],[-98.166,33.5507]]]]}},{"type":"Feature","properties":{"id":102,"layer":"regions","color":"#e91c24","areaPx":5228,"name":null,"foldMargin":0.7187},"geometry":{"type":"MultiPolygon","coordinates":[[[[-72.7006,45.5345],[-72.9407,45.1234],[-72.9604,43.1891],[-73.4174,42.5135],[-73.6179,42.9159],[-73.8999,43.8349],[-74.5939,44.2443],[-74.4247,44.6076],[-74.4683,46.0885],[-72.9689,46.006],[-72.7006,45.5345]]]]}},{"type":"Feature","properties":{"id":103,"layer":"regions","color":"#e9f607","areaPx":5197,"name":"TAA","heldBy":"Hidalgoan Empire","heldEra":"2290","standing":"sovereign","foldMargin":1.196},"geometry":{"type":"MultiPolygon","coordinates":[[[[-102.262,30.4772],[-101.2257,30.3044],[-101.2752,30.0513],[-100.5713,29.9571],[-100.0909,28.9694],[-99.8976,28.2767],[-99.543,28.2178],[-100.0106,27.324],[-100.2567,27.1334],[-100.3638,27.7867],[-101.1731,28.5974],[-101.446,29.3174],[-102.3004,30.1061],[-102.262,30.4772]]]]}},{"type":"Feature","properties":{"id":104,"layer":"regions","color":"#fec11b","areaPx":5009,"name":"Hammond","heldBy":"West Khans","heldEra":"2290","standing":"presence","foldMargin":0.8756},"geometry":{"type":"MultiPolygon","coordinates":[[[[-112.7862,41.5278],[-112.8885,42.0344],[-113.626,41.7129],[-113.8564,41.2974],[-114.0698,41.2178],[-114.4953,41.1598],[-115.1482,41.8251],[-113.8251,42.3484],[-113.731,42.5288],[-113.2504,42.7938],[-112.7181,42.4418],[-112.2573,42.56],[-111.0206,42.1445],[-111.047,41.5553],[-111.1666,40.9222],[-111.6158,40.8054],[-111.9775,41.0745],[-112.7862,41.5278]]]]}},{"type":"Feature","properties":{"id":105,"layer":"regions","color":"#e91c24","areaPx":4967,"name":"South Florida","foldMargin":1.3432},"geometry":{"type":"MultiPolygon","coordinates":[[[[-81.1721,25.2013],[-81.2645,25.4579],[-81.3194,25.8069],[-81.7659,26.0124],[-81.9568,26.8716],[-81.3141,27.0495],[-80.3588,27.0674],[-80.1786,27.1792],[-80.0565,26.8801],[-80.088,26.2057],[-80.1315,25.8169],[-80.2005,25.648],[-80.381,25.2063],[-80.68,25.0801],[-81.0797,25.1785],[-81.1721,25.2013]]],[[[-78.8212,26.6261],[-78.8281,26.5238],[-78.8442,26.4297],[-78.91,26.42],[-78.98,26.79],[-78.8368,26.8144],[-78.8249,26.7285],[-78.8212,26.6261]]]]}},{"type":"Feature","properties":{"id":106,"layer":"regions","color":"#800c1c","areaPx":4860,"name":"Chicksaw","foldMargin":1.0924},"geometry":{"type":"MultiPolygon","coordinates":[[[[-96.2123,33.8431],[-95.957,33.147],[-95.9284,32.3381],[-97.025,32.0674],[-98.0243,32.1869],[-97.6836,32.9264],[-98.1413,33.081],[-98.166,33.5507],[-97.8223,33.4125],[-96.9898,33.8296],[-96.7963,33.9497],[-96.2123,33.8431]]]]}},{"type":"Feature","properties":{"id":107,"layer":"regions","color":"#455385","areaPx":4703,"name":"Victoria","foldMargin":0.763},"geometry":{"type":"MultiPolygon","coordinates":[[[[-124.9428,49.4965],[-124.961,49.5027],[-125.0768,49.6252],[-124.9428,49.4965]]],[[[-125.755,50.295],[-125.649,50.1874],[-126.3213,50.3456],[-126.3282,50.3596],[-125.755,50.295]]],[[[-124.3959,50.3384],[-124.4232,50.1074],[-123.413,49.6575],[-123.0334,49.1055],[-123.0905,49.0617],[-124.9102,49.9847],[-125.6246,50.4167],[-126.4491,50.6052],[-127.0396,50.7401],[-127.2074,50.7785],[-127.5543,51.5136],[-125.0667,50.8424],[-124.3959,50.3384]]]]}},{"type":"Feature","properties":{"id":108,"layer":"regions","color":"#8e4039","areaPx":4690,"name":"Santa Fe","heldBy":"Caesar's Legion","heldEra":"<=2296","foldMargin":1.0146},"geometry":{"type":"MultiPolygon","coordinates":[[[[-104.7607,36.8064],[-104.7758,36.0141],[-105.2191,35.238],[-105.8964,34.6507],[-105.9423,34.2991],[-106.9215,34.7768],[-106.9266,35.2392],[-106.4899,35.8894],[-105.6356,36.8069],[-104.7607,36.8064]]]]}},{"type":"Feature","properties":{"id":109,"layer":"regions","color":"#a77fa5","areaPx":4649,"name":"Erie Stretch","heldBy":"Ronto Republic","heldEra":"2290","foldMargin":0.7434},"geometry":{"type":"MultiPolygon","coordinates":[[[[-76.8676,43.535],[-76.3809,44.0407],[-76.4408,44.6929],[-76.2135,44.9244],[-75.3612,44.5162],[-74.9518,44.8613],[-74.4247,44.6076],[-74.5939,44.2443],[-73.8999,43.8349],[-73.6179,42.9159],[-74.3944,42.9642],[-75.3787,43.333],[-76.215,43.4257],[-76.8676,43.535]]]]}},{"type":"Feature","properties":{"id":110,"layer":"regions","color":"#d46954","areaPx":4640,"name":"New Hampshire","standing":"sovereign","foldMargin":0.7217},"geometry":{"type":"MultiPolygon","coordinates":[[[[-70.9728,43.2814],[-71.2712,43.1804],[-72.9604,43.1891],[-72.9407,45.1234],[-72.7006,45.5345],[-72.9689,46.006],[-72.3716,45.8542],[-72.0419,45.0771],[-71.5397,44.8783],[-71.4006,44.2404],[-70.7701,44.0297],[-70.9728,43.2814]]]]}},{"type":"Feature","properties":{"id":111,"layer":"regions","color":"#6de8f9","areaPx":4297,"name":"Mark Twain","heldBy":"New Mauretania","heldEra":"2290","standing":"sovereign","foldMargin":1.0012},"geometry":{"type":"MultiPolygon","coordinates":[[[[-88.8733,36.1763],[-88.5177,36.4384],[-88.4761,36.9753],[-87.5887,36.9396],[-87.0541,36.1229],[-87.0053,35.1452],[-87.3717,35.0009],[-89.0401,35.3623],[-88.8733,36.1763]]]]}},{"type":"Feature","properties":{"id":112,"layer":"regions","color":"#e91c24","areaPx":4271,"name":"Delta","heldBy":"White Legs Territory","heldEra":"<=2296","foldMargin":0.8955},"geometry":{"type":"MultiPolygon","coordinates":[[[[-110.4256,40.4899],[-110.5614,40.0561],[-110.7752,39.8917],[-111.2444,40.3925],[-112.1652,39.8934],[-112.3522,39.202],[-112.7546,39.1655],[-113.0209,40.0298],[-113.3328,40.1141],[-112.8522,40.5467],[-111.6158,40.8054],[-111.1666,40.9222],[-111.047,41.5553],[-110.6511,41.6549],[-110.0237,41.3978],[-110.0313,41.0628],[-110.4256,40.4899]]]]}},{"type":"Feature","properties":{"id":113,"layer":"regions","color":"#8e4039","areaPx":4089,"name":null,"foldMargin":1.2449},"geometry":{"type":"MultiPolygon","coordinates":[[[[-106.292,23.3242],[-105.6548,22.7582],[-105.778,22.3965],[-106.0287,22.7737],[-106.4943,23.299],[-106.292,23.3242]]]]}},{"type":"Feature","properties":{"id":114,"layer":"regions","color":"#455385","areaPx":4014,"name":null,"heldBy":"Caesar's Legion","heldEra":"<=2296","foldMargin":1.1533},"geometry":{"type":"MultiPolygon","coordinates":[[[[-114.3614,31.6851],[-113.3793,32.3655],[-112.8849,32.3722],[-112.6483,31.9159],[-112.9768,31.0852],[-112.9122,30.5848],[-113.0552,30.5523],[-113.1638,30.7869],[-113.1487,31.1711],[-113.8719,31.5677],[-114.2057,31.5241],[-114.3742,31.6055],[-114.3614,31.6851]]]]}},{"type":"Feature","properties":{"id":115,"layer":"regions","color":"#fec11b","areaPx":4009,"name":null,"foldMargin":0.7818},"geometry":{"type":"MultiPolygon","coordinates":[[[[-82.2853,43.4549],[-82.0665,43.2823],[-81.6004,43.7208],[-80.869,43.072],[-81.9443,42.1522],[-82.6122,42.4119],[-82.949,41.8947],[-81.8131,41.5365],[-80.6724,41.9641],[-80.5943,41.7337],[-81.0245,41.4042],[-81.7854,41.2274],[-82.8647,41.4513],[-83.3368,41.9165],[-83.1777,43.0157],[-82.2853,43.4549]]]]}},{"type":"Feature","properties":{"id":116,"layer":"regions","color":"#3f203a","areaPx":3984,"name":"Illinois","foldMargin":0.9412},"geometry":{"type":"MultiPolygon","coordinates":[[[[-87.8593,38.5902],[-87.8587,38.2806],[-87.2696,37.7493],[-87.5887,36.9396],[-88.4761,36.9753],[-88.8534,37.7321],[-89.5281,38.2509],[-89.5695,38.7091],[-88.9154,38.835],[-87.8593,38.5902]]]]}},{"type":"Feature","properties":{"id":118,"layer":"regions","color":"#2a7841","areaPx":3883,"name":"Maxsonian Dynasty","heldBy":"Maxsonian Dynasty","heldEra":"2290","family":"brotherhood","standing":"sovereign","foldMargin":0.865},"geometry":{"type":"MultiPolygon","coordinates":[[[[-74.8638,39.6294],[-74.9267,40.0359],[-74.7498,41.3861],[-74.3659,41.5645],[-73.6098,41.2661],[-73.9055,40.6637],[-73.7673,40.6288],[-73.982,40.6281],[-73.9523,40.7507],[-74.2567,40.4735],[-73.9624,40.4277],[-74.1784,39.7093],[-74.5373,39.3295],[-74.8638,39.6294]]]]}},{"type":"Feature","properties":{"id":119,"layer":"regions","color":"#d46954","areaPx":3804,"name":"Osage","heldBy":"Rhombusian Republic","heldEra":"2290","family":"brotherhood","standing":"enclave","foldMargin":1.0059},"geometry":{"type":"MultiPolygon","coordinates":[[[[-97.2182,34.9937],[-97.9502,35.1356],[-98.105,35.5308],[-98.796,36.0802],[-98.5579,36.8307],[-97.7713,36.1853],[-96.9112,35.792],[-96.3473,35.9016],[-95.8804,35.4712],[-96.0707,35.0702],[-97.2182,34.9937]]]]}},{"type":"Feature","properties":{"id":121,"layer":"regions","color":"#e91c24","areaPx":3708,"name":"Helena","heldBy":"Mormonic Clergical Commonwealth","heldEra":"2290","standing":"sovereign","foldMargin":0.7344},"geometry":{"type":"MultiPolygon","coordinates":[[[[-107.0235,47.1621],[-106.5363,46.5196],[-106.9883,46.1283],[-106.6541,45.6658],[-106.9667,45.007],[-107.764,45.3361],[-108.2604,45.3188],[-108.4287,45.785],[-108.3045,47.0086],[-107.7318,47.3684],[-107.0235,47.1621]]]]}},{"type":"Feature","properties":{"id":122,"layer":"regions","color":"#2a7841","areaPx":3700,"name":"Ires","foldMargin":0.8329},"geometry":{"type":"MultiPolygon","coordinates":[[[[-111.0212,43.1868],[-110.853,42.9326],[-111.0206,42.1445],[-112.2573,42.56],[-112.7181,42.4418],[-113.2504,42.7938],[-113.2385,42.8826],[-112.1374,43.5023],[-111.7024,44.1351],[-110.6375,43.6119],[-111.0212,43.1868]]]]}},{"type":"Feature","properties":{"id":123,"layer":"regions","color":"#9bfeb5","areaPx":3650,"name":"Houston Republic","heldBy":"Houston Republic","heldEra":"2290","foldMargin":1.1018},"geometry":{"type":"MultiPolygon","coordinates":[[[[-97.025,32.0674],[-95.9284,32.3381],[-95.957,33.147],[-94.4418,33.6654],[-94.3459,33.4581],[-94.7735,32.6288],[-94.674,32.3105],[-95.711,32.3733],[-95.7222,31.5941],[-96.1928,31.3969],[-97.0058,31.5065],[-97.0271,31.6827],[-97.025,32.0674]]]]}},{"type":"Feature","properties":{"id":124,"layer":"regions","color":"#455385","areaPx":3643,"name":"Zetans","standing":"enclave","foldMargin":1.0817},"geometry":{"type":"MultiPolygon","coordinates":[[[[-105.8734,32.714],[-105.6083,34.0981],[-104.5922,34.4596],[-104.0661,34.1762],[-104.4469,33.7412],[-104.2448,32.8616],[-104.4844,32.5755],[-105.8227,32.6379],[-105.8734,32.714]]]]}},{"type":"Feature","properties":{"id":125,"layer":"regions","color":"#800c1c","areaPx":3611,"name":"Edens","heldBy":"Attis's Army","heldEra":"<=2296","standing":"sovereign","foldMargin":1.179},"geometry":{"type":"MultiPolygon","coordinates":[[[[-99.355,29.7768],[-99.3392,29.1963],[-100.0909,28.9694],[-100.5713,29.9571],[-101.2752,30.0513],[-101.2257,30.3044],[-100.882,31.0555],[-99.6658,30.5781],[-99.355,29.7768]]]]}},{"type":"Feature","properties":{"id":126,"layer":"regions","color":"#e91c24","areaPx":3525,"name":"Enola","heldBy":"Chicagoan Military State","heldEra":"2290","standing":"sovereign","foldMargin":0.7299},"geometry":{"type":"MultiPolygon","coordinates":[[[[-83.4133,44.6445],[-83.9065,44.0108],[-83.322,43.9082],[-83.1512,44.5219],[-82.7019,44.3514],[-82.2853,43.4549],[-83.1777,43.0157],[-84.3492,43.5204],[-84.909,44.0171],[-84.1267,45.0636],[-83.5728,45.257],[-83.4133,44.6445]]]]}},{"type":"Feature","properties":{"id":127,"layer":"regions","color":"#e91c24","areaPx":3487,"name":"Houston","foldMargin":1.1928},"geometry":{"type":"MultiPolygon","coordinates":[[[[-93.7811,30.7512],[-93.6698,30.7222],[-93.8922,29.8661],[-94.7848,29.5937],[-95.3243,30.0859],[-95.1976,29.4343],[-95.4013,29.3383],[-95.5687,29.2724],[-96.1514,30.0287],[-95.5463,30.4968],[-93.7811,30.7512]]]]}},{"type":"Feature","properties":{"id":128,"layer":"regions","color":"#a77fa5","areaPx":3397,"name":"Flathead","heldBy":"Mormonic Clergical Commonwealth","heldEra":"2290","standing":"sovereign","foldMargin":0.7336},"geometry":{"type":"MultiPolygon","coordinates":[[[[-107.7318,47.3684],[-108.3045,47.0086],[-108.4287,45.785],[-109.5974,45.5791],[-109.9313,46.7486],[-109.5537,47.3194],[-107.7315,47.4327],[-107.7318,47.3684]]]]}},{"type":"Feature","properties":{"id":130,"layer":"regions","color":"#fec11b","areaPx":3311,"name":null,"heldBy":"Whitelegs ('Palitsunee') Kingdom","heldEra":"2290","foldMargin":0.8024},"geometry":{"type":"MultiPolygon","coordinates":[[[[-105.1214,43.6408],[-105.4423,43.1519],[-106.5219,42.8885],[-107.2184,43.1479],[-107.4565,43.9773],[-106.9387,44.4098],[-105.6465,44.3483],[-105.1214,43.6408]]]]}},{"type":"Feature","properties":{"id":131,"layer":"regions","color":"#e9f607","areaPx":3296,"name":"Lonetree","foldMargin":0.8345},"geometry":{"type":"MultiPolygon","coordinates":[[[[-109.9891,43.468],[-110.0295,42.9109],[-109.5556,42.2448],[-109.7405,41.5472],[-110.0237,41.3978],[-110.6511,41.6549],[-111.047,41.5553],[-111.0206,42.1445],[-110.853,42.9326],[-111.0212,43.1868],[-110.6375,43.6119],[-110.3741,43.8617],[-109.9891,43.468]]]]}},{"type":"Feature","properties":{"id":132,"layer":"regions","color":"#8e4039","areaPx":3269,"name":"Nuka World","heldBy":"Nuka World","heldEra":"2290","nameAssumed":true,"foldMargin":0.815},"geometry":{"type":"MultiPolygon","coordinates":[[[[-72.6909,40.7703],[-72.9378,40.7174],[-73.3449,40.6301],[-73.7673,40.6288],[-73.9055,40.6637],[-73.6098,41.2661],[-74.3659,41.5645],[-74.8649,41.9867],[-74.9117,42.4371],[-74.3944,42.9642],[-73.6179,42.9159],[-73.4174,42.5135],[-73.2173,41.1562],[-73.1627,41.1213],[-73.4795,41.0112],[-73.71,40.9311],[-73.4553,40.9638],[-73.0064,41.0213],[-72.867,41.0392],[-72.2412,41.1195],[-72.0528,40.999],[-71.945,40.9301],[-72.6909,40.7703]]],[[[-71.86,41.3201],[-72.0578,41.2974],[-71.8662,41.3585],[-71.8084,41.3323],[-71.86,41.3201]]]]}},{"type":"Feature","properties":{"id":133,"layer":"regions","color":"#fec11b","areaPx":3177,"name":"Panhandle","foldMargin":1.1877},"geometry":{"type":"MultiPolygon","coordinates":[[[[-85.2878,29.6861],[-85.773,30.1527],[-86.4,30.4001],[-87.5303,30.2745],[-88.4178,30.3849],[-89.1805,30.3161],[-89.3109,30.2732],[-88.629,30.5687],[-87.7679,30.5718],[-87.3541,30.8577],[-86.8915,31.2828],[-85.8639,30.8484],[-84.8436,30.8564],[-84.3565,30.5895],[-84.8203,29.7847],[-84.8182,29.767],[-85.1088,29.6363],[-85.2878,29.6861]]]]}},{"type":"Feature","properties":{"id":134,"layer":"regions","color":"#fec11b","areaPx":3158,"name":"Chicago","heldBy":"Chicagoan Military State","heldEra":"2290","foldMargin":0.793},"geometry":{"type":"MultiPolygon","coordinates":[[[[-86.7814,41.7384],[-86.0237,42.1631],[-85.9005,43.3884],[-85.3455,42.5675],[-85.2566,42.0341],[-85.6807,42.0056],[-86.0313,41.4663],[-86.6878,41.1056],[-86.9616,40.6229],[-87.3694,40.6217],[-87.5821,41.8489],[-87.4395,42.4797],[-86.7814,41.7384]]]]}},{"type":"Feature","properties":{"id":136,"layer":"regions","color":"#f9f4ce","areaPx":3061,"name":"Cypher","heldBy":"Attis's Army","heldEra":"<=2296","foldMargin":1.1083},"geometry":{"type":"MultiPolygon","coordinates":[[[[-100.3606,33.4364],[-100.1386,33.223],[-100.2969,32.5598],[-100.7739,31.9729],[-101.4358,31.8354],[-102.1861,32.4887],[-101.8131,33.1043],[-101.2233,33.0833],[-100.3606,33.4364]]]]}},{"type":"Feature","properties":{"id":137,"layer":"regions","color":"#e9f607","areaPx":3054,"name":"El Paso","heldBy":"Caesar's Legion","heldEra":"<=2296","foldMargin":1.1332},"geometry":{"type":"MultiPolygon","coordinates":[[[[-105.9941,31.0325],[-106.6245,31.5135],[-107.4047,32.5266],[-106.4084,32.482],[-105.8734,32.714],[-105.8227,32.6379],[-105.3543,31.3923],[-105.9941,31.0325]]]]}},{"type":"Feature","properties":{"id":138,"layer":"regions","color":"#3f203a","areaPx":3000,"name":"Pursuant","foldMargin":1.2733},"geometry":{"type":"MultiPolygon","coordinates":[[[[-100.0106,27.324],[-99.6007,27.2427],[-99.1188,27.6122],[-98.6359,27.6599],[-98.3324,26.1777],[-99.2189,26.317],[-100.1451,26.6043],[-100.2567,27.1334],[-100.0106,27.324]]]]}},{"type":"Feature","properties":{"id":141,"layer":"regions","color":"#e91c24","areaPx":2894,"name":"Murtaugh","heldBy":"West Khans","heldEra":"2290","standing":"presence","foldMargin":0.8703},"geometry":{"type":"MultiPolygon","coordinates":[[[[-113.2504,42.7938],[-113.731,42.5288],[-113.8251,42.3484],[-115.1482,41.8251],[-116.0291,42.1782],[-115.4311,42.7683],[-115.336,43.2544],[-114.8246,43.2742],[-114.157,42.9028],[-113.2385,42.8826],[-113.2504,42.7938]]]]}},{"type":"Feature","properties":{"id":143,"layer":"regions","color":"#8e4039","areaPx":2756,"name":null,"foldMargin":1.1648},"geometry":{"type":"MultiPolygon","coordinates":[[[[-95.7222,31.5941],[-94.5652,31.5266],[-93.8006,30.9676],[-93.7811,30.7512],[-95.5463,30.4968],[-95.9929,30.9138],[-96.1928,31.3969],[-95.7222,31.5941]]]]}},{"type":"Feature","properties":{"id":144,"layer":"regions","color":"#e9f607","areaPx":2692,"name":"Wilmington and Myrtle Beach","foldMargin":1.0893},"geometry":{"type":"MultiPolygon","coordinates":[[[[-77.4644,34.6381],[-76.916,34.9868],[-76.2769,34.9091],[-76.3631,34.8085],[-77.3976,34.5121],[-77.7713,34.1785],[-77.4644,34.6381]]],[[[-77.8711,34.0895],[-78.0549,33.9255],[-78.3341,33.8896],[-77.8711,34.0895]]]]}},{"type":"Feature","properties":{"id":145,"layer":"regions","color":"#8e4039","areaPx":2675,"name":null,"heldBy":"Mormonic Clergical Commonwealth","heldEra":"2290","foldMargin":0.7174},"geometry":{"type":"MultiPolygon","coordinates":[[[[-107.7318,47.3684],[-107.7315,47.4327],[-107.3028,47.6879],[-107.048,48.6628],[-105.7754,48.8202],[-105.657,48.0657],[-106.2175,47.4939],[-107.0235,47.1621],[-107.7318,47.3684]]]]}},{"type":"Feature","properties":{"id":146,"layer":"regions","color":"#e9f607","areaPx":2670,"name":null,"heldBy":"Caesar's Legion","heldEra":"<=2296","foldMargin":1.1645},"geometry":{"type":"MultiPolygon","coordinates":[[[[-111.2156,30.8822],[-111.9975,30.6592],[-112.5998,30.776],[-112.9122,30.5848],[-112.9768,31.0852],[-112.6483,31.9159],[-111.07,31.5595],[-111.2156,30.8822]]]]}},{"type":"Feature","properties":{"id":147,"layer":"regions","color":"#6de8f9","areaPx":2657,"name":"Seattle","foldMargin":0.7811},"geometry":{"type":"MultiPolygon","coordinates":[[[[-123.12,48.0401],[-122.8223,47.5126],[-123.2471,47.3941],[-123.7358,48.1847],[-123.12,48.0401]]],[[[-122.4127,47.7328],[-122.5,48.1801],[-122.73,48.7349],[-122.2853,48.6898],[-122.1315,48.055],[-122.4127,47.7328]]],[[[-123.8745,48.4091],[-124.0129,48.3708],[-125.655,48.825],[-125.955,49.18],[-126.0775,49.2279],[-126.1177,49.2704],[-126.2896,49.3108],[-126.85,49.53],[-127.03,49.815],[-127.8159,49.9524],[-127.862,49.9913],[-127.9288,50.0595],[-127.9887,50.1337],[-128.0414,50.2133],[-128.0861,50.2975],[-128.3041,50.7594],[-127.3086,50.5526],[-126.695,50.4009],[-126.3282,50.3596],[-126.3213,50.3456],[-125.649,50.1874],[-125.415,49.95],[-125.0768,49.6252],[-124.961,49.5027],[-124.9428,49.4965],[-124.9208,49.4753],[-123.9225,49.0625],[-123.7556,48.8389],[-123.51,48.51],[-123.8745,48.4091]]]]}},{"type":"Feature","properties":{"id":148,"layer":"regions","color":"#455385","areaPx":2632,"name":null,"heldBy":"80s Territory","heldEra":"<=2296","foldMargin":0.8942},"geometry":{"type":"MultiPolygon","coordinates":[[[[-112.7862,41.5278],[-111.9775,41.0745],[-111.6158,40.8054],[-112.8522,40.5467],[-113.3328,40.1141],[-113.709,39.9847],[-113.3945,40.9672],[-113.8564,41.2974],[-113.626,41.7129],[-112.8885,42.0344],[-112.7862,41.5278]]]]}},{"type":"Feature","properties":{"id":149,"layer":"regions","color":"#8e4039","areaPx":2632,"name":"Delaware","heldBy":"Maxsonian Dynasty","heldEra":"2290","standing":"sovereign","foldMargin":0.9192},"geometry":{"type":"MultiPolygon","coordinates":[[[[-75.5955,39.0756],[-75.5211,39.4803],[-75.32,38.9601],[-75.0835,38.7813],[-75.0567,38.4041],[-75.102,38.3492],[-75.5794,39.0367],[-75.5955,39.0756]]],[[[-74.9267,40.0359],[-74.8638,39.6294],[-74.5373,39.3295],[-74.7087,39.1482],[-74.906,38.9395],[-74.9804,39.1965],[-75.2,39.2485],[-75.519,39.4916],[-75.4722,39.746],[-74.9883,39.997],[-74.9267,40.0359]]]]}},{"type":"Feature","properties":{"id":150,"layer":"regions","color":"#2a7841","areaPx":2525,"name":"Topeka","heldBy":"Empire of the Khans","heldEra":"2290","foldMargin":0.8496},"geometry":{"type":"MultiPolygon","coordinates":[[[[-96.3306,40.7138],[-98.2164,40.8058],[-97.4713,41.2472],[-97.4842,41.6935],[-96.8041,41.9411],[-95.8661,41.5481],[-95.6812,41.1514],[-95.8521,40.9353],[-96.3306,40.7138]]]]}},{"type":"Feature","properties":{"id":151,"layer":"regions","color":"#d46954","areaPx":2523,"name":null,"heldBy":"Caesar's Legion","heldEra":"<=2296","foldMargin":0.9972},"geometry":{"type":"MultiPolygon","coordinates":[[[[-112.9119,37.0065],[-112.493,36.8147],[-112.2109,37.1262],[-110.5689,37.9123],[-110.9012,37.4223],[-111.3711,37.318],[-111.9085,36.8656],[-112.0244,36.2527],[-112.7932,36.6968],[-113.4125,36.4318],[-113.7958,36.0064],[-114.1434,36.5367],[-112.9119,37.0065]]]]}},{"type":"Feature","properties":{"id":152,"layer":"regions","color":"#6de8f9","areaPx":2511,"name":null,"foldMargin":1.2345},"geometry":{"type":"MultiPolygon","coordinates":[[[[-93.2264,29.7839],[-93.8484,29.7137],[-94.69,29.4801],[-95.6003,28.7387],[-96.594,28.3075],[-97.14,27.8301],[-97.37,27.3801],[-97.38,26.6901],[-97.33,26.2101],[-97.2236,26.0191],[-97.2243,25.9679],[-97.2308,25.8674],[-97.2474,25.768],[-97.2739,25.6708],[-97.31,25.5768],[-97.3554,25.4869],[-97.4096,25.402],[-97.4721,25.323],[-98.3856,24.2806],[-98.3354,23.3565],[-98.3349,23.2586],[-98.3439,23.1611],[-98.3624,23.065],[-98.3903,22.9711],[-98.4272,22.8805],[-98.4376,22.8607],[-98.3926,22.7836],[-98.3531,22.6987],[-98.3218,22.6104],[-98.2988,22.5195],[-98.2845,22.427],[-98.2789,22.3335],[-98.2821,22.2398],[-98.294,22.1469],[-98.355,21.8006],[-98.3741,21.7145],[-98.4008,21.6303],[-98.4096,21.6092],[-97.7797,20.454],[-97.7369,20.3654],[-97.703,20.273],[-97.6805,20.1857],[-97.4074,20.1898],[-97.3045,20.186],[-97.2024,20.1717],[-97.1024,20.1469],[-97.0055,20.1119],[-96.9127,20.0672],[-96.825,20.0132],[-96.7433,19.9504],[-96.6685,19.8796],[-96.6013,19.8014],[-96.5601,19.742],[-96.4777,19.7742],[-96.2921,19.3205],[-95.9406,18.8782],[-96.0788,18.8564],[-96.9702,18.5084],[-97.3926,19.1899],[-97.9587,19.1815],[-98.7262,19.6192],[-98.6577,19.9753],[-99.5285,21.5725],[-99.3398,21.9741],[-99.2788,22.3204],[-99.6709,22.925],[-99.3339,23.3022],[-99.3951,24.4282],[-99.3215,24.7299],[-99.1316,25.6366],[-98.8036,25.4183],[-98.3324,26.1777],[-98.6359,27.6599],[-98.3441,27.6749],[-97.8885,28.4448],[-97.1299,28.6397],[-97.1987,28.993],[-96.2543,28.9053],[-95.5687,29.2724],[-95.4013,29.3383],[-95.1976,29.4343],[-95.3243,30.0859],[-94.7848,29.5937],[-93.8922,29.8661],[-93.2493,29.8911],[-92.6316,29.5967],[-92.4517,30.0224],[-92.3674,30.0255],[-91.932,30.2375],[-92.2077,29.7462],[-91.8055,29.6515],[-92.4991,29.5523],[-93.2264,29.7839]]]]}},{"type":"Feature","properties":{"id":154,"layer":"regions","color":"#e9f607","areaPx":2273,"name":"East Port","heldBy":"80s Territory","heldEra":"<=2296","standing":"presence","foldMargin":0.9045},"geometry":{"type":"MultiPolygon","coordinates":[[[[-116.0291,42.1782],[-115.1482,41.8251],[-114.4953,41.1598],[-115.176,40.8498],[-115.8566,40.9593],[-116.2296,41.1753],[-116.6134,41.6091],[-116.0291,42.1782]]]]}},{"type":"Feature","properties":{"id":155,"layer":"regions","color":"#8e4039","areaPx":2272,"name":"Tubeheads","heldBy":"Texas Brotherhood of Steel","heldEra":"<=2296","foldMargin":1.1343},"geometry":{"type":"MultiPolygon","coordinates":[[[[-100.2969,32.5598],[-99.2934,32.535],[-98.2408,32.155],[-99.2141,31.4955],[-99.557,31.9949],[-100.7739,31.9729],[-100.2969,32.5598]]]]}},{"type":"Feature","properties":{"id":156,"layer":"regions","color":"#d46954","areaPx":2259,"name":"Jamaica","foldMargin":1.435},"geometry":{"type":"MultiPolygon","coordinates":[[[[-76.8966,18.4009],[-76.3654,18.1607],[-76.2603,17.987],[-76.3492,17.8829],[-76.9026,17.8682],[-77.2063,17.7011],[-77.766,17.8616],[-78.3377,18.226],[-78.2322,18.427],[-78.2177,18.4545],[-77.9467,18.4995],[-77.7974,18.5242],[-77.5696,18.4905],[-76.8966,18.4009]]]]}},{"type":"Feature","properties":{"id":157,"layer":"regions","color":"#2a7841","areaPx":2252,"name":null,"heldBy":"80s Territory","heldEra":"<=2296","foldMargin":0.9208},"geometry":{"type":"MultiPolygon","coordinates":[[[[-115.9563,40.5262],[-115.8566,40.9593],[-115.176,40.8498],[-114.4953,41.1598],[-114.0698,41.2178],[-114.2825,40.1818],[-114.9842,39.907],[-115.5326,40.0841],[-115.9563,40.5262]]]]}},{"type":"Feature","properties":{"id":158,"layer":"regions","color":"#2a7841","areaPx":2234,"name":"Dead Horses","heldBy":"Caesar's Legion","heldEra":"<=2296","foldMargin":0.9188},"geometry":{"type":"MultiPolygon","coordinates":[[[[-109.0431,39.7092],[-109.4145,40.1631],[-108.3012,40.5087],[-107.9407,40.0558],[-107.7583,39.5081],[-108.9729,38.96],[-109.0431,39.7092]]]]}},{"type":"Feature","properties":{"id":159,"layer":"regions","color":"#455385","areaPx":2158,"name":null,"heldBy":"Whitelegs ('Palitsunee') Kingdom","heldEra":"2290","foldMargin":0.9041},"geometry":{"type":"MultiPolygon","coordinates":[[[[-107.9407,40.0558],[-108.3012,40.5087],[-109.4145,40.1631],[-110.4256,40.4899],[-110.0313,41.0628],[-108.8388,40.8723],[-108.1163,41.017],[-107.9407,40.0558]]]]}},{"type":"Feature","properties":{"id":160,"layer":"regions","color":"#2a7841","areaPx":2156,"name":"Caesar's Legion splinter group","heldBy":"Caesar's Legion splinter group","heldEra":"2296+","nameAssumed":true,"foldMargin":1.0163},"geometry":{"type":"MultiPolygon","coordinates":[[[[-115.0817,37.0826],[-115.0708,37.0845],[-114.2758,37.1524],[-113.7782,37.5779],[-113.2606,37.4539],[-112.9119,37.0065],[-114.1434,36.5367],[-114.3602,36.3714],[-115.0826,36.4953],[-115.1833,36.5025],[-115.0817,37.0826]]]]}},{"type":"Feature","properties":{"id":161,"layer":"regions","color":"#e91c24","areaPx":2109,"name":"Djaka","foldMargin":1.2124},"geometry":{"type":"MultiPolygon","coordinates":[[[[-81.4355,29.4579],[-81.6968,30.1595],[-81.4885,30.7227],[-81.3137,30.0355],[-81.1035,29.4967],[-81.4355,29.4579]]]]}},{"type":"Feature","properties":{"id":162,"layer":"regions","color":"#a77fa5","areaPx":1990,"name":"Attis's Army","heldBy":"Attis's Army","heldEra":"<=2296","nameAssumed":true,"foldMargin":1.1456},"geometry":{"type":"MultiPolygon","coordinates":[[[[-98.2408,32.155],[-98.0243,32.1869],[-97.025,32.0674],[-97.0271,31.6827],[-98.7446,31.14],[-99.2141,31.4955],[-98.2408,32.155]]]]}},{"type":"Feature","properties":{"id":163,"layer":"regions","color":"#9bfeb5","areaPx":1967,"name":null,"heldBy":"Whitelegs ('Palitsunee') Kingdom","heldEra":"2290","foldMargin":0.9264},"geometry":{"type":"MultiPolygon","coordinates":[[[[-109.6718,38.7587],[-109.8494,39.7867],[-110.5614,40.0561],[-110.4256,40.4899],[-109.4145,40.1631],[-109.0431,39.7092],[-108.9729,38.96],[-109.5118,38.536],[-109.6718,38.7587]]]]}},{"type":"Feature","properties":{"id":164,"layer":"regions","color":"#800c1c","areaPx":1939,"name":"Carmacks","foldMargin":0.7744},"geometry":{"type":"MultiPolygon","coordinates":[[[[-121.0784,56.2044],[-121.1565,55.609],[-122.2451,55.2827],[-122.8961,56.1219],[-122.7479,56.1903],[-121.0784,56.2044]]]]}},{"type":"Feature","properties":{"id":165,"layer":"regions","color":"#2a7841","areaPx":1937,"name":"Austin","heldBy":"Attis's Army","heldEra":"<=2296","standing":"sovereign","foldMargin":1.1887},"geometry":{"type":"MultiPolygon","coordinates":[[[[-99.6658,30.5781],[-99.4783,30.7384],[-98.887,30.3943],[-97.8259,30.219],[-98.4155,29.6696],[-99.355,29.7768],[-99.6658,30.5781]]]]}},{"type":"Feature","properties":{"id":167,"layer":"regions","color":"#d46954","areaPx":1867,"name":null,"heldBy":"White Legs Territory","heldEra":"<=2296","foldMargin":0.9471},"geometry":{"type":"MultiPolygon","coordinates":[[[[-114.3268,39.0768],[-114.1342,39.9381],[-113.709,39.9847],[-113.3328,40.1141],[-113.0209,40.0298],[-112.7546,39.1655],[-113.7036,39.1476],[-114.0079,38.9223],[-114.3268,39.0768]]]]}},{"type":"Feature","properties":{"id":168,"layer":"regions","color":"#8e4039","areaPx":1858,"name":null,"foldMargin":0.6932},"geometry":{"type":"MultiPolygon","coordinates":[[[[-90.0569,47.517],[-88.933,48.2523],[-89.111,47.5024],[-88.7657,47.7403],[-87.9934,47.2409],[-89.7759,46.9519],[-90.4821,47.4624],[-90.0569,47.517]]]]}},{"type":"Feature","properties":{"id":169,"layer":"regions","color":"#fec11b","areaPx":1835,"name":null,"heldBy":"White Legs Territory","heldEra":"<=2296","foldMargin":0.9319},"geometry":{"type":"MultiPolygon","coordinates":[[[[-112.1652,39.8934],[-111.2444,40.3925],[-110.7752,39.8917],[-110.7624,39.4975],[-111.2038,39.2518],[-112.3522,39.202],[-112.1652,39.8934]]]]}},{"type":"Feature","properties":{"id":171,"layer":"regions","color":"#3f203a","areaPx":1812,"name":null,"heldBy":"Chicagoan Military State","heldEra":"2290","foldMargin":0.8056},"geometry":{"type":"MultiPolygon","coordinates":[[[[-80.6724,41.9641],[-79.9732,42.2093],[-78.6091,43.0796],[-78.6051,42.5018],[-79.3622,41.5974],[-79.7439,41.8409],[-80.5943,41.7337],[-80.6724,41.9641]]]]}},{"type":"Feature","properties":{"id":173,"layer":"regions","color":"#d46954","areaPx":1723,"name":null,"heldBy":"New California Republic","heldEra":"2290","foldMargin":0.9514},"geometry":{"type":"MultiPolygon","coordinates":[[[[-117.6854,39.6645],[-117.0267,39.9563],[-116.7883,40.499],[-116.1816,39.7862],[-116.8943,39.2899],[-117.6276,39.1439],[-117.985,38.8143],[-118.1251,39.1332],[-117.6854,39.6645]]]]}},{"type":"Feature","properties":{"id":174,"layer":"regions","color":"#8e4039","areaPx":1602,"name":null,"heldBy":"Caesar's Legion","heldEra":"<=2296","foldMargin":0.9368},"geometry":{"type":"MultiPolygon","coordinates":[[[[-106.2561,39.6569],[-106.3757,39.0544],[-106.0984,38.5916],[-107.0736,38.5601],[-107.5708,38.8206],[-107.3904,39.3608],[-106.2561,39.6569]]]]}},{"type":"Feature","properties":{"id":175,"layer":"regions","color":"#2a7841","areaPx":1573,"name":"Hidalgoan Empire","heldBy":"Hidalgoan Empire","heldEra":"2290","nameAssumed":true,"foldMargin":1.234},"geometry":{"type":"MultiPolygon","coordinates":[[[[-99.8976,28.2767],[-100.0909,28.9694],[-99.3392,29.1963],[-98.6719,28.4165],[-99.1028,28.1113],[-99.543,28.2178],[-99.8976,28.2767]]]]}},{"type":"Feature","properties":{"id":176,"layer":"regions","color":"#f2b2c6","areaPx":1559,"name":null,"heldBy":"New California Republic","heldEra":"2290","foldMargin":1.0069},"geometry":{"type":"MultiPolygon","coordinates":[[[[-115.2875,38.1309],[-115.706,37.6778],[-115.4995,37.2145],[-116.2265,36.9618],[-116.4954,37.0592],[-116.5171,38.0796],[-115.2875,38.1309]]]]}},{"type":"Feature","properties":{"id":177,"layer":"regions","color":"#e9f607","areaPx":1492,"name":null,"heldBy":"New Mauretania","heldEra":"2290","foldMargin":1.0757},"geometry":{"type":"MultiPolygon","coordinates":[[[[-85.4875,34.1776],[-84.7239,34.8368],[-84.2086,34.8174],[-84.0377,34.6101],[-84.0397,34.3439],[-85.1491,33.7623],[-85.4875,34.1776]]]]}},{"type":"Feature","properties":{"id":178,"layer":"regions","color":"#fec11b","areaPx":1445,"name":"Houston Republic","heldBy":"Houston Republic","heldEra":"2290","nameAssumed":true,"foldMargin":1.1409},"geometry":{"type":"MultiPolygon","coordinates":[[[[-94.5652,31.5266],[-95.7222,31.5941],[-95.711,32.3733],[-94.674,32.3105],[-94.4212,32.2046],[-94.4298,31.5857],[-94.5652,31.5266]]]]}},{"type":"Feature","properties":{"id":179,"layer":"regions","color":"#2a7841","areaPx":1340,"name":null,"heldBy":"Caesar's Legion","heldEra":"<=2296","foldMargin":0.9665},"geometry":{"type":"MultiPolygon","coordinates":[[[[-106.0984,38.5916],[-105.4762,38.3841],[-105.8597,37.7509],[-106.9613,38.011],[-107.0736,38.5601],[-106.0984,38.5916]]]]}},{"type":"Feature","properties":{"id":180,"layer":"regions","color":"#f2b2c6","areaPx":1310,"name":null,"heldBy":"Whitelegs ('Palitsunee') Kingdom","heldEra":"2290","foldMargin":0.9387},"geometry":{"type":"MultiPolygon","coordinates":[[[[-110.7752,39.8917],[-110.5614,40.0561],[-109.8494,39.7867],[-109.6718,38.7587],[-110.1492,38.7905],[-110.7624,39.4975],[-110.7752,39.8917]]]]}},{"type":"Feature","properties":{"id":181,"layer":"regions","color":"#8e4039","areaPx":1308,"name":null,"heldBy":"80s Territory","heldEra":"<=2296","foldMargin":0.9314},"geometry":{"type":"MultiPolygon","coordinates":[[[[-116.7883,40.499],[-116.2296,41.1753],[-115.8566,40.9593],[-115.9563,40.5262],[-115.5326,40.0841],[-115.5436,40.0821],[-116.1816,39.7862],[-116.7883,40.499]]]]}},{"type":"Feature","properties":{"id":182,"layer":"regions","color":"#3f203a","areaPx":1253,"name":null,"heldBy":"New California Republic","heldEra":"2290","foldMargin":1.0318},"geometry":{"type":"MultiPolygon","coordinates":[[[[-115.4995,37.2145],[-115.0817,37.0826],[-115.1833,36.5025],[-115.9823,36.2981],[-116.2265,36.9618],[-115.4995,37.2145]]]]}},{"type":"Feature","properties":{"id":183,"layer":"regions","color":"#3f203a","areaPx":1253,"name":null,"foldMargin":1.1635},"geometry":{"type":"MultiPolygon","coordinates":[[[[-93.7811,30.7512],[-93.8006,30.9676],[-94.5652,31.5266],[-94.4298,31.5857],[-94.1623,31.6797],[-92.9696,31.0874],[-92.9251,30.9011],[-93.6698,30.7222],[-93.7811,30.7512]]]]}},{"type":"Feature","properties":{"id":184,"layer":"regions","color":"#a77fa5","areaPx":1252,"name":null,"foldMargin":1.0886},"geometry":{"type":"MultiPolygon","coordinates":[[[[-100.3606,33.4364],[-101.2233,33.0833],[-101.1926,33.5764],[-101.5016,33.8497],[-100.98,34.1094],[-100.2045,34.0396],[-100.3606,33.4364]]]]}},{"type":"Feature","properties":{"id":185,"layer":"regions","color":"#3f203a","areaPx":1243,"name":"Gullah land","foldMargin":1.158},"geometry":{"type":"MultiPolygon","coordinates":[[[[-81.0855,31.9004],[-80.5325,32.6672],[-80.3902,32.4342],[-80.865,32.0333],[-81.0773,31.7662],[-81.0855,31.9004]]]]}},{"type":"Feature","properties":{"id":186,"layer":"regions","color":"#3f203a","areaPx":1172,"name":null,"foldMargin":1.0867},"geometry":{"type":"MultiPolygon","coordinates":[[[[-97.8223,33.4125],[-98.166,33.5507],[-99.0483,34.0252],[-97.9702,34.1364],[-96.9898,33.8296],[-97.8223,33.4125]]]]}},{"type":"Feature","properties":{"id":187,"layer":"regions","color":"#8e4039","areaPx":1145,"name":null,"heldBy":"80s Territory","heldEra":"<=2296","foldMargin":0.9178},"geometry":{"type":"MultiPolygon","coordinates":[[[[-113.3945,40.9672],[-113.709,39.9847],[-114.1342,39.9381],[-114.2825,40.1818],[-114.0698,41.2178],[-113.8564,41.2974],[-113.3945,40.9672]]]]}},{"type":"Feature","properties":{"id":"ncr","layer":"macroTerritories","name":"New California Republic","foldMargin":0.7853},"geometry":{"type":"MultiPolygon","coordinates":[[[[-122.8223,47.5126],[-122.5873,47.0961],[-122.34,47.3601],[-122.4121,47.7297],[-122.1166,47.8949],[-121.5442,47.5192],[-121.1829,47.3918],[-120.2658,47.566],[-120.1066,47.3259],[-119.3338,47.2253],[-118.89,46.7567],[-118.4591,47.034],[-117.3533,47.1241],[-116.3907,46.0028],[-116.5721,45.3029],[-116.9756,44.8789],[-116.8103,43.8958],[-117.225,43.3899],[-117.1635,43.1172],[-117.8521,42.7967],[-118.2976,42.2872],[-118.0773,41.356],[-118.3623,41.2945],[-118.9377,40.5534],[-119.6191,40.5187],[-118.9963,39.7127],[-118.5251,39.6976],[-118.1251,39.1332],[-117.985,38.8143],[-117.092,38.6292],[-117.0223,38.2137],[-116.5171,38.0796],[-116.4954,37.0592],[-116.2265,36.9618],[-115.9823,36.2981],[-115.1833,36.5025],[-115.0826,36.4953],[-115.0559,35.2373],[-114.6885,34.6949],[-115.3676,33.7852],[-115.2594,33.3187],[-115.9362,32.6137],[-115.9268,32.2923],[-115.8863,30.9812],[-116.3065,30.9197],[-116.7215,31.6357],[-117.1277,32.5353],[-117.2959,33.0463],[-117.9439,33.6213],[-118.2503,33.6998],[-118.4665,33.8876],[-118.5199,34.0279],[-118.6403,34.0387],[-118.8528,34.2233],[-120.2978,34.8731],[-120.6974,34.945],[-120.7443,35.1569],[-121.404,35.84],[-121.4183,36.029],[-121.8172,36.3329],[-122.3572,37.2343],[-122.1791,37.518],[-122.5085,37.5304],[-122.5422,37.5861],[-122.512,37.7835],[-122.786,37.9886],[-122.9532,38.1137],[-123.7271,38.9517],[-123.8651,39.7671],[-124.398,40.3133],[-124.1788,41.1421],[-124.2137,41.9997],[-124.5328,42.7661],[-124.1421,43.7085],[-123.8989,45.5235],[-124.0796,46.8647],[-124.3957,47.7203],[-124.6872,48.1845],[-124.5661,48.3797],[-123.7358,48.1847],[-123.2471,47.3941],[-122.8223,47.5126]]]]}},{"type":"Feature","properties":{"id":"legion","layer":"macroTerritories","name":"Caesar's Legion","foldMargin":0.945},"geometry":{"type":"MultiPolygon","coordinates":[[[[-114.3602,36.3714],[-114.1434,36.5367],[-113.7958,36.0064],[-113.4125,36.4318],[-112.7932,36.6968],[-112.0244,36.2527],[-111.9085,36.8656],[-111.3711,37.318],[-110.9012,37.4223],[-110.5689,37.9123],[-110.1409,38.0003],[-109.5118,38.536],[-108.9729,38.96],[-107.7583,39.5081],[-107.3904,39.3608],[-107.5708,38.8206],[-107.0736,38.5601],[-106.9613,38.011],[-105.8597,37.7509],[-105.6356,36.8069],[-106.4899,35.8894],[-106.9266,35.2392],[-106.9215,34.7768],[-107.8608,33.2988],[-107.6243,32.7379],[-107.5008,32.542],[-108.659,32.6156],[-109.0261,32.0712],[-109.5211,31.972],[-110.181,32.1682],[-111.07,31.5595],[-112.6483,31.9159],[-112.8849,32.3722],[-113.3793,32.3655],[-114.3614,31.6851],[-114.7611,32.0323],[-115.4575,31.9608],[-115.9268,32.2923],[-115.9362,32.6137],[-115.2594,33.3187],[-115.3676,33.7852],[-114.6885,34.6949],[-115.0559,35.2373],[-115.0826,36.4953],[-114.3602,36.3714]]]]}},{"type":"Feature","properties":{"id":"brotherhood","layer":"macroTerritories","name":"Brotherhood of Steel","foldMargin":0.7062},"geometry":{"type":"MultiPolygon","coordinates":[[[[-93.0925,38.5261],[-92.8244,37.6375],[-92.9184,36.9074],[-92.4336,36.7402],[-92.2871,36.3295],[-91.736,36.097],[-92.5769,35.1123],[-93.456,35.3784],[-94.4547,35.2845],[-94.9824,34.8058],[-96.0707,35.0702],[-95.8804,35.4712],[-96.3473,35.9016],[-96.9112,35.792],[-97.7713,36.1853],[-98.5579,36.8307],[-98.5787,36.9057],[-98.9956,37.2434],[-99.4174,37.0694],[-100.5361,37.2097],[-100.9402,37.5898],[-101.5348,37.267],[-102.4621,37.018],[-103.6234,36.9303],[-103.6345,36.9296],[-104.7607,36.8064],[-105.6356,36.8069],[-105.8597,37.7509],[-105.4762,38.3841],[-104.3585,38.066],[-102.0889,38.5683],[-101.075,38.967],[-100.427,38.4897],[-98.4982,38.8526],[-97.493,39.5],[-97.0773,39.5515],[-97.0705,40.0073],[-96.0657,40.3901],[-95.8521,40.9353],[-95.6812,41.1514],[-95.3053,41.1715],[-93.9642,40.7266],[-93.34,40.2163],[-92.3339,40.3884],[-91.0817,41.1235],[-90.4894,41.146],[-89.919,40.9725],[-89.1567,41.0529],[-88.6327,41.4766],[-87.5821,41.8489],[-87.3694,40.6217],[-86.9616,40.6229],[-86.6878,41.1056],[-86.0313,41.4663],[-85.5842,40.8092],[-84.9385,40.5601],[-85.2092,39.9435],[-85.0521,39.2855],[-84.4812,38.6461],[-85.2564,37.7562],[-85.5351,37.9539],[-86.2746,37.6309],[-87.2696,37.7493],[-87.8587,38.2806],[-87.8593,38.5902],[-88.9154,38.835],[-89.5695,38.7091],[-90.0687,38.542],[-90.6731,38.7488],[-91.4006,38.7105],[-92.3008,39.5277],[-93.8429,39.2674],[-93.0925,38.5261]]],[[[-85.3455,42.5675],[-85.9005,43.3884],[-86.3449,43.7963],[-86.3995,44.4004],[-86.2052,45.4204],[-85.7578,45.7058],[-85.4172,46.3402],[-84.6567,46.2434],[-83.7804,45.8699],[-83.5728,45.257],[-84.1267,45.0636],[-84.909,44.0171],[-84.3492,43.5204],[-83.1777,43.0157],[-83.3368,41.9165],[-84.3558,41.8626],[-85.2566,42.0341],[-85.3455,42.5675]]]]}},{"type":"Feature","properties":{"id":"texas","layer":"macroTerritories","name":"Texas Commonwealth","foldMargin":0.9859},"geometry":{"type":"MultiPolygon","coordinates":[[[[-98.5579,36.8307],[-98.796,36.0802],[-98.105,35.5308],[-97.9502,35.1356],[-97.2182,34.9937],[-96.0707,35.0702],[-94.9824,34.8058],[-94.4547,35.2845],[-93.456,35.3784],[-92.5769,35.1123],[-92.2078,35.1088],[-91.562,34.6482],[-91.5878,34.4188],[-91.9397,33.7256],[-92.5485,33.7604],[-93.0803,33.4446],[-93.3757,33.0433],[-93.1919,32.0145],[-91.8911,31.3624],[-91.3825,31.3053],[-91.3505,30.9902],[-91.6135,30.7436],[-92.9251,30.9011],[-93.6698,30.7222],[-93.8922,29.8661],[-94.7848,29.5937],[-95.3243,30.0859],[-95.1976,29.4343],[-95.4013,29.3383],[-95.5687,29.2724],[-96.2543,28.9053],[-97.1987,28.993],[-97.1299,28.6397],[-97.8885,28.4448],[-98.3441,27.6749],[-98.6359,27.6599],[-99.1188,27.6122],[-99.6007,27.2427],[-100.0106,27.324],[-100.2567,27.1334],[-100.3638,27.7867],[-101.1731,28.5974],[-101.446,29.3174],[-102.3004,30.1061],[-102.262,30.4772],[-102.5584,30.6868],[-105.2503,30.4853],[-105.7336,30.6653],[-105.9941,31.0325],[-106.6245,31.5135],[-107.4047,32.5266],[-107.5008,32.542],[-107.6243,32.7379],[-107.8608,33.2988],[-106.9215,34.7768],[-105.9423,34.2991],[-105.6083,34.0981],[-104.5922,34.4596],[-104.0661,34.1762],[-104.4469,33.7412],[-104.2448,32.8616],[-104.4844,32.5755],[-105.8227,32.6379],[-105.3543,31.3923],[-104.7164,31.8766],[-103.4607,31.9859],[-103.3564,32.4375],[-102.1861,32.4887],[-101.8131,33.1043],[-101.2233,33.0833],[-101.1926,33.5764],[-101.5016,33.8497],[-101.7734,34.2944],[-102.4013,34.6596],[-103.108,34.6832],[-103.2104,35.004],[-102.5025,35.5707],[-102.6444,36.5943],[-103.5751,36.7508],[-103.6345,36.9296],[-103.6234,36.9303],[-102.4621,37.018],[-101.5348,37.267],[-100.9402,37.5898],[-100.5361,37.2097],[-99.4174,37.0694],[-98.9956,37.2434],[-98.5787,36.9057],[-98.5579,36.8307]],[[-100.0909,28.9694],[-99.8976,28.2767],[-99.543,28.2178],[-99.1028,28.1113],[-98.6719,28.4165],[-99.3392,29.1963],[-100.0909,28.9694]]]]}}],"_fitted":{"why":"Clipped to the shipped 1:10m coastline so no faction claims open ocean, then the land the clip orphaned was shared out to the nearest surviving territory by a Voronoi partition of their own boundaries. The artwork's shore is a stylised line rather than a tracing, so clipping alone would have left displaced coastal territories as slivers and the real land beneath them unowned. Regenerate with tools/fit-political-to-land.py; do not hand-edit.","source":"natural-earth-110m-land.geojson","reach_deg":1.0,"dropped_entirely_at_sea":["#84","#166"]}}
