{"type":"FeatureCollection","features":[{"type":"Feature","properties":{"id":"ncr","name":"New California Republic","layer":"edge"},"geometry":{"type":"MultiLineString","coordinates":[[[-123.96927434200619,40.06064658505184],[-123.758,40.0436],[-123.754,40.0935],[-124.01661734698274,40.11468063544949]],[[-124.06496293699537,40.16879441333818],[-123.75,40.1434],[-123.746,40.1934],[-124.16990141324584,40.22749610058315]],[[-124.26840678516915,40.32057196198407],[-123.9042,40.6702],[-123.9388,40.7063],[-124.28594015879614,40.373118831964284]],[[-124.30286303918395,40.42623360849929],[-123.9735,40.7424],[-124.0082,40.7785],[-124.30289096190369,40.49559667657247]],[[-123.98262351274754,41.42805529716189],[-123.9778,41.4261],[-123.959,41.4725],[-123.99161099495213,41.4857176997676]],[[-123.98840213671383,41.53842727924193],[-123.9402,41.5189],[-123.9214,41.5653],[-124.02298661703787,41.60648769716578]],[[-124.05376829750364,41.67298308396467],[-123.9026,41.6117],[-123.8838,41.6581],[-124.07065751505031,41.73382003877856]],[[-124.14541114313931,41.81812262796793],[-123.865,41.7045],[-123.8462,41.7509],[-124.13518844580688,41.868038134472634]],[[-124.12753377430191,41.91894631122851],[-123.8274,41.7973],[-123.8086,41.8437],[-124.12292941938648,41.97106025839267]],[[-124.14145749335366,42.032617894009704],[-123.7898,41.8901],[-123.771,41.9365],[-124.1011,42.0703],[-124.18246655277567,42.07944230930064]],[[-124.19775385704479,42.089810169635406],[-123.7591,42.1763],[-123.7688,42.2255],[-124.26066055866806,42.12841186161231]],[[-124.27242961025905,42.140757020623845],[-124.27648554351538,42.15052437009825]],[[-124.28384376298898,42.17490430192657],[-123.7785,42.2746],[-123.7882,42.3237],[-124.29882580039586,42.22293545703715]],[[-124.31685136520534,42.2704452498714],[-123.7979,42.3728],[-123.8076,42.4219],[-124.33263754081413,42.318396225913524]],[[-124.34568111163145,42.3831676748908],[-123.9329,42.4477],[-123.8145,42.459],[-123.8222,42.5157],[-124.3440991611936,42.44505267452136]],[[-124.32944791976234,42.497626883917185],[-123.856,42.5617],[-123.8281,42.5595],[-123.8356,42.615],[-124.31623792580989,42.54991694975293]],[[-124.31952309487838,42.6000433099892],[-123.8503,42.6635],[-123.8419,42.6617],[-123.8491,42.7143],[-124.32668337666495,42.64961137734707]],[[-124.3429640352035,42.69798061648653],[-123.8558,42.7639],[-123.8625,42.8135],[-124.39117093728467,42.741952983992704]],[[-124.41846840279385,42.78884416231107],[-123.8692,42.8632],[-123.8759,42.9128],[-124.45803425979734,42.833983722545256]],[[-124.4236432804217,42.88923697646073],[-123.8827,42.9625],[-123.8894,43.0121],[-124.39747801185398,42.94327562496329]],[[-124.37196371657757,42.99731381327012],[-123.8961,43.0617],[-123.9028,43.1113],[-124.35830606087964,43.049659203083756]],[[-124.33958490046112,43.1027897002662],[-123.9095,43.161],[-123.9163,43.2106],[-124.33258673753937,43.154234466635856]],[[-124.3187423874301,43.206704119557834],[-123.923,43.2603],[-123.9297,43.3099],[-124.24345352143503,43.26739702358965]],[[-124.0600942459558,43.37547364783419],[-123.9293,43.3596],[-123.9188,43.4082],[-124.11181429093523,43.45011755049142]],[[-124.13953485008062,43.50738966927926],[-123.9082,43.4572],[-123.8975,43.5061],[-124.14788333394968,43.56043002667654]],[[-124.12879999215802,43.607532340180576],[-123.8869,43.5551],[-123.8763,43.604],[-124.0295053630208,43.63727732849817]],[[-123.99599681212982,43.68125144802524],[-123.8657,43.653],[-123.855,43.7019],[-123.99285796945483,43.73180700052147]],[[-124.06566385644673,43.79884829870146],[-123.8444,43.7509],[-123.8338,43.7998],[-124.07544424715707,43.85221084818422]],[[-124.06826522088183,43.90199831440953],[-123.8232,43.8488],[-123.8125,43.8977],[-124.0583474618819,43.95109447582144]],[[-124.04000153237553,43.99835754207079],[-123.8019,43.9467],[-123.7913,43.9956],[-124.05173373675969,44.05214887397846]],[[-124.04506031503387,44.10196120043188],[-123.7807,44.0446],[-123.77,44.0935],[-124.03839075904153,44.15174467194609]],[[-124.03393870386367,44.20203851409092],[-123.7594,44.1425],[-123.7488,44.1914],[-124.03202667649673,44.25287074438216]],[[-124.02442907946826,44.30248124526833],[-123.7382,44.2404],[-123.7275,44.2893],[-123.97429919760819,44.34283725337666]],[[-123.94131336861359,44.38691775725639],[-123.7169,44.3382],[-123.7063,44.3872],[-123.94315562647866,44.438585867039684]],[[-123.97117047358013,44.495907158865776],[-123.6957,44.4361],[-123.685,44.4851],[-123.95507699088243,44.54366522332164]],[[-123.92952008599916,44.58943531551682],[-123.6744,44.534],[-123.6638,44.583],[-123.92839280318614,44.64045788430545]],[[-123.98160392265432,44.703243878378835],[-123.6532,44.6319],[-123.6425,44.6809],[-123.97987863633317,44.754128742742694]],[[-123.98084029908762,44.80558967907416],[-123.6319,44.7298],[-123.6213,44.7788],[-123.95901578666272,44.85210836274435]],[[-123.9397319239392,44.899151496836005],[-123.6107,44.8277],[-123.6,44.8767],[-123.93702783396272,44.94982613531137]],[[-123.92999330868176,44.999548151013315],[-123.5894,44.9256],[-123.5788,44.9746],[-123.925072471796,45.04973886316097]],[[-123.90381139977931,45.09635328962868],[-123.5682,45.0235],[-123.5575,45.0725],[-123.89169817381074,45.14498805460121]],[[-123.89038509098044,45.21935035203151],[-123.5469,45.1214],[-123.5456,45.1275],[-123.53,45.1685],[-123.8805048414404,45.30160870208625]],[[-123.87056462953525,45.35142546458666],[-123.5122,45.2154],[-123.4945,45.2622],[-123.84205594117067,45.39409174525056]],[[-123.81936309522428,45.4390858033373],[-123.4767,45.309],[-123.4589,45.3558],[-123.80441345754869,45.48698677290704]],[[-123.81304086959278,45.543866468020816],[-123.4411,45.4027],[-123.4234,45.4495],[-123.82878482426432,45.60340909468197]],[[-123.80774306893262,45.64902242106335],[-123.4056,45.4963],[-123.3878,45.5431],[-123.79118689945305,45.69626038139898]],[[-123.88353577274503,45.78439553557922],[-123.8824,45.7845],[-123.86390195834124,45.77747839753586]],[[-123.82345735084007,45.76212618020764],[-123.37,45.59],[-123.3522,45.6368],[-123.7855,45.8013],[-123.6908,45.8189],[-123.3345,45.6836],[-123.3167,45.7304],[-123.6086,45.8413],[-123.6314,45.8372],[-123.41245683709694,46.070963322846865]],[[-123.47977465353428,46.11407249906838],[-123.56818719716019,46.118287251789816]],[[-123.7683384073827,46.378602947891416],[-123.74483039818729,46.37748181503278]],[[-123.6505009887381,46.3729831014416],[-123.4244,46.3622],[-123.422,46.4122],[-123.76168879645452,46.428378350672105]],[[-123.79306426064781,46.4800248482612],[-123.4196,46.4622],[-123.4172,46.5123],[-123.8164,46.531327952819524]],[[-123.81781602885575,46.58148342239297],[-123.4149,46.5623],[-123.4125,46.6123],[-123.70349834223269,46.6261831600814]],[[-123.68406992952804,46.675454260255975],[-123.4101,46.6624],[-123.4077,46.7124],[-123.69999954196584,46.726310533418754]],[[-123.79112859042162,46.78079766293075],[-123.4053,46.7624],[-123.4029,46.8125],[-123.93399931419324,46.83779419582434]],[[-123.74849347666145,46.91193280524068],[-123.4005,46.8624],[-123.4001,46.8718],[-123.3886,46.9109],[-123.76159516773092,47.02016785392218]],[[-123.86094024749978,47.04927070726505],[-123.96730496245208,47.08042994240095]],[[-124.1142633008519,47.17574559840537],[-123.3746,46.959],[-123.3605,47.0071],[-124.12987155886066,47.23249661408896]],[[-124.14529608114378,47.27286356528775],[-124.1073,47.2781],[-123.3464,47.0551],[-123.3323,47.1032],[-123.9849,47.2944],[-123.8636,47.3111],[-123.3182,47.1513],[-123.3042,47.1993],[-123.741,47.3273],[-123.6201,47.3441],[-123.2901,47.2474],[-123.276,47.2955],[-123.4971,47.3602],[-123.3771,47.3773],[-123.2619,47.3436],[-123.2471,47.3941],[-123.23409410043153,47.397728058142334]],[[-122.8275215547021,47.511143422240586],[-122.8223,47.5126],[-122.8207078721096,47.50977820737722]],[[-122.31435280869881,47.784339164021716],[-122.2872,47.7995],[-122.29068234884994,47.805741440631046]],[[-122.26365702867183,47.84828274998186],[-122.2589,47.8516],[-122.2435,47.824],[-122.1998,47.8484],[-122.2213,47.887],[-122.18782299314734,47.90999023362171]],[[-122.17909275873696,47.914234097571196],[-122.156,47.8729],[-122.1166,47.8949],[-121.5442,47.5192],[-121.1829,47.3918],[-120.2658,47.566],[-120.1066,47.3259],[-119.3338,47.2253],[-118.89,46.7567],[-118.4591,47.034],[-117.3533,47.1241],[-116.3907,46.0028],[-116.5721,45.3029],[-116.9756,44.8789],[-116.8103,43.8958],[-117.225,43.3899],[-117.1635,43.1172],[-117.8521,42.7967],[-118.2976,42.2872],[-118.0773,41.356],[-118.3623,41.2945],[-118.9377,40.5534],[-119.6191,40.5187],[-118.9963,39.7127],[-118.5251,39.6976],[-118.1251,39.1332],[-117.985,38.8143],[-117.092,38.6292],[-117.0223,38.2137],[-116.5171,38.0796],[-116.4954,37.0592],[-116.2265,36.9618],[-115.9823,36.2981],[-115.1833,36.5025],[-115.0826,36.4953],[-115.0559,35.2373],[-114.6885,34.6949],[-115.3676,33.7852],[-115.2594,33.3187],[-115.9362,32.6137],[-115.9268,32.2923],[-115.91,32.2804],[-115.9026,32.2488],[-115.9254,32.2481],[-115.9239,32.198],[-115.8827,32.1993],[-115.8692,32.1945],[-115.8501,32.1502],[-115.9223,32.148],[-115.9208,32.0979],[-115.826,32.1009],[-115.8173,32.0942],[-115.7972,32.0517],[-115.9193,32.0479],[-115.9177,31.9979],[-115.7722,32.0024],[-115.7648,31.9949],[-115.7443,31.9532],[-115.9162,31.9478],[-115.9146,31.8978],[-115.7189,31.9038],[-115.712,31.8959],[-115.6913,31.8546],[-115.9131,31.8478],[-115.9115,31.7977],[-115.6657,31.8053],[-115.6592,31.797],[-115.6384,31.7561],[-115.91,31.7477],[-115.9084,31.6976],[-115.6126,31.7068],[-115.5763,31.6578],[-115.9069,31.6476],[-115.9053,31.5976],[-115.5392,31.6089],[-115.4915,31.5603],[-115.9038,31.5475],[-115.9022,31.4975],[-115.4431,31.5117],[-115.4421,31.5109],[-115.3948,31.4631],[-115.9007,31.4475],[-115.8992,31.3974],[-115.346,31.4145],[-115.2885,31.3662],[-115.8976,31.3474],[-115.8961,31.2973],[-115.2352,31.3177],[-115.1781,31.2694],[-115.8945,31.2473],[-115.893,31.1972],[-115.1244,31.221],[-115.0676,31.1727],[-115.8914,31.1472],[-115.8899,31.0972],[-115.0509,31.1231],[-115.0332,31.0736],[-115.8883,31.0471],[-115.8863,30.9812],[-116.13935593867713,30.944163017066533]],[[-118.73932943781497,34.11170946065599],[-118.7329,34.1191],[-118.7707,34.152],[-118.8130487810563,34.10323943768487]],[[-118.86835373158229,34.115942726959254],[-118.8085,34.1848],[-118.8462,34.2175],[-118.91000326617217,34.123290489792666]],[[-118.94006472776876,34.13032874071541],[-118.8906,34.2403],[-118.9363,34.2608],[-118.98757239744276,34.14666582297061]],[[-119.0348805877513,34.16359474544722],[-118.9819,34.2814],[-119.0276,34.3019],[-119.08218305990995,34.18047425385721]],[[-119.13004006679591,34.196066184871455],[-119.0732,34.3224],[-119.1189,34.343],[-119.17180681872036,34.225377400499376]],[[-119.19747782155547,34.29016192230494],[-119.1645,34.3635],[-119.2102,34.384],[-119.23328743397425,34.33267257167956]],[[-119.27873514263712,34.35378130066493],[-119.2559,34.4046],[-119.3015,34.4251],[-119.32079430591136,34.38217415577406]],[[-119.36564549643104,34.4045769514858],[-119.3472,34.4456],[-119.3928,34.4662],[-119.40731082245777,34.43392307552168]],[[-119.45319058610089,34.45402397459179],[-119.4385,34.4867],[-119.4842,34.5072],[-119.50110450012633,34.469574680779424]],[[-119.54552586047791,34.49274884305869],[-119.5298,34.5277],[-119.5755,34.5483],[-119.5975833955324,34.49918875056443]],[[-119.65435291882694,34.494896062213115],[-119.6211,34.5688],[-119.6668,34.5893],[-119.71288682592706,34.4868683126976]],[[-119.76465949354048,34.49375615563849],[-119.7124,34.6099],[-119.7581,34.6304],[-119.81830419745711,34.49659405128548]],[[-119.87280758606232,34.49732608831223],[-119.8038,34.6509],[-119.8494,34.6715],[-119.92047969964418,34.51352536754083]],[[-119.96822802352027,34.52933924626138],[-119.8951,34.692],[-119.9408,34.7125],[-120.01794594997452,34.54084592076188]],[[-120.07300047512823,34.54048966416878],[-119.9864,34.7331],[-120.0321,34.7536],[-120.12273844088766,34.55194799186709]],[[-120.17779375156569,34.55156083229374],[-120.0777,34.7741],[-120.1234,34.7947],[-120.2333843467683,34.55009975282033]],[[-120.28889787133217,34.54864069898323],[-120.169,34.8152],[-120.2147,34.8357],[-120.34673186420243,34.542200932458236]],[[-120.41909484073096,34.53277181733482],[-120.3559,34.8836],[-120.4052,34.8924],[-120.4606450802992,34.584236080862716]],[[-120.50696573492321,34.60968812449657],[-120.4545,34.9013],[-120.5038,34.9102],[-120.53363515742241,34.744367474753915]],[[-120.55457618916188,34.910241559700815],[-120.553,34.919],[-120.56276711701182,34.920763232077185]],[[-121.49915297038338,36.08653710194305],[-121.4972,36.0891],[-121.53592123503229,36.118578729182865]],[[-122.32850250939067,37.28004245699757],[-122.3046,37.318],[-122.32310312437053,37.32961862854618]],[[-122.90089120369491,38.29733648821023],[-122.8548,38.2899],[-122.8468,38.3393],[-122.95085800167205,38.356122569613376]],[[-123.0897583512378,38.51975404893652],[-122.9346,38.6466],[-122.9663,38.6854],[-123.13261269049511,38.54936721974165]],[[-123.18574272270865,38.57064238728887],[-122.998,38.7241],[-123.0297,38.7629],[-123.23158102041661,38.59780468229689]],[[-123.27342419511342,38.6282428432079],[-123.0613,38.8016],[-123.093,38.8404],[-123.3086871841294,38.66404526570194]],[[-123.3419016559946,38.701551350360354],[-123.1247,38.8791],[-123.1564,38.9179],[-123.37398794892219,38.74002149783947]],[[-123.41219625550727,38.773414299257375],[-123.1881,38.9567],[-123.2198,38.9954],[-123.45213100518433,38.80550048246548]],[[-123.4917480905996,38.83773758240089],[-123.2515,39.0342],[-123.2832,39.0729],[-123.53362925037077,38.86817586700035]],[[-123.57702087019965,38.89730506099941],[-123.3148,39.1117],[-123.3465,39.1505],[-123.61164603451279,38.93376476556779]],[[-123.6162133935558,38.99462882867753],[-123.3782,39.1892],[-123.4099,39.228],[-123.61406909420135,39.061062867612655]],[[-123.62952609365922,39.11306284076852],[-123.4416,39.2667],[-123.4733,39.3055],[-123.64755604823957,39.163047577400675]],[[-123.67210225381999,39.207617802794864],[-123.505,39.3442],[-123.5367,39.383],[-123.70073681850538,39.248878279770025]],[[-123.7167029159279,39.30049345816121],[-123.5684,39.4218],[-123.6,39.4605],[-123.73146237025806,39.35304197070737]],[[-123.73901885904134,39.411535000868724],[-123.6317,39.4993],[-123.6634,39.538],[-123.69784052623737,39.50984107917699]],[[-123.77392822143574,39.84614293758923],[-123.7701,39.8939],[-123.80508697027129,39.89672961174899]],[[-123.86373255811024,39.951654350397874],[-123.7661,39.9438],[-123.762,39.9937],[-123.9114339488999,40.00576002883989]]]}},{"type":"Feature","properties":{"id":"ncr","name":"New California Republic","layer":"band"},"geometry":{"type":"MultiPolygon","coordinates":[[[[-122.15559611067299,47.62232475054885],[-122.15861044778119,47.62118345128411],[-122.16164053768004,47.61884889587405],[-122.17994826959914,47.60741390907715],[-122.20710107829795,47.59225307309887],[-122.22644525402406,47.58266551221984],[-122.24663602755683,47.5750201788537],[-122.26747895070977,47.56939070174012],[-122.28877329473899,47.5658312958211],[-122.31031398347083,47.5643762401214],[-122.33189356829747,47.565039547622824],[-122.34509469804368,47.566750698551964],[-122.34,47.5989],[-122.3452,47.612],[-122.3594,47.6237],[-122.39364461865613,47.63509377330518],[-122.4037421636083,47.686855945487196],[-122.3847,47.709],[-122.3811,47.7202],[-122.38599211242746,47.7443595090648],[-122.3747,47.7507],[-122.379,47.7585],[-122.3386,47.7888],[-122.3309,47.7751],[-122.2872,47.7995],[-122.3002,47.8228],[-122.2589,47.8516],[-122.2435,47.824],[-122.1998,47.8484],[-122.2213,47.887],[-122.1798,47.9155],[-122.156,47.8729],[-122.1166,47.8949],[-121.5442,47.5192],[-121.1829,47.3918],[-120.2658,47.566],[-120.1066,47.3259],[-119.3338,47.2253],[-118.89,46.7567],[-118.4591,47.034],[-117.3533,47.1241],[-116.3907,46.0028],[-116.5721,45.3029],[-116.9756,44.8789],[-116.8103,43.8958],[-117.225,43.3899],[-117.1635,43.1172],[-117.8521,42.7967],[-118.2976,42.2872],[-118.0773,41.356],[-118.3623,41.2945],[-118.9377,40.5534],[-119.6191,40.5187],[-118.9963,39.7127],[-118.5251,39.6976],[-118.1251,39.1332],[-117.985,38.8143],[-117.092,38.6292],[-117.0223,38.2137],[-116.5171,38.0796],[-116.4954,37.0592],[-116.2265,36.9618],[-115.9823,36.2981],[-115.1833,36.5025],[-115.0826,36.4953],[-115.0559,35.2373],[-114.6885,34.6949],[-115.3676,33.7852],[-115.2594,33.3187],[-115.9362,32.6137],[-115.9268,32.2923],[-115.91,32.2804],[-115.9026,32.2488],[-115.9254,32.2481],[-115.9239,32.198],[-115.8827,32.1993],[-115.8692,32.1945],[-115.8501,32.1502],[-115.9223,32.148],[-115.9208,32.0979],[-115.826,32.1009],[-115.8173,32.0942],[-115.7972,32.0517],[-115.9193,32.0479],[-115.9177,31.9979],[-115.7722,32.0024],[-115.7648,31.9949],[-115.7443,31.9532],[-115.9162,31.9478],[-115.9146,31.8978],[-115.7189,31.9038],[-115.712,31.8959],[-115.6913,31.8546],[-115.9131,31.8478],[-115.9115,31.7977],[-115.6657,31.8053],[-115.6592,31.797],[-115.6384,31.7561],[-115.91,31.7477],[-115.9084,31.6976],[-115.6126,31.7068],[-115.5763,31.6578],[-115.9069,31.6476],[-115.9053,31.5976],[-115.5392,31.6089],[-115.4915,31.5603],[-115.9038,31.5475],[-115.9022,31.4975],[-115.4431,31.5117],[-115.4421,31.5109],[-115.3948,31.4631],[-115.9007,31.4475],[-115.8992,31.3974],[-115.346,31.4145],[-115.2885,31.3662],[-115.8976,31.3474],[-115.8961,31.2973],[-115.2352,31.3177],[-115.1781,31.2694],[-115.8945,31.2473],[-115.893,31.1972],[-115.1244,31.221],[-115.0676,31.1727],[-115.8914,31.1472],[-115.8899,31.0972],[-115.0509,31.1231],[-115.0332,31.0736],[-115.8883,31.0471],[-115.8863,30.9812],[-116.22991366818812,30.930909089496502],[-116.2497,30.9568],[-116.2682,30.9638],[-116.3073,30.9541],[-116.32734831255922,30.955669618776877],[-116.33812041522492,30.974254740484433],[-116.3404,30.9893],[-116.3261,31.0274],[-116.32040332952488,31.068709388894405],[-116.3158076630308,31.075558561026803],[-116.30207898427784,31.092221148995947],[-116.28678319364228,31.1074578562178],[-116.27006759794948,31.121121944872588],[-116.25209317752362,31.133081822317017],[-116.23303303585922,31.143222308393355],[-116.21307073253985,31.151445744677343],[-116.19239851545898,31.15767293498217],[-116.17121546936767,31.161843908061076],[-116.11131671232022,31.170610622859787],[-116.11290146105874,31.190616123920428],[-116.11440146105873,31.24071612392043],[-116.11398875887735,31.262289487198608],[-116.11362072123465,31.26541411452837],[-116.11429561565458,31.26918108627415],[-116.11600146105874,31.29071612392043],[-116.11750146105874,31.34081612392043],[-116.11708877434205,31.362389260749776],[-116.11672072304218,31.365514045654013],[-116.11739553828919,31.369280485944984],[-116.11910146105873,31.390816123920366],[-116.12060146105874,31.440916123920367],[-116.1201887471271,31.46248965925482],[-116.1197869639293,31.46590075069873],[-116.1203408477529,31.468959317778964],[-116.12208744643375,31.490463601714072],[-116.12368744643376,31.540463601714073],[-116.12331744824466,31.562063307184587],[-116.12287123689958,31.56591404024588],[-116.123440962156,31.56906019219309],[-116.12518744643377,31.590563601714138],[-116.12678744643377,31.64056360171414],[-116.1264172733083,31.66216594381715],[-116.12597819239699,31.66595454540443],[-116.12654224822337,31.669070023833708],[-116.12828789495795,31.69057763209717],[-116.12988789495795,31.740677632097167],[-116.12951646972047,31.762278049302243],[-116.12907841189416,31.76605614441237],[-116.12964257358257,31.769172511663733],[-116.13138789495795,31.790677632097168],[-116.13298789495795,31.84077763209717],[-116.13261622429617,31.862381744434536],[-116.13217860907946,31.866155189403496],[-116.13274133050825,31.86926300779537],[-116.13448744643375,31.890763601714074],[-116.13608744643376,31.940763601714075],[-116.13571778305025,31.96235825967291],[-116.13527117576355,31.966213572575004],[-116.13584085175465,31.96935934836497],[-116.13758744643376,31.990863601714075],[-116.13918744643377,32.04086360171407],[-116.1388175179656,32.06246225622014],[-116.13837259354094,32.06630212453177],[-116.13899424844821,32.069770479134554],[-116.14070146105874,32.09131612392037],[-116.14220146105875,32.14141612392037],[-116.14178840523401,32.16299466464571],[-116.14142089585152,32.16611385705263],[-116.14209441032934,32.169871734837756],[-116.14380146105874,32.191416123920426],[-116.14530146105874,32.24151612392043],[-116.14488862134476,32.26309150093143],[-116.14486964944673,32.26325255263574],[-116.14488482503855,32.263334346409756],[-116.14670596746627,32.285868400453694],[-116.15610596746627,32.6072684004537],[-116.1556606007882,32.62909625609309],[-116.15305393880578,32.65077248608361],[-116.14831165248812,32.67208361823968],[-116.14148044489315,32.692819775937934],[-116.13262759122583,32.712776745027384],[-116.1218402762974,32.73175798497443],[-116.10922473591067,32.74957656443641],[-116.0949052106268,32.76605700220174],[-115.50063757988528,33.38508578422416],[-115.58191095732494,33.73549272115208],[-115.58570534145238,33.756389237602264],[-115.58746710208511,33.77755425473272],[-115.58717982056952,33.79879052606246],[-115.58484617421352,33.81990014106],[-115.58048791133552,33.840686369562206],[-115.57414564858189,33.86095549519267],[-115.5658784924018,33.880518620693294],[-115.5557634882072,33.89919342834433],[-115.54389490235145,33.916805879066594],[-114.95841542375813,34.701094911133076],[-115.23804714182529,35.11392083350551],[-115.2490021420606,35.131888602458716],[-115.25819028661624,35.15082086991235],[-115.26552750534562,35.17054440845463],[-115.27094666379621,35.19087875066181],[-115.27439817747981,35.2116378403481],[-115.27585046556312,35.23263173495187],[-115.29736336157309,36.24623559939106],[-115.9277755204956,36.08496370291577],[-115.9488719486375,36.08065445421415],[-115.97028858774718,36.07842814022799],[-115.99182028549129,36.078306087062984],[-116.01326078737723,36.08028946387977],[-116.03440471248754,36.08435927169444],[-116.05504952084618,36.090476525371884],[-116.07499745357116,36.09858262706866],[-116.09405742722859,36.10859992754818],[-116.1120468642418,36.12043246999122],[-116.12879344182197,36.13396690917688],[-116.14413674266702,36.14907359722878],[-116.15792979161647,36.165607825526365],[-116.17004046354273,36.183411210884586],[-116.18035274899205,36.20231321272383],[-116.18876786545187,36.222132766696774],[-116.39763385097419,36.78980006641488],[-116.57032400665483,36.85235127936874],[-116.59063344915859,36.86088058551579],[-116.60998815170338,36.87139809508632],[-116.62819407839028,36.88379836732665],[-116.6450687100955,36.89795708630036],[-116.66044287427174,36.913732307187736],[-116.67416244094676,36.93096587931928],[-116.68608986791622,36.94948503167709],[-116.69610557963983,36.969104104968984],[-116.70410916601712,36.989626412910944],[-116.7100203890246,37.01084621405797],[-116.71377998712276,37.03255077441528],[-116.71535026936826,37.05452250015161],[-116.73353089504178,37.90943081523307],[-117.07874211538571,38.00106348476617],[-117.09874604000028,38.00740893628595],[-117.1180543344682,38.01563155872135],[-117.13649130058832,38.02565652930786],[-117.15388916891902,38.037392624592165],[-117.17008962541686,38.05073305053127],[-117.18494525203468,38.065556414277985],[-117.19832086817027,38.08172782881007],[-117.21009476075892,38.099100140351304],[-117.2201597918164,38.117515267415406],[-117.22842437335424,38.13680563928791],[-117.23481330079589,38.156795720856536],[-117.23926843731002,38.177303609914546],[-117.28406272900163,38.44433414359986],[-118.02965220133282,38.59887906110099],[-118.04993705389406,38.604102047984384],[-118.06963324020748,38.611230517674414],[-118.08856221074865,38.62019984929204],[-118.1065523709441,38.6309287342088],[-118.12344063670757,38.64331991312436],[-118.13907391282696,38.657261057739845],[-118.1533104808004,38.67262578903436],[-118.16602128354033,38.6892748229139],[-118.17709109529955,38.70705723284705],[-118.18641956621366,38.7258118180416],[-118.31752433307126,39.02423658714144],[-118.64139190988365,39.48121373802374],[-119.0033464676828,39.49281287601772],[-119.02480014171057,39.49455385191923],[-119.04598100865663,39.49838295126411],[-119.066686322494,39.50426352141294],[-119.08671788925223,39.512139272779606],[-119.10588396415599,39.52193481764258],[-119.1240010870311,39.533556391766055],[-119.1408958384093,39.546892751923465],[-119.15640649952208,39.561816240732185],[-119.17038460029386,39.57818400860668],[-119.79318460029386,40.38418400860668],[-119.80562642313149,40.40204712402271],[-119.81624194476488,40.42105240087785],[-119.82492722742684,40.44101375636718],[-119.83159723253722,40.461735746612256],[-119.8361866533252,40.48301548027413],[-119.83865055425527,40.50464460508528],[-119.83896481099606,40.526411347850114],[-119.83712634662449,40.548102587940164],[-119.83315316175214,40.569505943982136],[-119.8270841582793,40.590411853307884],[-119.81897875850213,40.61061562380603],[-119.80891632330216,40.62991943808549],[-119.79699537511507,40.64813429032783],[-119.78333263328638,40.66508183686449],[-119.76806187125922,40.68059614235971],[-119.75133260678344,40.69452530450211],[-119.73330863797058,40.706732941297275],[-119.71416643952807,40.717099526399274],[-119.6940934348755,40.725523559406504],[-119.6732861610608,40.731922559663595],[-119.651948344444,40.73623387383874],[-119.63028890598933,40.73841528936959],[-119.04961815381635,40.76798569603294],[-118.5360723196586,41.42941916439287],[-118.52177646232907,41.44604952313685],[-118.50589592176404,41.46117396693167],[-118.4885884994725,41.47464220743897],[-118.47002617557965,41.48632041365554],[-118.45039339989741,41.49609254176312],[-118.42988525908645,41.503861488230804],[-118.40870553812205,41.50955005471193],[-118.34305076435818,41.523717663787295],[-118.51169041072002,42.23655124840891],[-118.51553182315632,42.257104810089274],[-118.51740462074922,42.277930226686074],[-118.51729188620281,42.29883937870562],[-118.51519463786721,42.31964339025804],[-118.5111318205397,42.34015433520501],[-118.50514013433306,42.360186934728176],[-118.49727370315742,42.37956023098393],[-118.48760358580974,42.39809922172605],[-118.4762171340878,42.41563644113046],[-118.46321720372674,42.432013472542224],[-118.01771720372673,42.941513472542226],[-118.00176079894857,42.95795025661398],[-117.98418170399538,42.97263869236094],[-117.96517051937755,42.985419521109215],[-117.94493337297033,42.9961541673241],[-117.4171285576909,43.24181411983217],[-117.43961010302505,43.34150058182603],[-117.44339487615146,43.36337306895272],[-117.44495630731168,43.38551561021287],[-117.44427850054933,43.407702786209796],[-117.44136835619214,43.4297087231484],[-117.43625550060402,43.45130939231536],[-117.42899198457752,43.47228489077567],[-117.41965175343725,43.4924216800672],[-117.40832989424857,43.51151476010258],[-117.39514166779558,43.52936975614712],[-117.04383557524623,43.957934386532266],[-117.19255454930955,44.842420916487775],[-117.19515576759179,44.86492627761892],[-117.19542870757039,44.88757982303599],[-117.19337047485438,44.91014132330264],[-117.18900289596479,44.93237152507497],[-117.18237228687536,44.9540346882627],[-117.173548961855,44.97490108593409],[-117.1626264878204,44.994749440454264],[-117.14972069210596,45.01336927002309],[-117.13496843417332,45.03056312072862],[-116.77076276064993,45.41327242822284],[-116.63250391444977,45.94671987285064],[-117.44719067092313,46.895720766299185],[-118.38635003169269,46.819198557576684],[-118.77094437599871,46.571697950298756],[-118.78979011849107,46.56084806703031],[-118.80961494046454,46.551911713705394],[-118.83022514768341,46.544976201076665],[-118.85141937247127,46.540109291105345],[-118.87299054113147,46.537358534907334],[-118.89472789711682,46.53675080816504],[-118.91641906018202,46.53829204854425],[-118.93785210139991,46.541967197681366],[-118.9588176137683,46.54774034830802],[-118.97911075817693,46.55555509507539],[-118.99853326474462,46.565335085650815],[-119.01689536997335,46.57698476670209],[-119.03401767079241,46.59039031748113],[-119.04973287737818,46.60542076188555],[-119.43975377824039,47.01723643143046],[-120.13499910461003,47.1077406755205],[-120.15558525334338,47.11142285680081],[-120.17572876568138,47.117043078268],[-120.19524762252483,47.124550554953096],[-120.21396544923348,47.133877448431456],[-120.23171310936777,47.14493947981858],[-120.2483302330251,47.15763669132384],[-120.2636666659608,47.17185434948055],[-120.27758382639914,47.18746398189087],[-120.2899559572743,47.20432453811716],[-120.36836862305071,47.32258384121337],[-121.1418458035827,47.17566450324732],[-121.16479958989413,47.172545866278426],[-121.18795405223717,47.171858060943386],[-121.21105248120082,47.173608712817774],[-121.23383878860622,47.177778412735236],[-121.25606034671073,47.184320931973446],[-121.61736034671073,47.31172093197344],[-121.64185238911186,47.32206042786709],[-121.66491845379235,47.335278671943726],[-122.12577136398488,47.63776371450021],[-122.13624826959914,47.63191390907715],[-122.15559611067299,47.62232475054885]]],[[[-122.35330422602041,47.567814830311534],[-122.37433976030154,47.57267536069811],[-122.38197027413267,47.57524858972863],[-122.38575341591537,47.59464178255647],[-122.3779,47.5962],[-122.35070269861141,47.56747761629056],[-122.35330422602041,47.567814830311534]]],[[[-120.63035546599673,35.13012372281384],[-120.6095090930226,35.135740411514],[-120.58821256926771,35.1392867524577],[-120.5666709918977,35.140728592443025],[-120.54509181807846,35.14005204576274],[-120.52368286705025,35.13726362793119],[-120.51391575003844,35.135500395854],[-120.49289044058762,35.13062901707291],[-120.48986309456235,35.12960621290793],[-120.48613287824415,35.12948947263575],[-120.46471575003851,35.12670039585402],[-120.4154157500385,35.11780039585402],[-120.3943910298568,35.11292918444374],[-120.3910925067689,35.11181477708609],[-120.38793677087493,35.11172163805739],[-120.3665412642109,35.10897678118208],[-120.3172412642109,35.10017678118208],[-120.29617826178162,35.095338787151],[-120.27569156950831,35.08845753019613],[-120.2559788823873,35.07959941391501],[-120.23723042632508,35.06884991844482],[-120.21962712247297,35.05631277558566],[-120.21858219197881,35.05540156882408],[-120.20826877386548,35.05560597838715],[-120.18675967638481,35.053918556306016],[-120.16551929592924,35.05013240974048],[-120.1447519125897,35.044283952085586],[-120.12465725739101,35.036429431084365],[-120.07895725739101,35.01592943108436],[-120.05970379429489,35.006130195145936],[-120.05663463497208,35.00416716739354],[-120.05309831296829,35.003165039756055],[-120.03299205062703,34.99526520807502],[-119.98729205062702,34.97466520807502],[-119.96807832931844,34.964843517103425],[-119.96532937004172,34.963078897847375],[-119.9621559787617,34.96218531562173],[-119.94205725739104,34.954329431084375],[-119.89635725739105,34.933829431084376],[-119.87710561295071,34.92403123620697],[-119.87379242547782,34.9219121952736],[-119.870856549766,34.92108550709329],[-119.85075725739104,34.913229431084375],[-119.80505725739104,34.892729431084376],[-119.78580602021506,34.88293146933591],[-119.78279844624366,34.88100790555227],[-119.77893463687819,34.87990977088446],[-119.75882736099446,34.871990890225895],[-119.71322736099445,34.85139089022589],[-119.69403582013004,34.84156154519849],[-119.69148784107372,34.83992338298128],[-119.68815102170471,34.8389836533275],[-119.66805725739104,34.83112943108438],[-119.62235725739104,34.81062943108438],[-119.60310223814719,34.80082930433531],[-119.59979166902444,34.798711814358995],[-119.59685112142215,34.79788368676793],[-119.57675725739104,34.79002943108438],[-119.53105725739104,34.76952943108438],[-119.5118023081305,34.75972934439734],[-119.50873448746287,34.75776712237342],[-119.50519819088487,34.756764998585226],[-119.48509205062706,34.748865208075024],[-119.43939205062705,34.72826520807503],[-119.42017676459828,34.71844261783897],[-119.41742938094232,34.71667896227245],[-119.41425808573001,34.71578602213056],[-119.39415725739104,34.707929431084374],[-119.34845725739105,34.687429431084375],[-119.3292059293471,34.67763141732076],[-119.32619870757061,34.67570807576662],[-119.32233865749498,34.674611130250746],[-119.30222736099442,34.66669089022588],[-119.25662736099443,34.64609089022588],[-119.23743291618999,34.63625987336575],[-119.23487162097163,34.63461306713497],[-119.23139591153608,34.63363157262305],[-119.21129296357675,34.625755651751284],[-119.16569296357675,34.605255651751285],[-119.14646178662717,34.595448834038265],[-119.1433527869935,34.59345722772601],[-119.14025242770845,34.59258412482861],[-119.12015725739104,34.58472943108438],[-119.07445725739105,34.56422943108438],[-119.05520508105813,34.55443093173577],[-119.05213463283407,34.552467123342055],[-119.04859666456728,34.55146448385046],[-119.02849205062701,34.54356520807501],[-118.98279205062701,34.52296520807501],[-118.96357694839215,34.513142723468505],[-118.96082919565012,34.51137883657893],[-118.9576555609407,34.510485175515136],[-118.93755725739103,34.50262943108437],[-118.89185725739102,34.48212943108437],[-118.87260446778885,34.47233058067968],[-118.86929251345326,34.470212286448096],[-118.86635869420503,34.46938622616006],[-118.84625725739102,34.461529431084365],[-118.80055725739102,34.44102943108436],[-118.78130380669946,34.43123020224681],[-118.76847551416908,34.42302525548525],[-118.75724470354547,34.418713705379844],[-118.73771384547355,34.40889162540734],[-118.71925423813052,34.397179641427115],[-118.70204816162307,34.38369340387799],[-118.66434816162307,34.35099340387799],[-118.64874241398668,34.336053144467144],[-118.64642523094537,34.33335147873369],[-118.64323767165563,34.33131356572504],[-118.62626461483487,34.317947038274866],[-118.58846461483486,34.28504703827487],[-118.57289668646962,34.270093177525666],[-118.55886921428652,34.25368560704602],[-118.54651724990273,34.23598229321065],[-118.53595971372984,34.21715367736003],[-118.52729825004947,34.19738103485059],[-118.52061624841764,34.17685472979868],[-118.51597804081906,34.15577238232112],[-118.51342828230128,34.134336965917576],[-118.51299152105135,34.1127548533124],[-118.51467196205446,34.09123382956986],[-118.51845342660988,34.06998109161193],[-118.52429950809373,34.0492012533985],[-118.53114139986697,34.03168637925927],[-118.5441,34.0389],[-118.5573,34.0379],[-118.5706,34.0411],[-118.5826,34.0365],[-118.6034,34.0388],[-118.60894353716587,34.03588729403149],[-118.6403,34.0387],[-118.668,34.0412],[-118.6573,34.0535],[-118.6951,34.0863],[-118.7296,34.0467],[-118.7911,34.0522],[-118.7329,34.1191],[-118.7707,34.152],[-118.8526,34.0577],[-118.9142,34.0632],[-118.8085,34.1848],[-118.8462,34.2175],[-118.9486,34.0663],[-118.9681,34.068],[-118.8906,34.2403],[-118.9363,34.2608],[-119.02052936375686,34.073302445885595],[-119.0383,34.0836],[-119.0609,34.0855],[-119.06827473943889,34.08934101012442],[-118.9819,34.2814],[-119.0276,34.3019],[-119.11593856338673,34.10538159318823],[-119.11731032277407,34.10563680423704],[-119.1572,34.1357],[-119.0732,34.3224],[-119.1189,34.343],[-119.1982,34.1667],[-119.2391,34.1976],[-119.1645,34.3635],[-119.2102,34.384],[-119.26889553935351,34.25350948761754],[-119.2693,34.255],[-119.2812,34.2687],[-119.2899,34.2746],[-119.3044,34.2724],[-119.31320864886513,34.27706188726488],[-119.2559,34.4046],[-119.3015,34.4251],[-119.35431078070414,34.30760692425161],[-119.3709,34.3197],[-119.3915,34.3184],[-119.39970526889303,34.328827529218216],[-119.3472,34.4456],[-119.3928,34.4662],[-119.44289585932366,34.35477004675157],[-119.4432,34.3548],[-119.4602,34.374],[-119.4702,34.3758],[-119.4778,34.3726],[-119.48703076025666,34.37875384017111],[-119.4385,34.4867],[-119.4842,34.5072],[-119.53445417156493,34.39534639692594],[-119.5368,34.3956],[-119.5632,34.4148],[-119.5759,34.4119],[-119.58109623788225,34.413692702069376],[-119.5298,34.5277],[-119.5755,34.5483],[-119.63495296143807,34.41608259644968],[-119.6385,34.4152],[-119.6781,34.4144],[-119.6877,34.4109],[-119.6909,34.4035],[-119.6967252360857,34.400724446335644],[-119.6211,34.5688],[-119.6668,34.5893],[-119.75027985514427,34.40375928969547],[-119.7876,34.4172],[-119.79921222369109,34.416964617087345],[-119.7124,34.6099],[-119.7581,34.6304],[-119.85794015357295,34.40850174318575],[-119.8786,34.4066],[-119.8904,34.4191],[-119.9006,34.4204],[-119.90589418972102,34.42369303666858],[-119.8038,34.6509],[-119.8494,34.6715],[-119.95545861236691,34.435784734014526],[-119.9571,34.4359],[-119.9759,34.4472],[-119.9895,34.4498],[-120.00113017611588,34.456154047438915],[-119.8951,34.692],[-119.9408,34.7125],[-120.05348241579186,34.46177528489224],[-120.0914,34.4588],[-120.10735521128278,34.464080415162634],[-119.9864,34.7331],[-120.0321,34.7536],[-120.1586571656482,34.47203616961375],[-120.21421921201011,34.470575840485346],[-120.0777,34.7741],[-120.1234,34.7947],[-120.26979907033322,34.469115043207765],[-120.2932,34.4685],[-120.32692142116304,34.464105996636334],[-120.169,34.8152],[-120.2147,34.8357],[-120.3847,34.4578],[-120.4196,34.4799],[-120.4277,34.485],[-120.3559,34.8836],[-120.4052,34.8924],[-120.4733,34.5139],[-120.519,34.5428],[-120.4545,34.9013],[-120.5038,34.9102],[-120.5647,34.5717],[-120.6103,34.6006],[-120.553,34.919],[-120.6023,34.9279],[-120.61636895295588,34.84971239592002],[-120.6156,34.858],[-120.6222,34.8673],[-120.6326,34.8714],[-120.6402,34.8792],[-120.6446,34.8951],[-120.655,34.9012],[-120.65811137028865,34.90060735804026],[-120.6516,34.9368],[-120.6631860693951,34.93887436176943],[-120.6337,35.0351],[-120.6307,35.0739],[-120.6357,35.1086],[-120.64093480714098,35.126125223906726],[-120.63035546599673,35.13012372281384]]],[[[-120.63431445579894,34.749981031709],[-120.6402,34.7585],[-120.6299,34.7819],[-120.62633451364526,34.794329218788015],[-120.63431445579894,34.749981031709]]],[[[-121.72318587176541,36.23404281809891],[-121.7109666815486,36.25184197112867],[-121.69706170799226,36.26835772628939],[-121.68160486359298,36.283431027830446],[-121.66474500621189,36.296916711618096],[-121.64664450549209,36.30868490314543],[-121.62747767915027,36.31862226829491],[-121.60742911420175,36.32663310480781],[-121.58669188928666,36.33264026394935],[-121.56546571521702,36.33658589349316],[-121.54395501165256,36.338431994869815],[-121.52236693842752,36.338160789113886],[-121.50090940048833,36.335774888085055],[-121.47978904565521,36.331297269314504],[-121.45920927449076,36.324771054718695],[-121.43936828144136,36.31625909531179],[-121.42045714611625,36.30584336591598],[-121.40265799308649,36.29362417569917],[-121.36393675805421,36.26414544651631],[-121.34741647838294,36.25023626733914],[-121.33233952048067,36.234774370747424],[-121.31885116669433,36.217908748377226],[-121.30708139149934,36.19980191823888],[-121.2971436090588,36.180628358685055],[-121.28913358035884,36.16057282712826],[-121.28312849045071,36.139828579708926],[-121.27918620469165,36.11859550906915],[-121.27734471115136,36.097078218176925],[-121.27762175455692,36.0754840487613],[-121.28001466530372,36.05402108335674],[-121.28450038517994,36.032896140209075],[-121.29103568955661,36.0123127803642],[-121.29955760390239,35.9924693461432],[-121.30998401060945,35.97355704990561],[-121.32221444028296,35.9557581315171],[-121.32416741066633,35.95319523346015],[-121.33807980259968,35.9366857268405],[-121.35354341719034,35.92161937088019],[-121.37040933137652,35.90814126282321],[-121.38851511718478,35.89638120421804],[-121.40768640600014,35.88645245085775],[-121.42773856783121,35.87845062206481],[-121.43819965767462,35.87542534704928],[-121.46278204906916,35.900910331648376],[-121.4627,35.9037],[-121.4722,35.9136],[-121.47473813705854,35.923381809113245],[-121.4107,35.9282],[-121.4145,35.9781],[-121.48751522842639,35.97262385786802],[-121.49,35.9822],[-121.5067,36.0033],[-121.5226,36.0101],[-121.552272159901,36.01682838092993],[-121.4972,36.0891],[-121.537,36.1194],[-121.59098326252968,36.04858613489059],[-121.5927,36.0506],[-121.5945,36.0642],[-121.6064,36.0715],[-121.6182,36.0844],[-121.6211878463036,36.09154593240945],[-121.5768,36.1498],[-121.6167,36.1801],[-121.6511320146712,36.13486578464763],[-121.6779,36.1627],[-121.68770347814409,36.169478186060566],[-121.6565,36.2105],[-121.6963,36.2408],[-121.7289253411306,36.19797923976608],[-121.7291,36.1981],[-121.73868998472837,36.20327089042715],[-121.73360160116121,36.2151316827738],[-121.72318587176541,36.23404281809891]]],[[[-122.45046403286105,37.509004243879374],[-122.44406072062358,37.513093295120086],[-122.44631569993666,37.45314488281601],[-122.4492,37.4767],[-122.4632,37.4966],[-122.46523717653264,37.49738450276412],[-122.45046403286105,37.509004243879374]]],[[[-122.39290701944952,37.538250879724664],[-122.37212135797434,37.54408823658975],[-122.35086362411346,37.54786013388836],[-122.32933854146462,37.549530246187594],[-122.30775340834053,37.549082489393015],[-122.28631610137283,37.54652117564733],[-122.26523307354643,37.54187097180207],[-122.24470736594445,37.53517666186232],[-122.2249366523516,37.52650271569229],[-122.20611133554753,37.51593266813524],[-122.187608211177,37.50431403958906],[-122.16989565097177,37.49193889258266],[-122.15348248413093,37.47788588554829],[-122.13852703635244,37.46229057746546],[-122.12517357179514,37.44530340475278],[-122.11355090146895,37.42708823011891],[-122.10377114069017,37.40782076190009],[-122.09592862758782,37.38768685913155],[-122.09009901309345,37.366880738702676],[-122.08633853119241,37.34560310189016],[-122.08468345647617,37.32405919834096],[-122.0851497542281,37.302456846180604],[-122.08773292641817,37.28100442734519],[-122.09240805509218,37.25990887747478],[-122.09913004273679,37.2393736897581],[-122.10783404730194,37.21959695198406],[-122.11843610768426,37.20076943573514],[-122.14233861707494,37.16281189273271],[-122.15472565176867,37.14512913758461],[-122.1687862525974,37.12874567145358],[-122.18438500828883,37.11381927607457],[-122.20137169429852,37.100493700794686],[-122.2195827195543,37.08889727818837],[-122.23884270192784,37.079141688144574],[-122.25896615726026,37.07132088232836],[-122.25947861561264,37.07117767428375],[-122.3572,37.2343],[-122.40523238149974,37.314411769866005],[-122.40445183737206,37.321578584129306],[-122.3313,37.2756],[-122.3046,37.318],[-122.4156,37.3877],[-122.3982,37.3998],[-122.3934,37.5261],[-122.41954024328545,37.52709134655174],[-122.4130204312564,37.530404280230734],[-122.39290701944952,37.538250879724664]]],[[[-123.57237140848025,42.366338234984596],[-123.56267140848024,42.31723823498459],[-123.55953105477055,42.2958744218512],[-123.55936374306138,42.29237373837149],[-123.55816629825682,42.289009398438075],[-123.55295494562888,42.26805481763005],[-123.54325494562889,42.21885481763005],[-123.5401232181362,42.19749360763471],[-123.53910031400943,42.17592829574963],[-123.5401960841748,42.15436656350711],[-123.54339997598049,42.13301605796624],[-123.54868113482249,42.112082391998726],[-123.55598870128512,42.09176716416472],[-123.56525230093521,42.07226601724778],[-123.57638272205257,42.05376675414614],[-123.58119710395313,42.047298094581514],[-123.57777790130358,42.041691352189],[-123.56839849629812,42.02224748216556],[-123.56096991488276,42.00197796076272],[-123.55556368590406,41.98107796057194],[-123.55223186523934,41.95974872498313],[-123.55100653455746,41.938195630438145],[-123.55189949240857,41.91662620888769],[-123.55490214061737,41.8952481494931],[-123.55998556707388,41.874267298814296],[-123.56710082412437,41.85388567874006],[-123.58590082412437,41.80748567874006],[-123.59498083526154,41.78789680508609],[-123.59675949253457,41.78487656992243],[-123.59758506302117,41.78146900794765],[-123.60470082412438,41.76108567874005],[-123.62350082412438,41.714685678740054],[-123.63258101218251,41.695096467841026],[-123.6343595821723,41.69207639882217],[-123.63518558963133,41.68866722232808],[-123.64230082412438,41.668285678740055],[-123.66110082412438,41.62188567874006],[-123.67018042590985,41.60229758539382],[-123.67195949943608,41.599276601906865],[-123.67278522310912,41.5958684651186],[-123.67990082412439,41.575485678739994],[-123.6987008241244,41.529085678739996],[-123.70778150282477,41.50949553259088],[-123.70955965858263,41.506476216673896],[-123.71038594258462,41.503066025572075],[-123.71750082412439,41.482685678740054],[-123.73630082412438,41.436285678740056],[-123.74537994415259,41.41669850373107],[-123.7471595226468,41.413676613910404],[-123.74798550859737,41.41026749709285],[-123.75510082412438,41.38988567874005],[-123.77390082412438,41.34348567874005],[-123.78298134637397,41.32389583081233],[-123.7939384795358,41.30529047515783],[-123.80666667788681,41.28784882979698],[-123.82104333573463,41.27173890318997],[-123.83692996842957,41.2571158758778],[-123.85417354633243,41.244120605689595],[-123.87260796888839,41.23287827091496],[-123.89205566460781,41.22349716451107],[-123.91232930154213,41.21606765095957],[-123.93323359177823,41.21066129582127],[-123.95456717256958,41.20733017637345],[-123.9761245459838,41.206106379970144],[-123.9976980583828,41.20700169495727],[-124.0190799006681,41.21000749712025],[-124.04006411002345,41.215094832757615],[-124.06044855387312,41.22221469758052],[-124.06527206662065,41.22416999474241],[-124.08485834554199,41.2332527331041],[-124.10346004713628,41.244211526647575],[-124.1046708017983,41.24509534869232],[-124.10016731924041,41.259617057419405],[-124.053,41.2405],[-124.0342,41.2869],[-124.08719940856791,41.30837688451772],[-124.07738972467855,41.35841652637838],[-124.0154,41.3333],[-123.9966,41.3797],[-124.06757613801662,41.40847607645881],[-124.0622,41.4359],[-124.06843121343285,41.46283898332585],[-123.9778,41.4261],[-123.959,41.4725],[-124.08149920443566,41.52215066868944],[-124.0683,41.5393],[-124.0887,41.5491],[-124.1031,41.5666],[-124.10294807292705,41.58483124875356],[-123.9402,41.5189],[-123.9214,41.5653],[-124.1327598153154,41.65099459560782],[-124.1399,41.6643],[-124.1385,41.6798],[-124.1458,41.7064],[-124.14795492605101,41.71116600433181],[-123.9026,41.6117],[-123.8838,41.6581],[-124.2051,41.7883],[-124.2073,41.8432],[-123.865,41.7045],[-123.8462,41.7509],[-124.2096,41.8982],[-124.21001086794544,41.90845302282065],[-124.20378603892499,41.94985188570373],[-123.8274,41.7973],[-123.8086,41.8437],[-124.2178,42.0095],[-124.2448,42.0745],[-123.7898,41.8901],[-123.771,41.9365],[-124.1011,42.0703],[-124.2257,42.0843],[-123.7591,42.1763],[-123.7688,42.2255],[-124.2668,42.1272],[-124.2864,42.1744],[-123.7785,42.2746],[-123.7882,42.3237],[-124.3061,42.2215],[-124.3257,42.2687],[-123.7979,42.3728],[-123.8076,42.4219],[-124.3453,42.3159],[-124.3717,42.3791],[-123.9329,42.4477],[-123.8145,42.459],[-123.8222,42.5157],[-124.3962,42.438],[-124.4161,42.4859],[-123.856,42.5617],[-123.8281,42.5595],[-123.8356,42.615],[-124.40153314095924,42.538367147968046],[-124.3944,42.5666],[-124.3982,42.5855],[-124.40020893484045,42.58913153605774],[-123.8503,42.6635],[-123.8419,42.6617],[-123.8491,42.7143],[-124.40709664567977,42.63871940775652],[-124.4145,42.6624],[-124.44906460883371,42.68362388261719],[-123.8558,42.7639],[-123.8625,42.8135],[-124.47401298312266,42.73074165996931],[-124.4918,42.7378],[-124.5055,42.7365],[-124.515,42.7487],[-124.52305021554481,42.77468666070608],[-123.8692,42.8632],[-123.8759,42.9128],[-124.5074,42.8273],[-124.4852,42.8809],[-123.8827,42.9625],[-123.8894,43.0121],[-124.463,42.9344],[-124.4408,42.988],[-123.8961,43.0617],[-123.9028,43.1113],[-124.4186,43.0415],[-124.3964,43.0951],[-123.9095,43.161],[-123.9163,43.2106],[-124.3742,43.1486],[-124.352,43.2022],[-123.923,43.2603],[-123.9297,43.3099],[-124.3298,43.2557],[-124.26984482437682,43.40030949336356],[-124.2692959141984,43.40086309508197],[-124.21814305917488,43.39465500541852],[-124.2182,43.386],[-124.2129,43.3747],[-124.1778,43.3692],[-124.1518,43.3695],[-124.14,43.3753],[-124.1697,43.3798],[-124.18586946766936,43.39073816930574],[-123.9293,43.3596],[-123.9188,43.4082],[-124.2379,43.4775],[-124.2184,43.5245],[-123.9082,43.4572],[-123.8975,43.5061],[-124.1989,43.5715],[-124.1794,43.6185],[-123.8869,43.5551],[-123.8763,43.604],[-124.1599,43.6656],[-124.1421,43.7085],[-124.1415,43.7128],[-123.8657,43.653],[-123.855,43.7019],[-124.1348,43.7626],[-124.1282,43.8124],[-123.8444,43.7509],[-123.8338,43.7998],[-124.1215,43.8622],[-124.1148,43.9121],[-123.8232,43.8488],[-123.8125,43.8977],[-124.1081,43.9619],[-124.1015,44.0117],[-123.8019,43.9467],[-123.7913,43.9956],[-124.0948,44.0615],[-124.0881,44.1113],[-123.7807,44.0446],[-123.77,44.0935],[-124.0815,44.1611],[-124.0748,44.2109],[-123.7594,44.1425],[-123.7488,44.1914],[-124.0681,44.2607],[-124.0614,44.3105],[-123.7382,44.2404],[-123.7275,44.2893],[-124.0548,44.3603],[-124.0481,44.4101],[-123.7169,44.3382],[-123.7063,44.3872],[-124.0414,44.4599],[-124.0347,44.5097],[-123.6957,44.4361],[-123.685,44.4851],[-124.0281,44.5595],[-124.02147653367813,44.608829995441994],[-124.012,44.5998],[-124.00898780737607,44.606702941429845],[-123.6744,44.534],[-123.6638,44.583],[-124.0147,44.6592],[-124.0081,44.709],[-123.6532,44.6319],[-123.6425,44.6809],[-124.0014,44.7588],[-123.9947,44.8086],[-123.6319,44.7298],[-123.6213,44.7788],[-123.988,44.8584],[-123.9814,44.9082],[-123.6107,44.8277],[-123.6,44.8767],[-123.9747,44.958],[-123.968,45.0078],[-123.5894,44.9256],[-123.5788,44.9746],[-123.9613,45.0576],[-123.9547,45.1074],[-123.5682,45.0235],[-123.5575,45.0725],[-123.948,45.1572],[-123.9379,45.2329],[-123.5469,45.1214],[-123.5456,45.1275],[-123.53,45.1685],[-123.9263,45.319],[-123.9195,45.37],[-123.5122,45.2154],[-123.4945,45.2622],[-123.9127,45.4209],[-123.9058,45.4719],[-123.4767,45.309],[-123.4589,45.3558],[-123.8890992323313,45.519140812821085],[-123.8893,45.5198],[-123.8975,45.5246],[-123.9005,45.5385],[-123.8961,45.5603],[-123.90363735303634,45.55874590659044],[-123.9064,45.5793],[-123.4411,45.4027],[-123.4234,45.4495],[-123.9141,45.6358],[-123.92074318392842,45.68518682788891],[-123.9182,45.6896],[-123.91589598395561,45.69009580092094],[-123.4056,45.4963],[-123.3878,45.5431],[-123.9293,45.7487],[-123.9335,45.7798],[-123.8824,45.7845],[-123.37,45.59],[-123.3522,45.6368],[-123.7855,45.8013],[-123.6908,45.8189],[-123.3345,45.6836],[-123.3167,45.7304],[-123.6086,45.8413],[-123.6314,45.8372],[-123.4098,46.0738],[-123.4372,46.0934],[-123.4363,46.112],[-123.78793764021445,46.128763070490606],[-123.7868801217084,46.13966245645443],[-123.7783,46.1372],[-123.7783,46.1434],[-123.78589840893758,46.14978054548416],[-123.78585267197558,46.150251936574556],[-123.78405454443985,46.159360837981374],[-123.7990390492768,46.160815020472846],[-123.807,46.1675],[-123.8162,46.1713],[-123.8436,46.1731],[-123.8608,46.1809],[-123.86210043963113,46.18248314389877],[-123.73424701523074,46.17639708114333],[-123.7272,46.1704],[-123.706,46.1708],[-123.68653252489361,46.17412578192786],[-123.4339,46.1621],[-123.43280429652934,46.184927155638576],[-123.4301,46.1767],[-123.3855,46.1462],[-123.326,46.1389],[-123.2994,46.141],[-123.2776,46.1339],[-123.2564,46.1333],[-123.2333,46.1372],[-123.21103408555442,46.15914554157587],[-123.2041322217293,46.14168004386758],[-123.19820391092526,46.12092014046843],[-123.19433897292284,46.09967912560641],[-123.19257462918775,46.07816156186615],[-123.19292787131467,46.056574675149186],[-123.19539529738881,46.035126358975184],[-123.19995314474826,46.014023172353745],[-123.20655751883136,45.99346835050821],[-123.21514481590538,45.97365984760935],[-123.22563233560518,45.954788430368524],[-123.23791907738301,45.937035840849916],[-123.23870438444408,45.93611024763876],[-123.23856563709475,45.93605753410316],[-123.21877942311067,45.927406498932555],[-123.1999366752472,45.91685730340396],[-123.18221894364216,45.90451158916304],[-123.16579693888603,45.89048830733827],[-123.15082888722311,45.87492257244514],[-123.13745900603944,45.85796436055588],[-123.12581611432618,45.83977706427797],[-123.116012391507,45.820535918464074],[-123.10814229658764,45.8004263118218],[-123.10228165804214,45.779642000690906],[-123.09848694320442,45.75838324219829],[-123.09679471420472,45.73685486477779],[-123.09722127569302,45.71526429464535],[-123.09976251774343,45.69381955724458],[-123.10439395545345,45.672727272918664],[-123.1110709648563,45.65219066612053],[-123.1288709648563,45.60539066612053],[-123.13752373889767,45.585618611144035],[-123.13907751117453,45.58284512345239],[-123.13989307329152,45.579130520449695],[-123.1465709648563,45.55859066612052],[-123.1643709648563,45.511790666120525],[-123.17302293649989,45.49202022425585],[-123.1747058403338,45.48901614984443],[-123.17549320393033,45.48543003951249],[-123.1821709648563,45.46489066612053],[-123.1999709648563,45.41809066612053],[-123.20862392720716,45.39831823257817],[-123.2103197133253,45.395291270262994],[-123.21099245679184,45.39220222004061],[-123.21762522574403,45.37167492512111],[-123.23532522574403,45.324874925121115],[-123.2439514018107,45.30506583470941],[-123.2457963561864,45.30175934665319],[-123.24659320512,45.29813003513279],[-123.25327096485628,45.27759066612059],[-123.27107096485628,45.23079066612058],[-123.27972318017927,45.211019734367994],[-123.28141958373698,45.207991588712694],[-123.28209189898965,45.204904287898856],[-123.28872522574403,45.18437492512111],[-123.30642522574404,45.137574925121115],[-123.31505157630325,45.11776548236469],[-123.31689785154447,45.1144566479281],[-123.31770033942679,45.110803777242374],[-123.32438093639396,45.09026445384751],[-123.3357017210164,45.06051110964749],[-123.33714388952124,45.05504961102731],[-123.33873484438165,45.05075207487654],[-123.33899715330577,45.0468776272271],[-123.34256484087476,45.025565179537956],[-123.35326484087476,44.97656517953796],[-123.3588950086454,44.955739977906944],[-123.36002847988038,44.95274808066287],[-123.3602508455456,44.9493756647806],[-123.36377378449316,44.92808412480874],[-123.37437378449316,44.87908412480874],[-123.37997172148962,44.85822199052969],[-123.38124164123496,44.854852008707766],[-123.38149726368671,44.85107668593623],[-123.38506484087475,44.82976517953796],[-123.39576484087475,44.78076517953796],[-123.40139533383196,44.759938973441315],[-123.40252851854947,44.75694789747701],[-123.40275096255027,44.75357465104717],[-123.40627378449317,44.732284124808736],[-123.41687378449316,44.683284124808736],[-123.42247205877241,44.662420942176546],[-123.42374167692387,44.65905183735851],[-123.42399738378724,44.655275661800225],[-123.42756484087475,44.63396517953796],[-123.43826484087475,44.58496517953796],[-123.443895687966,44.56413787957878],[-123.44502856068524,44.561147697897205],[-123.44525109009275,44.55777354606062],[-123.44877378449317,44.53648412480868],[-123.45937378449318,44.48748412480868],[-123.46497242676293,44.46661979839726],[-123.46624160688448,44.46325193956266],[-123.46649706917437,44.45947834469426],[-123.47006484087476,44.43816517953796],[-123.48076484087476,44.38916517953796],[-123.48639514137685,44.368339567912074],[-123.48752846458092,44.36534808793994],[-123.48775078035221,44.36197622963667],[-123.49127378449316,44.34068412480874],[-123.50187378449316,44.29168412480874],[-123.50747161565249,44.27082231949977],[-123.50874509509939,44.26744286717855],[-123.50900744666019,44.263589999318434],[-123.51258486376244,44.24227357959627],[-123.52328486376244,44.193373579596276],[-123.52892135928111,44.172558636961995],[-123.5300247453735,44.169649400561376],[-123.53026092173242,44.16608851505833],[-123.53379345990399,44.14479326533708],[-123.54439345990399,44.095893265337075],[-123.54999743086762,44.07504213136511],[-123.55123748545151,44.07175499661632],[-123.55150758183188,44.06778885060809],[-123.55508486376243,44.046473579596274],[-123.56578486376243,43.99757357959628],[-123.57142171389015,43.976757543065396],[-123.57252479054263,43.97384919131941],[-123.57276106703313,43.97028726056512],[-123.576293459904,43.94899326533708],[-123.58689345990399,43.90009326533708],[-123.59249778711467,43.879241025513835],[-123.59373755274522,43.875954735549215],[-123.59400784416977,43.8719866213683],[-123.59758486376244,43.85067357959628],[-123.60828486376244,43.80177357959628],[-123.61392210691896,43.78095633067438],[-123.61502470357412,43.77804932066558],[-123.6152607031625,43.774490402259744],[-123.61879345990398,43.75319326533707],[-123.62939345990398,43.70429326533707],[-123.63499676416028,43.68344420099163],[-123.63623744650612,43.680155254528046],[-123.63650746861298,43.676189812756704],[-123.64008486376244,43.654873579596284],[-123.65078486376244,43.60597357959628],[-123.65642107670308,43.58515950867159],[-123.65752480664509,43.58224931082433],[-123.6577611786694,43.57868629676574],[-123.66129345990399,43.55739326533707],[-123.67189345990398,43.50849326533707],[-123.67749696644573,43.48764357303955],[-123.67873746692973,43.48435515346858],[-123.67900754031285,43.48038920343776],[-123.68258486376243,43.459073579596286],[-123.69328486376243,43.41017357959628],[-123.69892161536548,43.38935784699193],[-123.70001901855603,43.3864644347831],[-123.7002448611587,43.38302756892841],[-123.70376147587656,43.36174105960299],[-123.71049478293205,43.330575466946144],[-123.7049800890212,43.289750270233],[-123.70314345409253,43.268243501849526],[-123.70318947673591,43.264693104896914],[-123.70231196389054,43.261679549743626],[-123.69833881199504,43.24048177577493],[-123.69153881199503,43.19088177577493],[-123.68965853017082,43.169350337918296],[-123.68970280781913,43.165388615240104],[-123.68871730201994,43.16198134198673],[-123.6847800890212,43.140750270233],[-123.67808008902121,43.091150270233],[-123.67624339198802,43.0696417827639],[-123.6762888200694,43.06614042161994],[-123.6753177265639,43.0627831352664],[-123.6713800890212,43.041550270232996],[-123.6646800890212,42.991950270233],[-123.66284345626164,42.97044356188517],[-123.66288581541278,42.967175680183125],[-123.6618175140245,42.963482237505374],[-123.6578800890212,42.942250270233],[-123.65118008902121,42.892650270233],[-123.64934342545938,42.87114270931478],[-123.64939008550323,42.86754464150742],[-123.64841733304114,42.86418147302304],[-123.6444800890212,42.842950270233],[-123.6377800890212,42.793350270233],[-123.63594339621073,42.77184189966265],[-123.63598826365612,42.76838353681059],[-123.63510203268001,42.76533792690646],[-123.63113252100969,42.744135852637505],[-123.62393252100968,42.69153585263751],[-123.62207721378428,42.67052851405179],[-123.62209933467174,42.66769538318206],[-123.62152011233876,42.66569321156671],[-123.61758166530973,42.64446193712028],[-123.61008166530974,42.58896193712028],[-123.60823644295101,42.567247017604416],[-123.60824229732363,42.56683848383298],[-123.60815115931395,42.56652414584584],[-123.60420101876015,42.54530479992146],[-123.59650101876015,42.48860479992146],[-123.59584747831603,42.48090227351195],[-123.59177140848023,42.46453823498453],[-123.58207140848023,42.41543823498453],[-123.57893099189366,42.39407377467501],[-123.57876416094646,42.39058282567943],[-123.57758911614172,42.38728502654269],[-123.57237140848025,42.366338234984596]]],[[[-123.55832519493822,46.218128583228705],[-123.5421,46.2262],[-123.5366,46.234],[-123.5193,46.2353],[-123.4849,46.23],[-123.4731,46.2175],[-123.46607625470959,46.21374356797839],[-123.55832519493822,46.218128583228705]]],[[[-123.80918068285428,46.280206951722676],[-123.8184,46.2688],[-123.8342,46.2688],[-123.8415,46.2614],[-123.851,46.2598],[-123.8545,46.2521],[-123.873,46.2402],[-123.9252,46.2515],[-123.9487,46.2698],[-123.96198434718293,46.28748839706422],[-123.80918068285428,46.280206951722676]]],[[[-123.76013554754768,46.27786983845008],[-123.7645,46.2733],[-123.778,46.2741],[-123.78519497918528,46.27906397788752],[-123.76013554754768,46.27786983845008]]],[[[-123.54431205837429,46.26758535380279],[-123.6032,46.2601],[-123.6627,46.2702],[-123.66430970811636,46.273303517248344],[-123.54431205837429,46.26758535380279]]],[[[-123.4292,46.2621],[-123.4268,46.3121],[-123.98445222326039,46.33873242021412],[-123.98591079158217,46.346010653805884],[-123.9880577245467,46.3674934175242],[-123.98807379765887,46.378717911674514],[-123.98914900861637,46.38072275669951],[-123.9777,46.3824],[-123.9581,46.3782],[-123.95428688031204,46.38747111453543],[-123.4244,46.3622],[-123.422,46.4122],[-123.8769522080501,46.4338679985849],[-123.8981,46.4416],[-123.9017,46.4573],[-123.9358,46.4723],[-123.93541110266081,46.48681883399612],[-123.4196,46.4622],[-123.4172,46.5123],[-123.8964,46.53514116981742],[-123.8964,46.5444],[-123.9203,46.5807],[-123.92604804677252,46.586636507322446],[-123.4149,46.5623],[-123.4125,46.6123],[-123.9176902744349,46.636401984216604],[-123.9225,46.6579],[-123.911,46.682],[-123.89871521740281,46.68568178944308],[-123.82140372380009,46.68199801159196],[-123.8119,46.6626],[-123.7951,46.6609],[-123.7765,46.6672],[-123.764,46.6784],[-123.77708949862283,46.679886504575464],[-123.4101,46.6624],[-123.4077,46.7124],[-123.87432839746012,46.7346068425881],[-123.9,46.7474],[-123.9122,46.741],[-123.91247743303283,46.73642235495824],[-123.97345258518229,46.73932416207701],[-123.9761,46.7411],[-123.97656395318066,46.73947223206107],[-124.0633,46.7436],[-124.0701,46.7941],[-123.4053,46.7624],[-123.4029,46.8125],[-124.01444307397179,46.84162541939836],[-124.0138,46.8425],[-124.0147,46.8511],[-124.0316,46.8703],[-124.057,46.8621],[-124.0549,46.8759],[-124.0469,46.8911],[-124.0332,46.898],[-124.0067,46.8992],[-123.9626,46.918],[-123.904008548545,46.93406855859301],[-123.4005,46.8624],[-123.4001,46.8718],[-123.3886,46.9109],[-124.1826,47.1435],[-124.2042,47.2021],[-123.3746,46.959],[-123.3605,47.0071],[-124.2258,47.2606],[-124.2263,47.2617],[-124.1073,47.2781],[-123.3464,47.0551],[-123.3323,47.1032],[-123.9849,47.2944],[-123.8636,47.3111],[-123.3182,47.1513],[-123.3042,47.1993],[-123.741,47.3273],[-123.6201,47.3441],[-123.2901,47.2474],[-123.276,47.2955],[-123.4971,47.3602],[-123.3771,47.3773],[-123.2619,47.3436],[-123.2471,47.3941],[-123.12771619337705,47.427402686169536],[-123.1334,47.4123],[-123.1584,47.3721],[-123.1613,47.3568],[-123.1302,47.3406],[-123.0741,47.3446],[-123.01736065968302,47.36152108137264],[-123.01934085704804,47.34996777698456],[-123.02505627879339,47.3291482569996],[-123.03278484903281,47.30898919798918],[-123.04245213741002,47.28968474271162],[-123.05396504265329,47.27142080362415],[-123.05467515596997,47.270507005171545],[-123.0578584455509,47.26133795493669],[-123.0593477733768,47.258110183166714],[-123.05983320708765,47.25461091047739],[-123.06488376302491,47.23361353552289],[-123.07898376302491,47.185513535522894],[-123.08606576353237,47.16511980585173],[-123.0875345165372,47.16193747183092],[-123.08798234184991,47.15868073973969],[-123.093,47.13769999999996],[-123.10700000000001,47.08969999999996],[-123.11406111882324,47.06927977571414],[-123.11564383507742,47.06583938121523],[-123.11613404071554,47.06230650361453],[-123.12118376302492,47.041313535522896],[-123.13528376302492,46.9932135355229],[-123.14236597043221,46.97281929279394],[-123.1438680570655,46.969564767361064],[-123.14433399378078,46.96620675171588],[-123.14938376302491,46.945213535522896],[-123.16348376302491,46.8971135355229],[-123.17056577529557,46.876719776682],[-123.17191376189746,46.87379910779425],[-123.17246856610204,46.86982441989192],[-123.17753958965432,46.84882340872186],[-123.18277339525443,46.831028469681456],[-123.18353005710625,46.827090897071834],[-123.18317852243283,46.823566720187074],[-123.18315199564415,46.80197314949196],[-123.18555199564415,46.751873149491956],[-123.18764151359315,46.730387763353995],[-123.18832470873632,46.72693070355133],[-123.18797755646077,46.72344752484245],[-123.18795300289484,46.70185214413898],[-123.19035300289484,46.65185214413898],[-123.19244431331325,46.63036873319839],[-123.19313113963076,46.62689482163716],[-123.19277747467171,46.62334589803344],[-123.19275300289483,46.60175214413891],[-123.19515300289484,46.551752144138916],[-123.19724423930955,46.53026923606497],[-123.19785759720125,46.52716686531077],[-123.19747849545062,46.523366184462716],[-123.19745199564414,46.5017731494919],[-123.19985199564415,46.4516731494919],[-123.2019416031788,46.43018715424671],[-123.2026247120146,46.42673060745848],[-123.202277530983,46.42324701810769],[-123.20225300289484,46.401652144138914],[-123.20465300289484,46.35165214413892],[-123.20674439922745,46.330168149408195],[-123.21093111731794,46.30899251813448],[-123.21717285256825,46.28832910338099],[-123.22540951719,46.268376827217146],[-123.23556181865624,46.249327765740304],[-123.24753202303278,46.23136530000218],[-123.2541177193922,46.223320132439675],[-123.2470521063663,46.21601943285925],[-123.23363059026373,46.19910844933847],[-123.22193126867454,46.180963358198326],[-123.21840253355619,46.1740934992453],[-123.2475,46.1626],[-123.2694,46.1504],[-123.2979,46.1515],[-123.3289,46.1656],[-123.3934,46.2041],[-123.4124,46.2203],[-123.45217170309795,46.26319465438047],[-123.4292,46.2621]]],[[[-123.92768469390741,46.4362842335483],[-123.9269,46.4401],[-123.9207,46.4393],[-123.91745408281508,46.4357969804638],[-123.92768469390741,46.4362842335483]]],[[[-123.97415974908802,46.438497699956564],[-123.9747,46.4402],[-123.9978,46.4534],[-123.991,46.4732],[-123.9903,46.4883],[-123.98921327489042,46.48938672510958],[-123.97250995143183,46.488589502356355],[-123.9712,46.4848],[-123.9482,46.4642],[-123.9466348559167,46.43718677248829],[-123.97415974908802,46.438497699956564]]],[[[-124.02564816032051,46.46417972002738],[-124.0293,46.4913],[-124.02613499520103,46.4911489394134],[-124.02437641762162,46.46000924861706],[-124.02564816032051,46.46417972002738]]],[[[-124.0361,46.5418],[-124.03612951668022,46.54201877068863],[-124.03542572884885,46.549272875995776],[-124.03753445788065,46.570356340707946],[-124.03756709831673,46.591946092738326],[-124.02597584090417,46.59139421599209],[-124.0256,46.5909],[-124.0179,46.5685],[-124.02088725048797,46.5410748810622],[-124.0361,46.5418]]],[[[-124.06311061377089,46.843943265136566],[-124.0581,46.8445],[-124.05529836853407,46.84357119826401],[-124.06311061377089,46.843943265136566]]],[[[-124.0769,46.8446],[-124.07901223867964,46.86032444350403],[-124.0774,46.8588],[-124.07296616152003,46.844412646564976],[-124.0769,46.8446]]],[[[-124.09312676734193,46.90131048987108],[-124.0909,46.9],[-124.09168539240848,46.89740937727949],[-124.09312676734193,46.90131048987108]]],[[[-124.11020412615603,46.947530732748405],[-124.1048,46.9447],[-124.10564215427596,46.93518365668167],[-124.11020412615603,46.947530732748405]]],[[[-122.8223,47.5126],[-122.7246781538169,47.33958085559464],[-122.7259,47.3391],[-122.7291,47.3206],[-122.7412360743287,47.304916457790604],[-122.75205690402628,47.30076374715682],[-122.77287447688015,47.29504123733986],[-122.78881915133088,47.29230278550051],[-122.7866,47.2961],[-122.784,47.3153],[-122.7845,47.3428],[-122.7914,47.3643],[-122.8066,47.3765],[-122.8111,47.3838],[-122.8057,47.3978],[-122.8201,47.3833],[-122.8366,47.3343],[-122.846,47.3159],[-122.87,47.2993],[-122.87553736289935,47.29646032671828],[-122.89610135584488,47.302105600602445],[-122.91626041485529,47.30983417084187],[-122.93556487013285,47.31950145921909],[-122.95382880922031,47.33101436446236],[-122.97087634040021,47.344262011000595],[-122.98654328662812,47.35911681675573],[-122.99452487872253,47.36833127877151],[-122.9051,47.395],[-122.8716,47.4099],[-122.8392,47.432],[-122.8677,47.4363],[-122.9071,47.4238],[-122.9763,47.391],[-123.00521981061499,47.381855395852966],[-123.01314664805844,47.393061566240384],[-123.01420671086507,47.39492388892648],[-123.0141497117715,47.39278175680057],[-123.01515838732529,47.37871276290109],[-123.0522,47.367],[-123.0919,47.3674],[-123.1135,47.391],[-123.1105,47.4051],[-123.07721205550737,47.44149105796228],[-122.8223,47.5126]]],[[[-122.85804074061261,47.29300062437203],[-122.8469,47.298],[-122.84961673428992,47.29194692535404],[-122.85804074061261,47.29300062437203]]],[[[-124.10795017665481,40.97458646627785],[-124.08825813614848,40.98341631178711],[-124.06779571368007,40.99027429237508],[-124.04675981467268,40.9950944151921],[-124.0253528629889,40.99783029724889],[-124.0037808530502,40.99845561174982],[-123.9822513675976,40.99696434143001],[-123.96097158016828,40.99337083645809],[-123.94014626150985,40.98770967634771],[-123.9199758091162,40.9800353372064],[-123.90065431884614,40.970421667523894],[-123.88236771718137,40.95896117754423],[-123.86529197209649,40.94576414905988],[-123.84959139975767,40.93095757419417],[-123.81489139975767,40.89485757419417],[-123.80070599554018,40.878569864591036],[-123.79865572844685,40.87568763864204],[-123.79566486655078,40.87336984638908],[-123.77997175285545,40.858528735490346],[-123.74537175285545,40.82242873549035],[-123.7312222654514,40.80613639450284],[-123.71873696812803,40.7885362320207],[-123.70803597985913,40.76979757628664],[-123.69922225307715,40.75010070879805],[-123.69238058318493,40.729635129848596],[-123.6875767927532,40.708597735377346],[-123.6848570982526,40.68719092266564],[-123.68424766541261,40.665620643106394],[-123.68575435748548,40.644094420779936],[-123.68936267883676,40.62281935589927],[-123.69503791440549,40.602000132333295],[-123.70272546369202,40.58183704837727],[-123.71235136606028,40.56252408971612],[-123.7238230123009,40.544247063120395],[-123.73703003560897,40.52718180883014],[-123.75184537340475,40.51149250882513],[-123.84499352655595,40.42207296103736],[-123.72836147797443,40.41269177490447],[-123.70695789527589,40.40990799998779],[-123.68593010312432,40.40504027851367],[-123.66548049956072,40.398135463584126],[-123.6458059174086,40.38926001586252],[-123.62709572970611,40.37849936387216],[-123.6095300269407,40.36595708172427],[-123.59327788363069,40.35175389218986],[-123.57849573093843,40.33602650471125],[-123.5653258509792,40.31892629953764],[-123.55389500731837,40.30061787065034],[-123.54431322483859,40.28127744150231],[-123.53667273072136,40.261091168821],[-123.53104706673612,40.24025335080075],[-123.52749038138128,40.218964556931525],[-123.5260369086907,40.19742969746466],[-123.52670063872205,40.17585605109774],[-123.53070063872205,40.12585605109774],[-123.53347774890727,40.10443700753615],[-123.53427228622823,40.10099953023371],[-123.53403625523947,40.097493869166804],[-123.5347034362395,40.07592111713347],[-123.53870343623949,40.02602111713347],[-123.54148371043149,40.004603893123985],[-123.54228254393126,40.00115018624329],[-123.5420291722634,39.9972825891297],[-123.54273886849388,39.97568455632918],[-123.54683886849388,39.925784556329184],[-123.54965629359312,39.90440302096796],[-123.55036884006633,39.90134718671156],[-123.55013619968966,39.897890808569116],[-123.5508034362395,39.8763211171334],[-123.55463165767524,39.82856405472263],[-123.55741066239837,39.80715387978452],[-123.56227484957556,39.786119190786664],[-123.56917737442528,39.76566256328284],[-123.5780517618599,39.745981005778624],[-123.58050922877406,39.74170657135864],[-123.5789629247038,39.741151126788466],[-123.55946818931275,39.731902497991314],[-123.54097322177138,39.72078863195659],[-123.52365593367196,39.70791643806914],[-123.50768290796701,39.69340973987749],[-123.49320779653132,39.677408083978214],[-123.46150779653132,39.638708083978216],[-123.44865688479156,39.62134596664695],[-123.4467217350465,39.618109988687415],[-123.44405628985604,39.615682341993335],[-123.4295921461464,39.59964439746182],[-123.39799214614641,39.56094439746182],[-123.38518068315601,39.543581287294984],[-123.38339835726617,39.54059141044136],[-123.38079887607795,39.53822512541416],[-123.36633161822954,39.52219272428154],[-123.33463161822954,39.483392724281536],[-123.32181029853871,39.46602583173747],[-123.32013348468058,39.463214377802004],[-123.31739804634529,39.460724292063595],[-123.30293161822954,39.44469272428154],[-123.27123161822954,39.405892724281536],[-123.25841113525651,39.38852708990202],[-123.25673364047935,39.38571456015737],[-123.25399893266726,39.383225182249895],[-123.2395316182295,39.367192724281495],[-123.20783161822952,39.32839272428149],[-123.19501085960759,39.31102667541342],[-123.19333352914265,39.3082143994631],[-123.19059763482582,39.305723878746456],[-123.17613161822955,39.28969272428154],[-123.14443161822955,39.250892724281535],[-123.13161146252483,39.233527582007135],[-123.12970059810475,39.23032380822039],[-123.12748222583814,39.22830905639658],[-123.11300779653132,39.212308083978215],[-123.08130779653132,39.173608083978216],[-123.06845666301322,39.156245634025744],[-123.0665408490515,39.15304196974403],[-123.0640814883212,39.150808317411055],[-123.04960779653133,39.134808083978214],[-123.01790779653133,39.096108083978216],[-123.0050573037825,39.078746595042325],[-123.00312527971849,39.075515881649196],[-123.00049811910463,39.07312436514056],[-122.98603161822955,39.05709272428154],[-122.95433161822955,39.01829272428154],[-122.94151066325635,39.00092638016219],[-122.93983358232558,38.99811450713811],[-122.9370989308648,38.995625180439596],[-122.92263161822954,38.97959272428154],[-122.89093161822954,38.940792724281536],[-122.8781097812177,38.923425053837434],[-122.87631475292042,38.92041535039557],[-122.87379976811894,38.91812602133479],[-122.85933161822955,38.90209272428154],[-122.82763161822955,38.863292724281536],[-122.81481041484508,38.845926006627344],[-122.81313365334923,38.84311464963722],[-122.81040063208715,38.84062688905075],[-122.79593161822955,38.82459272428154],[-122.76423161822954,38.785792724281535],[-122.75141106885494,38.76842699005526],[-122.74035403545913,38.749888456565024],[-122.73116696145523,38.73035558983401],[-122.72393828860501,38.71001642809345],[-122.7187376056112,38.689066771583555],[-122.71561497820376,38.66770829763154],[-122.71460046716912,38.64614661915223],[-122.71570383896207,38.62458930526179],[-122.71891447168657,38.60324388305953],[-122.72420145735009,38.5823158398142],[-122.73151389940753,38.56200664478729],[-122.74078140273004,38.542511809736645],[-122.74563793720368,38.534444970304236],[-122.73123816334441,38.52650433197121],[-122.71344242922252,38.514273593197174],[-122.69693144409375,38.5003571822384],[-122.68186427257959,38.48488916793602],[-122.66838606979438,38.46801856707012],[-122.6566266829403,38.449907908752095],[-122.64669940037687,38.43073166864092],[-122.63869986021598,38.410674588067955],[-122.63270512895718,38.389929894263744],[-122.6287729590393,38.36869743883266],[-122.62694123246119,38.34718177240936],[-122.6272275958316,38.325590174045274],[-122.62962929036415,38.30413065431001],[-122.63762929036415,38.25473065431001],[-122.64212016706976,38.2336213302861],[-122.64865774237259,38.213053597219684],[-122.65717910270901,38.19322538619729],[-122.66760224380053,38.174327511604695],[-122.67982685981205,38.156541834847765],[-122.69373530863294,38.1400395142313],[-122.7091937439915,38.12497935783781],[-122.72605340350854,38.11150629525719],[-122.74415204029391,38.099749982874364],[-122.76331548430993,38.089823556136785],[-122.78335931847553,38.08182254080915],[-122.80409065338179,38.075823933692824],[-122.82530998353968,38.07188546165641],[-122.83588282753175,38.07098054020649],[-122.85363077332624,38.10025268201784],[-122.8434,38.092],[-122.8257,38.0721],[-122.8323,38.0959],[-122.8504,38.1107],[-122.87845526835397,38.143111217914196],[-122.8627,38.2404],[-122.97125956363887,38.257936887279094],[-122.9745,38.2662],[-123.0023,38.2949],[-123.0295,38.3127],[-123.0465,38.312],[-123.0529,38.298],[-123.0624,38.2959],[-123.076,38.3225],[-123.07506191267562,38.325437694515784],[-122.8548,38.2899],[-122.8468,38.3393],[-123.0796123542994,38.37693768258206],[-123.087,38.3913],[-123.0958,38.3958],[-123.1021,38.4122],[-123.1128,38.4206],[-123.1246,38.4375],[-123.1287,38.4493],[-123.15400590802273,38.467230015399984],[-122.9346,38.6466],[-122.9663,38.6854],[-123.2031943520667,38.49163608912104],[-123.2527,38.5107],[-123.25570100194304,38.51345971535465],[-122.998,38.7241],[-123.0297,38.7629],[-123.29634036755402,38.54484544438618],[-123.3153,38.5575],[-123.337,38.5673],[-123.33882506095746,38.57479439925081],[-123.0613,38.8016],[-123.093,38.8404],[-123.3707420353292,38.613306660905266],[-123.4011,38.6428],[-123.40498009620188,38.649988705366276],[-123.1247,38.8791],[-123.1564,38.9179],[-123.43630182174815,38.689079805447925],[-123.47518920856996,38.72189310128908],[-123.1881,38.9567],[-123.2198,38.9954],[-123.52354135425502,38.74713207475022],[-123.5376,38.7723],[-123.55872892927643,38.78296412939895],[-123.2515,39.0342],[-123.2832,39.0729],[-123.5999,38.814],[-123.6339,38.8508],[-123.3148,39.1117],[-123.3465,39.1505],[-123.668,38.8877],[-123.702,38.9245],[-123.3782,39.1892],[-123.4099,39.228],[-123.70821161111918,38.984088035200024],[-123.7039,38.9901],[-123.6891,39.0279],[-123.6952,39.0591],[-123.69527514252654,39.05931034214816],[-123.4416,39.2667],[-123.4733,39.3055],[-123.7131717971207,39.10940741694016],[-123.7216,39.133],[-123.7378,39.143],[-123.736108495178,39.15530185325096],[-123.505,39.3442],[-123.5367,39.383],[-123.76781090674689,39.19403637183876],[-123.76856495094556,39.196550959761204],[-123.7777,39.2506],[-123.5684,39.4218],[-123.6,39.4605],[-123.7873,39.3074],[-123.7969,39.3642],[-123.6317,39.4993],[-123.6634,39.538],[-123.8065,39.421],[-123.81229381646988,39.45492667788551],[-123.7986,39.4905],[-123.79700889438992,39.49348884769115],[-123.6951,39.5768],[-123.7268,39.6156],[-123.77566560399463,39.57561905127712],[-123.7868,39.5968],[-123.78661847832092,39.632136220195804],[-123.7581,39.6538],[-123.7866,39.6887],[-123.7861,39.6943],[-123.80003632884785,39.69543387290922],[-123.8086,39.7118],[-123.8238,39.7178],[-123.83,39.7265],[-123.8306,39.7418],[-123.83290418292857,39.74831754599795],[-123.7821,39.7442],[-123.7781,39.7941],[-123.84271139567215,39.79929620485097],[-123.854,39.8335],[-123.8802,39.8443],[-123.89188453043735,39.853477667543515],[-123.7741,39.844],[-123.7701,39.8939],[-123.93006481753261,39.90683733991839],[-123.9307,39.908],[-123.9556,39.9245],[-123.97763652354041,39.96081770403227],[-123.7661,39.9438],[-123.762,39.9937],[-124.04256630899587,40.01634303261007],[-124.0585,40.0238],[-124.0694,40.0213],[-124.0761,40.0272],[-124.0804,40.0356],[-124.0805,40.0598],[-124.08445276826973,40.06993970990929],[-123.758,40.0436],[-123.754,40.0935],[-124.17989145410915,40.127849031905846],[-124.1853,40.1296],[-124.22,40.1652],[-124.25601809331393,40.18419855471503],[-123.75,40.1434],[-123.746,40.1934],[-124.3266,40.2401],[-124.3463,40.2603],[-124.3214,40.2697],[-123.9042,40.6702],[-123.9388,40.7063],[-124.35030013439648,40.311346860897494],[-124.3483,40.3189],[-124.3648,40.3447],[-124.36570527433425,40.36590928440227],[-123.9735,40.7424],[-124.0082,40.7785],[-124.3657,40.4353],[-124.3411,40.5283],[-124.0428,40.8146],[-124.0775,40.8508],[-124.0832327157843,40.84529515367156],[-124.0845,40.8484],[-124.0938,40.854],[-124.1018,40.8584],[-124.119,40.8519],[-124.1261,40.854],[-124.13678780478735,40.863200805860416],[-124.1121,40.8869],[-124.14245617144712,40.91848091611646],[-124.1338,40.9364],[-124.12544276191562,40.96457889251525],[-124.10795017665481,40.97458646627785]]],[[[-124.21766862244898,40.71620293367347],[-124.2218,40.7224],[-124.2174,40.7307],[-124.2205,40.7372],[-124.2029,40.7452],[-124.1986,40.7544],[-124.2011,40.7619],[-124.1982,40.769],[-124.1916,40.7728],[-124.1889,40.7906],[-124.1827,40.7999],[-124.1459,40.8096],[-124.1226271039809,40.807466651198254],[-124.21766862244898,40.71620293367347]]],[[[-124.3165,40.6213],[-124.31313554817277,40.63401926910299],[-124.3058,40.6374],[-124.3103965391332,40.644374059374506],[-124.30865029554003,40.650975711982795],[-124.2927,40.6768],[-124.2739,40.7],[-124.2397,40.7587],[-124.2309,40.7501],[-124.2473,40.7279],[-124.2585,40.7069],[-124.2595,40.6984],[-124.248,40.6933],[-124.24214705712136,40.69269749117426],[-124.3165,40.6213]]],[[[-124.16906310150306,40.83221795706659],[-124.1704,40.8268],[-124.184,40.8157],[-124.1936,40.8024],[-124.1997,40.7849],[-124.2233,40.7571],[-124.2328,40.7666],[-124.223656849891,40.779810387701964],[-124.16906310150306,40.83221795706659]]],[[[-123.3769,46.1561],[-123.411,46.1751],[-123.423,46.1878],[-123.4171,46.2048],[-123.405,46.2009],[-123.3489,46.1664],[-123.3157,46.1485],[-123.3579,46.1505],[-123.3769,46.1561]]],[[[-123.4408,46.2132],[-123.4684,46.225],[-123.4778,46.2361],[-123.4824,46.2493],[-123.4807,46.2559],[-123.4712,46.2548],[-123.4443,46.2359],[-123.4367,46.2204],[-123.4408,46.2132]]]]}},{"type":"Feature","properties":{"id":"ncr","name":"New California Republic","layer":"area"},"geometry":{"type":"MultiPolygon","coordinates":[[[[-123.758,40.0436],[-123.754,40.0935],[-124.17989145410915,40.127849031905846],[-124.1853,40.1296],[-124.22,40.1652],[-124.25601809331393,40.18419855471503],[-123.75,40.1434],[-123.746,40.1934],[-124.3266,40.2401],[-124.3463,40.2603],[-124.3214,40.2697],[-123.9042,40.6702],[-123.9388,40.7063],[-124.35030013439648,40.311346860897494],[-124.3483,40.3189],[-124.3648,40.3447],[-124.36570527433425,40.36590928440227],[-123.9735,40.7424],[-124.0082,40.7785],[-124.3657,40.4353],[-124.3411,40.5283],[-124.0428,40.8146],[-124.0775,40.8508],[-124.0832327157843,40.84529515367156],[-124.0845,40.8484],[-124.0938,40.854],[-124.1018,40.8584],[-124.119,40.8519],[-124.1261,40.854],[-124.13678780478735,40.863200805860416],[-124.1121,40.8869],[-124.14245617144712,40.91848091611646],[-124.1338,40.9364],[-124.1104,41.0153],[-124.1114,41.0417],[-124.117,41.0482],[-124.1346,41.0479],[-124.1429,41.0531],[-124.1469,41.0602],[-124.14727111268891,41.06264315853535],[-124.1282,41.0549],[-124.1094,41.1013],[-124.1631309839688,41.12311893547905],[-124.1641,41.1322],[-124.1629,41.1391],[-124.1563,41.1424],[-124.1477,41.1409],[-124.1435,41.145],[-124.13311090836494,41.164912425633865],[-124.0906,41.1477],[-124.0718,41.1941],[-124.11504380263749,41.21164707951927],[-124.10016731924041,41.259617057419405],[-124.053,41.2405],[-124.0342,41.2869],[-124.08719940856791,41.30837688451772],[-124.07738972467855,41.35841652637838],[-124.0154,41.3333],[-123.9966,41.3797],[-124.06757613801662,41.40847607645881],[-124.0622,41.4359],[-124.06843121343285,41.46283898332585],[-123.9778,41.4261],[-123.959,41.4725],[-124.08149920443566,41.52215066868944],[-124.0683,41.5393],[-124.0887,41.5491],[-124.1031,41.5666],[-124.10294807292705,41.58483124875356],[-123.9402,41.5189],[-123.9214,41.5653],[-124.1327598153154,41.65099459560782],[-124.1399,41.6643],[-124.1385,41.6798],[-124.1458,41.7064],[-124.14795492605101,41.71116600433181],[-123.9026,41.6117],[-123.8838,41.6581],[-124.2051,41.7883],[-124.2073,41.8432],[-123.865,41.7045],[-123.8462,41.7509],[-124.2096,41.8982],[-124.21001086794544,41.90845302282065],[-124.20378603892499,41.94985188570373],[-123.8274,41.7973],[-123.8086,41.8437],[-124.2178,42.0095],[-124.2448,42.0745],[-123.7898,41.8901],[-123.771,41.9365],[-124.1011,42.0703],[-124.2257,42.0843],[-123.7591,42.1763],[-123.7688,42.2255],[-124.2668,42.1272],[-124.2864,42.1744],[-123.7785,42.2746],[-123.7882,42.3237],[-124.3061,42.2215],[-124.3257,42.2687],[-123.7979,42.3728],[-123.8076,42.4219],[-124.3453,42.3159],[-124.3717,42.3791],[-123.9329,42.4477],[-123.8145,42.459],[-123.8222,42.5157],[-124.3962,42.438],[-124.4161,42.4859],[-123.856,42.5617],[-123.8281,42.5595],[-123.8356,42.615],[-124.40153314095924,42.538367147968046],[-124.3944,42.5666],[-124.3982,42.5855],[-124.40020893484045,42.58913153605774],[-123.8503,42.6635],[-123.8419,42.6617],[-123.8491,42.7143],[-124.40709664567977,42.63871940775652],[-124.4145,42.6624],[-124.44906460883371,42.68362388261719],[-123.8558,42.7639],[-123.8625,42.8135],[-124.47401298312266,42.73074165996931],[-124.4918,42.7378],[-124.5055,42.7365],[-124.515,42.7487],[-124.52305021554481,42.77468666070608],[-123.8692,42.8632],[-123.8759,42.9128],[-124.5074,42.8273],[-124.4852,42.8809],[-123.8827,42.9625],[-123.8894,43.0121],[-124.463,42.9344],[-124.4408,42.988],[-123.8961,43.0617],[-123.9028,43.1113],[-124.4186,43.0415],[-124.3964,43.0951],[-123.9095,43.161],[-123.9163,43.2106],[-124.3742,43.1486],[-124.352,43.2022],[-123.923,43.2603],[-123.9297,43.3099],[-124.3298,43.2557],[-124.26984482437682,43.40030949336356],[-124.2692959141984,43.40086309508197],[-124.21814305917488,43.39465500541852],[-124.2182,43.386],[-124.2129,43.3747],[-124.1778,43.3692],[-124.1518,43.3695],[-124.14,43.3753],[-124.1697,43.3798],[-124.18586946766936,43.39073816930574],[-123.9293,43.3596],[-123.9188,43.4082],[-124.2379,43.4775],[-124.2184,43.5245],[-123.9082,43.4572],[-123.8975,43.5061],[-124.1989,43.5715],[-124.1794,43.6185],[-123.8869,43.5551],[-123.8763,43.604],[-124.1599,43.6656],[-124.1421,43.7085],[-124.1415,43.7128],[-123.8657,43.653],[-123.855,43.7019],[-124.1348,43.7626],[-124.1282,43.8124],[-123.8444,43.7509],[-123.8338,43.7998],[-124.1215,43.8622],[-124.1148,43.9121],[-123.8232,43.8488],[-123.8125,43.8977],[-124.1081,43.9619],[-124.1015,44.0117],[-123.8019,43.9467],[-123.7913,43.9956],[-124.0948,44.0615],[-124.0881,44.1113],[-123.7807,44.0446],[-123.77,44.0935],[-124.0815,44.1611],[-124.0748,44.2109],[-123.7594,44.1425],[-123.7488,44.1914],[-124.0681,44.2607],[-124.0614,44.3105],[-123.7382,44.2404],[-123.7275,44.2893],[-124.0548,44.3603],[-124.0481,44.4101],[-123.7169,44.3382],[-123.7063,44.3872],[-124.0414,44.4599],[-124.0347,44.5097],[-123.6957,44.4361],[-123.685,44.4851],[-124.0281,44.5595],[-124.02147653367813,44.608829995441994],[-124.012,44.5998],[-124.00898780737607,44.606702941429845],[-123.6744,44.534],[-123.6638,44.583],[-124.0147,44.6592],[-124.0081,44.709],[-123.6532,44.6319],[-123.6425,44.6809],[-124.0014,44.7588],[-123.9947,44.8086],[-123.6319,44.7298],[-123.6213,44.7788],[-123.988,44.8584],[-123.9814,44.9082],[-123.6107,44.8277],[-123.6,44.8767],[-123.9747,44.958],[-123.968,45.0078],[-123.5894,44.9256],[-123.5788,44.9746],[-123.9613,45.0576],[-123.9547,45.1074],[-123.5682,45.0235],[-123.5575,45.0725],[-123.948,45.1572],[-123.9379,45.2329],[-123.5469,45.1214],[-123.5456,45.1275],[-123.53,45.1685],[-123.9263,45.319],[-123.9195,45.37],[-123.5122,45.2154],[-123.4945,45.2622],[-123.9127,45.4209],[-123.9058,45.4719],[-123.4767,45.309],[-123.4589,45.3558],[-123.8890992323313,45.519140812821085],[-123.8893,45.5198],[-123.8975,45.5246],[-123.9005,45.5385],[-123.8961,45.5603],[-123.90363735303634,45.55874590659044],[-123.9064,45.5793],[-123.4411,45.4027],[-123.4234,45.4495],[-123.9141,45.6358],[-123.92074318392842,45.68518682788891],[-123.9182,45.6896],[-123.91589598395561,45.69009580092094],[-123.4056,45.4963],[-123.3878,45.5431],[-123.9293,45.7487],[-123.9335,45.7798],[-123.8824,45.7845],[-123.37,45.59],[-123.3522,45.6368],[-123.7855,45.8013],[-123.6908,45.8189],[-123.3345,45.6836],[-123.3167,45.7304],[-123.6086,45.8413],[-123.6314,45.8372],[-123.4098,46.0738],[-123.4372,46.0934],[-123.4363,46.112],[-123.7999421638922,46.129335343346526],[-123.8006,46.1436],[-123.7783,46.1372],[-123.7783,46.1434],[-123.807,46.1675],[-123.8162,46.1713],[-123.8436,46.1731],[-123.8608,46.1809],[-123.86210043963113,46.18248314389878],[-123.73424701523074,46.17639708114333],[-123.7272,46.1704],[-123.706,46.1708],[-123.68653252489361,46.17412578192786],[-123.4339,46.1621],[-123.43280429652934,46.184927155638576],[-123.4301,46.1767],[-123.3855,46.1462],[-123.326,46.1389],[-123.2994,46.141],[-123.2776,46.1339],[-123.2564,46.1333],[-123.2333,46.1372],[-123.2055,46.1646],[-123.1801,46.1791],[-123.2075,46.1784],[-123.2475,46.1626],[-123.2694,46.1504],[-123.2979,46.1515],[-123.3289,46.1656],[-123.3934,46.2041],[-123.4124,46.2203],[-123.45217170309795,46.26319465438047],[-123.4292,46.2621],[-123.4268,46.3121],[-124.0089,46.3399],[-124.0157,46.3904],[-124.01549256752551,46.39039010722851],[-124.0143,46.3851],[-123.9934,46.3801],[-123.9777,46.3824],[-123.9581,46.3782],[-123.95428688031204,46.38747111453543],[-123.4244,46.3622],[-123.422,46.4122],[-123.8769522080501,46.4338679985849],[-123.8981,46.4416],[-123.9017,46.4573],[-123.9358,46.4723],[-123.93541110266081,46.48681883399612],[-123.4196,46.4622],[-123.4172,46.5123],[-123.8964,46.53514116981742],[-123.8964,46.5444],[-123.9203,46.5807],[-123.92604804677252,46.586636507322446],[-123.4149,46.5623],[-123.4125,46.6123],[-123.91769027443489,46.636401984216604],[-123.9225,46.6579],[-123.911,46.682],[-123.89871521740281,46.68568178944308],[-123.82140372380009,46.68199801159196],[-123.8119,46.6626],[-123.7951,46.6609],[-123.7765,46.6672],[-123.764,46.6784],[-123.77708949862283,46.679886504575464],[-123.4101,46.6624],[-123.4077,46.7124],[-123.87432839746012,46.7346068425881],[-123.9,46.7474],[-123.9122,46.741],[-123.91247743303283,46.73642235495824],[-123.97345258518229,46.73932416207701],[-123.9761,46.7411],[-123.97656395318066,46.73947223206107],[-124.0633,46.7436],[-124.0701,46.7941],[-123.4053,46.7624],[-123.4029,46.8125],[-124.01444307397179,46.84162541939836],[-124.0138,46.8425],[-124.0147,46.8511],[-124.0316,46.8703],[-124.057,46.8621],[-124.0549,46.8759],[-124.0469,46.8911],[-124.0332,46.898],[-124.0067,46.8992],[-123.9626,46.918],[-123.904008548545,46.93406855859301],[-123.4005,46.8624],[-123.4001,46.8718],[-123.3886,46.9109],[-124.1826,47.1435],[-124.2042,47.2021],[-123.3746,46.959],[-123.3605,47.0071],[-124.2258,47.2606],[-124.2263,47.2617],[-124.1073,47.2781],[-123.3464,47.0551],[-123.3323,47.1032],[-123.9849,47.2944],[-123.8636,47.3111],[-123.3182,47.1513],[-123.3042,47.1993],[-123.741,47.3273],[-123.6201,47.3441],[-123.2901,47.2474],[-123.276,47.2955],[-123.4971,47.3602],[-123.3771,47.3773],[-123.2619,47.3436],[-123.2471,47.3941],[-123.12771619337705,47.427402686169536],[-123.1334,47.4123],[-123.1584,47.3721],[-123.1613,47.3568],[-123.1302,47.3406],[-123.0741,47.3446],[-122.9051,47.395],[-122.8716,47.4099],[-122.8392,47.432],[-122.8677,47.4363],[-122.9071,47.4238],[-122.9763,47.391],[-123.0522,47.367],[-123.0919,47.3674],[-123.1135,47.391],[-123.1105,47.4051],[-123.07721205550737,47.44149105796228],[-122.8223,47.5126],[-122.7246781538169,47.33958085559464],[-122.7259,47.3391],[-122.7291,47.3206],[-122.7486,47.2954],[-122.7531,47.2812],[-122.7476,47.2673],[-122.7233,47.2385],[-122.7245,47.2326],[-122.7367,47.2197],[-122.7369,47.2246],[-122.7504,47.2128],[-122.7426,47.1979],[-122.743,47.1917],[-122.7728,47.1731],[-122.7987,47.205],[-122.8148,47.2509],[-122.8149,47.2743],[-122.7956,47.2807],[-122.7866,47.2961],[-122.784,47.3153],[-122.7845,47.3428],[-122.7914,47.3643],[-122.8066,47.3765],[-122.8111,47.3838],[-122.8057,47.3978],[-122.8201,47.3833],[-122.8366,47.3343],[-122.846,47.3159],[-122.87,47.2993],[-122.8856,47.2913],[-122.9134,47.2853],[-122.9205,47.278],[-122.9498,47.2023],[-122.9651,47.1811],[-122.9906,47.165],[-123.0433,47.1544],[-123.0683,47.1459],[-123.0788,47.1303],[-123.0409,47.1442],[-123.0216,47.1444],[-123.0179,47.1303],[-123.0294,47.1215],[-123.0681,47.1125],[-123.0788,47.0961],[-123.059,47.1027],[-122.9689,47.1477],[-122.9422,47.178],[-122.9302,47.1745],[-122.9347,47.16],[-122.9791,47.1015],[-122.9925,47.0909],[-123.0105,47.0825],[-122.9875,47.081],[-122.9646,47.09],[-122.9459,47.1072],[-122.9354,47.1303],[-122.9293,47.1204],[-122.9273,47.1098],[-122.9293,47.0993],[-122.9354,47.0893],[-122.9256,47.0783],[-122.9182,47.0561],[-122.9081,47.0483],[-122.8933,47.0473],[-122.893,47.0574],[-122.9081,47.0825],[-122.8958,47.0926],[-122.9012,47.1303],[-122.8924,47.1421],[-122.8529,47.165],[-122.8474,47.1552],[-122.848,47.1461],[-122.8597,47.1303],[-122.8455,47.1317],[-122.821,47.1421],[-122.8227,47.1601],[-122.8171,47.1657],[-122.7982,47.1576],[-122.7728,47.1278],[-122.7482,47.12],[-122.7357,47.1115],[-122.7264,47.1004],[-122.7225,47.0893],[-122.6859,47.1044],[-122.6523,47.1281],[-122.62235541000749,47.158230120289865],[-122.5873,47.0961],[-122.4275195032746,47.2666703644784],[-122.4186,47.2695],[-122.4004,47.2811],[-122.40928852166032,47.28613247182239],[-122.35664582504772,47.34233009376225],[-122.3395,47.3466],[-122.3285,47.3571],[-122.3236,47.3725],[-122.3253,47.391],[-122.3336,47.4041],[-122.35197085300224,47.42146514937073],[-122.38575341591537,47.59464178255647],[-122.3779,47.5962],[-122.3458,47.5623],[-122.34,47.5989],[-122.3452,47.612],[-122.3594,47.6237],[-122.39364461865613,47.63509377330518],[-122.4037421636083,47.686855945487196],[-122.3847,47.709],[-122.3811,47.7202],[-122.38599211242746,47.7443595090648],[-122.3747,47.7507],[-122.379,47.7585],[-122.3386,47.7888],[-122.3309,47.7751],[-122.2872,47.7995],[-122.3002,47.8228],[-122.2589,47.8516],[-122.2435,47.824],[-122.1998,47.8484],[-122.2213,47.887],[-122.1798,47.9155],[-122.156,47.8729],[-122.1166,47.8949],[-121.5442,47.5192],[-121.1829,47.3918],[-120.2658,47.566],[-120.1066,47.3259],[-119.3338,47.2253],[-118.89,46.7567],[-118.4591,47.034],[-117.3533,47.1241],[-116.3907,46.0028],[-116.5721,45.3029],[-116.9756,44.8789],[-116.8103,43.8958],[-117.225,43.3899],[-117.1635,43.1172],[-117.8521,42.7967],[-118.2976,42.2872],[-118.0773,41.356],[-118.3623,41.2945],[-118.9377,40.5534],[-119.6191,40.5187],[-118.9963,39.7127],[-118.5251,39.6976],[-118.1251,39.1332],[-117.985,38.8143],[-117.092,38.6292],[-117.0223,38.2137],[-116.5171,38.0796],[-116.4954,37.0592],[-116.2265,36.9618],[-115.9823,36.2981],[-115.1833,36.5025],[-115.0826,36.4953],[-115.0559,35.2373],[-114.6885,34.6949],[-115.3676,33.7852],[-115.2594,33.3187],[-115.9362,32.6137],[-115.9268,32.2923],[-115.91,32.2804],[-115.9026,32.2488],[-115.9254,32.2481],[-115.9239,32.198],[-115.8827,32.1993],[-115.8692,32.1945],[-115.8501,32.1502],[-115.9223,32.148],[-115.9208,32.0979],[-115.826,32.1009],[-115.8173,32.0942],[-115.7972,32.0517],[-115.9193,32.0479],[-115.9177,31.9979],[-115.7722,32.0024],[-115.7648,31.9949],[-115.7443,31.9532],[-115.9162,31.9478],[-115.9146,31.8978],[-115.7189,31.9038],[-115.712,31.8959],[-115.6913,31.8546],[-115.9131,31.8478],[-115.9115,31.7977],[-115.6657,31.8053],[-115.6592,31.797],[-115.6384,31.7561],[-115.91,31.7477],[-115.9084,31.6976],[-115.6126,31.7068],[-115.5763,31.6578],[-115.9069,31.6476],[-115.9053,31.5976],[-115.5392,31.6089],[-115.4915,31.5603],[-115.9038,31.5475],[-115.9022,31.4975],[-115.4431,31.5117],[-115.4421,31.5109],[-115.3948,31.4631],[-115.9007,31.4475],[-115.8992,31.3974],[-115.346,31.4145],[-115.2885,31.3662],[-115.8976,31.3474],[-115.8961,31.2973],[-115.2352,31.3177],[-115.1781,31.2694],[-115.8945,31.2473],[-115.893,31.1972],[-115.1244,31.221],[-115.0676,31.1727],[-115.8914,31.1472],[-115.8899,31.0972],[-115.0509,31.1231],[-115.0332,31.0736],[-115.8883,31.0471],[-115.8863,30.9812],[-116.22991366818812,30.930909089496502],[-116.2497,30.9568],[-116.2682,30.9638],[-116.3073,30.9541],[-116.32734831255922,30.955669618776877],[-116.33812041522492,30.974254740484437],[-116.3404,30.9893],[-116.3261,31.0274],[-116.3094,31.1485],[-116.3415,31.2196],[-116.4541,31.3385],[-116.5082,31.4193],[-116.5389,31.4473],[-116.5524,31.4521],[-116.5721,31.4669],[-116.5959,31.4779],[-116.6091,31.5014],[-116.647,31.5284],[-116.6522,31.5379],[-116.67203725396335,31.55036186466928],[-116.68070532188841,31.56531689270384],[-116.6811,31.5663],[-116.6772,31.5778],[-116.6811,31.5773],[-116.6676,31.58],[-116.6445,31.5795],[-116.6642,31.6011],[-116.6481,31.6592],[-116.6551,31.678],[-116.6685,31.697],[-116.6902,31.7082],[-116.7153,31.711],[-116.7504,31.7524],[-116.7088,31.7442],[-116.6788,31.727],[-116.6613,31.7234],[-116.6436,31.7343],[-116.6196,31.7717],[-116.61,31.8226],[-116.6118,31.8429],[-116.6197,31.8576],[-116.6764,31.8688],[-116.6947,31.89],[-116.7188,31.9012],[-116.7548,31.9096],[-116.7579,31.965],[-116.7699,31.9778],[-116.8039,31.9787],[-116.8423,31.9865],[-116.8654,32.013],[-116.8753,32.0345],[-116.8869,32.132],[-116.9227,32.2194],[-116.9483,32.247],[-116.9667,32.2566],[-117.00528554476954,32.26419206320696],[-117.12489678203566,32.5290917900524],[-117.137,32.6158],[-117.1498,32.6463],[-117.1664,32.6695],[-117.17321998634414,32.67359199180648],[-117.18331303557541,32.704255179423505],[-117.1681,32.6988],[-117.1642,32.6838],[-117.1313,32.631],[-117.1241,32.6068],[-117.1151,32.6003],[-117.1034,32.6068],[-117.1023,32.6205],[-117.1199,32.6526],[-117.119,32.6706],[-117.1332,32.6898],[-117.1463,32.6943],[-117.1773,32.715],[-117.1746,32.7267],[-117.19049345904351,32.72606966451386],[-117.2693532552759,32.965649663769234],[-117.2748,32.9935],[-117.286,33.0239],[-117.28975147357554,33.02762046966168],[-117.2959,33.0463],[-117.30391250116762,33.05340985828917],[-117.3222,33.1085],[-117.3619,33.1659],[-117.5088,33.3352],[-117.5963,33.3904],[-117.6544,33.442],[-117.7352,33.4848],[-117.7765,33.5294],[-117.8246,33.5617],[-117.8803,33.5929],[-117.92808091026487,33.60726299907761],[-117.9439,33.6213],[-117.96057674631454,33.62557259982275],[-117.9785,33.636],[-118.0905,33.731],[-118.1526,33.7588],[-118.1736,33.7633],[-118.1855,33.7575],[-118.199,33.764],[-118.2072,33.7638],[-118.1925,33.7523],[-118.1866,33.7415],[-118.1852,33.7324],[-118.1929,33.7317],[-118.2025,33.7393],[-118.2027,33.7466],[-118.2097,33.7423],[-118.2215,33.7709],[-118.2501,33.7637],[-118.2546,33.7654],[-118.2695,33.7536],[-118.2768,33.7566],[-118.2738,33.7503],[-118.2783,33.7387],[-118.27314392565222,33.718920960698696],[-118.27553248226951,33.71559404255319],[-118.2824,33.7162],[-118.2817,33.7117],[-118.27947118644067,33.71010799031477],[-118.2810388261851,33.70792449209932],[-118.28229913793102,33.70798177899686],[-118.3362,33.7218],[-118.3101,33.7518],[-118.3479,33.7846],[-118.38706936844001,33.73953218548902],[-118.39588741060278,33.737112600749235],[-118.40422792134831,33.73925966292135],[-118.4048,33.74],[-118.41079675482422,33.74141590044461],[-118.41413177416408,33.750160478713696],[-118.4152,33.7544],[-118.41655002681604,33.75650125141529],[-118.4233,33.7742],[-118.39621206838876,33.8053943467757],[-118.3957,33.8057],[-118.39555047923324,33.80615623003194],[-118.3857,33.8175],[-118.39168860199189,33.82269645887127],[-118.3914,33.8359],[-118.4447,33.9494],[-118.4827,33.999],[-118.5141,34.0222],[-118.518706507859,34.02476428937484],[-118.5199,34.0279],[-118.52519232338085,34.028374726682],[-118.5441,34.0389],[-118.5573,34.0379],[-118.5706,34.0411],[-118.5826,34.0365],[-118.6034,34.0388],[-118.60894353716587,34.03588729403149],[-118.6403,34.0387],[-118.668,34.0412],[-118.6573,34.0535],[-118.6951,34.0863],[-118.7296,34.0467],[-118.7911,34.0522],[-118.7329,34.1191],[-118.7707,34.152],[-118.8526,34.0577],[-118.9142,34.0632],[-118.8085,34.1848],[-118.8462,34.2175],[-118.9486,34.0663],[-118.9681,34.068],[-118.8906,34.2403],[-118.9363,34.2608],[-119.02052936375686,34.073302445885595],[-119.0383,34.0836],[-119.0609,34.0855],[-119.06827473943889,34.08934101012442],[-118.9819,34.2814],[-119.0276,34.3019],[-119.11593856338673,34.10538159318823],[-119.11731032277407,34.10563680423704],[-119.1572,34.1357],[-119.0732,34.3224],[-119.1189,34.343],[-119.1982,34.1667],[-119.2391,34.1976],[-119.1645,34.3635],[-119.2102,34.384],[-119.26889553935351,34.25350948761754],[-119.2693,34.255],[-119.2812,34.2687],[-119.2899,34.2746],[-119.3044,34.2724],[-119.31320864886513,34.27706188726488],[-119.2559,34.4046],[-119.3015,34.4251],[-119.35431078070414,34.30760692425161],[-119.3709,34.3197],[-119.3915,34.3184],[-119.39970526889303,34.328827529218216],[-119.3472,34.4456],[-119.3928,34.4662],[-119.44289585932366,34.35477004675157],[-119.4432,34.3548],[-119.4602,34.374],[-119.4702,34.3758],[-119.4778,34.3726],[-119.48703076025666,34.37875384017111],[-119.4385,34.4867],[-119.4842,34.5072],[-119.53445417156493,34.39534639692594],[-119.5368,34.3956],[-119.5632,34.4148],[-119.5759,34.4119],[-119.58109623788225,34.413692702069376],[-119.5298,34.5277],[-119.5755,34.5483],[-119.63495296143807,34.41608259644968],[-119.6385,34.4152],[-119.6781,34.4144],[-119.6877,34.4109],[-119.6909,34.4035],[-119.6967252360857,34.400724446335644],[-119.6211,34.5688],[-119.6668,34.5893],[-119.75027985514427,34.40375928969547],[-119.7876,34.4172],[-119.79921222369109,34.416964617087345],[-119.7124,34.6099],[-119.7581,34.6304],[-119.85794015357295,34.40850174318575],[-119.8786,34.4066],[-119.8904,34.4191],[-119.9006,34.4204],[-119.90589418972102,34.42369303666858],[-119.8038,34.6509],[-119.8494,34.6715],[-119.95545861236691,34.435784734014526],[-119.9571,34.4359],[-119.9759,34.4472],[-119.9895,34.4498],[-120.00113017611588,34.456154047438915],[-119.8951,34.692],[-119.9408,34.7125],[-120.05348241579186,34.46177528489224],[-120.0914,34.4588],[-120.10735521128278,34.464080415162634],[-119.9864,34.7331],[-120.0321,34.7536],[-120.1586571656482,34.47203616961375],[-120.21421921201011,34.470575840485346],[-120.0777,34.7741],[-120.1234,34.7947],[-120.26979907033322,34.469115043207765],[-120.2932,34.4685],[-120.32692142116304,34.464105996636334],[-120.169,34.8152],[-120.2147,34.8357],[-120.3847,34.4578],[-120.4196,34.4799],[-120.4277,34.485],[-120.3559,34.8836],[-120.4052,34.8924],[-120.4733,34.5139],[-120.519,34.5428],[-120.4545,34.9013],[-120.5038,34.9102],[-120.5647,34.5717],[-120.6103,34.6006],[-120.553,34.919],[-120.6023,34.9279],[-120.61636895295588,34.84971239592002],[-120.6156,34.858],[-120.6222,34.8673],[-120.6326,34.8714],[-120.6402,34.8792],[-120.6446,34.8951],[-120.655,34.9012],[-120.65811137028865,34.90060735804026],[-120.6516,34.9368],[-120.6631860693951,34.93887436176943],[-120.6337,35.0351],[-120.6307,35.0739],[-120.6357,35.1086],[-120.6449,35.1394],[-120.6586,35.1505],[-120.679,35.1531],[-120.7064,35.1742],[-120.7497,35.1774],[-120.7556,35.1719],[-120.75548341234513,35.168480095456964],[-120.88145371124162,35.29891864506466],[-120.8678,35.3304],[-120.8622,35.3619],[-120.8538,35.3475],[-120.8574,35.3268],[-120.8556,35.3215],[-120.8432,35.3243],[-120.8421,35.3317],[-120.8314,35.3361],[-120.8416,35.3459],[-120.8521,35.3671],[-120.8603,35.3738],[-120.8667,35.371],[-120.8711,35.4053],[-120.8873,35.4329],[-120.9082,35.4482],[-120.9462,35.4463],[-120.9635,35.4567],[-121.0054,35.4607],[-121.1018,35.5497],[-121.1309,35.6007],[-121.1433,35.605],[-121.1694,35.6369],[-121.1874,35.6419],[-121.1931,35.6396],[-121.1915,35.6339],[-121.195,35.6323],[-121.2165,35.6477],[-121.21906413871909,35.648504340092494],[-121.32141012016255,35.754480601914565],[-121.3231,35.7646],[-121.3372,35.7865],[-121.38382526683151,35.8191096555595],[-121.404,35.84],[-121.407,35.8793],[-121.4375,35.8747],[-121.46278204906916,35.900910331648376],[-121.4627,35.9037],[-121.4722,35.9136],[-121.47473813705854,35.923381809113245],[-121.4107,35.9282],[-121.4145,35.9781],[-121.48751522842639,35.97262385786802],[-121.49,35.9822],[-121.5067,36.0033],[-121.5226,36.0101],[-121.552272159901,36.01682838092993],[-121.4972,36.0891],[-121.537,36.1194],[-121.59098326252968,36.04858613489059],[-121.5927,36.0506],[-121.5945,36.0642],[-121.6064,36.0715],[-121.6182,36.0844],[-121.6211878463036,36.09154593240945],[-121.5768,36.1498],[-121.6167,36.1801],[-121.6511320146712,36.13486578464763],[-121.6779,36.1627],[-121.68770347814409,36.169478186060566],[-121.6565,36.2105],[-121.6963,36.2408],[-121.7289253411306,36.19797923976608],[-121.7291,36.1981],[-121.73995057213398,36.20395059529977],[-121.7608,36.2388],[-121.7361,36.2711],[-121.7759,36.3015],[-121.7885,36.285],[-121.8162,36.3312],[-121.8157,36.3318],[-121.8172,36.3329],[-121.93151846884878,36.52372716263016],[-121.9275,36.5239],[-121.9299,36.5378],[-121.9356,36.5442],[-121.9313,36.5472],[-121.9325,36.5551],[-121.9346,36.5612],[-121.9403,36.5585],[-121.9465,36.5648],[-121.95327278052322,36.56004074882153],[-121.96827536586939,36.58508395332345],[-121.9672,36.5852],[-121.9599,36.6115],[-121.9564,36.6141],[-121.9503,36.6099],[-121.9377,36.6392],[-121.9295,36.638],[-121.9212,36.6336],[-121.9205,36.6289],[-121.9022,36.6208],[-121.8874,36.602],[-121.87,36.6072],[-121.8379,36.6356],[-121.8271,36.6562],[-121.8143,36.6832],[-121.8054,36.7377],[-121.7637,36.7221],[-121.7613,36.7303],[-121.7702,36.7391],[-121.7837,36.738],[-121.8032,36.7505],[-121.7898,36.8062],[-121.8042,36.836],[-121.8599,36.9275],[-121.9056,36.9691],[-121.9372,36.9783],[-121.9528,36.971],[-121.9636,36.9595],[-121.9742,36.9552],[-122.0212,36.9627],[-122.0252,36.9597],[-122.0252,36.951],[-122.0348,36.9532],[-122.0468,36.9482],[-122.106,36.9558],[-122.1208,36.9633],[-122.135,36.9657],[-122.1422,36.9753],[-122.1536,36.9771],[-122.2079,37.0193],[-122.2221,37.0243],[-122.2279,37.0401],[-122.2510227423267,37.05706262950607],[-122.3572,37.2343],[-122.40523238149974,37.314411769866005],[-122.40445183737206,37.321578584129306],[-122.3313,37.2756],[-122.3046,37.318],[-122.4156,37.3877],[-122.3982,37.3998],[-122.3934,37.5261],[-122.4435,37.528],[-122.44631569993666,37.453144882816034],[-122.4492,37.4767],[-122.4632,37.4966],[-122.4793,37.5028],[-122.4942,37.5008],[-122.49467268462207,37.49847954821895],[-122.4935,37.5298],[-122.5085,37.5304],[-122.51774233971804,37.54567210145923],[-122.5148,37.5609],[-122.52,37.5741],[-122.519,37.5897],[-122.5224,37.5932],[-122.5032,37.6015],[-122.4959,37.6274],[-122.4947,37.6652],[-122.5136,37.7523],[-122.51444534412956,37.767516194332],[-122.51209099322071,37.782905229742816],[-122.5059,37.7865],[-122.4859,37.7908],[-122.4764,37.8107],[-122.4634,37.8053],[-122.4086,37.8104],[-122.3982,37.8035],[-122.3879,37.791],[-122.3871,37.7787],[-122.3815,37.7736],[-122.3829,37.7638],[-122.3792,37.756],[-122.3545,37.73],[-122.3625,37.7149],[-122.3763,37.7166],[-122.3795,37.7075],[-122.3925,37.7103],[-122.388,37.6772],[-122.3802,37.6767],[-122.381,37.6669],[-122.3749,37.6552],[-122.3814,37.6474],[-122.3837,37.6315],[-122.3637,37.6273],[-122.3541,37.6135],[-122.3593,37.6085],[-122.3712,37.6129],[-122.3741,37.6042],[-122.3623,37.5997],[-122.3585,37.5928],[-122.3168,37.5898],[-122.3158,37.5839],[-122.2991,37.5769],[-122.2579,37.5715],[-122.251,37.5681],[-122.2453,37.5532],[-122.2396,37.5469],[-122.1993,37.535],[-122.1989,37.5268],[-122.2073,37.5175],[-122.193,37.5154],[-122.1831,37.5076],[-122.1713,37.5036],[-122.1587,37.5034],[-122.1479,37.4966],[-122.1341,37.4978],[-122.1002,37.4551],[-122.0809,37.4487],[-122.0589,37.4474],[-122.0386,37.4514],[-122.0321,37.4634],[-122.0522,37.4714],[-122.0517,37.4892],[-122.0624,37.5017],[-122.0933,37.5036],[-122.109,37.518],[-122.1166,37.5426],[-122.1463,37.579],[-122.1628,37.6644],[-122.1919,37.7003],[-122.2067,37.7107],[-122.2144,37.6991],[-122.2518,37.7228],[-122.2623,37.743],[-122.2489,37.7483],[-122.2125,37.7435],[-122.2173,37.7585],[-122.2393,37.7553],[-122.2835,37.7633],[-122.2999,37.7722],[-122.2974,37.7798],[-122.3076,37.7809],[-122.3099,37.7762],[-122.3315,37.7824],[-122.325,37.8038],[-122.3391,37.8034],[-122.3407,37.8071],[-122.3347,37.8116],[-122.3224,37.8109],[-122.3166,37.8171],[-122.3284,37.821],[-122.3197,37.8251],[-122.3014,37.8262],[-122.2955,37.8313],[-122.3039,37.8629],[-122.316,37.8609],[-122.3177,37.8679],[-122.3083,37.8703],[-122.3139,37.8858],[-122.3288,37.9081],[-122.3648,37.9037],[-122.3911,37.9077],[-122.3876,37.9202],[-122.3963,37.928],[-122.4102,37.9319],[-122.4297,37.9643],[-122.3977,37.9561],[-122.395,37.9703],[-122.3688,37.9803],[-122.3596,37.9876],[-122.37,38.0036],[-122.3663,38.0123],[-122.336,38.0038],[-122.3225,38.0052],[-122.3168,38.0101],[-122.299,38.0112],[-122.277,38.025],[-122.2756,38.0391],[-122.2497,38.0554],[-122.227,38.0584],[-122.1862,38.048],[-122.1686,38.028],[-122.1479,38.0236],[-122.1244,38.0292],[-122.0818,38.0479],[-122.0533,38.0531],[-122.004,38.0561],[-121.939,38.0445],[-121.888,38.0411],[-121.8781,38.0343],[-121.8371,38.0231],[-121.7791,38.0155],[-121.7511,38.0194],[-121.723,38.0111],[-121.69,38.0091],[-121.6814,38.0175],[-121.6948,38.0247],[-121.7105,38.0221],[-121.7231,38.0256],[-121.7206,38.0321],[-121.7049,38.0352],[-121.6949,38.0434],[-121.6815,38.0483],[-121.6711,38.0839],[-121.6245,38.0893],[-121.6241,38.0947],[-121.6067,38.0994],[-121.5821,38.092],[-121.5765,38.0743],[-121.585,38.0627],[-121.5992,38.0591],[-121.6206,38.0618],[-121.6322,38.0442],[-121.6128,38.0215],[-121.6051,38.0179],[-121.5842,38.0287],[-121.5781,38.0624],[-121.5693,38.0658],[-121.5378,38.051],[-121.5264,38.041],[-121.5126,38.0402],[-121.5009,38.0311],[-121.4803,38.0227],[-121.4453,37.9963],[-121.4454,38.0039],[-121.4587,38.0206],[-121.4866,38.0447],[-121.5132,38.0548],[-121.5263,38.0545],[-121.5356,38.0645],[-121.5486,38.0642],[-121.5651,38.0811],[-121.5713,38.0971],[-121.6041,38.1058],[-121.6272,38.1056],[-121.6445,38.0925],[-121.6649,38.0992],[-121.6803,38.0927],[-121.6886,38.0751],[-121.6893,38.0616],[-121.6993,38.0508],[-121.7421,38.0294],[-121.7675,38.0304],[-121.7787,38.036],[-121.7852,38.0434],[-121.7798,38.0614],[-121.7692,38.0687],[-121.7364,38.0788],[-121.7167,38.0928],[-121.6878,38.1238],[-121.6826,38.1472],[-121.6895,38.1475],[-121.7049,38.1223],[-121.747,38.0877],[-121.8031,38.0629],[-121.8461,38.0725],[-121.8618,38.0705],[-121.8825,38.0569],[-121.8982,38.0532],[-121.9167,38.0527],[-121.9288,38.0584],[-121.9161,38.067],[-121.9083,38.0788],[-121.955,38.0792],[-121.9713,38.0749],[-122.015,38.0985],[-121.986,38.1107],[-121.9894,38.1252],[-122.0003,38.1373],[-122.0162,38.1395],[-122.0552,38.1337],[-122.069,38.1218],[-122.0658,38.1132],[-122.0755,38.1005],[-122.1211,38.0599],[-122.1303,38.0421],[-122.1585,38.0434],[-122.1659,38.0545],[-122.1843,38.0648],[-122.1896,38.0614],[-122.2236,38.0657],[-122.2452,38.0721],[-122.2609,38.0694],[-122.2715,38.0745],[-122.3007,38.1082],[-122.3965,38.1532],[-122.4106,38.1338],[-122.4341,38.1233],[-122.4493,38.1245],[-122.4579,38.1177],[-122.5023,38.1135],[-122.4874,38.1048],[-122.4825,38.0769],[-122.5027,38.0319],[-122.5061,38.0172],[-122.4542,37.9978],[-122.4453,37.9851],[-122.4512,37.9801],[-122.4692,37.9827],[-122.4744,37.9761],[-122.4925,37.9698],[-122.4936,37.9586],[-122.4803,37.9418],[-122.4917,37.9355],[-122.5036,37.9405],[-122.5034,37.9248],[-122.4762,37.916],[-122.4726,37.9112],[-122.4743,37.9052],[-122.4601,37.8954],[-122.449,37.8936],[-122.4388,37.8821],[-122.448,37.8737],[-122.4595,37.8711],[-122.459,37.8625],[-122.4695,37.867],[-122.4761,37.8868],[-122.4901,37.8939],[-122.499,37.8936],[-122.4947,37.8775],[-122.4993,37.8725],[-122.4893,37.8641],[-122.4781,37.8597],[-122.4798,37.8531],[-122.4704,37.8318],[-122.4776,37.8251],[-122.4878,37.8253],[-122.5026,37.8205],[-122.5118,37.8245],[-122.5226,37.822],[-122.5284,37.8164],[-122.538,37.8279],[-122.5737,37.8559],[-122.5883,37.8608],[-122.6013,37.8732],[-122.6207,37.8775],[-122.6452,37.8988],[-122.6724,37.9066],[-122.67529256471457,37.905731040229774],[-122.786,37.9886],[-122.8011,38.0135],[-122.8104,38.0068],[-122.854,38.0395],[-122.8268,38.056],[-122.85363077332623,38.10025268201784],[-122.8434,38.092],[-122.8257,38.0721],[-122.8323,38.0959],[-122.8504,38.1107],[-122.87845526835397,38.143111217914196],[-122.8627,38.2404],[-122.97125956363887,38.257936887279094],[-122.9745,38.2662],[-123.0023,38.2949],[-123.0295,38.3127],[-123.0465,38.312],[-123.0529,38.298],[-123.0624,38.2959],[-123.076,38.3225],[-123.07506191267562,38.325437694515784],[-122.8548,38.2899],[-122.8468,38.3393],[-123.0796123542994,38.37693768258206],[-123.087,38.3913],[-123.0958,38.3958],[-123.1021,38.4122],[-123.1128,38.4206],[-123.1246,38.4375],[-123.1287,38.4493],[-123.15400590802273,38.467230015399984],[-122.9346,38.6466],[-122.9663,38.6854],[-123.2031943520667,38.49163608912104],[-123.2527,38.5107],[-123.25570100194304,38.51345971535465],[-122.998,38.7241],[-123.0297,38.7629],[-123.29634036755402,38.54484544438618],[-123.3153,38.5575],[-123.337,38.5673],[-123.33882506095746,38.57479439925081],[-123.0613,38.8016],[-123.093,38.8404],[-123.3707420353292,38.613306660905266],[-123.4011,38.6428],[-123.40498009620188,38.649988705366276],[-123.1247,38.8791],[-123.1564,38.9179],[-123.43630182174815,38.689079805447925],[-123.47518920856996,38.72189310128908],[-123.1881,38.9567],[-123.2198,38.9954],[-123.52354135425502,38.74713207475022],[-123.5376,38.7723],[-123.55872892927643,38.78296412939895],[-123.2515,39.0342],[-123.2832,39.0729],[-123.5999,38.814],[-123.6339,38.8508],[-123.3148,39.1117],[-123.3465,39.1505],[-123.668,38.8877],[-123.702,38.9245],[-123.3782,39.1892],[-123.4099,39.228],[-123.70821161111918,38.984088035200024],[-123.7039,38.9901],[-123.6891,39.0279],[-123.6952,39.0591],[-123.69527514252654,39.05931034214816],[-123.4416,39.2667],[-123.4733,39.3055],[-123.7131717971207,39.10940741694016],[-123.7216,39.133],[-123.7378,39.143],[-123.736108495178,39.15530185325096],[-123.505,39.3442],[-123.5367,39.383],[-123.76781090674689,39.19403637183876],[-123.76856495094556,39.196550959761204],[-123.7777,39.2506],[-123.5684,39.4218],[-123.6,39.4605],[-123.7873,39.3074],[-123.7969,39.3642],[-123.6317,39.4993],[-123.6634,39.538],[-123.8065,39.421],[-123.81229381646988,39.45492667788551],[-123.7986,39.4905],[-123.79700889438992,39.49348884769115],[-123.6951,39.5768],[-123.7268,39.6156],[-123.77566560399463,39.57561905127712],[-123.7868,39.5968],[-123.78661847832092,39.632136220195804],[-123.7581,39.6538],[-123.7866,39.6887],[-123.7861,39.6943],[-123.80003632884785,39.69543387290922],[-123.8086,39.7118],[-123.8238,39.7178],[-123.83,39.7265],[-123.8306,39.7418],[-123.83290418292857,39.74831754599795],[-123.7821,39.7442],[-123.7781,39.7941],[-123.84271139567215,39.79929620485097],[-123.854,39.8335],[-123.8802,39.8443],[-123.89188453043735,39.853477667543515],[-123.7741,39.844],[-123.7701,39.8939],[-123.93006481753261,39.90683733991839],[-123.9307,39.908],[-123.9556,39.9245],[-123.97763652354041,39.96081770403227],[-123.7661,39.9438],[-123.762,39.9937],[-124.04256630899587,40.01634303261007],[-124.0585,40.0238],[-124.0694,40.0213],[-124.0761,40.0272],[-124.0804,40.0356],[-124.0805,40.0598],[-124.08445276826973,40.06993970990929],[-123.758,40.0436]]],[[[-124.21766862244898,40.71620293367347],[-124.2218,40.7224],[-124.2174,40.7307],[-124.2205,40.7372],[-124.2029,40.7452],[-124.1986,40.7544],[-124.2011,40.7619],[-124.1982,40.769],[-124.1916,40.7728],[-124.1889,40.7906],[-124.1827,40.7999],[-124.1459,40.8096],[-124.1226271039809,40.807466651198254],[-124.21766862244898,40.71620293367347]]],[[[-124.3165,40.6213],[-124.31313554817277,40.63401926910299],[-124.3058,40.6374],[-124.3103965391332,40.644374059374506],[-124.30865029554003,40.650975711982795],[-124.2927,40.6768],[-124.2739,40.7],[-124.2397,40.7587],[-124.2309,40.7501],[-124.2473,40.7279],[-124.2585,40.7069],[-124.2595,40.6984],[-124.248,40.6933],[-124.24214705712136,40.69269749117426],[-124.3165,40.6213]]],[[[-124.16906310150306,40.83221795706659],[-124.1704,40.8268],[-124.184,40.8157],[-124.1936,40.8024],[-124.1997,40.7849],[-124.2233,40.7571],[-124.2328,40.7666],[-124.223656849891,40.779810387701964],[-124.16906310150306,40.83221795706659]]],[[[-123.95898501935041,46.13691714430347],[-123.98445677824846,46.18830753506267],[-123.91951051196943,46.185215970998904],[-123.9159,46.1806],[-123.904,46.1801],[-123.9007,46.1686],[-123.8669,46.1599],[-123.835,46.1625],[-123.8251,46.1569],[-123.8185,46.1473],[-123.81537694406914,46.130071141448106],[-123.95898501935041,46.13691714430347]]],[[[-123.55832519493822,46.218128583228705],[-123.5421,46.2262],[-123.5366,46.234],[-123.5193,46.2353],[-123.4849,46.23],[-123.4731,46.2175],[-123.46607625470959,46.21374356797839],[-123.55832519493822,46.218128583228705]]],[[[-123.80918068285428,46.280206951722676],[-123.8184,46.2688],[-123.8342,46.2688],[-123.8415,46.2614],[-123.851,46.2598],[-123.8545,46.2521],[-123.873,46.2402],[-123.9252,46.2515],[-123.9487,46.2698],[-123.96198434718293,46.28748839706422],[-123.80918068285428,46.280206951722676]]],[[[-123.76013554754768,46.27786983845008],[-123.7645,46.2733],[-123.778,46.2741],[-123.78519497918528,46.27906397788752],[-123.76013554754768,46.27786983845008]]],[[[-123.54431205837429,46.26758535380279],[-123.6032,46.2601],[-123.6627,46.2702],[-123.66430970811636,46.273303517248344],[-123.54431205837429,46.26758535380279]]],[[[-123.92768469390741,46.4362842335483],[-123.9269,46.4401],[-123.9207,46.4393],[-123.91745408281508,46.4357969804638],[-123.92768469390741,46.4362842335483]]],[[[-123.97415974908802,46.43849769995657],[-123.9747,46.4402],[-123.9978,46.4534],[-123.991,46.4732],[-123.9903,46.4883],[-123.98921327489042,46.48938672510958],[-123.97250995143183,46.488589502356355],[-123.9712,46.4848],[-123.9482,46.4642],[-123.9466348559167,46.43718677248829],[-123.97415974908802,46.43849769995657]]],[[[-124.0293,46.4913],[-124.02613499520103,46.4911489394134],[-124.02386341625092,46.45092537068698],[-124.0293,46.4913]]],[[[-124.0361,46.5418],[-124.0429,46.5922],[-124.02597584090417,46.59139421599209],[-124.0256,46.5909],[-124.0179,46.5685],[-124.02088725048797,46.5410748810622],[-124.0361,46.5418]]],[[[-124.0497,46.6427],[-124.04977055874222,46.643224002423906],[-124.04915192490304,46.64267385203555],[-124.0497,46.6427]]],[[[-124.06311061377089,46.843943265136566],[-124.0581,46.8445],[-124.05529836853407,46.84357119826401],[-124.06311061377089,46.843943265136566]]],[[[-124.0769,46.8446],[-124.07901223867964,46.86032444350403],[-124.0774,46.8588],[-124.07296616152003,46.844412646564976],[-124.0769,46.8446]]],[[[-124.09312676734193,46.90131048987108],[-124.0909,46.9],[-124.09168539240848,46.89740937727949],[-124.09312676734193,46.90131048987108]]],[[[-124.11020412615603,46.947530732748405],[-124.1048,46.9447],[-124.10564215427596,46.93518365668167],[-124.11020412615603,46.947530732748405]]],[[[-120.63431445579894,34.749981031709],[-120.6402,34.7585],[-120.6299,34.7819],[-120.62633451364526,34.794329218788015],[-120.63431445579894,34.749981031709]]],[[[-118.2511,33.7363],[-118.2686,33.7289],[-118.2709,33.7396],[-118.2675,33.747],[-118.255,33.7581],[-118.2266,33.7655],[-118.2239,33.7561],[-118.2439,33.7508],[-118.2363,33.728],[-118.2501,33.7236],[-118.2456,33.7149],[-118.2576,33.7166],[-118.2613,33.725],[-118.2591,33.7294],[-118.2443,33.7343],[-118.249,33.7494],[-118.2539,33.7462],[-118.2511,33.7363]]],[[[-122.3597,37.8095],[-122.3635,37.8072],[-122.3698,37.8095],[-122.3792,37.8292],[-122.3728,37.8328],[-122.3677,37.8315],[-122.3628,37.8205],[-122.3691,37.8166],[-122.3667,37.8124],[-122.3617,37.8134],[-122.3597,37.8095]]],[[[-122.4441,37.8641],[-122.4416,37.8685],[-122.4346,37.8711],[-122.4252,37.8714],[-122.4179,37.8631],[-122.4192,37.8539],[-122.4364,37.8527],[-122.4433,37.8559],[-122.4441,37.8641]]],[[[-123.3769,46.1561],[-123.411,46.1751],[-123.423,46.1878],[-123.4171,46.2048],[-123.405,46.2009],[-123.3489,46.1664],[-123.3157,46.1485],[-123.3579,46.1505],[-123.3769,46.1561]]],[[[-123.4408,46.2132],[-123.4684,46.225],[-123.4778,46.2361],[-123.4824,46.2493],[-123.4807,46.2559],[-123.4712,46.2548],[-123.4443,46.2359],[-123.4367,46.2204],[-123.4408,46.2132]]],[[[-122.6714,47.165],[-122.6771,47.1396],[-122.6898,47.1296],[-122.7068,47.124],[-122.7422,47.1437],[-122.7464,47.1537],[-122.7294,47.1622],[-122.7181,47.1806],[-122.6855,47.1806],[-122.6756,47.1763],[-122.6714,47.165]]],[[[-122.9049,47.2783],[-122.8908,47.2783],[-122.8469,47.298],[-122.8526,47.2853],[-122.8668,47.2783],[-122.8682,47.2556],[-122.8695,47.2429],[-122.8483,47.2202],[-122.8483,47.1933],[-122.8597,47.1777],[-122.8739,47.1679],[-122.8795,47.1721],[-122.8908,47.2004],[-122.9219,47.2287],[-122.9219,47.2372],[-122.912,47.2697],[-122.9049,47.2783]]]]}},{"type":"Feature","properties":{"id":"legion","name":"Caesar's Legion","layer":"edge"},"geometry":{"type":"MultiLineString","coordinates":[[[-115.2352,31.3177],[-115.2634,31.3452],[-115.2885,31.3662],[-115.346,31.4145],[-115.3948,31.4631],[-115.4421,31.5109],[-115.4431,31.5117],[-115.4915,31.5603],[-115.5392,31.6089],[-115.5763,31.6578],[-115.6126,31.7068],[-115.6384,31.7561],[-115.6592,31.797],[-115.6657,31.8053],[-115.6913,31.8546],[-115.712,31.8959],[-115.5967,32.0591],[-115.55421711230349,32.02911818182102],[-115.9268,32.2923],[-115.9362,32.6137],[-115.2594,33.3187],[-115.3676,33.7852],[-114.6885,34.6949],[-115.0559,35.2373],[-115.0826,36.4953],[-114.3602,36.3714],[-114.1434,36.5367],[-113.7958,36.0064],[-113.4125,36.4318],[-112.7932,36.6968],[-112.0244,36.2527],[-111.9085,36.8656],[-111.3711,37.318],[-110.9012,37.4223],[-110.5689,37.9123],[-110.1409,38.0003],[-109.5118,38.536],[-108.9729,38.96],[-107.7583,39.5081],[-107.3904,39.3608],[-107.5708,38.8206],[-107.0736,38.5601],[-106.9613,38.011],[-105.8597,37.7509],[-105.6356,36.8069],[-106.4899,35.8894],[-106.9266,35.2392],[-106.9215,34.7768],[-107.8608,33.2988],[-107.6243,32.7379],[-107.5008,32.542],[-108.659,32.6156],[-109.0261,32.0712],[-109.5211,31.972],[-110.181,32.1682],[-111.07,31.5595],[-112.6483,31.9159],[-112.8849,32.3722],[-113.3793,32.3655],[-114.34970503522156,31.693202284935595]],[[-114.41926306669869,31.735346437368303],[-114.5103,31.8144],[-114.5171644271656,31.806502386533534]],[[-114.61627798312914,31.84533009525886],[-114.586,31.8802],[-114.66162345525399,31.945873000615304],[-114.71575959667048,31.883556791660528]],[[-114.791864657993,31.923307986590206],[-114.7358,32.0103],[-114.7611,32.0323],[-114.9291,32.015],[-114.92678902889332,31.9924784281095]],[[-114.9011727823402,31.742835264400256],[-114.89103498153197,31.644037313593163]],[[-114.93236675036891,31.404488658079508],[-114.9367,31.3935],[-114.93648863893625,31.392886133953994]],[[-114.95460267464846,31.337577826439325],[-114.9893,31.311],[-115.0476,31.2065],[-115.0649,31.1704],[-115.0676,31.1727],[-115.1244,31.221],[-115.1526,31.2481],[-115.1781,31.2694],[-115.2352,31.3177]]]}},{"type":"Feature","properties":{"id":"legion","name":"Caesar's Legion","layer":"band"},"geometry":{"type":"MultiPolygon","coordinates":[[[[-115.2885,31.3662],[-115.346,31.4145],[-115.3948,31.4631],[-115.4421,31.5109],[-115.4431,31.5117],[-115.4915,31.5603],[-115.5392,31.6089],[-115.5763,31.6578],[-115.6126,31.7068],[-115.6384,31.7561],[-115.6592,31.797],[-115.6657,31.8053],[-115.6913,31.8546],[-115.712,31.8959],[-115.5967,32.0591],[-115.55421711230349,32.02911818182102],[-115.9268,32.2923],[-115.9362,32.6137],[-115.2594,33.3187],[-115.3676,33.7852],[-114.6885,34.6949],[-115.0559,35.2373],[-115.0826,36.4953],[-114.3602,36.3714],[-114.1434,36.5367],[-113.7958,36.0064],[-113.4125,36.4318],[-112.7932,36.6968],[-112.0244,36.2527],[-111.9085,36.8656],[-111.3711,37.318],[-110.9012,37.4223],[-110.5689,37.9123],[-110.1409,38.0003],[-109.5118,38.536],[-108.9729,38.96],[-107.7583,39.5081],[-107.3904,39.3608],[-107.5708,38.8206],[-107.0736,38.5601],[-106.9613,38.011],[-105.8597,37.7509],[-105.6356,36.8069],[-106.4899,35.8894],[-106.9266,35.2392],[-106.9215,34.7768],[-107.8608,33.2988],[-107.6243,32.7379],[-107.5008,32.542],[-108.659,32.6156],[-109.0261,32.0712],[-109.5211,31.972],[-110.181,32.1682],[-111.07,31.5595],[-112.6483,31.9159],[-112.8849,32.3722],[-113.3793,32.3655],[-114.3614,31.6851],[-114.5103,31.8144],[-114.56975751199276,31.745993352792823],[-114.5847,31.7608],[-114.6039,31.7653],[-114.68559799127158,31.76549710009957],[-114.586,31.8802],[-114.66162345525399,31.945873000615304],[-114.77549808331221,31.814791713123295],[-114.8035,31.8195],[-114.817,31.8305],[-114.82578811492557,31.841141857917684],[-114.8152,31.8871],[-114.7358,32.0103],[-114.7611,32.0323],[-114.9291,32.015],[-114.91715774601052,31.898616748395476],[-114.9338,31.9089],[-114.9561,31.9181],[-114.9913,31.9248],[-115.0121,31.9368],[-115.0211,31.9656],[-115.0294,31.9709],[-115.0352,31.9661],[-115.0347,31.9547],[-115.0306,31.9421],[-115.012,31.9147],[-115.0021,31.9089],[-114.9686,31.9021],[-114.9513,31.8945],[-114.9362,31.8848],[-114.9134,31.8611],[-114.9133062047903,31.861081548483337],[-114.8902,31.6359],[-114.9324,31.4814],[-114.8768,31.5454],[-114.9367,31.3935],[-114.9252,31.3601],[-114.9893,31.311],[-115.0476,31.2065],[-115.0649,31.1704],[-115.0676,31.1727],[-115.1244,31.221],[-115.1526,31.2481],[-115.1781,31.2694],[-115.2352,31.3177],[-115.2634,31.3452],[-115.2885,31.3662]],[[-115.40027307814084,31.789770099405843],[-115.37238983918513,31.75301833700871],[-115.33520959180609,31.715136575528167],[-115.28653650813897,31.666463491861045],[-115.28572077520964,31.66564345884065],[-115.23898643937225,31.61841510253986],[-115.19736067026723,31.5769599308492],[-115.14716327926807,31.534794122409906],[-115.12268637811269,31.514315440168353],[-115.11735124078069,31.52357156326364],[-115.10478832406967,31.541129797281993],[-115.09224137305756,31.555457663115927],[-115.09394339327717,31.559018630687337],[-115.10129962198712,31.579316521151576],[-115.10663088726714,31.60023770822701],[-115.10988584611823,31.62158070944542],[-115.12002364692646,31.720378660252514],[-115.12117095231552,31.741937930844895],[-115.12019955506449,31.76350584324995],[-115.11711881025991,31.784874686680993],[-115.11195838715835,31.805838667494385],[-115.10476798345528,31.82619589109482],[-115.095616846669,31.84575030629063],[-115.09354983890728,31.849231017964186],[-115.09628065162372,31.85221941833038],[-115.1092122901775,31.869507887969004],[-115.12038709300242,31.887980631131715],[-115.12969744063851,31.907459745203628],[-115.13705366934846,31.927757635667867],[-115.14238493462848,31.9486788227433],[-115.14563989347957,31.970021823961712],[-115.14795086458625,31.992543395852213],[-115.14909814967727,32.01409770371883],[-115.14812770507659,32.03566069720225],[-115.14504887240527,32.05702480823152],[-115.13989128889149,32.07798438320305],[-115.13270460207892,32.098337662627934],[-115.12355799191327,32.11788872329396],[-115.11253950480744,32.136449364247],[-115.0997552060958,32.153840918436906],[-115.08532815903594,32.16989597258884],[-115.06939724018646,32.18445997874444],[-115.05211580256379,32.19739274195973],[-115.03365019944691,32.20856976983923],[-115.0141781830399,32.21788347091528],[-114.99388719340696,32.22524419033697],[-114.97297255415096,32.23058107289897],[-114.95163559220401,32.23384274510254],[-114.783635592204,32.25114274510254],[-114.76117034236957,32.25229998875443],[-114.7387043570989,32.251157111328475],[-114.71647252043239,32.24772606171827],[-114.69470726836433,32.242042711878035],[-114.67363615870195,32.23416648177791],[-114.65347949192689,32.224179718162404],[-114.63444800793218,32.21218683360728],[-114.61674068271655,32.19831321487598],[-114.59144068271655,32.17631321487598],[-114.57631842688778,32.16184414484781],[-114.562639534023,32.14600354830524],[-114.55825655592328,32.139826726771936],[-114.5525458136137,32.13692814473394],[-114.53434636695431,32.12531809749442],[-114.51737239105582,32.111980286661684],[-114.44174893580183,32.04630728604638],[-114.42616276625806,32.03136897403146],[-114.41211579574542,32.014974936508054],[-114.40778933794135,32.00878837674008],[-114.40122136303556,32.00545457586245],[-114.3830251562787,31.99384668889595],[-114.36605395669228,31.980511646160245],[-114.34619911634616,31.96327033751851],[-113.50458651151413,32.54634050993243],[-113.48615268583572,32.557808355329904],[-113.46667833266059,32.56740350908653],[-113.44635309251862,32.575032533950434],[-113.42537489184544,32.58062113876007],[-113.40394801558213,32.584114901888825],[-113.38228111785608,32.58547980120076],[-112.88788111785608,32.592179801200764],[-112.86578544318886,32.59136804903524],[-112.84388284046605,32.58834252849397],[-112.82239454307216,32.583133799696114],[-112.80153759958439,32.57579447486842],[-112.78152268141272,32.56639868692065],[-112.76255195485413,32.55504134064533],[-112.74481703905522,32.541837154105295],[-112.72849707050929,32.52691949989165],[-112.71375689363784,32.51043905795653],[-112.70074539573332,32.49256229362796],[-112.68959400308124,32.473469776180096],[-112.50007464613319,32.10796815920885],[-111.11512738441424,31.795229640500985],[-110.3052912110022,32.349726017054316],[-110.28677562928323,32.36110286739636],[-110.26722794953221,32.370597481998836],[-110.24683890681679,32.3781172178483],[-110.22580744574265,32.38358870166752],[-110.20433877926604,32.386958545849915],[-110.18264238634325,32.38819386938526],[-110.1609299679548,32.38728261869373],[-110.13941338144859,32.38423368523788],[-110.1183025733571,32.37907681876479],[-109.51076577324558,32.19844532886953],[-109.15796432654774,32.269148164248165],[-108.84140417580565,32.7385988481599],[-108.82896549307762,32.75528439842333],[-108.81500580033462,32.77071992219556],[-108.79965002194858,32.78476728798992],[-108.78303557576996,32.79730078685415],[-108.76531114338448,32.80820825733152],[-108.74663533957143,32.81739208918638],[-108.72717529287037,32.82477009691168],[-108.70710514995889,32.83027625520172],[-108.68660451722543,32.833861289808226],[-108.66585685348352,32.83549311849239],[-108.64504782821092,32.835157138126654],[-107.88366384626403,32.78677355923588],[-108.06351689757638,33.21332567966338],[-108.07081023811276,33.233258411006275],[-108.07614880597805,33.25380120264022],[-108.0794829098493,33.27476284251746],[-108.08078151592936,33.29594821995608],[-108.08003253680907,33.3171601417277],[-108.0772429439767,33.338201167529625],[-108.07243870292749,33.35887544775673],[-108.06566453147704,33.378990546467094],[-108.05698348352855,33.39835923257338],[-108.04647636216781,33.41680122258743],[-107.14220691274954,34.83968022422715],[-107.14658661994909,35.236773676985855],[-107.14572177730663,35.25883788965191],[-107.1426495207432,35.280704271908185],[-107.13740079990696,35.30215254370225],[-107.13002848995974,35.32296663699048],[-107.12060685891731,35.342936872388925],[-107.10923081947969,35.36186207146536],[-106.6725308194797,36.012062071465365],[-106.66226007958916,36.02611870012555],[-106.65091003474315,36.03931920728183],[-105.87684716943599,36.87064623399295],[-106.04239157504608,37.567986345085885],[-107.01185439042631,37.79688728760622],[-107.03188789376776,37.802631698059834],[-107.05128794440216,37.81024599664696],[-107.06988044711383,37.81966185298128],[-107.0874985535872,37.83079476957508],[-107.10398415969642,37.84354484011616],[-107.119189324325,37.85779764602269],[-107.13297759698291,37.87342528323063],[-107.14522524230738,37.89028750999929],[-107.15582235045875,37.908233005434624],[-107.16467382344662,37.927100727436404],[-107.17170022853504,37.94672135788307],[-107.17683851106854,37.96691882208523],[-107.26821199481505,38.41369691580925],[-107.67290057745736,38.62572703603918],[-107.69198296313779,38.636984397598816],[-107.70983632915181,38.65010396140675],[-107.72627960930518,38.66495267078967],[-107.74114603828565,38.68137993233594],[-107.75428484297204,38.69921914319165],[-107.7655627715529,38.71828938072205],[-107.7748654449467,38.7383972374022],[-107.78209851681748,38.75933878232737],[-107.78718863042148,38.78090162945013],[-107.79008416258031,38.802867091568146],[-107.79075574723561,38.82501239821745],[-107.78919657327523,38.84711295497746],[-107.78542245361062,38.86894462127434],[-107.77947166480449,38.89028598358151],[-107.66479389147976,39.23368361745078],[-107.75315189450319,39.26906044225467],[-108.85795229144588,38.77050857533198],[-109.37241405700452,38.3657362825191],[-109.99826824045282,37.832800205467365],[-110.01579705554155,37.81933245239042],[-110.03458889272063,37.80769172274008],[-110.05445403219106,37.79799553971903],[-110.07519191824179,37.79034179465509],[-110.09659318403257,37.78480775870388],[-110.43700804997528,37.71481591710818],[-110.71912080644353,37.29882057955343],[-110.73159263366826,37.282180974575155],[-110.7455797938266,37.2667932431354],[-110.76095732062198,37.25279486473598],[-110.7775878257246,37.24031090590119],[-110.79532272624778,37.22945290278877],[-110.81400357224082,37.22031786468591],[-110.8334634623375,37.21298740729355],[-110.8535285349127,37.20752702354246],[-111.27072072378687,37.11492616101942],[-111.70688699734714,36.74774785406247],[-111.80823106451618,36.211822239153896],[-111.8134173151325,36.1903597506734],[-111.82072880482697,36.16952521862494],[-111.83009188460024,36.14952851028606],[-111.84141223968408,36.13057105349443],[-111.85457583957867,36.112843807655175],[-111.8694500866876,36.09652534019732],[-111.88588515197995,36.08178002785518],[-111.9037154842256,36.06875640089337],[-111.92276147760103,36.05758564695401],[-111.9428312808677,36.04838028959712],[-111.9637227298991,36.0412330548452],[-111.98522538409009,36.03621593714938],[-112.00712264613553,36.03337947418574],[-112.02919394382575,36.032752237786795],[-112.05121695188139,36.03434054613598],[-112.07296983144694,36.0381284001243],[-112.09423346468466,36.04407764451014],[-112.11479366195937,36.05212835225891],[-112.13444331938132,36.062199428191036],[-112.807890922858,36.45121878394546],[-113.2814564927788,36.24857890661781],[-113.63235937251606,35.85913438525013],[-113.64726179756988,35.84411505794182],[-113.6635380858032,35.830596740493824],[-113.68103769417229,35.81870446685894],[-113.69959876487088,35.8085482313457],[-113.71904962238933,35.80022197125634],[-113.73921036137995,35.79380269803958],[-113.7598945106419,35.78934978499445],[-113.78091075783534,35.786904418113345],[-113.80206471897203,35.7864892151435],[-113.82316073631658,35.788108016390396],[-113.84400368806875,35.7917458491979],[-113.86440079308878,35.79736906643372],[-113.88416339397337,35.80492565769928],[-113.90310870199048,35.814345730385604],[-113.92106148773323,35.82554215612571],[-113.93785570185608,35.83841137666444],[-113.95333601090249,35.85283436169204],[-113.96735923401893,35.86867770978218],[-113.97979566726671,35.88579488225172],[-114.19788160599882,36.21850769384445],[-114.22680971828244,36.19645134255071],[-114.24544077552432,36.18370258286876],[-114.2652802359415,36.17293025824807],[-114.2861191919967,36.16424780019131],[-114.3077382115634,36.1577466341149],[-114.32990964852416,36.15349521664849],[-114.35240003986154,36.15153831479351],[-114.37497256400036,36.151896534531105],[-114.39738953451527,36.1545661038432],[-114.85699170159859,36.233393219709235],[-114.83732774197124,35.306904035768405],[-114.50635285817471,34.818279166494484],[-114.49545752610334,34.800420629603195],[-114.48630769525205,34.7816079690727],[-114.4789860989209,34.76201129006818],[-114.47355893940758,34.741807786895215],[-114.4700752894025,34.72118014079866],[-114.46856664827058,34.700314868148205],[-114.46904665723224,34.6794006339466],[-114.47151097601869,34.658626545909776],[-114.47593732211683,34.638180444543934],[-114.4822856722491,34.61824720468081],[-114.49049862426625,34.59900706382876],[-114.50050191618085,34.58063399245476],[-114.51220509764855,34.563294120933406],[-115.13021569782887,33.735427469506455],[-115.04508904267506,33.368407278847926],[-115.04121722911869,33.346918406945726],[-115.0394946175352,33.325151570584495],[-115.03993817645144,33.30332118324638],[-115.04254353660541,33.28164228442028],[-115.04728503398539,33.26032842136264],[-115.05411596263251,33.23958954555747],[-115.0629690347162,33.21962994459639],[-115.07375704335062,33.20064622985065],[-115.08637372162319,33.18282539975745],[-115.1006947893732,33.16634299779826],[-115.71359663542013,32.5279035748327],[-115.71010691150163,32.408584716597545],[-115.4272881879027,32.20880971793349],[-115.41028872946218,32.19550514228573],[-115.39467500790235,32.18059859944408],[-115.38059735152805,32.16423360902413],[-115.36819129946817,32.146567732518136],[-115.35757629671014,32.12777105629905],[-115.3488545440883,32.10802455403557],[-115.34211001429821,32.08751834428466],[-115.33740764341077,32.06644986003745],[-115.33479270567025,32.045021947842116],[-115.3342903775957,32.02344091480513],[-115.3359054955823,32.0019145422745],[-115.33962250933678,31.980650085329003],[-115.34540563159507,31.959852277334328],[-115.35319918268067,31.93972135877818],[-115.36292812658634,31.92045114936266],[-115.37449879341801,31.90222718191568],[-115.38779978124474,31.885224916088113],[-115.40270302867225,31.869608049035083],[-115.41906504781309,31.85552693934611],[-115.4359277865777,31.843679584925564],[-115.42562361793577,31.823989836319107],[-115.40027307814084,31.789770099405843]]],[[[-114.78625406318274,31.80241048550738],[-114.7861,31.803],[-114.78578760324197,31.80294742837729],[-114.78625406318274,31.80241048550738]]],[[[-114.8522,31.7265],[-114.83487762580317,31.80168846745977],[-114.828,31.7898],[-114.82296741415253,31.760149681715294],[-114.8522,31.7265]]]]}},{"type":"Feature","properties":{"id":"legion","name":"Caesar's Legion","layer":"area"},"geometry":{"type":"MultiPolygon","coordinates":[[[[-115.2634,31.3452],[-115.2885,31.3662],[-115.346,31.4145],[-115.3948,31.4631],[-115.4421,31.5109],[-115.4431,31.5117],[-115.4915,31.5603],[-115.5392,31.6089],[-115.5763,31.6578],[-115.6126,31.7068],[-115.6384,31.7561],[-115.6592,31.797],[-115.6657,31.8053],[-115.6913,31.8546],[-115.712,31.8959],[-115.5967,32.0591],[-115.55421711230349,32.02911818182102],[-115.9268,32.2923],[-115.9362,32.6137],[-115.2594,33.3187],[-115.3676,33.7852],[-114.6885,34.6949],[-115.0559,35.2373],[-115.0826,36.4953],[-114.3602,36.3714],[-114.1434,36.5367],[-113.7958,36.0064],[-113.4125,36.4318],[-112.7932,36.6968],[-112.0244,36.2527],[-111.9085,36.8656],[-111.3711,37.318],[-110.9012,37.4223],[-110.5689,37.9123],[-110.1409,38.0003],[-109.5118,38.536],[-108.9729,38.96],[-107.7583,39.5081],[-107.3904,39.3608],[-107.5708,38.8206],[-107.0736,38.5601],[-106.9613,38.011],[-105.8597,37.7509],[-105.6356,36.8069],[-106.4899,35.8894],[-106.9266,35.2392],[-106.9215,34.7768],[-107.8608,33.2988],[-107.6243,32.7379],[-107.5008,32.542],[-108.659,32.6156],[-109.0261,32.0712],[-109.5211,31.972],[-110.181,32.1682],[-111.07,31.5595],[-112.6483,31.9159],[-112.8849,32.3722],[-113.3793,32.3655],[-114.3614,31.6851],[-114.5103,31.8144],[-114.56975751199276,31.745993352792823],[-114.5847,31.7608],[-114.6039,31.7653],[-114.68559799127158,31.76549710009957],[-114.586,31.8802],[-114.66162345525399,31.945873000615304],[-114.77549808331221,31.814791713123295],[-114.8035,31.8195],[-114.817,31.8305],[-114.82578811492557,31.841141857917684],[-114.8152,31.8871],[-114.7358,32.0103],[-114.7611,32.0323],[-114.9291,32.015],[-114.91715774601052,31.898616748395476],[-114.9338,31.9089],[-114.9561,31.9181],[-114.9913,31.9248],[-115.0121,31.9368],[-115.0211,31.9656],[-115.0294,31.9709],[-115.0352,31.9661],[-115.0347,31.9547],[-115.0306,31.9421],[-115.012,31.9147],[-115.0021,31.9089],[-114.9686,31.9021],[-114.9513,31.8945],[-114.9362,31.8848],[-114.9134,31.8611],[-114.9133062047903,31.861081548483337],[-114.8902,31.6359],[-114.9324,31.4814],[-114.8768,31.5454],[-114.9367,31.3935],[-114.9252,31.3601],[-114.9893,31.311],[-115.0476,31.2065],[-115.0649,31.1704],[-115.0676,31.1727],[-115.1244,31.221],[-115.1526,31.2481],[-115.1781,31.2694],[-115.2352,31.3177],[-115.2634,31.3452]]],[[[-114.78625406318274,31.80241048550738],[-114.7861,31.803],[-114.78578760324197,31.80294742837729],[-114.78625406318274,31.80241048550738]]],[[[-114.8522,31.7265],[-114.83487762580317,31.80168846745977],[-114.828,31.7898],[-114.82296741415253,31.760149681715294],[-114.8522,31.7265]]]]}},{"type":"Feature","properties":{"id":"brotherhood","name":"Brotherhood of Steel","layer":"edge"},"geometry":{"type":"MultiLineString","coordinates":[[[-91.736,36.097],[-92.5769,35.1123],[-93.456,35.3784],[-94.4547,35.2845],[-94.9824,34.8058],[-96.0707,35.0702],[-95.8804,35.4712],[-96.3473,35.9016],[-96.9112,35.792],[-97.7713,36.1853],[-98.5579,36.8307],[-98.5787,36.9057],[-98.9956,37.2434],[-99.4174,37.0694],[-100.5361,37.2097],[-100.9402,37.5898],[-101.5348,37.267],[-102.4621,37.018],[-103.6234,36.9303],[-103.6345,36.9296],[-104.7607,36.8064],[-105.6356,36.8069],[-105.8597,37.7509],[-105.4762,38.3841],[-104.3585,38.066],[-102.0889,38.5683],[-101.075,38.967],[-100.427,38.4897],[-98.4982,38.8526],[-97.493,39.5],[-97.0773,39.5515],[-97.0705,40.0073],[-96.0657,40.3901],[-95.8521,40.9353],[-95.6812,41.1514],[-95.3053,41.1715],[-93.9642,40.7266],[-93.34,40.2163],[-92.3339,40.3884],[-91.0817,41.1235],[-90.4894,41.146],[-89.919,40.9725],[-89.1567,41.0529],[-88.6327,41.4766],[-87.5821,41.8489],[-87.3694,40.6217],[-86.9616,40.6229],[-86.6878,41.1056],[-86.0313,41.4663],[-85.5842,40.8092],[-84.9385,40.5601],[-85.2092,39.9435],[-85.0521,39.2855],[-84.4812,38.6461],[-85.2564,37.7562],[-85.5351,37.9539],[-86.2746,37.6309],[-87.2696,37.7493],[-87.8587,38.2806],[-87.8593,38.5902],[-88.9154,38.835],[-89.5695,38.7091],[-90.0687,38.542],[-90.6731,38.7488],[-91.4006,38.7105],[-92.3008,39.5277],[-93.8429,39.2674],[-93.0925,38.5261],[-92.8244,37.6375],[-92.9184,36.9074],[-92.4336,36.7402],[-92.2871,36.3295],[-91.736,36.097]],[[-86.4493,43.1817],[-86.5889,43.124],[-86.5982,43.121],[-86.6157,43.1489],[-86.1694,43.6352],[-86.3164,43.7701],[-86.7767,43.3502],[-86.8225,43.4032],[-86.8817,43.484],[-86.9345,43.5695],[-86.9568,43.613],[-86.9581,43.6683],[-86.9522,43.7704],[-86.9473,43.8052],[-86.3506,43.8591],[-86.3687,44.0591],[-86.9299,44.0084],[-86.9263,44.0745],[-86.9211,44.11],[-86.3777,44.1592],[-86.3958,44.3591],[-86.9018,44.3257],[-86.8992,44.3783],[-86.8842,44.478],[-86.8658,44.5494],[-86.3884,44.4584],[-86.3321,44.7544],[-86.7987,44.8433],[-86.795,44.8689],[-86.7764,44.9413],[-86.7727,44.9666],[-86.754,45.0393],[-86.7503,45.0643],[-86.7316,45.1373],[-86.728,45.162],[-86.7092,45.2352],[-86.7057,45.2598],[-86.6869,45.3332],[-86.2381,45.2477],[-86.2193,45.3464],[-86.6727,45.4328],[-86.6706,45.4945],[-86.6246,45.8395],[-86.5953,45.8665],[-86.5949,45.8668],[-86.1822,45.435],[-86.0994,45.4879],[-86.4252,45.9987],[-86.3838,46.0228],[-86.336,46.0455],[-86.2948,46.0695],[-86.2467,46.0923],[-86.2058,46.1162],[-86.2021,46.118],[-86.1652,46.1487],[-86.1268,46.1868],[-86.0864,46.2203],[-86.0483,46.2584],[-86.0075,46.292],[-85.9698,46.3299],[-85.9396,46.3546],[-85.9215,46.3598],[-85.5219,46.1452],[-85.4744,46.2337],[-85.7941,46.4054],[-85.7138,46.4394],[-85.5941,46.4683],[-85.5693,46.4689],[-85.4777,46.4892],[-85.3727,46.482],[-85.3214,46.4593],[-85.2232,46.4544],[-85.2209,46.4534],[-85.1201,46.4494],[-85.1066,46.4535],[-85.0188,46.4505],[-85.0389,46.2921],[-84.9393,46.2794],[-84.9174,46.4515],[-84.9044,46.4548],[-84.816,46.4524],[-84.8397,46.2667],[-84.74,46.254],[-84.7147,46.4534],[-84.7023,46.4562],[-84.6008,46.4541],[-84.5739,46.4474],[-84.4983,46.4452],[-84.4486,46.4335],[-84.5492,46.1976],[-84.272,46.0794],[-84.1017,46.479],[-84.0739,46.4904],[-84.021,46.4756],[-83.9979,46.4665],[-83.9248,46.4461],[-83.9013,46.4368],[-83.8286,46.4166],[-83.8048,46.4072],[-83.9948,45.9613],[-83.9025,45.9219],[-83.7082,46.3776],[-83.6363,46.3576],[-83.5463,46.3226],[-83.5152,46.3136],[-83.4078,46.2715],[-83.3127,46.2239],[-83.2188,46.1665],[-83.126,46.0993],[-83.0584,46.0425],[-83.7585,45.8053],[-83.7263,45.7102],[-82.9671,45.9674],[-82.9538,45.8658],[-83.6941,45.6151],[-83.5974,45.3297],[-82.8765,45.5739],[-82.8355,45.4742],[-83.5724,45.2554],[-83.5728,45.257],[-84.1267,45.0636],[-84.909,44.0171],[-84.3492,43.5204],[-83.1777,43.0157],[-83.3368,41.9165],[-84.3558,41.8626],[-85.2566,42.0341],[-85.3455,42.5675],[-85.9005,43.3884],[-85.9011,43.3826],[-85.9376,43.3528],[-86.0213,43.351],[-86.1591,43.2839],[-86.2377,43.2637],[-86.0214,43.4994],[-86.0954,43.5673],[-86.4493,43.1817]]]}},{"type":"Feature","properties":{"id":"brotherhood","name":"Brotherhood of Steel","layer":"band"},"geometry":{"type":"MultiPolygon","coordinates":[[[[-94.4547,35.2845],[-94.9824,34.8058],[-96.0707,35.0702],[-95.8804,35.4712],[-96.3473,35.9016],[-96.9112,35.792],[-97.7713,36.1853],[-98.5579,36.8307],[-98.5787,36.9057],[-98.9956,37.2434],[-99.4174,37.0694],[-100.5361,37.2097],[-100.9402,37.5898],[-101.5348,37.267],[-102.4621,37.018],[-103.6234,36.9303],[-103.6345,36.9296],[-104.7607,36.8064],[-105.6356,36.8069],[-105.8597,37.7509],[-105.4762,38.3841],[-104.3585,38.066],[-102.0889,38.5683],[-101.075,38.967],[-100.427,38.4897],[-98.4982,38.8526],[-97.493,39.5],[-97.0773,39.5515],[-97.0705,40.0073],[-96.0657,40.3901],[-95.8521,40.9353],[-95.6812,41.1514],[-95.3053,41.1715],[-93.9642,40.7266],[-93.34,40.2163],[-92.3339,40.3884],[-91.0817,41.1235],[-90.4894,41.146],[-89.919,40.9725],[-89.1567,41.0529],[-88.6327,41.4766],[-87.5821,41.8489],[-87.3694,40.6217],[-86.9616,40.6229],[-86.6878,41.1056],[-86.0313,41.4663],[-85.5842,40.8092],[-84.9385,40.5601],[-85.2092,39.9435],[-85.0521,39.2855],[-84.4812,38.6461],[-85.2564,37.7562],[-85.5351,37.9539],[-86.2746,37.6309],[-87.2696,37.7493],[-87.8587,38.2806],[-87.8593,38.5902],[-88.9154,38.835],[-89.5695,38.7091],[-90.0687,38.542],[-90.6731,38.7488],[-91.4006,38.7105],[-92.3008,39.5277],[-93.8429,39.2674],[-93.0925,38.5261],[-92.8244,37.6375],[-92.9184,36.9074],[-92.4336,36.7402],[-92.2871,36.3295],[-91.736,36.097],[-92.5769,35.1123],[-93.456,35.3784],[-94.4547,35.2845]],[[-92.39312232484035,36.13673261003104],[-92.41249180239222,36.148732481090136],[-92.4305162363655,36.16267139589761],[-92.44700228358536,36.178399835525624],[-92.46177310273102,36.19574908530288],[-92.47467025126426,36.2145330445708],[-92.48555538499922,36.23455022293438],[-92.49431174208262,36.255585901594586],[-92.60528713804503,36.56669576590695],[-92.99012852703044,36.699421591481126],[-93.01005837473372,36.70740314417178],[-93.02911537713278,36.71728922895757],[-93.04711805801112,36.728985702529634],[-93.06389498125598,36.74238118159034],[-93.07928638341184,36.757348103535286],[-93.09314569507754,36.77374394120778],[-93.1053409366588,36.79141256015789],[-93.11575597518495,36.81018570548116],[-93.12429163022105,36.829884604078146],[-93.13086661834438,36.85032166707672],[-93.13541832719113,36.87130227620525],[-93.13790341170194,36.892626637105494],[-93.1382982068887,36.914091681936334],[-93.13659895319181,36.9354930031503],[-93.048602485495,37.61896344001659],[-93.28694781965471,38.40894353675033],[-93.99751161193987,39.110890417375316],[-94.01233267551682,39.12706978776039],[-94.02546838823898,39.14464502610558],[-94.03678808885938,39.16344131109687],[-94.0461791800466,39.183271675640235],[-94.05354824839316,39.203938866627716],[-94.05882199360087,39.22523730701882],[-94.06194795760068,39.24695514072021],[-94.0628950463543,39.26887633992331],[-94.06165383914737,39.29078285393807],[-94.05823668229749,39.312456778148345],[-94.05267756634518,39.33368252151431],[-94.04503178794907,39.354248951061685],[-94.03537539984879,39.37395149202639],[-94.02380445436653,39.39259416276468],[-94.01043404797232,39.40999152418712],[-93.9953971764167,39.42597052432571],[-93.97884341181881,39.44037221968588],[-93.96093741486898,39.4530533562612],[-93.94185729694492,39.46388779448443],[-93.9217928484336,39.47276776394078],[-93.90094365088176,39.47960493536277],[-93.87951709175353,39.4843312992436],[-92.33741709175352,39.7446312992436],[-92.31547164635677,39.747210233914466],[-92.29337819512618,39.74757477529816],[-92.27135961418568,39.7457212459443],[-92.24963802437658,39.741668344037876],[-92.2284325505287,39.73545695477413],[-92.20795711095514,39.72714973791361],[-92.1884182594695,39.71683049567782],[-92.17001310169552,39.70460332736241],[-92.15292730668877,39.69059157919575],[-91.32061047122617,38.93501579832479],[-90.68466611331817,38.968495755586474],[-90.66364957985995,38.96859692800214],[-90.64271929220793,38.96669220406902],[-90.62206626298435,38.96279896655409],[-90.60187897451371,38.956952745666925],[-90.0679266815117,38.774256957789994],[-89.6393333386463,38.91772239767943],[-89.61108195090821,38.9251345837098],[-88.95698195090822,39.0510345837098],[-88.93422459869342,39.054193144245055],[-88.91126193638794,39.05496107935165],[-88.88834440578643,39.05333001356147],[-88.86572195645553,39.04931773605932],[-87.80962195645553,38.804517736059324],[-87.7893512162581,38.79878371857129],[-87.7697218397318,38.79113718720776],[-87.75091380954849,38.78164825337258],[-87.73309957741698,38.77040392154409],[-87.71644248286523,38.75750729152696],[-87.7010952555726,38.74307661312528],[-87.68719861498423,38.72724420190455],[-87.67487998004795,38.71015522598405],[-87.66425230090388,38.69196637498363],[-87.65541302323939,38.672844423329195],[-87.64844319480497,38.652964701090205],[-87.64340672228367,38.63250948637007],[-87.64034978532771,38.61166633398968],[-87.63930041313508,38.59062635578851],[-87.63888953570965,38.37861360426864],[-87.17417770144851,37.95949732936974],[-86.30791917798744,37.85641691813578],[-85.62315856256194,38.15550776165496],[-85.60198830974616,38.163485195133866],[-85.58011072818873,38.1692463125942],[-85.55775716836466,38.17273019152232],[-85.53516401411146,38.1738999906868],[-85.51257018292353,38.17274333972616],[-85.49021459945365,38.1692724699626],[-85.46833366893894,38.163524085058576],[-85.44715877726891,38.155558972883824],[-85.426913844132,38.145461362697446],[-85.40781295511559,38.13333803444252],[-85.2915070600222,38.05083471381115],[-84.7745297171489,38.644304963324764],[-85.21620537478354,39.13897551069138],[-85.22987097465982,39.15589490531427],[-85.24179921389961,39.17408093410072],[-85.25187351749197,39.193355864490016],[-85.25999542899015,39.21353132205606],[-85.26608557272915,39.23441013149582],[-85.42318557272915,39.89241013149582],[-85.42699229798038,39.91241117659954],[-85.42893369086661,39.93267848910121],[-85.42899312388076,39.95303848492871],[-85.42717008799505,39.973316786202204],[-85.42348019702078,39.99333971473369],[-85.41795505388018,40.01293577953393],[-85.41064197993592,40.03193714558653],[-85.23249699330272,40.4377154934182],[-85.6633841092896,40.60394436223086],[-85.68364824140887,40.61296023012477],[-85.70290161586603,40.6239706114279],[-85.72094854799657,40.636863600418174],[-85.73760561500016,40.65150815719759],[-85.75270352018676,40.66775543953664],[-85.76608881364979,40.68544031565541],[-86.10066745216766,41.177168392976114],[-86.5272083351872,40.94281455214572],[-86.77024104798193,40.51435622319754],[-86.78147904902463,40.49658118501298],[-86.7943628667389,40.47996035798771],[-86.80877477799548,40.46464561137438],[-86.82458309703722,40.4507768803952],[-86.8416433787294,40.43848088761373],[-86.8597997383963,40.42786998503457],[-86.87888627618412,40.419041127510944],[-86.89872859293538,40.41207498684047],[-86.91914538372397,40.407035214643855],[-86.93995009449006,40.40396786076181],[-86.96095262663802,40.402900952484494],[-87.36875262663801,40.40170095248449],[-87.3907523132887,40.40273863647387],[-87.41253800784935,40.40597074310889],[-87.43389137489893,40.411364880337004],[-87.45459841178666,40.418866988315436],[-87.47445159335861,40.4284018811969],[-87.49325195176709,40.43987400063939],[-87.510811070519,40.453168373488325],[-87.52695297277894,40.4681517640332],[-87.54151588500254,40.48467400929097],[-87.55435385822484,40.50256952393385],[-87.56533823075543,40.521658959779344],[-87.57435891762115,40.541751003211026],[-87.58132551383358,40.56264429251652],[-87.58616820042442,40.58412943592709],[-87.75434655319627,41.554456067434465],[-88.52368547642708,41.281826254833256],[-89.0183731464109,40.881827846871154],[-89.03537332819795,40.86937932348251],[-89.05348643632516,40.85861423038849],[-89.07254631973241,40.849631315502315],[-89.09237814261513,40.84251297886381],[-89.1127999881884,40.83732451678602],[-89.13362452740479,40.83411352289388],[-89.89592452740479,40.753713522893875],[-89.91790192927091,40.75250274037917],[-89.93989032255703,40.75349407673886],[-89.96166960881303,40.75667760893794],[-89.98302178269911,40.7620214705961],[-90.51802262376539,40.92475401955298],[-91.01804795321473,40.905759304184734],[-92.22252313635377,40.19867600509073],[-92.24009685287396,40.18940007640893],[-92.25843587586917,40.18174771724182],[-92.27739058378116,40.175781360462906],[-92.29680633189761,40.17154968345259],[-93.30290633189762,39.99944968345259],[-93.32363739327025,39.99690933223811],[-93.34451593118581,39.99634635405266],[-93.3653537669119,39.997765823031315],[-93.38596308856586,40.00115494546821],[-93.40615814386753,40.006483175126476],[-93.42575691432869,40.01370248855224],[-93.44458275578982,40.02274781791101],[-93.46246599051791,40.03353763744559],[-93.47924543651563,40.04597469826954],[-94.07200967001103,40.53057512818416],[-95.3350902838201,40.94959277420881],[-95.57025873615855,40.93701792480204],[-95.65921355582547,40.82453614288265],[-95.8608598661644,40.30984715226103],[-95.8703155723595,40.288981626617144],[-95.88188974850199,40.2692124843326],[-95.89545690074047,40.25075407377856],[-95.91086992623451,40.23380653162153],[-95.92796170812782,40.21855361282692],[-95.94654692752513,40.205160698282384],[-95.96642407282579,40.193773001643436],[-95.987377624628,40.1845139948438],[-96.8527501638552,39.854831861069734],[-96.85732447875807,39.54821822390424],[-96.85863995861473,39.52725569548546],[-96.8619484889903,39.506514149937566],[-96.86721991317145,39.486182643056274],[-96.87440618298885,39.466446493201936],[-96.8834417967683,39.44748559215292],[-96.89424439636781,39.429472765421565],[-96.90671551785866,39.412572196977806],[-96.92074148900788,39.3969379327392],[-96.93619446538219,39.38271247646754],[-96.95293359562899,39.370025490870404],[-96.97080630531352,39.35899261574676],[-96.9896496876098,39.34971441394911],[-97.00929198816972,39.342275454769535],[-97.02955417063586,39.33674354310445],[-97.05025154852859,39.333169101424005],[-97.41610477322371,39.287844489752615],[-98.379077136716,38.66764123853404],[-98.39746234882928,38.65701900491968],[-98.41678593605828,38.64821861583673],[-98.4368678984408,38.641322047249766],[-98.45752117172078,38.63639354096182],[-100.3863211717208,38.273493540961816],[-100.40867971463312,38.270464128975036],[-100.43123095431096,38.26974068779518],[-100.45373769188664,38.27133082673469],[-100.47596319657538,38.27521782036467],[-100.49767369566128,38.281360784436586],[-100.51864083337,38.28969510591175],[-100.53864407276461,38.30013312257535],[-100.55747301540133,38.312565045086835],[-101.10760688423605,38.717779390140564],[-102.00838963275558,38.36356094469748],[-102.02467776098082,38.357882548215784],[-102.04136070644394,38.35349772913633],[-104.31096070644395,37.85119772913633],[-104.3324275520045,37.8475504006515],[-104.35414980437714,37.846043013754866],[-104.37591467145157,37.84669033487273],[-104.39750894366202,37.84948602281984],[-104.41872108259733,37.85440269091785],[-105.37497859214535,38.126555785475624],[-105.62483120852171,37.71402207833218],[-105.46168891741478,37.02680064680634],[-104.77263492078355,37.02640685666082],[-103.65842404774007,37.14829531302644],[-103.64834636803796,37.149163836029885],[-103.63860725072495,37.14977801459918],[-102.49923384395117,37.23582214425909],[-101.6169381913626,37.472737508752296],[-101.04516451532776,37.78314541763903],[-101.0260836085994,37.79234383667232],[-101.0062065183845,37.799664574263396],[-100.98571751513057,37.805039763557616],[-100.96480654202132,37.80841957389436],[-100.94366745410952,37.80977267276186],[-100.92249622118486,37.809086516265054],[-100.9014891110372,37.806367465413686],[-100.88084086995714,37.80164072715262],[-100.86074291734175,37.79495012068102],[-100.84138157114211,37.786357671226675],[-100.82293632060384,37.77594303504153],[-100.8055781623132,37.763802760948856],[-100.78946801497413,37.75004939528797],[-100.43758884613138,37.4190687665398],[-99.44762761484358,37.29491433662144],[-99.07949589339843,37.446775217445186],[-99.05930788520837,37.45397375278576],[-99.03851521207254,37.459173688323595],[-99.01731522162747,37.4623256703762],[-98.99590912744398,37.463399782818584],[-98.97450009926686,37.4623858310235],[-98.95329133468806,37.459293438620826],[-98.93248413055555,37.45415195615764],[-98.9122759724226,37.44701018252603],[-98.89285866017086,37.437935901802504],[-98.87441648759723,37.427015239895084],[-98.85712449324278,37.414351847104186],[-98.44022449324278,37.07665184710419],[-98.42334414339723,37.061470850351476],[-98.40811816931645,37.04463105858896],[-98.39470871154063,37.02631179781042],[-98.38325856663019,37.006708148791844],[-98.37388966653322,36.986028869687225],[-98.36670178013904,36.96449417297475],[-98.36451336816876,36.95660326442805],[-97.65383454143272,36.37349607554496],[-96.88389485131252,36.021423897746715],[-96.38927389885833,36.11755877341435],[-96.36889037700378,36.12053801776036],[-96.34831755399787,36.12159764676892],[-96.32773580923282,36.12072836977358],[-96.30732560032548,36.1179378084632],[-96.28726588089232,36.113250430056176],[-96.26773253151121,36.106707332775514],[-96.2488968176273,36.09836588550591],[-96.23092388792345,36.08829922479203],[-96.21397132632167,36.07659561358839],[-96.19818777031121,36.063357667383144],[-95.7312877703112,35.632957667383145],[-95.71623102201244,35.61765322347603],[-95.70273771754879,35.600954049625535],[-95.69093635880857,35.58301917843773],[-95.68093933463527,35.564019410536076],[-95.67284185050562,35.54413568796186],[-95.6667210218515,35.52355737099411],[-95.66263513966031,35.50248043479936],[-95.66062311534759,35.481105603085325],[-95.6607041101888,35.45963643653248],[-95.66287735283915,35.43827739420795],[-95.66712214667943,35.41723188642382],[-95.6733980669178,35.396700337583084],[-95.68164534557053,35.37687827746153],[-95.7560231220658,35.22014948936587],[-95.04381590593849,35.04712037244585],[-94.60251425767872,35.44744460784846],[-94.58694446202685,35.46031638792567],[-94.57025960167562,35.47170571161312],[-94.55260036076793,35.48151654590798],[-94.53411563927168,35.48966616738408],[-94.51496129747852,35.49608585970288],[-94.49529884181408,35.50072149301898],[-94.475294063041,35.503533980394515],[-93.476594063041,35.59743398039451],[-93.45530213917867,35.598398893156926],[-93.43401676536128,35.59729892049715],[-93.41293772376713,35.59414438663762],[-93.392262859963,35.5889648996863],[-92.65080748499642,35.36452936871303],[-92.0985814731119,36.01119003455045],[-92.37261557479943,36.12680050205607],[-92.39312232484035,36.13673261003104]]],[[[-86.6157,43.1489],[-86.1694,43.6352],[-86.3164,43.7701],[-86.7767,43.3502],[-86.8225,43.4032],[-86.8817,43.484],[-86.9345,43.5695],[-86.9568,43.613],[-86.9581,43.6683],[-86.9522,43.7704],[-86.9473,43.8052],[-86.3506,43.8591],[-86.3687,44.0591],[-86.9299,44.0084],[-86.9263,44.0745],[-86.9211,44.11],[-86.3777,44.1592],[-86.3958,44.3591],[-86.9018,44.3257],[-86.8992,44.3783],[-86.8842,44.478],[-86.8658,44.5494],[-86.3884,44.4584],[-86.3321,44.7544],[-86.7987,44.8433],[-86.795,44.8689],[-86.7764,44.9413],[-86.7727,44.9666],[-86.754,45.0393],[-86.7503,45.0643],[-86.7316,45.1373],[-86.728,45.162],[-86.7092,45.2352],[-86.7057,45.2598],[-86.6869,45.3332],[-86.2381,45.2477],[-86.2193,45.3464],[-86.6727,45.4328],[-86.6706,45.4945],[-86.6246,45.8395],[-86.5953,45.8665],[-86.5949,45.8668],[-86.1822,45.435],[-86.0994,45.4879],[-86.4252,45.9987],[-86.3838,46.0228],[-86.336,46.0455],[-86.2948,46.0695],[-86.2467,46.0923],[-86.2058,46.1162],[-86.2021,46.118],[-86.1652,46.1487],[-86.1268,46.1868],[-86.0864,46.2203],[-86.0483,46.2584],[-86.0075,46.292],[-85.9698,46.3299],[-85.9396,46.3546],[-85.9215,46.3598],[-85.5219,46.1452],[-85.4744,46.2337],[-85.7941,46.4054],[-85.7138,46.4394],[-85.5941,46.4683],[-85.5693,46.4689],[-85.4777,46.4892],[-85.3727,46.482],[-85.3214,46.4593],[-85.2232,46.4544],[-85.2209,46.4534],[-85.1201,46.4494],[-85.1066,46.4535],[-85.0188,46.4505],[-85.0389,46.2921],[-84.9393,46.2794],[-84.9174,46.4515],[-84.9044,46.4548],[-84.816,46.4524],[-84.8397,46.2667],[-84.74,46.254],[-84.7147,46.4534],[-84.7023,46.4562],[-84.6008,46.4541],[-84.5739,46.4474],[-84.4983,46.4452],[-84.4486,46.4335],[-84.5492,46.1976],[-84.272,46.0794],[-84.1017,46.479],[-84.0739,46.4904],[-84.021,46.4756],[-83.9979,46.4665],[-83.9248,46.4461],[-83.9013,46.4368],[-83.8286,46.4166],[-83.8048,46.4072],[-83.9948,45.9613],[-83.9025,45.9219],[-83.7082,46.3776],[-83.6363,46.3576],[-83.5463,46.3226],[-83.5152,46.3136],[-83.4078,46.2715],[-83.3127,46.2239],[-83.2188,46.1665],[-83.126,46.0993],[-83.0584,46.0425],[-83.7585,45.8053],[-83.7263,45.7102],[-82.9671,45.9674],[-82.9538,45.8658],[-83.6941,45.6151],[-83.5974,45.3297],[-82.8765,45.5739],[-82.8355,45.4742],[-83.5724,45.2554],[-83.5728,45.257],[-84.1267,45.0636],[-84.909,44.0171],[-84.3492,43.5204],[-83.1777,43.0157],[-83.3368,41.9165],[-84.3558,41.8626],[-85.2566,42.0341],[-85.3455,42.5675],[-85.9005,43.3884],[-85.9011,43.3826],[-85.9376,43.3528],[-86.0213,43.351],[-86.1591,43.2839],[-86.2377,43.2637],[-86.0214,43.4994],[-86.0954,43.5673],[-86.4493,43.1817],[-86.5889,43.124],[-86.5982,43.121],[-86.6157,43.1489]],[[-83.9083816893541,45.565266701819404],[-83.91223466427793,45.5865120962581],[-83.91284695678372,45.594034091694134],[-83.91690840541635,45.600343567395285],[-83.92675933609168,45.61955754541231],[-83.93467932238813,45.63964464583703],[-83.95828581314282,45.709364436854756],[-83.96861733186662,45.7120703109023],[-83.98887112771494,45.71956357644446],[-84.08117112771494,45.75896357644446],[-84.10057986733108,45.768399456539335],[-84.11897072704608,45.77969154605347],[-84.13616673852994,45.79273118545411],[-84.15200243102807,45.80739289919284],[-84.16632542362412,45.82353560310964],[-84.1789978915443,45.84100396203267],[-84.18989789239332,45.85962988451032],[-84.19611612640509,45.873140758627535],[-84.21030433493492,45.86822792582309],[-84.23130253781407,45.86319704772685],[-84.25269277687315,45.8602488395305],[-84.27426900123923,45.85941170114441],[-84.29582336845428,45.86069369667179],[-84.31714824660884,45.86408247672763],[-84.33803821444761,45.8695453973996],[-84.35829204017998,45.877029834704864],[-84.63549204017997,45.995229834704865],[-84.65491272404728,46.00466265272243],[-84.67331528732029,46.01595365279368],[-84.69052249467731,46.02899409115283],[-84.70003673814782,46.03779873813839],[-84.7032316075184,46.03709429395629],[-84.72467590392485,46.03453434874796],[-84.74626787242937,46.03408930500039],[-84.76779943998967,46.035763451419655],[-84.86749943998967,46.04846345141966],[-84.88875970624119,46.05223987498015],[-84.90954735693168,46.05808229526318],[-84.91656059029188,46.06082002620055],[-84.92401008613324,46.05993196466468],[-84.94559883587388,46.05949018969898],[-84.96712690475356,46.06116695169651],[-85.06672690475355,46.0738669516965],[-85.08797536351796,46.07764345732624],[-85.10875156418373,46.083483703941695],[-85.12885557488447,46.09133149015046],[-85.14809393231828,46.10111129576629],[-85.16628150346826,46.112729008548854],[-85.18324326715975,46.12607282985714],[-85.19881599831005,46.141014350501116],[-85.21284983866286,46.157409786438784],[-85.22520973889226,46.17510136242718],[-85.23577675819858,46.193918830312455],[-85.24444920888993,46.21368110734827],[-85.25114363493498,46.23419801877668],[-85.25143884387609,46.23553535583719],[-85.25451320711602,46.23568876092757],[-85.25440035721758,46.23330354621471],[-85.25549820969985,46.21174536032203],[-85.2587034923986,46.190398538032106],[-85.26398534713945,46.16946859131567],[-85.2712929239944,46.14915701876293],[-85.28055587082856,46.12965936569894],[-85.32805587082856,46.041159365698945],[-85.3391889147779,46.022657520275764],[-85.35208211182423,46.00533619175956],[-85.36661125494042,45.989362245723896],[-85.38263637716051,45.974889567690006],[-85.40000309995582,45.9620575806657],[-85.41854412044559,45.95098990200937],[-85.43808082311448,45.94179315255815],[-85.45842500051104,45.934555929492724],[-85.4793806663501,45.9293479528335],[-85.50074594355299,45.9262193937906],[-85.52231500903683,45.925200391437855],[-85.54388007651782,45.92630076236709],[-85.56523339822702,45.92950990611969],[-85.58616926625518,45.93479690730643],[-85.60648599424648,45.94211083343188],[-85.6259878603505,45.95138122555424],[-85.8977903838374,46.09734924742684],[-85.90024623224816,46.095326784029744],[-85.93083650813895,46.064736508138964],[-85.94597216682983,46.05094822507239],[-85.9788159361242,46.02371391142483],[-86.01024775252573,45.99252765608894],[-86.02449472013355,45.97957867012791],[-86.06139472013355,45.94887867012791],[-86.08275960760949,45.93318151947363],[-86.09486682612409,45.92636038445497],[-86.09480402763431,45.926252917583355],[-86.11173906286038,45.91635689455394],[-85.91391717984204,45.60620521301384],[-85.90321910379474,45.587464330782176],[-85.89440853724003,45.56776551318011],[-85.88757024902299,45.54729828786266],[-85.88277003216515,45.526259575543406],[-85.88005407085193,45.50485179536704],[-85.87944849608209,45.48328091737997],[-85.8809591342544,45.4617544808368],[-85.88457145111019,45.44047959740897],[-85.89025069157141,45.41966095850729],[-85.8979422141287,45.39949886589057],[-85.90757201656206,45.3801873045081],[-85.91904744793628,45.36191207611799],[-85.93225810002062,45.34484901163822],[-85.94707686955637,45.32916227942972],[-85.96336118115156,45.31500280578818],[-85.98095435903751,45.30250682284134],[-86.00685746164768,45.28595761839595],[-86.02198551538706,45.2065353362642],[-86.02706112763539,45.18555022645998],[-86.03416923901345,45.16516367633917],[-86.04324139184786,45.14557202719623],[-86.05419021293322,45.12696396469549],[-86.06691025501675,45.109518701654075],[-86.08127901235255,45.093404252057034],[-86.09715810054516,45.07877581292764],[-86.11439458931885,45.065774269636734],[-86.13282247537748,45.05452483904665],[-86.15226428116935,45.04513586355718],[-86.17253276415993,45.03769776766832],[-86.19343272015017,45.03228218710883],[-86.21476286327328,45.02894127891808],[-86.23631776456322,45.02770721912561],[-86.25788983042544,45.02859189286626],[-86.27927130195464,45.031586779915344],[-86.51983651144987,45.07741638199164],[-86.53434434742854,45.02078151426738],[-86.53490442063432,45.016997235849956],[-86.29092469468382,44.970512457373744],[-86.26994437057266,44.96543714775009],[-86.24956240068548,44.958330244690174],[-86.2299749963371,44.9492601642893],[-86.2113707197903,44.93831422158182],[-86.19392866902153,44.92559778998468],[-86.17781675359663,44.911233286898025],[-86.16319007825416,44.89535899522844],[-86.15018944975695,44.878127732179465],[-86.13894002138636,44.85970537812467],[-86.1295500881278,44.84026927972543],[-86.12211004414635,44.82000654266601],[-86.11669151258839,44.799112230441374],[-86.11334665608622,44.77778748653751],[-86.11210767460365,44.75623759808139],[-86.1129864954562,44.73467001960132],[-86.11597465849029,44.7132923759223],[-86.1722746584903,44.4172923759223],[-86.17734616012,44.3963010735044],[-86.17861185063772,44.39266830561952],[-86.1766963215207,44.378938802303516],[-86.1585963215207,44.179038802303516],[-86.1577068234052,44.15746729929547],[-86.15893599116227,44.135912483231564],[-86.16012408795284,44.12831572651295],[-86.1576726852635,44.12128900574139],[-86.15259365425648,44.10030736984306],[-86.1495954308867,44.07892896350476],[-86.1334775878187,43.90083125004614],[-86.02065072709833,43.79729149826942],[-86.00547895580665,43.78193067596982],[-85.99188589828967,43.765156699303944],[-85.98775431397954,43.75888963563985],[-85.98114073885105,43.75530218414077],[-85.96326482213108,43.7431985354389],[-85.9466612435306,43.72940114843498],[-85.8726612435306,43.66150114843498],[-85.85748815084163,43.64614094761002],[-85.84389375450722,43.629367429808624],[-85.83200898724544,43.61134214705732],[-85.82288712802448,43.59402134649906],[-85.816912155615,43.591902020312006],[-85.79744846325187,43.58277175919832],[-85.77896886406924,43.57178534019758],[-85.76164982945325,43.559047678387785],[-85.74565674795022,43.54468041238315],[-85.73114234588465,43.52882074274317],[-85.71824522889544,43.51162012177248],[-85.16324522889545,42.690720121772486],[-85.15109343720871,42.67048586477609],[-85.14117929396923,42.64906622516146],[-85.13361691243998,42.62670774616579],[-85.12849333675693,42.60366777720718],[-85.06480478878036,42.22153648934776],[-84.34082095198143,42.083699868554],[-83.52867390324157,42.12665838271208],[-83.41958208630827,42.880358729494525],[-84.43624509030217,43.31835259899151],[-84.45719466019963,43.32873061442066],[-84.47692463193368,43.3412731778951],[-84.49521219229071,43.355838644565445],[-85.05501219229072,43.85253864456544],[-85.07058190100953,43.867797323312175],[-85.08456502533537,43.88452201585861],[-85.09682426395736,43.90254850123688],[-85.10723924252329,43.92169977608102],[-85.11570769560403,43.941787792635765],[-85.12214647084521,43.96261530521115],[-85.12649234544624,43.98397780695221],[-85.12870264694955,44.00566553790657],[-85.12875567224452,44.02746554467269],[-85.12665090067195,44.04916377140465],[-85.12240899913641,44.070547161642104],[-85.11607161917641,44.091405750327034],[-85.10770098798493,44.11153472546589],[-85.0973792973961,44.13073643919339],[-85.08520789683766,44.14882234849125],[-84.30290789683765,45.19532234849125],[-84.28905197859243,45.2120649286772],[-84.2736117852553,45.22735874740941],[-84.25673798646353,45.24105456341417],[-84.23859524136915,45.2530187291662],[-84.21936059184998,45.2631344950579],[-84.19922173488634,45.27130314867396],[-83.85108473174517,45.392858838162134],[-83.90246464959667,45.54450132580238],[-83.9083816893541,45.565266701819404]],[[-83.57364943228711,46.10021308581138],[-83.58535231418865,46.104800528344484],[-83.58961463085045,46.09480393697662],[-83.57364943228711,46.10021308581138]]]]}},{"type":"Feature","properties":{"id":"brotherhood","name":"Brotherhood of Steel","layer":"area"},"geometry":{"type":"MultiPolygon","coordinates":[[[[-93.456,35.3784],[-94.4547,35.2845],[-94.9824,34.8058],[-96.0707,35.0702],[-95.8804,35.4712],[-96.3473,35.9016],[-96.9112,35.792],[-97.7713,36.1853],[-98.5579,36.8307],[-98.5787,36.9057],[-98.9956,37.2434],[-99.4174,37.0694],[-100.5361,37.2097],[-100.9402,37.5898],[-101.5348,37.267],[-102.4621,37.018],[-103.6234,36.9303],[-103.6345,36.9296],[-104.7607,36.8064],[-105.6356,36.8069],[-105.8597,37.7509],[-105.4762,38.3841],[-104.3585,38.066],[-102.0889,38.5683],[-101.075,38.967],[-100.427,38.4897],[-98.4982,38.8526],[-97.493,39.5],[-97.0773,39.5515],[-97.0705,40.0073],[-96.0657,40.3901],[-95.8521,40.9353],[-95.6812,41.1514],[-95.3053,41.1715],[-93.9642,40.7266],[-93.34,40.2163],[-92.3339,40.3884],[-91.0817,41.1235],[-90.4894,41.146],[-89.919,40.9725],[-89.1567,41.0529],[-88.6327,41.4766],[-87.5821,41.8489],[-87.3694,40.6217],[-86.9616,40.6229],[-86.6878,41.1056],[-86.0313,41.4663],[-85.5842,40.8092],[-84.9385,40.5601],[-85.2092,39.9435],[-85.0521,39.2855],[-84.4812,38.6461],[-85.2564,37.7562],[-85.5351,37.9539],[-86.2746,37.6309],[-87.2696,37.7493],[-87.8587,38.2806],[-87.8593,38.5902],[-88.9154,38.835],[-89.5695,38.7091],[-90.0687,38.542],[-90.6731,38.7488],[-91.4006,38.7105],[-92.3008,39.5277],[-93.8429,39.2674],[-93.0925,38.5261],[-92.8244,37.6375],[-92.9184,36.9074],[-92.4336,36.7402],[-92.2871,36.3295],[-91.736,36.097],[-92.5769,35.1123],[-93.456,35.3784]]],[[[-86.5982,43.121],[-86.6157,43.1489],[-86.1694,43.6352],[-86.3164,43.7701],[-86.7767,43.3502],[-86.8225,43.4032],[-86.8817,43.484],[-86.9345,43.5695],[-86.9568,43.613],[-86.9581,43.6683],[-86.9522,43.7704],[-86.9473,43.8052],[-86.3506,43.8591],[-86.3687,44.0591],[-86.9299,44.0084],[-86.9263,44.0745],[-86.9211,44.11],[-86.3777,44.1592],[-86.3958,44.3591],[-86.9018,44.3257],[-86.8992,44.3783],[-86.8842,44.478],[-86.8658,44.5494],[-86.3884,44.4584],[-86.3321,44.7544],[-86.7987,44.8433],[-86.795,44.8689],[-86.7764,44.9413],[-86.7727,44.9666],[-86.754,45.0393],[-86.7503,45.0643],[-86.7316,45.1373],[-86.728,45.162],[-86.7092,45.2352],[-86.7057,45.2598],[-86.6869,45.3332],[-86.2381,45.2477],[-86.2193,45.3464],[-86.6727,45.4328],[-86.6706,45.4945],[-86.6246,45.8395],[-86.5953,45.8665],[-86.5949,45.8668],[-86.1822,45.435],[-86.0994,45.4879],[-86.4252,45.9987],[-86.3838,46.0228],[-86.336,46.0455],[-86.2948,46.0695],[-86.2467,46.0923],[-86.2058,46.1162],[-86.2021,46.118],[-86.1652,46.1487],[-86.1268,46.1868],[-86.0864,46.2203],[-86.0483,46.2584],[-86.0075,46.292],[-85.9698,46.3299],[-85.9396,46.3546],[-85.9215,46.3598],[-85.5219,46.1452],[-85.4744,46.2337],[-85.7941,46.4054],[-85.7138,46.4394],[-85.5941,46.4683],[-85.5693,46.4689],[-85.4777,46.4892],[-85.3727,46.482],[-85.3214,46.4593],[-85.2232,46.4544],[-85.2209,46.4534],[-85.1201,46.4494],[-85.1066,46.4535],[-85.0188,46.4505],[-85.0389,46.2921],[-84.9393,46.2794],[-84.9174,46.4515],[-84.9044,46.4548],[-84.816,46.4524],[-84.8397,46.2667],[-84.74,46.254],[-84.7147,46.4534],[-84.7023,46.4562],[-84.6008,46.4541],[-84.5739,46.4474],[-84.4983,46.4452],[-84.4486,46.4335],[-84.5492,46.1976],[-84.272,46.0794],[-84.1017,46.479],[-84.0739,46.4904],[-84.021,46.4756],[-83.9979,46.4665],[-83.9248,46.4461],[-83.9013,46.4368],[-83.8286,46.4166],[-83.8048,46.4072],[-83.9948,45.9613],[-83.9025,45.9219],[-83.7082,46.3776],[-83.6363,46.3576],[-83.5463,46.3226],[-83.5152,46.3136],[-83.4078,46.2715],[-83.3127,46.2239],[-83.2188,46.1665],[-83.126,46.0993],[-83.0584,46.0425],[-83.7585,45.8053],[-83.7263,45.7102],[-82.9671,45.9674],[-82.9538,45.8658],[-83.6941,45.6151],[-83.5974,45.3297],[-82.8765,45.5739],[-82.8355,45.4742],[-83.5724,45.2554],[-83.5728,45.257],[-84.1267,45.0636],[-84.909,44.0171],[-84.3492,43.5204],[-83.1777,43.0157],[-83.3368,41.9165],[-84.3558,41.8626],[-85.2566,42.0341],[-85.3455,42.5675],[-85.9005,43.3884],[-85.9011,43.3826],[-85.9376,43.3528],[-86.0213,43.351],[-86.1591,43.2839],[-86.2377,43.2637],[-86.0214,43.4994],[-86.0954,43.5673],[-86.4493,43.1817],[-86.5889,43.124],[-86.5982,43.121]]]]}},{"type":"Feature","properties":{"id":"texas","name":"Texas Commonwealth","layer":"edge"},"geometry":{"type":"MultiLineString","coordinates":[[[-95.23271659141041,29.093465523411552],[-95.2556,29.1206],[-95.3661,29.3549],[-95.4013,29.3383],[-95.5687,29.2724],[-96.2543,28.9053],[-97.1987,28.993],[-97.1299,28.6397],[-97.8885,28.4448],[-98.3441,27.6749],[-98.6359,27.6599],[-99.1188,27.6122],[-99.6007,27.2427],[-100.0106,27.324],[-100.2567,27.1334],[-100.3638,27.7867],[-101.1731,28.5974],[-101.446,29.3174],[-102.3004,30.1061],[-102.262,30.4772],[-102.5584,30.6868],[-105.2503,30.4853],[-105.7336,30.6653],[-105.9941,31.0325],[-106.6245,31.5135],[-107.4047,32.5266],[-107.5008,32.542],[-107.6243,32.7379],[-107.8608,33.2988],[-106.9215,34.7768],[-105.9423,34.2991],[-105.6083,34.0981],[-104.5922,34.4596],[-104.0661,34.1762],[-104.4469,33.7412],[-104.2448,32.8616],[-104.4844,32.5755],[-105.8227,32.6379],[-105.3543,31.3923],[-104.7164,31.8766],[-103.4607,31.9859],[-103.3564,32.4375],[-102.1861,32.4887],[-101.8131,33.1043],[-101.2233,33.0833],[-101.1926,33.5764],[-101.5016,33.8497],[-101.7734,34.2944],[-102.4013,34.6596],[-103.108,34.6832],[-103.2104,35.004],[-102.5025,35.5707],[-102.6444,36.5943],[-103.5751,36.7508],[-103.6345,36.9296],[-103.6234,36.9303],[-102.4621,37.018],[-101.5348,37.267],[-100.9402,37.5898],[-100.5361,37.2097],[-99.4174,37.0694],[-98.9956,37.2434],[-98.5787,36.9057],[-98.5579,36.8307],[-98.796,36.0802],[-98.105,35.5308],[-97.9502,35.1356],[-97.2182,34.9937],[-96.0707,35.0702],[-94.9824,34.8058],[-94.4547,35.2845],[-93.456,35.3784],[-92.5769,35.1123],[-92.2078,35.1088],[-91.562,34.6482],[-91.5878,34.4188],[-91.9397,33.7256],[-92.5485,33.7604],[-93.0803,33.4446],[-93.3757,33.0433],[-93.1919,32.0145],[-91.8911,31.3624],[-91.3825,31.3053],[-91.3505,30.9902],[-91.6135,30.7436],[-92.9251,30.9011],[-93.6698,30.7222],[-93.84041595605495,30.065435971319015]],[[-94.02539894632731,29.7637912231],[-94.0426,29.8202],[-94.0905,29.8056],[-94.07658113517772,29.76002193148594]],[[-94.12512795693179,29.747109570673068],[-94.1385,29.7909],[-94.1864,29.7763],[-94.17123596944027,29.726603336211056]],[[-94.21717506909285,29.70520538716235],[-94.2344,29.7617],[-94.2823,29.7471],[-94.2636520940228,29.68603133793148]],[[-94.31135697097453,29.67031631979064],[-94.3303,29.7324],[-94.3782,29.7178],[-94.3589439455052,29.65464014125706]],[[-94.40588610916004,29.636295300355457],[-94.4263,29.7031],[-94.4741,29.6885],[-94.45978497374736,29.641616576698862]],[[-94.56849668354377,29.654272055323997],[-94.57,29.6592],[-94.6179,29.6446],[-94.61556554000241,29.63695994909879]],[[-95.06653301134662,29.47435603428272],[-95.2003,29.4483],[-95.1976,29.4343],[-95.233,29.4176],[-95.15014673589458,29.28619744649778]],[[-95.217049226675,29.273872967999804],[-95.2754,29.3977],[-95.3206,29.3763],[-95.24891576414912,29.22425342238219]],[[-99.3392,29.1963],[-100.0909,28.9694],[-99.8976,28.2767],[-99.543,28.2178],[-99.1028,28.1113],[-98.6719,28.4165],[-99.3392,29.1963]]]}},{"type":"Feature","properties":{"id":"texas","name":"Texas Commonwealth","layer":"band"},"geometry":{"type":"MultiPolygon","coordinates":[[[[-107.32971505275233,32.73342663679097],[-107.3105423089976,32.72543241492547],[-107.29220901157441,32.71566553763982],[-107.2748786077711,32.70421307981044],[-107.2587056037543,32.691177143810584],[-107.24383418709644,32.67667394923462],[-107.23039694129683,32.660832796762634],[-106.46793553731962,31.67076659787861],[-105.86064848067794,31.207401949647885],[-105.84374700653301,31.193105035274467],[-105.82836789244737,31.177181956463702],[-105.81466685563353,31.15979393820116],[-105.59335181985189,30.84782894342567],[-105.21867107724412,30.708283043013097],[-102.57482197914509,30.906186231566522],[-102.55314498077409,30.90673722916536],[-102.53151903381358,30.905151582675476],[-102.51015422980608,30.901444696320212],[-102.48925812334507,30.89565258172365],[-102.46903371572557,30.887831508065233],[-102.44967748282916,30.878057455436476],[-102.4313774664019,30.866425376710303],[-102.13497746640189,30.6568253767103],[-102.11830849537084,30.64379157090744],[-102.10296877374327,30.629216673675234],[-102.08910020493843,30.613235513259106],[-102.07683108315756,30.59599592684682],[-102.06627490657056,30.57765739296854],[-102.05752932737663,30.558389556206116],[-102.05067524845138,30.538370657859122],[-102.04577607493731,30.517785887085086],[-102.04287712770069,30.496825667767055],[-102.04200522408121,30.47568389695619],[-102.04316842981223,30.4545561511851],[-102.07022985389911,30.193032857470495],[-101.29677601993986,29.47905458167033],[-101.2824655968455,29.464561472488217],[-101.26955683395558,29.448807036174713],[-101.25816037281638,29.43192630466193],[-101.24837389297261,29.414063963405194],[-101.24028127475208,29.395373111277994],[-100.98409184198808,28.719461086396777],[-100.20810212869388,27.9421289962354],[-100.19285306468696,27.92518157027952],[-100.17943973482893,27.906747043387387],[-100.16800617976973,27.887023376934987],[-100.15867518011044,27.86622237587794],[-100.15154693790896,27.844567414258616],[-100.14669800064836,27.82229103647721],[-100.09806183569317,27.525614971442455],[-100.0909869940915,27.528787526917377],[-100.07120397889706,27.535487961222017],[-100.05087469707955,27.540282104611432],[-100.03018239086711,27.543126744072758],[-100.00931357468413,27.543996238854003],[-99.98845635396444,27.542882751582333],[-99.96779872962378,27.53979631890786],[-99.65555661345306,27.47786588698622],[-99.25266482684255,27.7867858188239],[-99.23594525535026,27.79841758549858],[-99.21822161815854,27.80845325944487],[-99.19964582663692,27.816806823726367],[-99.18037709606945,27.82340667896554],[-99.16058058100188,27.828196257030406],[-99.14042595968272,27.83113450588658],[-98.65752595968273,27.87883450588658],[-98.64719420331654,27.879609901851158],[-98.47330464815307,27.88854870694866],[-98.07783280932435,28.556840561018543],[-98.06594614742494,28.574849470448914],[-98.05235243323973,28.591607289060917],[-98.03718243985796,28.606952804717906],[-98.02058210435547,28.6207383917996],[-98.00271112386336,28.63283143137749],[-97.9837414192632,28.643115587024145],[-97.96385548128848,28.651491923982967],[-97.94324461494283,28.65787986093191],[-97.38547873319395,28.8011814300762],[-97.41464360730531,28.95094814553466],[-97.41771510570581,28.97220616743668],[-97.41869900281073,28.993662391337875],[-97.41758592034057,29.015112301478148],[-97.41438646793982,29.03635144227872],[-97.40913114204822,29.05717736716537],[-97.40187003521584,29.077391568242327],[-97.39267235863234,29.096801368423588],[-97.38162578242209,29.115221757986312],[-97.36883559999276,29.132477158040665],[-97.35442372440293,29.148403094107163],[-97.33852752631502,29.16284776384935],[-97.32129852460994,29.17567348401852],[-97.30290094214425,29.186758002818596],[-97.2835101404158,29.195995665181925],[-97.26331094805857,29.203298419848966],[-97.24249589909893,29.208596658652485],[-97.22126339776584,29.2118398800065],[-97.19981582734762,29.21299717027573],[-97.1783576211214,29.21205749843719],[-96.29982803910276,29.130474435812207],[-95.67254788746578,29.466347457495317],[-95.64928727403323,29.477108796254328],[-95.4886069395474,29.540363479901973],[-95.45993865894494,29.55388318041336],[-95.439983320459,29.562122718247668],[-95.43638778590082,29.56320901068206],[-95.4337584364536,29.564966818119604],[-95.41474117364773,29.57514023592882],[-95.36954117364773,29.59654023592882],[-95.35819477629467,29.601244597603174],[-95.35513545339336,29.604588138937267],[-95.33909080330059,29.618995966323684],[-95.32171268246476,29.6317637853548],[-95.30316805595237,29.64276892570429],[-95.28363509635345,29.651905652465157],[-95.26330147193944,29.659086182026865],[-95.24236254358885,29.664241525480477],[-95.10859555493548,29.6902975597632],[-95.08722704148524,29.693380592532755],[-95.06565923321224,29.69435429907536],[-95.04409983990035,29.693209302064727],[-95.0227564902927,29.689956628447987],[-95.00183473251349,29.684627603250163],[-94.99450627818858,29.681972560454064],[-94.9858,29.675],[-95.0087,29.6597],[-95.0157,29.6445],[-95.01,29.626],[-94.9845,29.6061],[-94.9892,29.5944],[-95.016,29.5689],[-95.0239,29.5422],[-95.01104121158825,29.533070260227657],[-95.0122,29.5318],[-94.9893,29.4894],[-95.2003,29.4483],[-95.1976,29.4343],[-95.233,29.4176],[-95.08952178682078,29.1900482699958],[-95.1159,29.1747],[-95.1243,29.1935],[-95.1372,29.1989],[-95.1531,29.2009],[-95.1705,29.2089],[-95.1629,29.2006],[-95.15,29.1747],[-95.1592,29.1524],[-95.15899304978556,29.15067110341687],[-95.2754,29.3977],[-95.3206,29.3763],[-95.181,29.0802],[-95.205,29.0606],[-95.2556,29.1206],[-95.3661,29.3549],[-95.4013,29.3383],[-95.5687,29.2724],[-96.2543,28.9053],[-97.1987,28.993],[-97.1299,28.6397],[-97.8885,28.4448],[-98.3441,27.6749],[-98.6359,27.6599],[-99.1188,27.6122],[-99.6007,27.2427],[-100.0106,27.324],[-100.2567,27.1334],[-100.3638,27.7867],[-101.1731,28.5974],[-101.446,29.3174],[-102.3004,30.1061],[-102.262,30.4772],[-102.5584,30.6868],[-105.2503,30.4853],[-105.7336,30.6653],[-105.9941,31.0325],[-106.6245,31.5135],[-107.4047,32.5266],[-107.5008,32.542],[-107.6243,32.7379],[-107.8608,33.2988],[-106.9215,34.7768],[-105.9423,34.2991],[-105.6083,34.0981],[-104.5922,34.4596],[-104.0661,34.1762],[-104.4469,33.7412],[-104.2448,32.8616],[-104.4844,32.5755],[-105.8227,32.6379],[-105.3543,31.3923],[-104.7164,31.8766],[-103.4607,31.9859],[-103.3564,32.4375],[-102.1861,32.4887],[-101.8131,33.1043],[-101.2233,33.0833],[-101.1926,33.5764],[-101.5016,33.8497],[-101.7734,34.2944],[-102.4013,34.6596],[-103.108,34.6832],[-103.2104,35.004],[-102.5025,35.5707],[-102.6444,36.5943],[-103.5751,36.7508],[-103.6345,36.9296],[-103.6234,36.9303],[-102.4621,37.018],[-101.5348,37.267],[-100.9402,37.5898],[-100.5361,37.2097],[-99.4174,37.0694],[-98.9956,37.2434],[-98.5787,36.9057],[-98.5579,36.8307],[-98.796,36.0802],[-98.105,35.5308],[-97.9502,35.1356],[-97.2182,34.9937],[-96.0707,35.0702],[-94.9824,34.8058],[-94.4547,35.2845],[-93.456,35.3784],[-92.5769,35.1123],[-92.2078,35.1088],[-91.562,34.6482],[-91.5878,34.4188],[-91.9397,33.7256],[-92.5485,33.7604],[-93.0803,33.4446],[-93.3757,33.0433],[-93.1919,32.0145],[-91.8911,31.3624],[-91.3825,31.3053],[-91.3505,30.9902],[-91.6135,30.7436],[-92.9251,30.9011],[-93.6698,30.7222],[-93.87222491014988,29.942991521675758],[-93.9244,29.8656],[-93.93608011960731,29.814701960543335],[-93.9467,29.8495],[-93.9946,29.8349],[-93.9491,29.6857],[-93.96031962537793,29.68259374008132],[-94.00086390456808,29.68333151852812],[-94.0426,29.8202],[-94.0905,29.8056],[-94.052908069873,29.68250321094575],[-94.0601,29.6818],[-94.1017824100013,29.670658162481754],[-94.1385,29.7909],[-94.1864,29.7763],[-94.1476582896587,29.649332849290555],[-94.19361340182928,29.62792744177952],[-94.2344,29.7617],[-94.2823,29.7471],[-94.24028273694398,29.609500741308473],[-94.2880042168417,29.59378025379817],[-94.3303,29.7324],[-94.3782,29.7178],[-94.3357,29.5784],[-94.3841,29.565],[-94.4263,29.7031],[-94.4741,29.6885],[-94.4323,29.5516],[-94.4807,29.5382],[-94.49139297066559,29.535233420146607],[-94.4853,29.5522],[-94.486,29.5661],[-94.5101,29.549],[-94.5297,29.5556],[-94.54125035028022,29.564957245796627],[-94.57,29.6592],[-94.6179,29.6446],[-94.59185783132531,29.55937108433735],[-94.6054,29.5526],[-94.64064013230465,29.54726296437257],[-94.6659,29.63],[-94.7138,29.6154],[-94.69064695651042,29.53968954778907],[-94.6952,29.539],[-94.73962960857972,29.52811474589797],[-94.74972896321113,29.561179756266576],[-94.7161,29.6114],[-94.7031,29.6504],[-94.6927,29.6963],[-94.7035,29.7514],[-94.7195,29.7766],[-94.7341,29.7822],[-94.7446,29.7822],[-94.7737,29.7729],[-94.7948,29.7717],[-94.79626282163187,29.77296613973179],[-94.78818405999705,29.78389586824786],[-94.77370401824585,29.7999225930071],[-94.7577221818344,29.814452163563118],[-94.74039259965598,29.827344529410652],[-94.72188231152303,29.838475421057773],[-94.70236973807057,29.8477375478593],[-94.68204296096012,29.85504163219114],[-94.6341429609601,29.869641632191136],[-94.61321038876171,29.87491477071137],[-94.59186180178837,29.878111081543544],[-94.58456439069685,29.87847959314879],[-94.57817631212545,29.88232497582708],[-94.55867822836825,29.891592400857565],[-94.53836571142787,29.89890417851048],[-94.49056571142786,29.91350417851048],[-94.46963471960967,29.918789828402616],[-94.4660628523963,29.91932670089014],[-94.46266186933964,29.9209408196982],[-94.44234296096012,29.92824163219114],[-94.3944429609601,29.942841632191136],[-94.37351114591041,29.948114619043558],[-94.37019644245014,29.948610914349164],[-94.3667674632276,29.950238493781693],[-94.34644296096013,29.95754163219113],[-94.29854296096012,29.972141632191132],[-94.27760836067048,29.977415176953706],[-94.27398822056149,29.977957132199442],[-94.27086481638463,29.979439594351057],[-94.25054296096013,29.98674163219113],[-94.20264296096012,30.00134163219113],[-94.18171415025446,30.006614017202832],[-94.17839671754375,30.007110792005353],[-94.17496775911142,30.008738370749334],[-94.15464296096013,30.01604163219113],[-94.10674296096012,30.03064163219113],[-94.08580886225631,30.035915076484038],[-94.06445870354018,30.03911139093145],[-94.0586980461211,30.03940219591532],[-94.0602368001557,30.05655923211858],[-94.0600483753001,30.078148186567674],[-94.05774477018386,30.099614715434722],[-94.05334816978353,30.12075208431193],[-93.88273221372857,30.777516112992917],[-93.87627843006533,30.79813851406076],[-93.86783266388154,30.81802830498334],[-93.85747639496475,30.8369936007495],[-93.8453095345098,30.854851435333934],[-93.83144946123441,30.871429526845805],[-93.81602988897828,30.886567939603193],[-93.79919957671055,30.900120627098516],[-93.78112089339075,30.911956840969395],[-93.76196825152847,30.92196239238201],[-93.74192642455405,30.930040753657813],[-93.72118876423309,30.93611398951587],[-92.9764887642331,31.11501398951587],[-92.95731168201,31.118729059507427],[-92.93788065844096,31.12072844708693],[-92.91834887833255,31.1209963900482],[-92.89887032080726,31.119530776058333],[-91.68913592250712,30.974263036097774],[-91.58037003171704,31.076246567157977],[-91.58344010607313,31.106477205583108],[-91.91564497221296,31.143773504947216],[-91.93481237499303,31.146786391263287],[-91.95363977243188,31.15147637196329],[-91.97198072051472,31.157806967252014],[-91.98969255894656,31.16572893624031],[-93.29049255894657,31.817828936240307],[-93.31023904884385,31.829038765455596],[-93.32872492435989,31.842224232482017],[-93.34575326350866,31.8572448782782],[-93.36114267080461,31.87394069444209],[-93.37472920958997,31.89213382771081],[-93.38636814838047,31.911630474554062],[-93.39593550262693,31.93222294567878],[-93.40332935546867,31.95369187845277],[-93.4084709434095,31.97580857367937],[-93.59227094340949,33.00460857367938],[-93.59507539129784,33.02673383892034],[-93.59562538405739,33.04902934963228],[-93.59391526957742,33.07126598153567],[-93.58996262219176,33.09321521543087],[-93.5838080620726,33.1146514856214],[-93.57551483778921,33.135354497984984],[-93.56516817632127,33.15511149387022],[-93.5528744072068,33.173719436553434],[-93.2574744072068,33.57501943655343],[-93.24355527809092,33.5920710621629],[-93.22800190936479,33.60764645341126],[-93.21096999542033,33.621589695453864],[-93.1926300313786,33.63376121180222],[-92.66083003137861,33.94956121180221],[-92.64161778965247,33.95972154236368],[-92.62149679804729,33.96793666537468],[-92.6006634202091,33.974126408270216],[-92.57932097206347,33.97823036446066],[-92.55767773762621,33.98020848284828],[-92.53594493632971,33.98004145869174],[-92.07075694722494,33.95345055524094],[-91.80197604161951,34.48291609592205],[-91.79508176159771,34.544216399681744],[-92.2791517716745,34.88946670417442],[-92.57898606172797,34.89230989034398],[-92.5998038927598,34.89349549434153],[-92.6204159731325,34.89664666688796],[-92.640637140037,34.901735100313694],[-93.47840278806382,35.15532335982903],[-94.36115539345802,35.072324992304736],[-94.83458574232128,34.64285539215154],[-94.85115109119343,34.629239177796755],[-94.86896333744805,34.61730033530779],[-94.88785326030127,34.60715228666722],[-94.9076414007726,34.59889144086926],[-94.92813976659015,34.59259627801019],[-94.9491536181639,34.58832660370793],[-94.97048331866064,34.586122980933695],[-94.99192623060351,34.5860063446537],[-95.0132786409787,34.58797780294169],[-95.03433769655985,34.592018626452024],[-96.08979204407177,34.84843885017908],[-97.20356581768476,34.77418726527154],[-97.22247808557321,34.77374159942428],[-97.24135872104108,34.774922319146256],[-97.26006811954048,34.777720694125236],[-97.99206811954048,34.919620694125236],[-98.01354706606733,34.92491742069962],[-98.03438547368843,34.93234448096089],[-98.05437263318477,34.94182677559748],[-98.07330644280064,34.953268423631634],[-98.09099545181152,34.96655373192765],[-98.10726079639343,34.98154836503217],[-98.12193800821866,34.99810070351785],[-98.13487867749043,35.01604337709527],[-98.14595195360035,35.03519495699096],[-98.15504586823474,35.05536179047889],[-98.28825436381753,35.39543929341376],[-98.93291563533612,35.90799631594966],[-98.94950572526943,35.9226056082549],[-98.96454597031963,35.93880602598053],[-98.97788451916787,35.95643400431834],[-98.98938670138645,35.9753115653331],[-98.99893638711617,35.99524811488709],[-99.00643715955216,36.01604236694189],[-99.01181328839994,36.037484375809235],[-99.01501049447369,36.05935765583253],[-99.01599649771697,36.08144136709806],[-99.01476134311294,36.103512545108295],[-99.0113175011935,36.12534835190559],[-99.00569974213263,36.146728325918424],[-98.79829970862434,36.80046089688845],[-99.03252046251932,36.990185887510506],[-99.33350410660157,36.86602478255482],[-99.35490209369036,36.858463962996105],[-99.3769651409425,36.853147781114274],[-99.39945846843216,36.850132808097065],[-99.42214271748415,36.84945112723438],[-99.44477649776604,36.85110999250981],[-100.56347649776605,36.99140999250981],[-100.58620555333215,36.99548180860328],[-100.60838263033202,37.00191351980389],[-100.62976341909632,37.0106342723541],[-100.6501123821179,37.02154799569549],[-100.66920534880714,37.03453446081227],[-100.68683198502588,37.04945060471203],[-100.97505016758707,37.32055115208027],[-101.42983548467225,37.07365458236097],[-101.45322831936458,37.06268147191624],[-101.47774636101236,37.054526749264134],[-102.40504636101237,36.80552674926413],[-102.42512828093476,36.8011288585603],[-102.4455330349674,36.798624669414245],[-102.54604220417748,36.79103433604671],[-102.52823475984273,36.781130503342474],[-102.51061343029362,36.76894579515751],[-102.49426080201535,36.75510491668019],[-102.4793319473767,36.739739121295315],[-102.46596843706672,36.72299412321153],[-102.45429699757631,36.70502871564997],[-102.44442830944796,36.686013265004334],[-102.43645595768949,36.66612809525222],[-102.43045554430512,36.64556177793851],[-102.42648397135984,36.62450934394689],[-102.28458397135984,35.600909343946896],[-102.28271097374551,35.580332441959605],[-102.28277664710471,35.55967057605965],[-102.28478041215905,35.539105996290914],[-102.2887045944995,35.51882009457527],[-102.2945145804853,35.49899180472711],[-102.302159122557,35.47979602414981],[-102.3115707912707,35.4614020711358],[-102.32266657006609,35.44397219137771],[-102.33534858752238,35.4276601268641],[-102.3495049806428,35.41260975978293],[-102.36501088155339,35.398953843394466],[-102.95481865983092,34.926791012556954],[-102.94559634349349,34.89789922465613],[-102.3939572699124,34.87947743020797],[-102.37233007926385,34.877684258241025],[-102.3509847772214,34.87376904154601],[-102.33012906188318,34.867769876705474],[-102.30996586747813,34.85974513792864],[-102.29069138973688,34.84977290904769],[-101.66279138973687,34.48457290904769],[-101.64452279966638,34.47269937530505],[-101.62751827708263,34.45907702608033],[-101.61194460760845,34.443839473592796],[-101.5979545426163,34.42713617247544],[-101.58568530099558,34.40913095387767],[-101.3311088551745,33.99261091908505],[-101.04684755484004,33.741191458303796],[-101.03097784600675,33.7256591013593],[-101.01675475226271,33.70860608476244],[-101.0043231792424,33.690206145552054],[-100.99380978047208,33.67064674328612],[-100.98532166701678,33.65012715019379],[-100.97894531622724,33.62885642097937],[-100.97474569070398,33.607051262961846],[-100.97276557645489,33.58493382824926],[-100.97302514698909,33.56272945044122],[-101.00372514698908,33.06962945044122],[-101.00606433454227,33.04853413091639],[-101.01042544890568,33.02776239565491],[-101.01676789888985,33.00750757814248],[-101.02503265197065,32.987958200638914],[-101.03514278373606,32.96929621950213],[-101.04700419386224,32.95169533162446],[-101.06050648195477,32.93531935774412],[-101.07552397510344,32.9203207176793],[-101.09191689758602,32.90683901167659],[-101.10953267183477,32.89499972107789],[-101.12820733855618,32.884913040399496],[-101.1477670827865,32.87667285169364],[-101.16802985167921,32.87035585073875],[-101.18880704896682,32.86602083319144],[-101.20990529032568,32.863708147344354],[-101.23112820330577,32.86343931858333],[-101.69186717342204,32.87984406319581],[-101.99794416198661,32.374693944803454],[-102.01003226479442,32.356790361915515],[-102.02381796799597,32.34015861826198],[-102.03916835334157,32.324959072891836],[-102.05593541631369,32.311338275961894],[-102.07395749314882,32.29942755573741],[-102.09306081955852,32.289341752358276],[-102.11306120612045,32.28117811057958],[-102.13376581418613,32.27501534216234],[-102.15497501518212,32.27091286695471],[-102.17648431537812,32.268910239980904],[-103.1796821776057,32.22502086926737],[-103.24634274024827,31.93639277636823],[-103.252123502807,31.915929686161217],[-103.25985279767517,31.8961202622064],[-103.26945841738461,31.87714956515599],[-103.28085062574449,31.859194820232545],[-103.2939229961614,31.84242376158187],[-103.30855340588197,31.826993065292037],[-103.32460517686998,31.81304688571736],[-103.34192835265952,31.800715508781035],[-103.36036109925594,31.79011413483739],[-103.37973121699736,31.781341802464265],[-103.39985774925267,31.774480463239563],[-103.42055267292771,31.769594216145407],[-103.44162265498656,31.76672870875218],[-104.63399691230956,31.662940776662186],[-105.22126945258245,31.217077645679016],[-105.23903708435593,31.204911472396976],[-105.2579090122855,31.194540607081677],[-105.27770443062495,31.186064409589143],[-105.29823368596968,31.17956408758497],[-105.31930009426358,31.175101918520344],[-105.34070182516452,31.172720652972224],[-105.36223383571452,31.1724431050641],[-105.38368983478908,31.174271933891365],[-105.40486425950466,31.178189618045398],[-105.42555424464925,31.18415862348042],[-105.44556156626732,31.19212176311488],[-105.46469454077848,31.202002744722087],[-105.48276986143495,31.21370690186101],[-105.49961435452332,31.227122100844355],[-105.51506663848502,31.242119815054636],[-105.52897867006016,31.258556356315477],[-105.54121716264125,31.27627425152087],[-105.55166486324856,31.29510375133331],[-105.56022167589235,31.314864456496483],[-106.02862167589235,32.56046445649649],[-106.03525868572902,32.58116548562688],[-106.03982025100973,32.60242047630717],[-106.04226183214867,32.62402189265359],[-106.04255958930007,32.64575881624705],[-106.04071061513291,32.66741900556198],[-106.03673296321841,32.68879096831406],[-106.03066547175311,32.70966602649237],[-106.02256738433877,32.72984035391261],[-106.01251777152187,32.74911696639664],[-106.00061475874074,32.767307645145976],[-105.98697456821886,32.78423477452919],[-105.97173038415929,32.79973307633898],[-105.95503105232058,32.813651223585296],[-105.93703962667173,32.82585331806746],[-105.91793177731671,32.836220217297935],[-105.89789407523368,32.84465069782168],[-105.87712217057715,32.851062443572204],[-105.85581888232997,32.85539284961399],[-105.83419221795823,32.857599633423455],[-105.81245334240532,32.85766124773976],[-104.58306315447405,32.80033931115834],[-104.4837138255234,32.91896970770584],[-104.66131321132656,33.69193566392781],[-104.66500481199547,33.71238522975241],[-104.66675053624762,33.733091873728405],[-104.66653480916916,33.75387085637291],[-104.664359555423,33.774536792815596],[-104.66024418207734,33.794905306755965],[-104.65422540546074,33.81479467542248],[-104.64635692358824,33.83402745085755],[-104.63670893708118,33.852432043063644],[-104.62536752285476,33.86984425088626],[-104.6124338661615,33.886108726975394],[-104.41344563986966,34.11341933211443],[-104.6105136760691,34.21957611116579],[-105.53455803360522,33.89082693761072],[-105.55522881973985,33.884597190122015],[-105.57641068041185,33.88042347095701],[-105.59789963467355,33.87834597295823],[-105.6194887442714,33.87838470239506],[-105.64097010645764,33.880539286303694],[-105.66213685609031,33.8847889760788],[-105.68278515774075,33.89109284728219],[-105.70271616862534,33.899390193744466],[-105.72173795345796,33.909601112164374],[-106.04745175914344,34.10561451019665],[-106.84127053712614,34.49287679598335],[-107.61330391715141,33.278072861481746],[-107.42858475223822,32.839979924484645],[-107.36767698517811,32.74336590369861],[-107.34955631161422,32.73957693215748],[-107.32971505275233,32.73342663679097]]],[[[-93.8816,29.8082],[-93.8726812699012,29.743164880520318],[-93.8792,29.7499],[-93.8937,29.7908],[-93.8882,29.8072],[-93.88201304304842,29.8095502401407],[-93.8816,29.8082]]],[[[-93.9008,29.6991],[-93.92102297024572,29.765364373092684],[-93.8758,29.7234],[-93.86799164108314,29.708274373922045],[-93.9008,29.6991]]],[[[-94.529,29.5248],[-94.52918862768759,29.525418330761287],[-94.52654689908412,29.525480570440426],[-94.529,29.5248]]],[[[-94.5772,29.5114],[-94.60815333897433,29.50283027392033],[-94.58107030715166,29.524066459769063],[-94.5772,29.5114]]],[[[-94.9332,29.3884],[-94.987,29.4852],[-94.96489236871707,29.509428994120217],[-94.9078,29.4963],[-94.9235,29.4756],[-94.9364,29.48],[-94.9651,29.4696],[-94.9651,29.4628],[-94.9482,29.452],[-94.9429,29.422],[-94.9173,29.4211],[-94.9173,29.4286],[-94.922,29.434],[-94.9173,29.4423],[-94.90946709288525,29.430564778149396],[-94.9332,29.3884]]],[[[-98.49158091177004,28.5425358140368],[-98.4801375471451,28.52432931732639],[-98.4705263345472,28.505092589205336],[-98.46283910218555,28.48500942274624],[-98.45714929602495,28.464271698129977],[-98.45351127806238,28.443077549368834],[-98.45195980693742,28.42162947127885],[-98.45250970583851,28.400132384787796],[-98.45515572087794,28.37879167906337],[-98.4598725712891,28.357811249167767],[-98.46661519096592,28.33739154798731],[-98.47531915903703,28.317727671049568],[-98.48590131536075,28.299007492526233],[-98.49826055506037,28.281409870230796],[-98.51227879450829,28.26510293676106],[-98.52782209953003,28.250242493113348],[-98.5447419650487,28.236970520116266],[-98.97564196504871,27.931770520116267],[-98.9932161429753,27.920534756101667],[-99.01177543024372,27.911013885402202],[-99.03115298725035,27.903293496341938],[-99.05117461851654,27.89744299172885],[-99.07166033862717,27.893514964954925],[-99.09242599021813,27.89154472720536],[-99.1132848994679,27.891549990026967],[-99.13404955421072,27.893530706109352],[-99.15453328958624,27.897469069710233],[-99.58694914585584,28.0020858091303],[-99.93364867367804,28.05967351975841],[-99.95396749486899,28.064043691553266],[-99.97378325608774,28.070311745751198],[-99.99291910866802,28.078421742183536],[-100.0112042718879,28.08830130199808],[-100.02847555712736,28.099862253614788],[-100.04457882426908,28.11300141962596],[-100.05937035734449,28.127601537618148],[-100.07271814714802,28.14353230669775],[-100.08450306937259,28.160651550380443],[-100.09461994775198,28.178806485466072],[-100.10297849272182,28.197835085574695],[-100.10950410722205,28.21756752717479],[-100.30280410722206,28.91026752717479],[-100.30752951065398,28.931037842685527],[-100.31022407757345,28.952167791883916],[-100.310862547226,28.973459287850915],[-100.3094389341506,28.994712729215117],[-100.30596658429175,29.01572887135557],[-100.30047804988506,29.036310694260173],[-100.29302478428994,29.05626524952905],[-100.28367665962985,29.075405469207762],[-100.27252131176208,29.093551919493116],[-100.25966331871797,29.110534482871117],[-100.24522322031538,29.126193952917493],[-100.22933638813404,29.140383526810044],[-100.21215175644781,29.152970181560953],[-100.19383042601058,29.163835921067285],[-100.17454415378515,29.172878882288966],[-100.15447374277343,29.18001429018416],[-99.40277374277343,29.40691429018416],[-99.38221872627015,29.41205307457854],[-99.36126470591803,29.4151907233136],[-99.34010603277052,29.41629813432077],[-99.31893895606034,29.415365036230057],[-99.29795980296423,29.412400083638232],[-99.27736315764487,29.407430776836414],[-99.25734005645943,29.400503206741554],[-99.23807621607436,29.391681627397666],[-99.21975031092111,29.381047860011844],[-99.20253231596926,29.36870053405275],[-99.18658193018834,29.35475417245047],[-99.17204709532068,29.33933812938256],[-98.50474709532067,28.55953812938256],[-98.49158091177004,28.5425358140368]],[[-99.8976,28.2767],[-99.543,28.2178],[-99.1028,28.1113],[-98.6719,28.4165],[-99.3392,29.1963],[-100.0909,28.9694],[-99.8976,28.2767]]]]}},{"type":"Feature","properties":{"id":"texas","name":"Texas Commonwealth","layer":"area"},"geometry":{"type":"MultiPolygon","coordinates":[[[[-95.2556,29.1206],[-95.3661,29.3549],[-95.4013,29.3383],[-95.5687,29.2724],[-96.2543,28.9053],[-97.1987,28.993],[-97.1299,28.6397],[-97.8885,28.4448],[-98.3441,27.6749],[-98.6359,27.6599],[-99.1188,27.6122],[-99.6007,27.2427],[-100.0106,27.324],[-100.2567,27.1334],[-100.3638,27.7867],[-101.1731,28.5974],[-101.446,29.3174],[-102.3004,30.1061],[-102.262,30.4772],[-102.5584,30.6868],[-105.2503,30.4853],[-105.7336,30.6653],[-105.9941,31.0325],[-106.6245,31.5135],[-107.4047,32.5266],[-107.5008,32.542],[-107.6243,32.7379],[-107.8608,33.2988],[-106.9215,34.7768],[-105.9423,34.2991],[-105.6083,34.0981],[-104.5922,34.4596],[-104.0661,34.1762],[-104.4469,33.7412],[-104.2448,32.8616],[-104.4844,32.5755],[-105.8227,32.6379],[-105.3543,31.3923],[-104.7164,31.8766],[-103.4607,31.9859],[-103.3564,32.4375],[-102.1861,32.4887],[-101.8131,33.1043],[-101.2233,33.0833],[-101.1926,33.5764],[-101.5016,33.8497],[-101.7734,34.2944],[-102.4013,34.6596],[-103.108,34.6832],[-103.2104,35.004],[-102.5025,35.5707],[-102.6444,36.5943],[-103.5751,36.7508],[-103.6345,36.9296],[-103.6234,36.9303],[-102.4621,37.018],[-101.5348,37.267],[-100.9402,37.5898],[-100.5361,37.2097],[-99.4174,37.0694],[-98.9956,37.2434],[-98.5787,36.9057],[-98.5579,36.8307],[-98.796,36.0802],[-98.105,35.5308],[-97.9502,35.1356],[-97.2182,34.9937],[-96.0707,35.0702],[-94.9824,34.8058],[-94.4547,35.2845],[-93.456,35.3784],[-92.5769,35.1123],[-92.2078,35.1088],[-91.562,34.6482],[-91.5878,34.4188],[-91.9397,33.7256],[-92.5485,33.7604],[-93.0803,33.4446],[-93.3757,33.0433],[-93.1919,32.0145],[-91.8911,31.3624],[-91.3825,31.3053],[-91.3505,30.9902],[-91.6135,30.7436],[-92.9251,30.9011],[-93.6698,30.7222],[-93.87222491014988,29.942991521675758],[-93.9244,29.8656],[-93.93608011960731,29.814701960543335],[-93.9467,29.8495],[-93.9946,29.8349],[-93.9491,29.6857],[-93.96031962537793,29.68259374008132],[-94.00086390456808,29.68333151852812],[-94.0426,29.8202],[-94.0905,29.8056],[-94.052908069873,29.68250321094575],[-94.0601,29.6818],[-94.1017824100013,29.670658162481754],[-94.1385,29.7909],[-94.1864,29.7763],[-94.1476582896587,29.649332849290555],[-94.19361340182928,29.62792744177952],[-94.2344,29.7617],[-94.2823,29.7471],[-94.24028273694398,29.609500741308473],[-94.2880042168417,29.59378025379817],[-94.3303,29.7324],[-94.3782,29.7178],[-94.3357,29.5784],[-94.3841,29.565],[-94.4263,29.7031],[-94.4741,29.6885],[-94.4323,29.5516],[-94.4807,29.5382],[-94.49139297066559,29.535233420146607],[-94.4853,29.5522],[-94.486,29.5661],[-94.5101,29.549],[-94.5297,29.5556],[-94.54125035028022,29.564957245796627],[-94.57,29.6592],[-94.6179,29.6446],[-94.59185783132531,29.55937108433735],[-94.6054,29.5526],[-94.64064013230465,29.54726296437257],[-94.6659,29.63],[-94.7138,29.6154],[-94.69064695651042,29.53968954778907],[-94.6952,29.539],[-94.73962960857972,29.52811474589797],[-94.74972896321113,29.561179756266576],[-94.7161,29.6114],[-94.7031,29.6504],[-94.6927,29.6963],[-94.7035,29.7514],[-94.7195,29.7766],[-94.7341,29.7822],[-94.7446,29.7822],[-94.7737,29.7729],[-94.7948,29.7717],[-94.8067,29.782],[-94.8265,29.7681],[-94.8264,29.7498],[-94.8487,29.7176],[-94.863,29.6831],[-94.87109046756105,29.67241564207587],[-94.8781,29.6788],[-94.8938726739464,29.661510044219835],[-94.9196,29.6553],[-94.9316,29.6667],[-94.9383,29.6897],[-94.9662,29.7044],[-95.0155,29.7203],[-95.034,29.7485],[-95.0523,29.7497],[-95.0641,29.7129],[-95.0368,29.7043],[-95.0288,29.6975],[-95.0089,29.6935],[-94.9858,29.675],[-95.0087,29.6597],[-95.0157,29.6445],[-95.01,29.626],[-94.9845,29.6061],[-94.9892,29.5944],[-95.016,29.5689],[-95.0239,29.5422],[-95.01104121158825,29.533070260227657],[-95.0122,29.5318],[-94.9893,29.4894],[-95.2003,29.4483],[-95.1976,29.4343],[-95.233,29.4176],[-95.08952178682078,29.1900482699958],[-95.1159,29.1747],[-95.1243,29.1935],[-95.1372,29.1989],[-95.1531,29.2009],[-95.1705,29.2089],[-95.1629,29.2006],[-95.15,29.1747],[-95.1592,29.1524],[-95.15899304978556,29.15067110341687],[-95.2754,29.3977],[-95.3206,29.3763],[-95.181,29.0802],[-95.205,29.0606],[-95.2556,29.1206]],[[-100.0909,28.9694],[-99.8976,28.2767],[-99.543,28.2178],[-99.1028,28.1113],[-98.6719,28.4165],[-99.3392,29.1963],[-100.0909,28.9694]]],[[[-93.8816,29.8082],[-93.8726812699012,29.743164880520318],[-93.8792,29.7499],[-93.8937,29.7908],[-93.8882,29.8072],[-93.88201304304842,29.8095502401407],[-93.8816,29.8082]]],[[[-93.9008,29.6991],[-93.92102297024572,29.765364373092684],[-93.8758,29.7234],[-93.86799164108314,29.708274373922045],[-93.9008,29.6991]]],[[[-94.529,29.5248],[-94.52918862768759,29.525418330761287],[-94.52654689908412,29.525480570440426],[-94.529,29.5248]]],[[[-94.5772,29.5114],[-94.60815333897433,29.50283027392033],[-94.58107030715166,29.524066459769063],[-94.5772,29.5114]]],[[[-94.9332,29.3884],[-94.987,29.4852],[-94.96489236871707,29.50942899412022],[-94.9078,29.4963],[-94.9235,29.4756],[-94.9364,29.48],[-94.9651,29.4696],[-94.9651,29.4628],[-94.9482,29.452],[-94.9429,29.422],[-94.9173,29.4211],[-94.9173,29.4286],[-94.922,29.434],[-94.9173,29.4423],[-94.90946709288525,29.430564778149396],[-94.9332,29.3884]]]]}}]}
