{"type":"Topology","arcs":[[[15065,2920],[50,-21],[64,35],[46,-3],[4,90],[43,-15],[96,47],[-29,29],[79,65],[-54,10],[-4,60],[41,49],[17,71]],[[15418,3337],[35,-50],[22,50],[57,4],[-72,57],[-28,4]],[[15432,3402],[53,72],[43,-65],[82,-22],[-7,65],[82,-7],[-39,54],[-61,3],[-92,51],[-72,72],[-3,111],[42,25],[36,-68],[132,-75],[68,18],[-150,75],[-64,90],[25,32],[107,-72],[21,7],[-46,105],[39,83]],[[15628,3956],[50,28]],[[15678,3984],[47,-54],[-15,-28],[50,-65],[0,-43],[37,-113],[77,5],[-60,32],[-25,126],[-54,104]],[[15735,3948],[1,81],[85,-16],[32,-72],[43,18],[-29,61],[-50,29],[16,45],[43,-2],[52,29]],[[15928,4121],[46,-83],[-7,-36],[43,-7],[-43,115],[0,43],[36,18],[14,47],[39,25],[35,-89],[26,21],[-22,79],[36,61],[111,86],[18,-46],[-54,-109],[4,-31],[46,28],[14,-115],[47,-43],[50,79],[-62,-17],[-10,49],[36,65],[-4,69],[40,-69],[5,78],[-41,37],[7,47],[46,7],[61,-121],[-36,132],[32,26],[61,-33],[-14,61],[46,-14],[-3,36],[78,-26],[-7,40],[57,0],[12,33],[35,-26],[56,58],[58,-44],[46,47],[-4,68],[43,0],[18,-86],[29,18],[-15,72],[36,61],[50,0],[14,-65],[-21,-35],[35,-15],[-7,47],[29,29],[-7,59],[57,-5],[32,-72],[18,90],[68,10],[21,-35],[50,35],[57,-43],[107,-21],[18,-33],[-25,-32],[18,-32],[124,-97],[19,21],[-36,90],[17,47],[42,-30],[37,-93],[18,32],[-43,59],[32,61],[39,-54],[90,-61],[10,68],[54,40],[35,-8],[33,-46],[-8,-37],[43,-17],[-14,68],[54,-76],[56,-33],[-28,-46],[-64,50],[-25,-10],[53,-54],[54,-25],[-36,-22]],[[18043,4441],[-114,14],[107,-54],[0,-61],[-53,-32],[-11,-72],[-136,-32],[71,-18],[-10,-65],[-64,7],[-47,-47],[22,-64],[-36,-25],[-103,-130],[-72,14],[36,-64],[-64,-7],[-72,43],[-18,-22],[58,-39],[0,-87],[35,-36],[-3,-46],[-54,-15],[54,-21],[-4,-36],[-107,-7],[-28,-18],[71,-29],[0,-76],[-59,-2],[-45,53],[-25,-19],[58,-43],[-75,-75],[-75,25],[42,-86],[0,-43],[-96,-40],[-57,17],[68,-64],[-7,-93],[-100,-29],[35,-65],[72,-46],[-17,-42],[24,-48],[-50,-51],[7,-21],[-71,-80],[-4,-32],[75,61],[75,33],[61,-65],[-7,-68],[62,-38],[9,-56],[-50,-79],[36,-36],[-15,-72],[-42,-36],[7,-39],[-43,-33],[11,-31],[-25,-62],[-72,-104],[-71,-47],[22,-51],[-29,-104],[-96,7],[-82,-21],[-11,-50],[57,28],[39,-25],[68,18],[68,-39],[-25,-33],[32,-21],[14,-58],[43,-25],[-72,-29],[72,-86],[0,-72],[54,-32],[-4,-69],[32,-38],[-3,-77],[28,-72],[-28,-40],[-104,-21],[59,-50],[2,-105],[-33,-19],[11,-60],[-50,-57],[-53,-97],[-75,122],[-82,65],[-79,36],[-18,104],[36,50],[-39,11],[-3,90],[-76,75],[33,-82],[-18,-40],[28,-25],[1,-70],[-22,-20],[-39,133],[-57,69],[-68,7],[-32,-76],[-39,-10],[-4,-44],[43,-47],[7,-136],[-32,-47],[-68,29],[-43,93],[-75,-7],[-60,25],[-30,-74],[97,28],[68,-15],[29,-79],[96,-36],[11,-54],[117,25],[115,0],[42,15],[96,-69],[-64,-50],[104,-4],[32,-54],[-56,2],[-197,-70]],[[16827,532],[-65,-36],[-21,58],[-78,-43],[-48,62],[-49,-23],[-103,72],[-43,-11],[-68,36],[-8,98],[-77,-8],[-78,26],[-125,-7],[46,-62],[0,-43],[-86,25],[-14,45],[-64,27],[20,-59],[-20,-53],[43,-50],[-15,-50],[-57,-7],[-21,-51],[71,-97],[61,-43],[10,18],[-35,79],[11,18],[128,-65],[39,-61],[0,-43],[-43,-18],[22,-75],[-54,-33],[-68,76],[34,14],[-29,38],[-51,-6],[-57,22],[-25,-47],[-100,-43],[61,-10],[30,-31],[30,-88],[-7,-36]],[[15924,47],[-11,-25],[-50,79],[-64,-7],[-43,-29],[-50,0],[-10,36],[-50,-4],[43,-72],[-75,-3],[-57,57],[-7,-79],[-2911,0],[-9,11]],[[12630,11],[87,18],[68,39],[-75,33],[-36,36],[-114,-29],[-47,-67],[-74,-41],[-168,0],[79,75],[-7,51],[57,29],[-86,54],[-39,0],[-25,-47],[-79,-11],[-21,43],[-75,43],[-10,65],[53,14],[3,36],[-67,-36],[-50,16],[-11,42],[36,83],[50,21],[71,72],[-14,22],[-71,-22],[3,54],[-33,-16],[-3,89],[-39,67],[14,36],[-7,151],[29,43],[-14,29],[46,4],[35,-30],[54,-3],[7,-50],[40,-39],[10,25],[-31,77],[74,66],[28,177],[-99,29],[-58,82],[0,29],[-60,90],[-64,7],[-47,61],[22,83],[46,58],[72,-29],[56,0],[42,48],[69,-9],[-7,47],[75,-7],[14,-58],[36,22],[18,-47],[39,-25],[39,39],[-68,26],[-24,72],[110,-22],[10,25],[-74,4],[-79,36],[-43,0],[-53,118],[75,40],[36,-22],[78,8],[54,-18],[-43,100],[68,26],[85,57],[125,-29],[-57,-68],[111,-11],[35,-79],[71,14],[68,-68],[89,-47],[68,11],[18,-25],[57,29],[79,-22],[117,137],[104,14],[60,44],[54,14],[118,100],[28,76],[-14,58],[-32,32],[14,50],[104,-101],[110,159],[25,-11],[89,83],[71,-22],[24,52],[87,81],[50,22],[-75,18],[7,43],[58,-29],[31,18],[-71,43],[46,61],[35,-1],[43,-50],[12,26],[-66,58],[26,32],[51,7],[17,33],[54,10],[10,-43],[34,31],[38,-42],[-22,-28],[36,-115],[-139,-90],[-7,-36],[150,79],[114,7],[46,-18],[-29,72],[76,47],[21,-29],[36,43],[32,-50],[70,89],[51,4],[25,-50],[-3,68],[78,7],[-57,47],[-54,-7],[-35,36],[-58,-29],[-106,22],[-104,7],[-43,54],[97,68],[128,0],[36,-29],[96,31],[61,-36]],[[15022,2972],[43,-52]],[[14226,9929],[118,-4],[85,-65],[72,-7],[100,-72],[57,-7],[164,36],[39,22],[47,143],[157,-14],[96,29],[10,144]],[[15171,10134],[79,7],[61,-36],[50,-137],[99,-7],[8,-104],[69,-103],[52,-41],[0,-83],[-21,-61],[17,-18],[93,-7],[164,-72],[61,0],[21,-79],[82,-7],[25,-26],[-7,-68],[73,-20],[66,-88],[54,15],[7,50],[61,-7],[53,28],[35,65]],[[16373,9335],[19,0],[185,-129],[43,0],[115,-55],[10,-46],[57,1],[46,-30],[129,-14],[-4,-54],[82,-25],[54,-36],[74,-22],[65,36],[68,-100],[53,-8],[64,-35],[18,-47],[96,-40],[18,-61],[-21,-36],[64,-129],[9,-132],[34,-88],[39,29],[61,-36],[-30,-103],[76,31],[50,-79],[68,-11],[-14,-29],[14,-93],[28,-36],[36,-108],[0,-58],[-61,-61],[-53,44],[-50,-18],[57,-15],[-57,-32],[64,-18],[-47,-94],[-46,-10],[-35,25],[28,-65],[-21,-61],[-55,-2],[-34,-27],[-93,29],[-97,-15],[29,54],[-32,119],[-61,-47],[50,-64],[-21,-51],[-68,-54],[-32,4]],[[17344,7433],[-43,50],[-76,51],[-59,82],[-1,54],[-60,76],[4,39],[-43,58],[14,29],[-32,61],[-43,-51],[25,-14],[-14,-83],[14,-39],[100,-104],[14,-62],[79,-75],[-64,7],[64,-50],[39,-68],[43,0],[17,-47],[-17,-33],[-79,22],[-36,-36],[-56,7],[-15,65],[-117,29],[0,-33],[-47,-47],[-46,26],[0,93],[-47,93],[-17,-7],[43,-100],[0,-62],[-47,-14],[-31,85],[-37,-63],[-28,7],[-32,86],[-22,-108],[-32,15],[-7,-71],[-82,-23],[-18,33],[-100,3],[10,-47],[-31,0],[-4,-46],[-107,36],[-18,-76],[61,-3]],[[16363,7178],[-103,-36],[-15,-33],[35,-33],[5,-89],[-36,-18],[-11,40],[-89,18],[46,-54],[-78,-94],[-23,-72],[-41,4],[0,39],[-111,40],[54,-61],[-54,-40],[-79,59],[-31,2],[99,-100],[-25,-54],[-35,36],[-57,-29],[-22,93],[-50,-21],[-36,36],[25,-94],[55,-17],[16,-54],[-38,-8],[-39,40],[-36,0],[36,-65],[-36,-18],[-54,72],[-71,36],[-18,-25],[104,-62],[5,-57],[-38,-7],[-9,-58],[-101,1],[-32,-65],[-79,-69],[7,-36],[-39,-68],[-67,25],[-22,83],[-14,176],[78,51],[-14,132],[11,64],[-75,41],[7,93],[-36,36],[-7,65],[-46,61],[-72,-50],[-21,50],[-21,-69],[-143,-53],[-25,39],[-65,40],[-21,101],[-96,14],[39,-90],[-28,-43],[60,11],[7,-65],[53,6],[15,-60],[-82,-25],[-71,14],[-4,-104],[-19,-80],[-75,-24],[9,-72],[-64,-61],[0,-137],[-33,-54],[-64,93],[-29,-35],[-39,21],[-39,-21],[-128,33],[-65,-127],[-60,32],[0,44],[-104,-83],[-75,4],[8,40],[-36,35],[0,-83],[-22,-68],[-53,-36],[-93,-7],[-58,96],[-120,55],[-45,-30],[-255,30],[-68,93],[0,90],[72,126],[86,-14],[14,18],[-65,93],[-21,122],[46,33],[29,-29],[32,61],[-21,51],[64,64],[18,62],[64,-8],[32,-61],[21,15],[-64,93],[7,22],[-42,86],[7,50],[-50,72],[-72,65],[-7,50],[83,107],[78,-17],[85,58],[69,-7],[31,64],[61,29],[28,115],[55,23],[45,132],[29,18],[28,115],[15,133],[-18,68],[-54,90],[-78,166],[-125,111],[-14,-22],[-65,51],[-21,50],[86,-72],[-29,65],[-61,43],[-21,72],[54,-7],[57,72],[47,19],[3,38],[67,47],[-50,36],[8,79],[89,90],[46,180],[64,18],[-21,93],[18,40],[-54,43],[0,50],[107,54],[-14,29],[24,77]],[[13979,9869],[136,-30],[90,56],[21,34]],[[7454,6764],[-45,76],[-93,0],[-121,21],[-39,126],[7,22],[-37,91],[-6,56],[-71,36],[-7,54],[-111,90],[-82,97]],[[6849,7433],[14,101],[136,68],[-13,41],[-1,110],[107,50],[7,18],[-50,126],[-36,15],[7,89],[-48,81],[-98,31],[-64,50],[-57,22],[-24,-27],[-51,9]],[[6678,8217],[-7,68],[42,15],[22,97],[-94,73],[-63,106],[29,72],[-43,58],[35,72],[0,40],[-54,15],[-81,96],[-89,75],[-121,43],[-54,-61],[-43,-107],[-35,-37],[0,-89],[-86,-54],[-43,-65],[-22,-79],[-89,-47]],[[5882,8508],[-103,140],[-33,139],[19,48],[-22,51],[-7,107],[-21,51],[-7,83],[-31,64],[-41,33],[7,79],[-21,29],[-14,108],[0,179],[28,58],[0,194],[57,40],[0,126],[72,122],[-29,93],[22,115],[-33,69]],[[5725,10436],[93,86],[43,-7],[100,93],[64,8],[25,-91],[39,-25],[57,-79],[54,29],[7,75],[71,40],[7,40],[43,18],[14,52]],[[6342,10675],[36,24],[15,53],[228,0],[18,58],[85,7],[57,43],[40,0],[21,151],[64,7],[4,65],[121,-22],[182,7],[36,36],[-3,110],[27,22],[-24,131],[63,166],[-13,86],[-60,48],[-126,-9],[-171,227],[14,39],[96,36],[65,58],[78,7],[25,50],[108,44],[35,64],[96,0]],[[7459,12183],[38,-22],[55,-136],[124,-37],[14,44],[-8,116],[31,53],[-15,122],[36,18],[14,108],[69,4],[77,47],[100,-15],[36,15]],[[8030,12500],[79,-45],[63,-63],[101,0],[42,65],[79,-15],[64,7]],[[8458,12449],[36,-90],[82,-6],[39,-33],[46,7],[15,47],[53,32],[71,-22],[68,8]],[[8868,12392],[21,-47],[-21,-50],[15,-40],[89,-29],[124,0],[8,-64],[128,28],[7,-18]],[[9239,12172],[-71,-122],[-50,-18],[-22,-108],[-42,-7],[-22,-54],[-11,-168],[11,-73],[-64,-29],[-21,-46],[32,-62],[110,-14],[15,-57],[107,-20],[39,-52]],[[9250,11342],[-32,-15],[-15,-79],[-31,-43],[-72,0],[-54,22],[-96,0],[-36,-43],[-71,7],[-100,-22]],[[8743,11169],[-37,222],[-84,30],[-52,49],[-30,66],[-75,7],[-35,50],[-91,10]],[[8339,11603],[-13,106],[64,21],[7,71],[-128,95],[0,68],[43,76],[-93,82],[-18,97],[-157,-122],[-110,-14],[9,-73],[-17,-68]],[[7926,11942],[-99,-10],[-27,42],[-120,8],[-25,-25],[0,-144],[20,-24],[2,-84],[-23,-49],[16,-48],[71,-36],[61,-108],[157,14],[221,0],[25,23]],[[8205,11501],[7,-16],[107,-39],[14,-101],[33,-46],[53,-29],[37,-94]],[[8456,11176],[-1,-176],[28,-118],[-89,-44],[-47,0],[-25,-50],[-74,0],[14,-129],[64,-40],[0,-43],[-43,-43],[113,-163],[80,-13],[21,-91],[64,-21],[-50,-79],[-5,-102],[70,-60],[7,-47],[85,-111],[72,-36],[-1,-45],[36,-70],[68,-36],[79,0],[44,-37]],[[8966,9622],[-55,-49],[-189,0],[-50,28],[-43,65],[-18,-7],[-44,82],[-52,47],[-103,-42],[-36,-48],[-78,-39],[-8,-33],[-87,-68],[16,-32],[-22,-72],[-81,-83],[-83,-36],[-114,-102],[50,-45],[7,-87],[22,-21],[-29,-72],[-71,-58],[21,-104],[-53,0],[-64,-43],[-83,7],[-39,-110],[39,-91],[8,-68],[57,-87],[10,-97]],[[7794,8357],[-149,-43],[-72,0],[-104,-118],[-21,-76],[-65,-46],[16,-123],[-47,-32],[-150,-37],[-75,-75],[68,-112],[75,29],[3,-72],[43,8],[50,-37],[165,44],[164,-58],[57,29],[21,-29],[79,7],[39,-93],[68,-36],[82,21],[7,54],[39,28],[60,2]],[[8147,7592],[-14,-101],[72,-166],[-8,-32],[-61,-41],[-63,-96],[-11,-68],[-36,-22],[-28,-108],[35,-100]],[[8033,6858],[-32,-76],[-35,14],[-32,65],[-72,22],[-25,-29],[-78,22],[-29,-15],[-125,7],[2,-28],[-62,0],[-32,-72],[-59,-4]],[[8147,7592],[8,60],[32,8]],[[8187,7660],[43,7],[103,-72],[21,-58],[54,-14],[25,-68],[32,-18],[29,43],[35,-8],[4,43],[53,15],[43,-29],[25,29],[96,7],[49,38],[151,48]],[[8950,7623],[154,-64],[14,-79],[103,-8],[25,-35],[147,0],[33,60],[56,-3]],[[9482,7494],[53,-57],[36,14],[200,0],[100,-22],[67,-50]],[[9938,7379],[-7,-104],[72,-51],[-100,-143],[0,-130],[-157,-115],[0,-36],[42,-101],[-34,-42],[-37,-109],[54,-75],[96,-105],[-21,-122],[-50,-32],[-15,-101],[-92,-43],[-50,-137],[-104,-64],[-82,-7],[-14,-65],[-107,-29],[-36,-86],[-64,-25],[7,-180],[-50,-51],[-7,-89]],[[9182,5337],[-35,-15],[7,-32],[-50,-108],[53,18],[-3,-112],[-43,-18],[-7,-46],[-50,-7],[14,-44],[-22,-36],[-53,4],[-36,-86],[-128,64],[-186,-14],[-80,8],[-2,-30],[-78,-14],[-7,-32],[-86,-72],[-43,-11],[0,-47],[-43,-14],[43,-29],[0,-43],[61,-4],[7,-36],[57,43],[50,8],[25,-26],[-7,-79],[-79,-64],[8,-22],[-68,-54],[-75,0],[-7,43],[-89,-14],[-22,-50],[-28,3],[-18,-76],[-64,-7],[13,-62],[-103,-45],[-89,-141],[-71,-50],[-11,-40],[-128,-28],[-11,43],[-64,54],[-78,-22],[35,-43],[36,-144],[-46,-18],[-86,58],[-54,75],[14,36],[-50,-14],[8,-54],[-43,-54],[21,-137],[-14,-212],[-64,-14],[0,68],[-36,22],[22,79],[-75,3],[-29,-21],[-78,86],[-4,-47],[-53,-18],[-122,29],[-50,43],[-57,-65],[-107,37],[129,-80],[50,22],[78,-7],[43,-29],[61,0],[21,-40],[-14,-68],[-61,22],[-75,-22],[-32,43],[-63,-18],[-151,61],[-71,0],[-47,-21]],[[6592,3553],[-21,36],[-75,21],[-77,157],[-84,48],[-35,80],[7,100],[36,133],[153,0],[60,76],[14,53],[-35,141],[31,121],[18,-4],[49,140],[-105,95],[-7,90],[-82,0],[-57,-29],[-64,0],[-118,65],[-54,72],[-164,0],[-57,29],[-86,0],[-64,-58],[-71,0],[-100,65],[-100,7],[-67,86],[-61,29],[-68,-14],[-50,94],[-46,28],[-29,-14],[-139,3]],[[5044,5203],[7,87],[40,25],[60,90],[-36,72],[-78,39],[-36,54],[24,142],[5,98]],[[5030,5810],[0,1]],[[5030,5811],[110,0],[22,-14],[89,21],[21,61],[40,18],[114,0],[68,-18],[28,101],[31,36]],[[5553,6016],[165,-32],[40,-22],[18,-76],[153,-46],[21,-54],[-21,-50],[135,-151],[32,-9],[23,-134],[-26,-12],[0,-83],[43,-97],[174,-21],[29,28],[82,-104],[35,-87],[237,-8],[28,81],[85,43],[22,57],[-36,115],[29,44],[7,64],[-29,58],[36,79],[0,58],[-29,64],[-2,136],[-41,98],[-57,47],[29,111],[46,15],[96,70],[36,83]],[[6913,6281],[61,49],[32,103],[86,94],[67,46],[108,29],[93,-22]],[[7360,6580],[35,-35],[18,50],[82,79],[18,58],[60,50],[33,-79],[96,21],[3,-89],[109,-69],[59,29],[75,-32],[-14,-65],[-68,-133],[-36,-22],[-53,-97],[-15,-86],[75,32],[-32,47],[50,50],[-7,33],[119,68],[27,-3],[61,125],[46,26],[114,-15],[122,-122],[50,-29],[121,0],[96,43],[42,-13],[33,42],[75,-14],[36,68],[-75,32],[-54,-50],[-246,-72],[-71,29],[114,50],[121,0],[7,43],[-35,-21],[-143,14],[-114,43],[-57,97],[-72,33],[-42,43],[-120,-1],[30,120]],[[7327,4833],[100,29],[43,-29],[31,29],[83,0],[100,-29],[157,29],[0,36],[-100,43],[-64,-15],[-7,58],[-43,-14],[-50,36],[21,43],[72,14],[35,36],[64,22],[59,-13],[91,-59],[-21,36],[28,29],[-85,100],[-43,15],[-14,43],[57,-7],[14,35],[-50,8],[-100,-86],[-21,28],[-36,-43],[-64,-7],[-43,57],[100,94],[-7,14],[-121,-7],[-43,43],[-179,43],[29,-63],[64,-1],[70,-76],[66,-11],[-22,-71],[-43,-44],[-21,36],[-35,-7],[-150,158],[-29,-7],[-143,-115],[20,-25],[109,-4],[27,-72],[73,36],[28,-36],[-28,-43],[14,-50],[36,-7],[0,-51],[-65,-79],[36,-79]],[[7035,4862],[144,30],[41,34],[43,-7],[0,79],[-21,15],[-65,-72],[-14,29],[-64,-58],[-93,0],[29,-50]],[[5044,5203],[-43,-108],[-14,-89],[-53,-8],[-97,-158],[-46,-21],[-32,-54],[64,-80],[15,-79],[78,-64],[25,-40],[60,-7],[-40,-133],[33,-79],[-6,-38],[28,-56],[-8,-43],[22,-86],[-30,-89],[-95,-15],[-26,-44],[-10,-100],[40,-47],[-15,-50],[22,-97],[-22,-62],[10,-65],[-95,-89],[-43,-119],[93,-93],[-15,-94],[65,-86],[0,-65],[-29,-57],[164,-83],[14,-54],[-14,-151],[36,-58],[7,-129],[82,-112],[60,0],[4,-28]],[[5233,2273],[32,-40],[0,-151],[50,-86],[-50,-83],[-42,-25],[49,-65],[15,-57],[-47,-25],[-42,64],[-61,-32],[82,-40],[18,-64],[-54,-80],[-107,7],[-3,19],[-118,18],[-32,-44],[-164,-32],[42,-36],[-92,-32],[-7,39],[-54,33],[11,-72],[-75,-29],[-72,0],[-85,-36],[32,-32],[-46,-4],[-223,47],[-41,-25],[-36,21],[-114,0],[-72,-72],[-31,0],[-40,-100],[-39,14],[10,-47],[-71,4],[-8,30],[-49,-1],[-46,29],[-36,-44],[15,97],[-22,33],[22,111],[-22,65],[14,29],[-100,176],[72,183],[-39,11],[-47,54],[43,122],[79,47],[-33,36],[-82,-36],[-28,-119],[7,-50],[57,-101],[-14,-54],[-32,-7],[-54,83],[14,72],[-42,43],[35,50],[-33,87]],[[3427,2176],[5,50],[71,43],[-26,38],[-88,30],[-22,47],[-6,115],[-22,54],[-96,7],[-86,72],[-100,29],[-50,36],[-78,0],[-22,-22],[-64,0],[-57,51],[-207,86],[-86,0],[-49,-21],[-61,39],[-103,32],[-65,65],[-85,-14],[-65,13],[-24,34],[-118,68]],[[1923,3028],[-57,-7],[-57,28],[-22,-21],[-39,29]],[[1748,3057],[-57,57],[-9,44],[-52,42],[-57,15],[-96,82],[71,29],[-78,7],[14,44],[-64,28],[0,62],[100,14],[-15,32]],[[1505,3513],[111,-32],[25,32],[0,130],[50,18],[14,54],[-71,115],[60,11],[47,-83],[85,10],[-17,30],[-50,-8],[-18,47],[18,47],[35,-8],[136,36],[-61,38],[-60,-9],[-154,79],[-9,30],[-73,28],[-57,0],[-11,43]],[[1505,4121],[118,0],[14,-14],[161,0],[51,49],[195,-42],[71,21],[72,-28],[78,0],[71,-72],[236,-29],[300,0],[57,-43],[58,-14],[52,-58],[152,-2],[66,-13],[178,15],[129,43],[57,72],[75,21],[43,155],[71,96],[78,37],[8,47],[89,32],[190,1],[75,22],[9,96],[-78,90],[-14,118],[11,81],[-11,114],[35,64],[0,144],[54,68],[110,51],[0,155],[79,79],[0,172],[21,44],[86,86],[0,97],[117,-7],[18,57],[89,8],[33,28]],[[4809,5962],[107,-14],[22,-53],[92,-84]],[[5030,5811],[0,-1]],[[1505,3513],[-85,-7],[0,33],[75,7],[10,-33]],[[9938,7379],[118,-7],[39,-94],[61,-21],[29,-43],[92,7]],[[10277,7221],[11,-169],[-50,-101],[-7,-122],[53,-61]],[[10284,6768],[33,-42],[46,6],[25,-105],[-14,-79],[85,-129],[32,-18],[50,21],[100,-14],[39,-54],[0,-57],[-89,-61],[0,-65],[136,36],[28,-15],[29,44],[50,-8],[71,29],[79,-7],[50,21],[21,-35],[25,39],[82,54],[29,-14],[46,28],[53,-14],[16,52],[59,20],[18,-51],[36,8],[25,-54],[-22,-36],[29,-29],[-22,-79],[82,47],[18,-36],[82,8],[68,-112],[-7,-51],[43,-104],[43,-40],[0,-64],[-32,-26],[-129,15],[-57,-15],[-57,29],[-25,-65],[-121,-64],[67,-43],[33,43],[82,14],[108,71],[49,1],[96,-29],[37,-160],[56,-59],[-7,-36]],[[11858,5484],[25,-54],[50,50],[92,8],[54,-33],[-14,-50],[39,-40],[50,51],[28,0],[18,-62],[75,-55],[-4,-31],[50,-65],[15,-68],[52,-24],[33,-94],[-36,-108],[-42,-76],[-61,-14],[-39,-76],[-93,-43],[54,-40],[53,18],[43,-129],[-100,-14],[57,-58],[-7,-36],[-75,-3],[-50,-37],[-46,-3],[28,-29],[-7,-61],[-85,29],[-11,-14],[-79,35],[-53,-35],[-132,7],[-25,39],[57,148],[50,0],[-22,50],[8,65],[-52,47],[23,129],[-36,108],[-57,47],[-43,-76],[-10,83],[60,0],[-7,61],[65,64],[3,69],[-75,-7],[-7,46],[71,94],[-67,-54],[-47,0],[-78,-140],[-7,-94],[-68,-3],[-18,-58],[-64,-32],[28,-126],[65,-54],[0,-43],[-109,-125],[-70,-8],[-1,154],[-45,169],[-20,-48],[-76,-56],[42,-65],[-46,-97],[-61,-25],[57,-29],[-53,-25],[53,-25]],[[11158,4513],[11,-44],[-93,-46],[-39,47],[0,50],[-71,-79],[71,-72],[-39,-39],[-43,0],[-14,-65],[64,50],[32,-61],[-50,-36],[-11,-54],[-67,-97],[-50,-50],[7,-22],[-50,-79],[14,-57],[-47,-29],[-10,-40],[-107,15],[-14,43],[-64,75],[0,33],[53,-8],[25,69],[-25,10],[-71,-43],[-47,76],[22,43],[-57,118],[-50,-28],[57,68],[0,94],[25,28],[89,11],[14,72],[47,0],[96,69],[-25,75],[-54,-58],[-50,-25],[-101,-19],[-59,-35],[-21,15],[-54,-40],[-89,-97],[-32,97],[7,58],[-43,64],[7,36],[-60,61],[-32,0],[-15,62],[18,32],[46,-25],[9,73],[38,2],[36,-79],[3,87],[75,-8],[32,51],[-82,-7],[-25,25],[-7,144]],[[10288,5024],[-43,-7],[7,50],[-82,11],[-50,-22],[-114,29],[-146,-61],[-111,-112],[-85,14],[-58,-14],[-10,-68],[-71,-58],[0,-100],[-40,-54],[-57,0],[-107,57],[-71,-22],[-143,58],[-39,69],[68,75],[67,7],[18,-57],[43,14],[36,-36],[35,7]],[[9335,4804],[-10,61],[-64,4],[-86,148],[64,222],[-71,4],[-14,76],[28,18]],[[10288,5024],[121,111],[-18,79],[-74,-104],[-29,-86]],[[9335,4804],[58,-43],[64,-7],[10,54],[-82,11],[-50,-15]],[[10545,5315],[36,36],[56,-14],[-21,-51],[15,-72],[-72,-36],[-57,22],[28,-79],[-14,-22],[65,-50],[7,-86],[21,-58],[-66,98],[-41,10],[28,-79],[-92,-43],[67,-26],[97,4],[35,-79],[-78,-180],[43,-72],[7,43],[50,29],[43,72],[92,122],[-57,43],[-21,72],[0,72],[-29,15],[-56,-51],[-29,65],[7,50],[-28,15],[14,57],[64,15],[36,57],[-32,55],[-15,95],[-89,37],[-14,-86]],[[11858,5484],[-115,-11],[-14,-43],[79,7],[50,47]],[[4527,11507],[-29,-50],[-82,43],[0,61],[-64,101],[-7,43],[-43,50],[0,87],[-28,43],[-1,81],[-29,29]],[[4244,11995],[8,69],[-21,65],[-57,54],[-15,69],[-89,132],[-18,47],[72,180],[-22,43],[15,43],[-43,51],[21,43],[-35,65],[21,93],[64,94],[-7,36],[50,104],[32,122],[50,8],[14,-58],[25,11],[-18,75],[-28,-14],[-75,90],[36,97],[-15,39],[36,87],[79,27],[-29,44],[7,54],[-64,26],[21,129],[65,122],[64,69],[14,79],[42,14],[-28,72],[43,43],[7,40],[-37,113],[2,49],[50,43],[64,18],[132,75],[46,4],[43,97],[36,7],[67,72],[40,-3],[-8,50],[54,97],[57,-15],[61,76],[0,43],[98,124],[2,49],[-29,14],[29,76],[0,100],[28,15],[0,90],[50,64],[-43,29],[0,43],[37,38],[27,128],[-21,50],[43,14],[21,209],[50,-54],[7,25],[-57,97]],[[5315,16196],[40,15],[349,0]],[[5704,16211],[11,-119],[-36,-50],[25,-32],[-4,-234]],[[5700,15776],[0,-108],[44,-56],[81,-56],[47,-82],[-29,-80],[7,-79],[110,-166],[51,-38],[18,-54],[-43,-58],[-38,-139],[31,-235],[-8,-169]],[[5971,14456],[-24,-7]],[[5947,14449],[-86,0],[-57,29],[-54,-8],[-35,-68],[-12,-103],[8,-54]],[[5711,14245],[-18,-41],[-42,-7],[14,-61],[0,-122],[-29,-4],[0,-61],[43,-76]],[[5679,13873],[-63,-72],[-51,0],[0,-136],[-57,-15],[-14,-43],[-114,-11],[-16,-46]],[[5364,13550],[-29,-16],[9,-92]],[[5344,13442],[-65,-133],[0,-69],[-67,-35],[-43,0],[-61,-105],[7,-50],[-21,-58],[-36,-18],[11,-65],[46,44],[114,-7],[35,-69],[54,-2],[86,-117],[68,0]],[[5472,12758],[36,-118],[-43,-58],[14,-122],[50,-25],[14,-43],[47,0],[25,-58],[139,-57],[39,7],[4,-86]],[[5797,12198],[-75,-97],[-18,-61],[-86,35],[-53,-14],[0,50],[-64,22],[-74,-8],[-80,22],[-85,-21],[-93,7],[-86,50],[-53,11],[7,-54],[29,-7],[-29,-61],[-1,-62],[44,-53],[0,-51],[-50,-47],[-64,-28],[-8,-43],[-39,-22],[-103,0],[-17,-30],[-55,-13],[-17,43],[-60,-29],[-87,0],[-28,-104],[14,-72],[-39,-54]],[[4302,13406],[0,-65],[29,36],[7,94],[-36,-65]],[[14226,9929],[-64,79],[-82,61],[-200,0],[-93,50],[-17,25],[-75,25],[-43,-50],[-107,-21],[-100,57],[-82,0],[-7,-32],[-223,-183],[-114,-25],[1,-23],[-124,-111],[-58,22],[-142,0],[-50,-29],[-121,-7],[-43,21],[-86,-21],[-118,-50],[-19,-89],[19,-52],[-92,-165],[-197,-169],[-217,-40]],[[11772,9202],[-7,148],[71,28],[22,97],[50,33],[0,162],[-29,122],[54,40],[78,-15],[43,29],[103,21],[-14,119],[-93,54],[7,97],[-82,90],[-32,54],[7,72],[93,47],[1,88],[58,22]],[[12102,10510],[55,40],[11,-42],[39,39],[-14,101],[43,25],[21,83],[-29,21]],[[12228,10777],[-14,130],[22,29]],[[12236,10936],[14,57],[14,-43],[39,-18],[100,0],[57,28],[50,-35],[53,25],[47,-11],[50,21],[32,119],[54,40],[-4,25],[118,47],[33,-32],[67,-11],[39,17],[-43,65],[8,29],[60,25],[39,47],[-28,79],[14,54],[61,-7],[-22,72],[43,64]],[[13131,11593],[107,-7],[50,36],[71,-14],[64,22],[72,-8],[114,-50],[43,21],[111,3],[32,19],[49,-22],[140,4]],[[13984,11597],[-8,-21],[64,-48],[97,-35],[29,-36],[92,-7],[90,-29],[0,64],[110,15],[61,-162],[-2,-95],[24,-37],[42,-1],[28,-79],[118,-36],[23,-39],[50,-2],[30,-67],[133,-22],[18,-17],[14,-130],[-50,-36],[-14,-72],[39,-25],[44,-127],[34,-15],[32,-120],[93,-58],[-29,-72],[0,-77],[25,-77]],[[11518,3661],[46,66],[69,56],[46,-15],[0,91],[-114,64],[36,-39],[21,-76],[-135,-93],[-15,-87],[8,-107],[-43,-69],[-8,-82],[72,-188],[35,-50],[0,-43],[-60,-32],[-72,28],[-35,-7],[-61,36],[-103,121],[-4,41],[-78,180],[-22,122],[18,40],[-18,46],[50,80],[-21,78],[21,62],[68,14],[24,-15],[136,26],[58,36],[-61,18],[-129,-29],[-25,11],[22,93],[132,105],[32,0],[11,57],[82,-7],[75,-24],[3,78],[75,76],[78,-13],[33,-52],[17,35],[143,-14],[43,-14],[107,36],[11,-32],[-79,-47],[11,-29],[121,96],[50,12],[-12,-70],[-81,-38],[101,-7],[56,21],[93,8],[57,-29],[-10,-90],[-30,-36],[-53,6],[-78,-31],[0,-36],[57,0],[18,32],[72,11],[6,29],[79,0],[54,100],[39,-43],[46,15],[14,43],[43,-15],[107,72],[43,-21],[25,39],[-53,69],[-61,10],[43,80],[-7,61],[78,-54],[11,-54],[89,-40],[43,68],[71,-14],[7,43],[89,0],[139,101],[61,93],[-3,90],[31,18],[4,47],[-42,11],[-8,68],[221,25],[-7,-61],[18,-90],[61,62],[12,41],[66,-56],[32,25],[48,-27],[-1,45],[43,11],[-40,72],[-57,14],[-21,36],[-54,25],[8,51],[-29,25],[-29,-104],[-74,-47],[-79,7],[-103,-29],[-58,76],[-21,65],[-7,126],[75,42],[89,91],[-47,32],[-33,-16],[-56,20],[8,35],[-75,33],[-129,29],[-74,-14],[-44,75],[33,54],[-64,35],[-25,54],[0,58],[35,104],[29,33],[67,10],[29,29],[93,-7],[18,-61],[71,-18],[-7,-90],[43,61],[81,-29],[36,-36],[11,-54],[-71,-43],[82,4],[12,62],[173,82],[86,0],[10,-54],[36,43],[61,18],[18,-50],[79,45],[-22,66],[46,90],[57,0],[32,47],[54,-4],[32,-39],[14,75],[100,-21],[53,-44],[29,87],[57,14],[43,-29],[11,29],[46,-14],[54,30],[28,-27],[36,26],[78,14],[104,0],[92,21],[47,-7],[7,-75],[-44,-23],[-6,-56],[-43,-43],[-28,-73],[-61,-3],[-100,-43],[-36,21],[-14,-43],[-100,0],[-85,-14],[-65,-65],[-39,-7],[-7,-40],[39,-11],[40,54],[142,8],[-74,-69],[163,65],[94,47],[60,-14],[-65,-76],[111,58],[0,-58],[104,104],[50,18],[14,-61],[-43,-46],[39,7],[11,-40],[-46,-32],[-43,14],[-118,-86],[0,-79],[43,68],[60,47],[40,-11],[-47,-104]],[[14850,5380],[-35,-36],[-64,-7],[-25,-40],[-68,-25],[-50,-50],[-39,3],[35,-68],[-82,-27],[-110,1],[7,69],[-25,7],[3,-105],[-42,-3],[0,-39],[-79,18],[-32,-51],[-71,0],[-36,-79],[-36,22],[-52,-37],[-12,-47],[-50,5],[7,-36],[157,43],[18,-47],[-139,-40],[-11,-21],[82,14],[4,-32],[-86,-58],[7,-54],[33,-14],[42,86],[57,-7],[15,36],[114,0],[25,-86],[7,119],[64,-47],[7,-90],[39,-40],[-10,126],[-31,41],[13,63],[46,-14],[-10,58],[57,-8],[35,22],[22,-36],[10,54],[68,-4],[50,22],[36,-36],[46,-4],[-54,-49],[-13,-48],[-36,7],[-25,-104],[39,25],[57,-14],[57,29],[18,-47],[-64,-68],[39,-8],[0,-35],[-50,7],[-14,-29],[-46,7],[-11,-50],[-43,14],[-86,-43],[157,-22],[32,-104],[0,-72],[-60,-32],[-50,7],[-53,-43],[-36,47],[28,43],[-82,25],[-25,50],[-7,-111],[-32,-18],[-39,47],[0,79],[-40,-33],[-17,47],[-72,-21],[29,-44],[-15,-71],[-21,-8],[-2,-71],[-51,60],[-25,-54],[-68,-82],[-39,39],[46,76],[14,94],[-44,-65],[-9,-47],[-47,-18],[-71,132],[-17,-39],[28,-39],[-11,-54],[-71,29],[-4,32],[-50,-4],[-34,48],[-1,-69],[50,-34],[-8,-31],[-96,29],[-49,-16],[-40,16],[0,-40],[-68,11],[-60,-18],[42,-28],[82,-9],[-7,-74],[-89,29],[0,-33],[46,-32],[51,15],[106,-15],[54,-29],[-7,-40],[-96,-39],[-104,34],[-14,34],[-43,0],[-11,-47],[-150,8],[-46,-36],[93,17],[60,-25],[58,15],[53,-83],[-15,-81],[-63,-9],[-33,-50],[-58,31],[8,91],[-57,-14],[-3,32],[-86,-7],[72,-43],[3,-47],[55,-45],[-62,-56],[-45,10],[-62,-31],[-50,108],[-25,-36],[29,-18],[-25,-54],[-29,-3],[-32,71],[7,29],[-57,65],[36,-123],[-4,-61],[-103,104],[-36,-28],[0,-87],[35,-33],[-17,-49],[-72,14],[-64,-7],[-52,66],[-40,-73],[-29,72],[-18,-65],[-29,40],[-17,89],[-29,-57],[-32,-4],[46,-55],[4,-53],[-27,-33],[-51,8],[-25,51],[-18,-33],[50,-82],[-82,-8],[-36,-21],[-64,21],[-100,-28],[-78,35],[-33,62],[77,9],[41,30],[-107,-7],[-21,108],[-29,-86],[-50,21],[-10,-57],[-43,10],[15,66],[-8,71],[-50,43],[3,-154],[-53,50],[50,-126],[-36,-50],[-14,-72],[-64,-79],[-50,-108],[-47,-33],[-114,44],[-21,64],[-57,0],[3,54],[-43,4],[-21,47],[79,35],[-58,22],[50,29],[-85,14],[0,115],[35,39],[58,-21],[7,69],[-25,10],[-58,87]],[[16295,23385],[0,64],[-21,76],[-103,29],[-60,114]],[[16111,23668],[45,94],[36,-21],[-5,65],[19,93],[2932,0],[4,-697]],[[19142,23202],[-54,7],[-142,-87],[-50,7],[-115,80],[-49,14],[-139,-36],[-33,-68],[-68,-38],[15,-49],[0,-151],[-90,-84],[-92,-27],[-55,-41],[-158,-28],[-65,40],[-86,-14],[-132,-65],[-150,-197],[-8,-70],[23,-39],[-15,-144],[29,-21],[2,-117],[33,-73],[50,-22],[64,-58]],[[17857,21921],[-35,-154],[85,-72],[25,3],[125,-197],[-85,-87],[-90,-32],[-48,24],[9,44],[-35,18],[-4,53],[-25,-24],[-89,36],[-25,39],[36,22],[7,65],[-22,39],[-67,36],[-100,15],[-84,101],[-63,35],[-14,87],[-110,21],[-65,-7],[-60,61],[7,94],[-14,86],[-47,3],[-3,-75],[-125,-25],[-53,86],[-33,0],[-53,115],[-43,7],[15,57],[-29,33],[-8,108],[-21,58],[29,64],[-8,65],[-64,51],[-32,-40],[-89,61],[-21,65],[-79,93],[7,25],[-142,112],[3,47],[50,-8],[18,148],[-61,32],[-32,76]],[[5700,15776],[75,33],[39,100],[54,28],[118,-14],[61,137],[38,-3]],[[6085,16057],[43,10],[36,54],[0,-115],[75,-26],[64,-50],[25,-50],[122,22],[57,118],[0,43]],[[6507,16063],[125,25],[78,94],[86,22],[49,41],[54,2]],[[6899,16247],[6,-51],[83,-57],[129,-58],[164,87],[18,-44],[103,29],[25,-93],[50,-22],[14,-50],[136,0],[28,72],[118,0],[3,-13]],[[7776,16047],[-32,-67]],[[7744,15980],[-39,-82],[-21,-108],[35,-18],[0,-61],[83,-126],[25,-18],[0,-58],[71,-169],[14,0]],[[7912,15340],[0,-147],[100,-129],[7,-65],[214,-266]],[[8233,14733],[0,-180],[-43,-122]],[[8190,14431],[-80,-70],[-52,1],[-50,-43],[-74,0],[-15,-39],[-3,-133]],[[7916,14147],[-111,-97],[57,-162]],[[7862,13888],[-14,-29],[-68,-29]],[[7780,13830],[-55,52],[-73,34],[-90,22],[-10,-14],[-72,36]],[[7480,13960],[-10,43],[-127,67]],[[7343,14070],[6,26],[-90,29],[-78,87],[-104,10]],[[7077,14222],[-7,54],[-82,86],[-93,29],[-21,-14],[-139,118],[-7,94],[-32,97],[-68,-7],[-14,-40],[-79,-64],[-14,-65],[-57,32],[-32,-14],[-64,36],[-33,86],[-67,29],[-68,-133],[-4,-54]],[[6196,14492],[-57,43],[-75,-22],[-32,-64],[-61,7]],[[8966,9622],[13,8],[153,-14],[30,-40],[159,-68],[68,-94],[42,-6],[104,50],[79,-29],[35,43]],[[9649,9472],[58,21],[53,-82],[-22,-58],[4,-61]],[[9742,9292],[-71,-22],[-37,-63],[5,-52],[-114,-21],[-15,-101],[-35,-14],[-15,-108],[77,-44],[63,-14]],[[9600,8853],[28,-57],[171,29],[111,-41],[-15,-107],[-49,-29],[16,-24],[73,-22]],[[9935,8602],[142,-130],[54,-14],[21,-61],[-25,-119]],[[10127,8278],[-99,-58],[-54,-82],[-171,-97],[-6,-14]],[[9797,8027],[-30,-11],[0,-76]],[[9767,7940],[-32,7],[-18,-90],[15,-29]],[[9732,7828],[-61,-25],[-93,58],[-57,-15],[-54,108],[44,15],[-44,47],[18,82],[-89,0],[0,76],[-107,0],[-14,-69],[68,-14],[14,-29],[-18,-68],[36,-65],[-41,-93],[41,0],[21,104],[32,7],[54,-68],[12,-42],[84,2],[82,-36],[-4,-21]],[[9656,7782],[-89,-58],[-42,-97],[-50,-36],[7,-97]],[[8950,7623],[-103,22],[-98,-72],[-59,0],[-7,43],[-189,15],[-72,-29],[-89,43],[-25,58],[-21,-15],[-85,49]],[[8202,7737],[-65,-6],[-54,108],[0,69],[-28,43],[0,72],[-30,16],[-20,70],[12,119],[-15,45],[-65,31],[-48,46],[-95,7]],[[13979,9869],[-24,2],[-53,-68],[-4,-33],[-50,-46],[-53,36],[-18,111],[-18,25],[-50,-29],[-48,13],[-41,66],[-50,11],[57,-72],[-14,-100],[-132,-90],[-58,0],[-106,36],[39,-36],[7,-47],[-50,-61],[-46,-22],[-115,44],[-35,-44],[62,-18],[34,-35],[7,-123],[-46,-212],[-57,-53],[-25,-66],[28,-86],[-7,-50],[29,-29],[-68,-114],[-193,24],[-78,36],[-50,-21],[-193,57],[-10,-47],[-51,-36],[-10,-54],[-32,26],[3,-67],[-48,23],[-5,33],[-96,-29],[-58,-58],[-10,51],[-97,0],[-75,-69],[8,-50],[-32,-47],[-68,8],[0,-101],[-125,-7],[-29,43],[-37,-45],[-91,-35],[-50,51],[-63,-41],[2,-34],[-75,-47],[-78,21],[-85,43],[-76,-7],[8,-86],[-72,-47],[-28,-115],[-7,-86],[-29,-65],[0,-58],[-46,-17],[-73,8],[-84,-23],[-19,20],[-31,105],[-18,-49],[11,-68],[-65,-44],[11,-36],[0,-356],[51,-172],[-22,-29],[14,-86],[57,-61],[0,-69],[75,-46],[11,-40],[-57,-29],[64,-32],[39,-43],[50,-108],[46,14],[-28,-61],[64,-32],[-28,-58],[160,-65],[39,-82],[-64,-83],[-118,-43],[-17,36],[-47,0],[18,-54],[-153,-54],[-22,36],[-32,-29],[-153,-29],[-61,43],[-14,61],[-47,62],[-64,14],[-100,-7],[-39,72],[-50,47],[14,57],[-35,137],[14,46],[-111,-28]],[[10277,7221],[111,75],[21,112],[118,72],[32,97],[-93,194],[-64,223],[-7,93],[-50,108],[0,51],[29,64]],[[10374,8310],[25,54],[53,40]],[[10452,8404],[22,3],[14,72],[83,82],[81,26],[14,65]],[[10666,8652],[25,-22],[70,46]],[[10761,8676],[73,91],[57,36],[135,0],[90,29],[28,68],[111,76],[78,0],[121,86],[179,-15],[25,8],[64,104],[50,43]],[[12228,10777],[-60,-46],[-29,28],[-7,-65],[-52,17],[-4,62],[-49,-6]],[[12027,10767],[-55,75],[7,148],[-64,21],[-53,71],[-101,37],[-64,50],[-114,0],[-50,-36],[-111,-18],[-18,11]],[[11404,11126],[-64,36],[-3,-47],[-47,-18],[-28,29],[-71,-22]],[[11191,11104],[-65,44],[-10,-22],[-104,-43],[-61,0],[-33,-65]],[[10918,11018],[-27,-50],[-86,29],[82,-134],[-14,-14],[36,-65],[-54,33],[-3,-29],[82,-52],[4,-56]],[[10938,10680],[-22,-94],[-72,0],[-45,-39],[-62,83],[-45,12],[-55,-19],[8,-61],[-50,-80]],[[10595,10482],[-32,-32],[-25,101],[-22,3]],[[10516,10554],[-9,86],[-69,80],[7,64],[-50,87],[21,280],[17,54]],[[10433,11205],[65,146],[8,188],[-11,51],[14,57],[-27,46],[-98,44],[-25,25],[22,90],[-59,60],[-32,-1],[-16,46],[0,158],[-43,3],[-42,85],[-83,16],[-21,-14],[-86,7],[-93,50],[-78,7],[-105,148]],[[9723,12417],[-2,4]],[[9721,12421],[92,79],[61,-15]],[[9874,12485],[3,-24],[86,24],[111,-7],[21,58],[72,30],[33,58],[84,5],[63,-21],[116,0],[85,-22],[72,-72],[78,-14],[114,0],[4,68],[39,40],[100,-29],[29,21],[85,-28],[58,-78],[67,-9],[28,-79],[61,-22],[57,-71],[55,22],[341,197],[14,25],[1,104],[28,58],[-14,93],[7,65],[32,54],[42,-3],[87,75],[16,34],[73,49],[-14,68],[-108,148],[-92,21],[20,121]],[[11828,13444],[133,41],[64,-43],[114,0],[122,-137],[57,0],[67,-36],[22,-86],[39,-22],[57,7]],[[12503,13168],[4,-104],[32,-82]],[[12539,12982],[18,-40],[-22,-36],[57,-50],[-64,-65],[0,-57],[-32,-33]],[[12496,12701],[-135,-137],[-93,29],[-71,0],[-33,-122],[-57,-22],[13,-44],[80,-96],[-71,-108],[-2,-138],[77,-23],[10,21],[82,29],[18,-47],[-21,-57],[71,-54],[15,-43],[85,-15],[7,-29],[54,0],[31,-39],[111,-25],[47,7],[37,40]],[[12751,11828],[145,-55],[51,-69],[63,12],[82,43],[57,-29],[82,7],[39,-39],[-68,-40],[-71,-65]],[[13131,11593],[-78,44],[-61,-40],[29,-66],[-18,-16],[-125,57],[-86,0],[-7,36],[-68,29],[-36,43],[-71,-29],[-57,29],[-46,-22]],[[12507,11658],[-18,36],[-114,-21],[-64,21],[-25,58],[-107,29],[-8,-51],[-57,14],[-10,37],[-125,-80],[-11,-50]],[[11968,11651],[-4,29],[-117,36],[-111,-11],[36,-40],[-18,-57],[-50,36],[-42,-14],[-72,71],[-64,22],[-68,-33],[61,-25],[46,-72],[71,-35],[26,-65],[110,-94],[-14,-57],[117,7],[129,-99],[25,-85],[42,-75],[33,-14],[35,65],[34,-70],[31,-118],[-11,108],[43,7],[14,-64],[-14,-68]],[[6592,3553],[75,-43],[-18,-112],[-82,33],[-107,-7],[-81,52],[3,55],[-47,-57],[-39,-15],[-60,-72],[-44,-97],[-49,-28],[14,-29],[-71,-54],[-107,-151],[-54,-23],[-10,-103],[-36,-79],[-68,-11],[-36,-36],[-64,36],[-46,-18],[28,-57],[-125,-83],[-31,-94],[-40,-65],[-64,8],[-32,-43],[7,-51],[-28,-18],[21,-36],[-7,-75],[-47,-22],[-114,15]],[[8023,19447],[-136,-72],[-21,7]],[[7866,19382],[-18,33],[28,64],[-6,87],[-93,165],[39,11],[50,-22],[4,47],[-61,33],[-82,14],[0,25],[57,68],[35,112],[93,108],[54,82],[121,108],[57,0],[39,65],[93,58],[61,100],[85,72],[57,0],[75,58],[86,18],[39,25],[114,0],[57,14],[54,44],[50,86],[82,86],[57,-29],[143,58],[46,72],[79,2],[78,55],[167,87],[136,43],[64,57],[43,-14],[82,43],[25,36],[76,17],[28,34],[132,57],[42,0],[100,43],[167,1],[55,-37],[92,-14],[11,-22],[110,-65],[68,-57],[22,21],[246,15]],[[11105,21346],[11,-18],[146,46],[-7,30],[-54,0],[171,100],[91,37],[73,125],[58,25],[85,144],[103,50],[86,87],[79,50],[143,29],[16,-24]],[[12106,22027],[8,-74],[35,-31],[48,-158],[31,-33],[-17,-72]],[[12211,21659],[-75,11],[0,-58],[-46,0],[-49,-68],[-5,-94],[-121,-61],[0,-147],[-79,-123],[-50,-32],[-7,-79],[-61,-79],[-39,0],[0,-104],[-25,-19],[-128,6],[-72,45],[-185,7],[-64,58],[-93,14],[-100,-7],[-57,36],[-78,-65],[-47,-14],[-14,-69],[-32,-11],[-36,36],[-107,-36],[-68,-68],[-35,-90],[-86,-14],[0,-90],[-68,-11],[-21,29],[-93,-29],[-104,-104],[-28,-108],[-57,-58],[-28,-85]],[[10053,20178],[-68,-26],[-129,36],[-178,0],[-54,-22],[-32,58],[-64,7],[-25,-86],[-96,36],[-93,0],[-18,-22],[-96,7],[-46,-72],[-32,-14],[-141,7],[-102,-7],[-71,36],[-110,-77],[-47,-74]],[[8651,19965],[-129,22],[-87,-15],[16,-21],[153,-25],[-11,-26]],[[8593,19900],[-39,-93],[-71,-47],[-22,-90],[-25,-36]],[[8436,19634],[-114,15],[-42,-43],[-65,0],[-107,-37],[-85,-122]],[[9250,11342],[93,-29],[71,29],[65,-1],[35,22],[98,2],[66,-30],[85,14],[83,50],[14,62],[60,39],[92,-1],[87,16],[78,-65],[75,0],[65,-76],[14,-90],[85,-14],[17,-65]],[[10516,10554],[-42,-65],[17,-161],[14,43],[25,-40],[-10,-46],[-22,35],[-3,-154],[-39,-25],[-18,47],[-36,-87],[14,-43],[-42,-25],[0,-36],[-57,25],[-18,47],[-32,-47],[0,-43],[-43,-58],[-100,-100],[-4,-40],[70,-36],[-13,-43],[-92,7],[-18,-65],[-35,-3]],[[10032,9641],[-35,-3]],[[9997,9638],[-69,42],[-104,-28],[-7,-26],[-96,-76],[3,-31],[-75,-47]],[[8456,11176],[76,-4],[22,-31],[104,21],[57,-14],[28,21]],[[9781,9760],[-57,-15],[-14,43],[-36,-14],[-14,-72],[100,-22],[36,29],[41,-13],[101,56],[15,108],[-29,94],[21,57],[-12,80],[20,86],[-31,-4],[-33,-68],[0,-94],[-36,22],[-7,-36],[43,-108],[-29,-86],[-79,-43]],[[10038,10069],[22,14],[35,94],[0,72],[36,0],[-12,-121],[41,41],[-15,43],[25,87],[-18,86],[79,51],[21,79],[43,28],[0,36],[-135,37],[8,-102],[-51,-122],[-43,-72],[-14,-57],[21,-86],[-50,-51],[-43,-7],[50,-50]],[[10761,8676],[-49,-31],[-44,46],[-79,14]],[[10589,8705],[-37,37],[-14,108],[-75,143],[-39,40]],[[10424,9033],[0,36],[-129,47]],[[10295,9116],[-3,61]],[[10292,9177],[128,-43],[-75,82],[36,51],[-22,93],[-71,101],[29,58],[-8,50],[29,97],[43,75],[10,98],[61,118],[14,94],[56,116],[73,107],[-36,79],[50,93],[-14,36]],[[10938,10680],[99,169],[-3,61],[-47,15],[-14,57],[-55,36]],[[11191,11104],[3,-46],[-28,-58],[74,83],[50,-36],[11,43],[53,-7],[50,43]],[[12027,10767],[30,-47],[-28,-58],[21,-79],[50,-40],[2,-33]],[[4775,6282],[-46,28],[-28,109]],[[4701,6419],[-31,87],[17,67],[-77,258],[49,45],[-7,53],[17,83],[-17,32],[14,144],[50,47],[-100,-21],[14,53],[-71,33],[-7,61],[32,47],[57,-87],[32,19]],[[4673,7340],[71,-47],[-14,32],[36,122],[-50,58],[21,36],[-35,18],[-43,86],[-46,0],[-40,65],[75,21],[64,-21],[118,-191],[50,-39],[-57,118],[-22,11],[-49,97],[49,36],[-111,1],[-10,35],[72,94],[-58,-29]],[[4694,7843],[-46,-61],[-32,36],[0,111],[68,47],[-64,-22],[-25,40],[21,54],[-61,-37]],[[4555,8011],[-18,55],[58,57],[7,79],[46,4],[43,-43],[50,36],[64,-58],[-4,108],[40,22],[28,-29],[40,58],[45,11],[12,43],[-25,39],[-43,-14],[-4,-62],[-25,-24],[-69,-9],[-20,-35],[-87,-29],[-34,33],[12,36],[59,-15],[-9,35],[38,37],[-25,40],[-2,67],[39,30],[-37,11],[-75,82],[-7,37],[39,10],[57,-57],[-4,68],[54,25],[146,-54],[-71,58],[39,75],[-50,-17],[-25,50],[-39,-18],[-61,25]],[[4737,8778],[-64,72],[0,32],[54,-7],[-40,68],[-32,-18],[-17,47],[7,65],[57,54],[28,61],[47,32],[46,-7],[7,29],[-68,29],[-18,32],[29,43],[82,68],[50,22],[25,50],[58,13],[6,-52],[54,-11],[18,-50],[46,-44],[-11,61],[-93,80],[0,18],[123,15],[-108,75],[28,61],[-21,25],[75,18]],[[5105,9659],[60,-36],[15,-40],[35,0],[-14,43],[-68,69],[-53,-8],[28,62],[-14,43],[118,75],[11,-53],[42,-19],[-26,66],[19,39],[-57,8],[8,103],[56,-14],[22,57],[-22,33],[51,27],[-15,59],[-43,15],[43,57],[-34,140],[-62,51],[-4,53],[-53,38]],[[5148,10527],[46,63],[32,90]],[[5226,10680],[43,-14],[68,-108],[110,0],[32,-40],[72,-43],[103,-4],[71,-35]],[[5882,8508],[4,-118],[-64,-51],[-8,-115],[-99,-43],[-61,-11],[-79,-80],[-38,-110],[-76,-33],[-110,-111],[-14,-119],[-100,-57],[0,-54],[57,-130],[0,-108],[-50,-144],[-15,-107],[-64,-64],[-14,-73],[-25,-25],[-78,-22],[-35,-51],[-19,-96],[-28,-43],[0,-209],[-15,-58],[-64,-39],[0,-40],[-43,-64],[-29,-88]],[[4815,6245],[-40,37]],[[4673,7340],[-35,10],[-8,47],[-57,43],[-36,97],[21,2],[69,-74],[78,15],[25,-90],[-57,-50]],[[4555,8011],[22,-64],[-61,0],[17,67],[22,-3]],[[4737,8778],[29,-47],[75,-14],[18,-61],[-82,32],[-29,-14],[-46,82],[35,22]],[[4694,7843],[36,61],[-28,22],[-36,-37],[28,-46]],[[12211,21659],[11,-26],[85,-14],[0,-54],[61,-68],[146,-15],[7,-35],[42,-5]],[[12563,21442],[83,-53],[28,7]],[[12674,21396],[79,-72]],[[12753,21324],[-39,-32],[58,-76],[-15,-54],[64,-3],[-8,-25],[79,-137],[22,-65],[-51,-93],[28,-60],[-35,-34],[22,-93],[0,-86],[28,-72],[-18,-26],[-70,11],[-33,-21],[89,-61],[36,-51],[39,40],[-35,50],[35,79],[4,148],[46,-90],[0,-173],[64,-93],[7,-98],[40,-43],[-72,43],[-25,-64],[54,0],[39,-38],[7,-52],[-114,39],[68,-93],[38,11],[1,-79],[-21,-36],[28,-87],[86,-104],[0,-54],[50,-93],[0,-58],[-47,-47],[-57,29],[-57,0],[-85,-43],[-86,-14],[-114,14],[-50,36],[-321,137],[-29,0],[-143,93],[-48,59],[-19,53],[57,-37],[-43,137],[0,166],[-61,32],[0,115],[-28,15],[-32,86],[-75,-7],[-61,21],[0,155],[-50,50],[-46,4],[-43,43],[-43,-58],[50,-43],[29,8],[32,-51],[-64,0],[-11,43],[-86,8],[-71,-30],[-107,30],[-39,50],[-125,7],[-14,21],[-129,22],[18,40],[-60,32],[-36,-36],[-47,36],[-103,29],[-42,-49],[-4,-52],[-91,-48],[-9,-52],[-154,0],[-10,-44],[-50,0],[-8,-29],[-49,19],[-60,-82],[-51,-1],[3,-105],[-44,-50],[-5,-43],[-54,-97],[-57,-43],[-61,-90],[-7,-51],[-78,-122],[32,-126]],[[10206,19641],[-33,3]],[[10173,19644],[-42,37]],[[10131,19681],[-36,122],[0,72],[43,133],[-92,7],[0,69],[42,71],[-35,23]],[[9788,4448],[86,11],[18,-43],[114,57],[46,-89],[-28,-83],[-32,7],[-4,-43],[-57,-4],[-57,-39],[-25,-72],[-50,29],[-32,-11],[-7,-50],[-57,-58],[-43,-79],[72,-79],[-22,-80],[-53,-24],[32,-40],[0,-87],[-29,-43],[18,-40],[4,-96],[-43,-87],[0,-72],[-75,-82],[42,14],[47,58],[32,79],[72,-77],[46,-143],[-36,-64],[-32,-18],[-86,28],[-60,0],[-57,76],[35,36],[-46,32],[-29,-43],[-82,0],[29,54],[-21,50],[7,267],[-7,61],[-58,-40],[22,-86],[-4,-90],[-107,-165],[-82,10],[50,80],[-14,54],[-78,35],[0,-35],[-108,-4],[65,-65],[12,-46],[-95,-94],[-56,29],[-72,86],[-32,-11],[79,-86],[7,-94],[-47,-68],[-35,33],[-54,10],[-32,79],[-50,-50],[-50,29],[-46,-33],[214,-93],[-7,-115],[-36,-18],[-21,-97],[-61,-18],[-64,50],[-4,-47],[-66,-19],[2,-31],[-47,-14],[-10,-44],[-72,-43],[-29,-78],[-45,-4],[-65,43],[-121,-17],[-32,28],[-7,79],[21,79],[-46,54],[-75,25],[50,50],[-11,40],[-71,-58],[-24,29],[-16,90],[-135,111],[-28,65],[-65,33],[61,32],[32,176],[21,65],[-28,29],[18,46],[71,0],[50,-50],[36,-7],[34,-89],[80,31],[82,-58],[79,-125],[81,-4],[40,-57],[46,-29],[46,47],[-35,86],[-122,75],[-50,90],[40,40],[-18,43],[28,50],[47,8],[100,-15],[28,15],[104,-4],[-82,47],[-36,-8],[-178,37],[-38,32],[-16,50],[71,40],[23,50],[95,43],[79,7],[71,44],[43,-15],[100,0],[118,58],[14,47],[57,10],[18,51],[-72,7],[-50,-29],[-42,7],[-36,-36],[-64,-21],[-115,14],[-21,-22],[-185,15],[-65,22],[-18,46],[43,58],[15,72],[74,75],[72,43],[107,36],[25,40],[-22,93],[37,95],[-29,38],[75,-7],[221,7],[43,29],[85,-14],[79,7],[107,-108],[50,22],[78,-7],[94,-138],[38,40],[-14,36],[46,40],[61,11],[-15,27],[45,59],[45,-18],[99,51],[97,-22],[32,-43],[46,-18],[-21,-47],[7,-83],[-125,47],[-11,-83]],[[6678,8217],[-21,-94],[-33,-25],[-178,-36],[-71,-65],[-79,-21]],[[6296,7976],[4,122],[-50,0],[-7,112],[-104,39],[-21,29],[-118,-7],[-40,-133],[11,-22],[-49,-208],[35,-19]],[[5957,7889],[14,-104],[-49,-43],[7,-82],[-121,-51],[-6,-36],[70,-147],[5,-104],[109,-76],[7,-79],[43,-58],[-5,-89],[12,-112],[40,-80]],[[6083,6828],[-47,-39],[-129,-158],[-50,-39],[-10,-90],[-64,7],[-43,-101],[-83,-147],[0,-72],[-104,-173]],[[4809,5962],[-15,40],[15,86],[-15,57],[21,100]],[[8265,16916],[54,75],[-107,47],[-11,36],[-68,0],[-7,43],[-35,7],[-22,61],[14,130],[-21,43],[19,113],[-26,60],[-14,97],[-82,50],[-72,0],[-121,-50],[-50,35]],[[7716,17663],[53,119],[-14,72],[27,21],[45,94],[52,53]],[[7879,18022],[122,15],[43,37],[82,32],[-21,97],[57,29],[7,97],[100,47],[12,117],[-5,62],[50,7],[7,69],[79,35]],[[8412,18666],[78,-39],[41,-75],[91,-54],[257,-7],[128,-58],[22,36],[67,14],[76,-35],[185,0],[46,-21],[104,-1],[78,-58],[50,21]],[[9635,18389],[18,-100],[43,-7],[14,-47],[75,-103]],[[9785,18132],[-53,-120],[2,-57]],[[9734,17955],[-39,-52],[-26,-112],[13,-52],[-29,-50],[-78,-69],[-15,-54],[-71,-79],[-43,-25],[-71,-147],[-22,-94],[-96,-97],[-89,-133],[-54,-39]],[[9114,16952],[-64,28],[-50,-28],[-57,14],[-75,-22],[-68,72],[-78,144],[-64,50],[-56,-14],[-113,-61],[-70,-65],[-65,-90],[-89,-64]],[[8233,14733],[104,-4],[10,22],[93,2]],[[8440,14753],[96,-46],[72,0],[103,30]],[[8711,14737],[3,-1]],[[8714,14736],[131,-34],[62,27],[86,0],[78,-50],[143,-15],[100,-93],[43,0],[96,122],[111,44],[157,7],[100,-51],[53,76],[47,30]],[[9921,14799],[3,-34],[161,-21],[65,-71],[35,-66],[146,-36],[14,-176],[114,-47],[46,-72],[115,-57],[71,0],[61,-22],[21,-75],[46,-55],[72,-21],[152,10]],[[11043,14056],[62,-32],[86,0],[99,-28],[50,-36],[64,0],[53,99],[24,1],[52,69],[89,61],[174,-28],[94,50],[49,0],[54,-69],[64,7]],[[12057,14150],[0,-20],[111,-5],[43,-29]],[[12211,14096],[75,-29],[28,-60],[0,-93],[22,-44],[-22,-65],[29,-108],[45,-45],[87,-30],[82,-102]],[[12557,13520],[-19,-29],[-39,-125],[43,-25],[-21,-54],[0,-86],[-18,-33]],[[11828,13444],[-17,14],[-121,5],[-107,123],[-86,7],[-100,108],[-142,7],[-64,22],[-29,35],[-63,-36],[-80,-107],[-85,-29],[-57,0],[-47,-65],[-103,-7],[-15,-22]],[[10712,13499],[-89,8]],[[10623,13507],[8,43],[-50,21]],[[10581,13571],[0,90],[-54,73],[-125,46],[-14,58],[-100,14],[-14,68],[7,68],[-98,18],[-87,78],[-111,63],[-41,53],[-59,-3],[-79,43],[-78,0],[-64,43],[-179,15],[-32,-47],[-118,-104],[-92,0],[-107,64],[-43,44],[-86,0],[-128,57],[-86,0],[-50,36],[-100,0],[-92,22],[-32,-58],[-75,0],[-22,-22],[-78,-14],[-54,-32]],[[8290,14244],[-53,90],[-25,92],[-22,5]],[[10131,19681],[-7,-79],[-36,-36],[0,-61],[78,61],[7,78]],[[10206,19641],[18,-68],[-19,-40],[-99,-93],[-32,-101]],[[10074,19339],[0,43],[-125,8],[-78,50],[-58,65],[-71,21],[-78,-14],[-104,0],[-57,-126],[-43,-36],[-28,-108],[57,-72],[0,-65],[27,-98],[44,-60],[22,-79],[-15,-57],[86,-148],[57,-14],[0,-43],[-52,-29],[-48,-61],[25,-127]],[[8412,18666],[4,87],[21,1],[22,81],[-83,134],[-57,39],[-11,94]],[[8308,19102],[32,22],[14,71],[51,22],[14,58],[78,21],[-7,83],[-29,65],[22,10],[1,94],[-48,86]],[[8593,19900],[58,65]],[[13879,15145],[-38,72],[-32,-28],[-68,4],[-29,-54],[-124,29],[-86,50]],[[13502,15218],[11,83],[-72,93],[-39,4],[-118,94],[-19,38]],[[13265,15530],[-105,207],[-4,68],[43,100],[28,29],[-21,133],[-186,29],[-22,52],[-49,23],[15,36],[-29,43],[29,80],[-19,54]],[[12945,16384],[72,7],[43,43],[64,28],[100,22],[149,-22],[29,15],[79,-36],[46,11],[93,53],[-7,83],[14,36],[-58,74],[-21,89]],[[13548,16787],[15,57],[100,-70],[103,-10],[-4,-68],[125,-68],[68,90],[164,129],[32,62],[41,11],[63,57],[-23,44],[23,49],[-22,36],[14,58],[-17,117],[50,73],[35,-50],[40,-4],[-43,83],[-7,83],[68,83],[21,85],[46,15],[36,-47]],[[14476,17602],[14,-32],[96,-65],[44,5]],[[14630,17510],[138,-44],[25,-62],[43,3],[39,44]],[[14875,17451],[61,-76]],[[14936,17375],[18,-10],[-64,-151],[-36,-36],[-46,-162],[-15,29],[-75,-104],[25,-25],[83,54],[6,-15],[-81,-54],[-22,8],[-75,-119],[-28,-108],[-28,-15]],[[14598,16667],[-33,4],[-28,50],[-69,-11],[-39,19],[-25,-69],[-35,-28],[0,-44],[-50,-72],[7,-50],[-29,-108],[47,-119],[143,0]],[[14487,16239],[46,-61],[-25,-25]],[[14508,16153],[-43,-43],[-53,0],[0,-108],[-43,-25],[0,-50],[71,-137],[-4,-57],[29,-77]],[[14465,15656],[-46,-71],[-81,-38],[-76,-95],[-101,-80],[-70,-86],[-7,-32],[-54,-7],[-70,-38],[-51,-98]],[[13909,15111],[-30,34]],[[1505,4121],[-7,-32],[-146,25],[-29,-15],[-82,8],[-189,-51],[-50,-36],[-110,61],[-21,-89],[-68,-29],[-42,-63],[-94,-45],[-101,5],[-31,20],[25,40],[-86,-29],[-114,-86],[-64,21],[-25,-58],[-132,-57],[-57,-14],[-75,36],[-7,46],[36,33],[84,25],[38,64],[74,26],[79,-22],[49,65],[57,-14],[25,54],[54,39],[100,-29],[78,7],[15,37],[-50,-22],[-26,39],[36,47],[63,18],[19,40],[57,-15],[111,44],[-36,68],[14,32],[125,-29],[115,44],[49,-51],[43,14],[100,73],[21,-51],[36,36],[29,-28],[11,53],[53,11],[36,-21],[14,35],[93,-35],[139,7],[7,54],[71,25],[25,-65],[72,43],[21,-43],[43,58],[78,-29],[29,29],[11,-44],[35,0],[11,-43],[46,29],[54,-14],[14,28],[72,0],[31,-46],[-42,-72],[28,-68],[111,-29],[46,14],[75,58],[96,0],[50,-65],[87,-8],[-1,-28],[68,-22],[64,36],[36,-36],[78,22],[96,0],[36,29],[64,-29],[-14,39],[68,26],[39,-18],[-25,46],[-75,-3],[-7,79],[32,47],[-28,36],[-31,-27],[-30,-121],[-89,-32],[-22,21],[-65,-29],[-49,1],[-25,68],[-42,33],[-61,-15],[-125,68],[51,81],[77,20],[-23,19],[-91,-15],[-21,-43],[-100,28],[31,82],[76,55],[50,-29],[75,29],[57,0],[32,25],[57,-36],[-14,58],[68,-40],[0,50],[42,-14],[36,51],[111,-40],[0,-43],[53,18],[47,-18],[-18,-69],[39,-10],[-39,-47],[57,21],[28,-21],[18,43],[68,43],[57,15],[14,-29],[33,34],[-51,34],[75,18],[0,36],[-57,-15],[-3,47],[43,22],[-40,25],[90,47],[-29,86],[-38,24],[42,52],[35,-7],[32,46],[-21,22],[7,61],[68,14],[135,116],[33,53],[149,94],[-22,74],[20,40],[34,-3],[61,62],[-21,28],[35,79],[0,58],[65,151],[49,58],[-19,58],[52,67],[28,65],[-26,5],[23,56],[-15,29],[32,47],[29,-51],[25,61],[54,34],[4,-94],[-30,-76],[33,-39],[7,43],[37,3],[-5,187],[57,61],[7,-47],[64,-93],[-14,-43],[29,-72],[-22,-61],[39,28],[36,-21],[-32,198],[-36,93],[15,43],[63,22]],[[4181,5516],[50,43],[-64,-21],[14,-22]],[[12106,22027],[69,9],[96,48],[75,10],[100,43],[43,36],[103,-16],[118,45],[93,21],[28,-28],[121,33],[34,-13],[34,-107],[54,0],[50,-50],[25,11],[-43,100],[50,51],[-25,39],[-57,-57],[-37,18],[-17,53],[47,30],[43,-15],[39,39],[0,44],[54,5],[3,31],[101,41]],[[13307,22448],[6,-38],[89,-29]],[[13402,22381],[25,-39],[68,-25],[63,60]],[[13558,22377],[27,6]],[[13585,22383],[85,-23]],[[13670,22360],[174,-22],[73,18],[120,-18],[36,-35],[135,7],[47,-44]],[[14255,22266],[12,-137],[23,40],[0,87],[65,0],[0,-65],[-27,-54],[5,-90],[-21,-36],[0,-144],[43,-57],[7,-65],[71,-115],[-14,-158],[-36,-65],[21,-36],[-49,-68],[-83,-22],[-10,43],[-50,-14],[4,43],[-47,-22],[-25,-50],[72,-22],[46,11],[-175,-90],[-68,-14],[-32,22],[-93,-15],[-39,29],[-60,0],[-50,36],[-82,-33],[-83,-3],[-50,-22],[-39,58],[-118,14],[-121,65],[-92,-21],[-43,28],[-18,-50],[-50,-7],[-61,72],[-85,14],[-57,43],[-33,-57],[-60,-15]],[[12674,21396],[-68,57],[-43,-11]],[[13984,11597],[28,93],[89,62],[14,-15],[190,29]],[[14305,11766],[21,58],[32,21],[100,-14],[36,28],[128,8],[136,-43],[38,2]],[[14796,11826],[30,-42],[0,-68],[64,-22],[18,-50],[46,7],[-21,-75],[76,-50],[48,3],[35,-33],[90,-39],[36,-83],[-7,-108],[49,-75],[140,-87],[43,22],[100,-50]],[[15543,11076],[39,7],[78,-133],[36,-87],[153,-125]],[[15849,10738],[4,-61],[64,-108],[-7,-51],[54,-98],[-4,-46],[43,-64],[0,-65],[50,-122],[-8,-51],[43,-28],[-14,-87],[57,-57],[0,-86],[25,32],[32,-36],[-21,-32],[68,-40],[28,-43],[36,7],[39,-112],[-36,-78],[43,-33],[0,-97],[28,-47]],[[5026,10579],[-35,-14],[-43,29],[-105,-19]],[[4843,10575],[-42,19],[15,39],[-64,80]],[[4752,10713],[-54,111],[-11,83],[-28,29],[29,59],[-33,2],[-10,54],[-50,60],[-58,101],[8,40],[-57,72],[-103,181],[3,49],[-64,93],[3,40],[-39,29],[-22,61],[8,50],[-29,43],[-1,125]],[[5797,12198],[114,-87],[18,-39]],[[5929,12072],[21,-137],[29,-93],[-12,-70],[47,-67],[79,-32],[54,-99],[24,-9],[22,-83],[-43,-115],[0,-101],[-61,-169]],[[6089,11097],[-89,-21],[-11,21],[-51,-29],[-99,-21],[-121,50],[-18,-97],[-28,-68],[-71,-29],[-4,-36],[-82,-22],[-7,-79],[-75,0],[-45,-21],[-98,0],[-64,-65]],[[5148,10527],[-86,24]],[[5062,10551],[-36,28]],[[6340,10679],[-26,91],[-50,32],[-1,38],[37,45],[-46,105],[-118,21],[-47,86]],[[5929,12072],[64,18],[14,39],[79,47],[-7,33],[43,28],[0,50],[60,11],[32,54]],[[6214,12352],[117,24],[90,77],[36,72],[82,47],[57,-22],[11,29],[57,0]],[[6664,12579],[-4,-43],[50,21],[79,-28],[81,-83],[79,3],[57,-50],[43,-83],[39,-32],[100,50],[107,151]],[[7295,12485],[34,-6],[41,-55]],[[7370,12424],[14,-79],[68,-61],[18,-40],[-11,-61]],[[6342,10675],[-2,4]],[[19142,23202],[0,-695],[-29,-29],[29,-43],[-4,-787],[-128,93],[-72,0],[-57,-37],[40,-60],[-54,-46],[-14,-44],[-29,15],[-142,-58],[-64,36],[-72,-14],[-64,50],[-46,-61],[7,-79],[-90,-104],[-71,43],[-32,119],[7,64],[125,-18],[32,80],[-114,-19],[43,29],[-193,105],[-36,68],[-128,57],[14,76],[-53,-7],[-40,25],[0,39],[72,40],[-14,65],[70,44],[8,49],[79,51],[-15,43],[22,50],[-118,133],[-74,-26],[-51,-64],[-21,-82],[-54,-51],[71,-129],[25,-15],[0,-97],[-53,-54],[3,-36]],[[11511,129],[-35,16],[11,81],[-75,-54],[-15,101],[-23,-40],[-84,-24],[-75,14],[-7,104],[54,18],[-7,58],[-68,-54],[-36,-67],[-53,-9],[-27,33],[55,114],[47,37],[-54,-4],[-50,-65],[-32,62],[14,61],[-53,7],[-68,-65],[-57,18],[-21,79],[25,40],[51,-10],[81,56],[-8,26],[-110,-22],[-50,22],[-75,-8],[-7,43],[-59,42],[2,77],[43,19],[28,-30],[50,4],[-57,61],[-7,40],[32,25],[68,-72],[110,-58],[-10,37],[-86,43],[-64,89],[68,47],[78,-24],[11,-80],[71,-83],[-57,133],[14,40],[139,-29],[-17,-54],[46,-3],[11,39],[100,-46],[28,-119],[65,-121],[13,20],[-42,101],[0,72],[46,3],[63,-35],[26,10],[-82,40],[-42,64],[67,-3],[-82,25],[-68,72],[-82,36],[8,57],[117,144],[82,0],[-28,36],[-63,10],[-187,-233],[-50,22],[-75,-29],[-14,76],[55,22],[34,67],[71,29],[33,61],[7,151],[39,26],[53,-19],[-14,44],[54,-4],[-15,29],[-71,-29],[-106,37],[-5,39],[61,18],[121,-7],[111,-47],[-36,54],[-46,14],[-25,43],[-75,-29],[-57,29],[-64,-21],[-47,32],[-14,65],[7,100],[61,4],[57,-86],[29,71],[42,-114],[18,46],[-4,68],[33,-14],[-36,94],[118,79],[50,-36],[3,-61],[29,14],[-32,126],[-64,21],[-90,-89],[-43,-26],[-39,-71],[-60,14],[-51,83],[40,68],[50,7],[25,40],[-118,46],[-68,112],[22,93],[91,22],[34,-61],[-6,78],[16,37],[40,0],[35,-122],[18,122],[64,-97],[-9,89],[55,1],[36,36],[64,-22],[29,-57],[43,57],[78,-36],[22,-79],[78,22],[14,64],[86,-81],[11,-52],[60,-43],[-4,-98],[-46,-35],[-64,50],[-31,-83],[-40,-3],[-54,40],[-71,-18],[-11,-123],[40,65],[132,22],[103,-61],[-25,-54],[4,-54],[-36,-36],[96,-40],[32,-75],[-53,-26],[25,-68],[-86,-36],[75,-26],[-7,-98],[-78,-30],[-54,18],[-86,-15],[97,-39],[-40,-33],[40,-25],[71,29],[25,-25],[-29,-43],[-53,-26],[-36,22],[-96,4],[61,-18],[0,-58],[64,22],[60,-61],[0,-44],[72,-6],[36,-44],[-11,-47],[-75,11],[14,-47],[60,-4],[-21,-61],[47,-111],[-7,-65],[42,-158],[7,-79],[-31,-18],[-29,72],[-125,115],[-18,58],[-25,-40],[22,-65],[100,-72],[-82,-10],[-11,-40],[39,-25],[89,-18],[-21,-36],[78,-65],[-7,-50],[21,-50],[-28,-76],[-53,7],[-66,-63],[-70,-2],[-136,137],[-24,-41],[99,-113],[-46,-19],[-43,15],[-86,-15]],[[9874,12485],[50,76],[-50,72]],[[9874,12633],[80,57],[92,144],[129,89],[45,8],[25,-36],[82,20],[64,-41],[50,21],[101,72],[24,38],[36,135],[40,32],[67,173],[14,72],[-11,82]],[[12250,15161],[-86,133],[-20,73],[-101,171],[-21,11],[-43,111]],[[11979,15660],[-22,44],[0,64],[27,80],[2,79],[48,124],[16,91],[-100,209],[0,36],[-114,219]],[[11836,16606],[50,29],[22,151],[171,90],[-8,43],[100,-72]],[[12171,16847],[-64,-11],[22,-64],[-18,-29],[71,-36],[75,22],[14,25],[91,50],[180,-133],[125,-7],[47,-32],[46,10],[39,-29],[8,-46],[42,-29]],[[12849,16538],[-7,-57],[72,-47],[31,-50]],[[13265,15530],[-95,-13],[-6,-104]],[[13164,15413],[-90,-80],[-86,7],[-43,-28],[-57,21],[-50,-36],[-99,22],[-68,-94]],[[12671,15225],[-196,-7],[-57,-43],[-129,0],[-37,-13]],[[12252,15162],[-2,-1]],[[10581,13571],[-66,16],[-49,53],[-125,3],[-42,-29],[-122,0],[-71,29],[-57,0],[-18,-32]],[[10031,13611],[-132,3],[-177,-28],[-204,-139]],[[9518,13447],[-225,-19],[-93,28],[-50,36],[-86,29],[-85,7],[-43,65],[-43,-7],[-43,28],[-28,-14],[-93,7],[-36,-28],[-103,7],[-7,97],[-75,47],[-47,-36],[-35,-94],[-82,-38],[-32,-37]],[[8312,13525],[-129,143],[-50,162]],[[8133,13830],[8,47],[-50,137],[56,151]],[[8147,14165],[80,17],[63,62]],[[6083,6828],[20,13]],[[6103,6841],[10,-30],[90,-65],[51,29],[64,0],[29,-73],[42,-35],[53,-7],[0,-130],[33,3],[6,-82],[39,9],[40,-66],[36,7],[78,-43],[136,21],[103,-79],[0,-19]],[[13164,15413],[102,-162],[61,-74],[61,-23],[65,8]],[[13453,15162],[13,-53],[47,-67],[7,-119],[79,-71],[65,-10],[41,-105],[206,-142],[76,-24],[64,-69],[79,-53],[51,8]],[[14181,14457],[45,-59]],[[14226,14398],[0,-14],[-178,-14],[-43,-126],[-68,-40],[-29,-77],[19,-85],[-11,-89]],[[13916,13953],[-78,-52],[-157,15],[-43,-28],[-50,14],[-58,-43],[-114,-14],[-19,24],[15,91],[-24,28],[-46,-14],[-23,30],[-51,1]],[[13268,14005],[-28,105],[-48,44],[-43,93],[-47,58],[-71,-50],[-39,14],[-11,65],[-78,-15],[-47,33],[6,27],[-80,-17],[-161,15]],[[12621,14377],[0,115],[-36,29],[-21,111]],[[12564,14632],[68,40],[52,83],[30,112],[7,190],[36,111],[-65,25],[-21,32]],[[7370,12424],[43,18],[19,114],[-12,84],[-29,79],[14,129],[62,88],[-68,143],[-8,61],[-71,32]],[[7320,13172],[-15,101]],[[7305,13273],[61,61],[122,-21],[60,14],[25,50],[89,-29],[82,10]],[[7744,13358],[-11,-79],[54,-82],[129,8],[57,57],[107,3],[94,-14],[45,11],[43,112],[0,36],[42,57],[8,58]],[[9518,13447],[-33,-48],[-107,-8],[-114,-35],[-42,-48]],[[9222,13308],[-61,-10],[-30,-33],[-63,-9],[-111,-59],[-33,-3],[-44,-60]],[[8880,13134],[-22,13],[-114,-79],[-143,-115],[-47,-54],[-93,-61],[-16,-33]],[[8445,12805],[-144,-3],[-114,50],[-64,-79],[-82,-22],[14,-104],[21,-36],[-46,-111]],[[9921,14799],[7,24]],[[9928,14823],[71,72],[65,17],[56,112],[82,65],[-3,43],[68,-51],[40,7],[26,58],[51,-50],[82,15],[8,35],[73,37],[41,60],[-40,126]],[[10548,15369],[30,22],[77,-7],[29,50],[128,0],[4,11]],[[10816,15445],[21,-40],[72,-36],[28,-79],[103,22],[86,-15],[50,-50],[71,36],[65,-14],[85,50]],[[11397,15319],[39,-83],[29,-3],[7,-76],[49,-82],[51,-22],[7,-58],[-67,-14],[-71,-47],[-40,-126],[-121,-43],[14,-60],[0,-166],[-29,-87],[-35,-18],[-8,-161],[-64,-126],[-25,0],[-96,-76],[6,-15]],[[8714,14736],[-3,1]],[[8711,14737],[15,57],[124,14],[97,51],[-7,190],[14,62],[28,7],[0,64],[-57,15],[-7,68],[-68,25],[-39,61],[29,104],[74,-14],[97,33],[14,71],[143,54],[14,130],[57,14]],[[9239,15743],[125,-79],[118,22],[3,-22],[68,29]],[[9553,15693],[39,0],[72,-50],[74,36],[47,43],[52,-19]],[[9837,15703],[19,-39],[122,22],[121,-15],[64,65],[100,-7],[82,37]],[[10345,15766],[46,-37]],[[10391,15729],[11,-58],[42,-4],[69,-75],[50,-7],[18,36],[67,0],[36,36],[43,-29],[22,-85],[53,-30],[14,-68]],[[10548,15369],[-44,11],[-113,-18],[-122,36],[-49,-29],[-132,-14],[-30,-52],[-12,-74],[-83,-32],[-46,-97],[-43,-43],[0,-108],[54,-126]],[[16231,10392],[71,0],[0,51],[79,0],[0,65],[25,7],[100,-36],[14,21],[50,-29],[132,21],[103,57],[2,60],[59,35],[-29,83],[14,125]],[[16851,10852],[68,30],[118,-91],[-7,-35],[-43,-18],[32,-79],[32,82],[58,4],[14,-54],[42,-32],[97,-137],[39,-104],[43,-7],[-7,35],[-86,137],[39,31],[18,-52],[68,-11],[18,-36],[157,-72],[-59,70],[-52,17],[-17,49],[35,51],[-53,0],[-61,-72],[-36,75],[-131,145],[-40,186],[7,58],[-21,79],[64,108],[50,10],[-25,-35],[36,-15],[53,69],[50,3],[0,-47],[39,4],[-3,-68],[43,-54],[57,-162],[50,-36],[-12,-45],[-52,-9],[10,-65],[108,5],[10,-66],[82,-82],[43,28],[32,-18],[14,-61],[46,0],[18,-86],[79,-47],[-14,-29],[78,-90],[78,-68],[4,-40],[-39,29],[-111,-60],[-21,46],[-57,-15],[-36,-36],[-118,137],[-49,-25],[-47,25],[-79,0],[-10,-29],[-104,0],[-35,22],[-86,7],[-11,-18],[82,-68],[36,43],[57,-51],[57,51],[18,-32],[-15,-62],[-74,-21],[-75,29],[-68,-29],[-28,-130],[-40,65],[7,69],[-21,28],[47,83],[-89,-17],[-33,24],[-10,-104],[14,-14],[0,-98],[-32,7],[-104,98],[32,-105],[32,-32],[-14,-72],[-35,-21],[3,-40],[-86,29],[-21,43],[-57,36],[-57,-43],[-100,0],[-79,64],[4,-50],[74,-35],[76,-76],[127,12],[66,-135],[67,-54],[29,0],[25,-68],[-111,-25],[-46,-32],[64,-18],[-46,-51],[-264,22],[-96,97],[-36,50],[-164,140],[-7,47],[-93,115],[-57,54],[-86,155]],[[16131,10166],[93,83],[7,143]],[[11397,15319],[90,-7],[35,46],[136,87],[0,72]],[[11658,15517],[82,75],[42,-29],[172,101],[25,-4]],[[12252,15162],[34,-149],[-15,-107],[31,-67],[48,-24],[29,-143],[-30,-23]],[[12349,14649],[-42,-13],[-14,-83],[-36,-58],[-14,-68],[-100,-41],[-72,-99],[8,-79],[-22,-58]],[[3427,2176],[-10,-79],[-64,-4],[-28,-69],[-97,-104],[-14,-50],[50,22],[75,-62],[-25,-68],[-54,-43],[-53,-7],[-157,-86],[-25,46],[-36,-79],[-32,-32],[-78,-22],[-121,-65],[-11,25],[28,87],[15,155],[-97,-44],[-39,11],[25,79],[-35,4],[-33,61],[22,115],[-15,13],[65,48],[57,119],[-7,36],[60,54],[-21,-65],[57,-14],[18,32],[-43,58],[38,44],[65,-41],[86,29],[43,57],[28,-14],[54,68],[-54,26],[-35,50],[-72,-72],[-36,7],[-17,61],[-50,76],[-75,43],[-107,-43],[-58,-94],[-56,-28],[-40,-47],[-67,61],[-63,2],[-12,-63],[-42,-83],[-54,-7],[-22,29],[-43,-29],[-57,14],[-3,58],[-72,-4],[-147,-28],[-49,46],[-57,-29],[7,80],[-57,-29],[-32,50],[-43,111],[57,33],[11,43],[-86,43],[-114,-43],[9,56],[-27,34],[15,36],[-29,50],[7,65],[-36,79],[68,97],[64,22],[104,-7]],[[1748,3057],[21,-51],[47,-14],[107,36]],[[14226,14398],[104,-36],[28,-28],[65,0],[24,-33],[-1,-88],[70,-107],[78,-46],[35,29],[93,-43],[31,34],[83,9],[82,-158],[40,-7],[49,36],[50,-22],[68,50],[82,8],[107,43]],[[15314,14039],[43,-15],[71,43],[50,8],[32,-43],[-96,-29],[-53,-68],[57,46],[53,15],[-14,-72],[44,33],[24,-44],[-54,-40],[-68,-21],[18,-36],[36,7],[11,-54],[-43,-36],[-71,-26],[-26,23],[-39,-43],[-85,-30],[-22,-61],[6,-92]],[[15188,13504],[-42,-62],[-58,-23],[-27,-45],[29,-37],[-29,-71],[29,-72],[-54,-76],[-57,7],[-57,-64],[-331,4]],[[14591,13065],[-44,69],[-118,20],[-60,-21],[-14,28],[-54,0],[1,122],[14,41],[-19,52],[8,69],[-30,73],[-56,57],[-11,39],[-42,-14],[-61,50],[-21,130],[-86,-22],[-19,89],[-36,99],[-27,7]],[[9239,12172],[90,-3],[24,65],[65,7],[42,57],[7,94],[75,24],[11,26],[75,0],[93,-21]],[[9721,12421],[2,-4]],[[14591,13065],[-44,-62],[-53,-30],[-20,-40],[-59,-38]],[[14415,12895],[-93,-50],[-121,29],[-75,46]],[[14126,12920],[-28,62],[-68,57],[-71,7],[-39,50],[-64,30],[-136,14],[-25,-22],[-93,-7],[-116,-114]],[[13486,12997],[-191,6],[-43,51],[-157,14],[-53,-29]],[[13042,13039],[-61,29],[-36,-7],[-31,82],[-51,87]],[[12863,13230],[36,29],[15,86],[60,61],[61,4],[92,46],[8,104],[-65,87],[34,84],[-12,31],[28,76],[65,24],[0,87],[83,56]],[[13307,22448],[49,27],[-7,25],[51,27],[13,49],[71,50],[82,94],[54,25],[-43,29],[0,35],[79,22],[-22,36],[14,54],[-71,29],[-7,46],[43,44],[10,54],[50,-8],[111,36],[39,101],[68,-140],[-121,-123],[32,-17],[57,14],[32,57],[93,76],[-22,58],[54,68],[57,-14],[89,32],[75,61],[32,47],[-7,50],[-67,38],[85,95],[103,58],[5,-74],[-67,-108],[41,-13],[57,61],[-7,51],[28,100],[25,26],[47,-22],[-15,-68],[89,-47],[72,14],[46,-10],[39,54],[100,-29],[47,43],[14,47],[110,39],[18,-47],[68,4],[-3,40],[35,79],[-14,72],[26,25],[70,-36],[22,14],[85,-36],[22,-57],[71,-15],[25,-25],[-57,-115],[-128,-72],[21,-53],[90,-15],[117,-119],[-22,-36],[29,-57],[64,-50],[-7,-69],[-32,7]],[[15514,23086],[-36,-21]],[[15478,23065],[-32,25],[12,-63]],[[15458,23027],[-19,-27]],[[15439,23000],[-50,22],[-21,46],[-96,83],[-43,-14],[-64,45],[-19,41],[-49,18],[0,54],[-61,-50],[-71,35],[-29,-64],[-53,-22],[-65,8],[2,-42],[-37,-2],[37,54],[-23,43],[18,46],[-132,-6],[-14,-32],[64,-37],[-58,-28],[22,-65],[-14,-32],[-107,-15],[-18,-43],[-103,-22],[-57,-35],[-15,-69],[-50,-54],[-50,-104],[-60,-83],[-18,-68],[82,-83],[-4,-97],[-42,-14],[42,-65],[0,-65],[-28,-18]],[[13670,22360],[7,40],[114,111],[64,29],[7,36],[100,68],[14,43],[-28,68],[-164,-35],[-22,-116],[-50,-14],[-31,50],[-11,-28],[-65,-15],[-35,-54],[43,-57],[-28,-103]],[[13558,22377],[-28,40],[-35,-21],[-64,14],[-29,-29]],[[13698,22655],[43,21],[-36,36],[-7,-57]],[[15543,11076],[9,47],[-34,89],[7,40],[-36,90]],[[15489,11342],[118,-7],[132,-36],[7,-29],[80,-11]],[[15826,11259],[31,-25],[103,22],[36,50],[0,54],[46,82],[118,15],[50,65],[-8,100],[125,-21],[23,28]],[[16350,11629],[77,-7],[32,-90],[-21,-36],[125,-68],[11,-40],[-29,-28],[0,-94],[32,-39],[32,72],[46,14],[-3,-94],[25,-7],[3,58],[36,0],[15,-86],[31,0],[36,-65],[22,7],[21,-101],[111,0],[-22,-86],[-42,-11],[-65,-50],[28,-26]],[[16131,10166],[-36,50],[0,58],[-35,50],[-41,109],[9,46],[-75,190],[-68,69],[-36,0]],[[8440,14753],[0,81],[-43,79],[35,88],[-20,49],[-72,100],[-15,89],[-47,66],[-116,104],[-11,111]],[[8151,15520],[11,51],[71,21]],[[8233,15592],[75,-36],[93,0],[78,-57],[41,15],[34,51],[50,-2],[4,38],[-89,132],[28,100],[-21,79],[50,108],[-54,90],[-92,0],[-43,-43],[-107,21],[-25,-43],[-65,15]],[[8190,16060],[22,82],[28,11],[0,76],[22,82],[57,8],[-15,97],[18,61]],[[8322,16477],[79,-7],[44,-48],[27,-89],[121,-22],[15,-21],[74,29],[101,0],[-15,-112],[32,-32],[289,0]],[[9089,16175],[72,-68],[-29,-58],[40,-69],[49,37],[57,0],[40,-26]],[[9318,15991],[0,-158],[-56,-38],[-23,-52]],[[14718,19113],[-3,-40],[74,-4],[54,19],[40,-15],[-8,-83],[36,-17],[22,32],[-22,36],[57,11],[-3,-58],[42,43],[72,-64],[25,89],[103,76],[57,-14],[50,21],[129,0],[71,-43],[86,29],[25,75],[0,94],[124,54],[93,-51],[86,-14],[71,-43],[32,21],[0,112],[-53,25],[-25,54],[-43,32],[-14,69],[32,17],[57,-14],[54,-56],[117,-45],[29,15],[54,-42],[74,-1],[25,-29],[75,-22],[71,8],[200,-43],[39,-44],[120,-37],[9,-34],[60,-30],[-6,-83],[-79,-10],[-100,-57],[-86,14],[-107,36],[-18,36],[-68,21],[-24,-25],[60,-32],[18,-90],[-60,-47],[-136,8],[-64,35],[-57,-28],[-86,0],[-132,-87],[-100,-43],[-20,-43],[-69,-22],[-53,-64],[-154,-6],[14,56],[107,14],[79,44],[50,50],[175,94],[-97,-8],[-42,-43],[-86,-29],[-40,-43],[-67,-36],[-64,-7],[-72,14],[-35,-21],[-36,21],[-100,-14],[-121,-57],[-121,-29],[-43,50],[-43,-7],[-22,-50],[-92,36],[-50,-8],[-35,26],[20,-69],[-132,36],[-24,36],[-65,-7],[-57,29],[-78,7],[-129,43],[-46,4],[-99,61],[-97,36],[-36,-8],[-100,72],[-32,47],[-37,111],[48,15],[-29,51],[-57,-15],[-118,90],[-7,61],[125,-43],[11,39],[125,-61],[71,-22],[-25,-60],[82,-50],[97,-12],[63,-78],[69,-22],[77,-88],[50,5],[58,-32],[92,0],[31,26],[-20,55],[-71,-2],[14,54],[114,36]],[[2137,511],[-68,-123],[14,69],[54,54]],[[2137,511],[46,21],[0,155],[-96,25],[-57,50],[-47,-7],[93,126],[-21,22],[28,86],[-50,25],[-7,61],[36,22],[-46,18],[25,36],[49,3],[-7,76],[18,7],[68,-61],[-14,-68],[57,10],[94,55],[34,-37],[46,15],[11,-54],[61,-47],[24,28],[1,69],[46,47],[18,-76],[29,22],[-29,72],[39,39],[43,-43],[75,61],[4,61],[46,-21],[50,-76],[14,-71],[67,-113],[-24,-75],[29,-43],[-65,-122],[-21,-65],[21,-61],[-67,14],[-108,-50],[-42,50],[-25,-32],[14,-57],[47,-18],[35,21],[79,1],[85,-51],[47,0],[14,-32],[-50,-79],[92,-51],[-21,-50],[61,-18],[-11,-61],[-36,-22],[43,-100],[-7,-37],[39,4],[18,-75],[-25,-40],[-1373,0],[28,47],[-28,57],[57,29],[-64,86],[17,11],[65,-58],[92,44],[86,14],[43,43],[43,-28],[71,28],[86,-101],[78,51],[36,-51],[32,62],[-4,39],[43,-28],[11,35],[-68,15],[-50,-29],[-42,11],[-76,100],[29,65],[54,33],[6,43],[-42,-7]],[[6849,7433],[-10,-11],[-157,15],[-47,-83],[-39,-33],[-70,42],[-34,-45],[0,-144],[-35,-65],[21,-79],[-36,-101],[-110,-46],[-23,11],[-98,-33],[-86,7],[-22,-27]],[[5957,7889],[25,30],[143,0],[57,71],[114,-14]],[[9288,16395],[0,103],[100,70],[56,86]],[[9444,16654],[52,10],[12,32],[56,4],[67,61],[132,57]],[[9763,16818],[43,-54],[118,44],[39,71],[86,-21],[61,29],[35,57],[93,-7],[-2,62],[-27,48],[-85,27],[-18,43],[-111,5],[-35,-45],[-93,5]],[[9867,17082],[28,154],[-6,38]],[[9889,17274],[35,52],[31,-5],[-2,91],[107,43],[28,79],[-58,37],[-38,64],[-118,-36]],[[9874,17599],[0,68],[-43,50],[-8,83],[-35,47],[0,47]],[[9788,17894],[61,-8],[50,36],[107,-122],[114,-26],[7,12]],[[10127,17786],[75,-8],[29,-61],[0,-64],[50,-36],[7,-94],[64,-26],[50,-54],[72,12],[-43,-90],[10,-25],[79,7],[64,-29],[43,43],[57,0],[132,-71],[28,-54]],[[10844,17236],[-38,-17],[3,-88],[-93,-21],[-50,-120],[29,-74],[99,-22],[8,-61]],[[10802,16833],[-22,-58],[-107,-75],[-26,-102],[-38,-53]],[[10609,16545],[-18,-25],[-189,-7],[-12,-57]],[[10390,16456],[-63,6],[-57,51],[-36,-15],[-21,51],[-64,0],[-18,36],[-61,21],[-71,-7],[-21,36],[-47,-22],[-11,-35],[-53,0],[-18,-58]],[[9849,16520],[-89,-61],[-7,-104],[-68,-22],[-98,4],[-77,29],[-59,-10]],[[9451,16356],[-163,39]],[[14181,14457],[31,64],[107,7],[-14,82]],[[14305,14610],[74,-20],[58,-48],[89,-32],[57,57],[7,101],[57,32],[50,119],[71,18],[0,112],[64,143],[79,80]],[[14911,15172],[50,-83],[46,0],[54,-47],[-14,-83],[68,0],[17,-32],[-14,-68],[71,0],[0,-54],[47,-90],[104,27],[21,-37],[74,-12]],[[15435,14693],[108,-7],[17,-79],[-75,-36],[65,-36],[21,36],[71,0],[47,-76],[11,-61],[46,4],[-21,-76],[-68,-14],[5,48],[-37,24],[-4,-65],[-50,7],[-78,87],[-47,-69],[-21,-79],[21,-3],[32,86],[122,-86],[110,3],[-75,-133],[-32,-14],[29,-58],[11,47],[84,113],[40,96],[29,-4],[-171,-277],[-33,-18],[-71,14],[-3,33],[-47,25],[-46,-50],[-111,-36]],[[8239,16708],[-109,13],[-129,123],[-67,7],[-43,61],[-21,68],[-76,7],[-78,-28],[-68,21],[7,65],[-74,22],[-75,-36],[-24,-97],[-44,-55],[-114,-21],[-72,29],[-21,29]],[[7231,16916],[39,190],[-114,-11],[7,61],[-78,134]],[[7085,17290],[14,36],[71,21],[7,40],[65,32],[14,61],[50,32],[21,54],[97,54],[96,9],[32,20],[143,0],[21,14]],[[9114,16952],[0,-123]],[[9114,16829],[-68,-43],[-10,-29],[-71,0],[-72,22],[-53,-7],[-11,36],[-82,-29],[-154,0],[-14,22],[-71,-22],[-143,0],[-126,-71]],[[6899,16247],[7,68],[-39,80],[1,69]],[[6868,16464],[95,49],[39,93],[65,-7],[51,34],[24,142],[-15,51],[29,64],[75,26]],[[8239,16708],[-70,-127]],[[8169,16581],[-164,-173],[-29,-68],[-85,-97],[0,-29],[-72,-93],[-17,-67]],[[7802,16054],[-26,-7]],[[7879,18022],[-103,98],[-17,47],[-54,0],[-28,97],[-40,25],[-17,65],[-82,0],[-108,57],[-64,8],[-59,-34]],[[7307,18385],[-40,34],[32,68],[53,11],[18,61],[121,118],[0,62],[75,138],[29,9],[89,133],[100,115],[-16,61],[37,33],[-14,43],[28,90],[33,14]],[[7852,19375],[32,-43],[96,-29],[93,-93],[32,0],[21,-101],[182,-7]],[[7427,18584],[28,0],[29,50],[-50,-14],[-7,-36]],[[18860,8818],[-32,68],[14,29],[-71,57],[7,108],[-46,32],[-18,47],[31,62],[47,-37],[65,-15],[35,-53],[-14,-144],[14,-68],[50,3],[0,-57],[-29,-94],[11,-25],[79,29],[-18,-58],[21,-46],[-18,-33],[-64,36],[-11,-25],[100,-72],[17,-118],[-49,-58],[-10,65],[-50,28],[0,76],[-43,25],[21,-131],[-96,73],[0,-122],[32,-50],[-75,-43],[-50,7],[-39,54],[-53,15],[3,64],[-39,-3],[-11,68],[-28,-22],[-18,-76],[-36,8],[-71,100],[-47,0],[-18,-35],[-39,18],[86,-115],[0,-54],[-118,86],[-57,-36],[-4,107],[-31,29],[-41,-22],[-20,-82],[21,-151],[-32,-18],[-32,-64],[61,43],[18,-18],[-15,-116],[-46,-3],[-18,-79],[71,-40],[0,-37],[-39,-60],[-85,58],[-11,126],[-45,30],[-19,77],[21,36],[-36,51],[72,36],[-72,93],[7,133],[-21,11],[29,144],[32,25],[74,-50],[-53,86],[-61,-25],[35,94],[69,51],[-29,24],[-46,-14],[-21,68],[35,50],[-28,43],[10,47],[-60,-4],[-29,36],[0,72],[32,19],[93,-94],[107,-79],[-25,50],[-55,52],[-5,78],[-40,54],[-4,100],[44,-3],[36,47],[28,-4],[82,-72],[25,-86],[35,21],[289,-126],[-14,-36],[75,-32],[-7,-108],[36,22],[39,-33],[-15,58],[29,14],[-50,61],[68,-14],[61,-61],[-18,-68],[43,-29],[53,-72],[32,-14]],[[7085,17290],[-125,-7],[-93,28],[-107,0],[-57,-43],[-64,22]],[[6639,17290],[-97,32],[36,93],[60,39],[4,33],[96,47],[47,0],[7,126],[47,32],[49,-21],[40,97],[57,43],[-86,47],[-36,61],[15,72],[-25,21],[21,47],[105,-36],[-1,94],[78,-33],[-7,65],[100,72]],[[7149,18221],[28,43],[-7,50],[97,83],[40,-12]],[[7454,6764],[-6,-72],[-35,-86],[-53,-26]],[[8868,12392],[79,77],[0,92],[85,50],[0,94],[72,53],[7,62],[-61,87],[-68,56],[8,98],[-110,73]],[[9222,13308],[-4,-25],[111,-38],[85,-69],[43,0],[100,50],[132,-7],[-7,-86],[64,-29],[-22,-101],[64,-21],[-21,-97],[50,-87],[0,-115],[57,-50]],[[10074,19339],[28,-7],[43,-111],[-35,-80],[21,-122],[-29,-144],[-27,-21]],[[10075,18854],[-15,-50],[20,-48]],[[10080,18756],[-28,-39],[47,-25],[-11,-137],[22,-54],[-20,-44],[58,-67],[40,47],[-24,86],[21,6],[103,-189],[-16,-63]],[[10272,18277],[-52,-9],[-64,-43],[-121,7],[-107,-79],[-79,0],[-64,-21]],[[14465,15656],[114,195],[22,-14]],[[14601,15837],[32,-15]],[[14633,15822],[-22,-111],[40,32],[45,-59],[69,2],[-25,-61],[79,9],[10,-42],[68,-57],[14,-33],[47,4],[46,-47],[-64,-65],[49,-43]],[[14989,15351],[-18,-123],[-31,5],[-29,-61]],[[14305,14610],[0,58],[-50,50],[-20,176],[-43,79],[-105,58],[-53,0],[-15,43],[-110,37]],[[9742,9292],[57,21],[18,37],[61,-15],[78,101],[-46,25]],[[9910,9461],[7,58],[-28,10],[12,53],[59,30]],[[9960,9612],[37,26]],[[10032,9641],[63,-65],[22,-111],[32,28],[71,-14],[68,47],[-43,-86],[7,-137],[-83,9],[62,-34],[61,-101]],[[10295,9116],[-36,-15],[140,-75],[25,7]],[[10589,8705],[77,-53]],[[10452,8404],[-89,-25],[-132,39]],[[10231,8418],[-7,36],[-61,-3],[-25,43],[7,50],[-35,36],[-8,-47],[-167,69]],[[9935,8602],[-18,39],[14,65],[-16,34],[45,52],[-68,54],[-68,-7],[-7,29],[-73,-10],[-45,-26],[-39,29],[-60,-8]],[[9910,9461],[-25,-68],[-46,7],[32,72],[39,-11]],[[12211,14096],[60,22],[7,-29],[86,7],[18,36],[82,7],[7,94],[43,14],[14,54],[100,33],[-7,43]],[[12863,13230],[-17,-4],[-47,94],[-85,36],[-61,151],[-96,13]],[[9656,7782],[65,14],[11,32]],[[9732,7828],[28,83],[36,47],[1,69]],[[10127,8278],[68,0],[-21,32],[7,65],[50,11],[39,-36],[89,-7],[15,-33]],[[10031,13611],[178,-130],[-11,-58],[19,-75],[42,0],[8,-43],[110,-29],[89,44],[8,43],[114,28],[21,116],[14,0]],[[17868,18936],[-50,15],[-85,65],[-97,-8],[-57,126],[-44,6],[-14,34],[-45,-43],[-21,36],[-36,-29],[-72,7],[-56,-14],[-118,43],[-57,61],[0,58],[39,25],[128,-43],[64,21],[11,40],[-36,93],[97,54],[64,-7],[32,61],[-53,11],[-65,65],[-50,-22],[-64,7],[-62,30],[-38,42],[-160,-14],[-32,-36],[-118,54],[43,64],[-14,69],[75,-22],[64,7],[73,61],[37,-32],[-7,-47],[97,-46],[85,-15],[43,22],[43,-43],[43,0],[28,-43],[121,-22],[118,50],[-7,61],[53,26],[36,43],[39,0],[-7,-112],[15,-72],[42,-14],[-28,-101],[57,-3],[61,-72],[17,57],[140,-43],[32,22],[7,-61],[46,-61],[71,-29],[36,21],[121,-79],[61,29],[39,43],[61,-90],[28,-101],[-132,-32],[-57,-43],[-114,58],[-85,14],[-29,-50],[50,7],[43,-29],[75,-7],[-15,-58],[-74,-43],[-49,50],[-59,15],[-17,-40],[-61,-25],[-50,50],[-32,-35],[-61,-15],[-53,22],[-54,-44]],[[6868,16464],[-118,35],[-76,6],[-42,-57],[-107,-7],[-79,50]],[[6446,16491],[-43,22],[-157,0],[-50,-58],[-55,8]],[[6141,16463],[23,118],[36,36],[-14,72],[71,40],[14,97],[43,93],[25,-3],[61,46],[-36,36],[25,69],[82,82],[-15,70],[90,64],[10,-44],[83,51]],[[7343,14070],[-34,-74]],[[7309,13996],[-28,-29],[-82,0],[-23,-70],[-56,-38],[0,-61],[-42,-75]],[[7078,13723],[-8,28],[-74,0],[-29,29],[-43,-15],[-101,1],[-20,28],[-107,-50]],[[6696,13744],[-97,-7]],[[6599,13737],[-17,28],[-93,-71],[-111,0],[-43,50],[-35,3]],[[6300,13747],[-29,76],[-63,70],[-83,23],[-50,-28],[-106,40]],[[5969,13928],[-8,53],[-61,0],[-14,65],[-29,0],[33,158]],[[5890,14204],[47,-1],[49,66]],[[5986,14269],[4,0]],[[5990,14269],[49,21],[139,0],[8,-35],[44,-6],[34,-52],[46,-15],[68,22],[50,43],[29,90],[35,18],[8,51]],[[6500,14406],[71,28],[25,51],[53,-29],[22,-58],[118,-50],[25,-50],[103,-22],[18,-75],[146,3],[-4,18]],[[18735,209],[-28,86],[14,82],[-18,19],[-43,-44],[-92,65],[-11,25],[73,12],[55,31],[-50,51],[43,61],[-46,0],[-72,36],[-17,40],[60,3],[57,51],[-142,-15],[50,130],[65,4],[-90,24],[-65,-21],[-14,57],[50,43],[107,0],[0,51],[-36,25],[18,46],[36,-21],[18,29],[-54,7],[-60,47],[42,57],[-8,37],[47,60],[18,-61],[36,-32],[-7,75],[-78,90],[17,57],[-29,70],[65,-4],[38,-60],[-6,-45],[68,-82],[29,28],[60,-3],[11,-54],[53,57],[0,-100],[29,7],[21,183],[-28,43],[75,18],[32,-104],[42,-47],[8,-47],[64,-64],[0,-424],[-14,-51],[14,-79],[0,-395],[-105,-55],[-45,40],[3,29],[-57,-4],[-41,63],[-45,-63],[-31,7],[-25,65],[-39,-50],[-22,-86]],[[8322,16477],[-107,50],[-46,54]],[[9114,16829],[72,43],[100,0],[92,25]],[[9378,16897],[32,-42],[-21,-94],[55,-107]],[[9288,16395],[-35,-62],[-101,-36],[-63,-71],[0,-51]],[[15115,12190],[-153,11]],[[14962,12201],[-62,-11],[-74,15],[-40,43],[-82,-25],[22,68],[-77,9]],[[14649,12300],[-9,45],[-64,43],[-7,43]],[[14569,12431],[26,100],[-19,62]],[[14576,12593],[108,5],[138,96],[86,-51],[28,51],[114,-29],[61,-61],[103,4],[111,46],[-18,71],[-153,116],[-11,98],[-18,17],[15,94],[112,87],[48,3],[68,36]],[[15368,13176],[7,18]],[[15375,13194],[50,-72],[7,-47],[50,11]],[[15482,13086],[12,-15]],[[15494,13071],[9,-57],[-10,-166],[-18,-28],[50,-40],[-29,-111],[83,-78]],[[15579,12591],[-58,-66],[-68,-18],[-21,-126],[56,-83],[44,-32],[7,-68]],[[15539,12198],[-89,-15],[-114,0],[-29,-21],[-192,28]],[[14649,12300],[8,-62]],[[14657,12238],[-88,10],[-14,50],[94,2]],[[11658,15517],[-43,18],[-7,54],[26,39],[-44,115],[-83,-15],[-67,15],[-46,108],[-75,0]],[[11319,15851],[-25,25],[-36,108],[36,58],[7,65],[40,132],[-4,72],[96,29],[128,94],[125,64],[11,51],[57,-7],[61,-37],[21,101]],[[8202,7737],[-15,-77]],[[13486,12997],[-9,-34],[50,-125],[-57,-29],[0,-32],[49,-103]],[[13519,12674],[-31,13],[-106,-59],[-37,-49],[-93,0],[-125,-119],[54,-111],[89,-119],[44,-93],[88,-69],[39,-5]],[[13441,12063],[8,-42],[-47,-46],[3,-74],[-60,2],[-43,-29],[-43,22],[-42,-65],[-61,25],[-39,-40],[-68,15],[-36,75],[32,33],[15,64],[-36,-28],[-25,61],[21,50],[-32,4],[-46,72],[22,-79],[-4,-65],[-57,51],[-4,35],[-46,7],[-32,61],[7,58],[-36,173],[29,57],[-29,58],[7,54],[79,54],[18,46]],[[12896,12672],[53,40],[72,175],[21,152]],[[5315,16196],[29,148],[39,-4],[160,191],[50,79],[-14,72],[47,25],[103,165],[14,51],[-50,39],[29,94],[-75,18],[-29,-65],[-121,0],[-78,-36],[10,81],[36,16],[64,79],[-7,36],[32,47],[72,-14],[39,97],[43,57],[82,54],[10,-29],[62,39],[25,-62],[-8,99],[57,90],[50,54],[86,20]],[[6072,17637],[45,-78],[109,-30]],[[6226,17529],[17,-99],[-65,-79],[-21,-112],[-68,-7],[-68,-61],[36,-43],[-7,-108],[22,-36],[-72,-47],[-29,-82],[13,-31],[-44,-16],[-15,-44],[-60,-17],[56,-21],[1,-37],[-50,-101],[-64,-53],[-72,-91],[0,-57],[-43,-43],[29,-115],[-18,-18]],[[10391,15729],[147,29],[43,50],[28,68],[7,104]],[[10616,15980],[39,0],[93,-57],[64,-14],[32,-58],[68,0],[64,-50]],[[10976,15801],[43,14],[122,-21],[14,21],[132,-14],[32,50]],[[10866,2603],[7,141],[36,36],[-22,50],[22,36],[-7,54],[67,-7],[15,29],[99,0],[43,-101],[25,11],[-28,71],[25,54],[107,8],[35,21],[33,-39],[3,46],[114,-28],[29,14],[75,-22],[21,-89],[-29,-69],[43,33],[0,43],[47,18],[14,-58],[164,36],[61,-41],[10,-59],[61,0],[11,-80],[-82,29],[-36,-32],[79,-22],[-33,-40],[-3,-53],[-79,-68],[-58,9],[-59,-39],[-72,30],[-57,-30],[-38,55],[-26,-4],[-79,94],[-35,-22],[-36,22],[-57,-29],[-36,36],[-57,-58],[-35,36],[-11,-43],[-57,21],[7,-54],[-39,-10],[-25,39],[-57,25],[-22,-50],[22,-86],[93,7],[-29,-65],[-64,-7],[-18,-36],[-36,7],[25,-61],[-89,-46],[-100,43],[-11,-69],[-67,-68],[-29,14],[-43,-28],[-35,21],[-50,-21],[-33,75],[8,36],[50,51],[-8,39],[65,32],[-14,43],[96,-17],[57,14],[68,-29],[14,54],[36,36],[14,111]],[[14305,11766],[-168,-22],[-18,40],[111,68],[21,58],[-57,-29],[-26,33],[44,64],[-42,30],[-83,-5],[-78,-50],[-50,36],[-52,-118],[-52,-12],[-7,-43],[-89,15],[96,108],[32,20],[4,98],[-29,44],[-28,100],[45,204]],[[13879,12405],[76,52],[26,64],[67,33]],[[14048,12554],[18,32],[85,-36],[60,23],[57,-91],[26,10],[50,-35],[96,-29],[11,21],[71,-43],[-54,-95],[-67,-5],[-111,35],[43,-61],[7,-50],[114,-72],[-31,-68],[64,36],[46,2],[189,-125],[64,37],[100,0],[25,-40],[-28,-29],[35,-50],[-10,-62]],[[14908,11859],[-41,-21],[-59,14],[-12,-26]],[[14576,12593],[-39,130],[-44,46],[-17,76],[-61,50]],[[15188,13504],[37,42],[-7,104],[46,-7],[79,22],[29,29],[63,-7],[-67,-44],[-57,-61],[96,47],[18,-29],[-68,-51],[-11,-89],[16,-43]],[[15362,13417],[-37,11],[7,-115],[29,-26],[-15,-43],[22,-68]],[[15362,13417],[13,-7]],[[15375,13410],[-4,-11]],[[15371,13399],[-9,18]],[[9564,2064],[-61,76],[-7,50],[-89,76],[-18,32],[68,39],[-18,119],[57,50],[-32,47],[-64,-65],[-50,37],[-18,-33],[-7,-155],[-36,-86],[-75,7],[18,-83],[-75,-32],[-57,15],[11,68],[-33,17],[-3,-42],[-60,0],[-43,100],[-83,47],[-6,54],[117,36],[21,-21],[47,89],[-32,33],[-18,-79],[-75,0],[-79,-22],[-33,15],[-34,68],[39,54],[68,-4],[-29,72],[47,32],[46,-64],[0,64],[39,15],[47,-47],[-8,-36],[44,-39],[14,-62],[28,22],[11,83],[60,-47],[22,58],[114,-40],[-50,75],[7,22],[-68,11],[-35,-22],[-79,-7],[-50,50],[-49,-7],[-33,76],[36,50],[75,47],[79,22],[135,-94],[43,0],[107,-65],[35,72],[70,-43],[30,36],[43,0],[38,-36],[41,0],[53,-112],[36,-162],[-43,-104],[-39,-25],[-39,87],[-25,-36],[-68,32],[35,-65],[-21,-54],[21,-32],[-28,-130],[14,-43],[-46,-61]],[[11933,5574],[-25,21],[-29,90],[7,123],[22,64],[0,158],[39,69],[10,61],[-49,32],[-50,61],[-15,58],[18,47],[114,-58],[22,22],[43,-29],[25,68],[-15,72],[29,69],[82,-44],[82,-100],[19,-75],[37,-20],[1,-60],[43,-29],[-7,-43],[46,-25],[36,65],[75,-29],[-8,40],[54,25],[50,-36],[135,50],[25,-7],[22,-83],[42,-10],[0,-47],[-39,-11],[-42,-58],[-35,3],[-101,62],[-25,-11],[14,-57],[-14,-51],[-57,-32],[-18,-70],[-50,-16],[-36,21],[-99,-72],[-36,8],[-36,-36],[-103,-4],[-12,-54],[-62,68],[-129,-190]],[[5988,13305],[-91,0],[-18,43],[-52,11]],[[5827,13359],[-16,32],[-125,8],[-46,72],[-179,0],[-42,54],[-55,25]],[[5679,13873],[139,0],[43,51],[108,4]],[[6300,13747],[-72,-64],[8,-79],[-22,-54],[36,0],[60,-122]],[[6310,13428],[-25,-83]],[[6285,13345],[4,39],[-101,-18],[-77,25],[-120,-85]],[[5991,13306],[-3,-1]],[[11836,16606],[-54,87],[-99,-36],[-11,28],[-123,6],[-27,-41],[-46,-8],[-32,25]],[[11444,16667],[-29,11],[7,51],[-74,35],[-29,-28],[-54,0]],[[11265,16736],[-14,97],[19,85],[-26,102]],[[11244,17020],[160,-18],[172,86],[11,-144],[14,0]],[[11601,16944],[-4,-35],[39,-8],[-14,40]],[[11622,16941],[29,18],[4,-52],[31,-42],[36,0],[21,97],[-75,11],[-25,50],[33,8]],[[11676,17031],[25,-44],[78,-3],[-7,29],[61,18],[37,41],[66,2],[7,32],[-43,43],[47,26],[100,14],[99,-101],[29,90],[47,-22],[0,-57],[51,3],[20,-28],[28,86],[86,32],[0,72],[21,11],[54,-93],[68,14],[0,-83],[-43,-32],[-57,-7],[-86,-97],[57,-25],[22,-47],[-36,-50],[-89,54],[18,-101],[-25,-7],[-75,61],[-65,-15]],[[11601,16944],[21,-3]],[[11622,16941],[-21,3]],[[11676,17031],[-22,28],[-28,-28],[0,50],[56,-23],[-6,-27]],[[11808,16930],[78,14],[29,-7],[85,43],[-28,36],[-58,-5],[-35,-38],[-71,-14],[0,-29]],[[11776,16890],[47,-26],[42,37],[-7,36],[-43,-21],[-29,14],[7,36],[-42,-14],[25,-62]],[[11776,16890],[-40,11],[29,-43],[11,32]],[[13453,15162],[49,56]],[[8458,12449],[38,13],[34,62],[-47,94],[57,51],[-95,136]],[[10748,1557],[-82,18],[0,101],[40,19],[-33,49],[50,14],[-21,69],[50,14],[46,51],[25,-51],[46,22],[33,-18],[-25,-90],[53,97],[32,-23],[-3,-42],[42,-29],[8,-64],[-25,-33],[39,-11],[-7,-50],[57,-86],[57,-25],[21,-68],[-27,-122],[-33,31],[-29,-43],[-71,29],[25,-90],[-50,-50],[-7,-65],[-47,-32],[-7,79],[-32,-33],[-7,-54],[-75,15],[-11,-54],[-93,-176],[-96,-14],[-7,57],[53,11],[-71,43],[11,61],[46,50],[-75,16],[-10,45],[-50,44],[114,50],[-50,11],[14,68],[-4,100],[51,-15],[-41,87],[44,26],[32,-29],[29,29],[28,-43],[88,37],[-45,28],[0,39]],[[10652,1194],[-7,57],[-43,-21],[50,-36]],[[11007,15865],[-13,69],[-35,50],[-36,101],[0,50],[36,101]],[[10959,16236],[64,32],[-9,99],[21,8],[6,92]],[[11041,16467],[64,-33],[160,86],[7,36],[47,0],[107,50],[18,61]],[[10976,15801],[31,64]],[[6072,17637],[7,95],[33,29],[16,79],[-21,36],[50,50],[-93,50],[22,44],[-18,32]],[[6068,18052],[4,61],[128,93],[39,90],[64,51],[40,54],[114,115],[60,75],[67,109],[30,89],[-7,50],[32,33],[46,-2],[86,-88],[22,-100],[-72,-94],[-15,-115],[-67,3],[-32,-61],[-65,-29],[11,76],[-39,-68],[-50,-37],[21,-35],[-43,-58],[43,-72],[-71,-201],[-64,-94],[0,-100],[21,-80],[0,-100],[-28,-61],[-72,-15],[36,90],[-53,-24],[-28,-78]],[[6068,18052],[-7,-29],[-40,83],[47,-54]],[[5344,13442],[49,-7],[43,-47],[36,-83],[61,-7],[50,-36],[57,-7],[32,-54],[11,-104],[39,7]],[[5722,13104],[61,-65],[25,-57],[78,-54]],[[5886,12928],[-43,-47],[-21,-108]],[[5822,12773],[-89,-29],[-86,36],[-93,0],[-17,-22],[-65,0]],[[5822,12773],[16,-26],[127,-53],[24,-58]],[[5989,12636],[11,-72],[161,-72],[44,-60],[9,-80]],[[16256,11903],[-64,-7],[-68,14],[-7,43],[-68,0],[-29,22],[-154,55]],[[15866,12030],[-34,63],[3,69],[-25,79],[-36,14]],[[15774,12255],[11,86],[32,54],[-5,102],[48,129]],[[15860,12626],[53,-62],[47,-7],[7,-54],[71,-54],[104,-35],[71,14],[61,-29],[11,-101],[39,43],[-7,-75],[32,47],[32,-44],[103,-28],[36,-43],[82,-47],[-61,-109],[-46,15],[21,47]],[[16516,12104],[-46,29],[-61,0],[8,-40],[-53,-30],[-37,12],[-18,-32],[50,-22],[-21,-50],[36,-79],[-49,12],[-5,-52]],[[16320,11852],[-39,4],[-25,47]],[[16516,12104],[58,29],[0,29],[-65,-15],[7,-43]],[[14908,11859],[85,58],[57,-65]],[[15050,11852],[50,-79],[64,51],[86,21],[47,-14],[21,-69],[68,-53],[85,35],[38,0]],[[15509,11744],[-9,-28],[32,-83],[-7,-86],[-48,-88],[19,-63],[-7,-54]],[[12496,12701],[-3,-54],[49,-115],[-10,-47],[43,-86],[-18,-39],[43,-91],[-1,-64],[51,-83],[0,-51],[-40,-61],[-53,141],[-39,39],[-54,94],[14,-133],[79,-151],[-4,-22],[61,-140],[57,79]],[[12671,11917],[75,-50],[5,-39]],[[7862,13888],[61,-22],[78,0],[43,-43],[89,7]],[[7744,13358],[47,30],[-43,54],[7,93],[-21,4],[28,65],[-10,53]],[[7752,13657],[-4,40],[32,133]],[[10488,3513],[-50,8],[14,-73],[-57,26],[0,-104],[86,-21],[-50,-66],[62,1],[2,-65],[-68,-54],[-50,43],[-89,18],[-32,-47],[-39,-11],[7,-36],[-118,40],[-43,115],[0,36],[39,68],[50,18],[-14,90],[-63,19],[-8,-84],[-68,-25],[-61,47],[29,86],[28,11],[-7,68],[47,61],[32,-30],[61,32],[3,52],[67,36],[19,58],[50,57],[12,53],[55,16],[54,-44],[7,-61],[-36,-18],[-11,-65],[58,73],[71,-15],[18,-39],[57,-19],[-32,-44],[53,-110],[-39,-97],[-46,-4]],[[16295,23385],[36,-86],[-7,-65],[-36,-62],[-111,-43],[-57,-57],[-53,-22],[-22,-43],[-74,-14],[-79,-36],[-85,-14],[-72,14],[-57,43],[-32,-47],[-54,-25],[-85,0],[-75,50],[7,22]],[[15458,23027],[20,38]],[[15514,23086],[43,-29],[32,18],[-5,49],[33,-30],[83,21],[46,-7],[61,50],[39,119],[39,11],[61,-62],[10,-46],[75,54],[-53,11],[-18,32],[-64,36],[21,36],[-43,3],[7,79],[86,155],[37,5],[109,63],[-2,14]],[[7802,16054],[49,-13],[104,19],[7,47],[86,-11],[28,-62],[100,0]],[[8176,16034],[-14,-93],[43,-50],[-8,-105],[51,-53],[-15,-141]],[[8151,15520],[-68,-39],[-87,-84],[-84,-57]],[[9553,15693],[0,68],[-28,126]],[[9525,15887],[35,7],[22,62],[-25,212]],[[9557,16168],[49,14],[200,0],[25,36],[69,1],[63,35],[43,0],[68,51]],[[10074,16305],[53,-8]],[[10127,16297],[11,-68],[48,-110],[9,-63],[-116,-49],[-48,-80],[32,-69]],[[10063,15858],[-153,-118],[-73,-37]],[[15509,11744],[-34,112],[53,33],[72,7],[39,25],[-7,93],[53,-11],[40,47],[-5,105]],[[15720,12155],[5,54],[49,46]],[[15866,12030],[17,-93],[-23,-74],[7,-50],[-14,-108],[13,-32],[1,-126],[-28,-51],[14,-79],[35,-50],[-14,-65],[-48,-43]],[[9734,17955],[30,-66],[24,5]],[[9874,17599],[-93,-22],[-28,-46],[-29,-116],[-28,-18],[12,-50]],[[9708,17347],[-41,-83],[-14,-64],[-43,-58],[-57,-126],[-110,0],[-68,-36],[3,-83]],[[6531,12658],[-31,50],[-68,7],[-57,36],[-86,0],[-121,44]],[[6168,12795],[-4,90],[56,46],[8,36],[50,7],[4,58]],[[6282,13032],[101,7]],[[6383,13039],[52,-14]],[[6435,13025],[0,-25],[75,-91],[43,0],[143,-57]],[[6696,12852],[42,-21],[61,32],[-43,57],[40,26],[24,56],[50,-2],[4,-76],[54,83],[-43,14],[12,90],[31,25],[-72,50]],[[6856,13186],[43,83],[31,15]],[[6930,13284],[30,14],[78,-29],[54,-75],[-16,-81],[16,-31]],[[7092,13082],[-27,-63],[34,-30],[28,-83]],[[7127,12906],[-137,-76],[-2,-50],[-50,8],[-71,-65],[-111,14],[-57,-129],[-42,-4]],[[6657,12604],[-23,36],[-103,18]],[[14476,17602],[7,112],[61,14],[17,69],[32,36],[-3,46],[132,43],[32,90],[-7,25],[54,15],[-36,29],[-4,57],[40,0],[110,-75],[57,-22],[36,-50],[-10,-60],[45,-48],[8,-65],[-36,-32],[43,-51],[0,-89],[-22,-29],[15,-58],[-72,-172],[8,-51],[-40,-68],[32,97],[-39,10]],[[14875,17451],[8,22],[-43,111],[-61,-14],[-100,-58],[-49,-2]],[[10345,15766],[-37,59],[-92,56],[-67,21],[-22,-37],[-64,-7]],[[10127,16297],[93,36],[114,-14],[47,12]],[[10381,16331],[68,-5],[92,-43],[18,-36],[86,-8],[-8,-104],[-42,-25],[21,-130]],[[4456,9040],[-25,83],[14,43],[53,26],[29,-15],[32,42],[-82,-20],[-32,10],[21,51],[-35,36],[46,25],[103,11],[-43,57],[93,58],[-17,25],[-36,-29],[-11,32],[79,80],[-22,35],[46,19],[29,-22],[32,54],[-36,36],[9,69],[41,86],[40,-22],[60,32],[-50,65],[90,47],[17,46],[86,69],[39,72],[63,1],[12,-34],[-7,-187],[-28,-50],[-79,-68],[-10,-67],[-36,-27],[3,-46],[34,-15],[-55,-93],[7,-36],[-29,-72],[-80,-44],[-109,-118],[-19,-52],[-45,-6],[-64,-115],[-57,-57],[-71,-15]],[[15539,12198],[107,-18],[60,8],[14,-33]],[[15050,11852],[-32,40],[64,40],[-28,61],[14,36],[-71,108],[-32,18],[-3,46]],[[16320,11852],[25,-46],[-14,-47],[21,-47],[-2,-83]],[[12564,14632],[-32,47],[-47,-6],[-39,-44],[-43,-8],[-54,28]],[[7320,13172],[-29,-47],[-103,-57],[-96,14]],[[6930,13284],[-81,-15],[-96,14],[-57,44],[-64,-22],[-104,58],[-25,50]],[[6503,13413],[68,43],[12,127],[-12,74],[36,15],[-8,65]],[[6696,13744],[10,-83],[36,-43],[21,-79],[68,-40],[93,-7],[75,-66],[26,63],[23,-5],[40,115]],[[7088,13599],[55,-40]],[[7143,13559],[20,-99],[29,-29]],[[7192,13431],[0,-90],[85,-28],[28,-40]],[[7852,19375],[14,7]],[[6085,16057],[29,57],[-53,10],[-18,33],[25,39],[-11,76],[43,54],[41,137]],[[6446,16491],[-18,-169],[64,-79],[15,-72],[0,-108]],[[14126,12920],[-21,-61]],[[14105,12859],[-71,50],[-37,68],[-53,-17],[-100,79],[-89,-7],[36,-18],[-18,-32],[-50,28],[-71,-7],[-29,-29],[-46,11],[14,-50],[36,-29],[25,-83],[57,29],[64,-7],[36,21],[25,-75],[46,-11],[74,-112],[1,-25],[79,-43],[14,-46]],[[13879,12405],[-63,59],[-11,54],[-32,32],[-49,-39]],[[13724,12511],[-51,3],[-119,85],[-35,75]],[[13748,12600],[-14,51],[78,50],[0,50],[-78,29],[-78,-29],[51,-119],[41,-32]],[[16827,532],[-18,-50],[-75,-7],[-11,36],[-89,-29],[-157,115],[-35,-14],[-129,71],[-39,-25],[105,-47],[41,-35],[57,0],[82,-69],[-7,-61],[-75,7],[-35,-28],[-86,28],[-29,29],[-10,-65],[-82,-14],[-40,54],[-44,-15],[66,-71],[-24,-74],[-12,-103],[-53,-28],[-79,50],[-18,-108],[43,-18],[-29,-50],[-74,-11],[-47,47]],[[16045,475],[-35,100],[-21,-72],[-51,8],[-24,-36],[60,-58],[-7,43],[43,29],[35,-14]],[[16117,611],[-22,-7],[43,-72],[7,51],[-28,28]],[[15494,13071],[1,66],[30,49],[132,119],[60,-28],[25,86],[25,0],[79,-263],[14,-29],[-71,-115],[28,-17],[-10,-123],[-93,0],[39,-43],[21,-76],[-10,-75]],[[15764,12622],[-36,14],[-65,-66],[-84,21]],[[10841,3078],[-57,15],[-25,46],[-68,-25],[-85,0],[-18,47],[35,32],[-35,54],[28,101],[-21,79],[28,72],[-28,29],[67,39],[-10,47],[28,43],[-7,111],[75,-14],[43,14],[46,-61],[0,-39],[-64,-29],[-21,-83],[39,11],[57,-43],[78,22],[40,-40],[43,-209],[-29,-21],[50,-36],[35,-79],[-35,-33],[-82,15],[-22,36],[-10,-54],[-75,-47]],[[8201,11521],[-18,44],[-89,36],[-46,0],[-7,68],[-43,65],[-6,90],[-23,68],[-43,50]],[[8339,11603],[-38,-53],[-78,-7],[-22,-22]],[[6664,12579],[-7,25]],[[7127,12906],[15,-14],[7,-130],[57,-86],[-22,-83],[36,-14],[14,-50],[61,-44]],[[10609,16545],[18,-54],[93,-14]],[[10720,16477],[-11,-133],[-29,-94],[18,-25],[100,43],[79,0],[82,-32]],[[10381,16331],[50,96],[-41,29]],[[8176,16034],[14,26]],[[9708,17347],[84,7],[25,-14],[25,-72],[47,6]],[[9867,17082],[-64,-1],[-4,-78],[25,-70],[-61,-115]],[[13724,12511],[-26,-90],[-50,-54],[-17,-90],[-51,-36],[-50,7],[-24,58],[0,104],[-18,18],[-132,-4],[36,-50],[-8,-43],[57,-33],[-10,-72],[39,0],[0,-158],[-29,-5]],[[10844,17236],[40,-26]],[[10884,17210],[46,-32],[-7,-65],[-50,-147],[75,93],[46,-57],[-21,82],[28,19],[-25,72],[54,-54],[32,-4],[86,-58],[49,8],[47,-47]],[[11265,16736],[-29,-6]],[[11236,16730],[-67,13],[-96,-22],[-11,43],[-260,69]],[[8201,11521],[4,-20]],[[9172,1755],[-50,7],[-76,97],[-31,-47],[-50,8],[-86,43],[-15,-15],[-78,29],[-78,58],[-43,0],[-11,54],[-146,18],[-32,46],[50,22],[-15,54],[-42,21],[32,29],[50,-21],[28,50],[29,-7],[60,-83],[-14,130],[47,3],[82,-151],[10,72],[71,-43],[11,-61],[36,-23],[14,-53],[50,4],[-50,65],[15,97],[32,7],[64,-65],[70,-8],[18,-56],[54,-8],[11,-39],[-42,-58],[51,-56],[-2,-109],[-24,-11]],[[15764,12622],[60,97],[129,14],[-7,-39],[46,7],[114,-101],[50,-21],[104,-97],[-89,-18],[-40,43],[-82,36],[-128,108],[-61,-25]],[[12849,16538],[-21,43],[24,79],[44,-39],[82,29],[-8,-47],[65,-40],[15,96],[63,5],[11,-65],[44,3],[49,-39],[60,11],[-64,36],[4,54],[185,0],[82,90],[-7,36],[71,54],[0,-57]],[[12896,12672],[-18,40],[28,65],[-7,93],[-36,158],[-71,83],[-78,29],[-25,36],[-50,-36],[-100,-158]],[[15022,2972],[0,27],[60,-50],[-7,47],[89,68],[36,-43],[54,79],[92,36],[-43,75],[29,4],[36,61],[-65,50],[4,-32],[-125,47],[29,29],[-22,43],[29,50],[3,68],[43,-21],[57,158],[50,36],[54,86],[68,79],[78,-57],[-3,39],[46,112],[14,-7]],[[15432,3402],[-29,7]],[[15403,3409],[36,-50],[-21,-22]],[[15628,3956],[29,57],[60,-21],[-28,61],[17,54],[43,24],[43,-32],[129,58],[7,-36]],[[15735,3948],[-57,36]],[[15568,3424],[28,57],[-57,14],[-136,108],[50,-108],[29,15],[50,-72],[36,-14]],[[15403,3409],[-50,108],[-21,-50],[71,-58]],[[9451,16356],[16,-91],[90,-97]],[[9525,15887],[-93,29],[0,29],[-114,46]],[[10272,18277],[16,-42],[-71,-107],[-51,-148],[15,-90],[-54,-104]],[[10341,2229],[-32,65],[-21,-50],[-54,-7],[-46,46],[50,80],[-1,45],[65,9],[-53,78],[-3,-48],[-54,-66],[-36,-94],[-61,33],[36,50],[-29,43],[36,32],[-14,90],[-32,-25],[-111,97],[54,40],[53,-29],[150,-25],[-78,93],[14,72],[-14,43],[82,11],[42,-21],[64,14],[43,-58],[33,15],[-25,-108],[39,21],[0,-75],[-36,-65],[43,-101],[2,-59],[-27,-66],[-79,-80]],[[10020,1345],[-78,36],[-25,126],[43,28],[-7,51],[75,3],[-11,47],[21,54],[-74,27],[28,67],[78,-22],[39,52],[54,-2],[11,29],[57,-29],[28,11],[-28,101],[50,90],[39,14],[11,-43],[57,-25],[-7,-94],[-50,-32],[-14,-47],[21,-36],[-7,-165],[-50,3],[-25,65],[3,-183],[-53,-25],[-50,36],[-50,-8],[-4,-100],[-42,14],[-40,-43]],[[5989,12636],[133,58],[46,101]],[[821,0],[128,176],[14,61],[-14,54],[43,51],[-15,35],[40,26],[35,-65],[-3,54],[46,32],[43,-14],[18,-90],[103,-61],[46,-76],[-35,-35],[14,-47],[54,50],[78,-22],[18,-32],[-28,-43],[25,-18],[28,36],[64,-72],[-702,0]],[[11236,16730],[-14,-70],[-56,-25],[-29,-39],[-69,-21],[-24,-62],[-34,-26]],[[11010,16487],[-64,-7],[-77,18],[-64,-28],[-85,7]],[[14989,15351],[22,11],[14,-83],[57,-86],[68,-39],[96,-8],[22,-75],[-14,-51],[32,-46],[75,-29],[0,-47],[71,-86],[111,-25],[74,-58],[8,-54],[-40,-25],[-25,57],[-89,15],[-36,-29]],[[5062,10551],[4,-51],[96,-21],[50,-94],[-47,-7],[43,-90],[-53,-11],[-29,-43],[-50,-7],[-121,-79],[-61,-87],[-64,15],[3,83],[-24,32],[21,40],[0,165],[-43,79],[79,40],[-4,21],[-62,-17],[-6,39],[49,17]],[[6435,13025],[72,21],[-11,64],[29,39],[-46,91],[-37,19],[-32,176]],[[6410,13435],[93,-22]],[[6856,13186],[-75,-18],[-46,-89],[7,-51],[-50,-19],[29,-164],[-25,7]],[[15375,13194],[21,50],[-15,99],[44,16],[-54,40]],[[15375,13410],[36,-15],[28,36],[-36,57],[25,33],[61,4],[-7,35],[50,8],[-7,50],[43,43],[-15,29],[61,4],[-40,90],[15,64],[-21,101],[21,47],[57,0],[-7,-83],[28,-58],[0,-86],[50,-50],[-7,-51],[36,-64],[-21,-36],[0,-80],[-22,-50],[-32,-10],[-75,-76],[-36,-79],[-50,-25],[-50,-76],[22,-86]],[[6500,14406],[-83,7],[-99,79],[-29,0],[-26,-52],[-31,1],[-36,51]],[[10080,18756],[-6,-35],[75,-7],[46,-169],[57,-51],[0,-36],[57,-115],[-14,-244],[-28,-51],[-22,-158],[0,-65],[143,-215],[92,-76],[29,-104],[-4,-61],[54,46],[-36,19],[4,43],[100,-36],[121,-87],[64,-21],[61,-101],[25,43],[18,-43],[-32,-22]],[[10075,18854],[49,-72],[-18,-47],[-26,21]],[[10217,17872],[-8,130]],[[10209,18002],[-15,-45],[8,-78],[-50,-64],[57,14],[8,43]],[[10209,18002],[22,14],[0,65],[-22,-7],[0,-72]],[[12225,2992],[-28,21],[-51,-14],[-106,50],[-79,-21],[-64,21],[-25,40],[7,90],[54,21],[39,108],[103,43],[39,-40],[118,-31],[110,15],[29,-15],[-28,-126],[-86,-155],[-32,-7]],[[5886,12928],[43,3],[32,86]],[[5961,13017],[64,0],[86,72],[128,-7],[43,-50]],[[9849,16520],[64,-22],[39,-57],[54,-29],[50,-57],[18,-50]],[[15921,19922],[-79,79],[-50,-7],[-39,25],[0,65],[28,50],[61,-68],[39,0],[0,65],[29,0],[0,-58],[52,90],[12,50],[61,-25],[121,-7],[69,13],[-58,-103],[4,-25],[71,0],[64,50],[64,7],[50,-22],[25,-68],[-66,-44],[-121,-16],[-22,-37],[-137,7],[-75,-20],[-103,-1]],[[6285,13345],[36,-65],[0,-129],[64,-94],[-2,-18]],[[5961,13017],[-46,126],[32,74],[35,15],[9,74]],[[7752,13657],[-61,-86],[-7,-64],[-39,-8],[-79,22],[-64,36],[-89,15]],[[7413,13572],[7,107],[64,47],[-29,86],[25,148]],[[7192,13431],[60,11],[66,72],[41,0],[11,39],[43,19]],[[5990,14269],[-4,0]],[[5986,14269],[-39,180]],[[14598,16667],[35,-43],[-36,-50],[0,-86],[-64,-101],[-14,-108],[-32,-40]],[[7143,13559],[41,84],[54,-14],[61,43],[0,126],[32,137],[-22,61]],[[17918,9659],[-46,47],[-14,129],[21,79],[-36,123],[8,35],[110,97],[57,29],[46,-46],[-28,-58],[-43,0],[22,-79],[57,-29],[10,119],[50,-36],[82,-155],[-24,-54],[-129,0],[-22,51],[-24,-44],[-36,54],[25,-111],[-32,-79],[0,-44],[-54,-28]],[[6410,13435],[-100,-7]],[[12507,11658],[-44,-90],[-60,4],[-48,-35],[-48,60],[-36,15],[29,-116],[53,-39],[32,-50],[-46,-15],[-93,50],[-71,58],[-54,68],[-35,4],[-21,54],[-54,-4],[-43,29]],[[7078,13723],[-15,-105],[25,-19]],[[12838,4517],[-31,89],[-50,51],[-15,72],[22,136],[103,112],[72,-7],[39,-61],[58,-42],[-30,-88],[14,-122],[-42,-29],[-8,-83],[-32,9],[-100,-37]],[[14569,12431],[-115,125],[-35,1],[-19,59],[-67,20],[-30,53],[-48,1],[7,61],[-89,37],[-54,77],[-14,-6]],[[18353,1158],[-49,57],[-36,-7],[-39,83],[32,18],[56,-19],[1,33],[96,-32],[-78,68],[25,108],[31,2],[32,-77],[51,-11],[-18,-54],[44,-105],[31,1],[18,-47],[-15,-86],[-35,-76],[-104,7],[-28,36],[-136,29],[-25,43],[-57,42],[40,66],[56,-17],[-3,-37],[63,0],[47,-25]],[[5827,13359],[-5,-65],[-29,-61],[-35,-14],[-36,-115]],[[7916,14147],[14,-15],[114,29],[103,4]],[[5711,14245],[86,-55],[93,14]],[[11010,16487],[31,-20]],[[14508,16153],[32,-25],[-21,-36],[14,-65],[43,-21],[-47,-69],[75,-32],[-3,-68]]],"transform":{"scale":[0.1401639997607907,0.13904347462236916],"translate":[95,0]},"objects":{"regions":{"type":"GeometryCollection","geometries":[{"arcs":[[0,1,2,3,4,5,6,7,8,9,10,11]],"type":"Polygon","properties":{"id":0,"color":"#fdeba5","areaPx":296726}},{"arcs":[[12,13,14,15,16,17]],"type":"Polygon","properties":{"id":1,"color":"#e82976","areaPx":207908}},{"arcs":[[18,19,20,21,22,23,24,25,26,27,28,29,30,31,32,33,34,35,36,37,38]],"type":"Polygon","properties":{"id":2,"color":"#455385","areaPx":172887}},{"arcs":[[-38,39,40,41,42,43,44,45,46,47,48,49,50,51],[52],[53]],"type":"Polygon","properties":{"id":3,"color":"#3f203a","areaPx":171243}},{"arcs":[[[-47,54,55,56,57,58,59,60,61,62]],[[63]]],"type":"MultiPolygon","properties":{"id":4,"color":"#f2b2c6","areaPx":149552}},{"arcs":[[-44,64,65,66,67,68,69,70],[71],[72],[73],[74]],"type":"Polygon","properties":{"id":5,"color":"#800c1c","areaPx":94532}},{"arcs":[[75,76,77,78,79,80,81,82,83,84,85,86,87],[88]],"type":"Polygon","properties":{"id":6,"color":"#fdeba5","areaPx":91055}},{"arcs":[[-13,89,90,91,92,93,94,95]],"type":"Polygon","properties":{"id":7,"color":"#2a7841","areaPx":82860}},{"arcs":[[96,97]],"type":"Polygon","properties":{"id":8,"color":"#e82976","areaPx":81794}},{"arcs":[[98,99,100,101]],"type":"Polygon","properties":{"id":9,"color":"#fec11b","areaPx":74636}},{"arcs":[[-80,102,103,104,105,106,107,108,109,110,111,112,113,114,115,116,117]],"type":"Polygon","properties":{"id":10,"color":"#800c1c","areaPx":70771}},{"arcs":[[-36,118,119,120,121,122,123,124,125,126,127,-42,128,129]],"type":"Polygon","properties":{"id":11,"color":"#2a7841","areaPx":69596}},{"arcs":[[-18,130,-66,131,132,133,134,135,-90]],"type":"Polygon","properties":{"id":12,"color":"#8e4039","areaPx":68669}},{"arcs":[[-93,136,137,138,139,140,141,142,143,144,145,146,147,148,149,150,151,152,153,154,155]],"type":"Polygon","properties":{"id":13,"color":"#455385","areaPx":67846}},{"arcs":[[-46,156,-55]],"type":"Polygon","properties":{"id":14,"color":"#9bfeb5","areaPx":67011}},{"arcs":[[157,158,159,160,161,162,163,164,165]],"type":"Polygon","properties":{"id":15,"color":"#3f203a","areaPx":66436}},{"arcs":[[-30,166,-144,167,168,169,-119,-35,170],[171],[172]],"type":"Polygon","properties":{"id":16,"color":"#800c1c","areaPx":62269}},{"arcs":[[-91,-136,173,174,175,176,177,-142,178,-140,179,-138,180]],"type":"Polygon","properties":{"id":17,"color":"#fec11b","areaPx":59487}},{"arcs":[[[181,182,183,184,185,186,187,188,189,-22,190,191],[195]],[[192]],[[193]],[[194]]],"type":"MultiPolygon","properties":{"id":18,"color":"#e9f607","areaPx":55231}},{"arcs":[[-162,196,197,198,199,200,201,202]],"type":"Polygon","properties":{"id":19,"color":"#d46954","areaPx":49508}},{"arcs":[[203]],"type":"Polygon","properties":{"id":20,"color":"#800c1c","areaPx":45508}},{"arcs":[[-21,204,205,206,207,-49,-62,208,-191]],"type":"Polygon","properties":{"id":21,"color":"#2a7841","areaPx":43629}},{"arcs":[[209,210,211,212,213,214,215,216]],"type":"Polygon","properties":{"id":22,"color":"#a77fa5","areaPx":43404}},{"arcs":[[-110,217,218,219,220,221,222,223,224,225,-149,226,227,228,229,230]],"type":"Polygon","properties":{"id":23,"color":"#a77fa5","areaPx":42944}},{"arcs":[[-163,-203,231,-201,232,233,-213,234,235,-165,236]],"type":"Polygon","properties":{"id":24,"color":"#455385","areaPx":42648}},{"arcs":[[237,238,239,240,241,242,243,244,245,246,247,248,249,250]],"type":"Polygon","properties":{"id":25,"color":"#455385","areaPx":41626}},{"arcs":[[-61,251,-182,-192,-209],[252]],"type":"Polygon","properties":{"id":26,"color":"#455385","areaPx":41230}},{"arcs":[[-161,253,254,255,256,257,258,259,-199,260,-197]],"type":"Polygon","properties":{"id":27,"color":"#2a7841","areaPx":40227}},{"arcs":[[-14,-96,261,262,263,264,265]],"type":"Polygon","properties":{"id":28,"color":"#3f203a","areaPx":37293}},{"arcs":[[266,267,268,-76,-88,269,270,271,-189,272,273]],"type":"Polygon","properties":{"id":29,"color":"#f9f4ce","areaPx":35629}},{"arcs":[[274,-271,275,276,277,278,279,-24,280]],"type":"Polygon","properties":{"id":30,"color":"#f2b2c6","areaPx":34238}},{"arcs":[[-101,281]],"type":"Polygon","properties":{"id":31,"color":"#e82976","areaPx":33025}},{"arcs":[[282]],"type":"Polygon","properties":{"id":32,"color":"#800c1c","areaPx":32735}},{"arcs":[[-148,283,284,-227]],"type":"Polygon","properties":{"id":33,"color":"#2a7841","areaPx":30642}},{"arcs":[[285,286,287,288,289,-240,290,291,292,293]],"type":"Polygon","properties":{"id":34,"color":"#a77fa5","areaPx":30587}},{"arcs":[[-230,294,295,296,297,298,299]],"type":"Polygon","properties":{"id":35,"color":"#e9f607","areaPx":28649}},{"arcs":[[-50,-208,300,301]],"type":"Polygon","properties":{"id":36,"color":"#8e4039","areaPx":26525}},{"arcs":[[-292,302,303,304,305,306,307,308,309]],"type":"Polygon","properties":{"id":37,"color":"#800c1c","areaPx":25714}},{"arcs":[[-25,-280,310,311,312,313,-297,314,315,316,317]],"type":"Polygon","properties":{"id":38,"color":"#2a7841","areaPx":24695}},{"arcs":[[-222,318,319,320,321,322]],"type":"Polygon","properties":{"id":39,"color":"#455385","areaPx":24631}},{"arcs":[[-221,323,324,325,326,327,328,329,-321,330,-319]],"type":"Polygon","properties":{"id":40,"color":"#e91c24","areaPx":24321}},{"arcs":[[331,332,333]],"type":"Polygon","properties":{"id":41,"color":"#8e4039","areaPx":24281}},{"arcs":[[-223,-323,334,335,-286,-294,336,337]],"type":"Polygon","properties":{"id":42,"color":"#8e4039","areaPx":23793}},{"arcs":[[-57,338,339]],"type":"Polygon","properties":{"id":43,"color":"#800c1c","areaPx":22998}},{"arcs":[[-306,340,341,342,343]],"type":"Polygon","properties":{"id":44,"color":"#455385","areaPx":22744}},{"arcs":[[-29,344,345,-145,-167]],"type":"Polygon","properties":{"id":45,"color":"#a77fa5","areaPx":22500}},{"arcs":[[-307,-344,346,347,348,349,350,351]],"type":"Polygon","properties":{"id":46,"color":"#e91c24","areaPx":21426}},{"arcs":[[-255,352,353,354,355,356,-259,357,-257,358],[359]],"type":"Polygon","properties":{"id":47,"color":"#6de8f9","areaPx":21238}},{"arcs":[[-265,360,361,362,363,-332,-334,364]],"type":"Polygon","properties":{"id":48,"color":"#2a7841","areaPx":20608}},{"arcs":[[-219,365,366,367,368,369,370,371,-325]],"type":"Polygon","properties":{"id":49,"color":"#3f203a","areaPx":19800}},{"arcs":[[372]],"type":"Polygon","properties":{"id":50,"color":"#fec11b","areaPx":19721}},{"arcs":[[[373]],[[374]]],"type":"MultiPolygon","properties":{"id":51,"color":"#800c1c","areaPx":19657}},{"arcs":[[-20,375,-301,-207,376,-205]],"type":"Polygon","properties":{"id":52,"color":"#fec11b","areaPx":18871}},{"arcs":[[377,378,379,380,381,382,383,384,385,386,387,388,389,390]],"type":"Polygon","properties":{"id":53,"color":"#455385","areaPx":18767}},{"arcs":[[-305,391,392,393,394,-341]],"type":"Polygon","properties":{"id":54,"color":"#fec11b","areaPx":18638}},{"arcs":[[395,396,397,-210,-217,398,399]],"type":"Polygon","properties":{"id":55,"color":"#8e4039","areaPx":17651}},{"arcs":[[-106,400,401,-396,402,403,404]],"type":"Polygon","properties":{"id":56,"color":"#455385","areaPx":17059}},{"arcs":[[-212,405,406,407,-235],[408]],"type":"Polygon","properties":{"id":57,"color":"#3f203a","areaPx":16119}},{"arcs":[[409]],"type":"Polygon","properties":{"id":58,"color":"#e82976","areaPx":15585}},{"arcs":[[-211,-398,410,411,412,-406]],"type":"Polygon","properties":{"id":59,"color":"#d46954","areaPx":15070}},{"arcs":[[-19,413,-51,-302,-376]],"type":"Polygon","properties":{"id":60,"color":"#e82976","areaPx":15028}},{"arcs":[[-28,414,-316,415,-284,-147,-345]],"type":"Polygon","properties":{"id":61,"color":"#9bfeb5","areaPx":14859}},{"arcs":[[-214,-234,416,417,418,419]],"type":"Polygon","properties":{"id":62,"color":"#2a7841","areaPx":13797}},{"arcs":[[-250,420,421,422,423,-393,424]],"type":"Polygon","properties":{"id":63,"color":"#2a7841","areaPx":13753}},{"arcs":[[[-121,425,426,427,-169,428,-177,429,-175,430,-134,431,432,433]],[[434]]],"type":"MultiPolygon","properties":{"id":64,"color":"#9bfeb5","areaPx":13713}},{"arcs":[[-225,435,-308,-352,436]],"type":"Polygon","properties":{"id":65,"color":"#455385","areaPx":13605}},{"arcs":[[-43,-128,437,438,-124,439,-132,-65]],"type":"Polygon","properties":{"id":66,"color":"#e9f607","areaPx":13507}},{"arcs":[[-285,-416,-315,-296,440,-228]],"type":"Polygon","properties":{"id":67,"color":"#800c1c","areaPx":13226}},{"arcs":[[441]],"type":"Polygon","properties":{"id":68,"color":"#800c1c","areaPx":13039}},{"arcs":[[-397,-402,442,443,444,-411]],"type":"Polygon","properties":{"id":69,"color":"#e91c24","areaPx":12804}},{"arcs":[[-116,445,446,447,448,449,450,451,452,453,454,455]],"type":"Polygon","properties":{"id":70,"color":"#455385","areaPx":12755}},{"arcs":[[456]],"type":"Polygon","properties":{"id":71,"color":"#455385","areaPx":11309}},{"arcs":[[-370,457,-403,-400,458,459,-378,460]],"type":"Polygon","properties":{"id":72,"color":"#2a7841","areaPx":10926}},{"arcs":[[[461,462,463,464,465,466,467,468,469,470,471]],[[472,473]]],"type":"MultiPolygon","properties":{"id":73,"color":"#455385","areaPx":10515}},{"arcs":[[474,475,-287,-336]],"type":"Polygon","properties":{"id":74,"color":"#2a7841","areaPx":10271}},{"arcs":[[-37,-130,476,-40]],"type":"Polygon","properties":{"id":75,"color":"#8e4039","areaPx":10235}},{"arcs":[[-350,477,478,479,480]],"type":"Polygon","properties":{"id":76,"color":"#455385","areaPx":10098}},{"arcs":[[-78,481,482,483]],"type":"Polygon","properties":{"id":77,"color":"#e9f607","areaPx":9867}},{"arcs":[[-322,-330,484,485,486,-475,-335]],"type":"Polygon","properties":{"id":78,"color":"#d46954","areaPx":9648}},{"arcs":[[487]],"type":"Polygon","properties":{"id":79,"color":"#800c1c","areaPx":9216}},{"arcs":[[-263,488,489,490,491]],"type":"Polygon","properties":{"id":80,"color":"#d46954","areaPx":8857}},{"arcs":[[-23,-190,-272,-275,-281]],"type":"Polygon","properties":{"id":81,"color":"#2a7841","areaPx":8659}},{"arcs":[[[-466,492,-347,-343,493,494]],[[495,496,497]]],"type":"MultiPolygon","properties":{"id":82,"color":"#a77fa5","areaPx":8376}},{"arcs":[[498]],"type":"Polygon","properties":{"id":83,"color":"#800c1c","areaPx":8298}},{"arcs":[[499]],"type":"Polygon","properties":{"id":84,"color":"#8e4039","areaPx":7480}},{"arcs":[[500,501,-84,502,-451,503,504,505,506]],"type":"Polygon","properties":{"id":85,"color":"#e9f607","areaPx":7327}},{"arcs":[[[-288,507,508,509,510,511,512,513],[517],[518],[519]],[[516]]],"type":"MultiPolygon","properties":{"id":86,"color":"#f2b2c6","areaPx":7044}},{"arcs":[[-251,-425,-392,-304,520,-238]],"type":"Polygon","properties":{"id":87,"color":"#e91c24","areaPx":6882}},{"arcs":[[-27,521,-317,-415]],"type":"Polygon","properties":{"id":88,"color":"#a77fa5","areaPx":6658}},{"arcs":[[522],[523]],"type":"Polygon","properties":{"id":89,"color":"#800c1c","areaPx":6625}},{"arcs":[[524,525,526,-508,-476,-487,527]],"type":"Polygon","properties":{"id":90,"color":"#a77fa5","areaPx":6439}},{"arcs":[[[-483,528,529]],[[530]]],"type":"MultiPolygon","properties":{"id":91,"color":"#455385","areaPx":6429}},{"arcs":[[-86,531,532,533,534]],"type":"Polygon","properties":{"id":92,"color":"#9bfeb5","areaPx":6102}},{"arcs":[[-87,-535,535,536,-276,-270]],"type":"Polygon","properties":{"id":93,"color":"#455385","areaPx":6070}},{"arcs":[[537,538,539,540,541,542],[543]],"type":"Polygon","properties":{"id":94,"color":"#e9f607","areaPx":5872}},{"arcs":[[-264,-492,544,545,546,-361]],"type":"Polygon","properties":{"id":95,"color":"#455385","areaPx":5785}},{"arcs":[[-152,547,548]],"type":"Polygon","properties":{"id":96,"color":"#e9f607","areaPx":5603}},{"arcs":[[-113,549,-298,-314,550,551]],"type":"Polygon","properties":{"id":97,"color":"#d46954","areaPx":5601}},{"arcs":[[552]],"type":"Polygon","properties":{"id":98,"color":"#800c1c","areaPx":5577}},{"arcs":[[-99,553,-356,554,-354,555]],"type":"Polygon","properties":{"id":99,"color":"#a77fa5","areaPx":5527}},{"arcs":[[-107,-405,556,557,-367,558,-108]],"type":"Polygon","properties":{"id":100,"color":"#a77fa5","areaPx":5363}},{"arcs":[[-327,559,560,561,562,563,564]],"type":"Polygon","properties":{"id":101,"color":"#455385","areaPx":5280}},{"arcs":[[-362,-547,565,566,-539,567]],"type":"Polygon","properties":{"id":102,"color":"#e91c24","areaPx":5228}},{"arcs":[[-216,568,-383,569,570,-459,-399]],"type":"Polygon","properties":{"id":103,"color":"#e9f607","areaPx":5197}},{"arcs":[[571,572,573,574,575,576,577,578,579,580,581]],"type":"Polygon","properties":{"id":104,"color":"#fec11b","areaPx":5009}},{"arcs":[[-243,582,-245,583]],"type":"Polygon","properties":{"id":105,"color":"#e91c24","areaPx":4967}},{"arcs":[[-329,584,-564,585,586,-485]],"type":"Polygon","properties":{"id":106,"color":"#800c1c","areaPx":4860}},{"arcs":[[587]],"type":"Polygon","properties":{"id":107,"color":"#455385","areaPx":4703}},{"arcs":[[-109,-559,-366,-218]],"type":"Polygon","properties":{"id":108,"color":"#8e4039","areaPx":4690}},{"arcs":[[-472,588,-566,-546,589,-462]],"type":"Polygon","properties":{"id":109,"color":"#a77fa5","areaPx":4649}},{"arcs":[[-363,-568,-538,-543,590]],"type":"Polygon","properties":{"id":110,"color":"#d46954","areaPx":4640}},{"arcs":[[-293,-310,591,-337]],"type":"Polygon","properties":{"id":111,"color":"#6de8f9","areaPx":4297}},{"arcs":[[-312,592,-579,593,594,-449,595,596,597,598]],"type":"Polygon","properties":{"id":112,"color":"#e91c24","areaPx":4271}},{"arcs":[[-158,-166,-236,-408,599]],"type":"Polygon","properties":{"id":113,"color":"#8e4039","areaPx":4089}},{"arcs":[[-104,600,-444,601]],"type":"Polygon","properties":{"id":114,"color":"#455385","areaPx":4014}},{"arcs":[[-349,602,603,-490,604,605,-478],[606]],"type":"Polygon","properties":{"id":115,"color":"#fec11b","areaPx":4009}},{"arcs":[[-224,-338,-592,-309,-436]],"type":"Polygon","properties":{"id":116,"color":"#3f203a","areaPx":3984}},{"arcs":[[-9,607],[608],[609]],"type":"Polygon","properties":{"id":117,"color":"#6de8f9","areaPx":3929}},{"arcs":[[-470,610,611]],"type":"Polygon","properties":{"id":118,"color":"#2a7841","areaPx":3883}},{"arcs":[[-320,-331]],"type":"Polygon","properties":{"id":119,"color":"#d46954","areaPx":3804}},{"arcs":[[612]],"type":"Polygon","properties":{"id":120,"color":"#800c1c","areaPx":3786}},{"arcs":[[613,-32,614]],"type":"Polygon","properties":{"id":121,"color":"#e91c24","areaPx":3708}},{"arcs":[[-278,615,-581,616]],"type":"Polygon","properties":{"id":122,"color":"#2a7841","areaPx":3700}},{"arcs":[[-388,617,618,-525,-528,-486,-587,619]],"type":"Polygon","properties":{"id":123,"color":"#9bfeb5","areaPx":3650}},{"arcs":[[-368,-558,620]],"type":"Polygon","properties":{"id":124,"color":"#455385","areaPx":3643}},{"arcs":[[-379,-460,-571,621,-381,622]],"type":"Polygon","properties":{"id":125,"color":"#800c1c","areaPx":3611}},{"arcs":[[-479,-606,623]],"type":"Polygon","properties":{"id":126,"color":"#e91c24","areaPx":3525}},{"arcs":[[-386,624,625,-510,626,627]],"type":"Polygon","properties":{"id":127,"color":"#e91c24","areaPx":3487}},{"arcs":[[-33,-614,628]],"type":"Polygon","properties":{"id":128,"color":"#a77fa5","areaPx":3397}},{"arcs":[[629]],"type":"Polygon","properties":{"id":129,"color":"#800c1c","areaPx":3319}},{"arcs":[[-26,-318,-522]],"type":"Polygon","properties":{"id":130,"color":"#fec11b","areaPx":3311}},{"arcs":[[-279,-617,-580,-593,-311]],"type":"Polygon","properties":{"id":131,"color":"#e9f607","areaPx":3296}},{"arcs":[[-471,-612,630,-540,-567,-589]],"type":"Polygon","properties":{"id":132,"color":"#8e4039","areaPx":3269}},{"arcs":[[-241,-290,631]],"type":"Polygon","properties":{"id":133,"color":"#fec11b","areaPx":3177}},{"arcs":[[-150,-226,-437,-351,-481,632]],"type":"Polygon","properties":{"id":134,"color":"#fec11b","areaPx":3158}},{"arcs":[[[-1,-12,633,-3,634,635],[638],[639]],[[-4,636,-6,637]]],"type":"MultiPolygon","properties":{"id":135,"color":"#6de8f9","areaPx":3150}},{"arcs":[[-371,-461,-391,640,-561,641]],"type":"Polygon","properties":{"id":136,"color":"#f9f4ce","areaPx":3061}},{"arcs":[[-369,-621,-557,-404,-458]],"type":"Polygon","properties":{"id":137,"color":"#e9f607","areaPx":3054}},{"arcs":[[-215,-420,642,-384,-569]],"type":"Polygon","properties":{"id":138,"color":"#3f203a","areaPx":3000}},{"arcs":[[643]],"type":"Polygon","properties":{"id":139,"color":"#800c1c","areaPx":2970}},{"arcs":[[644]],"type":"Polygon","properties":{"id":140,"color":"#800c1c","areaPx":2915}},{"arcs":[[-277,-537,645,-572,-582,-616]],"type":"Polygon","properties":{"id":141,"color":"#e91c24","areaPx":2894}},{"arcs":[[646]],"type":"Polygon","properties":{"id":142,"color":"#800c1c","areaPx":2838}},{"arcs":[[-387,-628,647,648,-618]],"type":"Polygon","properties":{"id":143,"color":"#8e4039","areaPx":2756}},{"arcs":[[-394,-424,649]],"type":"Polygon","properties":{"id":144,"color":"#e9f607","areaPx":2692}},{"arcs":[[-31,-171,-34,-629,-615]],"type":"Polygon","properties":{"id":145,"color":"#8e4039","areaPx":2675}},{"arcs":[[-105,-602,-443,-401]],"type":"Polygon","properties":{"id":146,"color":"#e9f607","areaPx":2670}},{"arcs":[[-267,-274,650]],"type":"Polygon","properties":{"id":147,"color":"#6de8f9","areaPx":2657}},{"arcs":[[-576,651,652,-594,-578,653]],"type":"Polygon","properties":{"id":148,"color":"#455385","areaPx":2632}},{"arcs":[[-468,654,-497,655]],"type":"Polygon","properties":{"id":149,"color":"#8e4039","areaPx":2632}},{"arcs":[[-229,-441,-295]],"type":"Polygon","properties":{"id":150,"color":"#2a7841","areaPx":2525}},{"arcs":[[-117,-456,656]],"type":"Polygon","properties":{"id":151,"color":"#d46954","areaPx":2523}},{"arcs":[[[-385,-643,-419,657,-625],[659,660],[661]],[[-418,658]]],"type":"MultiPolygon","properties":{"id":152,"color":"#6de8f9","areaPx":2511}},{"arcs":[[662]],"type":"Polygon","properties":{"id":153,"color":"#e82976","areaPx":2343}},{"arcs":[[-534,663,664,-573,-646,-536]],"type":"Polygon","properties":{"id":154,"color":"#e9f607","areaPx":2273}},{"arcs":[[-390,665,-562,-641]],"type":"Polygon","properties":{"id":155,"color":"#8e4039","areaPx":2272}},{"arcs":[[666]],"type":"Polygon","properties":{"id":156,"color":"#d46954","areaPx":2259}},{"arcs":[[-506,667,-574,-665,668]],"type":"Polygon","properties":{"id":157,"color":"#2a7841","areaPx":2252}},{"arcs":[[-114,-552,669,670]],"type":"Polygon","properties":{"id":158,"color":"#2a7841","areaPx":2234}},{"arcs":[[-313,-599,671,-670,-551]],"type":"Polygon","properties":{"id":159,"color":"#455385","areaPx":2158}},{"arcs":[[-81,-118,-657,-455,672,673]],"type":"Polygon","properties":{"id":160,"color":"#2a7841","areaPx":2156}},{"arcs":[[-247,674]],"type":"Polygon","properties":{"id":161,"color":"#e91c24","areaPx":2109}},{"arcs":[[-389,-620,-586,-563,-666]],"type":"Polygon","properties":{"id":162,"color":"#a77fa5","areaPx":1990}},{"arcs":[[-115,-671,-672,-598,675,-446]],"type":"Polygon","properties":{"id":163,"color":"#9bfeb5","areaPx":1967}},{"arcs":[[-206,-377]],"type":"Polygon","properties":{"id":164,"color":"#800c1c","areaPx":1939}},{"arcs":[[-380,-623]],"type":"Polygon","properties":{"id":165,"color":"#2a7841","areaPx":1937}},{"arcs":[[676]],"type":"Polygon","properties":{"id":166,"color":"#8e4039","areaPx":1877}},{"arcs":[[-450,-595,-653,677,-504]],"type":"Polygon","properties":{"id":167,"color":"#d46954","areaPx":1867}},{"arcs":[[-155,678]],"type":"Polygon","properties":{"id":168,"color":"#8e4039","areaPx":1858}},{"arcs":[[-448,679,-596]],"type":"Polygon","properties":{"id":169,"color":"#fec11b","areaPx":1835}},{"arcs":[[680]],"type":"Polygon","properties":{"id":170,"color":"#e82976","areaPx":1832}},{"arcs":[[-348,-493,-465,681,-603]],"type":"Polygon","properties":{"id":171,"color":"#3f203a","areaPx":1812}},{"arcs":[[682]],"type":"Polygon","properties":{"id":172,"color":"#455385","areaPx":1741}},{"arcs":[[-85,-502,683,-532]],"type":"Polygon","properties":{"id":173,"color":"#d46954","areaPx":1723}},{"arcs":[[-112,684,-299,-550]],"type":"Polygon","properties":{"id":174,"color":"#8e4039","areaPx":1602}},{"arcs":[[-382,-622,-570]],"type":"Polygon","properties":{"id":175,"color":"#2a7841","areaPx":1573}},{"arcs":[[-83,685,-452,-503]],"type":"Polygon","properties":{"id":176,"color":"#f2b2c6","areaPx":1559}},{"arcs":[[-239,-521,-303,-291]],"type":"Polygon","properties":{"id":177,"color":"#e9f607","areaPx":1492}},{"arcs":[[-526,-619,-649,686]],"type":"Polygon","properties":{"id":178,"color":"#fec11b","areaPx":1445}},{"arcs":[[-111,-231,-300,-685]],"type":"Polygon","properties":{"id":179,"color":"#2a7841","areaPx":1340}},{"arcs":[[-447,-676,-597,-680]],"type":"Polygon","properties":{"id":180,"color":"#f2b2c6","areaPx":1310}},{"arcs":[[-501,-507,-669,-664,-533,-684]],"type":"Polygon","properties":{"id":181,"color":"#8e4039","areaPx":1308}},{"arcs":[[-82,-674,-453,-686]],"type":"Polygon","properties":{"id":182,"color":"#3f203a","areaPx":1253}},{"arcs":[[-509,-527,-687,-648,-627]],"type":"Polygon","properties":{"id":183,"color":"#3f203a","areaPx":1253}},{"arcs":[[-326,-372,-642,-560]],"type":"Polygon","properties":{"id":184,"color":"#a77fa5","areaPx":1252}},{"arcs":[[-249,687,-421]],"type":"Polygon","properties":{"id":185,"color":"#3f203a","areaPx":1243}},{"arcs":[[-328,-565,-585]],"type":"Polygon","properties":{"id":186,"color":"#3f203a","areaPx":1172}},{"arcs":[[-575,-668,-505,-678,-652]],"type":"Polygon","properties":{"id":187,"color":"#8e4039","areaPx":1145}}]},"macroTerritories":{"type":"GeometryCollection","geometries":[{"type":"MultiPolygon","arcs":[[[266,267,268,76,77,78,79,80,81,82,83,84,85,86,269,270,271,-189,272,273],[88]]],"properties":{"id":"ncr","memberIds":[6,29],"polygonCount":1,"ringCounts":[2]}},{"type":"MultiPolygon","arcs":[[[-80,102,103,104,105,106,107,108,109,110,111,112,113,114,115,116,117]]],"properties":{"id":"legion","memberIds":[10],"polygonCount":1,"ringCounts":[1]}},{"type":"MultiPolygon","arcs":[[[222,223,435,-308,-352,436,225,-149,226,227,228,229,230,-110,217,218,219,220,318,319,320,321,322]],[[-350,477,478,479,480]]],"properties":{"id":"brotherhood","memberIds":[23,39,65,76],"polygonCount":2,"ringCounts":[1,1]}},{"type":"MultiPolygon","arcs":[[[-221,323,324,-372,-371,-370,-369,-368,-367,558,-108,-107,-405,-404,-403,-400,-399,-216,568,383,384,624,625,-510,-509,-508,-476,-475,-335,-322,-321,330,-319],[381,569,621]]],"properties":{"id":"texas","memberIds":[106,53,40,72,78,90,100,101,103,123,124,125,127,136,137,143,155,162,165,178,183,184,186],"polygonCount":1,"ringCounts":[2]}}]}}}